GRID_TYPE,GAME_ID,GAME_EVENT_ID,PLAYER_ID,PLAYER_NAME,TEAM_ID,TEAM_NAME,PERIOD,MINUTES_REMAINING,SECONDS_REMAINING,EVENT_TYPE,ACTION_TYPE,SHOT_TYPE,SHOT_ZONE_BASIC,SHOT_ZONE_AREA,SHOT_ZONE_RANGE,SHOT_DISTANCE,LOC_X,LOC_Y,SHOT_ATTEMPTED_FLAG,SHOT_MADE_FLAG,GAME_DATE,HTM,VTM,SEASON,SHOT_ID,time,SHOT_DATA_STATUS,ASSIST_ID,assisted,ASSIST_STATUS,PBP_SOURCE,OPP_TEAM_ID,PLAYERS_ON,LINEUP_STATUS,LINEUP_SOURCE,OPP_PLAYERS_ON,OPP_LINEUP_STATUS,OPP_LINEUP_SOURCE
Shot Chart Detail,1021900004,16,1627675,Courtney Williams,1611661323,Connecticut Sun,1,8,32,Missed Shot,Jump Shot,2PT Field Goal,Mid-Range,Right Side(R),8-16 ft.,14,143,38,1,0,20190525,CON,WAS,2019,102190000416,880,validated,,0,matched,playbyplayv2,1611661322,202662|203015|203826|1627673|1627675,complete,playbyplay_inferred,201506|201911|203416|204333|1628878,complete,playbyplay_inferred
Shot Chart Detail,1021900004,36,1627675,Courtney Williams,1611661323,Connecticut Sun,1,6,42,Missed Shot,Jump Shot,2PT Field Goal,Mid-Range,Left Side Center(LC),16-24 ft.,18,-125,137,1,0,20190525,CON,WAS,2019,102190000436,1980,validated,,0,matched,playbyplayv2,1611661322,202662|203015|203826|1627673|1627675,complete,playbyplay_inferred,201506|201911|203416|204333|1628878,complete,playbyplay_inferred
Shot Chart Detail,1021900004,47,1627675,Courtney Williams,1611661323,Connecticut Sun,1,5,46,Missed Shot,Jump Shot,2PT Field Goal,Mid-Range,Right Side(R),8-16 ft.,15,153,18,1,0,20190525,CON,WAS,2019,102190000447,2540,validated,,0,matched,playbyplayv2,1611661322,202662|203015|203826|1627673|1627675,complete,playbyplay_inferred,201506|201911|203416|204333|1628278,complete,playbyplay_inferred
Shot Chart Detail,1021900004,143,1627675,Courtney Williams,1611661323,Connecticut Sun,2,8,51,Missed Shot,Jump Shot,2PT Field Goal,Mid-Range,Right Side Center(RC),16-24 ft.,20,102,183,1,0,20190525,CON,WAS,2019,1021900004143,6690,validated,,0,matched,playbyplayv2,1611661322,203406|1627670|1627675|1627678|1628280,complete,playbyplay_inferred,203416|204333|1628278|1628878|1628899,complete,playbyplay_inferred
Shot Chart Detail,1021900004,159,1627675,Courtney Williams,1611661323,Connecticut Sun,2,7,20,Made Shot,Jump Shot,2PT Field Goal,Mid-Range,Left Side Center(LC),16-24 ft.,17,-86,151,1,1,20190525,CON,WAS,2019,1021900004159,7600,validated,,0,matched,playbyplayv2,1611661322,203406|203826|1627675|1627678|1628280,complete,playbyplay_inferred,203416|204333|1628278|1628878|1628899,complete,playbyplay_inferred
Shot Chart Detail,1021900004,163,1627675,Courtney Williams,1611661323,Connecticut Sun,2,6,42,Missed Shot,Jump Shot,2PT Field Goal,Mid-Range,Left Side Center(LC),16-24 ft.,18,-145,119,1,0,20190525,CON,WAS,2019,1021900004163,7980,validated,,0,matched,playbyplayv2,1611661322,203406|203826|1627675|1627678|1628280,complete,playbyplay_inferred,203416|204333|1628278|1628878|1628899,complete,playbyplay_inferred
Shot Chart Detail,1021900004,334,1627675,Courtney Williams,1611661323,Connecticut Sun,3,5,47,Missed Shot,Pullup Jump shot,2PT Field Goal,Mid-Range,Left Side Center(LC),16-24 ft.,16,-104,129,1,0,20190525,CON,WAS,2019,1021900004334,14530,validated,,0,matched,playbyplayv2,1611661322,202662|203015|203826|1627673|1627675,complete,playbyplay_inferred,201911|203416|1628278|1628878|1628899,complete,playbyplay_inferred
Shot Chart Detail,1021900004,354,1627675,Courtney Williams,1611661323,Connecticut Sun,3,4,44,Made Shot,Fadeaway Jump Shot,2PT Field Goal,Mid-Range,Right Side(R),8-16 ft.,9,86,43,1,1,20190525,CON,WAS,2019,1021900004354,15160,validated,,0,matched,playbyplayv2,1611661322,202662|203015|203826|1627673|1627675,complete,playbyplay_inferred,201911|203416|1628278|1628878|1628899,complete,playbyplay_inferred
Shot Chart Detail,1021900004,377,1627675,Courtney Williams,1611661323,Connecticut Sun,3,3,21,Made Shot,Pullup Jump shot,2PT Field Goal,In The Paint (Non-RA),Center(C),Less Than 8 ft.,7,15,75,1,1,20190525,CON,WAS,2019,1021900004377,15990,validated,,0,matched,playbyplayv2,1611661322,202662|203015|1627670|1627673|1627675,complete,playbyplay_inferred,203403|203416|204333|1628278|1628899,complete,playbyplay_inferred
Shot Chart Detail,1021900004,402,1627675,Courtney Williams,1611661323,Connecticut Sun,3,1,17,Missed Shot,Jump Shot,2PT Field Goal,Mid-Range,Right Side(R),8-16 ft.,15,123,91,1,0,20190525,CON,WAS,2019,1021900004402,17230,validated,,0,matched,playbyplayv2,1611661322,202662|203015|1627670|1627673|1627675,complete,playbyplay_inferred,203403|203416|204333|1628278|1628899,complete,playbyplay_inferred
Shot Chart Detail,1021900004,539,1627675,Courtney Williams,1611661323,Connecticut Sun,4,1,42,Missed Shot,Jump Shot,3PT Field Goal,Above the Break 3,Left Side Center(LC),24+ ft.,24,-191,156,1,0,20190525,CON,WAS,2019,1021900004539,22980,validated,,0,matched,playbyplayv2,1611661322,202662|203015|203826|1627673|1627675,complete,playbyplay_inferred,201506|203416|204333|1628878|1629470,complete,playbyplay_inferred
Shot Chart Detail,1021900007,30,1627675,Courtney Williams,1611661323,Connecticut Sun,1,7,40,Missed Shot,Turnaround Fadeaway shot,2PT Field Goal,Mid-Range,Left Side(L),8-16 ft.,15,-157,-7,1,0,20190528,CON,IND,2019,102190000730,1400,validated,,0,matched,playbyplayv2,1611661325,202662|203015|203826|1627673|1627675,complete,playbyplay_inferred,200676|203831|204335|204365|1628909,complete,playbyplay_inferred
Shot Chart Detail,1021900007,72,1627675,Courtney Williams,1611661323,Connecticut Sun,1,4,4,Missed Shot,Driving Floating Jump Shot,2PT Field Goal,In The Paint (Non-RA),Center(C),Less Than 8 ft.,7,13,76,1,0,20190528,CON,IND,2019,102190000772,3560,validated,,0,matched,playbyplayv2,1611661325,202662|203015|203826|1627673|1627675,complete,playbyplay_inferred,200676|204335|1627676|1628909|1629479,complete,playbyplay_inferred
Shot Chart Detail,1021900007,80,1627675,Courtney Williams,1611661323,Connecticut Sun,1,3,10,Missed Shot,Driving Layup Shot,2PT Field Goal,In The Paint (Non-RA),Center(C),Less Than 8 ft.,4,32,28,1,0,20190528,CON,IND,2019,102190000780,4100,validated,,0,matched,playbyplayv2,1611661325,202662|203015|203826|1627673|1627675,complete,playbyplay_inferred,200676|204335|1627676|1628909|1629479,complete,playbyplay_inferred
Shot Chart Detail,1021900007,190,1627675,Courtney Williams,1611661323,Connecticut Sun,2,5,53,Missed Shot,Pullup Jump shot,2PT Field Goal,Mid-Range,Right Side Center(RC),16-24 ft.,21,122,176,1,0,20190528,CON,IND,2019,1021900007190,8470,validated,,0,matched,playbyplayv2,1611661325,203406|203826|1627675|1627678|1628280,complete,playbyplay_inferred,200676|204335|204365|1627676|1628906,complete,playbyplay_inferred
Shot Chart Detail,1021900007,224,1627675,Courtney Williams,1611661323,Connecticut Sun,2,2,54,Made Shot,Driving Floating Jump Shot,2PT Field Goal,In The Paint (Non-RA),Center(C),8-16 ft.,8,8,86,1,1,20190528,CON,IND,2019,1021900007224,10260,validated,,0,matched,playbyplayv2,1611661325,203015|203406|203826|1627673|1627675,complete,playbyplay_inferred,200676|204335|204365|1627676|1628906,complete,playbyplay_inferred
Shot Chart Detail,1021900007,273,1627675,Courtney Williams,1611661323,Connecticut Sun,3,9,21,Made Shot,Driving Layup Shot,2PT Field Goal,Restricted Area,Center(C),Less Than 8 ft.,1,13,9,1,1,20190528,CON,IND,2019,1021900007273,12390,validated,,0,matched,playbyplayv2,1611661325,202662|203015|203826|1627673|1627675,complete,playbyplay_inferred,200676|203831|204335|204365|1628909,complete,playbyplay_inferred
Shot Chart Detail,1021900007,284,1627675,Courtney Williams,1611661323,Connecticut Sun,3,8,10,Made Shot,Pullup Jump shot,2PT Field Goal,Mid-Range,Right Side Center(RC),16-24 ft.,18,78,173,1,1,20190528,CON,IND,2019,1021900007284,13100,validated,,0,matched,playbyplayv2,1611661325,202662|203015|203826|1627673|1627675,complete,playbyplay_inferred,200676|203831|204335|204365|1628909,complete,playbyplay_inferred
Shot Chart Detail,1021900007,470,1627675,Courtney Williams,1611661323,Connecticut Sun,4,5,52,Made Shot,Jump Shot,2PT Field Goal,Mid-Range,Right Side Center(RC),16-24 ft.,17,97,150,1,1,20190528,CON,IND,2019,1021900007470,20480,validated,,0,matched,playbyplayv2,1611661325,203406|1627670|1627673|1627675|1627678,complete,playbyplay_inferred,200676|204335|204365|1627676|1628906,complete,playbyplay_inferred
Shot Chart Detail,1021900007,477,1627675,Courtney Williams,1611661323,Connecticut Sun,4,4,51,Made Shot,Pullup Jump shot,2PT Field Goal,Mid-Range,Right Side Center(RC),16-24 ft.,16,81,146,1,1,20190528,CON,IND,2019,1021900007477,21090,validated,,0,matched,playbyplayv2,1611661325,203406|203826|1627673|1627675|1627678,complete,playbyplay_inferred,200676|204335|204365|1627676|1628906,complete,playbyplay_inferred
Shot Chart Detail,1021900007,486,1627675,Courtney Williams,1611661323,Connecticut Sun,4,3,31,Made Shot,Turnaround Jump Shot,2PT Field Goal,In The Paint (Non-RA),Center(C),Less Than 8 ft.,7,-74,11,1,1,20190528,CON,IND,2019,1021900007486,21890,validated,,0,matched,playbyplayv2,1611661325,203406|203826|1627673|1627675|1627678,complete,playbyplay_inferred,200676|204335|204365|1627676|1628906,complete,playbyplay_inferred
Shot Chart Detail,1021900007,490,1627675,Courtney Williams,1611661323,Connecticut Sun,4,3,1,Missed Shot,Pullup Jump shot,2PT Field Goal,Mid-Range,Left Side(L),8-16 ft.,10,-86,65,1,0,20190528,CON,IND,2019,1021900007490,22190,validated,,0,matched,playbyplayv2,1611661325,203406|203826|1627673|1627675|1627678,complete,playbyplay_inferred,200676|204335|204365|1627676|1628906,complete,playbyplay_inferred
Shot Chart Detail,1021900007,514,1627675,Courtney Williams,1611661323,Connecticut Sun,4,1,41,Missed Shot,Driving Floating Jump Shot,2PT Field Goal,In The Paint (Non-RA),Center(C),Less Than 8 ft.,5,36,43,1,0,20190528,CON,IND,2019,1021900007514,22990,validated,,0,matched,playbyplayv2,1611661325,202662|203015|203826|1627673|1627675,complete,playbyplay_inferred,200676|203831|204365|1627676|1628909,complete,playbyplay_inferred
Shot Chart Detail,1021900011,202,1627675,Courtney Williams,1611661323,Connecticut Sun,2,7,19,Missed Shot,Pullup Jump shot,2PT Field Goal,In The Paint (Non-RA),Center(C),8-16 ft.,15,64,138,1,0,20190531,LAS,CON,2019,1021900011202,7610,validated,,0,matched,playbyplayv2,1611661320,202662|1627673|1627675|1627678|1628280,complete,playbyplay_inferred,203014|203029|203833|1628283|1629480,complete,playbyplay_inferred
Shot Chart Detail,1021900011,241,1627675,Courtney Williams,1611661323,Connecticut Sun,2,4,40,Missed Shot,Jump Shot,2PT Field Goal,Mid-Range,Left Side(L),16-24 ft.,19,-165,108,1,0,20190531,LAS,CON,2019,1021900011241,9200,validated,,0,matched,playbyplayv2,1611661320,202662|203406|1627673|1627675|1628280,complete,playbyplay_inferred,203014|203437|203823|203833|1628282,complete,playbyplay_inferred
Shot Chart Detail,1021900011,278,1627675,Courtney Williams,1611661323,Connecticut Sun,2,1,47,Made Shot,Driving Reverse Layup Shot,2PT Field Goal,Restricted Area,Center(C),Less Than 8 ft.,1,-13,8,1,1,20190531,LAS,CON,2019,1021900011278,10930,validated,,0,matched,playbyplayv2,1611661320,202662|203015|1627673|1627675|1628280,complete,playbyplay_inferred,203014|203437|203823|203833|1628282,complete,playbyplay_inferred
Shot Chart Detail,1021900011,322,1627675,Courtney Williams,1611661323,Connecticut Sun,3,9,31,Made Shot,Jump Shot,3PT Field Goal,Above the Break 3,Left Side Center(LC),24+ ft.,25,-172,184,1,1,20190531,LAS,CON,2019,1021900011322,12290,validated,203826,1,matched,playbyplayv2,1611661320,202662|203015|203826|1627673|1627675,complete,playbyplay_inferred,203014|203823|203833|1628282|1628283,complete,playbyplay_inferred
Shot Chart Detail,1021900011,335,1627675,Courtney Williams,1611661323,Connecticut Sun,3,7,49,Made Shot,Running Pull-Up Jump Shot,2PT Field Goal,In The Paint (Non-RA),Center(C),8-16 ft.,15,-64,136,1,1,20190531,LAS,CON,2019,1021900011335,13310,validated,,0,matched,playbyplayv2,1611661320,202662|203015|203826|1627673|1627675,complete,playbyplay_inferred,203014|203823|203833|1628282|1628283,complete,playbyplay_inferred
Shot Chart Detail,1021900011,340,1627675,Courtney Williams,1611661323,Connecticut Sun,3,7,21,Missed Shot,Pullup Jump shot,2PT Field Goal,Mid-Range,Center(C),8-16 ft.,14,47,140,1,0,20190531,LAS,CON,2019,1021900011340,13590,validated,,0,matched,playbyplayv2,1611661320,202662|203015|203826|1627673|1627675,complete,playbyplay_inferred,203014|203823|203833|1628282|1628283,complete,playbyplay_inferred
Shot Chart Detail,1021900011,365,1627675,Courtney Williams,1611661323,Connecticut Sun,3,5,23,Missed Shot,Jump Shot,2PT Field Goal,In The Paint (Non-RA),Center(C),8-16 ft.,11,48,101,1,0,20190531,LAS,CON,2019,1021900011365,14770,validated,,0,matched,playbyplayv2,1611661320,202662|203015|203826|1627673|1627675,complete,playbyplay_inferred,203014|203823|203833|1628282|1628283,complete,playbyplay_inferred
Shot Chart Detail,1021900011,396,1627675,Courtney Williams,1611661323,Connecticut Sun,3,3,36,Missed Shot,Jump Shot,2PT Field Goal,Mid-Range,Right Side(R),8-16 ft.,10,95,54,1,0,20190531,LAS,CON,2019,1021900011396,15840,validated,,0,matched,playbyplayv2,1611661320,202662|203826|1627673|1627675|1628280,complete,playbyplay_inferred,203014|203029|203833|1628282|1629480,complete,playbyplay_inferred
Shot Chart Detail,1021900011,496,1627675,Courtney Williams,1611661323,Connecticut Sun,4,6,41,Made Shot,Driving Layup Shot,2PT Field Goal,Restricted Area,Center(C),Less Than 8 ft.,1,4,16,1,1,20190531,LAS,CON,2019,1021900011496,19990,validated,,0,matched,playbyplayv2,1611661320,203406|203826|1627670|1627673|1627675,complete,playbyplay_inferred,203014|203029|203437|203823|203833,complete,playbyplay_inferred
Shot Chart Detail,1021900011,551,1627675,Courtney Williams,1611661323,Connecticut Sun,4,3,34,Missed Shot,Pullup Jump shot,2PT Field Goal,Mid-Range,Right Side(R),8-16 ft.,12,119,36,1,0,20190531,LAS,CON,2019,1021900011551,21860,validated,,0,matched,playbyplayv2,1611661320,202662|203406|203826|1627673|1627675,complete,playbyplay_inferred,203014|203437|203823|203833|1628282,complete,playbyplay_inferred
Shot Chart Detail,1021900011,565,1627675,Courtney Williams,1611661323,Connecticut Sun,4,2,41,Missed Shot,Running Layup Shot,2PT Field Goal,Restricted Area,Center(C),Less Than 8 ft.,2,-22,15,1,0,20190531,LAS,CON,2019,1021900011565,22390,validated,,0,matched,playbyplayv2,1611661320,202662|203406|203826|1627673|1627675,complete,playbyplay_inferred,203014|203437|203823|203833|1628282,complete,playbyplay_inferred
Shot Chart Detail,1021900011,569,1627675,Courtney Williams,1611661323,Connecticut Sun,4,2,11,Missed Shot,Jump Shot,3PT Field Goal,Above the Break 3,Left Side Center(LC),24+ ft.,24,-110,220,1,0,20190531,LAS,CON,2019,1021900011569,22690,validated,,0,matched,playbyplayv2,1611661320,202662|203406|203826|1627673|1627675,complete,playbyplay_inferred,203014|203437|203823|203833|1628282,complete,playbyplay_inferred
Shot Chart Detail,1021900011,607,1627675,Courtney Williams,1611661323,Connecticut Sun,4,0,13,Made Shot,Driving Reverse Layup Shot,2PT Field Goal,Restricted Area,Center(C),Less Than 8 ft.,1,0,18,1,1,20190531,LAS,CON,2019,1021900011607,23870,validated,,0,matched,playbyplayv2,1611661320,202662|203015|203826|1627673|1627675,complete,playbyplay_inferred,203014|203437|203823|203833|1628282,complete,playbyplay_inferred
Shot Chart Detail,1021900016,18,1627675,Courtney Williams,1611661323,Connecticut Sun,1,8,47,Made Shot,Floating Jump shot,2PT Field Goal,Mid-Range,Left Side(L),8-16 ft.,11,-112,-9,1,1,20190602,LVA,CON,2019,102190001618,730,validated,202662,1,matched,playbyplayv2,1611661319,202662|203015|203826|1627673|1627675,complete,playbyplay_inferred,202670|203825|1628276|1628932|1629498,complete,playbyplay_inferred
Shot Chart Detail,1021900016,22,1627675,Courtney Williams,1611661323,Connecticut Sun,1,8,23,Missed Shot,Pullup Jump shot,2PT Field Goal,Mid-Range,Right Side(R),8-16 ft.,12,120,36,1,0,20190602,LVA,CON,2019,102190001622,970,validated,,0,matched,playbyplayv2,1611661319,202662|203015|203826|1627673|1627675,complete,playbyplay_inferred,202670|203825|1628276|1628932|1629498,complete,playbyplay_inferred
Shot Chart Detail,1021900016,46,1627675,Courtney Williams,1611661323,Connecticut Sun,1,6,39,Missed Shot,Pullup Jump shot,2PT Field Goal,Mid-Range,Left Side(L),8-16 ft.,13,-136,12,1,0,20190602,LVA,CON,2019,102190001646,2010,validated,,0,matched,playbyplayv2,1611661319,202662|203015|203826|1627673|1627675,complete,playbyplay_inferred,202670|203825|1628276|1628932|1629498,complete,playbyplay_inferred
Shot Chart Detail,1021900016,55,1627675,Courtney Williams,1611661323,Connecticut Sun,1,5,49,Made Shot,Pullup Jump shot,2PT Field Goal,In The Paint (Non-RA),Center(C),8-16 ft.,13,-56,122,1,1,20190602,LVA,CON,2019,102190001655,2510,validated,,0,matched,playbyplayv2,1611661319,202662|203015|203826|1627673|1627675,complete,playbyplay_inferred,202670|203825|1628276|1628932|1629498,complete,playbyplay_inferred
Shot Chart Detail,1021900016,144,1627675,Courtney Williams,1611661323,Connecticut Sun,1,0,49,Made Shot,Pullup Jump shot,2PT Field Goal,Mid-Range,Right Side(R),8-16 ft.,13,124,50,1,1,20190602,LVA,CON,2019,1021900016144,5510,validated,203406,1,matched,playbyplayv2,1611661319,203406|1627670|1627673|1627675|1627678,complete,playbyplay_inferred,201477|202633|202641|203411|204324,complete,playbyplay_inferred
Shot Chart Detail,1021900016,171,1627675,Courtney Williams,1611661323,Connecticut Sun,2,9,2,Missed Shot,Pullup Jump shot,2PT Field Goal,Mid-Range,Right Side(R),8-16 ft.,13,110,83,1,0,20190602,LVA,CON,2019,1021900016171,6580,validated,,0,matched,playbyplayv2,1611661319,203406|1627670|1627675|1627678|1628280,complete,playbyplay_inferred,201477|202633|202641|203411|204324,complete,playbyplay_inferred
Shot Chart Detail,1021900016,237,1627675,Courtney Williams,1611661323,Connecticut Sun,2,5,48,Made Shot,Floating Jump shot,2PT Field Goal,In The Paint (Non-RA),Center(C),Less Than 8 ft.,6,-9,62,1,1,20190602,LVA,CON,2019,1021900016237,8520,validated,,0,matched,playbyplayv2,1611661319,203406|203826|1627675|1627678|1629485,complete,playbyplay_inferred,203825|1628276|1628917|1628932|1629498,complete,playbyplay_inferred
Shot Chart Detail,1021900016,275,1627675,Courtney Williams,1611661323,Connecticut Sun,2,2,10,Made Shot,Jump Shot,3PT Field Goal,Above the Break 3,Left Side(L),24+ ft.,23,-226,68,1,1,20190602,LVA,CON,2019,1021900016275,10700,validated,203826,1,matched,playbyplayv2,1611661319,202662|203015|203826|1627673|1627675,complete,playbyplay_inferred,202670|203825|1628276|1628932|1629498,complete,playbyplay_inferred
Shot Chart Detail,1021900016,360,1627675,Courtney Williams,1611661323,Connecticut Sun,3,6,42,Made Shot,Pullup Jump shot,2PT Field Goal,Mid-Range,Center(C),16-24 ft.,20,56,199,1,1,20190602,LVA,CON,2019,1021900016360,13980,validated,,0,matched,playbyplayv2,1611661319,202662|203015|203826|1627673|1627675,complete,playbyplay_inferred,201477|203825|1628276|1628917|1628932,complete,playbyplay_inferred
Shot Chart Detail,1021900016,399,1627675,Courtney Williams,1611661323,Connecticut Sun,3,3,26,Missed Shot,Jump Shot,2PT Field Goal,Mid-Range,Left Side(L),8-16 ft.,14,-147,20,1,0,20190602,LVA,CON,2019,1021900016399,15940,validated,,0,matched,playbyplayv2,1611661319,202662|203015|203826|1627675|1628280,complete,playbyplay_inferred,201477|202633|202641|203825|1628932,complete,playbyplay_inferred
Shot Chart Detail,1021900016,451,1627675,Courtney Williams,1611661323,Connecticut Sun,3,0,27,Made Shot,Jump Shot,2PT Field Goal,Mid-Range,Right Side Center(RC),16-24 ft.,18,70,174,1,1,20190602,LVA,CON,2019,1021900016451,17730,validated,1627671,1,matched,playbyplayv2,1611661319,203406|1627670|1627671|1627675|1628280,complete,playbyplay_inferred,201477|202633|202641|203411|204324,complete,playbyplay_inferred
Shot Chart Detail,1021900016,510,1627675,Courtney Williams,1611661323,Connecticut Sun,4,6,14,Missed Shot,Jump Shot,3PT Field Goal,Above the Break 3,Right Side(R),24+ ft.,22,221,59,1,0,20190602,LVA,CON,2019,1021900016510,20260,validated,,0,matched,playbyplayv2,1611661319,202662|203826|1627671|1627673|1627675,complete,playbyplay_inferred,201477|202641|203411|204324|1628932,complete,playbyplay_inferred
Shot Chart Detail,1021900016,528,1627675,Courtney Williams,1611661323,Connecticut Sun,4,5,45,Missed Shot,Driving Layup Shot,2PT Field Goal,In The Paint (Non-RA),Center(C),Less Than 8 ft.,4,-44,16,1,0,20190602,LVA,CON,2019,1021900016528,20550,validated,,0,matched,playbyplayv2,1611661319,202662|203015|203826|1627673|1627675,complete,playbyplay_inferred,201477|202641|203825|204324|1628932,complete,playbyplay_inferred
Shot Chart Detail,1021900016,536,1627675,Courtney Williams,1611661323,Connecticut Sun,4,4,38,Missed Shot,Jump Shot,3PT Field Goal,Above the Break 3,Right Side Center(RC),24+ ft.,25,81,238,1,0,20190602,LVA,CON,2019,1021900016536,21220,validated,,0,matched,playbyplayv2,1611661319,202662|203015|203826|1627673|1627675,complete,playbyplay_inferred,201477|202641|203825|204324|1628932,complete,playbyplay_inferred
Shot Chart Detail,1021900021,27,1627675,Courtney Williams,1611661323,Connecticut Sun,1,6,56,Made Shot,Fadeaway Jump Shot,2PT Field Goal,Mid-Range,Right Side(R),8-16 ft.,15,130,90,1,1,20190606,CON,LAS,2019,102190002127,1840,validated,,0,matched,playbyplayv2,1611661320,202662|203015|203826|1627673|1627675,complete,playbyplay_inferred,,missing_rotation,
Shot Chart Detail,1021900021,40,1627675,Courtney Williams,1611661323,Connecticut Sun,1,5,30,Made Shot,Pullup Jump shot,2PT Field Goal,Mid-Range,Center(C),16-24 ft.,16,28,164,1,1,20190606,CON,LAS,2019,102190002140,2700,validated,1627673,1,matched,playbyplayv2,1611661320,202662|203015|203826|1627673|1627675,complete,playbyplay_inferred,,missing_rotation,
Shot Chart Detail,1021900021,106,1627675,Courtney Williams,1611661323,Connecticut Sun,1,1,11,Made Shot,Driving Layup Shot,2PT Field Goal,In The Paint (Non-RA),Center(C),Less Than 8 ft.,5,2,50,1,1,20190606,CON,LAS,2019,1021900021106,5290,validated,203406,1,matched,playbyplayv2,1611661320,203406|203826|1627671|1627673|1627675,complete,playbyplay_inferred,,missing_rotation,
Shot Chart Detail,1021900021,110,1627675,Courtney Williams,1611661323,Connecticut Sun,1,0,39,Made Shot,Driving Floating Jump Shot,2PT Field Goal,In The Paint (Non-RA),Center(C),Less Than 8 ft.,7,-79,4,1,1,20190606,CON,LAS,2019,1021900021110,5610,validated,203826,1,matched,playbyplayv2,1611661320,203406|203826|1627671|1627673|1627675,complete,playbyplay_inferred,,missing_rotation,
Shot Chart Detail,1021900021,125,1627675,Courtney Williams,1611661323,Connecticut Sun,2,9,18,Missed Shot,Pullup Jump shot,2PT Field Goal,Mid-Range,Center(C),8-16 ft.,14,-20,147,1,0,20190606,CON,LAS,2019,1021900021125,6420,validated,,0,matched,playbyplayv2,1611661320,203406|1627670|1627671|1627673|1627675,complete,playbyplay_inferred,201914|1628282|1628283|1629480|1629497,complete,playbyplay_inferred
Shot Chart Detail,1021900021,131,1627675,Courtney Williams,1611661323,Connecticut Sun,2,8,51,Made Shot,Driving Layup Shot,2PT Field Goal,Restricted Area,Center(C),Less Than 8 ft.,2,28,9,1,1,20190606,CON,LAS,2019,1021900021131,6690,validated,,0,matched,playbyplayv2,1611661320,203406|1627670|1627671|1627673|1627675,complete,playbyplay_inferred,201914|1628282|1628283|1629480|1629497,complete,playbyplay_inferred
Shot Chart Detail,1021900021,208,1627675,Courtney Williams,1611661323,Connecticut Sun,2,4,24,Made Shot,Running Layup Shot,2PT Field Goal,In The Paint (Non-RA),Center(C),Less Than 8 ft.,4,-42,1,1,1,20190606,CON,LAS,2019,1021900021208,9360,validated,202662,1,matched,playbyplayv2,1611661320,202662|203826|1627673|1627675|1627678,complete,playbyplay_inferred,203014|203823|203833|1628282|1629497,complete,playbyplay_inferred
Shot Chart Detail,1021900021,224,1627675,Courtney Williams,1611661323,Connecticut Sun,2,3,16,Missed Shot,Driving Layup Shot,2PT Field Goal,In The Paint (Non-RA),Center(C),Less Than 8 ft.,4,49,6,1,0,20190606,CON,LAS,2019,1021900021224,10040,validated,,0,matched,playbyplayv2,1611661320,202662|203015|203826|1627673|1627675,complete,playbyplay_inferred,203014|203437|203823|203833|1628282,complete,playbyplay_inferred
Shot Chart Detail,1021900021,299,1627675,Courtney Williams,1611661323,Connecticut Sun,3,7,45,Missed Shot,Jump Shot,2PT Field Goal,In The Paint (Non-RA),Right Side(R),8-16 ft.,13,74,117,1,0,20190606,CON,LAS,2019,1021900021299,13350,validated,,0,matched,playbyplayv2,1611661320,202662|203015|203826|1627673|1627675,complete,playbyplay_inferred,203014|203437|203823|203833|1628282,complete,playbyplay_inferred
Shot Chart Detail,1021900021,320,1627675,Courtney Williams,1611661323,Connecticut Sun,3,6,31,Missed Shot,Jump Shot,2PT Field Goal,Mid-Range,Center(C),16-24 ft.,16,1,162,1,0,20190606,CON,LAS,2019,1021900021320,14090,validated,,0,matched,playbyplayv2,1611661320,202662|203015|203826|1627673|1627675,complete,playbyplay_inferred,203014|203823|203833|1628282|1629497,complete,playbyplay_inferred
Shot Chart Detail,1021900021,358,1627675,Courtney Williams,1611661323,Connecticut Sun,3,3,28,Missed Shot,Cutting Layup Shot,2PT Field Goal,In The Paint (Non-RA),Center(C),Less Than 8 ft.,6,-48,36,1,0,20190606,CON,LAS,2019,1021900021358,15920,validated,,0,matched,playbyplayv2,1611661320,202662|203406|203826|1627673|1627675,complete,playbyplay_inferred,203014|203823|203833|1628282|1629497,complete,playbyplay_inferred
Shot Chart Detail,1021900021,381,1627675,Courtney Williams,1611661323,Connecticut Sun,3,2,1,Missed Shot,Layup Shot,2PT Field Goal,In The Paint (Non-RA),Center(C),Less Than 8 ft.,5,40,44,1,0,20190606,CON,LAS,2019,1021900021381,16790,validated,,0,matched,playbyplayv2,1611661320,202662|203406|1627670|1627675|1628280,complete,playbyplay_inferred,203014|203823|203833|1628283|1629497,complete,playbyplay_inferred
Shot Chart Detail,1021900021,394,1627675,Courtney Williams,1611661323,Connecticut Sun,3,1,30,Missed Shot,Jump Shot,2PT Field Goal,Mid-Range,Center(C),8-16 ft.,14,-2,146,1,0,20190606,CON,LAS,2019,1021900021394,17100,validated,,0,matched,playbyplayv2,1611661320,202662|203406|1627670|1627675|1628280,complete,playbyplay_inferred,203823|203833|1628283|1629480|1629497,complete,playbyplay_inferred
Shot Chart Detail,1021900021,407,1627675,Courtney Williams,1611661323,Connecticut Sun,3,0,29,Missed Shot,Jump Shot,2PT Field Goal,Mid-Range,Right Side Center(RC),16-24 ft.,16,135,102,1,0,20190606,CON,LAS,2019,1021900021407,17710,validated,,0,matched,playbyplayv2,1611661320,203406|1627670|1627671|1627675|1628280,complete,playbyplay_inferred,201914|203833|1628283|1629480|1629497,complete,playbyplay_inferred
Shot Chart Detail,1021900021,496,1627675,Courtney Williams,1611661323,Connecticut Sun,4,4,52,Missed Shot,Pullup Jump shot,2PT Field Goal,Mid-Range,Right Side Center(RC),16-24 ft.,17,67,160,1,0,20190606,CON,LAS,2019,1021900021496,21080,validated,,0,matched,playbyplayv2,1611661320,202662|203015|203826|1627673|1627675,complete,playbyplay_inferred,203014|203823|203833|1628283|1629497,complete,playbyplay_inferred
Shot Chart Detail,1021900021,506,1627675,Courtney Williams,1611661323,Connecticut Sun,4,4,14,Made Shot,Pullup Jump shot,2PT Field Goal,Mid-Range,Right Side(R),8-16 ft.,12,101,70,1,1,20190606,CON,LAS,2019,1021900021506,21460,validated,,0,matched,playbyplayv2,1611661320,202662|203015|203826|1627673|1627675,complete,playbyplay_inferred,203014|203823|203833|1628283|1629497,complete,playbyplay_inferred
Shot Chart Detail,1021900026,15,1627675,Courtney Williams,1611661323,Connecticut Sun,1,9,0,Made Shot,Running Layup Shot,2PT Field Goal,Restricted Area,Center(C),Less Than 8 ft.,0,4,-1,1,1,20190609,ATL,CON,2019,102190002615,600,validated,203826,1,matched,playbyplayv2,1611661330,202662|203015|203826|1627673|1627675,complete,playbyplay_inferred,201904|202638|203026|204322|1628269,complete,playbyplay_inferred
Shot Chart Detail,1021900026,37,1627675,Courtney Williams,1611661323,Connecticut Sun,1,6,6,Missed Shot,Pullup Jump shot,2PT Field Goal,Mid-Range,Right Side Center(RC),16-24 ft.,19,81,181,1,0,20190609,ATL,CON,2019,102190002637,2340,validated,,0,matched,playbyplayv2,1611661330,202662|203015|203826|1627673|1627675,complete,playbyplay_inferred,201904|202638|203026|204322|1628269,complete,playbyplay_inferred
Shot Chart Detail,1021900026,164,1627675,Courtney Williams,1611661323,Connecticut Sun,2,8,19,Missed Shot,Running Pull-Up Jump Shot,2PT Field Goal,Mid-Range,Right Side Center(RC),16-24 ft.,20,91,182,1,0,20190609,ATL,CON,2019,1021900026164,7010,validated,,0,matched,playbyplayv2,1611661330,203015|203406|203826|1627673|1627675,complete,playbyplay_inferred,203026|203410|1628279|1628881|1628895,complete,playbyplay_inferred
Shot Chart Detail,1021900026,208,1627675,Courtney Williams,1611661323,Connecticut Sun,2,5,46,Made Shot,Driving Reverse Layup Shot,2PT Field Goal,Restricted Area,Center(C),Less Than 8 ft.,0,-2,-9,1,1,20190609,ATL,CON,2019,1021900026208,8540,validated,,0,matched,playbyplayv2,1611661330,202662|203015|203826|1627673|1627675,complete,playbyplay_inferred,203410|204322|1628269|1628279|1628881,complete,playbyplay_inferred
Shot Chart Detail,1021900026,273,1627675,Courtney Williams,1611661323,Connecticut Sun,2,1,4,Missed Shot,Driving Floating Jump Shot,2PT Field Goal,In The Paint (Non-RA),Center(C),Less Than 8 ft.,7,74,20,1,0,20190609,ATL,CON,2019,1021900026273,11360,validated,,0,matched,playbyplayv2,1611661330,202662|203015|203826|1627673|1627675,complete,playbyplay_inferred,201904|202638|203026|204322|1628279,complete,playbyplay_inferred
Shot Chart Detail,1021900026,284,1627675,Courtney Williams,1611661323,Connecticut Sun,2,0,21,Made Shot,Running Pull-Up Jump Shot,2PT Field Goal,Mid-Range,Right Side(R),8-16 ft.,14,90,119,1,1,20190609,ATL,CON,2019,1021900026284,11790,validated,,0,matched,playbyplayv2,1611661330,202662|203015|203826|1627673|1627675,complete,playbyplay_inferred,201904|202638|203026|204322|1628279,complete,playbyplay_inferred
Shot Chart Detail,1021900026,309,1627675,Courtney Williams,1611661323,Connecticut Sun,3,9,12,Missed Shot,Jump Shot,2PT Field Goal,Mid-Range,Left Side(L),16-24 ft.,17,-178,17,1,0,20190609,ATL,CON,2019,1021900026309,12480,validated,,0,matched,playbyplayv2,1611661330,202662|203015|203826|1627673|1627675,complete,playbyplay_inferred,201904|202638|203026|204322|1628269,complete,playbyplay_inferred
Shot Chart Detail,1021900026,316,1627675,Courtney Williams,1611661323,Connecticut Sun,3,8,37,Made Shot,Pullup Jump shot,2PT Field Goal,Mid-Range,Center(C),16-24 ft.,18,-40,179,1,1,20190609,ATL,CON,2019,1021900026316,12830,validated,1627673,1,matched,playbyplayv2,1611661330,202662|203015|203826|1627673|1627675,complete,playbyplay_inferred,201904|202638|203026|204322|1628269,complete,playbyplay_inferred
Shot Chart Detail,1021900026,335,1627675,Courtney Williams,1611661323,Connecticut Sun,3,7,0,Made Shot,Jump Shot,3PT Field Goal,Above the Break 3,Left Side Center(LC),24+ ft.,24,-170,178,1,1,20190609,ATL,CON,2019,1021900026335,13800,validated,202662,1,matched,playbyplayv2,1611661330,202662|203015|203826|1627673|1627675,complete,playbyplay_inferred,201904|202638|203026|204322|1628269,complete,playbyplay_inferred
Shot Chart Detail,1021900026,353,1627675,Courtney Williams,1611661323,Connecticut Sun,3,5,58,Missed Shot,Pullup Jump shot,2PT Field Goal,Mid-Range,Left Side Center(LC),16-24 ft.,17,-143,105,1,0,20190609,ATL,CON,2019,1021900026353,14420,validated,,0,matched,playbyplayv2,1611661330,202662|203826|1627673|1627675|1629524,complete,playbyplay_inferred,201904|202638|203026|204322|1628279,complete,playbyplay_inferred
Shot Chart Detail,1021900026,412,1627675,Courtney Williams,1611661323,Connecticut Sun,3,1,1,Missed Shot,Pullup Jump shot,3PT Field Goal,Above the Break 3,Right Side Center(RC),24+ ft.,24,76,228,1,0,20190609,ATL,CON,2019,1021900026412,17390,validated,,0,matched,playbyplayv2,1611661330,203406|203826|1627673|1627675|1627678,complete,playbyplay_inferred,203026|203410|204322|1628279|1628881,complete,playbyplay_inferred
Shot Chart Detail,1021900026,521,1627675,Courtney Williams,1611661323,Connecticut Sun,4,4,29,Missed Shot,Pullup Jump shot,2PT Field Goal,Mid-Range,Right Side Center(RC),16-24 ft.,16,122,104,1,0,20190609,ATL,CON,2019,1021900026521,21310,validated,,0,matched,playbyplayv2,1611661330,202662|203015|203826|1627673|1627675,complete,playbyplay_inferred,201904|203410|1628279|1628881|1628895,complete,playbyplay_inferred
Shot Chart Detail,1021900026,529,1627675,Courtney Williams,1611661323,Connecticut Sun,4,4,15,Missed Shot,Pullup Jump shot,2PT Field Goal,Mid-Range,Right Side(R),8-16 ft.,13,136,-3,1,0,20190609,ATL,CON,2019,1021900026529,21450,validated,,0,matched,playbyplayv2,1611661330,202662|203015|203826|1627673|1627675,complete,playbyplay_inferred,201904|203026|204322|1628279|1628881,complete,playbyplay_inferred
Shot Chart Detail,1021900026,574,1627675,Courtney Williams,1611661323,Connecticut Sun,4,0,34,Made Shot,Jump Shot,2PT Field Goal,Mid-Range,Right Side(R),16-24 ft.,16,156,61,1,1,20190609,ATL,CON,2019,1021900026574,23660,validated,,0,matched,playbyplayv2,1611661330,202662|203015|203826|1627673|1627675,complete,playbyplay_inferred,203026|203410|204322|1628279|1628881,complete,playbyplay_inferred
Shot Chart Detail,1021900031,7,1627675,Courtney Williams,1611661323,Connecticut Sun,1,9,54,Missed Shot,Pullup Jump shot,2PT Field Goal,Mid-Range,Center(C),16-24 ft.,20,4,206,1,0,20190611,CON,WAS,2019,10219000317,60,validated,,0,matched,playbyplayv2,1611661322,202662|203015|203826|1627673|1627675,complete,playbyplay_inferred,201506|201911|203399|204333|1628878,complete,playbyplay_inferred
Shot Chart Detail,1021900031,29,1627675,Courtney Williams,1611661323,Connecticut Sun,1,7,6,Missed Shot,Jump Shot,2PT Field Goal,Mid-Range,Left Side(L),8-16 ft.,13,-136,10,1,0,20190611,CON,WAS,2019,102190003129,1740,validated,,0,matched,playbyplayv2,1611661322,202662|203015|203826|1627673|1627675,complete,playbyplay_inferred,201506|201911|203399|204333|1628878,complete,playbyplay_inferred
Shot Chart Detail,1021900031,43,1627675,Courtney Williams,1611661323,Connecticut Sun,1,5,27,Missed Shot,Layup Shot,2PT Field Goal,Restricted Area,Center(C),Less Than 8 ft.,2,-26,6,1,0,20190611,CON,WAS,2019,102190003143,2730,validated,,0,matched,playbyplayv2,1611661322,202662|203015|203826|1627673|1627675,complete,playbyplay_inferred,201506|201911|203399|204333|1628878,complete,playbyplay_inferred
Shot Chart Detail,1021900031,46,1627675,Courtney Williams,1611661323,Connecticut Sun,1,5,5,Made Shot,Jump Shot,2PT Field Goal,Mid-Range,Left Side(L),8-16 ft.,14,-142,29,1,1,20190611,CON,WAS,2019,102190003146,2950,validated,202662,1,matched,playbyplayv2,1611661322,202662|203015|203826|1627673|1627675,complete,playbyplay_inferred,201506|201911|203399|204333|1628878,complete,playbyplay_inferred
Shot Chart Detail,1021900031,56,1627675,Courtney Williams,1611661323,Connecticut Sun,1,4,16,Made Shot,Pullup Jump shot,2PT Field Goal,In The Paint (Non-RA),Center(C),8-16 ft.,11,13,115,1,1,20190611,CON,WAS,2019,102190003156,3440,validated,,0,matched,playbyplayv2,1611661322,202662|203826|1627673|1627675|1629524,complete,playbyplay_inferred,201506|201911|203399|204333|1628878,complete,playbyplay_inferred
Shot Chart Detail,1021900031,74,1627675,Courtney Williams,1611661323,Connecticut Sun,1,2,6,Made Shot,Jump Shot,3PT Field Goal,Above the Break 3,Left Side Center(LC),24+ ft.,25,-87,235,1,1,20190611,CON,WAS,2019,102190003174,4740,validated,203826,1,matched,playbyplayv2,1611661322,202662|203826|1627675|1628280|1629524,complete,playbyplay_inferred,201911|203399|203403|204333|1628878,complete,playbyplay_inferred
Shot Chart Detail,1021900031,200,1627675,Courtney Williams,1611661323,Connecticut Sun,2,2,32,Made Shot,Driving Floating Jump Shot,2PT Field Goal,In The Paint (Non-RA),Center(C),Less Than 8 ft.,6,19,64,1,1,20190611,CON,WAS,2019,1021900031200,10480,validated,,0,matched,playbyplayv2,1611661322,202662|203826|1627673|1627675|1627678,complete,playbyplay_inferred,201506|201911|203399|204333|1628878,complete,playbyplay_inferred
Shot Chart Detail,1021900031,244,1627675,Courtney Williams,1611661323,Connecticut Sun,3,8,19,Made Shot,Jump Shot,3PT Field Goal,Above the Break 3,Left Side Center(LC),24+ ft.,24,-209,137,1,1,20190611,CON,WAS,2019,1021900031244,13010,validated,203826,1,matched,playbyplayv2,1611661322,202662|203015|203826|1627673|1627675,complete,playbyplay_inferred,201506|201911|203399|204333|1628878,complete,playbyplay_inferred
Shot Chart Detail,1021900031,247,1627675,Courtney Williams,1611661323,Connecticut Sun,3,7,57,Missed Shot,Jump Shot,2PT Field Goal,Mid-Range,Left Side(L),16-24 ft.,17,-170,7,1,0,20190611,CON,WAS,2019,1021900031247,13230,validated,,0,matched,playbyplayv2,1611661322,202662|203015|203826|1627673|1627675,complete,playbyplay_inferred,201506|201911|203399|204333|1628878,complete,playbyplay_inferred
Shot Chart Detail,1021900031,255,1627675,Courtney Williams,1611661323,Connecticut Sun,3,7,29,Missed Shot,Driving Floating Jump Shot,2PT Field Goal,Mid-Range,Left Side(L),8-16 ft.,11,-113,-13,1,0,20190611,CON,WAS,2019,1021900031255,13510,validated,,0,matched,playbyplayv2,1611661322,202662|203015|203826|1627673|1627675,complete,playbyplay_inferred,201506|201911|203399|204333|1628878,complete,playbyplay_inferred
Shot Chart Detail,1021900031,283,1627675,Courtney Williams,1611661323,Connecticut Sun,3,5,46,Missed Shot,Pullup Jump shot,2PT Field Goal,Mid-Range,Right Side Center(RC),16-24 ft.,16,115,119,1,0,20190611,CON,WAS,2019,1021900031283,14540,validated,,0,matched,playbyplayv2,1611661322,202662|203015|203826|1627673|1627675,complete,playbyplay_inferred,201506|201911|203399|204333|1628878,complete,playbyplay_inferred
Shot Chart Detail,1021900031,302,1627675,Courtney Williams,1611661323,Connecticut Sun,3,4,11,Made Shot,Driving Floating Jump Shot,2PT Field Goal,In The Paint (Non-RA),Center(C),Less Than 8 ft.,7,35,63,1,1,20190611,CON,WAS,2019,1021900031302,15490,validated,,0,matched,playbyplayv2,1611661322,202662|203015|203826|1627673|1627675,complete,playbyplay_inferred,201506|201911|203399|204333|1628878,complete,playbyplay_inferred
Shot Chart Detail,1021900031,317,1627675,Courtney Williams,1611661323,Connecticut Sun,3,3,9,Missed Shot,Jump Shot,2PT Field Goal,Mid-Range,Right Side(R),16-24 ft.,17,145,100,1,0,20190611,CON,WAS,2019,1021900031317,16110,validated,,0,matched,playbyplayv2,1611661322,202662|203015|203826|1627673|1627675,complete,playbyplay_inferred,201506|201911|203399|204333|1628878,complete,playbyplay_inferred
Shot Chart Detail,1021900031,360,1627675,Courtney Williams,1611661323,Connecticut Sun,3,0,1,Missed Shot,Layup Shot,2PT Field Goal,Mid-Range,Left Side(L),8-16 ft.,12,-126,24,1,0,20190611,CON,WAS,2019,1021900031360,17990,validated,,0,matched,playbyplayv2,1611661322,203406|203826|1627671|1627675|1628280,complete,playbyplay_inferred,201911|203399|203403|1627672|1628278,complete,playbyplay_inferred
Shot Chart Detail,1021900031,376,1627675,Courtney Williams,1611661323,Connecticut Sun,4,8,12,Made Shot,Driving Reverse Layup Shot,2PT Field Goal,Restricted Area,Center(C),Less Than 8 ft.,3,35,2,1,1,20190611,CON,WAS,2019,1021900031376,19080,validated,,0,matched,playbyplayv2,1611661322,203406|203826|1627671|1627675|1628280,complete,playbyplay_inferred,201911|203399|203403|1627672|1628278,complete,playbyplay_inferred
Shot Chart Detail,1021900031,441,1627675,Courtney Williams,1611661323,Connecticut Sun,4,4,37,Made Shot,Pullup Jump shot,2PT Field Goal,In The Paint (Non-RA),Center(C),Less Than 8 ft.,4,-11,39,1,1,20190611,CON,WAS,2019,1021900031441,21230,validated,,0,matched,playbyplayv2,1611661322,203015|203406|1627670|1627673|1627675,complete,playbyplay_inferred,201506|201911|203399|204333|1627672,complete,playbyplay_inferred
Shot Chart Detail,1021900031,466,1627675,Courtney Williams,1611661323,Connecticut Sun,4,2,27,Missed Shot,Jump Shot,2PT Field Goal,Mid-Range,Left Side(L),16-24 ft.,19,-192,45,1,0,20190611,CON,WAS,2019,1021900031466,22530,validated,,0,matched,playbyplayv2,1611661322,202662|203015|203826|1627673|1627675,complete,playbyplay_inferred,201506|201911|203399|204333|1627672,complete,playbyplay_inferred
Shot Chart Detail,1021900037,41,1627675,Courtney Williams,1611661323,Connecticut Sun,1,6,16,Missed Shot,Pullup Jump shot,2PT Field Goal,Mid-Range,Right Side Center(RC),16-24 ft.,18,119,137,1,0,20190614,MIN,CON,2019,102190003741,2240,validated,,0,matched,playbyplayv2,1611661324,202662|203015|203826|1627673|1627675,complete,playbyplay_inferred,201480|202658|203024|203824|1629483,complete,playbyplay_inferred
Shot Chart Detail,1021900037,60,1627675,Courtney Williams,1611661323,Connecticut Sun,1,4,39,Missed Shot,Jump Shot,2PT Field Goal,Mid-Range,Left Side Center(LC),16-24 ft.,21,-100,192,1,0,20190614,MIN,CON,2019,102190003760,3210,validated,,0,matched,playbyplayv2,1611661324,202662|203015|203826|1627673|1627675,complete,playbyplay_inferred,202658|203024|203824|1628268|1629483,complete,playbyplay_inferred
Shot Chart Detail,1021900037,219,1627675,Courtney Williams,1611661323,Connecticut Sun,2,6,2,Missed Shot,Jump Shot,2PT Field Goal,Mid-Range,Right Side(R),16-24 ft.,18,167,90,1,0,20190614,MIN,CON,2019,1021900037219,8380,validated,,0,matched,playbyplayv2,1611661324,202662|203015|203826|1627673|1627675,complete,playbyplay_inferred,201480|202640|202658|1628882|1629483,complete,playbyplay_inferred
Shot Chart Detail,1021900037,248,1627675,Courtney Williams,1611661323,Connecticut Sun,2,3,42,Made Shot,Jump Shot,2PT Field Goal,In The Paint (Non-RA),Center(C),Less Than 8 ft.,4,0,44,1,1,20190614,MIN,CON,2019,1021900037248,9780,validated,203826,1,matched,playbyplayv2,1611661324,202662|203015|203826|1627673|1627675,complete,playbyplay_inferred,201480|202658|203024|1628882|1629483,complete,playbyplay_inferred
Shot Chart Detail,1021900037,256,1627675,Courtney Williams,1611661323,Connecticut Sun,2,3,10,Missed Shot,Jump Shot,3PT Field Goal,Above the Break 3,Right Side Center(RC),24+ ft.,24,97,224,1,0,20190614,MIN,CON,2019,1021900037256,10100,validated,,0,matched,playbyplayv2,1611661324,202662|203015|203826|1627673|1627675,complete,playbyplay_inferred,201480|202640|202658|203024|1628882,complete,playbyplay_inferred
Shot Chart Detail,1021900037,280,1627675,Courtney Williams,1611661323,Connecticut Sun,2,1,21,Missed Shot,Driving Layup Shot,2PT Field Goal,In The Paint (Non-RA),Center(C),Less Than 8 ft.,5,57,11,1,0,20190614,MIN,CON,2019,1021900037280,11190,validated,,0,matched,playbyplayv2,1611661324,202662|203015|203826|1627673|1627675,complete,playbyplay_inferred,201480|202640|202658|203024|203824,complete,playbyplay_inferred
Shot Chart Detail,1021900037,344,1627675,Courtney Williams,1611661323,Connecticut Sun,3,6,35,Made Shot,Pullup Jump shot,2PT Field Goal,Mid-Range,Center(C),8-16 ft.,15,25,154,1,1,20190614,MIN,CON,2019,1021900037344,14050,validated,,0,matched,playbyplayv2,1611661324,202662|203015|203826|1627673|1627675,complete,playbyplay_inferred,201480|203024|203824|1628882|1629483,complete,playbyplay_inferred
Shot Chart Detail,1021900037,347,1627675,Courtney Williams,1611661323,Connecticut Sun,3,6,0,Missed Shot,Pullup Jump shot,2PT Field Goal,Mid-Range,Center(C),16-24 ft.,19,-58,181,1,0,20190614,MIN,CON,2019,1021900037347,14400,validated,,0,matched,playbyplayv2,1611661324,202662|203015|203826|1627673|1627675,complete,playbyplay_inferred,201480|203024|203824|1628882|1629483,complete,playbyplay_inferred
Shot Chart Detail,1021900037,387,1627675,Courtney Williams,1611661323,Connecticut Sun,3,2,44,Made Shot,Driving Reverse Layup Shot,2PT Field Goal,Restricted Area,Center(C),Less Than 8 ft.,0,-5,-7,1,1,20190614,MIN,CON,2019,1021900037387,16360,validated,,0,matched,playbyplayv2,1611661324,202662|203015|203826|1627673|1627675,complete,playbyplay_inferred,201480|202640|203824|1628882|1629483,complete,playbyplay_inferred
Shot Chart Detail,1021900043,41,1627675,Courtney Williams,1611661323,Connecticut Sun,1,6,6,Made Shot,Driving Layup Shot,2PT Field Goal,Restricted Area,Center(C),Less Than 8 ft.,1,11,2,1,1,20190616,CON,SEA,2019,102190004341,2340,validated,,0,matched,playbyplayv2,1611661328,202662|203015|203826|1627673|1627675,complete,playbyplay_inferred,202252|203827|204319|204355|1628920,complete,playbyplay_inferred
Shot Chart Detail,1021900043,54,1627675,Courtney Williams,1611661323,Connecticut Sun,1,4,23,Made Shot,Jump Shot,3PT Field Goal,Above the Break 3,Right Side Center(RC),24+ ft.,24,122,215,1,1,20190616,CON,SEA,2019,102190004354,3370,validated,202662,1,matched,playbyplayv2,1611661328,202662|203015|203826|1627673|1627675,complete,playbyplay_inferred,202252|203827|204319|204355|1628920,complete,playbyplay_inferred
Shot Chart Detail,1021900043,158,1627675,Courtney Williams,1611661323,Connecticut Sun,2,8,7,Made Shot,Pullup Jump shot,2PT Field Goal,Mid-Range,Right Side Center(RC),16-24 ft.,18,145,117,1,1,20190616,CON,SEA,2019,1021900043158,7130,validated,203406,1,matched,playbyplayv2,1611661328,203015|203406|1627670|1627673|1627675,complete,playbyplay_inferred,201518|201907|201919|204321|1628244,complete,playbyplay_inferred
Shot Chart Detail,1021900043,251,1627675,Courtney Williams,1611661323,Connecticut Sun,2,0,30,Missed Shot,Pullup Jump shot,2PT Field Goal,Mid-Range,Left Side Center(LC),16-24 ft.,19,-145,126,1,0,20190616,CON,SEA,2019,1021900043251,11700,validated,,0,matched,playbyplayv2,1611661328,202662|203015|203826|1627675|1629485,complete,playbyplay_inferred,201919|202252|203827|204355|1628920,complete,playbyplay_inferred
Shot Chart Detail,1021900043,322,1627675,Courtney Williams,1611661323,Connecticut Sun,3,5,32,Missed Shot,Driving Layup Shot,2PT Field Goal,In The Paint (Non-RA),Center(C),Less Than 8 ft.,5,48,27,1,0,20190616,CON,SEA,2019,1021900043322,14680,validated,,0,matched,playbyplayv2,1611661328,202662|203015|203826|1627673|1627675,complete,playbyplay_inferred,202252|203827|204319|204355|1628920,complete,playbyplay_inferred
Shot Chart Detail,1021900043,491,1627675,Courtney Williams,1611661323,Connecticut Sun,4,1,36,Missed Shot,Layup Shot,2PT Field Goal,Restricted Area,Center(C),Less Than 8 ft.,3,-33,14,1,0,20190616,CON,SEA,2019,1021900043491,23040,validated,,0,matched,playbyplayv2,1611661328,203406|1627670|1627673|1627675|1627678,complete,playbyplay_inferred,202252|203827|204319|204355|1628920,complete,playbyplay_inferred
Shot Chart Detail,1021900050,9,1627675,Courtney Williams,1611661323,Connecticut Sun,1,9,20,Made Shot,Pullup Jump shot,2PT Field Goal,Mid-Range,Center(C),16-24 ft.,17,-44,166,1,1,20190621,CON,ATL,2019,10219000509,400,validated,,0,matched,playbyplayv2,1611661330,202662|203015|203826|1627673|1627675,complete,playbyplay_inferred,201904|202638|203026|204322|1628269,complete,playbyplay_inferred
Shot Chart Detail,1021900050,16,1627675,Courtney Williams,1611661323,Connecticut Sun,1,8,21,Made Shot,Driving Layup Shot,2PT Field Goal,Restricted Area,Center(C),Less Than 8 ft.,0,4,1,1,1,20190621,CON,ATL,2019,102190005016,990,validated,,0,matched,playbyplayv2,1611661330,202662|203015|203826|1627673|1627675,complete,playbyplay_inferred,201904|202638|203026|204322|1628269,complete,playbyplay_inferred
Shot Chart Detail,1021900050,112,1627675,Courtney Williams,1611661323,Connecticut Sun,1,0,26,Missed Shot,Pullup Jump shot,2PT Field Goal,Mid-Range,Right Side(R),8-16 ft.,12,124,29,1,0,20190621,CON,ATL,2019,1021900050112,5740,validated,,0,matched,playbyplayv2,1611661330,203015|203826|1627671|1627673|1627675,complete,playbyplay_inferred,203026|204322|1628279|1628881|1629569,complete,playbyplay_inferred
Shot Chart Detail,1021900050,137,1627675,Courtney Williams,1611661323,Connecticut Sun,2,9,50,Missed Shot,Pullup Jump shot,2PT Field Goal,Mid-Range,Left Side(L),16-24 ft.,18,-185,3,1,0,20190621,CON,ATL,2019,1021900050137,6100,validated,,0,matched,playbyplayv2,1611661330,203826|1627671|1627675|1627678|1629485,complete,playbyplay_inferred,203026|1628279|1628881|1628895|1629569,complete,playbyplay_inferred
Shot Chart Detail,1021900050,252,1627675,Courtney Williams,1611661323,Connecticut Sun,2,0,0,Made Shot,Jump Shot,2PT Field Goal,Mid-Range,Left Side Center(LC),16-24 ft.,20,-155,127,1,1,20190621,CON,ATL,2019,1021900050252,12000,validated,202662,1,matched,playbyplayv2,1611661330,202662|203015|1627670|1627673|1627675,complete,playbyplay_inferred,201904|202638|203026|204322|1629569,complete,playbyplay_inferred
Shot Chart Detail,1021900050,289,1627675,Courtney Williams,1611661323,Connecticut Sun,3,7,25,Missed Shot,Driving Layup Shot,2PT Field Goal,Restricted Area,Center(C),Less Than 8 ft.,2,-12,20,1,0,20190621,CON,ATL,2019,1021900050289,13550,validated,,0,matched,playbyplayv2,1611661330,202662|203015|203826|1627673|1627675,complete,playbyplay_inferred,201904|202638|203026|204322|1628269,complete,playbyplay_inferred
Shot Chart Detail,1021900050,311,1627675,Courtney Williams,1611661323,Connecticut Sun,3,5,52,Missed Shot,Jump Shot,2PT Field Goal,Mid-Range,Left Side(L),8-16 ft.,11,-113,14,1,0,20190621,CON,ATL,2019,1021900050311,14480,validated,,0,matched,playbyplayv2,1611661330,202662|203015|203826|1627673|1627675,complete,playbyplay_inferred,201904|202638|203026|204322|1628269,complete,playbyplay_inferred
Shot Chart Detail,1021900050,487,1627675,Courtney Williams,1611661323,Connecticut Sun,4,4,18,Made Shot,Pullup Jump shot,2PT Field Goal,Mid-Range,Right Side(R),8-16 ft.,15,154,25,1,1,20190621,CON,ATL,2019,1021900050487,21420,validated,202662,1,matched,playbyplayv2,1611661330,202662|203015|203826|1627673|1627675,complete,playbyplay_inferred,202638|203026|1628279|1628881|1629569,complete,playbyplay_inferred
Shot Chart Detail,1021900056,11,1627675,Courtney Williams,1611661323,Connecticut Sun,1,9,26,Made Shot,Pullup Jump shot,2PT Field Goal,Mid-Range,Right Side(R),16-24 ft.,18,182,51,1,1,20190623,CHI,CON,2019,102190005611,340,validated,203826,1,matched,playbyplayv2,1611661329,202662|203015|203826|1627673|1627675,complete,playbyplay_inferred,201516|202650|202664|203828|1628890,complete,playbyplay_inferred
Shot Chart Detail,1021900056,42,1627675,Courtney Williams,1611661323,Connecticut Sun,1,6,7,Missed Shot,Pullup Jump shot,2PT Field Goal,Mid-Range,Right Side Center(RC),16-24 ft.,18,120,136,1,0,20190623,CHI,CON,2019,102190005642,2330,validated,,0,matched,playbyplayv2,1611661329,202662|203015|203826|1627673|1627675,complete,playbyplay_inferred,201516|202650|202664|203828|1628890,complete,playbyplay_inferred
Shot Chart Detail,1021900056,74,1627675,Courtney Williams,1611661323,Connecticut Sun,1,4,18,Missed Shot,Pullup Jump shot,2PT Field Goal,Mid-Range,Right Side Center(RC),16-24 ft.,17,108,140,1,0,20190623,CHI,CON,2019,102190005674,3420,validated,,0,matched,playbyplayv2,1611661329,202662|203826|1627673|1627675|1627678,complete,playbyplay_inferred,201516|202650|202664|204323|1628890,complete,playbyplay_inferred
Shot Chart Detail,1021900056,169,1627675,Courtney Williams,1611661323,Connecticut Sun,2,7,23,Missed Shot,Jump Shot,2PT Field Goal,In The Paint (Non-RA),Center(C),8-16 ft.,14,49,132,1,0,20190623,CHI,CON,2019,1021900056169,7570,validated,,0,matched,playbyplayv2,1611661329,1627670|1627671|1627675|1627678|1629485,complete,playbyplay_inferred,201516|202650|204323|1627674|1628931,complete,playbyplay_inferred
Shot Chart Detail,1021900056,185,1627675,Courtney Williams,1611661323,Connecticut Sun,2,6,2,Made Shot,Driving Floating Jump Shot,2PT Field Goal,In The Paint (Non-RA),Center(C),8-16 ft.,12,-8,129,1,1,20190623,CHI,CON,2019,1021900056185,8380,validated,,0,matched,playbyplayv2,1611661329,1627670|1627671|1627673|1627675|1627678,complete,playbyplay_inferred,201516|202650|204323|1627674|1628931,complete,playbyplay_inferred
Shot Chart Detail,1021900056,263,1627675,Courtney Williams,1611661323,Connecticut Sun,2,0,28,Made Shot,Pullup Jump shot,2PT Field Goal,Mid-Range,Right Side(R),8-16 ft.,15,139,72,1,1,20190623,CHI,CON,2019,1021900056263,11720,validated,202662,1,matched,playbyplayv2,1611661329,202662|203015|203826|1627673|1627675,complete,playbyplay_inferred,201516|202650|202664|203828|1628890,complete,playbyplay_inferred
Shot Chart Detail,1021900056,312,1627675,Courtney Williams,1611661323,Connecticut Sun,3,5,37,Missed Shot,Pullup Jump shot,2PT Field Goal,Mid-Range,Right Side(R),8-16 ft.,12,92,86,1,0,20190623,CHI,CON,2019,1021900056312,14630,validated,,0,matched,playbyplayv2,1611661329,202662|203015|203826|1627673|1627675,complete,playbyplay_inferred,201516|202650|202664|203828|1628890,complete,playbyplay_inferred
Shot Chart Detail,1021900056,351,1627675,Courtney Williams,1611661323,Connecticut Sun,3,2,41,Missed Shot,Layup Shot,2PT Field Goal,Restricted Area,Center(C),Less Than 8 ft.,1,8,9,1,0,20190623,CHI,CON,2019,1021900056351,16390,validated,,0,matched,playbyplayv2,1611661329,202662|203826|1627673|1627675|1627678,complete,playbyplay_inferred,201516|202650|204323|1628890|1628931,complete,playbyplay_inferred
Shot Chart Detail,1021900056,401,1627675,Courtney Williams,1611661323,Connecticut Sun,3,0,4,Missed Shot,Driving Floating Bank Jump Shot,2PT Field Goal,In The Paint (Non-RA),Center(C),Less Than 8 ft.,6,15,64,1,0,20190623,CHI,CON,2019,1021900056401,17960,validated,,0,matched,playbyplayv2,1611661329,202662|1627670|1627675|1627678|1629485,complete,playbyplay_inferred,201516|202650|204323|1627674|1628931,complete,playbyplay_inferred
Shot Chart Detail,1021900062,7,1627675,Courtney Williams,1611661323,Connecticut Sun,1,9,49,Missed Shot,Pullup Jump shot,2PT Field Goal,Mid-Range,Right Side Center(RC),16-24 ft.,16,126,114,1,0,20190626,DAL,CON,2019,10219000627,110,validated,,0,matched,playbyplayv2,1611661321,202662|203015|203826|1627673|1627675,complete,playbyplay_inferred,203866|204330|1628277|1628922|1629481,complete,playbyplay_inferred
Shot Chart Detail,1021900062,77,1627675,Courtney Williams,1611661323,Connecticut Sun,1,3,36,Missed Shot,Jump Shot,2PT Field Goal,Mid-Range,Center(C),16-24 ft.,16,-29,167,1,0,20190626,DAL,CON,2019,102190006277,3840,validated,,0,matched,playbyplayv2,1611661321,203015|203826|1627671|1627673|1627675,complete,playbyplay_inferred,203849|203866|1627677|1628277|1629481,complete,playbyplay_inferred
Shot Chart Detail,1021900062,97,1627675,Courtney Williams,1611661323,Connecticut Sun,1,2,7,Missed Shot,Jump Shot,2PT Field Goal,Mid-Range,Left Side(L),16-24 ft.,19,-187,55,1,0,20190626,DAL,CON,2019,102190006297,4730,validated,,0,matched,playbyplayv2,1611661321,203826|1627671|1627675|1627678|1629485,complete,playbyplay_inferred,203849|203866|1628273|1629481|1629484,complete,playbyplay_inferred
Shot Chart Detail,1021900062,203,1627675,Courtney Williams,1611661323,Connecticut Sun,2,5,14,Missed Shot,Pullup Jump shot,2PT Field Goal,Mid-Range,Left Side Center(LC),16-24 ft.,19,-98,170,1,0,20190626,DAL,CON,2019,1021900062203,8860,validated,,0,matched,playbyplayv2,1611661321,202662|203015|203826|1627675|1629485,complete,playbyplay_inferred,203866|204330|1627677|1628273|1629481,complete,playbyplay_inferred
Shot Chart Detail,1021900062,273,1627675,Courtney Williams,1611661323,Connecticut Sun,2,0,33,Made Shot,Jump Shot,3PT Field Goal,Above the Break 3,Right Side Center(RC),24+ ft.,24,182,170,1,1,20190626,DAL,CON,2019,1021900062273,11670,validated,202662,1,matched,playbyplayv2,1611661321,202662|203015|203826|1627675|1629485,complete,playbyplay_inferred,203866|204330|1628277|1628922|1629481,complete,playbyplay_inferred
Shot Chart Detail,1021900062,277,1627675,Courtney Williams,1611661323,Connecticut Sun,2,0,0,Missed Shot,Jump Shot,3PT Field Goal,Above the Break 3,Right Side Center(RC),24+ ft.,24,171,171,1,0,20190626,DAL,CON,2019,1021900062277,12000,validated,,0,matched,playbyplayv2,1611661321,202662|203015|203826|1627675|1629485,complete,playbyplay_inferred,203866|204330|1628277|1628922|1629481,complete,playbyplay_inferred
Shot Chart Detail,1021900062,335,1627675,Courtney Williams,1611661323,Connecticut Sun,3,4,40,Made Shot,Jump Shot,2PT Field Goal,In The Paint (Non-RA),Center(C),8-16 ft.,12,30,117,1,1,20190626,DAL,CON,2019,1021900062335,15200,validated,,0,matched,playbyplayv2,1611661321,202662|203826|1627673|1627675|1627678,complete,playbyplay_inferred,203849|203866|204330|1628277|1629481,complete,playbyplay_inferred
Shot Chart Detail,1021900062,338,1627675,Courtney Williams,1611661323,Connecticut Sun,3,4,4,Missed Shot,Jump Shot,2PT Field Goal,Mid-Range,Right Side(R),16-24 ft.,19,160,107,1,0,20190626,DAL,CON,2019,1021900062338,15560,validated,,0,matched,playbyplayv2,1611661321,202662|203826|1627673|1627675|1627678,complete,playbyplay_inferred,203849|203866|204330|1628277|1629481,complete,playbyplay_inferred
Shot Chart Detail,1021900062,492,1627675,Courtney Williams,1611661323,Connecticut Sun,4,1,2,Missed Shot,Driving Layup Shot,2PT Field Goal,In The Paint (Non-RA),Center(C),Less Than 8 ft.,5,34,45,1,0,20190626,DAL,CON,2019,1021900062492,23380,validated,,0,matched,playbyplayv2,1611661321,202662|203015|203826|1627673|1627675,complete,playbyplay_inferred,203866|204330|1628273|1628277|1629481,complete,playbyplay_inferred
Shot Chart Detail,1021900067,36,1627675,Courtney Williams,1611661323,Connecticut Sun,1,6,47,Missed Shot,Floating Jump shot,2PT Field Goal,Mid-Range,Right Side(R),8-16 ft.,9,96,22,1,0,20190629,WAS,CON,2019,102190006736,1930,validated,,0,matched,playbyplayv2,1611661322,202662|203015|203826|1627673|1627675,complete,playbyplay_inferred,201506|201911|203399|204333|1628878,complete,playbyplay_inferred
Shot Chart Detail,1021900067,49,1627675,Courtney Williams,1611661323,Connecticut Sun,1,5,24,Missed Shot,Pullup Jump shot,2PT Field Goal,Mid-Range,Right Side(R),16-24 ft.,18,166,86,1,0,20190629,WAS,CON,2019,102190006749,2760,validated,,0,matched,playbyplayv2,1611661322,202662|203015|203826|1627673|1627675,complete,playbyplay_inferred,201506|201911|203399|204333|1628878,complete,playbyplay_inferred
Shot Chart Detail,1021900067,62,1627675,Courtney Williams,1611661323,Connecticut Sun,1,3,45,Made Shot,Floating Jump shot,2PT Field Goal,In The Paint (Non-RA),Center(C),Less Than 8 ft.,4,-12,43,1,1,20190629,WAS,CON,2019,102190006762,3750,validated,,0,matched,playbyplayv2,1611661322,202662|203015|203826|1627673|1627675,complete,playbyplay_inferred,201506|201911|203399|204333|1628878,complete,playbyplay_inferred
Shot Chart Detail,1021900067,65,1627675,Courtney Williams,1611661323,Connecticut Sun,1,3,17,Missed Shot,Floating Jump shot,2PT Field Goal,In The Paint (Non-RA),Center(C),Less Than 8 ft.,4,-35,29,1,0,20190629,WAS,CON,2019,102190006765,4030,validated,,0,matched,playbyplayv2,1611661322,202662|203015|203826|1627673|1627675,complete,playbyplay_inferred,201506|201911|203399|204333|1628878,complete,playbyplay_inferred
Shot Chart Detail,1021900067,88,1627675,Courtney Williams,1611661323,Connecticut Sun,1,1,36,Missed Shot,Jump Shot,2PT Field Goal,Mid-Range,Left Side Center(LC),16-24 ft.,21,-142,159,1,0,20190629,WAS,CON,2019,102190006788,5040,validated,,0,matched,playbyplayv2,1611661322,202662|203015|203826|1627673|1627675,complete,playbyplay_inferred,201911|203399|203403|1627672|1628278,complete,playbyplay_inferred
Shot Chart Detail,1021900067,191,1627675,Courtney Williams,1611661323,Connecticut Sun,2,4,9,Missed Shot,Jump Shot,2PT Field Goal,Mid-Range,Left Side Center(LC),16-24 ft.,18,-85,160,1,0,20190629,WAS,CON,2019,1021900067191,9510,validated,,0,matched,playbyplayv2,1611661322,203015|1627671|1627673|1627675|1629485,complete,playbyplay_inferred,201506|201911|203399|204333|1628878,complete,playbyplay_inferred
Shot Chart Detail,1021900067,223,1627675,Courtney Williams,1611661323,Connecticut Sun,2,1,33,Missed Shot,Pullup Jump shot,2PT Field Goal,Mid-Range,Left Side Center(LC),16-24 ft.,17,-113,135,1,0,20190629,WAS,CON,2019,1021900067223,11070,validated,,0,matched,playbyplayv2,1611661322,202662|203015|203826|1627673|1627675,complete,playbyplay_inferred,201506|201911|203399|204333|1628878,complete,playbyplay_inferred
Shot Chart Detail,1021900067,292,1627675,Courtney Williams,1611661323,Connecticut Sun,3,5,28,Missed Shot,Pullup Jump shot,2PT Field Goal,Mid-Range,Left Side(L),8-16 ft.,12,-94,81,1,0,20190629,WAS,CON,2019,1021900067292,14720,validated,,0,matched,playbyplayv2,1611661322,202662|203015|203826|1627673|1627675,complete,playbyplay_inferred,201506|201911|203399|204333|1628878,complete,playbyplay_inferred
Shot Chart Detail,1021900067,338,1627675,Courtney Williams,1611661323,Connecticut Sun,3,2,1,Missed Shot,Jump Shot,2PT Field Goal,Mid-Range,Left Side(L),8-16 ft.,11,-96,55,1,0,20190629,WAS,CON,2019,1021900067338,16790,validated,,0,matched,playbyplayv2,1611661322,202662|203015|203826|1627673|1627675,complete,playbyplay_inferred,201506|201911|203403|1627672|1628278,complete,playbyplay_inferred
Shot Chart Detail,1021900067,364,1627675,Courtney Williams,1611661323,Connecticut Sun,3,0,23,Made Shot,Floating Jump shot,2PT Field Goal,In The Paint (Non-RA),Center(C),8-16 ft.,14,68,129,1,1,20190629,WAS,CON,2019,1021900067364,17770,validated,,0,matched,playbyplayv2,1611661322,202662|203015|203826|1627673|1627675,complete,playbyplay_inferred,201506|203403|204333|1627672|1628278,complete,playbyplay_inferred
Shot Chart Detail,1021900080,57,1627675,Courtney Williams,1611661323,Connecticut Sun,1,4,58,Made Shot,Driving Floating Jump Shot,2PT Field Goal,In The Paint (Non-RA),Center(C),8-16 ft.,12,-47,119,1,1,20190706,CON,MIN,2019,102190008057,3020,validated,202662,1,matched,playbyplayv2,1611661324,202662|203015|203826|1627673|1627675,complete,playbyplay_inferred,201480|202658|203824|1628261|1629483,complete,playbyplay_inferred
Shot Chart Detail,1021900080,72,1627675,Courtney Williams,1611661323,Connecticut Sun,1,3,31,Missed Shot,Jump Shot,2PT Field Goal,Mid-Range,Left Side(L),16-24 ft.,18,-170,62,1,0,20190706,CON,MIN,2019,102190008072,3890,validated,,0,matched,playbyplayv2,1611661324,202662|203015|203826|1627673|1627675,complete,playbyplay_inferred,202658|203824|1628261|1628268|1629483,complete,playbyplay_inferred
Shot Chart Detail,1021900080,78,1627675,Courtney Williams,1611661323,Connecticut Sun,1,3,10,Missed Shot,Jump Shot,3PT Field Goal,Above the Break 3,Center(C),24+ ft.,25,64,249,1,0,20190706,CON,MIN,2019,102190008078,4100,validated,,0,matched,playbyplayv2,1611661324,202662|203015|203826|1627673|1627675,complete,playbyplay_inferred,202658|203824|1628261|1628268|1629483,complete,playbyplay_inferred
Shot Chart Detail,1021900080,82,1627675,Courtney Williams,1611661323,Connecticut Sun,1,3,1,Missed Shot,Jump Shot,2PT Field Goal,In The Paint (Non-RA),Center(C),8-16 ft.,8,-39,79,1,0,20190706,CON,MIN,2019,102190008082,4190,validated,,0,matched,playbyplayv2,1611661324,202662|203015|203826|1627673|1627675,complete,playbyplay_inferred,202658|203824|1628261|1628268|1629483,complete,playbyplay_inferred
Shot Chart Detail,1021900080,239,1627675,Courtney Williams,1611661323,Connecticut Sun,2,1,32,Missed Shot,Driving Layup Shot,2PT Field Goal,In The Paint (Non-RA),Center(C),Less Than 8 ft.,5,46,27,1,0,20190706,CON,MIN,2019,1021900080239,11080,validated,,0,matched,playbyplayv2,1611661324,203015|1627670|1627673|1627675|1629567,complete,playbyplay_inferred,201480|203824|203855|1628882|1629483,complete,playbyplay_inferred
Shot Chart Detail,1021900080,241,1627675,Courtney Williams,1611661323,Connecticut Sun,2,1,22,Made Shot,Pullup Jump shot,2PT Field Goal,In The Paint (Non-RA),Right Side(R),8-16 ft.,11,72,88,1,1,20190706,CON,MIN,2019,1021900080241,11180,validated,1627670,1,matched,playbyplayv2,1611661324,203015|1627670|1627673|1627675|1629567,complete,playbyplay_inferred,201480|203824|203855|1628882|1629483,complete,playbyplay_inferred
Shot Chart Detail,1021900080,256,1627675,Courtney Williams,1611661323,Connecticut Sun,2,0,29,Missed Shot,Pullup Jump shot,2PT Field Goal,Mid-Range,Center(C),16-24 ft.,19,50,184,1,0,20190706,CON,MIN,2019,1021900080256,11710,validated,,0,matched,playbyplayv2,1611661324,202662|203015|203826|1627673|1627675,complete,playbyplay_inferred,201480|203824|203855|1628882|1629483,complete,playbyplay_inferred
Shot Chart Detail,1021900080,258,1627675,Courtney Williams,1611661323,Connecticut Sun,2,0,25,Made Shot,Fadeaway Jump Shot,2PT Field Goal,Mid-Range,Left Side(L),8-16 ft.,10,-95,47,1,1,20190706,CON,MIN,2019,1021900080258,11750,validated,,0,matched,playbyplayv2,1611661324,202662|203015|203826|1627673|1627675,complete,playbyplay_inferred,201480|203824|203855|1628882|1629483,complete,playbyplay_inferred
Shot Chart Detail,1021900080,260,1627675,Courtney Williams,1611661323,Connecticut Sun,2,0,0,Missed Shot,Pullup Jump shot,2PT Field Goal,Mid-Range,Left Side(L),16-24 ft.,18,-150,103,1,0,20190706,CON,MIN,2019,1021900080260,12000,validated,,0,matched,playbyplayv2,1611661324,202662|203015|203826|1627673|1627675,complete,playbyplay_inferred,201480|203824|203855|1628882|1629483,complete,playbyplay_inferred
Shot Chart Detail,1021900080,297,1627675,Courtney Williams,1611661323,Connecticut Sun,3,6,55,Missed Shot,Driving Layup Shot,2PT Field Goal,Restricted Area,Center(C),Less Than 8 ft.,2,-24,5,1,0,20190706,CON,MIN,2019,1021900080297,13850,validated,,0,matched,playbyplayv2,1611661324,202662|203015|203826|1627673|1627675,complete,playbyplay_inferred,201480|202658|203824|203855|1629483,complete,playbyplay_inferred
Shot Chart Detail,1021900080,343,1627675,Courtney Williams,1611661323,Connecticut Sun,3,3,36,Missed Shot,Pullup Jump shot,2PT Field Goal,Mid-Range,Right Side(R),16-24 ft.,19,158,114,1,0,20190706,CON,MIN,2019,1021900080343,15840,validated,,0,matched,playbyplayv2,1611661324,202662|203015|203826|1627673|1627675,complete,playbyplay_inferred,201480|203824|203855|203859|1628882,complete,playbyplay_inferred
Shot Chart Detail,1021900080,462,1627675,Courtney Williams,1611661323,Connecticut Sun,4,4,34,Made Shot,Floating Jump shot,2PT Field Goal,Restricted Area,Center(C),Less Than 8 ft.,2,14,18,1,1,20190706,CON,MIN,2019,1021900080462,21260,validated,202662,1,matched,playbyplayv2,1611661324,202662|203826|1627671|1627673|1627675,complete,playbyplay_inferred,201480|202658|203824|1628882|1629483,complete,playbyplay_inferred
Shot Chart Detail,1021900080,479,1627675,Courtney Williams,1611661323,Connecticut Sun,4,3,1,Missed Shot,Driving Layup Shot,2PT Field Goal,In The Paint (Non-RA),Center(C),Less Than 8 ft.,4,-8,42,1,0,20190706,CON,MIN,2019,1021900080479,22190,validated,,0,matched,playbyplayv2,1611661324,202662|203826|1627671|1627673|1627675,complete,playbyplay_inferred,201480|202658|203824|1628882|1629483,complete,playbyplay_inferred
Shot Chart Detail,1021900086,25,1627675,Courtney Williams,1611661323,Connecticut Sun,1,7,40,Missed Shot,Jump Shot,2PT Field Goal,Mid-Range,Left Side(L),8-16 ft.,12,-121,11,1,0,20190710,ATL,CON,2019,102190008625,1400,validated,,0,matched,playbyplayv2,1611661330,202662|203015|203826|1627673|1627675,complete,playbyplay_inferred,201904|202638|203026|204322|1628279,complete,playbyplay_inferred
Shot Chart Detail,1021900086,40,1627675,Courtney Williams,1611661323,Connecticut Sun,1,6,38,Missed Shot,Jump Shot,2PT Field Goal,Mid-Range,Right Side Center(RC),16-24 ft.,20,150,146,1,0,20190710,ATL,CON,2019,102190008640,2020,validated,,0,matched,playbyplayv2,1611661330,202662|203015|203826|1627673|1627675,complete,playbyplay_inferred,201904|202638|203026|204322|1628279,complete,playbyplay_inferred
Shot Chart Detail,1021900086,48,1627675,Courtney Williams,1611661323,Connecticut Sun,1,5,55,Missed Shot,Running Pull-Up Jump Shot,2PT Field Goal,Mid-Range,Right Side Center(RC),16-24 ft.,19,119,160,1,0,20190710,ATL,CON,2019,102190008648,2450,validated,,0,matched,playbyplayv2,1611661330,202662|203015|203826|1627673|1627675,complete,playbyplay_inferred,201904|202638|203026|204322|1628279,complete,playbyplay_inferred
Shot Chart Detail,1021900086,53,1627675,Courtney Williams,1611661323,Connecticut Sun,1,5,6,Missed Shot,Pullup Jump shot,2PT Field Goal,Mid-Range,Right Side(R),8-16 ft.,13,97,88,1,0,20190710,ATL,CON,2019,102190008653,2940,validated,,0,matched,playbyplayv2,1611661330,202662|203015|203826|1627673|1627675,complete,playbyplay_inferred,201904|202638|203026|204322|1628279,complete,playbyplay_inferred
Shot Chart Detail,1021900086,255,1627675,Courtney Williams,1611661323,Connecticut Sun,3,9,44,Made Shot,Pullup Jump shot,2PT Field Goal,In The Paint (Non-RA),Right Side(R),8-16 ft.,8,59,66,1,1,20190710,ATL,CON,2019,1021900086255,12160,validated,,0,matched,playbyplayv2,1611661330,202662|203015|203826|1627673|1627675,complete,playbyplay_inferred,201904|202638|203026|204322|1628279,complete,playbyplay_inferred
Shot Chart Detail,1021900086,279,1627675,Courtney Williams,1611661323,Connecticut Sun,3,8,1,Made Shot,Layup Shot,2PT Field Goal,In The Paint (Non-RA),Center(C),Less Than 8 ft.,5,3,55,1,1,20190710,ATL,CON,2019,1021900086279,13190,validated,203826,1,matched,playbyplayv2,1611661330,202662|203015|203826|1627673|1627675,complete,playbyplay_inferred,201904|202638|203026|204322|1628279,complete,playbyplay_inferred
Shot Chart Detail,1021900086,306,1627675,Courtney Williams,1611661323,Connecticut Sun,3,5,15,Missed Shot,Pullup Jump shot,2PT Field Goal,Mid-Range,Right Side Center(RC),16-24 ft.,17,106,140,1,0,20190710,ATL,CON,2019,1021900086306,14850,validated,,0,matched,playbyplayv2,1611661330,202662|203015|203826|1627673|1627675,complete,playbyplay_inferred,201904|202638|203026|204322|1628279,complete,playbyplay_inferred
Shot Chart Detail,1021900086,318,1627675,Courtney Williams,1611661323,Connecticut Sun,3,4,47,Missed Shot,Running Pull-Up Jump Shot,2PT Field Goal,Mid-Range,Right Side(R),8-16 ft.,12,122,2,1,0,20190710,ATL,CON,2019,1021900086318,15130,validated,,0,matched,playbyplayv2,1611661330,202662|203015|203826|1627673|1627675,complete,playbyplay_inferred,201904|203026|204322|1628279|1628895,complete,playbyplay_inferred
Shot Chart Detail,1021900086,488,1627675,Courtney Williams,1611661323,Connecticut Sun,4,3,50,Missed Shot,Pullup Jump shot,2PT Field Goal,Mid-Range,Right Side Center(RC),16-24 ft.,20,98,175,1,0,20190710,ATL,CON,2019,1021900086488,21700,validated,,0,matched,playbyplayv2,1611661330,202662|203826|1627673|1627675|1627678,complete,playbyplay_inferred,203026|203410|204322|1628881|1629569,complete,playbyplay_inferred
Shot Chart Detail,1021900086,492,1627675,Courtney Williams,1611661323,Connecticut Sun,4,3,26,Made Shot,Turnaround Jump Shot,2PT Field Goal,In The Paint (Non-RA),Center(C),8-16 ft.,9,-1,92,1,1,20190710,ATL,CON,2019,1021900086492,21940,validated,,0,matched,playbyplayv2,1611661330,202662|203826|1627673|1627675|1627678,complete,playbyplay_inferred,203026|203410|204322|1628881|1629569,complete,playbyplay_inferred
Shot Chart Detail,1021900086,504,1627675,Courtney Williams,1611661323,Connecticut Sun,4,2,37,Missed Shot,Layup Shot,2PT Field Goal,Restricted Area,Center(C),Less Than 8 ft.,2,-14,17,1,0,20190710,ATL,CON,2019,1021900086504,22430,validated,,0,matched,playbyplayv2,1611661330,202662|203826|1627673|1627675|1627678,complete,playbyplay_inferred,202638|203026|203410|204322|1629569,complete,playbyplay_inferred
Shot Chart Detail,1021900086,516,1627675,Courtney Williams,1611661323,Connecticut Sun,4,1,48,Missed Shot,Driving Floating Jump Shot,2PT Field Goal,In The Paint (Non-RA),Center(C),8-16 ft.,12,-2,121,1,0,20190710,ATL,CON,2019,1021900086516,22920,validated,,0,matched,playbyplayv2,1611661330,202662|203826|1627673|1627675|1627678,complete,playbyplay_inferred,201904|202638|203026|203410|204322,complete,playbyplay_inferred
Shot Chart Detail,1021900086,547,1627675,Courtney Williams,1611661323,Connecticut Sun,4,0,10,Made Shot,Pullup Jump shot,3PT Field Goal,Above the Break 3,Right Side(R),16-24 ft.,23,219,89,1,1,20190710,ATL,CON,2019,1021900086547,23900,validated,1627673,1,matched,playbyplayv2,1611661330,202662|203826|1627673|1627675|1627678,complete,playbyplay_inferred,201904|202638|203026|203410|204322,complete,playbyplay_inferred
Shot Chart Detail,1021900086,558,1627675,Courtney Williams,1611661323,Connecticut Sun,4,0,3,Missed Shot,Pullup Jump shot,3PT Field Goal,Above the Break 3,Right Side Center(RC),16-24 ft.,23,80,222,1,0,20190710,ATL,CON,2019,1021900086558,23970,validated,,0,matched,playbyplayv2,1611661330,202662|203015|1627670|1627673|1627675,complete,playbyplay_inferred,201904|202638|203026|203410|204322,complete,playbyplay_inferred
Shot Chart Detail,1021900092,30,1627675,Courtney Williams,1611661323,Connecticut Sun,1,7,59,Missed Shot,Pullup Jump shot,2PT Field Goal,Mid-Range,Right Side Center(RC),16-24 ft.,16,108,124,1,0,20190712,CON,PHO,2019,102190009230,1210,validated,,0,matched,playbyplayv2,1611661317,202662|203015|203826|1627673|1627675,complete,playbyplay_inferred,100940|201507|201886|201896|203398,complete,playbyplay_inferred
Shot Chart Detail,1021900092,38,1627675,Courtney Williams,1611661323,Connecticut Sun,1,7,0,Missed Shot,Jump Shot,2PT Field Goal,Mid-Range,Right Side(R),8-16 ft.,12,116,40,1,0,20190712,CON,PHO,2019,102190009238,1800,validated,,0,matched,playbyplayv2,1611661317,202662|203015|203826|1627673|1627675,complete,playbyplay_inferred,100940|201507|201886|201896|203398,complete,playbyplay_inferred
Shot Chart Detail,1021900092,83,1627675,Courtney Williams,1611661323,Connecticut Sun,1,3,37,Missed Shot,Turnaround Fadeaway shot,2PT Field Goal,Mid-Range,Right Side(R),8-16 ft.,12,125,-3,1,0,20190712,CON,PHO,2019,102190009283,3830,validated,,0,matched,playbyplayv2,1611661317,202662|203015|1627670|1627675|1629485,complete,playbyplay_inferred,101023|201507|201886|203389|203398,complete,playbyplay_inferred
Shot Chart Detail,1021900092,259,1627675,Courtney Williams,1611661323,Connecticut Sun,2,0,5,Missed Shot,Pullup Jump shot,2PT Field Goal,In The Paint (Non-RA),Right Side(R),8-16 ft.,10,60,83,1,0,20190712,CON,PHO,2019,1021900092259,11950,validated,,0,matched,playbyplayv2,1611661317,202662|203015|203826|1627673|1627675,complete,playbyplay_inferred,100940|101023|201886|201896|203398,complete,playbyplay_inferred
Shot Chart Detail,1021900092,292,1627675,Courtney Williams,1611661323,Connecticut Sun,3,7,41,Made Shot,Floating Jump shot,2PT Field Goal,In The Paint (Non-RA),Center(C),Less Than 8 ft.,5,-52,1,1,1,20190712,CON,PHO,2019,1021900092292,13390,validated,203826,1,matched,playbyplayv2,1611661317,202662|203015|203826|1627673|1627675,complete,playbyplay_inferred,100940|201507|201886|201896|203398,complete,playbyplay_inferred
Shot Chart Detail,1021900092,300,1627675,Courtney Williams,1611661323,Connecticut Sun,3,6,53,Made Shot,Pullup Jump shot,2PT Field Goal,In The Paint (Non-RA),Right Side(R),8-16 ft.,14,73,120,1,1,20190712,CON,PHO,2019,1021900092300,13870,validated,,0,matched,playbyplayv2,1611661317,202662|203015|203826|1627673|1627675,complete,playbyplay_inferred,100940|201507|201886|201896|203398,complete,playbyplay_inferred
Shot Chart Detail,1021900092,314,1627675,Courtney Williams,1611661323,Connecticut Sun,3,6,2,Missed Shot,Jump Shot,3PT Field Goal,Above the Break 3,Right Side Center(RC),24+ ft.,24,219,112,1,0,20190712,CON,PHO,2019,1021900092314,14380,validated,,0,matched,playbyplayv2,1611661317,202662|203015|203826|1627673|1627675,complete,playbyplay_inferred,201067|201507|201886|203389|203398,complete,playbyplay_inferred
Shot Chart Detail,1021900092,318,1627675,Courtney Williams,1611661323,Connecticut Sun,3,5,44,Missed Shot,Jump Shot,2PT Field Goal,Mid-Range,Right Side(R),8-16 ft.,13,126,42,1,0,20190712,CON,PHO,2019,1021900092318,14560,validated,,0,matched,playbyplayv2,1611661317,202662|203015|203826|1627673|1627675,complete,playbyplay_inferred,201067|201507|201886|203389|203398,complete,playbyplay_inferred
Shot Chart Detail,1021900092,330,1627675,Courtney Williams,1611661323,Connecticut Sun,3,5,10,Made Shot,Running Layup Shot,2PT Field Goal,In The Paint (Non-RA),Center(C),Less Than 8 ft.,4,39,-9,1,1,20190712,CON,PHO,2019,1021900092330,14900,validated,203826,1,matched,playbyplayv2,1611661317,202662|203015|203826|1627673|1627675,complete,playbyplay_inferred,201067|201507|201886|203389|203398,complete,playbyplay_inferred
Shot Chart Detail,1021900092,343,1627675,Courtney Williams,1611661323,Connecticut Sun,3,4,11,Made Shot,Pullup Jump shot,2PT Field Goal,Mid-Range,Right Side(R),16-24 ft.,16,145,71,1,1,20190712,CON,PHO,2019,1021900092343,15490,validated,,0,matched,playbyplayv2,1611661317,202662|203015|203826|1627673|1627675,complete,playbyplay_inferred,201067|201507|201886|203389|203398,complete,playbyplay_inferred
Shot Chart Detail,1021900092,347,1627675,Courtney Williams,1611661323,Connecticut Sun,3,3,44,Missed Shot,Driving Reverse Layup Shot,2PT Field Goal,In The Paint (Non-RA),Center(C),Less Than 8 ft.,6,-60,9,1,0,20190712,CON,PHO,2019,1021900092347,15760,validated,,0,matched,playbyplayv2,1611661317,202662|203015|203826|1627673|1627675,complete,playbyplay_inferred,100940|201067|201886|203389|203398,complete,playbyplay_inferred
Shot Chart Detail,1021900092,437,1627675,Courtney Williams,1611661323,Connecticut Sun,4,6,1,Missed Shot,Driving Layup Shot,2PT Field Goal,In The Paint (Non-RA),Center(C),Less Than 8 ft.,7,71,26,1,0,20190712,CON,PHO,2019,1021900092437,20390,validated,,0,matched,playbyplayv2,1611661317,202662|203826|1627675|1627678|1629485,complete,playbyplay_inferred,201502|201886|201896|203389|203398,complete,playbyplay_inferred
Shot Chart Detail,1021900092,442,1627675,Courtney Williams,1611661323,Connecticut Sun,4,5,51,Made Shot,Pullup Jump shot,2PT Field Goal,Mid-Range,Right Side Center(RC),16-24 ft.,17,128,113,1,1,20190712,CON,PHO,2019,1021900092442,20490,validated,,0,matched,playbyplayv2,1611661317,202662|203826|1627675|1627678|1629485,complete,playbyplay_inferred,201502|201507|201886|203389|203398,complete,playbyplay_inferred
Shot Chart Detail,1021900097,19,1627675,Courtney Williams,1611661323,Connecticut Sun,1,8,22,Missed Shot,Layup Shot,2PT Field Goal,Restricted Area,Center(C),Less Than 8 ft.,1,19,4,1,0,20190714,IND,CON,2019,102190009719,980,validated,,0,matched,playbyplayv2,1611661325,202662|203015|203826|1627673|1627675,complete,playbyplay_inferred,200676|203831|204335|204365|1628909,complete,playbyplay_inferred
Shot Chart Detail,1021900097,22,1627675,Courtney Williams,1611661323,Connecticut Sun,1,8,14,Missed Shot,Jump Shot,2PT Field Goal,Mid-Range,Right Side(R),16-24 ft.,20,201,11,1,0,20190714,IND,CON,2019,102190009722,1060,validated,,0,matched,playbyplayv2,1611661325,202662|203015|203826|1627673|1627675,complete,playbyplay_inferred,200676|203831|204335|204365|1628909,complete,playbyplay_inferred
Shot Chart Detail,1021900097,55,1627675,Courtney Williams,1611661323,Connecticut Sun,1,3,51,Missed Shot,Pullup Jump shot,2PT Field Goal,Mid-Range,Right Side(R),16-24 ft.,21,200,69,1,0,20190714,IND,CON,2019,102190009755,3690,validated,,0,matched,playbyplayv2,1611661325,202662|203015|203826|1627673|1627675,complete,playbyplay_inferred,200676|203831|204335|204365|1628909,complete,playbyplay_inferred
Shot Chart Detail,1021900097,175,1627675,Courtney Williams,1611661323,Connecticut Sun,2,7,51,Made Shot,Cutting Layup Shot,2PT Field Goal,Restricted Area,Center(C),Less Than 8 ft.,0,3,-4,1,1,20190714,IND,CON,2019,1021900097175,7290,validated,1627673,1,matched,playbyplayv2,1611661325,203015|1627670|1627673|1627675|1629567,complete,playbyplay_inferred,200676|204365|1627676|1628906|1629568,complete,playbyplay_inferred
Shot Chart Detail,1021900097,185,1627675,Courtney Williams,1611661323,Connecticut Sun,2,6,17,Made Shot,Driving Finger Roll Layup Shot,2PT Field Goal,Restricted Area,Center(C),Less Than 8 ft.,1,7,10,1,1,20190714,IND,CON,2019,1021900097185,8230,validated,,0,matched,playbyplayv2,1611661325,203015|1627670|1627673|1627675|1629567,complete,playbyplay_inferred,200676|204365|1627676|1628906|1629568,complete,playbyplay_inferred
Shot Chart Detail,1021900097,211,1627675,Courtney Williams,1611661323,Connecticut Sun,2,4,42,Made Shot,Driving Layup Shot,2PT Field Goal,Restricted Area,Center(C),Less Than 8 ft.,1,-17,7,1,1,20190714,IND,CON,2019,1021900097211,9180,validated,203826,1,matched,playbyplayv2,1611661325,203015|203826|1627673|1627675|1629567,complete,playbyplay_inferred,200676|204335|1628909|1629479|1629568,complete,playbyplay_inferred
Shot Chart Detail,1021900097,225,1627675,Courtney Williams,1611661323,Connecticut Sun,2,3,52,Missed Shot,Pullup Jump shot,2PT Field Goal,Mid-Range,Left Side Center(LC),16-24 ft.,18,-114,146,1,0,20190714,IND,CON,2019,1021900097225,9680,validated,,0,matched,playbyplayv2,1611661325,202662|203015|203826|1627673|1627675,complete,playbyplay_inferred,200676|203018|203831|204335|1628909,complete,playbyplay_inferred
Shot Chart Detail,1021900097,232,1627675,Courtney Williams,1611661323,Connecticut Sun,2,2,58,Missed Shot,Floating Jump shot,2PT Field Goal,Restricted Area,Center(C),Less Than 8 ft.,3,-2,37,1,0,20190714,IND,CON,2019,1021900097232,10220,validated,,0,matched,playbyplayv2,1611661325,202662|203015|203826|1627673|1627675,complete,playbyplay_inferred,200676|203018|203831|204335|1628909,complete,playbyplay_inferred
Shot Chart Detail,1021900097,286,1627675,Courtney Williams,1611661323,Connecticut Sun,3,7,37,Missed Shot,Pullup Jump shot,2PT Field Goal,Mid-Range,Center(C),16-24 ft.,16,5,164,1,0,20190714,IND,CON,2019,1021900097286,13430,validated,,0,matched,playbyplayv2,1611661325,202662|203015|203826|1627673|1627675,complete,playbyplay_inferred,200676|203831|204335|204365|1628909,complete,playbyplay_inferred
Shot Chart Detail,1021900097,296,1627675,Courtney Williams,1611661323,Connecticut Sun,3,6,17,Missed Shot,Pullup Jump shot,2PT Field Goal,Mid-Range,Left Side(L),8-16 ft.,15,-124,98,1,0,20190714,IND,CON,2019,1021900097296,14230,validated,,0,matched,playbyplayv2,1611661325,202662|203015|203826|1627673|1627675,complete,playbyplay_inferred,200676|203831|204335|204365|1628909,complete,playbyplay_inferred
Shot Chart Detail,1021900097,461,1627675,Courtney Williams,1611661323,Connecticut Sun,4,5,7,Made Shot,Pullup Jump shot,2PT Field Goal,Mid-Range,Right Side Center(RC),16-24 ft.,20,138,146,1,1,20190714,IND,CON,2019,1021900097461,20930,validated,,0,matched,playbyplayv2,1611661325,202662|203826|1627673|1627675|1627678,complete,playbyplay_inferred,200676|204335|1627676|1628909|1629479,complete,playbyplay_inferred
Shot Chart Detail,1021900097,494,1627675,Courtney Williams,1611661323,Connecticut Sun,4,1,46,Missed Shot,Pullup Jump shot,2PT Field Goal,Mid-Range,Right Side Center(RC),16-24 ft.,18,127,133,1,0,20190714,IND,CON,2019,1021900097494,22940,validated,,0,matched,playbyplayv2,1611661325,202662|1627670|1627673|1627675|1627678,complete,playbyplay_inferred,203831|204335|1627676|1628909|1629479,complete,playbyplay_inferred
Shot Chart Detail,1021900106,20,1627675,Courtney Williams,1611661323,Connecticut Sun,1,8,39,Made Shot,Pullup Jump shot,2PT Field Goal,Mid-Range,Right Side Center(RC),16-24 ft.,17,98,145,1,1,20190719,CON,ATL,2019,102190010620,810,validated,,0,matched,playbyplayv2,1611661330,202662|203015|203826|1627673|1627675,complete,playbyplay_inferred,201904|202638|203410|204322|1628279,complete,playbyplay_inferred
Shot Chart Detail,1021900106,40,1627675,Courtney Williams,1611661323,Connecticut Sun,1,6,25,Missed Shot,Jump Shot,2PT Field Goal,Mid-Range,Right Side Center(RC),16-24 ft.,16,135,100,1,0,20190719,CON,ATL,2019,102190010640,2150,validated,,0,matched,playbyplayv2,1611661330,202662|203015|203826|1627673|1627675,complete,playbyplay_inferred,201904|202638|203410|204322|1628279,complete,playbyplay_inferred
Shot Chart Detail,1021900106,63,1627675,Courtney Williams,1611661323,Connecticut Sun,1,4,43,Made Shot,Driving Floating Jump Shot,2PT Field Goal,In The Paint (Non-RA),Center(C),Less Than 8 ft.,6,-25,62,1,1,20190719,CON,ATL,2019,102190010663,3170,validated,,0,matched,playbyplayv2,1611661330,203826|1627673|1627675|1627678|1629567,complete,playbyplay_inferred,202638|203410|204322|1628279|1629569,complete,playbyplay_inferred
Shot Chart Detail,1021900106,253,1627675,Courtney Williams,1611661323,Connecticut Sun,2,1,14,Missed Shot,Driving Finger Roll Layup Shot,2PT Field Goal,In The Paint (Non-RA),Center(C),Less Than 8 ft.,7,24,76,1,0,20190719,CON,ATL,2019,1021900106253,11260,validated,,0,matched,playbyplayv2,1611661330,202662|1627670|1627673|1627675|1627678,complete,playbyplay_inferred,201904|203410|204322|1628269|1629569,complete,playbyplay_inferred
Shot Chart Detail,1021900106,272,1627675,Courtney Williams,1611661323,Connecticut Sun,2,0,50,Missed Shot,Jump Shot,2PT Field Goal,Mid-Range,Center(C),16-24 ft.,19,-13,199,1,0,20190719,CON,ATL,2019,1021900106272,11500,validated,,0,matched,playbyplayv2,1611661330,203826|1627673|1627675|1627678|1629567,complete,playbyplay_inferred,201904|204322|1628269|1628279|1629569,complete,playbyplay_inferred
Shot Chart Detail,1021900106,306,1627675,Courtney Williams,1611661323,Connecticut Sun,3,9,39,Missed Shot,Jump Shot,2PT Field Goal,Mid-Range,Center(C),16-24 ft.,19,1,199,1,0,20190719,CON,ATL,2019,1021900106306,12210,validated,,0,matched,playbyplayv2,1611661330,202662|203015|203826|1627673|1627675,complete,playbyplay_inferred,201904|202638|203410|204322|1628279,complete,playbyplay_inferred
Shot Chart Detail,1021900106,312,1627675,Courtney Williams,1611661323,Connecticut Sun,3,8,56,Made Shot,Pullup Jump shot,2PT Field Goal,Mid-Range,Center(C),8-16 ft.,14,-49,139,1,1,20190719,CON,ATL,2019,1021900106312,12640,validated,,0,matched,playbyplayv2,1611661330,202662|203015|203826|1627673|1627675,complete,playbyplay_inferred,201904|202638|203410|204322|1628279,complete,playbyplay_inferred
Shot Chart Detail,1021900106,321,1627675,Courtney Williams,1611661323,Connecticut Sun,3,7,55,Made Shot,Driving Layup Shot,2PT Field Goal,In The Paint (Non-RA),Center(C),Less Than 8 ft.,4,40,15,1,1,20190719,CON,ATL,2019,1021900106321,13250,validated,203826,1,matched,playbyplayv2,1611661330,202662|203015|203826|1627673|1627675,complete,playbyplay_inferred,201904|202638|203410|204322|1628279,complete,playbyplay_inferred
Shot Chart Detail,1021900106,325,1627675,Courtney Williams,1611661323,Connecticut Sun,3,7,21,Missed Shot,Pullup Jump shot,2PT Field Goal,In The Paint (Non-RA),Center(C),Less Than 8 ft.,6,-47,38,1,0,20190719,CON,ATL,2019,1021900106325,13590,validated,,0,matched,playbyplayv2,1611661330,202662|203015|203826|1627673|1627675,complete,playbyplay_inferred,201904|202638|203410|204322|1628279,complete,playbyplay_inferred
Shot Chart Detail,1021900106,349,1627675,Courtney Williams,1611661323,Connecticut Sun,3,5,21,Missed Shot,Driving Finger Roll Layup Shot,2PT Field Goal,In The Paint (Non-RA),Center(C),Less Than 8 ft.,6,48,48,1,0,20190719,CON,ATL,2019,1021900106349,14790,validated,,0,matched,playbyplayv2,1611661330,202662|203015|203826|1627673|1627675,complete,playbyplay_inferred,201904|202638|1628279|1628895|1629569,complete,playbyplay_inferred
Shot Chart Detail,1021900106,360,1627675,Courtney Williams,1611661323,Connecticut Sun,3,4,15,Missed Shot,Pullup Jump shot,2PT Field Goal,Mid-Range,Right Side(R),8-16 ft.,15,126,92,1,0,20190719,CON,ATL,2019,1021900106360,15450,validated,,0,matched,playbyplayv2,1611661330,202662|203015|203826|1627673|1627675,complete,playbyplay_inferred,201904|202638|1628279|1628895|1629569,complete,playbyplay_inferred
Shot Chart Detail,1021900116,11,1627675,Courtney Williams,1611661323,Connecticut Sun,1,9,30,Missed Shot,Running Layup Shot,2PT Field Goal,Restricted Area,Center(C),Less Than 8 ft.,2,24,4,1,0,20190724,CON,NYL,2019,102190011611,300,validated,,0,matched,playbyplayv2,1611661313,202662|203015|203826|1627673|1627675,complete,playbyplay_inferred,101030|202250|203829|204320|1628915,complete,playbyplay_inferred
Shot Chart Detail,1021900116,35,1627675,Courtney Williams,1611661323,Connecticut Sun,1,6,24,Made Shot,Reverse Layup Shot,2PT Field Goal,Restricted Area,Center(C),Less Than 8 ft.,1,-12,7,1,1,20190724,CON,NYL,2019,102190011635,2160,validated,202662,1,matched,playbyplayv2,1611661313,202662|203015|203826|1627673|1627675,complete,playbyplay_inferred,101030|202250|203829|204320|1628915,complete,playbyplay_inferred
Shot Chart Detail,1021900116,181,1627675,Courtney Williams,1611661323,Connecticut Sun,2,7,4,Made Shot,Pullup Jump shot,2PT Field Goal,In The Paint (Non-RA),Center(C),8-16 ft.,13,-34,133,1,1,20190724,CON,NYL,2019,1021900116181,7760,validated,202662,1,matched,playbyplayv2,1611661313,202662|203826|1627673|1627675|1627678,complete,playbyplay_inferred,204296|204327|204334|1628248|1629476,complete,playbyplay_inferred
Shot Chart Detail,1021900116,185,1627675,Courtney Williams,1611661323,Connecticut Sun,2,6,36,Made Shot,Running Pull-Up Jump Shot,2PT Field Goal,Mid-Range,Center(C),8-16 ft.,14,-37,140,1,1,20190724,CON,NYL,2019,1021900116185,8040,validated,,0,matched,playbyplayv2,1611661313,202662|203826|1627673|1627675|1627678,complete,playbyplay_inferred,204296|204327|204334|1628248|1629476,complete,playbyplay_inferred
Shot Chart Detail,1021900116,204,1627675,Courtney Williams,1611661323,Connecticut Sun,2,5,35,Made Shot,Pullup Jump shot,2PT Field Goal,In The Paint (Non-RA),Center(C),8-16 ft.,8,-39,79,1,1,20190724,CON,NYL,2019,1021900116204,8650,validated,1627678,1,matched,playbyplayv2,1611661313,202662|203826|1627673|1627675|1627678,complete,playbyplay_inferred,203829|204327|204334|1628248|1629546,complete,playbyplay_inferred
Shot Chart Detail,1021900116,225,1627675,Courtney Williams,1611661323,Connecticut Sun,2,4,18,Made Shot,Pullup Jump shot,2PT Field Goal,Mid-Range,Left Side Center(LC),16-24 ft.,16,-53,156,1,1,20190724,CON,NYL,2019,1021900116225,9420,validated,1627678,1,matched,playbyplayv2,1611661313,202662|203826|1627673|1627675|1627678,complete,playbyplay_inferred,101030|202250|203829|204320|1629546,complete,playbyplay_inferred
Shot Chart Detail,1021900116,235,1627675,Courtney Williams,1611661323,Connecticut Sun,2,2,52,Missed Shot,Driving Layup Shot,2PT Field Goal,In The Paint (Non-RA),Center(C),Less Than 8 ft.,5,10,55,1,0,20190724,CON,NYL,2019,1021900116235,10280,validated,,0,matched,playbyplayv2,1611661313,202662|203826|1627673|1627675|1627678,complete,playbyplay_inferred,101030|202250|203829|204320|1629546,complete,playbyplay_inferred
Shot Chart Detail,1021900116,241,1627675,Courtney Williams,1611661323,Connecticut Sun,2,2,47,Missed Shot,Jump Shot,2PT Field Goal,Mid-Range,Right Side(R),8-16 ft.,14,145,35,1,0,20190724,CON,NYL,2019,1021900116241,10330,validated,,0,matched,playbyplayv2,1611661313,202662|203826|1627673|1627675|1627678,complete,playbyplay_inferred,101030|202250|203829|204320|1629546,complete,playbyplay_inferred
Shot Chart Detail,1021900116,244,1627675,Courtney Williams,1611661323,Connecticut Sun,2,2,27,Missed Shot,Jump Shot,2PT Field Goal,Mid-Range,Left Side Center(LC),16-24 ft.,19,-61,185,1,0,20190724,CON,NYL,2019,1021900116244,10530,validated,,0,matched,playbyplayv2,1611661313,202662|203826|1627673|1627675|1627678,complete,playbyplay_inferred,101030|202250|203829|204320|1629546,complete,playbyplay_inferred
Shot Chart Detail,1021900116,251,1627675,Courtney Williams,1611661323,Connecticut Sun,2,2,6,Missed Shot,Running Pull-Up Jump Shot,2PT Field Goal,Mid-Range,Center(C),16-24 ft.,16,-22,160,1,0,20190724,CON,NYL,2019,1021900116251,10740,validated,,0,matched,playbyplayv2,1611661313,202662|203826|1627673|1627675|1627678,complete,playbyplay_inferred,101030|202250|203829|204320|1629546,complete,playbyplay_inferred
Shot Chart Detail,1021900116,317,1627675,Courtney Williams,1611661323,Connecticut Sun,3,7,20,Missed Shot,Jump Shot,2PT Field Goal,Mid-Range,Right Side Center(RC),16-24 ft.,17,103,139,1,0,20190724,CON,NYL,2019,1021900116317,13600,validated,,0,matched,playbyplayv2,1611661313,202662|203015|203826|1627673|1627675,complete,playbyplay_inferred,101030|202250|203829|204296|204320,complete,playbyplay_inferred
Shot Chart Detail,1021900116,335,1627675,Courtney Williams,1611661323,Connecticut Sun,3,5,39,Missed Shot,Running Pull-Up Jump Shot,2PT Field Goal,Mid-Range,Center(C),16-24 ft.,18,23,188,1,0,20190724,CON,NYL,2019,1021900116335,14610,validated,,0,matched,playbyplayv2,1611661313,202662|203015|203826|1627673|1627675,complete,playbyplay_inferred,101030|202250|204296|204320|1629546,complete,playbyplay_inferred
Shot Chart Detail,1021900116,486,1627675,Courtney Williams,1611661323,Connecticut Sun,4,5,30,Made Shot,Driving Finger Roll Layup Shot,2PT Field Goal,In The Paint (Non-RA),Center(C),Less Than 8 ft.,7,67,25,1,1,20190724,CON,NYL,2019,1021900116486,20700,validated,,0,matched,playbyplayv2,1611661313,202662|203015|1627670|1627673|1627675,complete,playbyplay_inferred,101030|202250|203829|204320|1628915,complete,playbyplay_inferred
Shot Chart Detail,1021900116,516,1627675,Courtney Williams,1611661323,Connecticut Sun,4,4,2,Missed Shot,Jump Shot,2PT Field Goal,Mid-Range,Right Side(R),16-24 ft.,20,186,85,1,0,20190724,CON,NYL,2019,1021900116516,21580,validated,,0,matched,playbyplayv2,1611661313,202662|203826|1627673|1627675|1627678,complete,playbyplay_inferred,202250|203829|204327|204334|1629476,complete,playbyplay_inferred
Shot Chart Detail,1021900116,538,1627675,Courtney Williams,1611661323,Connecticut Sun,4,2,53,Missed Shot,Driving Layup Shot,2PT Field Goal,Mid-Range,Left Side(L),8-16 ft.,10,-104,1,1,0,20190724,CON,NYL,2019,1021900116538,22270,validated,,0,matched,playbyplayv2,1611661313,202662|203015|203826|1627673|1627675,complete,playbyplay_inferred,202250|203829|204327|204334|1628915,complete,playbyplay_inferred
Shot Chart Detail,1021900118,28,1627675,Courtney Williams,1611661323,Connecticut Sun,1,7,30,Missed Shot,Floating Jump shot,2PT Field Goal,In The Paint (Non-RA),Center(C),Less Than 8 ft.,7,-46,62,1,0,20190730,CON,CHI,2019,102190011828,1500,validated,,0,matched,playbyplayv2,1611661329,202662|203015|203826|1627673|1627675,complete,playbyplay_inferred,201516|202650|202664|203828|1628890,complete,playbyplay_inferred
Shot Chart Detail,1021900118,32,1627675,Courtney Williams,1611661323,Connecticut Sun,1,7,13,Made Shot,Jump Shot,2PT Field Goal,Mid-Range,Right Side(R),16-24 ft.,17,178,4,1,1,20190730,CON,CHI,2019,102190011832,1670,validated,202662,1,matched,playbyplayv2,1611661329,202662|203015|203826|1627673|1627675,complete,playbyplay_inferred,201516|202650|202664|203828|1628890,complete,playbyplay_inferred
Shot Chart Detail,1021900118,42,1627675,Courtney Williams,1611661323,Connecticut Sun,1,6,16,Made Shot,Jump Shot,2PT Field Goal,Mid-Range,Right Side(R),8-16 ft.,13,130,-9,1,1,20190730,CON,CHI,2019,102190011842,2240,validated,203826,1,matched,playbyplayv2,1611661329,202662|203015|203826|1627673|1627675,complete,playbyplay_inferred,201516|202650|202664|203828|1628890,complete,playbyplay_inferred
Shot Chart Detail,1021900118,183,1627675,Courtney Williams,1611661323,Connecticut Sun,2,8,5,Made Shot,Jump Shot,3PT Field Goal,Above the Break 3,Center(C),24+ ft.,27,-1,276,1,1,20190730,CON,CHI,2019,1021900118183,7150,validated,1627673,1,matched,playbyplayv2,1611661329,203015|1627670|1627673|1627675|1629567,complete,playbyplay_inferred,201516|202664|203828|203838|1627674,complete,playbyplay_inferred
Shot Chart Detail,1021900118,328,1627675,Courtney Williams,1611661323,Connecticut Sun,2,0,3,Missed Shot,Pullup Jump shot,2PT Field Goal,Mid-Range,Center(C),8-16 ft.,15,49,149,1,0,20190730,CON,CHI,2019,1021900118328,11970,validated,,0,matched,playbyplayv2,1611661329,202662|203826|1627673|1627675|1627678,complete,playbyplay_inferred,202650|203857|204323|1627674|1628890,complete,playbyplay_inferred
Shot Chart Detail,1021900118,353,1627675,Courtney Williams,1611661323,Connecticut Sun,3,9,13,Missed Shot,Jump Shot,2PT Field Goal,Mid-Range,Right Side Center(RC),16-24 ft.,17,107,133,1,0,20190730,CON,CHI,2019,1021900118353,12470,validated,,0,matched,playbyplayv2,1611661329,202662|203015|203826|1627673|1627675,complete,playbyplay_inferred,201516|202650|202664|203828|1628890,complete,playbyplay_inferred
Shot Chart Detail,1021900118,392,1627675,Courtney Williams,1611661323,Connecticut Sun,3,5,53,Missed Shot,Running Layup Shot,2PT Field Goal,Restricted Area,Center(C),Less Than 8 ft.,3,35,-1,1,0,20190730,CON,CHI,2019,1021900118392,14470,validated,,0,matched,playbyplayv2,1611661329,202662|203015|203826|1627673|1627675,complete,playbyplay_inferred,201516|202650|202664|203828|1628890,complete,playbyplay_inferred
Shot Chart Detail,1021900122,51,1627675,Courtney Williams,1611661323,Connecticut Sun,1,5,20,Missed Shot,Pullup Jump shot,2PT Field Goal,Mid-Range,Right Side Center(RC),16-24 ft.,17,85,152,1,0,20190801,CON,PHO,2019,102190012251,2800,validated,,0,matched,playbyplayv2,1611661317,202662|203015|203826|1627673|1627675,complete,playbyplay_inferred,201507|201886|201896|203398|1629482,complete,playbyplay_inferred
Shot Chart Detail,1021900122,190,1627675,Courtney Williams,1611661323,Connecticut Sun,2,6,32,Missed Shot,Pullup Jump shot,2PT Field Goal,Mid-Range,Right Side(R),16-24 ft.,18,182,33,1,0,20190801,CON,PHO,2019,1021900122190,8080,validated,,0,matched,playbyplayv2,1611661317,203826|1627673|1627675|1627678|1629567,complete,playbyplay_inferred,201886|201896|203389|203398|1629488,complete,playbyplay_inferred
Shot Chart Detail,1021900122,204,1627675,Courtney Williams,1611661323,Connecticut Sun,2,6,5,Missed Shot,Driving Floating Jump Shot,2PT Field Goal,In The Paint (Non-RA),Right Side(R),8-16 ft.,9,53,83,1,0,20190801,CON,PHO,2019,1021900122204,8350,validated,,0,matched,playbyplayv2,1611661317,202662|203015|203826|1627673|1627675,complete,playbyplay_inferred,201067|201507|201886|201896|1629501,complete,playbyplay_inferred
Shot Chart Detail,1021900122,209,1627675,Courtney Williams,1611661323,Connecticut Sun,2,5,53,Missed Shot,Driving Floating Jump Shot,2PT Field Goal,In The Paint (Non-RA),Center(C),Less Than 8 ft.,7,55,54,1,0,20190801,CON,PHO,2019,1021900122209,8470,validated,,0,matched,playbyplayv2,1611661317,202662|203015|203826|1627673|1627675,complete,playbyplay_inferred,201067|201507|201886|201896|1629501,complete,playbyplay_inferred
Shot Chart Detail,1021900122,334,1627675,Courtney Williams,1611661323,Connecticut Sun,3,5,19,Made Shot,Jump Shot,2PT Field Goal,Mid-Range,Right Side Center(RC),16-24 ft.,17,96,142,1,1,20190801,CON,PHO,2019,1021900122334,14810,validated,,0,matched,playbyplayv2,1611661317,202662|203015|203826|1627673|1627675,complete,playbyplay_inferred,201507|201886|203389|1629482|1629488,complete,playbyplay_inferred
Shot Chart Detail,1021900122,446,1627675,Courtney Williams,1611661323,Connecticut Sun,4,7,19,Made Shot,Pullup Jump shot,2PT Field Goal,Mid-Range,Right Side(R),8-16 ft.,14,101,108,1,1,20190801,CON,PHO,2019,1021900122446,19610,validated,,0,matched,playbyplayv2,1611661317,202662|1627670|1627675|1627678|1629485,complete,playbyplay_inferred,201067|201507|201886|201896|1629482,complete,playbyplay_inferred
Shot Chart Detail,1021900122,465,1627675,Courtney Williams,1611661323,Connecticut Sun,4,5,31,Made Shot,Floating Jump shot,2PT Field Goal,In The Paint (Non-RA),Center(C),8-16 ft.,9,36,87,1,1,20190801,CON,PHO,2019,1021900122465,20690,validated,,0,matched,playbyplayv2,1611661317,202662|1627670|1627673|1627675|1627678,complete,playbyplay_inferred,201507|201886|201896|1629482|1629488,complete,playbyplay_inferred
Shot Chart Detail,1021900122,472,1627675,Courtney Williams,1611661323,Connecticut Sun,4,5,2,Made Shot,Running Finger Roll Layup Shot,2PT Field Goal,Restricted Area,Center(C),Less Than 8 ft.,2,19,16,1,1,20190801,CON,PHO,2019,1021900122472,20980,validated,202662,1,matched,playbyplayv2,1611661317,202662|1627670|1627673|1627675|1627678,complete,playbyplay_inferred,201507|201886|201896|1629482|1629488,complete,playbyplay_inferred
Shot Chart Detail,1021900122,506,1627675,Courtney Williams,1611661323,Connecticut Sun,4,2,48,Made Shot,Pullup Jump shot,2PT Field Goal,Mid-Range,Center(C),16-24 ft.,16,-7,161,1,1,20190801,CON,PHO,2019,1021900122506,22320,validated,1627673,1,matched,playbyplayv2,1611661317,202662|203015|1627670|1627673|1627675,complete,playbyplay_inferred,201067|201507|201886|203389|1629488,complete,playbyplay_inferred
Shot Chart Detail,1021900122,510,1627675,Courtney Williams,1611661323,Connecticut Sun,4,2,11,Made Shot,Driving Floating Jump Shot,2PT Field Goal,In The Paint (Non-RA),Center(C),Less Than 8 ft.,6,-64,5,1,1,20190801,CON,PHO,2019,1021900122510,22690,validated,1627670,1,matched,playbyplayv2,1611661317,202662|203015|1627670|1627673|1627675,complete,playbyplay_inferred,201067|201507|201886|203389|1629488,complete,playbyplay_inferred
Shot Chart Detail,1021900122,514,1627675,Courtney Williams,1611661323,Connecticut Sun,4,1,29,Missed Shot,Driving Floating Jump Shot,2PT Field Goal,In The Paint (Non-RA),Center(C),8-16 ft.,11,39,113,1,0,20190801,CON,PHO,2019,1021900122514,23110,validated,,0,matched,playbyplayv2,1611661317,202662|203015|1627670|1627673|1627675,complete,playbyplay_inferred,201067|201507|201886|203389|1629488,complete,playbyplay_inferred
Shot Chart Detail,1021900129,7,1627675,Courtney Williams,1611661323,Connecticut Sun,1,9,45,Missed Shot,Pullup Jump shot,2PT Field Goal,Mid-Range,Right Side(R),16-24 ft.,18,181,2,1,0,20190804,NYL,CON,2019,10219001297,150,validated,,0,matched,playbyplayv2,1611661313,202662|203015|203826|1627673|1627675,complete,playbyplay_inferred,101030|202250|204320|1628915|1629476,complete,playbyplay_inferred
Shot Chart Detail,1021900129,24,1627675,Courtney Williams,1611661323,Connecticut Sun,1,8,20,Made Shot,Jump Shot,2PT Field Goal,Mid-Range,Left Side(L),16-24 ft.,16,-166,22,1,1,20190804,NYL,CON,2019,102190012924,1000,validated,203826,1,matched,playbyplayv2,1611661313,202662|203015|203826|1627673|1627675,complete,playbyplay_inferred,101030|202250|204320|1628915|1629476,complete,playbyplay_inferred
Shot Chart Detail,1021900129,37,1627675,Courtney Williams,1611661323,Connecticut Sun,1,6,49,Made Shot,Pullup Jump shot,2PT Field Goal,Mid-Range,Right Side Center(RC),16-24 ft.,18,103,149,1,1,20190804,NYL,CON,2019,102190012937,1910,validated,203015,1,matched,playbyplayv2,1611661313,202662|203015|203826|1627673|1627675,complete,playbyplay_inferred,101030|202250|204320|1628915|1629476,complete,playbyplay_inferred
Shot Chart Detail,1021900129,49,1627675,Courtney Williams,1611661323,Connecticut Sun,1,5,21,Made Shot,Pullup Jump shot,2PT Field Goal,Mid-Range,Right Side(R),16-24 ft.,17,146,99,1,1,20190804,NYL,CON,2019,102190012949,2790,validated,202662,1,matched,playbyplayv2,1611661313,202662|203015|203826|1627673|1627675,complete,playbyplay_inferred,101030|202250|204320|1628915|1629476,complete,playbyplay_inferred
Shot Chart Detail,1021900129,71,1627675,Courtney Williams,1611661323,Connecticut Sun,1,3,21,Made Shot,Jump Shot,2PT Field Goal,Mid-Range,Right Side(R),8-16 ft.,14,148,-16,1,1,20190804,NYL,CON,2019,102190012971,3990,validated,202662,1,matched,playbyplayv2,1611661313,202662|203015|203826|1627673|1627675,complete,playbyplay_inferred,101030|202250|204334|1628915|1629476,complete,playbyplay_inferred
Shot Chart Detail,1021900129,208,1627675,Courtney Williams,1611661323,Connecticut Sun,2,6,10,Missed Shot,Pullup Jump shot,2PT Field Goal,In The Paint (Non-RA),Center(C),8-16 ft.,11,6,115,1,0,20190804,NYL,CON,2019,1021900129208,8300,validated,,0,matched,playbyplayv2,1611661313,203015|1627670|1627673|1627675|1629567,complete,playbyplay_inferred,202250|203829|204320|1628915|1629546,complete,playbyplay_inferred
Shot Chart Detail,1021900129,236,1627675,Courtney Williams,1611661323,Connecticut Sun,2,4,57,Missed Shot,Pullup Jump shot,3PT Field Goal,Above the Break 3,Left Side Center(LC),16-24 ft.,23,-160,173,1,0,20190804,NYL,CON,2019,1021900129236,9030,validated,,0,matched,playbyplayv2,1611661313,202662|203015|203826|1627673|1627675,complete,playbyplay_inferred,202250|203829|204320|1628915|1629546,complete,playbyplay_inferred
Shot Chart Detail,1021900129,257,1627675,Courtney Williams,1611661323,Connecticut Sun,2,3,21,Made Shot,Jump Shot,3PT Field Goal,Above the Break 3,Left Side Center(LC),24+ ft.,24,-172,172,1,1,20190804,NYL,CON,2019,1021900129257,9990,validated,203015,1,matched,playbyplayv2,1611661313,202662|203015|203826|1627673|1627675,complete,playbyplay_inferred,202250|203829|204320|1628915|1629546,complete,playbyplay_inferred
Shot Chart Detail,1021900129,270,1627675,Courtney Williams,1611661323,Connecticut Sun,2,2,15,Made Shot,Driving Floating Jump Shot,2PT Field Goal,Mid-Range,Right Side(R),8-16 ft.,11,85,77,1,1,20190804,NYL,CON,2019,1021900129270,10650,validated,202662,1,matched,playbyplayv2,1611661313,202662|203015|203826|1627673|1627675,complete,playbyplay_inferred,202250|203829|204334|1628915|1629546,complete,playbyplay_inferred
Shot Chart Detail,1021900129,288,1627675,Courtney Williams,1611661323,Connecticut Sun,2,0,44,Missed Shot,Step Back Jump shot,2PT Field Goal,Mid-Range,Right Side(R),8-16 ft.,15,128,79,1,0,20190804,NYL,CON,2019,1021900129288,11560,validated,,0,matched,playbyplayv2,1611661313,202662|203015|203826|1627673|1627675,complete,playbyplay_inferred,202250|203829|204334|1628915|1629546,complete,playbyplay_inferred
Shot Chart Detail,1021900129,294,1627675,Courtney Williams,1611661323,Connecticut Sun,2,0,30,Made Shot,Driving Floating Jump Shot,2PT Field Goal,In The Paint (Non-RA),Center(C),8-16 ft.,10,28,102,1,1,20190804,NYL,CON,2019,1021900129294,11700,validated,203015,1,matched,playbyplayv2,1611661313,202662|203015|203826|1627673|1627675,complete,playbyplay_inferred,202250|203829|204334|1628915|1629546,complete,playbyplay_inferred
Shot Chart Detail,1021900129,315,1627675,Courtney Williams,1611661323,Connecticut Sun,3,9,15,Missed Shot,Pullup Jump shot,2PT Field Goal,Mid-Range,Right Side Center(RC),16-24 ft.,20,65,193,1,0,20190804,NYL,CON,2019,1021900129315,12450,validated,,0,matched,playbyplayv2,1611661313,202662|203015|203826|1627673|1627675,complete,playbyplay_inferred,101030|202250|204320|1628915|1629476,complete,playbyplay_inferred
Shot Chart Detail,1021900129,333,1627675,Courtney Williams,1611661323,Connecticut Sun,3,7,42,Made Shot,Jump Shot,2PT Field Goal,Mid-Range,Left Side(L),8-16 ft.,14,-147,0,1,1,20190804,NYL,CON,2019,1021900129333,13380,validated,1627673,1,matched,playbyplayv2,1611661313,202662|203015|203826|1627673|1627675,complete,playbyplay_inferred,101030|202250|204320|1628915|1629476,complete,playbyplay_inferred
Shot Chart Detail,1021900129,342,1627675,Courtney Williams,1611661323,Connecticut Sun,3,6,47,Made Shot,Pullup Jump shot,2PT Field Goal,Mid-Range,Right Side(R),8-16 ft.,9,83,49,1,1,20190804,NYL,CON,2019,1021900129342,13930,validated,1627673,1,matched,playbyplayv2,1611661313,202662|203015|203826|1627673|1627675,complete,playbyplay_inferred,101030|202250|204320|1628915|1629476,complete,playbyplay_inferred
Shot Chart Detail,1021900129,352,1627675,Courtney Williams,1611661323,Connecticut Sun,3,6,10,Missed Shot,Step Back Jump shot,2PT Field Goal,Mid-Range,Right Side(R),8-16 ft.,15,121,94,1,0,20190804,NYL,CON,2019,1021900129352,14300,validated,,0,matched,playbyplayv2,1611661313,202662|203015|203826|1627673|1627675,complete,playbyplay_inferred,101030|202250|204334|1628915|1629476,complete,playbyplay_inferred
Shot Chart Detail,1021900129,422,1627675,Courtney Williams,1611661323,Connecticut Sun,3,1,21,Made Shot,Pullup Jump shot,2PT Field Goal,Mid-Range,Left Side Center(LC),16-24 ft.,16,-73,151,1,1,20190804,NYL,CON,2019,1021900129422,17190,validated,,0,matched,playbyplayv2,1611661313,203826|1627673|1627675|1627678|1629567,complete,playbyplay_inferred,202250|203829|1628248|1628915|1629546,complete,playbyplay_inferred
Shot Chart Detail,1021900129,535,1627675,Courtney Williams,1611661323,Connecticut Sun,4,2,13,Made Shot,Pullup Jump shot,2PT Field Goal,In The Paint (Non-RA),Center(C),8-16 ft.,13,-53,129,1,1,20190804,NYL,CON,2019,1021900129535,22670,validated,,0,matched,playbyplayv2,1611661313,203826|1627671|1627673|1627675|1627678,complete,playbyplay_inferred,202250|204296|204320|204327|1629476,complete,playbyplay_inferred
Shot Chart Detail,1021900129,556,1627675,Courtney Williams,1611661323,Connecticut Sun,4,1,9,Made Shot,Pullup Jump shot,2PT Field Goal,Mid-Range,Center(C),8-16 ft.,15,-8,157,1,1,20190804,NYL,CON,2019,1021900129556,23310,validated,,0,matched,playbyplayv2,1611661313,1627670|1627671|1627673|1627675|1627678,complete,playbyplay_inferred,202250|204296|204320|204327|1629476,complete,playbyplay_inferred
Shot Chart Detail,1021900137,24,1627675,Courtney Williams,1611661323,Connecticut Sun,1,7,54,Missed Shot,Pullup Jump shot,2PT Field Goal,Mid-Range,Center(C),16-24 ft.,16,43,164,1,0,20190809,MIN,CON,2019,102190013724,1260,validated,,0,matched,playbyplayv2,1611661324,202662|203015|203826|1627673|1627675,complete,playbyplay_inferred,,missing_rotation,
Shot Chart Detail,1021900137,38,1627675,Courtney Williams,1611661323,Connecticut Sun,1,6,44,Missed Shot,Pullup Jump shot,2PT Field Goal,Mid-Range,Center(C),8-16 ft.,14,-11,148,1,0,20190809,MIN,CON,2019,102190013738,1960,validated,,0,matched,playbyplayv2,1611661324,202662|203015|203826|1627673|1627675,complete,playbyplay_inferred,,missing_rotation,
Shot Chart Detail,1021900137,85,1627675,Courtney Williams,1611661323,Connecticut Sun,1,2,22,Made Shot,Driving Layup Shot,2PT Field Goal,Restricted Area,Center(C),Less Than 8 ft.,0,2,6,1,1,20190809,MIN,CON,2019,102190013785,4580,validated,,0,matched,playbyplayv2,1611661324,203015|203826|1627673|1627675|1629567,complete,playbyplay_inferred,,missing_rotation,
Shot Chart Detail,1021900137,88,1627675,Courtney Williams,1611661323,Connecticut Sun,1,1,46,Made Shot,Pullup Jump shot,2PT Field Goal,Mid-Range,Right Side(R),8-16 ft.,13,133,23,1,1,20190809,MIN,CON,2019,102190013788,4940,validated,203826,1,matched,playbyplayv2,1611661324,203015|203826|1627673|1627675|1629567,complete,playbyplay_inferred,,missing_rotation,
Shot Chart Detail,1021900137,236,1627675,Courtney Williams,1611661323,Connecticut Sun,2,4,26,Made Shot,Pullup Jump shot,2PT Field Goal,Mid-Range,Center(C),16-24 ft.,18,-22,183,1,1,20190809,MIN,CON,2019,1021900137236,9340,validated,,0,matched,playbyplayv2,1611661324,202662|203015|203826|1627673|1627675,complete,playbyplay_inferred,200671|201480|202658|203024|203824,complete,playbyplay_inferred
Shot Chart Detail,1021900137,258,1627675,Courtney Williams,1611661323,Connecticut Sun,2,3,18,Missed Shot,Pullup Jump shot,2PT Field Goal,Mid-Range,Right Side Center(RC),16-24 ft.,19,121,154,1,0,20190809,MIN,CON,2019,1021900137258,10020,validated,,0,matched,playbyplayv2,1611661324,202662|203015|203826|1627673|1627675,complete,playbyplay_inferred,200671|201480|202658|203024|203824,complete,playbyplay_inferred
Shot Chart Detail,1021900137,341,1627675,Courtney Williams,1611661323,Connecticut Sun,3,8,45,Made Shot,Jump Shot,2PT Field Goal,Mid-Range,Center(C),16-24 ft.,18,11,188,1,1,20190809,MIN,CON,2019,1021900137341,12750,validated,,0,matched,playbyplayv2,1611661324,202662|203015|203826|1627673|1627675,complete,playbyplay_inferred,200671|201480|203024|203824|1629483,complete,playbyplay_inferred
Shot Chart Detail,1021900137,360,1627675,Courtney Williams,1611661323,Connecticut Sun,3,7,10,Missed Shot,Pullup Jump shot,2PT Field Goal,Mid-Range,Left Side Center(LC),16-24 ft.,17,-103,145,1,0,20190809,MIN,CON,2019,1021900137360,13700,validated,,0,matched,playbyplayv2,1611661324,202662|203015|203826|1627673|1627675,complete,playbyplay_inferred,201480|202658|203024|203824|1629483,complete,playbyplay_inferred
Shot Chart Detail,1021900137,363,1627675,Courtney Williams,1611661323,Connecticut Sun,3,6,36,Missed Shot,Jump Shot,2PT Field Goal,Mid-Range,Left Side(L),8-16 ft.,8,-83,1,1,0,20190809,MIN,CON,2019,1021900137363,14040,validated,,0,matched,playbyplayv2,1611661324,202662|203015|203826|1627673|1627675,complete,playbyplay_inferred,201480|202658|203024|203824|1629483,complete,playbyplay_inferred
Shot Chart Detail,1021900144,12,1627675,Courtney Williams,1611661323,Connecticut Sun,1,9,6,Missed Shot,Pullup Jump shot,2PT Field Goal,In The Paint (Non-RA),Center(C),8-16 ft.,12,48,115,1,0,20190811,LVA,CON,2019,102190014412,540,validated,,0,matched,playbyplayv2,1611661319,202662|203015|203826|1627673|1627675,complete,playbyplay_inferred,202633|203825|204324|1628276|1629498,complete,playbyplay_inferred
Shot Chart Detail,1021900144,28,1627675,Courtney Williams,1611661323,Connecticut Sun,1,7,35,Made Shot,Pullup Jump shot,2PT Field Goal,Mid-Range,Right Side(R),16-24 ft.,17,156,79,1,1,20190811,LVA,CON,2019,102190014428,1450,validated,,0,matched,playbyplayv2,1611661319,202662|203015|203826|1627673|1627675,complete,playbyplay_inferred,202633|203825|204324|1628276|1629498,complete,playbyplay_inferred
Shot Chart Detail,1021900144,50,1627675,Courtney Williams,1611661323,Connecticut Sun,1,5,7,Made Shot,Cutting Layup Shot,2PT Field Goal,Restricted Area,Center(C),Less Than 8 ft.,2,-22,20,1,1,20190811,LVA,CON,2019,102190014450,2930,validated,202662,1,matched,playbyplayv2,1611661319,202662|203015|203826|1627673|1627675,complete,playbyplay_inferred,202633|203825|204324|1628276|1629498,complete,playbyplay_inferred
Shot Chart Detail,1021900144,64,1627675,Courtney Williams,1611661323,Connecticut Sun,1,3,51,Made Shot,Jump Shot,2PT Field Goal,Mid-Range,Right Side(R),8-16 ft.,15,156,9,1,1,20190811,LVA,CON,2019,102190014464,3690,validated,202662,1,matched,playbyplayv2,1611661319,202662|203015|203826|1627673|1627675,complete,playbyplay_inferred,202633|203825|204324|1628276|1629498,complete,playbyplay_inferred
Shot Chart Detail,1021900144,84,1627675,Courtney Williams,1611661323,Connecticut Sun,1,2,38,Missed Shot,Pullup Jump shot,2PT Field Goal,Mid-Range,Left Side(L),16-24 ft.,19,-170,98,1,0,20190811,LVA,CON,2019,102190014484,4420,validated,,0,matched,playbyplayv2,1611661319,202662|203826|1627673|1627675|1627678,complete,playbyplay_inferred,201477|202633|203411|204324|1628276,complete,playbyplay_inferred
Shot Chart Detail,1021900144,175,1627675,Courtney Williams,1611661323,Connecticut Sun,2,7,43,Missed Shot,Turnaround Jump Shot,2PT Field Goal,In The Paint (Non-RA),Left Side(L),8-16 ft.,12,-70,98,1,0,20190811,LVA,CON,2019,1021900144175,7370,validated,,0,matched,playbyplayv2,1611661319,202662|203849|1627670|1627675|1627678,complete,playbyplay_inferred,201477|202633|202641|203825|204324,complete,playbyplay_inferred
Shot Chart Detail,1021900144,236,1627675,Courtney Williams,1611661323,Connecticut Sun,2,4,58,Made Shot,Pullup Jump shot,2PT Field Goal,Mid-Range,Right Side(R),16-24 ft.,16,163,19,1,1,20190811,LVA,CON,2019,1021900144236,9020,validated,,0,matched,playbyplayv2,1611661319,202662|203015|1627670|1627673|1627675,complete,playbyplay_inferred,202633|203825|204324|1628276|1629498,complete,playbyplay_inferred
Shot Chart Detail,1021900144,284,1627675,Courtney Williams,1611661323,Connecticut Sun,2,1,17,Made Shot,Floating Jump shot,2PT Field Goal,Mid-Range,Left Side(L),8-16 ft.,12,-91,92,1,1,20190811,LVA,CON,2019,1021900144284,11230,validated,,0,matched,playbyplayv2,1611661319,202662|203015|203826|203849|1627675,complete,playbyplay_inferred,202670|203825|204324|1628276|1629498,complete,playbyplay_inferred
Shot Chart Detail,1021900144,316,1627675,Courtney Williams,1611661323,Connecticut Sun,3,9,32,Missed Shot,Pullup Jump shot,2PT Field Goal,Mid-Range,Right Side Center(RC),16-24 ft.,18,135,123,1,0,20190811,LVA,CON,2019,1021900144316,12280,validated,,0,matched,playbyplayv2,1611661319,202662|203015|203826|1627673|1627675,complete,playbyplay_inferred,202633|203825|204324|1628276|1629498,complete,playbyplay_inferred
Shot Chart Detail,1021900144,337,1627675,Courtney Williams,1611661323,Connecticut Sun,3,7,58,Made Shot,Cutting Layup Shot,2PT Field Goal,In The Paint (Non-RA),Center(C),Less Than 8 ft.,7,-53,50,1,1,20190811,LVA,CON,2019,1021900144337,13220,validated,1627673,1,matched,playbyplayv2,1611661319,202662|203015|203826|1627673|1627675,complete,playbyplay_inferred,202633|203825|204324|1628276|1629498,complete,playbyplay_inferred
Shot Chart Detail,1021900144,340,1627675,Courtney Williams,1611661323,Connecticut Sun,3,7,13,Missed Shot,Pullup Jump shot,2PT Field Goal,Mid-Range,Right Side(R),8-16 ft.,12,112,65,1,0,20190811,LVA,CON,2019,1021900144340,13670,validated,,0,matched,playbyplayv2,1611661319,202662|203015|203826|1627673|1627675,complete,playbyplay_inferred,202633|203825|204324|1628276|1629498,complete,playbyplay_inferred
Shot Chart Detail,1021900144,351,1627675,Courtney Williams,1611661323,Connecticut Sun,3,6,14,Missed Shot,Floating Jump shot,2PT Field Goal,In The Paint (Non-RA),Center(C),8-16 ft.,11,6,114,1,0,20190811,LVA,CON,2019,1021900144351,14260,validated,,0,matched,playbyplayv2,1611661319,202662|203015|203826|1627673|1627675,complete,playbyplay_inferred,202633|203825|204324|1628276|1629498,complete,playbyplay_inferred
Shot Chart Detail,1021900144,383,1627675,Courtney Williams,1611661323,Connecticut Sun,3,3,36,Missed Shot,Pullup Jump shot,2PT Field Goal,Mid-Range,Left Side(L),8-16 ft.,14,-143,-9,1,0,20190811,LVA,CON,2019,1021900144383,15840,validated,,0,matched,playbyplayv2,1611661319,202662|203826|1627673|1627675|1627678,complete,playbyplay_inferred,202670|203825|204324|1628276|1629498,complete,playbyplay_inferred
Shot Chart Detail,1021900144,517,1627675,Courtney Williams,1611661323,Connecticut Sun,4,4,9,Missed Shot,Jump Shot,3PT Field Goal,Above the Break 3,Right Side Center(RC),24+ ft.,24,200,139,1,0,20190811,LVA,CON,2019,1021900144517,21510,validated,,0,matched,playbyplayv2,1611661319,202662|203826|1627673|1627675|1627678,complete,playbyplay_inferred,202633|203825|204324|1628276|1629498,complete,playbyplay_inferred
Shot Chart Detail,1021900144,529,1627675,Courtney Williams,1611661323,Connecticut Sun,4,3,8,Missed Shot,Pullup Jump shot,2PT Field Goal,Mid-Range,Left Side(L),16-24 ft.,16,-153,50,1,0,20190811,LVA,CON,2019,1021900144529,22120,validated,,0,matched,playbyplayv2,1611661319,202662|203826|1627673|1627675|1627678,complete,playbyplay_inferred,202633|203825|204324|1628276|1629498,complete,playbyplay_inferred
Shot Chart Detail,1021900144,540,1627675,Courtney Williams,1611661323,Connecticut Sun,4,2,6,Missed Shot,Floating Jump shot,2PT Field Goal,In The Paint (Non-RA),Center(C),Less Than 8 ft.,7,12,79,1,0,20190811,LVA,CON,2019,1021900144540,22740,validated,,0,matched,playbyplayv2,1611661319,202662|203015|203826|1627673|1627675,complete,playbyplay_inferred,202633|203825|204324|1628276|1629498,complete,playbyplay_inferred
Shot Chart Detail,1021900149,70,1627675,Courtney Williams,1611661323,Connecticut Sun,1,3,37,Made Shot,Running Reverse Layup Shot,2PT Field Goal,Restricted Area,Center(C),Less Than 8 ft.,0,1,2,1,1,20190814,PHO,CON,2019,102190014970,3830,validated,202662,1,matched,playbyplayv2,1611661317,202662|203015|203826|1627673|1627675,complete,playbyplay_inferred,201067|201507|201886|201896|1629488,complete,playbyplay_inferred
Shot Chart Detail,1021900149,252,1627675,Courtney Williams,1611661323,Connecticut Sun,2,1,17,Missed Shot,Jump Shot,2PT Field Goal,Mid-Range,Left Side(L),8-16 ft.,10,-97,40,1,0,20190814,PHO,CON,2019,1021900149252,11230,validated,,0,matched,playbyplayv2,1611661317,202662|203826|1627673|1627675|1627678,complete,playbyplay_inferred,201507|201886|201896|203859|1629488,complete,playbyplay_inferred
Shot Chart Detail,1021900149,256,1627675,Courtney Williams,1611661323,Connecticut Sun,2,1,3,Made Shot,Running Layup Shot,2PT Field Goal,Restricted Area,Center(C),Less Than 8 ft.,2,4,23,1,1,20190814,PHO,CON,2019,1021900149256,11370,validated,202662,1,matched,playbyplayv2,1611661317,202662|203826|1627673|1627675|1627678,complete,playbyplay_inferred,201507|201886|201896|203859|1629488,complete,playbyplay_inferred
Shot Chart Detail,1021900149,313,1627675,Courtney Williams,1611661323,Connecticut Sun,3,7,35,Made Shot,Pullup Jump shot,2PT Field Goal,Mid-Range,Left Side(L),8-16 ft.,13,-120,54,1,1,20190814,PHO,CON,2019,1021900149313,13450,validated,,0,matched,playbyplayv2,1611661317,202662|203015|203826|1627673|1627675,complete,playbyplay_inferred,201507|201886|203389|1629482|1629488,complete,playbyplay_inferred
Shot Chart Detail,1021900149,317,1627675,Courtney Williams,1611661323,Connecticut Sun,3,7,20,Made Shot,Jump Shot,2PT Field Goal,Mid-Range,Left Side Center(LC),16-24 ft.,20,-132,162,1,1,20190814,PHO,CON,2019,1021900149317,13600,validated,,0,matched,playbyplayv2,1611661317,202662|203015|203826|1627673|1627675,complete,playbyplay_inferred,201507|201886|203389|1629482|1629488,complete,playbyplay_inferred
Shot Chart Detail,1021900149,359,1627675,Courtney Williams,1611661323,Connecticut Sun,3,4,44,Missed Shot,Pullup Jump shot,2PT Field Goal,Mid-Range,Left Side Center(LC),16-24 ft.,18,-71,174,1,0,20190814,PHO,CON,2019,1021900149359,15160,validated,,0,matched,playbyplayv2,1611661317,202662|203015|203826|1627673|1627675,complete,playbyplay_inferred,201067|201507|201886|201896|1629488,complete,playbyplay_inferred
Shot Chart Detail,1021900149,377,1627675,Courtney Williams,1611661323,Connecticut Sun,3,3,44,Made Shot,Pullup Jump shot,2PT Field Goal,In The Paint (Non-RA),Center(C),8-16 ft.,11,-47,106,1,1,20190814,PHO,CON,2019,1021900149377,15760,validated,,0,matched,playbyplayv2,1611661317,202662|203015|203826|1627673|1627675,complete,playbyplay_inferred,201067|201507|201886|201896|1629488,complete,playbyplay_inferred
Shot Chart Detail,1021900149,460,1627675,Courtney Williams,1611661323,Connecticut Sun,4,7,34,Missed Shot,Floating Jump shot,2PT Field Goal,Mid-Range,Right Side(R),8-16 ft.,10,108,-20,1,0,20190814,PHO,CON,2019,1021900149460,19460,validated,,0,matched,playbyplayv2,1611661317,202662|203826|1627673|1627675|1627678,complete,playbyplay_inferred,201067|201507|203389|203859|1629488,complete,playbyplay_inferred
Shot Chart Detail,1021900149,509,1627675,Courtney Williams,1611661323,Connecticut Sun,4,3,27,Missed Shot,Driving Floating Jump Shot,2PT Field Goal,In The Paint (Non-RA),Center(C),8-16 ft.,12,-13,127,1,0,20190814,PHO,CON,2019,1021900149509,21930,validated,,0,matched,playbyplayv2,1611661317,202662|203015|203826|1627673|1627675,complete,playbyplay_inferred,201067|201507|201886|203389|1629488,complete,playbyplay_inferred
Shot Chart Detail,1021900150,138,1627675,Courtney Williams,1611661323,Connecticut Sun,2,9,35,Missed Shot,Jump Shot,2PT Field Goal,Mid-Range,Right Side Center(RC),16-24 ft.,17,103,143,1,0,20190816,CON,SEA,2019,1021900150138,6250,validated,,0,matched,playbyplayv2,1611661328,202662|203849|1627670|1627675|1627678,complete,playbyplay_inferred,201518|203827|204319|204321|204355,complete,playbyplay_inferred
Shot Chart Detail,1021900150,144,1627675,Courtney Williams,1611661323,Connecticut Sun,2,8,55,Missed Shot,Jump Shot,2PT Field Goal,Mid-Range,Left Side(L),16-24 ft.,18,-176,39,1,0,20190816,CON,SEA,2019,1021900150144,6650,validated,,0,matched,playbyplayv2,1611661328,202662|203849|1627670|1627675|1627678,complete,playbyplay_inferred,201518|203827|204319|204321|204355,complete,playbyplay_inferred
Shot Chart Detail,1021900150,306,1627675,Courtney Williams,1611661323,Connecticut Sun,3,8,51,Made Shot,Driving Layup Shot,2PT Field Goal,Restricted Area,Center(C),Less Than 8 ft.,2,25,7,1,1,20190816,CON,SEA,2019,1021900150306,12690,validated,203826,1,matched,playbyplayv2,1611661328,202662|203015|203826|1627673|1627675,complete,playbyplay_inferred,201919|202252|203827|1628244|1628920,complete,playbyplay_inferred
Shot Chart Detail,1021900150,329,1627675,Courtney Williams,1611661323,Connecticut Sun,3,6,34,Made Shot,Running Layup Shot,2PT Field Goal,Restricted Area,Center(C),Less Than 8 ft.,1,-11,-7,1,1,20190816,CON,SEA,2019,1021900150329,14060,validated,,0,matched,playbyplayv2,1611661328,202662|203015|203826|1627673|1627675,complete,playbyplay_inferred,201919|202252|203827|1628244|1628920,complete,playbyplay_inferred
Shot Chart Detail,1021900150,352,1627675,Courtney Williams,1611661323,Connecticut Sun,3,4,27,Missed Shot,Pullup Jump shot,2PT Field Goal,Mid-Range,Right Side Center(RC),16-24 ft.,20,86,181,1,0,20190816,CON,SEA,2019,1021900150352,15330,validated,,0,matched,playbyplayv2,1611661328,202662|203015|203826|1627673|1627675,complete,playbyplay_inferred,202252|203827|204319|1628244|1628920,complete,playbyplay_inferred
Shot Chart Detail,1021900150,421,1627675,Courtney Williams,1611661323,Connecticut Sun,4,8,29,Made Shot,Jump Shot,2PT Field Goal,Mid-Range,Center(C),8-16 ft.,15,75,140,1,1,20190816,CON,SEA,2019,1021900150421,18910,validated,,0,matched,playbyplayv2,1611661328,202662|203015|203826|1627673|1627675,complete,playbyplay_inferred,201518|203827|204319|204321|1628244,complete,playbyplay_inferred
Shot Chart Detail,1021900150,424,1627675,Courtney Williams,1611661323,Connecticut Sun,4,8,13,Missed Shot,Layup Shot,2PT Field Goal,In The Paint (Non-RA),Center(C),Less Than 8 ft.,4,-49,-7,1,0,20190816,CON,SEA,2019,1021900150424,19070,validated,,0,matched,playbyplayv2,1611661328,202662|203015|203826|1627673|1627675,complete,playbyplay_inferred,201518|203827|204319|204321|1628244,complete,playbyplay_inferred
Shot Chart Detail,1021900150,485,1627675,Courtney Williams,1611661323,Connecticut Sun,4,4,12,Made Shot,Pullup Jump shot,2PT Field Goal,In The Paint (Non-RA),Center(C),8-16 ft.,13,50,125,1,1,20190816,CON,SEA,2019,1021900150485,21480,validated,203826,1,matched,playbyplayv2,1611661328,202662|203015|203826|1627675|1628280,complete,playbyplay_inferred,201518|202252|203827|204319|1628244,complete,playbyplay_inferred
Shot Chart Detail,1021900150,524,1627675,Courtney Williams,1611661323,Connecticut Sun,4,1,49,Missed Shot,Jump Shot,2PT Field Goal,In The Paint (Non-RA),Center(C),8-16 ft.,13,61,115,1,0,20190816,CON,SEA,2019,1021900150524,22910,validated,,0,matched,playbyplayv2,1611661328,202662|203015|203826|1627673|1627675,complete,playbyplay_inferred,201518|202252|203827|204319|1628244,complete,playbyplay_inferred
Shot Chart Detail,1021900150,553,1627675,Courtney Williams,1611661323,Connecticut Sun,4,0,20,Missed Shot,Jump Shot,2PT Field Goal,In The Paint (Non-RA),Center(C),Less Than 8 ft.,7,-66,36,1,0,20190816,CON,SEA,2019,1021900150553,23800,validated,,0,matched,playbyplayv2,1611661328,202662|203015|203826|1627673|1627675,complete,playbyplay_inferred,201518|202252|203827|204319|1628244,complete,playbyplay_inferred
Shot Chart Detail,1021900155,28,1627675,Courtney Williams,1611661323,Connecticut Sun,1,7,14,Made Shot,Running Pull-Up Jump Shot,2PT Field Goal,Mid-Range,Right Side(R),8-16 ft.,14,119,79,1,1,20190818,CON,DAL,2019,102190015528,1660,validated,1627673,1,matched,playbyplayv2,1611661321,202662|203015|203826|1627673|1627675,complete,playbyplay_inferred,203017|203866|204330|1628277|1629481,complete,playbyplay_inferred
Shot Chart Detail,1021900155,35,1627675,Courtney Williams,1611661323,Connecticut Sun,1,6,15,Missed Shot,Pullup Jump shot,2PT Field Goal,Mid-Range,Center(C),16-24 ft.,18,44,183,1,0,20190818,CON,DAL,2019,102190015535,2250,validated,,0,matched,playbyplayv2,1611661321,202662|203015|203826|1627673|1627675,complete,playbyplay_inferred,203017|203866|204330|1628277|1629481,complete,playbyplay_inferred
Shot Chart Detail,1021900155,64,1627675,Courtney Williams,1611661323,Connecticut Sun,1,3,25,Made Shot,Jump Shot,2PT Field Goal,Mid-Range,Center(C),16-24 ft.,18,-13,189,1,1,20190818,CON,DAL,2019,102190015564,3950,validated,202662,1,matched,playbyplayv2,1611661321,202662|203015|203826|1627673|1627675,complete,playbyplay_inferred,203017|203866|204330|1628277|1629481,complete,playbyplay_inferred
Shot Chart Detail,1021900155,169,1627675,Courtney Williams,1611661323,Connecticut Sun,2,6,16,Missed Shot,Pullup Jump shot,2PT Field Goal,Mid-Range,Right Side Center(RC),16-24 ft.,19,150,125,1,0,20190818,CON,DAL,2019,1021900155169,8240,validated,,0,matched,playbyplayv2,1611661321,203849|1627670|1627675|1627678|1629567,complete,playbyplay_inferred,203866|204330|1628907|1629481|1629484,complete,playbyplay_inferred
Shot Chart Detail,1021900155,255,1627675,Courtney Williams,1611661323,Connecticut Sun,3,9,44,Made Shot,Pullup Jump shot,2PT Field Goal,Mid-Range,Left Side Center(LC),16-24 ft.,19,-116,158,1,1,20190818,CON,DAL,2019,1021900155255,12160,validated,203015,1,matched,playbyplayv2,1611661321,202662|203015|203826|1627673|1627675,complete,playbyplay_inferred,203017|203866|204330|1628277|1629481,complete,playbyplay_inferred
Shot Chart Detail,1021900155,280,1627675,Courtney Williams,1611661323,Connecticut Sun,3,6,39,Missed Shot,Pullup Jump shot,2PT Field Goal,Mid-Range,Center(C),16-24 ft.,18,-39,183,1,0,20190818,CON,DAL,2019,1021900155280,14010,validated,,0,matched,playbyplayv2,1611661321,202662|203015|203826|1627673|1627675,complete,playbyplay_inferred,203017|203866|204330|1628277|1628907,complete,playbyplay_inferred
Shot Chart Detail,1021900155,285,1627675,Courtney Williams,1611661323,Connecticut Sun,3,6,13,Missed Shot,Floating Jump shot,2PT Field Goal,In The Paint (Non-RA),Center(C),8-16 ft.,8,31,83,1,0,20190818,CON,DAL,2019,1021900155285,14270,validated,,0,matched,playbyplayv2,1611661321,202662|203015|203826|1627673|1627675,complete,playbyplay_inferred,203017|203866|204330|1628277|1628907,complete,playbyplay_inferred
Shot Chart Detail,1021900155,295,1627675,Courtney Williams,1611661323,Connecticut Sun,3,5,21,Missed Shot,Driving Finger Roll Layup Shot,2PT Field Goal,Restricted Area,Center(C),Less Than 8 ft.,2,23,2,1,0,20190818,CON,DAL,2019,1021900155295,14790,validated,,0,matched,playbyplayv2,1611661321,202662|203015|203826|1627673|1627675,complete,playbyplay_inferred,203017|203866|204330|1628277|1628907,complete,playbyplay_inferred
Shot Chart Detail,1021900155,394,1627675,Courtney Williams,1611661323,Connecticut Sun,4,8,50,Made Shot,Jump Shot,2PT Field Goal,Mid-Range,Left Side(L),16-24 ft.,19,-182,64,1,1,20190818,CON,DAL,2019,1021900155394,18700,validated,1629567,1,matched,playbyplayv2,1611661321,1627670|1627673|1627675|1627678|1629567,complete,playbyplay_inferred,203017|203866|204330|1628907|1629481,complete,playbyplay_inferred
Shot Chart Detail,1021900155,398,1627675,Courtney Williams,1611661323,Connecticut Sun,4,8,27,Made Shot,Pullup Jump shot,2PT Field Goal,Mid-Range,Right Side(R),16-24 ft.,17,145,90,1,1,20190818,CON,DAL,2019,1021900155398,18930,validated,,0,matched,playbyplayv2,1611661321,1627670|1627673|1627675|1627678|1629567,complete,playbyplay_inferred,203017|203866|204330|1628907|1629481,complete,playbyplay_inferred
Shot Chart Detail,1021900155,404,1627675,Courtney Williams,1611661323,Connecticut Sun,4,7,47,Missed Shot,Driving Layup Shot,2PT Field Goal,Restricted Area,Center(C),Less Than 8 ft.,2,15,16,1,0,20190818,CON,DAL,2019,1021900155404,19330,validated,,0,matched,playbyplayv2,1611661321,1627670|1627673|1627675|1627678|1629567,complete,playbyplay_inferred,203017|204330|1628277|1628907|1629481,complete,playbyplay_inferred
Shot Chart Detail,1021900155,427,1627675,Courtney Williams,1611661323,Connecticut Sun,4,6,16,Made Shot,Pullup Jump shot,2PT Field Goal,Mid-Range,Left Side(L),8-16 ft.,12,-121,7,1,1,20190818,CON,DAL,2019,1021900155427,20240,validated,202662,1,matched,playbyplayv2,1611661321,202662|1627670|1627673|1627675|1627678,complete,playbyplay_inferred,203017|204330|1628277|1628907|1629481,complete,playbyplay_inferred
Shot Chart Detail,1021900155,447,1627675,Courtney Williams,1611661323,Connecticut Sun,4,4,15,Made Shot,Pullup Jump shot,2PT Field Goal,Mid-Range,Right Side(R),16-24 ft.,20,173,106,1,1,20190818,CON,DAL,2019,1021900155447,21450,validated,202662,1,matched,playbyplayv2,1611661321,202662|203015|203826|1627673|1627675,complete,playbyplay_inferred,203017|204330|1628277|1628907|1629481,complete,playbyplay_inferred
Shot Chart Detail,1021900155,461,1627675,Courtney Williams,1611661323,Connecticut Sun,4,2,43,Made Shot,Driving Reverse Layup Shot,2PT Field Goal,Restricted Area,Center(C),Less Than 8 ft.,2,23,9,1,1,20190818,CON,DAL,2019,1021900155461,22370,validated,203826,1,matched,playbyplayv2,1611661321,202662|203015|203826|1627673|1627675,complete,playbyplay_inferred,203017|1627677|1628277|1628907|1629481,complete,playbyplay_inferred
Shot Chart Detail,1021900155,482,1627675,Courtney Williams,1611661323,Connecticut Sun,4,1,47,Made Shot,Jump Shot,2PT Field Goal,Mid-Range,Right Side Center(RC),16-24 ft.,19,76,181,1,1,20190818,CON,DAL,2019,1021900155482,22930,validated,,0,matched,playbyplayv2,1611661321,202662|203015|203826|1627673|1627675,complete,playbyplay_inferred,203866|1627677|1628277|1629481|1629485,complete,playbyplay_inferred
Shot Chart Detail,1021900166,17,1627675,Courtney Williams,1611661323,Connecticut Sun,1,8,56,Made Shot,Pullup Jump shot,2PT Field Goal,Mid-Range,Right Side(R),8-16 ft.,9,96,-2,1,1,20190823,CON,LVA,2019,102190016617,640,validated,203015,1,matched,playbyplayv2,1611661319,202662|203015|203826|1627673|1627675,complete,playbyplay_inferred,202633|203825|1628276|1628932|1629498,complete,playbyplay_inferred
Shot Chart Detail,1021900166,21,1627675,Courtney Williams,1611661323,Connecticut Sun,1,8,26,Made Shot,Pullup Jump shot,2PT Field Goal,Mid-Range,Right Side(R),8-16 ft.,10,96,49,1,1,20190823,CON,LVA,2019,102190016621,940,validated,,0,matched,playbyplayv2,1611661319,202662|203015|203826|1627673|1627675,complete,playbyplay_inferred,202633|203825|1628276|1628932|1629498,complete,playbyplay_inferred
Shot Chart Detail,1021900166,26,1627675,Courtney Williams,1611661323,Connecticut Sun,1,7,55,Made Shot,Driving Finger Roll Layup Shot,2PT Field Goal,Restricted Area,Center(C),Less Than 8 ft.,1,4,12,1,1,20190823,CON,LVA,2019,102190016626,1250,validated,203826,1,matched,playbyplayv2,1611661319,202662|203015|203826|1627673|1627675,complete,playbyplay_inferred,202633|203825|1628276|1628932|1629498,complete,playbyplay_inferred
Shot Chart Detail,1021900166,46,1627675,Courtney Williams,1611661323,Connecticut Sun,1,6,28,Made Shot,Jump Shot,2PT Field Goal,Mid-Range,Left Side Center(LC),16-24 ft.,17,-132,110,1,1,20190823,CON,LVA,2019,102190016646,2120,validated,1627673,1,matched,playbyplayv2,1611661319,202662|203015|203826|1627673|1627675,complete,playbyplay_inferred,202633|203825|1628276|1628932|1629498,complete,playbyplay_inferred
Shot Chart Detail,1021900166,64,1627675,Courtney Williams,1611661323,Connecticut Sun,1,5,6,Missed Shot,Driving Finger Roll Layup Shot,2PT Field Goal,Restricted Area,Center(C),Less Than 8 ft.,2,26,12,1,0,20190823,CON,LVA,2019,102190016664,2940,validated,,0,matched,playbyplayv2,1611661319,202662|203015|203826|1627673|1627675,complete,playbyplay_inferred,201477|202633|203825|1628276|1628932,complete,playbyplay_inferred
Shot Chart Detail,1021900166,92,1627675,Courtney Williams,1611661323,Connecticut Sun,1,3,16,Made Shot,Pullup Jump shot,2PT Field Goal,In The Paint (Non-RA),Center(C),Less Than 8 ft.,4,24,39,1,1,20190823,CON,LVA,2019,102190016692,4040,validated,202662,1,matched,playbyplayv2,1611661319,202662|203015|203826|203849|1627675,complete,playbyplay_inferred,201477|202633|203825|204324|1628276,complete,playbyplay_inferred
Shot Chart Detail,1021900166,140,1627675,Courtney Williams,1611661323,Connecticut Sun,1,0,13,Missed Shot,Driving Floating Jump Shot,2PT Field Goal,In The Paint (Non-RA),Center(C),Less Than 8 ft.,4,14,45,1,0,20190823,CON,LVA,2019,1021900166140,5870,validated,,0,matched,playbyplayv2,1611661319,202662|203826|203849|1627675|1627678,complete,playbyplay_inferred,201477|202670|203825|204324|1628276,complete,playbyplay_inferred
Shot Chart Detail,1021900166,222,1627675,Courtney Williams,1611661323,Connecticut Sun,2,5,43,Made Shot,Pullup Jump shot,2PT Field Goal,Mid-Range,Center(C),16-24 ft.,17,-50,170,1,1,20190823,CON,LVA,2019,1021900166222,8570,validated,203826,1,matched,playbyplayv2,1611661319,202662|203015|203826|203849|1627675,complete,playbyplay_inferred,202633|202641|203825|204324|1628932,complete,playbyplay_inferred
Shot Chart Detail,1021900166,226,1627675,Courtney Williams,1611661323,Connecticut Sun,2,5,10,Missed Shot,Pullup Jump shot,2PT Field Goal,Mid-Range,Center(C),16-24 ft.,19,2,192,1,0,20190823,CON,LVA,2019,1021900166226,8900,validated,,0,matched,playbyplayv2,1611661319,202662|203015|203826|203849|1627675,complete,playbyplay_inferred,202633|202641|203825|204324|1628932,complete,playbyplay_inferred
Shot Chart Detail,1021900166,269,1627675,Courtney Williams,1611661323,Connecticut Sun,2,2,1,Missed Shot,Jump Shot,2PT Field Goal,Mid-Range,Right Side(R),16-24 ft.,16,154,52,1,0,20190823,CON,LVA,2019,1021900166269,10790,validated,,0,matched,playbyplayv2,1611661319,202662|203015|203826|203849|1627675,complete,playbyplay_inferred,201477|203825|204324|1628276|1629498,complete,playbyplay_inferred
Shot Chart Detail,1021900166,310,1627675,Courtney Williams,1611661323,Connecticut Sun,3,9,25,Made Shot,Pullup Jump shot,2PT Field Goal,Mid-Range,Right Side(R),16-24 ft.,20,173,108,1,1,20190823,CON,LVA,2019,1021900166310,12350,validated,202662,1,matched,playbyplayv2,1611661319,202662|203015|203826|1627673|1627675,complete,playbyplay_inferred,202633|203825|1628276|1628932|1629498,complete,playbyplay_inferred
Shot Chart Detail,1021900166,340,1627675,Courtney Williams,1611661323,Connecticut Sun,3,6,23,Missed Shot,Pullup Jump shot,2PT Field Goal,Mid-Range,Left Side(L),8-16 ft.,12,-120,17,1,0,20190823,CON,LVA,2019,1021900166340,14170,validated,,0,matched,playbyplayv2,1611661319,202662|203015|203826|1627673|1627675,complete,playbyplay_inferred,202633|203825|1628276|1628932|1629498,complete,playbyplay_inferred
Shot Chart Detail,1021900166,345,1627675,Courtney Williams,1611661323,Connecticut Sun,3,5,54,Made Shot,Pullup Jump shot,2PT Field Goal,In The Paint (Non-RA),Right Side(R),8-16 ft.,11,78,91,1,1,20190823,CON,LVA,2019,1021900166345,14460,validated,203015,1,matched,playbyplayv2,1611661319,202662|203015|203826|1627673|1627675,complete,playbyplay_inferred,202633|203825|1628276|1628932|1629498,complete,playbyplay_inferred
Shot Chart Detail,1021900166,405,1627675,Courtney Williams,1611661323,Connecticut Sun,3,0,59,Made Shot,Pullup Jump shot,2PT Field Goal,Mid-Range,Center(C),16-24 ft.,16,12,163,1,1,20190823,CON,LVA,2019,1021900166405,17410,validated,1627673,1,matched,playbyplayv2,1611661319,203015|203826|1627670|1627673|1627675,complete,playbyplay_inferred,201477|202641|203411|204324|1628932,complete,playbyplay_inferred
Shot Chart Detail,1021900166,433,1627675,Courtney Williams,1611661323,Connecticut Sun,4,8,29,Missed Shot,Jump Shot,3PT Field Goal,Above the Break 3,Left Side Center(LC),24+ ft.,24,-180,162,1,0,20190823,CON,LVA,2019,1021900166433,18910,validated,,0,matched,playbyplayv2,1611661319,203826|1627670|1627673|1627675|1627678,complete,playbyplay_inferred,201477|202641|203411|204324|1628932,complete,playbyplay_inferred
Shot Chart Detail,1021900166,508,1627675,Courtney Williams,1611661323,Connecticut Sun,4,3,58,Made Shot,Pullup Jump shot,2PT Field Goal,Mid-Range,Right Side Center(RC),16-24 ft.,20,71,187,1,1,20190823,CON,LVA,2019,1021900166508,21620,validated,203826,1,matched,playbyplayv2,1611661319,202662|203826|1627670|1627673|1627675,complete,playbyplay_inferred,202633|204324|1628276|1628932|1629498,complete,playbyplay_inferred
Shot Chart Detail,1021900166,527,1627675,Courtney Williams,1611661323,Connecticut Sun,4,2,35,Missed Shot,Pullup Jump shot,3PT Field Goal,Above the Break 3,Center(C),24+ ft.,24,-17,244,1,0,20190823,CON,LVA,2019,1021900166527,22450,validated,,0,matched,playbyplayv2,1611661319,202662|203826|1627670|1627673|1627675,complete,playbyplay_inferred,202633|203825|204324|1628932|1629498,complete,playbyplay_inferred
Shot Chart Detail,1021900166,539,1627675,Courtney Williams,1611661323,Connecticut Sun,4,1,6,Missed Shot,Driving Finger Roll Layup Shot,2PT Field Goal,Restricted Area,Center(C),Less Than 8 ft.,3,18,27,1,0,20190823,CON,LVA,2019,1021900166539,23340,validated,,0,matched,playbyplayv2,1611661319,202662|203826|1627670|1627673|1627675,complete,playbyplay_inferred,202633|203825|204324|1628932|1629498,complete,playbyplay_inferred
Shot Chart Detail,1021900166,548,1627675,Courtney Williams,1611661323,Connecticut Sun,4,0,44,Missed Shot,Pullup Jump shot,2PT Field Goal,Mid-Range,Right Side(R),8-16 ft.,13,132,27,1,0,20190823,CON,LVA,2019,1021900166548,23560,validated,,0,matched,playbyplayv2,1611661319,202662|203015|203826|1627673|1627675,complete,playbyplay_inferred,202633|203825|1628276|1628932|1629498,complete,playbyplay_inferred
Shot Chart Detail,1021900166,554,1627675,Courtney Williams,1611661323,Connecticut Sun,4,0,10,Made Shot,Pullup Jump shot,2PT Field Goal,Mid-Range,Left Side Center(LC),16-24 ft.,16,-59,158,1,1,20190823,CON,LVA,2019,1021900166554,23900,validated,,0,matched,playbyplayv2,1611661319,202662|203015|203826|1627673|1627675,complete,playbyplay_inferred,202633|203825|1628276|1628932|1629498,complete,playbyplay_inferred
Shot Chart Detail,1021900171,28,1627675,Courtney Williams,1611661323,Connecticut Sun,1,7,41,Made Shot,Jump Shot,2PT Field Goal,Mid-Range,Right Side(R),8-16 ft.,14,146,31,1,1,20190825,LAS,CON,2019,102190017128,1390,validated,202662,1,matched,playbyplayv2,1611661320,202662|203015|203826|1627673|1627675,complete,playbyplay_inferred,201496|203014|203029|203437|203833,complete,playbyplay_inferred
Shot Chart Detail,1021900171,35,1627675,Courtney Williams,1611661323,Connecticut Sun,1,6,56,Missed Shot,Jump Shot,2PT Field Goal,In The Paint (Non-RA),Center(C),8-16 ft.,13,53,126,1,0,20190825,LAS,CON,2019,102190017135,1840,validated,,0,matched,playbyplayv2,1611661320,202662|203015|203826|1627673|1627675,complete,playbyplay_inferred,201496|203014|203029|203437|203833,complete,playbyplay_inferred
Shot Chart Detail,1021900171,67,1627675,Courtney Williams,1611661323,Connecticut Sun,1,3,36,Missed Shot,Jump Shot,2PT Field Goal,In The Paint (Non-RA),Center(C),Less Than 8 ft.,4,28,40,1,0,20190825,LAS,CON,2019,102190017167,3840,validated,,0,matched,playbyplayv2,1611661320,202662|203015|203826|1627673|1627675,complete,playbyplay_inferred,201496|203014|203029|203437|203833,complete,playbyplay_inferred
Shot Chart Detail,1021900171,114,1627675,Courtney Williams,1611661323,Connecticut Sun,1,0,37,Made Shot,Running Layup Shot,2PT Field Goal,Restricted Area,Center(C),Less Than 8 ft.,1,-1,11,1,1,20190825,LAS,CON,2019,1021900171114,5630,validated,,0,matched,playbyplayv2,1611661320,202662|203826|1627673|1627675|1627678,complete,playbyplay_inferred,100949|203437|203823|1628282|1628926,complete,playbyplay_inferred
Shot Chart Detail,1021900171,121,1627675,Courtney Williams,1611661323,Connecticut Sun,1,0,3,Missed Shot,Driving Floating Jump Shot,2PT Field Goal,In The Paint (Non-RA),Center(C),Less Than 8 ft.,7,35,63,1,0,20190825,LAS,CON,2019,1021900171121,5970,validated,,0,matched,playbyplayv2,1611661320,202662|203826|1627673|1627675|1627678,complete,playbyplay_inferred,100949|203823|1628282|1628283|1628926,complete,playbyplay_inferred
Shot Chart Detail,1021900171,218,1627675,Courtney Williams,1611661323,Connecticut Sun,2,2,51,Missed Shot,Reverse Layup Shot,2PT Field Goal,Restricted Area,Center(C),Less Than 8 ft.,1,19,4,1,0,20190825,LAS,CON,2019,1021900171218,10290,validated,,0,matched,playbyplayv2,1611661320,202662|203015|203826|1627673|1627675,complete,playbyplay_inferred,201496|203014|203029|203437|203833,complete,playbyplay_inferred
Shot Chart Detail,1021900171,231,1627675,Courtney Williams,1611661323,Connecticut Sun,2,1,52,Missed Shot,Jump Shot,2PT Field Goal,Mid-Range,Left Side(L),16-24 ft.,17,-171,28,1,0,20190825,LAS,CON,2019,1021900171231,10880,validated,,0,matched,playbyplayv2,1611661320,202662|203015|203826|1627673|1627675,complete,playbyplay_inferred,201496|203014|203029|203437|203833,complete,playbyplay_inferred
Shot Chart Detail,1021900171,243,1627675,Courtney Williams,1611661323,Connecticut Sun,2,1,15,Made Shot,Pullup Jump shot,2PT Field Goal,In The Paint (Non-RA),Center(C),8-16 ft.,10,7,109,1,1,20190825,LAS,CON,2019,1021900171243,11250,validated,,0,matched,playbyplayv2,1611661320,202662|203015|203826|1627673|1627675,complete,playbyplay_inferred,201496|203014|203029|203833|1628282,complete,playbyplay_inferred
Shot Chart Detail,1021900171,265,1627675,Courtney Williams,1611661323,Connecticut Sun,2,0,8,Missed Shot,Reverse Layup Shot,2PT Field Goal,Restricted Area,Center(C),Less Than 8 ft.,2,-23,14,1,0,20190825,LAS,CON,2019,1021900171265,11920,validated,,0,matched,playbyplayv2,1611661320,202662|203015|203826|1627673|1627675,complete,playbyplay_inferred,201496|203014|203029|203833|1628282,complete,playbyplay_inferred
Shot Chart Detail,1021900171,283,1627675,Courtney Williams,1611661323,Connecticut Sun,3,8,44,Missed Shot,Jump Shot,2PT Field Goal,Mid-Range,Right Side(R),8-16 ft.,14,120,77,1,0,20190825,LAS,CON,2019,1021900171283,12760,validated,,0,matched,playbyplayv2,1611661320,202662|203015|203826|1627673|1627675,complete,playbyplay_inferred,201496|203014|203029|203437|203833,complete,playbyplay_inferred
Shot Chart Detail,1021900171,311,1627675,Courtney Williams,1611661323,Connecticut Sun,3,5,38,Missed Shot,Jump Shot,2PT Field Goal,Mid-Range,Left Side(L),16-24 ft.,19,-188,49,1,0,20190825,LAS,CON,2019,1021900171311,14620,validated,,0,matched,playbyplayv2,1611661320,202662|203015|203826|1627673|1627675,complete,playbyplay_inferred,201496|203014|203029|203437|203833,complete,playbyplay_inferred
Shot Chart Detail,1021900171,401,1627675,Courtney Williams,1611661323,Connecticut Sun,4,9,25,Made Shot,Pullup Jump shot,2PT Field Goal,Mid-Range,Right Side(R),8-16 ft.,15,82,135,1,1,20190825,LAS,CON,2019,1021900171401,18350,validated,1627670,1,matched,playbyplayv2,1611661320,202662|1627670|1627673|1627675|1627678,complete,playbyplay_inferred,100949|201496|203014|203833|1628282,complete,playbyplay_inferred
Shot Chart Detail,1021900171,418,1627675,Courtney Williams,1611661323,Connecticut Sun,4,7,19,Made Shot,Cutting Layup Shot,2PT Field Goal,Restricted Area,Center(C),Less Than 8 ft.,1,9,13,1,1,20190825,LAS,CON,2019,1021900171418,19610,validated,1627678,1,matched,playbyplayv2,1611661320,202662|1627670|1627673|1627675|1627678,complete,playbyplay_inferred,100949|201496|203014|203833|1628282,complete,playbyplay_inferred
Shot Chart Detail,1021900171,431,1627675,Courtney Williams,1611661323,Connecticut Sun,4,6,35,Missed Shot,Jump Shot,2PT Field Goal,In The Paint (Non-RA),Center(C),8-16 ft.,9,-3,91,1,0,20190825,LAS,CON,2019,1021900171431,20050,validated,,0,matched,playbyplayv2,1611661320,202662|1627670|1627673|1627675|1627678,complete,playbyplay_inferred,100949|203014|203029|203823|1628282,complete,playbyplay_inferred
Shot Chart Detail,1021900171,443,1627675,Courtney Williams,1611661323,Connecticut Sun,4,5,57,Made Shot,Pullup Jump shot,2PT Field Goal,Mid-Range,Left Side(L),8-16 ft.,14,-136,48,1,1,20190825,LAS,CON,2019,1021900171443,20430,validated,202662,1,matched,playbyplayv2,1611661320,202662|1627670|1627673|1627675|1627678,complete,playbyplay_inferred,203014|203029|203823|203833|1628282,complete,playbyplay_inferred
Shot Chart Detail,1021900171,450,1627675,Courtney Williams,1611661323,Connecticut Sun,4,5,10,Made Shot,Putback Layup Shot,2PT Field Goal,In The Paint (Non-RA),Center(C),Less Than 8 ft.,4,-27,34,1,1,20190825,LAS,CON,2019,1021900171450,20900,validated,,0,matched,playbyplayv2,1611661320,202662|1627670|1627673|1627675|1627678,complete,playbyplay_inferred,203014|203029|203823|203833|1628282,complete,playbyplay_inferred
Shot Chart Detail,1021900171,535,1627675,Courtney Williams,1611661323,Connecticut Sun,4,0,30,Made Shot,Floating Jump shot,2PT Field Goal,In The Paint (Non-RA),Center(C),8-16 ft.,8,19,80,1,1,20190825,LAS,CON,2019,1021900171535,23700,validated,,0,matched,playbyplayv2,1611661320,1627670|1627675|1627678|1628280|1629567,complete,playbyplay_inferred,1628282|1628283|1628926|1629480|1629497,complete,playbyplay_inferred
Shot Chart Detail,1021900179,17,1627675,Courtney Williams,1611661323,Connecticut Sun,1,8,44,Made Shot,Pullup Jump shot,2PT Field Goal,Mid-Range,Center(C),8-16 ft.,14,3,149,1,1,20190827,SEA,CON,2019,102190017917,760,validated,,0,matched,playbyplayv2,1611661328,202662|203015|203826|1627673|1627675,complete,playbyplay_inferred,202252|203827|204319|1628886|1628920,complete,playbyplay_inferred
Shot Chart Detail,1021900179,31,1627675,Courtney Williams,1611661323,Connecticut Sun,1,7,35,Made Shot,Jump Shot,2PT Field Goal,Mid-Range,Right Side(R),16-24 ft.,20,202,38,1,1,20190827,SEA,CON,2019,102190017931,1450,validated,203826,1,matched,playbyplayv2,1611661328,202662|203015|203826|1627673|1627675,complete,playbyplay_inferred,202252|203827|204319|1628886|1628920,complete,playbyplay_inferred
Shot Chart Detail,1021900179,61,1627675,Courtney Williams,1611661323,Connecticut Sun,1,4,50,Made Shot,Pullup Jump shot,2PT Field Goal,Mid-Range,Center(C),16-24 ft.,16,-17,161,1,1,20190827,SEA,CON,2019,102190017961,3100,validated,,0,matched,playbyplayv2,1611661328,202662|203015|203826|1627673|1627675,complete,playbyplay_inferred,202252|203827|204319|1628886|1628920,complete,playbyplay_inferred
Shot Chart Detail,1021900179,76,1627675,Courtney Williams,1611661323,Connecticut Sun,1,3,22,Missed Shot,Jump Shot,2PT Field Goal,Mid-Range,Right Side(R),8-16 ft.,11,112,-39,1,0,20190827,SEA,CON,2019,102190017976,3980,validated,,0,matched,playbyplayv2,1611661328,202662|203015|203826|1627673|1627675,complete,playbyplay_inferred,202252|203827|204319|1628886|1628920,complete,playbyplay_inferred
Shot Chart Detail,1021900179,78,1627675,Courtney Williams,1611661323,Connecticut Sun,1,3,19,Made Shot,Putback Layup Shot,2PT Field Goal,Restricted Area,Center(C),Less Than 8 ft.,1,0,13,1,1,20190827,SEA,CON,2019,102190017978,4010,validated,,0,matched,playbyplayv2,1611661328,202662|203015|203826|1627673|1627675,complete,playbyplay_inferred,202252|203827|204319|1628886|1628920,complete,playbyplay_inferred
Shot Chart Detail,1021900179,117,1627675,Courtney Williams,1611661323,Connecticut Sun,1,0,35,Missed Shot,Jump Shot,2PT Field Goal,In The Paint (Non-RA),Center(C),8-16 ft.,12,-46,112,1,0,20190827,SEA,CON,2019,1021900179117,5650,validated,,0,matched,playbyplayv2,1611661328,202662|203015|203826|1627673|1627675,complete,playbyplay_inferred,201518|201907|201919|203827|1628244,complete,playbyplay_inferred
Shot Chart Detail,1021900179,121,1627675,Courtney Williams,1611661323,Connecticut Sun,1,0,9,Made Shot,Layup Shot,2PT Field Goal,Restricted Area,Center(C),Less Than 8 ft.,3,31,19,1,1,20190827,SEA,CON,2019,1021900179121,5910,validated,203015,1,matched,playbyplayv2,1611661328,202662|203015|203826|1627673|1627675,complete,playbyplay_inferred,201518|201907|201919|203827|1628244,complete,playbyplay_inferred
Shot Chart Detail,1021900179,247,1627675,Courtney Williams,1611661323,Connecticut Sun,2,2,0,Missed Shot,Jump Shot,3PT Field Goal,Above the Break 3,Right Side Center(RC),24+ ft.,23,97,219,1,0,20190827,SEA,CON,2019,1021900179247,10800,validated,,0,matched,playbyplayv2,1611661328,203826|1627670|1627673|1627675|1629567,complete,playbyplay_inferred,202252|203827|204319|1628886|1628920,complete,playbyplay_inferred
Shot Chart Detail,1021900179,350,1627675,Courtney Williams,1611661323,Connecticut Sun,3,5,44,Made Shot,Running Pull-Up Jump Shot,2PT Field Goal,In The Paint (Non-RA),Center(C),Less Than 8 ft.,5,52,28,1,1,20190827,SEA,CON,2019,1021900179350,14560,validated,,0,matched,playbyplayv2,1611661328,202662|203015|203826|1627675|1628280,complete,playbyplay_inferred,202252|203827|204319|1628886|1628920,complete,playbyplay_inferred
Shot Chart Detail,1021900179,358,1627675,Courtney Williams,1611661323,Connecticut Sun,3,5,2,Missed Shot,Jump Shot,2PT Field Goal,Mid-Range,Right Side(R),16-24 ft.,17,144,93,1,0,20190827,SEA,CON,2019,1021900179358,14980,validated,,0,matched,playbyplayv2,1611661328,202662|203015|203826|1627675|1628280,complete,playbyplay_inferred,202252|203827|204319|1628886|1628920,complete,playbyplay_inferred
Shot Chart Detail,1021900179,390,1627675,Courtney Williams,1611661323,Connecticut Sun,3,2,35,Missed Shot,Driving Layup Shot,2PT Field Goal,In The Paint (Non-RA),Center(C),Less Than 8 ft.,6,-15,62,1,0,20190827,SEA,CON,2019,1021900179390,16450,validated,,0,matched,playbyplayv2,1611661328,202662|203015|203826|1627675|1628280,complete,playbyplay_inferred,201518|202252|204321|1628886|1628920,complete,playbyplay_inferred
Shot Chart Detail,1021900179,410,1627675,Courtney Williams,1611661323,Connecticut Sun,3,0,58,Made Shot,Running Layup Shot,2PT Field Goal,In The Paint (Non-RA),Center(C),Less Than 8 ft.,4,39,19,1,1,20190827,SEA,CON,2019,1021900179410,17420,validated,203826,1,matched,playbyplayv2,1611661328,202662|203826|1627675|1627678|1628280,complete,playbyplay_inferred,201518|204321|1628244|1628886|1628920,complete,playbyplay_inferred
Shot Chart Detail,1021900179,414,1627675,Courtney Williams,1611661323,Connecticut Sun,3,0,38,Missed Shot,Layup Shot,2PT Field Goal,In The Paint (Non-RA),Center(C),Less Than 8 ft.,4,33,23,1,0,20190827,SEA,CON,2019,1021900179414,17620,validated,,0,matched,playbyplayv2,1611661328,202662|203826|1627675|1627678|1628280,complete,playbyplay_inferred,201518|204321|1628244|1628886|1628920,complete,playbyplay_inferred
Shot Chart Detail,1021900179,440,1627675,Courtney Williams,1611661323,Connecticut Sun,4,8,55,Made Shot,Jump Shot,3PT Field Goal,Above the Break 3,Left Side Center(LC),24+ ft.,26,-121,235,1,1,20190827,SEA,CON,2019,1021900179440,18650,validated,1628280,1,matched,playbyplayv2,1611661328,202662|203826|1627675|1627678|1628280,complete,playbyplay_inferred,201518|203827|204321|204355|1628244,complete,playbyplay_inferred
Shot Chart Detail,1021900179,524,1627675,Courtney Williams,1611661323,Connecticut Sun,4,2,42,Missed Shot,Jump Shot,2PT Field Goal,Mid-Range,Left Side(L),16-24 ft.,19,-174,78,1,0,20190827,SEA,CON,2019,1021900179524,22380,validated,,0,matched,playbyplayv2,1611661328,1627670|1627675|1627678|1628280|1629567,complete,playbyplay_inferred,201518|201907|204321|1628244|1628886,complete,playbyplay_inferred
Shot Chart Detail,1021900179,543,1627675,Courtney Williams,1611661323,Connecticut Sun,4,0,40,Missed Shot,Pullup Jump shot,2PT Field Goal,Mid-Range,Center(C),8-16 ft.,15,-1,154,1,0,20190827,SEA,CON,2019,1021900179543,23600,validated,,0,matched,playbyplayv2,1611661328,1627670|1627675|1627678|1628280|1629567,complete,playbyplay_inferred,201518|201907|201919|204321|1628244,complete,playbyplay_inferred
Shot Chart Detail,1021900183,31,1627675,Courtney Williams,1611661323,Connecticut Sun,1,7,32,Missed Shot,Jump Shot,2PT Field Goal,Mid-Range,Left Side(L),16-24 ft.,16,-166,23,1,0,20190830,NYL,CON,2019,102190018331,1480,validated,,0,matched,playbyplayv2,1611661313,202662|203015|203826|1627673|1627675,complete,playbyplay_inferred,101030|203829|204320|1628248|1628915,complete,playbyplay_inferred
Shot Chart Detail,1021900183,54,1627675,Courtney Williams,1611661323,Connecticut Sun,1,5,2,Made Shot,Jump Shot,3PT Field Goal,Above the Break 3,Right Side Center(RC),24+ ft.,24,118,209,1,1,20190830,NYL,CON,2019,102190018354,2980,validated,202662,1,matched,playbyplayv2,1611661313,202662|203015|203826|1627673|1627675,complete,playbyplay_inferred,101030|203829|204320|1628248|1628915,complete,playbyplay_inferred
Shot Chart Detail,1021900183,58,1627675,Courtney Williams,1611661323,Connecticut Sun,1,4,41,Made Shot,Pullup Jump shot,2PT Field Goal,Mid-Range,Left Side(L),16-24 ft.,17,-170,33,1,1,20190830,NYL,CON,2019,102190018358,3190,validated,202662,1,matched,playbyplayv2,1611661313,202662|203015|203826|1627673|1627675,complete,playbyplay_inferred,101030|203829|204320|1628248|1628915,complete,playbyplay_inferred
Shot Chart Detail,1021900183,81,1627675,Courtney Williams,1611661323,Connecticut Sun,1,3,14,Missed Shot,Pullup Jump shot,2PT Field Goal,Mid-Range,Right Side(R),16-24 ft.,16,151,69,1,0,20190830,NYL,CON,2019,102190018381,4060,validated,,0,matched,playbyplayv2,1611661313,202662|203826|1627673|1627675|1627678,complete,playbyplay_inferred,101030|203829|204334|1628248|1628915,complete,playbyplay_inferred
Shot Chart Detail,1021900183,91,1627675,Courtney Williams,1611661323,Connecticut Sun,1,1,59,Missed Shot,Pullup Jump shot,2PT Field Goal,Mid-Range,Left Side(L),8-16 ft.,12,-99,82,1,0,20190830,NYL,CON,2019,102190018391,4810,validated,,0,matched,playbyplayv2,1611661313,202662|203826|1627673|1627675|1627678,complete,playbyplay_inferred,101030|203829|204334|1628248|1628915,complete,playbyplay_inferred
Shot Chart Detail,1021900183,122,1627675,Courtney Williams,1611661323,Connecticut Sun,1,0,50,Made Shot,Jump Shot,3PT Field Goal,Above the Break 3,Right Side Center(RC),24+ ft.,24,130,210,1,1,20190830,NYL,CON,2019,1021900183122,5500,validated,,0,matched,playbyplayv2,1611661313,203826|203849|1627675|1627678|1629567,complete,playbyplay_inferred,204296|204327|1628915|1629546|1629566,complete,playbyplay_inferred
Shot Chart Detail,1021900183,170,1627675,Courtney Williams,1611661323,Connecticut Sun,2,8,15,Made Shot,Pullup Jump shot,2PT Field Goal,Mid-Range,Right Side Center(RC),16-24 ft.,19,139,130,1,1,20190830,NYL,CON,2019,1021900183170,7050,validated,,0,matched,playbyplayv2,1611661313,203826|203849|1627675|1627678|1629567,complete,playbyplay_inferred,204296|204320|204327|1629546|1629566,complete,playbyplay_inferred
Shot Chart Detail,1021900183,177,1627675,Courtney Williams,1611661323,Connecticut Sun,2,7,36,Missed Shot,Pullup Jump shot,2PT Field Goal,Mid-Range,Left Side(L),8-16 ft.,14,-133,52,1,0,20190830,NYL,CON,2019,1021900183177,7440,validated,,0,matched,playbyplayv2,1611661313,203826|203849|1627675|1627678|1629567,complete,playbyplay_inferred,204296|204320|204327|1629546|1629566,complete,playbyplay_inferred
Shot Chart Detail,1021900183,190,1627675,Courtney Williams,1611661323,Connecticut Sun,2,5,53,Made Shot,Jump Shot,2PT Field Goal,Mid-Range,Left Side(L),16-24 ft.,21,-213,-18,1,1,20190830,NYL,CON,2019,1021900183190,8470,validated,1627678,1,matched,playbyplayv2,1611661313,203826|203849|1627675|1627678|1629567,complete,playbyplay_inferred,204296|204320|204327|1629546|1629566,complete,playbyplay_inferred
Shot Chart Detail,1021900183,282,1627675,Courtney Williams,1611661323,Connecticut Sun,2,0,3,Missed Shot,Pullup Jump shot,2PT Field Goal,Mid-Range,Right Side(R),8-16 ft.,15,146,39,1,0,20190830,NYL,CON,2019,1021900183282,11970,validated,,0,matched,playbyplayv2,1611661313,202662|203015|203826|1627675|1628280,complete,playbyplay_inferred,101030|204320|1628248|1628915|1629546,complete,playbyplay_inferred
Shot Chart Detail,1021900183,370,1627675,Courtney Williams,1611661323,Connecticut Sun,3,4,30,Missed Shot,Pullup Jump shot,2PT Field Goal,Mid-Range,Left Side(L),16-24 ft.,17,-173,-12,1,0,20190830,NYL,CON,2019,1021900183370,15300,validated,,0,matched,playbyplayv2,1611661313,202662|203015|203826|1627673|1627675,complete,playbyplay_inferred,101030|204296|204334|1628248|1629546,complete,playbyplay_inferred
Shot Chart Detail,1021900183,387,1627675,Courtney Williams,1611661323,Connecticut Sun,3,3,12,Missed Shot,Pullup Jump shot,2PT Field Goal,In The Paint (Non-RA),Center(C),8-16 ft.,13,-28,131,1,0,20190830,NYL,CON,2019,1021900183387,16080,validated,,0,matched,playbyplayv2,1611661313,202662|203015|203826|1627673|1627675,complete,playbyplay_inferred,203829|204296|204334|1628248|1629546,complete,playbyplay_inferred
Shot Chart Detail,1021900183,424,1627675,Courtney Williams,1611661323,Connecticut Sun,3,1,2,Made Shot,Jump Shot,2PT Field Goal,Mid-Range,Right Side(R),8-16 ft.,14,81,126,1,1,20190830,NYL,CON,2019,1021900183424,17380,validated,203015,1,matched,playbyplayv2,1611661313,202662|203015|203826|1627675|1628280,complete,playbyplay_inferred,204296|204320|204327|204334|1629546,complete,playbyplay_inferred
Shot Chart Detail,1021900183,453,1627675,Courtney Williams,1611661323,Connecticut Sun,4,9,4,Made Shot,Pullup Jump shot,2PT Field Goal,Mid-Range,Right Side Center(RC),16-24 ft.,17,72,154,1,1,20190830,NYL,CON,2019,1021900183453,18560,validated,,0,matched,playbyplayv2,1611661313,202662|203015|203826|1627675|1628280,complete,playbyplay_inferred,204320|204327|1628915|1629546|1629566,complete,playbyplay_inferred
Shot Chart Detail,1021900183,456,1627675,Courtney Williams,1611661323,Connecticut Sun,4,8,47,Made Shot,Pullup Jump shot,2PT Field Goal,Mid-Range,Left Side(L),8-16 ft.,15,-97,126,1,1,20190830,NYL,CON,2019,1021900183456,18730,validated,,0,matched,playbyplayv2,1611661313,202662|203015|203826|1627675|1628280,complete,playbyplay_inferred,204320|204327|1628915|1629546|1629566,complete,playbyplay_inferred
Shot Chart Detail,1021900183,459,1627675,Courtney Williams,1611661323,Connecticut Sun,4,8,18,Missed Shot,Pullup Jump shot,2PT Field Goal,Mid-Range,Left Side Center(LC),16-24 ft.,19,-137,138,1,0,20190830,NYL,CON,2019,1021900183459,19020,validated,,0,matched,playbyplayv2,1611661313,202662|203015|203826|1627675|1628280,complete,playbyplay_inferred,204320|204327|1628915|1629546|1629566,complete,playbyplay_inferred
Shot Chart Detail,1021900183,470,1627675,Courtney Williams,1611661323,Connecticut Sun,4,7,19,Made Shot,Pullup Jump shot,2PT Field Goal,Mid-Range,Right Side(R),8-16 ft.,14,141,46,1,1,20190830,NYL,CON,2019,1021900183470,19610,validated,,0,matched,playbyplayv2,1611661313,202662|203015|203826|1627675|1628280,complete,playbyplay_inferred,204320|204327|1628915|1629546|1629566,complete,playbyplay_inferred
Shot Chart Detail,1021900183,494,1627675,Courtney Williams,1611661323,Connecticut Sun,4,4,36,Missed Shot,Jump Shot,2PT Field Goal,Mid-Range,Right Side(R),16-24 ft.,19,193,8,1,0,20190830,NYL,CON,2019,1021900183494,21240,validated,,0,matched,playbyplayv2,1611661313,202662|203015|203826|1627675|1628280,complete,playbyplay_inferred,101030|204320|1628915|1629546|1629566,complete,playbyplay_inferred
Shot Chart Detail,1021900183,525,1627675,Courtney Williams,1611661323,Connecticut Sun,4,1,52,Made Shot,Pullup Jump shot,2PT Field Goal,In The Paint (Non-RA),Center(C),8-16 ft.,13,-17,129,1,1,20190830,NYL,CON,2019,1021900183525,22880,validated,,0,matched,playbyplayv2,1611661313,202662|203015|203826|1627673|1627675,complete,playbyplay_inferred,101030|204320|1628915|1629546|1629566,complete,playbyplay_inferred
Shot Chart Detail,1021900192,216,1627675,Courtney Williams,1611661323,Connecticut Sun,2,4,16,Missed Shot,Driving Floating Jump Shot,2PT Field Goal,In The Paint (Non-RA),Center(C),8-16 ft.,14,-45,135,1,0,20190904,CON,DAL,2019,1021900192216,9440,validated,,0,matched,playbyplayv2,1611661321,202662|203015|1627670|1627673|1627675,complete,playbyplay_inferred,204330|1628273|1628277|1629481|1629485,complete,playbyplay_inferred
Shot Chart Detail,1021900192,231,1627675,Courtney Williams,1611661323,Connecticut Sun,2,2,57,Made Shot,Jump Shot,3PT Field Goal,Above the Break 3,Right Side Center(RC),24+ ft.,24,220,99,1,1,20190904,CON,DAL,2019,1021900192231,10230,validated,202662,1,matched,playbyplayv2,1611661321,202662|203015|1627670|1627673|1627675,complete,playbyplay_inferred,204330|1628277|1629481|1629484|1629485,complete,playbyplay_inferred
Shot Chart Detail,1021900192,249,1627675,Courtney Williams,1611661323,Connecticut Sun,2,1,29,Missed Shot,Running Layup Shot,2PT Field Goal,In The Paint (Non-RA),Center(C),Less Than 8 ft.,4,43,2,1,0,20190904,CON,DAL,2019,1021900192249,11110,validated,,0,matched,playbyplayv2,1611661321,202662|203015|1627670|1627673|1627675,complete,playbyplay_inferred,203017|204330|1628277|1629481|1629484,complete,playbyplay_inferred
Shot Chart Detail,1021900192,258,1627675,Courtney Williams,1611661323,Connecticut Sun,2,0,50,Missed Shot,Jump Shot,3PT Field Goal,Above the Break 3,Right Side(R),16-24 ft.,22,214,58,1,0,20190904,CON,DAL,2019,1021900192258,11500,validated,,0,matched,playbyplayv2,1611661321,202662|203015|1627670|1627673|1627675,complete,playbyplay_inferred,203017|1628277|1629481|1629484|1629485,complete,playbyplay_inferred
Shot Chart Detail,1021900192,323,1627675,Courtney Williams,1611661323,Connecticut Sun,3,6,14,Missed Shot,Driving Reverse Layup Shot,2PT Field Goal,Restricted Area,Center(C),Less Than 8 ft.,3,-35,10,1,0,20190904,CON,DAL,2019,1021900192323,14260,validated,,0,matched,playbyplayv2,1611661321,202662|203015|203826|1627673|1627675,complete,playbyplay_inferred,203017|204330|1628273|1628277|1629481,complete,playbyplay_inferred
Shot Chart Detail,1021900192,350,1627675,Courtney Williams,1611661323,Connecticut Sun,3,4,1,Made Shot,Pullup Jump shot,2PT Field Goal,Mid-Range,Right Side Center(RC),16-24 ft.,16,126,102,1,1,20190904,CON,DAL,2019,1021900192350,15590,validated,1627673,1,matched,playbyplayv2,1611661321,202662|203015|203826|1627673|1627675,complete,playbyplay_inferred,204330|1628277|1628907|1629481|1629485,complete,playbyplay_inferred
Shot Chart Detail,1021900196,26,1627675,Courtney Williams,1611661323,Connecticut Sun,1,7,35,Made Shot,Step Back Jump shot,2PT Field Goal,Mid-Range,Right Side(R),8-16 ft.,13,124,45,1,1,20190906,CON,CHI,2019,102190019626,1450,validated,,0,matched,playbyplayv2,1611661329,202662|203015|203826|1627673|1627675,complete,playbyplay_inferred,201516|202664|203828|203838|1628890,complete,playbyplay_inferred
Shot Chart Detail,1021900196,93,1627675,Courtney Williams,1611661323,Connecticut Sun,1,2,18,Made Shot,Jump Shot,3PT Field Goal,Above the Break 3,Right Side Center(RC),16-24 ft.,23,105,205,1,1,20190906,CON,CHI,2019,102190019693,4620,validated,,0,matched,playbyplayv2,1611661329,203826|1627673|1627675|1627678|1629567,complete,playbyplay_inferred,202664|203828|204323|1627674|1628890,complete,playbyplay_inferred
Shot Chart Detail,1021900196,208,1627675,Courtney Williams,1611661323,Connecticut Sun,2,5,34,Made Shot,Jump Shot,2PT Field Goal,Mid-Range,Center(C),16-24 ft.,20,-46,199,1,1,20190906,CON,CHI,2019,1021900196208,8660,validated,,0,matched,playbyplayv2,1611661329,202662|1627670|1627675|1627678|1628280,complete,playbyplay_inferred,201516|202664|203828|203838|1628890,complete,playbyplay_inferred
Shot Chart Detail,1021900196,215,1627675,Courtney Williams,1611661323,Connecticut Sun,2,4,37,Made Shot,Pullup Jump shot,2PT Field Goal,Mid-Range,Right Side(R),8-16 ft.,12,124,24,1,1,20190906,CON,CHI,2019,1021900196215,9230,validated,202662,1,matched,playbyplayv2,1611661329,202662|1627670|1627675|1627678|1628280,complete,playbyplay_inferred,201516|202664|203828|203838|1628890,complete,playbyplay_inferred
Shot Chart Detail,1021900196,272,1627675,Courtney Williams,1611661323,Connecticut Sun,2,1,3,Missed Shot,Jump Shot,2PT Field Goal,Mid-Range,Left Side(L),16-24 ft.,19,-169,103,1,0,20190906,CON,CHI,2019,1021900196272,11370,validated,,0,matched,playbyplayv2,1611661329,202662|203015|203826|1627673|1627675,complete,playbyplay_inferred,202664|203828|203838|1627674|1628890,complete,playbyplay_inferred
Shot Chart Detail,1021900196,276,1627675,Courtney Williams,1611661323,Connecticut Sun,2,0,58,Missed Shot,Layup Shot,2PT Field Goal,In The Paint (Non-RA),Center(C),8-16 ft.,14,49,137,1,0,20190906,CON,CHI,2019,1021900196276,11420,validated,,0,matched,playbyplayv2,1611661329,202662|203015|203826|1627673|1627675,complete,playbyplay_inferred,202664|203828|203838|1627674|1628890,complete,playbyplay_inferred
Shot Chart Detail,1021900196,311,1627675,Courtney Williams,1611661323,Connecticut Sun,3,9,2,Missed Shot,Jump Shot,2PT Field Goal,Mid-Range,Right Side(R),8-16 ft.,14,145,36,1,0,20190906,CON,CHI,2019,1021900196311,12580,validated,,0,matched,playbyplayv2,1611661329,202662|203015|203826|1627673|1627675,complete,playbyplay_inferred,201516|202664|203828|203838|1628890,complete,playbyplay_inferred
Shot Chart Detail,1021900196,345,1627675,Courtney Williams,1611661323,Connecticut Sun,3,6,33,Missed Shot,Jump Shot,2PT Field Goal,Mid-Range,Center(C),8-16 ft.,15,22,150,1,0,20190906,CON,CHI,2019,1021900196345,14070,validated,,0,matched,playbyplayv2,1611661329,202662|203015|203826|1627673|1627675,complete,playbyplay_inferred,201516|202664|203828|203838|1628890,complete,playbyplay_inferred
Shot Chart Detail,1021900196,368,1627675,Courtney Williams,1611661323,Connecticut Sun,3,5,15,Made Shot,Jump Shot,2PT Field Goal,Mid-Range,Left Side(L),8-16 ft.,14,-147,27,1,1,20190906,CON,CHI,2019,1021900196368,14850,validated,203826,1,matched,playbyplayv2,1611661329,202662|203015|203826|1627673|1627675,complete,playbyplay_inferred,201516|202664|203828|204323|1627674,complete,playbyplay_inferred
Shot Chart Detail,1021900196,393,1627675,Courtney Williams,1611661323,Connecticut Sun,3,3,21,Made Shot,Floating Jump shot,2PT Field Goal,In The Paint (Non-RA),Center(C),Less Than 8 ft.,6,0,64,1,1,20190906,CON,CHI,2019,1021900196393,15990,validated,203826,1,matched,playbyplayv2,1611661329,202662|203015|203826|1627673|1627675,complete,playbyplay_inferred,202664|203828|204323|1627674|1628890,complete,playbyplay_inferred
Shot Chart Detail,1021900196,397,1627675,Courtney Williams,1611661323,Connecticut Sun,3,2,57,Made Shot,Jump Shot,2PT Field Goal,In The Paint (Non-RA),Center(C),8-16 ft.,11,8,113,1,1,20190906,CON,CHI,2019,1021900196397,16230,validated,,0,matched,playbyplayv2,1611661329,202662|203015|203826|1627673|1627675,complete,playbyplay_inferred,202664|203828|204323|1627674|1628890,complete,playbyplay_inferred
Shot Chart Detail,1021900196,400,1627675,Courtney Williams,1611661323,Connecticut Sun,3,2,27,Missed Shot,Jump Shot,2PT Field Goal,Mid-Range,Right Side Center(RC),16-24 ft.,21,146,152,1,0,20190906,CON,CHI,2019,1021900196400,16530,validated,,0,matched,playbyplayv2,1611661329,202662|203015|203826|1627673|1627675,complete,playbyplay_inferred,202664|203828|204323|1627674|1628890,complete,playbyplay_inferred
Shot Chart Detail,1021900196,454,1627675,Courtney Williams,1611661323,Connecticut Sun,4,9,16,Missed Shot,Running Layup Shot,2PT Field Goal,Restricted Area,Center(C),Less Than 8 ft.,2,-21,20,1,0,20190906,CON,CHI,2019,1021900196454,18440,validated,,0,matched,playbyplayv2,1611661329,203826|1627675|1627678|1628280|1629567,complete,playbyplay_inferred,203838|203857|204323|1627674|1628931,complete,playbyplay_inferred
Shot Chart Detail,1021900196,493,1627675,Courtney Williams,1611661323,Connecticut Sun,4,6,40,Missed Shot,Pullup Jump shot,2PT Field Goal,Mid-Range,Right Side(R),16-24 ft.,19,162,113,1,0,20190906,CON,CHI,2019,1021900196493,20000,validated,,0,matched,playbyplayv2,1611661329,1627670|1627675|1627678|1628280|1629567,complete,playbyplay_inferred,202664|203828|203838|1628890|1628931,complete,playbyplay_inferred
Shot Chart Detail,1021900196,531,1627675,Courtney Williams,1611661323,Connecticut Sun,4,4,22,Missed Shot,Pullup Jump shot,2PT Field Goal,In The Paint (Non-RA),Center(C),8-16 ft.,12,-35,120,1,0,20190906,CON,CHI,2019,1021900196531,21380,validated,,0,matched,playbyplayv2,1611661329,202662|203826|1627673|1627675|1627678,complete,playbyplay_inferred,202664|203828|203838|1628890|1628931,complete,playbyplay_inferred
Shot Chart Detail,1021900196,557,1627675,Courtney Williams,1611661323,Connecticut Sun,4,2,7,Missed Shot,Driving Layup Shot,2PT Field Goal,Restricted Area,Center(C),Less Than 8 ft.,1,7,15,1,0,20190906,CON,CHI,2019,1021900196557,22730,validated,,0,matched,playbyplayv2,1611661329,202662|203015|203826|1627673|1627675,complete,playbyplay_inferred,202664|203828|203838|1628890|1628931,complete,playbyplay_inferred
Shot Chart Detail,1021900196,597,1627675,Courtney Williams,1611661323,Connecticut Sun,5,4,25,Made Shot,Pullup Jump shot,2PT Field Goal,Mid-Range,Right Side(R),16-24 ft.,17,159,64,1,1,20190906,CON,CHI,2019,1021900196597,24350,validated,1627673,1,matched,playbyplayv2,1611661329,,missing_rotation,,202664|203828|203838|1628890|1628931,complete,playbyplay_inferred
Shot Chart Detail,1021900196,602,1627675,Courtney Williams,1611661323,Connecticut Sun,5,3,45,Made Shot,Pullup Jump shot,2PT Field Goal,Mid-Range,Right Side Center(RC),16-24 ft.,18,113,149,1,1,20190906,CON,CHI,2019,1021900196602,24750,validated,,0,matched,playbyplayv2,1611661329,,missing_rotation,,202664|203828|203838|1628890|1628931,complete,playbyplay_inferred
Shot Chart Detail,1021900196,608,1627675,Courtney Williams,1611661323,Connecticut Sun,5,2,40,Missed Shot,Pullup Jump shot,2PT Field Goal,Mid-Range,Left Side Center(LC),16-24 ft.,18,-109,146,1,0,20190906,CON,CHI,2019,1021900196608,25400,validated,,0,matched,playbyplayv2,1611661329,,missing_rotation,,202664|203828|203838|1628890|1628931,complete,playbyplay_inferred
Shot Chart Detail,1021900196,623,1627675,Courtney Williams,1611661323,Connecticut Sun,5,1,14,Made Shot,Pullup Jump shot,3PT Field Goal,Above the Break 3,Left Side Center(LC),24+ ft.,25,-83,240,1,1,20190906,CON,CHI,2019,1021900196623,26260,validated,202662,1,matched,playbyplayv2,1611661329,,missing_rotation,,202664|203828|203838|1628890|1628931,complete,playbyplay_inferred
Shot Chart Detail,1021900196,629,1627675,Courtney Williams,1611661323,Connecticut Sun,5,0,44,Missed Shot,Pullup Jump shot,3PT Field Goal,Above the Break 3,Right Side Center(RC),24+ ft.,24,79,237,1,0,20190906,CON,CHI,2019,1021900196629,26560,validated,,0,matched,playbyplayv2,1611661329,,missing_rotation,,202664|203828|203838|1628890|1628931,complete,playbyplay_inferred
Shot Chart Detail,1021900200,28,1627675,Courtney Williams,1611661323,Connecticut Sun,1,7,51,Missed Shot,Pullup Jump shot,2PT Field Goal,Mid-Range,Right Side Center(RC),16-24 ft.,20,89,183,1,0,20190908,IND,CON,2019,102190020028,1290,validated,,0,matched,playbyplayv2,1611661325,202662|203015|203826|1627673|1627675,complete,playbyplay_inferred,200676|204365|1628909|1629479|1629568,complete,playbyplay_inferred
Shot Chart Detail,1021900200,94,1627675,Courtney Williams,1611661323,Connecticut Sun,1,3,7,Made Shot,Driving Layup Shot,2PT Field Goal,Restricted Area,Center(C),Less Than 8 ft.,1,8,10,1,1,20190908,IND,CON,2019,102190020094,4130,validated,203015,1,matched,playbyplayv2,1611661325,202662|203015|203826|1627673|1627675,complete,playbyplay_inferred,200676|203831|204335|204365|1628909,complete,playbyplay_inferred
Shot Chart Detail,1021900200,116,1627675,Courtney Williams,1611661323,Connecticut Sun,1,2,18,Made Shot,Driving Floating Jump Shot,2PT Field Goal,In The Paint (Non-RA),Center(C),8-16 ft.,11,48,104,1,1,20190908,IND,CON,2019,1021900200116,4620,validated,1627678,1,matched,playbyplayv2,1611661325,1627670|1627675|1627678|1628280|1629567,complete,playbyplay_inferred,203831|204335|204365|1628906|1629568,complete,playbyplay_inferred
Shot Chart Detail,1021900200,319,1627675,Courtney Williams,1611661323,Connecticut Sun,3,7,39,Missed Shot,Pullup Jump shot,2PT Field Goal,Mid-Range,Center(C),8-16 ft.,15,-25,153,1,0,20190908,IND,CON,2019,1021900200319,13410,validated,,0,matched,playbyplayv2,1611661325,202662|203015|203826|1627673|1627675,complete,playbyplay_inferred,200676|204365|1628909|1629479|1629568,complete,playbyplay_inferred
Shot Chart Detail,1021900200,344,1627675,Courtney Williams,1611661323,Connecticut Sun,3,6,10,Missed Shot,Pullup Jump shot,2PT Field Goal,Mid-Range,Right Side(R),8-16 ft.,13,139,-4,1,0,20190908,IND,CON,2019,1021900200344,14300,validated,,0,matched,playbyplayv2,1611661325,202662|203015|203826|1627675|1628280,complete,playbyplay_inferred,200676|204335|204365|1629479|1629568,complete,playbyplay_inferred
Shot Chart Detail,1021900200,364,1627675,Courtney Williams,1611661323,Connecticut Sun,3,4,44,Missed Shot,Pullup Jump shot,2PT Field Goal,Mid-Range,Center(C),16-24 ft.,19,-35,189,1,0,20190908,IND,CON,2019,1021900200364,15160,validated,,0,matched,playbyplayv2,1611661325,202662|203015|203826|1627675|1628280,complete,playbyplay_inferred,200676|204335|204365|1629479|1629568,complete,playbyplay_inferred
Shot Chart Detail,1021900200,499,1627675,Courtney Williams,1611661323,Connecticut Sun,4,5,13,Missed Shot,Jump Shot,3PT Field Goal,Above the Break 3,Center(C),24+ ft.,26,46,262,1,0,20190908,IND,CON,2019,1021900200499,20870,validated,,0,matched,playbyplayv2,1611661325,1627670|1627675|1627678|1628280|1629567,complete,playbyplay_inferred,200676|204365|1628909|1629479|1629568,complete,playbyplay_inferred
Shot Chart Detail,1021900200,501,1627675,Courtney Williams,1611661323,Connecticut Sun,4,5,4,Missed Shot,Jump Shot,3PT Field Goal,Above the Break 3,Right Side(R),24+ ft.,23,227,50,1,0,20190908,IND,CON,2019,1021900200501,20960,validated,,0,matched,playbyplayv2,1611661325,1627670|1627675|1627678|1628280|1629567,complete,playbyplay_inferred,200676|204365|1628909|1629479|1629568,complete,playbyplay_inferred
Shot Chart Detail,1021900200,520,1627675,Courtney Williams,1611661323,Connecticut Sun,4,3,19,Made Shot,Pullup Jump shot,2PT Field Goal,Mid-Range,Center(C),16-24 ft.,17,-7,179,1,1,20190908,IND,CON,2019,1021900200520,22010,validated,,0,matched,playbyplayv2,1611661325,1627670|1627675|1627678|1628280|1629567,complete,playbyplay_inferred,1628286|1628906|1628909|1629502|1629568,complete,playbyplay_inferred
Shot Chart Detail,1021900200,523,1627675,Courtney Williams,1611661323,Connecticut Sun,4,2,55,Missed Shot,Pullup Jump shot,2PT Field Goal,Mid-Range,Right Side(R),16-24 ft.,17,150,89,1,0,20190908,IND,CON,2019,1021900200523,22250,validated,,0,matched,playbyplayv2,1611661325,1627670|1627675|1627678|1628280|1629567,complete,playbyplay_inferred,1628286|1628906|1628909|1629502|1629568,complete,playbyplay_inferred
