GRID_TYPE,GAME_ID,GAME_EVENT_ID,PLAYER_ID,PLAYER_NAME,TEAM_ID,TEAM_NAME,PERIOD,MINUTES_REMAINING,SECONDS_REMAINING,EVENT_TYPE,ACTION_TYPE,SHOT_TYPE,SHOT_ZONE_BASIC,SHOT_ZONE_AREA,SHOT_ZONE_RANGE,SHOT_DISTANCE,LOC_X,LOC_Y,SHOT_ATTEMPTED_FLAG,SHOT_MADE_FLAG,GAME_DATE,HTM,VTM,SEASON,SHOT_ID,time,SHOT_DATA_STATUS,ASSIST_ID,assisted,ASSIST_STATUS,PBP_SOURCE,OPP_TEAM_ID,PLAYERS_ON,LINEUP_STATUS,LINEUP_SOURCE,OPP_PLAYERS_ON,OPP_LINEUP_STATUS,OPP_LINEUP_SOURCE,SHOOTING_TEAM_ID,SHOOTING_TEAM_NAME
Shot Chart Detail,1021800006,13,201502,Essence Carson,1611661324,Minnesota Lynx,1,9,25,Missed Shot,Jump Shot,3PT Field Goal,Above the Break 3,Right Side Center(RC),24+ ft.,23,104,216,1,0,20180520,MIN,LAS,2018,102180000613,350,validated,,0,matched,playbyplayv2,1611661320,100915|100944|200671|201480|202632,complete,playbyplay_inferred,100949|201502|203014|203824|203833,complete,playbyplay_inferred,1611661320,Los Angeles Sparks
Shot Chart Detail,1021800006,17,203014,Nneka Ogwumike,1611661324,Minnesota Lynx,1,9,1,Missed Shot,Driving Layup Shot,2PT Field Goal,Restricted Area,Center(C),Less Than 8 ft.,1,13,0,1,0,20180520,MIN,LAS,2018,102180000617,590,validated,,0,matched,playbyplayv2,1611661320,100915|100944|200671|201480|202632,complete,playbyplay_inferred,100949|201502|203014|203824|203833,complete,playbyplay_inferred,1611661320,Los Angeles Sparks
Shot Chart Detail,1021800006,21,203833,Chelsea Gray,1611661324,Minnesota Lynx,1,8,37,Missed Shot,Turnaround Fadeaway shot,2PT Field Goal,Mid-Range,Right Side(R),8-16 ft.,11,114,-4,1,0,20180520,MIN,LAS,2018,102180000621,830,validated,,0,matched,playbyplayv2,1611661320,100915|100944|200671|201480|202632,complete,playbyplay_inferred,100949|201502|203014|203824|203833,complete,playbyplay_inferred,1611661320,Los Angeles Sparks
Shot Chart Detail,1021800006,25,203824,Odyssey Sims,1611661324,Minnesota Lynx,1,8,22,Made Shot,Driving Layup Shot,2PT Field Goal,Restricted Area,Center(C),Less Than 8 ft.,1,14,-6,1,1,20180520,MIN,LAS,2018,102180000625,980,validated,,0,matched,playbyplayv2,1611661320,100915|100944|200671|201480|202632,complete,playbyplay_inferred,100949|201502|203014|203824|203833,complete,playbyplay_inferred,1611661320,Los Angeles Sparks
Shot Chart Detail,1021800006,28,100949,Alana Beard,1611661324,Minnesota Lynx,1,7,34,Missed Shot,Jump Shot,2PT Field Goal,In The Paint (Non-RA),Left Side(L),8-16 ft.,15,-78,130,1,0,20180520,MIN,LAS,2018,102180000628,1460,validated,,0,matched,playbyplayv2,1611661320,100915|100944|200671|201480|202632,complete,playbyplay_inferred,100949|201502|203014|203824|203833,complete,playbyplay_inferred,1611661320,Los Angeles Sparks
Shot Chart Detail,1021800006,32,203014,Nneka Ogwumike,1611661324,Minnesota Lynx,1,7,7,Missed Shot,Fadeaway Jump Shot,2PT Field Goal,Mid-Range,Right Side(R),8-16 ft.,10,97,43,1,0,20180520,MIN,LAS,2018,102180000632,1730,validated,,0,matched,playbyplayv2,1611661320,100915|100944|200671|201480|202632,complete,playbyplay_inferred,100949|201502|203014|203824|203833,complete,playbyplay_inferred,1611661320,Los Angeles Sparks
Shot Chart Detail,1021800006,35,201502,Essence Carson,1611661324,Minnesota Lynx,1,6,28,Made Shot,Jump Shot,2PT Field Goal,Mid-Range,Right Side Center(RC),16-24 ft.,19,109,158,1,1,20180520,MIN,LAS,2018,102180000635,2120,validated,203833,1,matched,playbyplayv2,1611661320,100915|100944|200671|201480|202632,complete,playbyplay_inferred,100949|201502|203014|203824|203833,complete,playbyplay_inferred,1611661320,Los Angeles Sparks
Shot Chart Detail,1021800006,39,203014,Nneka Ogwumike,1611661324,Minnesota Lynx,1,5,55,Missed Shot,Jump Shot,2PT Field Goal,Mid-Range,Left Side Center(LC),16-24 ft.,21,-109,187,1,0,20180520,MIN,LAS,2018,102180000639,2450,validated,,0,matched,playbyplayv2,1611661320,100915|100944|200671|201480|202632,complete,playbyplay_inferred,100949|201502|203014|203824|203833,complete,playbyplay_inferred,1611661320,Los Angeles Sparks
Shot Chart Detail,1021800006,50,203833,Chelsea Gray,1611661324,Minnesota Lynx,1,5,12,Made Shot,Driving Reverse Layup Shot,2PT Field Goal,Restricted Area,Center(C),Less Than 8 ft.,0,-3,-4,1,1,20180520,MIN,LAS,2018,102180000650,2880,validated,,0,matched,playbyplayv2,1611661320,100944|200671|201480|202632|202658,complete,playbyplay_inferred,100949|201502|203014|203824|203833,complete,playbyplay_inferred,1611661320,Los Angeles Sparks
Shot Chart Detail,1021800006,56,203824,Odyssey Sims,1611661324,Minnesota Lynx,1,4,45,Made Shot,Driving Layup Shot,2PT Field Goal,Restricted Area,Center(C),Less Than 8 ft.,3,-17,32,1,1,20180520,MIN,LAS,2018,102180000656,3150,validated,,0,matched,playbyplayv2,1611661320,100944|200671|201480|202632|202658,complete,playbyplay_inferred,100949|201502|203014|203824|203833,complete,playbyplay_inferred,1611661320,Los Angeles Sparks
Shot Chart Detail,1021800006,59,100949,Alana Beard,1611661324,Minnesota Lynx,1,4,19,Missed Shot,Driving Layup Shot,2PT Field Goal,Restricted Area,Center(C),Less Than 8 ft.,1,-17,-7,1,0,20180520,MIN,LAS,2018,102180000659,3410,validated,,0,matched,playbyplayv2,1611661320,100944|200671|201480|202632|202658,complete,playbyplay_inferred,100949|201502|203014|203824|203833,complete,playbyplay_inferred,1611661320,Los Angeles Sparks
Shot Chart Detail,1021800006,67,201502,Essence Carson,1611661324,Minnesota Lynx,1,3,58,Made Shot,Cutting Layup Shot,2PT Field Goal,Restricted Area,Center(C),Less Than 8 ft.,1,18,2,1,1,20180520,MIN,LAS,2018,102180000667,3620,validated,203833,1,matched,playbyplayv2,1611661320,100944|200671|201480|202632|202658,complete,playbyplay_inferred,100949|201502|203014|203824|203833,complete,playbyplay_inferred,1611661320,Los Angeles Sparks
Shot Chart Detail,1021800006,81,203014,Nneka Ogwumike,1611661324,Minnesota Lynx,1,3,22,Made Shot,Layup Shot,2PT Field Goal,Restricted Area,Center(C),Less Than 8 ft.,2,12,-16,1,1,20180520,MIN,LAS,2018,102180000681,3980,validated,,0,matched,playbyplayv2,1611661320,101030|201480|202632|202658|1628283,complete,playbyplay_inferred,200665|201502|203014|203029|203833,complete,playbyplay_inferred,1611661320,Los Angeles Sparks
Shot Chart Detail,1021800006,88,201502,Essence Carson,1611661324,Minnesota Lynx,1,2,3,Missed Shot,Jump Shot,2PT Field Goal,Mid-Range,Right Side Center(RC),16-24 ft.,21,73,205,1,0,20180520,MIN,LAS,2018,102180000688,4770,validated,,0,matched,playbyplayv2,1611661320,101030|201480|202632|202658|1628283,complete,playbyplay_inferred,200665|201502|203014|203029|203833,complete,playbyplay_inferred,1611661320,Los Angeles Sparks
Shot Chart Detail,1021800006,91,203833,Chelsea Gray,1611661324,Minnesota Lynx,1,1,33,Missed Shot,Jump Shot,3PT Field Goal,Above the Break 3,Right Side Center(RC),24+ ft.,25,90,241,1,0,20180520,MIN,LAS,2018,102180000691,5070,validated,,0,matched,playbyplayv2,1611661320,101030|201480|202632|202658|1628283,complete,playbyplay_inferred,200665|201502|203014|203029|203833,complete,playbyplay_inferred,1611661320,Los Angeles Sparks
Shot Chart Detail,1021800006,93,203014,Nneka Ogwumike,1611661324,Minnesota Lynx,1,1,29,Made Shot,Layup Shot,2PT Field Goal,Restricted Area,Center(C),Less Than 8 ft.,3,25,20,1,1,20180520,MIN,LAS,2018,102180000693,5110,validated,,0,matched,playbyplayv2,1611661320,101030|201480|202632|202658|1628283,complete,playbyplay_inferred,200665|201502|203014|203029|203833,complete,playbyplay_inferred,1611661320,Los Angeles Sparks
Shot Chart Detail,1021800006,109,203833,Chelsea Gray,1611661324,Minnesota Lynx,1,0,38,Made Shot,Driving Layup Shot,2PT Field Goal,Restricted Area,Center(C),Less Than 8 ft.,3,25,18,1,1,20180520,MIN,LAS,2018,1021800006109,5620,validated,,0,matched,playbyplayv2,1611661320,101030|202632|202658|1627701|1628283,complete,playbyplay_inferred,100949|200665|201502|203833|1628317,complete,playbyplay_inferred,1611661320,Los Angeles Sparks
Shot Chart Detail,1021800006,112,203833,Chelsea Gray,1611661324,Minnesota Lynx,1,0,0,Missed Shot,Layup Shot,2PT Field Goal,Restricted Area,Center(C),Less Than 8 ft.,1,17,7,1,0,20180520,MIN,LAS,2018,1021800006112,6000,validated,,0,matched,playbyplayv2,1611661320,101030|202632|202658|1627701|1628283,complete,playbyplay_inferred,100949|200665|201502|203833|1628317,complete,playbyplay_inferred,1611661320,Los Angeles Sparks
Shot Chart Detail,1021800006,122,1628317,Karlie Samuelson,1611661324,Minnesota Lynx,2,9,28,Missed Shot,Jump Shot,3PT Field Goal,Above the Break 3,Left Side(L),16-24 ft.,22,-208,85,1,0,20180520,MIN,LAS,2018,1021800006122,6320,validated,,0,matched,playbyplayv2,1611661320,100915|101030|202632|1627701|1628283,complete,playbyplay_inferred,100949|200665|201502|203824|1628317,complete,playbyplay_inferred,1611661320,Los Angeles Sparks
Shot Chart Detail,1021800006,126,203824,Odyssey Sims,1611661324,Minnesota Lynx,2,9,2,Missed Shot,Floating Jump shot,2PT Field Goal,In The Paint (Non-RA),Center(C),Less Than 8 ft.,6,-19,59,1,0,20180520,MIN,LAS,2018,1021800006126,6580,validated,,0,matched,playbyplayv2,1611661320,100915|101030|202632|1627701|1628283,complete,playbyplay_inferred,100949|200665|201502|203824|1628317,complete,playbyplay_inferred,1611661320,Los Angeles Sparks
Shot Chart Detail,1021800006,144,203833,Chelsea Gray,1611661324,Minnesota Lynx,2,8,24,Missed Shot,Layup Shot,2PT Field Goal,Restricted Area,Center(C),Less Than 8 ft.,1,-14,-6,1,0,20180520,MIN,LAS,2018,1021800006144,6960,validated,,0,matched,playbyplayv2,1611661320,100915|100944|200671|201480|1628283,complete,playbyplay_inferred,203014|203029|203824|203833|1628317,complete,playbyplay_inferred,1611661320,Los Angeles Sparks
Shot Chart Detail,1021800006,149,203014,Nneka Ogwumike,1611661324,Minnesota Lynx,2,7,58,Missed Shot,Reverse Layup Shot,2PT Field Goal,Restricted Area,Center(C),Less Than 8 ft.,1,12,9,1,0,20180520,MIN,LAS,2018,1021800006149,7220,validated,,0,matched,playbyplayv2,1611661320,100915|100944|200671|201480|1628283,complete,playbyplay_inferred,203014|203029|203824|203833|1628317,complete,playbyplay_inferred,1611661320,Los Angeles Sparks
Shot Chart Detail,1021800006,162,1628317,Karlie Samuelson,1611661324,Minnesota Lynx,2,7,9,Missed Shot,Jump Shot,3PT Field Goal,Above the Break 3,Center(C),16-24 ft.,23,-25,231,1,0,20180520,MIN,LAS,2018,1021800006162,7710,validated,,0,matched,playbyplayv2,1611661320,100915|100944|200671|201480|1628283,complete,playbyplay_inferred,203014|203029|203824|203833|1628317,complete,playbyplay_inferred,1611661320,Los Angeles Sparks
Shot Chart Detail,1021800006,164,203824,Odyssey Sims,1611661324,Minnesota Lynx,2,7,2,Missed Shot,Floating Jump shot,2PT Field Goal,Mid-Range,Right Side(R),8-16 ft.,12,96,86,1,0,20180520,MIN,LAS,2018,1021800006164,7780,validated,,0,matched,playbyplayv2,1611661320,100915|100944|200671|201480|1628283,complete,playbyplay_inferred,203014|203029|203824|203833|1628317,complete,playbyplay_inferred,1611661320,Los Angeles Sparks
Shot Chart Detail,1021800006,169,203833,Chelsea Gray,1611661324,Minnesota Lynx,2,6,28,Made Shot,Layup Shot,2PT Field Goal,Restricted Area,Center(C),Less Than 8 ft.,0,8,-4,1,1,20180520,MIN,LAS,2018,1021800006169,8120,validated,203029,1,matched,playbyplayv2,1611661320,100915|100944|200671|201480|1628283,complete,playbyplay_inferred,203014|203029|203824|203833|1628317,complete,playbyplay_inferred,1611661320,Los Angeles Sparks
Shot Chart Detail,1021800006,174,203824,Odyssey Sims,1611661324,Minnesota Lynx,2,6,4,Missed Shot,Floating Jump shot,2PT Field Goal,In The Paint (Non-RA),Center(C),Less Than 8 ft.,6,-31,60,1,0,20180520,MIN,LAS,2018,1021800006174,8360,validated,,0,matched,playbyplayv2,1611661320,100915|100944|200671|201480|202632,complete,playbyplay_inferred,203014|203029|203824|203833|1628317,complete,playbyplay_inferred,1611661320,Los Angeles Sparks
Shot Chart Detail,1021800006,178,203833,Chelsea Gray,1611661324,Minnesota Lynx,2,5,53,Made Shot,Jump Bank Shot,2PT Field Goal,Mid-Range,Right Side(R),8-16 ft.,10,93,52,1,1,20180520,MIN,LAS,2018,1021800006178,8470,validated,,0,matched,playbyplayv2,1611661320,100915|100944|200671|201480|202632,complete,playbyplay_inferred,203014|203029|203824|203833|1628317,complete,playbyplay_inferred,1611661320,Los Angeles Sparks
Shot Chart Detail,1021800006,191,203824,Odyssey Sims,1611661324,Minnesota Lynx,2,5,17,Missed Shot,Jump Shot,2PT Field Goal,Mid-Range,Center(C),8-16 ft.,14,7,140,1,0,20180520,MIN,LAS,2018,1021800006191,8830,validated,,0,matched,playbyplayv2,1611661320,100915|100944|200671|201480|202632,complete,playbyplay_inferred,100949|201502|203014|203824|203833,complete,playbyplay_inferred,1611661320,Los Angeles Sparks
Shot Chart Detail,1021800006,197,203014,Nneka Ogwumike,1611661324,Minnesota Lynx,2,4,39,Missed Shot,Layup Shot,2PT Field Goal,Restricted Area,Center(C),Less Than 8 ft.,3,-25,22,1,0,20180520,MIN,LAS,2018,1021800006197,9210,validated,,0,matched,playbyplayv2,1611661320,100915|100944|200671|201480|202632,complete,playbyplay_inferred,100949|201502|203014|203824|203833,complete,playbyplay_inferred,1611661320,Los Angeles Sparks
Shot Chart Detail,1021800006,209,203014,Nneka Ogwumike,1611661324,Minnesota Lynx,2,3,46,Made Shot,Layup Shot,2PT Field Goal,Restricted Area,Center(C),Less Than 8 ft.,1,-2,-12,1,1,20180520,MIN,LAS,2018,1021800006209,9740,validated,,0,matched,playbyplayv2,1611661320,100915|100944|200671|201480|202632,complete,playbyplay_inferred,100949|200665|201502|203014|203833,complete,playbyplay_inferred,1611661320,Los Angeles Sparks
Shot Chart Detail,1021800006,557,201502,Essence Carson,1611661324,Minnesota Lynx,2,3,14,Made Shot,Jump Shot,2PT Field Goal,Mid-Range,Left Side(L),8-16 ft.,15,-159,12,1,1,20180520,MIN,LAS,2018,1021800006557,10060,validated,203833,1,matched,playbyplayv2,1611661320,100915|100944|200671|201480|202632,complete,playbyplay_inferred,100949|200665|201502|203014|203833,complete,playbyplay_inferred,1611661320,Los Angeles Sparks
Shot Chart Detail,1021800006,216,203014,Nneka Ogwumike,1611661324,Minnesota Lynx,2,2,31,Made Shot,Jump Shot,2PT Field Goal,Mid-Range,Right Side Center(RC),16-24 ft.,19,119,158,1,1,20180520,MIN,LAS,2018,1021800006216,10490,validated,203833,1,matched,playbyplayv2,1611661320,100915|100944|200671|201480|202632,complete,playbyplay_inferred,100949|200665|201502|203014|203833,complete,playbyplay_inferred,1611661320,Los Angeles Sparks
Shot Chart Detail,1021800006,220,201502,Essence Carson,1611661324,Minnesota Lynx,2,1,56,Missed Shot,Jump Shot,2PT Field Goal,Mid-Range,Left Side Center(LC),16-24 ft.,21,-143,165,1,0,20180520,MIN,LAS,2018,1021800006220,10840,validated,,0,matched,playbyplayv2,1611661320,100915|100944|200671|201480|202632,complete,playbyplay_inferred,100949|200665|201502|203014|203833,complete,playbyplay_inferred,1611661320,Los Angeles Sparks
Shot Chart Detail,1021800006,232,203029,Riquna Williams,1611661324,Minnesota Lynx,2,1,44,Missed Shot,Layup Shot,2PT Field Goal,In The Paint (Non-RA),Center(C),Less Than 8 ft.,4,37,20,1,0,20180520,MIN,LAS,2018,1021800006232,10960,validated,,0,matched,playbyplayv2,1611661320,100915|100944|200671|201480|202632,complete,playbyplay_inferred,200665|201502|203014|203029|1628317,complete,playbyplay_inferred,1611661320,Los Angeles Sparks
Shot Chart Detail,1021800006,248,203833,Chelsea Gray,1611661324,Minnesota Lynx,2,0,22,Missed Shot,Jump Shot,3PT Field Goal,Above the Break 3,Right Side Center(RC),24+ ft.,25,86,244,1,0,20180520,MIN,LAS,2018,1021800006248,11780,validated,,0,matched,playbyplayv2,1611661320,100915|100944|200671|201480|202632,complete,playbyplay_inferred,201502|203014|203824|203833|1628282,complete,playbyplay_inferred,1611661320,Los Angeles Sparks
Shot Chart Detail,1021800006,251,203833,Chelsea Gray,1611661324,Minnesota Lynx,2,0,0,Missed Shot,Jump Shot,3PT Field Goal,Above the Break 3,Center(C),24+ ft.,33,-10,339,1,0,20180520,MIN,LAS,2018,1021800006251,12000,validated,,0,matched,playbyplayv2,1611661320,100915|100944|200671|201480|202632,complete,playbyplay_inferred,201502|203014|203824|203833|1628282,complete,playbyplay_inferred,1611661320,Los Angeles Sparks
Shot Chart Detail,1021800006,262,100949,Alana Beard,1611661324,Minnesota Lynx,3,9,27,Missed Shot,Jump Shot,2PT Field Goal,Mid-Range,Right Side(R),16-24 ft.,18,186,-18,1,0,20180520,MIN,LAS,2018,1021800006262,12330,validated,,0,matched,playbyplayv2,1611661320,100915|100944|200671|201480|202632,complete,playbyplay_inferred,100949|201502|203014|203824|203833,complete,playbyplay_inferred,1611661320,Los Angeles Sparks
Shot Chart Detail,1021800006,266,201502,Essence Carson,1611661324,Minnesota Lynx,3,9,13,Missed Shot,Layup Shot,2PT Field Goal,In The Paint (Non-RA),Center(C),Less Than 8 ft.,4,-45,1,1,0,20180520,MIN,LAS,2018,1021800006266,12470,validated,,0,matched,playbyplayv2,1611661320,100915|100944|200671|201480|202632,complete,playbyplay_inferred,100949|201502|203014|203824|203833,complete,playbyplay_inferred,1611661320,Los Angeles Sparks
Shot Chart Detail,1021800006,269,203824,Odyssey Sims,1611661324,Minnesota Lynx,3,9,9,Missed Shot,Jump Shot,2PT Field Goal,In The Paint (Non-RA),Center(C),8-16 ft.,12,-54,111,1,0,20180520,MIN,LAS,2018,1021800006269,12510,validated,,0,matched,playbyplayv2,1611661320,100915|100944|200671|201480|202632,complete,playbyplay_inferred,100949|201502|203014|203824|203833,complete,playbyplay_inferred,1611661320,Los Angeles Sparks
Shot Chart Detail,1021800006,274,203014,Nneka Ogwumike,1611661324,Minnesota Lynx,3,8,41,Made Shot,Alley Oop Layup shot,2PT Field Goal,In The Paint (Non-RA),Center(C),Less Than 8 ft.,5,54,-2,1,1,20180520,MIN,LAS,2018,1021800006274,12790,validated,203824,1,matched,playbyplayv2,1611661320,100915|100944|200671|201480|202632,complete,playbyplay_inferred,100949|201502|203014|203824|203833,complete,playbyplay_inferred,1611661320,Los Angeles Sparks
Shot Chart Detail,1021800006,278,201502,Essence Carson,1611661324,Minnesota Lynx,3,7,58,Missed Shot,Driving Floating Bank Jump Shot,2PT Field Goal,In The Paint (Non-RA),Center(C),8-16 ft.,11,14,115,1,0,20180520,MIN,LAS,2018,1021800006278,13220,validated,,0,matched,playbyplayv2,1611661320,100915|100944|200671|201480|202632,complete,playbyplay_inferred,100949|201502|203014|203824|203833,complete,playbyplay_inferred,1611661320,Los Angeles Sparks
Shot Chart Detail,1021800006,282,203824,Odyssey Sims,1611661324,Minnesota Lynx,3,7,31,Made Shot,Driving Layup Shot,2PT Field Goal,In The Paint (Non-RA),Center(C),Less Than 8 ft.,5,52,12,1,1,20180520,MIN,LAS,2018,1021800006282,13490,validated,,0,matched,playbyplayv2,1611661320,100915|100944|200671|201480|202632,complete,playbyplay_inferred,100949|201502|203014|203824|203833,complete,playbyplay_inferred,1611661320,Los Angeles Sparks
Shot Chart Detail,1021800006,288,201502,Essence Carson,1611661324,Minnesota Lynx,3,7,7,Made Shot,Jump Shot,2PT Field Goal,Mid-Range,Left Side Center(LC),16-24 ft.,20,-120,167,1,1,20180520,MIN,LAS,2018,1021800006288,13730,validated,203833,1,matched,playbyplayv2,1611661320,100915|100944|200671|201480|202632,complete,playbyplay_inferred,100949|201502|203014|203824|203833,complete,playbyplay_inferred,1611661320,Los Angeles Sparks
Shot Chart Detail,1021800006,308,203014,Nneka Ogwumike,1611661324,Minnesota Lynx,3,6,20,Made Shot,Reverse Layup Shot,2PT Field Goal,Restricted Area,Center(C),Less Than 8 ft.,2,-19,13,1,1,20180520,MIN,LAS,2018,1021800006308,14200,validated,203824,1,matched,playbyplayv2,1611661320,100944|101030|201480|202658|1628283,complete,playbyplay_inferred,201502|203014|203029|203824|203833,complete,playbyplay_inferred,1611661320,Los Angeles Sparks
Shot Chart Detail,1021800006,317,203824,Odyssey Sims,1611661324,Minnesota Lynx,3,5,48,Made Shot,Jump Shot,3PT Field Goal,Above the Break 3,Right Side Center(RC),24+ ft.,25,200,151,1,1,20180520,MIN,LAS,2018,1021800006317,14520,validated,203833,1,matched,playbyplayv2,1611661320,100944|101030|202658|1627701|1628283,complete,playbyplay_inferred,201502|203014|203029|203824|203833,complete,playbyplay_inferred,1611661320,Los Angeles Sparks
Shot Chart Detail,1021800006,325,203833,Chelsea Gray,1611661324,Minnesota Lynx,3,5,10,Missed Shot,Reverse Layup Shot,2PT Field Goal,Restricted Area,Center(C),Less Than 8 ft.,2,27,13,1,0,20180520,MIN,LAS,2018,1021800006325,14900,validated,,0,matched,playbyplayv2,1611661320,100944|101030|202658|1627701|1628283,complete,playbyplay_inferred,201502|203014|203029|203824|203833,complete,playbyplay_inferred,1611661320,Los Angeles Sparks
Shot Chart Detail,1021800006,339,1628317,Karlie Samuelson,1611661324,Minnesota Lynx,3,4,21,Made Shot,Jump Shot,3PT Field Goal,Above the Break 3,Center(C),24+ ft.,24,61,240,1,1,20180520,MIN,LAS,2018,1021800006339,15390,validated,,0,matched,playbyplayv2,1611661320,100944|101030|202658|1627701|1628283,complete,playbyplay_inferred,203014|203029|203824|1628282|1628317,complete,playbyplay_inferred,1611661320,Los Angeles Sparks
Shot Chart Detail,1021800006,362,203029,Riquna Williams,1611661324,Minnesota Lynx,3,3,12,Missed Shot,Jump Shot,3PT Field Goal,Above the Break 3,Left Side Center(LC),24+ ft.,26,-170,206,1,0,20180520,MIN,LAS,2018,1021800006362,16080,validated,,0,matched,playbyplayv2,1611661320,101030|201480|202632|202658|1628283,complete,playbyplay_inferred,100949|203014|203029|203824|1628317,complete,playbyplay_inferred,1611661320,Los Angeles Sparks
Shot Chart Detail,1021800006,366,1628317,Karlie Samuelson,1611661324,Minnesota Lynx,3,2,57,Missed Shot,Jump Shot,3PT Field Goal,Above the Break 3,Right Side Center(RC),24+ ft.,25,149,208,1,0,20180520,MIN,LAS,2018,1021800006366,16230,validated,,0,matched,playbyplayv2,1611661320,101030|201480|202632|202658|1628283,complete,playbyplay_inferred,100949|203014|203029|203824|1628317,complete,playbyplay_inferred,1611661320,Los Angeles Sparks
Shot Chart Detail,1021800006,369,203824,Odyssey Sims,1611661324,Minnesota Lynx,3,2,20,Missed Shot,Driving Layup Shot,2PT Field Goal,In The Paint (Non-RA),Center(C),Less Than 8 ft.,4,-45,-15,1,0,20180520,MIN,LAS,2018,1021800006369,16600,validated,,0,matched,playbyplayv2,1611661320,101030|201480|202632|202658|1628283,complete,playbyplay_inferred,100949|203014|203029|203824|1628317,complete,playbyplay_inferred,1611661320,Los Angeles Sparks
Shot Chart Detail,1021800006,372,203029,Riquna Williams,1611661324,Minnesota Lynx,3,2,13,Made Shot,Cutting Layup Shot,2PT Field Goal,Restricted Area,Center(C),Less Than 8 ft.,3,-37,0,1,1,20180520,MIN,LAS,2018,1021800006372,16670,validated,203014,1,matched,playbyplayv2,1611661320,101030|201480|202632|202658|1628283,complete,playbyplay_inferred,100949|203014|203029|203824|1628317,complete,playbyplay_inferred,1611661320,Los Angeles Sparks
Shot Chart Detail,1021800006,383,203029,Riquna Williams,1611661324,Minnesota Lynx,3,1,36,Missed Shot,Jump Shot,2PT Field Goal,Mid-Range,Right Side Center(RC),16-24 ft.,17,67,163,1,0,20180520,MIN,LAS,2018,1021800006383,17040,validated,,0,matched,playbyplayv2,1611661320,101030|201480|202632|202658|1628283,complete,playbyplay_inferred,200665|203014|203029|203833|1628317,complete,playbyplay_inferred,1611661320,Los Angeles Sparks
Shot Chart Detail,1021800006,394,1628317,Karlie Samuelson,1611661324,Minnesota Lynx,3,0,46,Missed Shot,Jump Shot,3PT Field Goal,Above the Break 3,Center(C),24+ ft.,28,38,280,1,0,20180520,MIN,LAS,2018,1021800006394,17540,validated,,0,matched,playbyplayv2,1611661320,201480|202632|202658|203041|1628283,complete,playbyplay_inferred,200665|203014|203029|203833|1628317,complete,playbyplay_inferred,1611661320,Los Angeles Sparks
Shot Chart Detail,1021800006,406,1628317,Karlie Samuelson,1611661324,Minnesota Lynx,3,0,13,Missed Shot,Jump Shot,3PT Field Goal,Above the Break 3,Center(C),24+ ft.,26,61,256,1,0,20180520,MIN,LAS,2018,1021800006406,17870,validated,,0,matched,playbyplayv2,1611661320,100915|201480|202632|203041|1628283,complete,playbyplay_inferred,203014|203029|203824|203833|1628317,complete,playbyplay_inferred,1611661320,Los Angeles Sparks
Shot Chart Detail,1021800006,412,203833,Chelsea Gray,1611661324,Minnesota Lynx,3,0,1,Made Shot,Pullup Jump shot,2PT Field Goal,Mid-Range,Center(C),16-24 ft.,16,16,160,1,1,20180520,MIN,LAS,2018,1021800006412,17990,validated,,0,matched,playbyplayv2,1611661320,100915|201480|202632|203041|1628283,complete,playbyplay_inferred,203014|203029|203824|203833|1628317,complete,playbyplay_inferred,1611661320,Los Angeles Sparks
Shot Chart Detail,1021800006,416,203833,Chelsea Gray,1611661324,Minnesota Lynx,4,9,47,Missed Shot,Jump Shot,3PT Field Goal,Above the Break 3,Right Side Center(RC),24+ ft.,25,93,235,1,0,20180520,MIN,LAS,2018,1021800006416,18130,validated,,0,matched,playbyplayv2,1611661320,100915|201480|202632|203041|1628283,complete,playbyplay_inferred,203014|203029|203824|203833|1628317,complete,playbyplay_inferred,1611661320,Los Angeles Sparks
Shot Chart Detail,1021800006,437,201502,Essence Carson,1611661324,Minnesota Lynx,4,8,27,Missed Shot,Jump Shot,2PT Field Goal,Mid-Range,Left Side(L),8-16 ft.,13,-139,13,1,0,20180520,MIN,LAS,2018,1021800006437,18930,validated,,0,matched,playbyplayv2,1611661320,100915|200671|201480|202632|203041,complete,playbyplay_inferred,100949|201502|203014|203824|203833,complete,playbyplay_inferred,1611661320,Los Angeles Sparks
Shot Chart Detail,1021800006,446,203014,Nneka Ogwumike,1611661324,Minnesota Lynx,4,7,56,Missed Shot,Jump Shot,3PT Field Goal,Above the Break 3,Right Side Center(RC),24+ ft.,24,117,217,1,0,20180520,MIN,LAS,2018,1021800006446,19240,validated,,0,matched,playbyplayv2,1611661320,100915|200671|201480|202632|203041,complete,playbyplay_inferred,100949|201502|203014|203824|203833,complete,playbyplay_inferred,1611661320,Los Angeles Sparks
Shot Chart Detail,1021800006,450,203824,Odyssey Sims,1611661324,Minnesota Lynx,4,7,36,Made Shot,Driving Layup Shot,2PT Field Goal,Restricted Area,Center(C),Less Than 8 ft.,2,27,11,1,1,20180520,MIN,LAS,2018,1021800006450,19440,validated,,0,matched,playbyplayv2,1611661320,100915|200671|201480|202632|203041,complete,playbyplay_inferred,100949|201502|203014|203824|203833,complete,playbyplay_inferred,1611661320,Los Angeles Sparks
Shot Chart Detail,1021800006,454,203833,Chelsea Gray,1611661324,Minnesota Lynx,4,6,55,Made Shot,Driving Layup Shot,2PT Field Goal,Restricted Area,Center(C),Less Than 8 ft.,3,31,14,1,1,20180520,MIN,LAS,2018,1021800006454,19850,validated,,0,matched,playbyplayv2,1611661320,100915|200671|201480|202632|203041,complete,playbyplay_inferred,100949|201502|203014|203824|203833,complete,playbyplay_inferred,1611661320,Los Angeles Sparks
Shot Chart Detail,1021800006,457,201502,Essence Carson,1611661324,Minnesota Lynx,4,6,22,Made Shot,Jump Shot,2PT Field Goal,Mid-Range,Center(C),16-24 ft.,17,20,176,1,1,20180520,MIN,LAS,2018,1021800006457,20180,validated,203833,1,matched,playbyplayv2,1611661320,100915|200671|201480|202632|203041,complete,playbyplay_inferred,100949|201502|203014|203824|203833,complete,playbyplay_inferred,1611661320,Los Angeles Sparks
Shot Chart Detail,1021800006,465,203824,Odyssey Sims,1611661324,Minnesota Lynx,4,5,25,Missed Shot,Jump Shot,3PT Field Goal,Above the Break 3,Left Side Center(LC),24+ ft.,24,-207,137,1,0,20180520,MIN,LAS,2018,1021800006465,20750,validated,,0,matched,playbyplayv2,1611661320,100915|200671|201480|202632|203041,complete,playbyplay_inferred,100949|201502|203014|203824|203833,complete,playbyplay_inferred,1611661320,Los Angeles Sparks
Shot Chart Detail,1021800006,493,203029,Riquna Williams,1611661324,Minnesota Lynx,4,3,51,Made Shot,Pullup Jump shot,2PT Field Goal,Mid-Range,Left Side(L),16-24 ft.,20,-181,87,1,1,20180520,MIN,LAS,2018,1021800006493,21690,validated,,0,matched,playbyplayv2,1611661320,100915|100944|200671|201480|202632,complete,playbyplay_inferred,100949|201502|203014|203029|203833,complete,playbyplay_inferred,1611661320,Los Angeles Sparks
Shot Chart Detail,1021800006,497,203029,Riquna Williams,1611661324,Minnesota Lynx,4,3,23,Missed Shot,Jump Shot,3PT Field Goal,Above the Break 3,Left Side Center(LC),24+ ft.,24,-182,160,1,0,20180520,MIN,LAS,2018,1021800006497,21970,validated,,0,matched,playbyplayv2,1611661320,100915|100944|200671|201480|202632,complete,playbyplay_inferred,100949|201502|203014|203029|203833,complete,playbyplay_inferred,1611661320,Los Angeles Sparks
Shot Chart Detail,1021800006,499,203014,Nneka Ogwumike,1611661324,Minnesota Lynx,4,3,8,Made Shot,Jump Shot,3PT Field Goal,Above the Break 3,Right Side Center(RC),24+ ft.,25,99,235,1,1,20180520,MIN,LAS,2018,1021800006499,22120,validated,203833,1,matched,playbyplayv2,1611661320,100915|100944|200671|201480|202632,complete,playbyplay_inferred,100949|201502|203014|203029|203833,complete,playbyplay_inferred,1611661320,Los Angeles Sparks
Shot Chart Detail,1021800006,506,203833,Chelsea Gray,1611661324,Minnesota Lynx,4,2,23,Missed Shot,Pullup Jump shot,2PT Field Goal,Mid-Range,Right Side Center(RC),16-24 ft.,20,103,176,1,0,20180520,MIN,LAS,2018,1021800006506,22570,validated,,0,matched,playbyplayv2,1611661320,100915|100944|200671|201480|202632,complete,playbyplay_inferred,100949|201502|203014|203029|203833,complete,playbyplay_inferred,1611661320,Los Angeles Sparks
Shot Chart Detail,1021800006,510,203014,Nneka Ogwumike,1611661324,Minnesota Lynx,4,2,8,Made Shot,Layup Shot,2PT Field Goal,Restricted Area,Center(C),Less Than 8 ft.,2,27,9,1,1,20180520,MIN,LAS,2018,1021800006510,22720,validated,203029,1,matched,playbyplayv2,1611661320,100915|100944|200671|201480|202632,complete,playbyplay_inferred,100949|201502|203014|203029|203833,complete,playbyplay_inferred,1611661320,Los Angeles Sparks
Shot Chart Detail,1021800006,517,203014,Nneka Ogwumike,1611661324,Minnesota Lynx,4,1,32,Missed Shot,Jump Shot,2PT Field Goal,Mid-Range,Left Side Center(LC),16-24 ft.,20,-95,185,1,0,20180520,MIN,LAS,2018,1021800006517,23080,validated,,0,matched,playbyplayv2,1611661320,100915|100944|200671|201480|202632,complete,playbyplay_inferred,100949|201502|203014|203029|203833,complete,playbyplay_inferred,1611661320,Los Angeles Sparks
Shot Chart Detail,1021800006,521,100949,Alana Beard,1611661324,Minnesota Lynx,4,1,14,Missed Shot,Jump Shot,2PT Field Goal,Mid-Range,Left Side(L),16-24 ft.,18,-185,-21,1,0,20180520,MIN,LAS,2018,1021800006521,23260,validated,,0,matched,playbyplayv2,1611661320,100915|100944|200671|201480|202632,complete,playbyplay_inferred,100949|201502|203014|203029|203833,complete,playbyplay_inferred,1611661320,Los Angeles Sparks
Shot Chart Detail,1021800006,530,203824,Odyssey Sims,1611661324,Minnesota Lynx,4,0,41,Made Shot,Jump Shot,2PT Field Goal,Mid-Range,Center(C),16-24 ft.,21,2,212,1,1,20180520,MIN,LAS,2018,1021800006530,23590,validated,,0,matched,playbyplayv2,1611661320,100915|100944|200671|201480|202632,complete,playbyplay_inferred,100949|201502|203014|203824|203833,complete,playbyplay_inferred,1611661320,Los Angeles Sparks
Shot Chart Detail,1021800006,537,203824,Odyssey Sims,1611661324,Minnesota Lynx,4,0,11,Missed Shot,Jump Shot,3PT Field Goal,Above the Break 3,Center(C),24+ ft.,25,53,254,1,0,20180520,MIN,LAS,2018,1021800006537,23890,validated,,0,matched,playbyplayv2,1611661320,100915|100944|200671|201480|202632,complete,playbyplay_inferred,100949|201502|203014|203824|203833,complete,playbyplay_inferred,1611661320,Los Angeles Sparks
Shot Chart Detail,1021800006,547,203833,Chelsea Gray,1611661324,Minnesota Lynx,4,0,0,Made Shot,Driving Layup Shot,2PT Field Goal,Restricted Area,Center(C),Less Than 8 ft.,3,-4,34,1,1,20180520,MIN,LAS,2018,1021800006547,24000,validated,,0,matched,playbyplayv2,1611661320,100915|100944|200671|201480|202632,complete,playbyplay_inferred,100949|203014|203824|203833|1628317,complete,playbyplay_inferred,1611661320,Los Angeles Sparks
Shot Chart Detail,1021800012,7,1628277,Allisha Gray,1611661324,Minnesota Lynx,1,9,49,Missed Shot,Pullup Jump shot,2PT Field Goal,Mid-Range,Left Side Center(LC),16-24 ft.,18,-74,167,1,0,20180523,MIN,DAL,2018,10218000127,110,validated,,0,matched,playbyplayv2,1611661321,100915|100944|200671|201480|202632,complete,playbyplay_inferred,202633|202640|203400|203866|1628277,complete,playbyplay_inferred,1611661321,Dallas Wings
Shot Chart Detail,1021800012,11,203866,Kayla Thornton,1611661324,Minnesota Lynx,1,9,23,Missed Shot,Floating Jump shot,3PT Field Goal,Above the Break 3,Left Side Center(LC),24+ ft.,24,-113,218,1,0,20180523,MIN,DAL,2018,102180001211,370,validated,,0,matched,playbyplayv2,1611661321,100915|100944|200671|201480|202632,complete,playbyplay_inferred,202633|202640|203400|203866|1628277,complete,playbyplay_inferred,1611661321,Dallas Wings
Shot Chart Detail,1021800012,13,203400,Skylar Diggins,1611661324,Minnesota Lynx,1,9,18,Missed Shot,Jump Shot,2PT Field Goal,Mid-Range,Right Side(R),8-16 ft.,11,113,39,1,0,20180523,MIN,DAL,2018,102180001213,420,validated,,0,matched,playbyplayv2,1611661321,100915|100944|200671|201480|202632,complete,playbyplay_inferred,202633|202640|203400|203866|1628277,complete,playbyplay_inferred,1611661321,Dallas Wings
Shot Chart Detail,1021800012,17,1628277,Allisha Gray,1611661324,Minnesota Lynx,1,8,35,Missed Shot,Cutting Layup Shot,2PT Field Goal,Restricted Area,Center(C),Less Than 8 ft.,1,15,1,1,0,20180523,MIN,DAL,2018,102180001217,850,validated,,0,matched,playbyplayv2,1611661321,100915|100944|200671|201480|202632,complete,playbyplay_inferred,202633|202640|203400|203866|1628277,complete,playbyplay_inferred,1611661321,Dallas Wings
Shot Chart Detail,1021800012,20,202633,Liz Cambage,1611661324,Minnesota Lynx,1,8,31,Made Shot,Turnaround Jump Shot,2PT Field Goal,Mid-Range,Right Side(R),8-16 ft.,10,98,20,1,1,20180523,MIN,DAL,2018,102180001220,890,validated,203400,1,matched,playbyplayv2,1611661321,100915|100944|200671|201480|202632,complete,playbyplay_inferred,202633|202640|203400|203866|1628277,complete,playbyplay_inferred,1611661321,Dallas Wings
Shot Chart Detail,1021800012,24,202640,Karima Christmas-Kelly,1611661324,Minnesota Lynx,1,7,59,Missed Shot,Jump Shot,3PT Field Goal,Above the Break 3,Left Side Center(LC),24+ ft.,24,-152,192,1,0,20180523,MIN,DAL,2018,102180001224,1210,validated,,0,matched,playbyplayv2,1611661321,100915|100944|200671|201480|202632,complete,playbyplay_inferred,202633|202640|203400|203866|1628277,complete,playbyplay_inferred,1611661321,Dallas Wings
Shot Chart Detail,1021800012,26,203866,Kayla Thornton,1611661324,Minnesota Lynx,1,7,54,Made Shot,Tip Layup Shot,2PT Field Goal,Restricted Area,Center(C),Less Than 8 ft.,0,0,-6,1,1,20180523,MIN,DAL,2018,102180001226,1260,validated,,0,matched,playbyplayv2,1611661321,100915|100944|200671|201480|202632,complete,playbyplay_inferred,202633|202640|203400|203866|1628277,complete,playbyplay_inferred,1611661321,Dallas Wings
Shot Chart Detail,1021800012,29,203400,Skylar Diggins,1611661324,Minnesota Lynx,1,7,32,Missed Shot,Jump Shot,3PT Field Goal,Above the Break 3,Right Side Center(RC),24+ ft.,24,137,202,1,0,20180523,MIN,DAL,2018,102180001229,1480,validated,,0,matched,playbyplayv2,1611661321,100915|100944|200671|201480|202632,complete,playbyplay_inferred,202633|202640|203400|203866|1628277,complete,playbyplay_inferred,1611661321,Dallas Wings
Shot Chart Detail,1021800012,34,202633,Liz Cambage,1611661324,Minnesota Lynx,1,7,1,Missed Shot,Layup Shot,2PT Field Goal,Restricted Area,Center(C),Less Than 8 ft.,1,-13,13,1,0,20180523,MIN,DAL,2018,102180001234,1790,validated,,0,matched,playbyplayv2,1611661321,100915|100944|200671|201480|202632,complete,playbyplay_inferred,202633|202640|203400|203866|1628277,complete,playbyplay_inferred,1611661321,Dallas Wings
Shot Chart Detail,1021800012,38,203400,Skylar Diggins,1611661324,Minnesota Lynx,1,6,27,Missed Shot,Step Back Jump shot,3PT Field Goal,Above the Break 3,Left Side Center(LC),24+ ft.,24,-112,217,1,0,20180523,MIN,DAL,2018,102180001238,2130,validated,,0,matched,playbyplayv2,1611661321,100915|100944|200671|201480|202632,complete,playbyplay_inferred,202633|202640|203400|203866|1628277,complete,playbyplay_inferred,1611661321,Dallas Wings
Shot Chart Detail,1021800012,40,202640,Karima Christmas-Kelly,1611661324,Minnesota Lynx,1,6,11,Missed Shot,Driving Layup Shot,2PT Field Goal,In The Paint (Non-RA),Center(C),Less Than 8 ft.,7,-45,63,1,0,20180523,MIN,DAL,2018,102180001240,2290,validated,,0,matched,playbyplayv2,1611661321,100915|100944|200671|201480|202632,complete,playbyplay_inferred,202633|202640|203400|203866|1628277,complete,playbyplay_inferred,1611661321,Dallas Wings
Shot Chart Detail,1021800012,44,1628277,Allisha Gray,1611661324,Minnesota Lynx,1,5,42,Missed Shot,Jump Shot,3PT Field Goal,Above the Break 3,Left Side Center(LC),24+ ft.,26,-134,229,1,0,20180523,MIN,DAL,2018,102180001244,2580,validated,,0,matched,playbyplayv2,1611661321,100915|100944|200671|201480|202632,complete,playbyplay_inferred,202633|202640|203400|203866|1628277,complete,playbyplay_inferred,1611661321,Dallas Wings
Shot Chart Detail,1021800012,46,202640,Karima Christmas-Kelly,1611661324,Minnesota Lynx,1,5,35,Missed Shot,Jump Shot,2PT Field Goal,Restricted Area,Center(C),Less Than 8 ft.,3,-20,25,1,0,20180523,MIN,DAL,2018,102180001246,2650,validated,,0,matched,playbyplayv2,1611661321,100915|100944|200671|201480|202632,complete,playbyplay_inferred,202633|202640|203400|203866|1628277,complete,playbyplay_inferred,1611661321,Dallas Wings
Shot Chart Detail,1021800012,54,203400,Skylar Diggins,1611661324,Minnesota Lynx,1,5,7,Made Shot,Jump Shot,3PT Field Goal,Above the Break 3,Center(C),24+ ft.,24,-76,238,1,1,20180523,MIN,DAL,2018,102180001254,2930,validated,1628273,1,matched,playbyplayv2,1611661321,100915|100944|200671|201480|202632,complete,playbyplay_inferred,202633|203400|203866|1628273|1628277,complete,playbyplay_inferred,1611661321,Dallas Wings
Shot Chart Detail,1021800012,59,203400,Skylar Diggins,1611661324,Minnesota Lynx,1,4,36,Missed Shot,Driving Layup Shot,2PT Field Goal,Restricted Area,Center(C),Less Than 8 ft.,2,-9,23,1,0,20180523,MIN,DAL,2018,102180001259,3240,validated,,0,matched,playbyplayv2,1611661321,100915|100944|200671|201480|202632,complete,playbyplay_inferred,202633|203400|203866|1628273|1628277,complete,playbyplay_inferred,1611661321,Dallas Wings
Shot Chart Detail,1021800012,64,1628273,Kaela Davis,1611661324,Minnesota Lynx,1,4,16,Made Shot,Layup Shot,2PT Field Goal,Restricted Area,Center(C),Less Than 8 ft.,1,16,9,1,1,20180523,MIN,DAL,2018,102180001264,3440,validated,202633,1,matched,playbyplayv2,1611661321,100915|100944|200671|201480|202632,complete,playbyplay_inferred,202633|203400|203866|1628273|1628277,complete,playbyplay_inferred,1611661321,Dallas Wings
Shot Chart Detail,1021800012,73,1628277,Allisha Gray,1611661324,Minnesota Lynx,1,3,31,Missed Shot,Jump Shot,3PT Field Goal,Right Corner 3,Right Side(R),24+ ft.,22,227,18,1,0,20180523,MIN,DAL,2018,102180001273,3890,validated,,0,matched,playbyplayv2,1611661321,100944|101030|201480|202632|202658,complete,playbyplay_inferred,202633|203400|203866|1628273|1628277,complete,playbyplay_inferred,1611661321,Dallas Wings
Shot Chart Detail,1021800012,77,203866,Kayla Thornton,1611661324,Minnesota Lynx,1,3,16,Missed Shot,Layup Shot,2PT Field Goal,Restricted Area,Center(C),Less Than 8 ft.,2,19,13,1,0,20180523,MIN,DAL,2018,102180001277,4040,validated,,0,matched,playbyplayv2,1611661321,100944|101030|201480|202632|202658,complete,playbyplay_inferred,202633|203400|203866|1628273|1628277,complete,playbyplay_inferred,1611661321,Dallas Wings
Shot Chart Detail,1021800012,85,1628273,Kaela Davis,1611661324,Minnesota Lynx,1,2,49,Missed Shot,Layup Shot,2PT Field Goal,Restricted Area,Center(C),Less Than 8 ft.,2,22,14,1,0,20180523,MIN,DAL,2018,102180001285,4310,validated,,0,matched,playbyplayv2,1611661321,100944|101030|201480|202632|202658,complete,playbyplay_inferred,202633|203400|203866|1628273|1628277,complete,playbyplay_inferred,1611661321,Dallas Wings
Shot Chart Detail,1021800012,95,1628292,Breanna Lewis,1611661324,Minnesota Lynx,1,2,45,Missed Shot,Layup Shot,2PT Field Goal,Restricted Area,Center(C),Less Than 8 ft.,2,28,9,1,0,20180523,MIN,DAL,2018,102180001295,4350,validated,,0,matched,playbyplayv2,1611661321,100944|101030|202658|203041|1628283,complete,playbyplay_inferred,203866|1628267|1628273|1628277|1628292,complete,playbyplay_inferred,1611661321,Dallas Wings
Shot Chart Detail,1021800012,104,1628273,Kaela Davis,1611661324,Minnesota Lynx,1,1,51,Missed Shot,Pullup Jump shot,2PT Field Goal,Mid-Range,Left Side Center(LC),16-24 ft.,20,-74,188,1,0,20180523,MIN,DAL,2018,1021800012104,4890,validated,,0,matched,playbyplayv2,1611661321,100944|101030|202658|203041|1628283,complete,playbyplay_inferred,203866|1628267|1628273|1628277|1628292,complete,playbyplay_inferred,1611661321,Dallas Wings
Shot Chart Detail,1021800012,106,1628273,Kaela Davis,1611661324,Minnesota Lynx,1,1,39,Missed Shot,Jump Shot,3PT Field Goal,Above the Break 3,Left Side Center(LC),24+ ft.,26,-119,238,1,0,20180523,MIN,DAL,2018,1021800012106,5010,validated,,0,matched,playbyplayv2,1611661321,100944|101030|202658|203041|1628283,complete,playbyplay_inferred,203866|1628267|1628273|1628277|1628292,complete,playbyplay_inferred,1611661321,Dallas Wings
Shot Chart Detail,1021800012,108,1628292,Breanna Lewis,1611661324,Minnesota Lynx,1,1,35,Made Shot,Putback Layup Shot,2PT Field Goal,Restricted Area,Center(C),Less Than 8 ft.,2,-20,14,1,1,20180523,MIN,DAL,2018,1021800012108,5050,validated,,0,matched,playbyplayv2,1611661321,100944|101030|202658|203041|1628283,complete,playbyplay_inferred,203866|1628267|1628273|1628277|1628292,complete,playbyplay_inferred,1611661321,Dallas Wings
Shot Chart Detail,1021800012,110,1628277,Allisha Gray,1611661324,Minnesota Lynx,1,1,1,Made Shot,Floating Jump shot,2PT Field Goal,In The Paint (Non-RA),Center(C),Less Than 8 ft.,5,-20,52,1,1,20180523,MIN,DAL,2018,1021800012110,5390,validated,,0,matched,playbyplayv2,1611661321,100944|101030|202658|203041|1628283,complete,playbyplay_inferred,203866|1628267|1628273|1628277|1628292,complete,playbyplay_inferred,1611661321,Dallas Wings
Shot Chart Detail,1021800012,122,1628277,Allisha Gray,1611661324,Minnesota Lynx,1,0,43,Missed Shot,Jump Shot,3PT Field Goal,Above the Break 3,Right Side(R),16-24 ft.,23,198,124,1,0,20180523,MIN,DAL,2018,1021800012122,5570,validated,,0,matched,playbyplayv2,1611661321,100915|100944|101030|203041|1628283,complete,playbyplay_inferred,1628267|1628273|1628277|1628292|1628922,complete,playbyplay_inferred,1611661321,Dallas Wings
Shot Chart Detail,1021800012,125,1628922,Azurá Stevens,1611661324,Minnesota Lynx,1,0,20,Made Shot,Driving Layup Shot,2PT Field Goal,Restricted Area,Center(C),Less Than 8 ft.,3,-25,25,1,1,20180523,MIN,DAL,2018,1021800012125,5800,validated,1628267,1,matched,playbyplayv2,1611661321,100915|100944|101030|203041|1628283,complete,playbyplay_inferred,1628267|1628273|1628277|1628292|1628922,complete,playbyplay_inferred,1611661321,Dallas Wings
Shot Chart Detail,1021800012,129,1628922,Azurá Stevens,1611661324,Minnesota Lynx,1,0,0,Missed Shot,Jump Shot,3PT Field Goal,Backcourt,Back Court(BC),Back Court Shot,55,-170,529,1,0,20180523,MIN,DAL,2018,1021800012129,6000,validated,,0,matched,playbyplayv2,1611661321,100915|100944|101030|203041|1628283,complete,playbyplay_inferred,1628267|1628273|1628277|1628292|1628922,complete,playbyplay_inferred,1611661321,Dallas Wings
Shot Chart Detail,1021800012,150,203866,Kayla Thornton,1611661324,Minnesota Lynx,2,9,29,Missed Shot,Jump Shot,3PT Field Goal,Above the Break 3,Left Side Center(LC),24+ ft.,26,-102,242,1,0,20180523,MIN,DAL,2018,1021800012150,6310,validated,,0,matched,playbyplayv2,1611661321,100915|200671|201480|202632|203041,complete,playbyplay_inferred,202633|202640|203400|203866|1628922,complete,playbyplay_inferred,1611661321,Dallas Wings
Shot Chart Detail,1021800012,163,202633,Liz Cambage,1611661324,Minnesota Lynx,2,8,28,Missed Shot,Layup Shot,2PT Field Goal,Restricted Area,Center(C),Less Than 8 ft.,3,-36,14,1,0,20180523,MIN,DAL,2018,1021800012163,6920,validated,,0,matched,playbyplayv2,1611661321,100915|200671|201480|202632|203041,complete,playbyplay_inferred,202633|202640|203400|203866|1628922,complete,playbyplay_inferred,1611661321,Dallas Wings
Shot Chart Detail,1021800012,165,202633,Liz Cambage,1611661324,Minnesota Lynx,2,8,25,Made Shot,Layup Shot,2PT Field Goal,Restricted Area,Center(C),Less Than 8 ft.,0,-7,4,1,1,20180523,MIN,DAL,2018,1021800012165,6950,validated,,0,matched,playbyplayv2,1611661321,100915|200671|201480|202632|203041,complete,playbyplay_inferred,202633|202640|203400|203866|1628922,complete,playbyplay_inferred,1611661321,Dallas Wings
Shot Chart Detail,1021800012,174,203400,Skylar Diggins,1611661324,Minnesota Lynx,2,7,18,Missed Shot,Pullup Jump shot,2PT Field Goal,Mid-Range,Center(C),16-24 ft.,18,-4,186,1,0,20180523,MIN,DAL,2018,1021800012174,7620,validated,,0,matched,playbyplayv2,1611661321,100915|200671|201480|202632|203041,complete,playbyplay_inferred,202633|202640|203400|203866|1628922,complete,playbyplay_inferred,1611661321,Dallas Wings
Shot Chart Detail,1021800012,180,202633,Liz Cambage,1611661324,Minnesota Lynx,2,6,45,Made Shot,Layup Shot,2PT Field Goal,Restricted Area,Center(C),Less Than 8 ft.,0,5,2,1,1,20180523,MIN,DAL,2018,1021800012180,7950,validated,203400,1,matched,playbyplayv2,1611661321,100915|200671|201480|202632|203041,complete,playbyplay_inferred,202633|202640|203400|203866|1628922,complete,playbyplay_inferred,1611661321,Dallas Wings
Shot Chart Detail,1021800012,196,1628922,Azurá Stevens,1611661324,Minnesota Lynx,2,5,17,Missed Shot,Jump Shot,3PT Field Goal,Above the Break 3,Center(C),24+ ft.,26,-53,259,1,0,20180523,MIN,DAL,2018,1021800012196,8830,validated,,0,matched,playbyplayv2,1611661321,200671|201480|202632|203041|1628283,complete,playbyplay_inferred,202633|202640|203400|203866|1628922,complete,playbyplay_inferred,1611661321,Dallas Wings
Shot Chart Detail,1021800012,201,202633,Liz Cambage,1611661324,Minnesota Lynx,2,5,1,Missed Shot,Jump Shot,2PT Field Goal,Mid-Range,Center(C),16-24 ft.,17,-20,170,1,0,20180523,MIN,DAL,2018,1021800012201,8990,validated,,0,matched,playbyplayv2,1611661321,200671|201480|202632|203041|1628283,complete,playbyplay_inferred,202633|202640|203400|203866|1628922,complete,playbyplay_inferred,1611661321,Dallas Wings
Shot Chart Detail,1021800012,211,202633,Liz Cambage,1611661324,Minnesota Lynx,2,4,31,Missed Shot,Layup Shot,2PT Field Goal,Restricted Area,Center(C),Less Than 8 ft.,1,8,15,1,0,20180523,MIN,DAL,2018,1021800012211,9290,validated,,0,matched,playbyplayv2,1611661321,101030|201480|202632|203041|1628283,complete,playbyplay_inferred,202633|203400|203866|1628273|1628922,complete,playbyplay_inferred,1611661321,Dallas Wings
Shot Chart Detail,1021800012,215,202633,Liz Cambage,1611661324,Minnesota Lynx,2,4,0,Missed Shot,Jump Shot,2PT Field Goal,Mid-Range,Right Side Center(RC),16-24 ft.,16,132,100,1,0,20180523,MIN,DAL,2018,1021800012215,9600,validated,,0,matched,playbyplayv2,1611661321,101030|201480|202632|203041|1628283,complete,playbyplay_inferred,202633|203400|203866|1628273|1628922,complete,playbyplay_inferred,1611661321,Dallas Wings
Shot Chart Detail,1021800012,222,203400,Skylar Diggins,1611661324,Minnesota Lynx,2,3,9,Missed Shot,Jump Shot,2PT Field Goal,In The Paint (Non-RA),Center(C),8-16 ft.,10,-12,103,1,0,20180523,MIN,DAL,2018,1021800012222,10110,validated,,0,matched,playbyplayv2,1611661321,101030|201480|202632|203041|1628283,complete,playbyplay_inferred,202633|203400|203866|1628277|1628922,complete,playbyplay_inferred,1611661321,Dallas Wings
Shot Chart Detail,1021800012,239,203866,Kayla Thornton,1611661324,Minnesota Lynx,2,2,5,Missed Shot,Layup Shot,2PT Field Goal,Restricted Area,Center(C),Less Than 8 ft.,2,22,2,1,0,20180523,MIN,DAL,2018,1021800012239,10750,validated,,0,matched,playbyplayv2,1611661321,100915|100944|101030|201480|202632,complete,playbyplay_inferred,202633|203400|203866|1628277|1628922,complete,playbyplay_inferred,1611661321,Dallas Wings
Shot Chart Detail,1021800012,246,1628922,Azurá Stevens,1611661324,Minnesota Lynx,2,1,17,Missed Shot,Reverse Layup Shot,2PT Field Goal,Restricted Area,Center(C),Less Than 8 ft.,1,-9,12,1,0,20180523,MIN,DAL,2018,1021800012246,11230,validated,,0,matched,playbyplayv2,1611661321,100915|100944|101030|201480|202632,complete,playbyplay_inferred,202633|203866|1628267|1628277|1628922,complete,playbyplay_inferred,1611661321,Dallas Wings
Shot Chart Detail,1021800012,260,203866,Kayla Thornton,1611661324,Minnesota Lynx,2,0,30,Missed Shot,Jump Shot,2PT Field Goal,Mid-Range,Left Side(L),8-16 ft.,13,-109,87,1,0,20180523,MIN,DAL,2018,1021800012260,11700,validated,,0,matched,playbyplayv2,1611661321,100915|100944|101030|201480|202632,complete,playbyplay_inferred,202633|203866|1628267|1628277|1628922,complete,playbyplay_inferred,1611661321,Dallas Wings
Shot Chart Detail,1021800012,281,202633,Liz Cambage,1611661324,Minnesota Lynx,3,9,28,Made Shot,Jump Shot,2PT Field Goal,Mid-Range,Right Side Center(RC),16-24 ft.,16,111,118,1,1,20180523,MIN,DAL,2018,1021800012281,12320,validated,203400,1,matched,playbyplayv2,1611661321,100915|100944|200671|201480|202632,complete,playbyplay_inferred,202633|202640|203400|203866|1628277,complete,playbyplay_inferred,1611661321,Dallas Wings
Shot Chart Detail,1021800012,285,1628277,Allisha Gray,1611661324,Minnesota Lynx,3,8,50,Missed Shot,Jump Shot,2PT Field Goal,Mid-Range,Left Side Center(LC),16-24 ft.,16,-105,131,1,0,20180523,MIN,DAL,2018,1021800012285,12700,validated,,0,matched,playbyplayv2,1611661321,100915|100944|200671|201480|202632,complete,playbyplay_inferred,202633|202640|203400|203866|1628277,complete,playbyplay_inferred,1611661321,Dallas Wings
Shot Chart Detail,1021800012,290,203400,Skylar Diggins,1611661324,Minnesota Lynx,3,8,28,Missed Shot,Jump Shot,3PT Field Goal,Above the Break 3,Right Side Center(RC),16-24 ft.,23,86,217,1,0,20180523,MIN,DAL,2018,1021800012290,12920,validated,,0,matched,playbyplayv2,1611661321,100915|100944|200671|201480|202632,complete,playbyplay_inferred,202633|202640|203400|203866|1628277,complete,playbyplay_inferred,1611661321,Dallas Wings
Shot Chart Detail,1021800012,297,1628277,Allisha Gray,1611661324,Minnesota Lynx,3,7,48,Made Shot,Layup Shot,2PT Field Goal,Restricted Area,Center(C),Less Than 8 ft.,2,-17,-15,1,1,20180523,MIN,DAL,2018,1021800012297,13320,validated,203866,1,matched,playbyplayv2,1611661321,100915|100944|200671|201480|202632,complete,playbyplay_inferred,202633|202640|203400|203866|1628277,complete,playbyplay_inferred,1611661321,Dallas Wings
Shot Chart Detail,1021800012,300,1628277,Allisha Gray,1611661324,Minnesota Lynx,3,7,8,Missed Shot,Jump Shot,3PT Field Goal,Above the Break 3,Center(C),16-24 ft.,23,-9,231,1,0,20180523,MIN,DAL,2018,1021800012300,13720,validated,,0,matched,playbyplayv2,1611661321,100915|100944|200671|201480|202632,complete,playbyplay_inferred,202633|202640|203400|203866|1628277,complete,playbyplay_inferred,1611661321,Dallas Wings
Shot Chart Detail,1021800012,307,203400,Skylar Diggins,1611661324,Minnesota Lynx,3,6,28,Missed Shot,Floating Jump shot,2PT Field Goal,Mid-Range,Left Side(L),8-16 ft.,11,-116,21,1,0,20180523,MIN,DAL,2018,1021800012307,14120,validated,,0,matched,playbyplayv2,1611661321,100915|100944|200671|201480|202632,complete,playbyplay_inferred,202633|202640|203400|203866|1628273,complete,playbyplay_inferred,1611661321,Dallas Wings
Shot Chart Detail,1021800012,309,202640,Karima Christmas-Kelly,1611661324,Minnesota Lynx,3,6,16,Made Shot,Driving Layup Shot,2PT Field Goal,In The Paint (Non-RA),Center(C),8-16 ft.,8,42,74,1,1,20180523,MIN,DAL,2018,1021800012309,14240,validated,202633,1,matched,playbyplayv2,1611661321,100915|100944|200671|201480|202632,complete,playbyplay_inferred,202633|202640|203400|203866|1628273,complete,playbyplay_inferred,1611661321,Dallas Wings
Shot Chart Detail,1021800012,313,202633,Liz Cambage,1611661324,Minnesota Lynx,3,5,36,Missed Shot,Layup Shot,2PT Field Goal,In The Paint (Non-RA),Center(C),Less Than 8 ft.,5,2,58,1,0,20180523,MIN,DAL,2018,1021800012313,14640,validated,,0,matched,playbyplayv2,1611661321,100944|200671|201480|202632|202658,complete,playbyplay_inferred,202633|202640|203400|203866|1628273,complete,playbyplay_inferred,1611661321,Dallas Wings
Shot Chart Detail,1021800012,317,203866,Kayla Thornton,1611661324,Minnesota Lynx,3,5,20,Made Shot,Jump Shot,2PT Field Goal,Mid-Range,Center(C),16-24 ft.,17,1,173,1,1,20180523,MIN,DAL,2018,1021800012317,14800,validated,,0,matched,playbyplayv2,1611661321,100944|200671|201480|202632|202658,complete,playbyplay_inferred,202633|202640|203400|203866|1628273,complete,playbyplay_inferred,1611661321,Dallas Wings
Shot Chart Detail,1021800012,327,203400,Skylar Diggins,1611661324,Minnesota Lynx,3,4,55,Missed Shot,Jump Shot,3PT Field Goal,Above the Break 3,Left Side Center(LC),24+ ft.,23,-170,167,1,0,20180523,MIN,DAL,2018,1021800012327,15050,validated,,0,matched,playbyplayv2,1611661321,100944|101030|201480|202632|202658,complete,playbyplay_inferred,202633|202640|203400|203866|1628273,complete,playbyplay_inferred,1611661321,Dallas Wings
Shot Chart Detail,1021800012,331,1628273,Kaela Davis,1611661324,Minnesota Lynx,3,4,38,Missed Shot,Pullup Jump shot,2PT Field Goal,In The Paint (Non-RA),Center(C),8-16 ft.,8,2,81,1,0,20180523,MIN,DAL,2018,1021800012331,15220,validated,,0,matched,playbyplayv2,1611661321,100944|101030|201480|202632|202658,complete,playbyplay_inferred,202633|202640|203400|203866|1628273,complete,playbyplay_inferred,1611661321,Dallas Wings
Shot Chart Detail,1021800012,335,202640,Karima Christmas-Kelly,1611661324,Minnesota Lynx,3,4,20,Missed Shot,Jump Shot,3PT Field Goal,Above the Break 3,Left Side Center(LC),24+ ft.,23,-109,213,1,0,20180523,MIN,DAL,2018,1021800012335,15400,validated,,0,matched,playbyplayv2,1611661321,100944|101030|201480|202632|202658,complete,playbyplay_inferred,202633|202640|203400|203866|1628273,complete,playbyplay_inferred,1611661321,Dallas Wings
Shot Chart Detail,1021800012,355,1628922,Azurá Stevens,1611661324,Minnesota Lynx,3,3,26,Made Shot,Jump Shot,3PT Field Goal,Above the Break 3,Left Side(L),16-24 ft.,22,-210,90,1,1,20180523,MIN,DAL,2018,1021800012355,15940,validated,203400,1,matched,playbyplayv2,1611661321,100944|101030|202658|203041|1628283,complete,playbyplay_inferred,202640|203400|203866|1628273|1628922,complete,playbyplay_inferred,1611661321,Dallas Wings
Shot Chart Detail,1021800012,374,1628273,Kaela Davis,1611661324,Minnesota Lynx,3,2,20,Missed Shot,Jump Shot,3PT Field Goal,Above the Break 3,Left Side(L),24+ ft.,23,-231,44,1,0,20180523,MIN,DAL,2018,1021800012374,16600,validated,,0,matched,playbyplayv2,1611661321,101030|202658|203041|1627701|1628283,complete,playbyplay_inferred,202640|203866|1628267|1628273|1628922,complete,playbyplay_inferred,1611661321,Dallas Wings
Shot Chart Detail,1021800012,379,1628922,Azurá Stevens,1611661324,Minnesota Lynx,3,1,50,Made Shot,Jump Shot,2PT Field Goal,Restricted Area,Center(C),Less Than 8 ft.,1,1,15,1,1,20180523,MIN,DAL,2018,1021800012379,16900,validated,,0,matched,playbyplayv2,1611661321,101030|202658|203041|1627701|1628283,complete,playbyplay_inferred,202640|203866|1628267|1628273|1628922,complete,playbyplay_inferred,1611661321,Dallas Wings
Shot Chart Detail,1021800012,382,1628273,Kaela Davis,1611661324,Minnesota Lynx,3,1,31,Made Shot,Jump Shot,3PT Field Goal,Above the Break 3,Right Side Center(RC),24+ ft.,24,160,179,1,1,20180523,MIN,DAL,2018,1021800012382,17090,validated,203866,1,matched,playbyplayv2,1611661321,101030|202658|203041|1627701|1628283,complete,playbyplay_inferred,202640|203866|1628267|1628273|1628922,complete,playbyplay_inferred,1611661321,Dallas Wings
Shot Chart Detail,1021800012,387,202640,Karima Christmas-Kelly,1611661324,Minnesota Lynx,3,0,57,Made Shot,Jump Shot,3PT Field Goal,Above the Break 3,Center(C),16-24 ft.,23,46,233,1,1,20180523,MIN,DAL,2018,1021800012387,17430,validated,,0,matched,playbyplayv2,1611661321,101030|202658|203041|1627701|1628283,complete,playbyplay_inferred,202640|203866|1628267|1628273|1628922,complete,playbyplay_inferred,1611661321,Dallas Wings
Shot Chart Detail,1021800012,395,1628922,Azurá Stevens,1611661324,Minnesota Lynx,3,0,8,Missed Shot,Turnaround Jump Shot,2PT Field Goal,In The Paint (Non-RA),Center(C),Less Than 8 ft.,5,-59,7,1,0,20180523,MIN,DAL,2018,1021800012395,17920,validated,,0,matched,playbyplayv2,1611661321,101030|202658|203041|1627701|1628283,complete,playbyplay_inferred,202640|203866|1628267|1628273|1628922,complete,playbyplay_inferred,1611661321,Dallas Wings
Shot Chart Detail,1021800012,413,1628273,Kaela Davis,1611661324,Minnesota Lynx,4,9,40,Missed Shot,Layup Shot,2PT Field Goal,Restricted Area,Center(C),Less Than 8 ft.,0,-3,1,1,0,20180523,MIN,DAL,2018,1021800012413,18200,validated,,0,matched,playbyplayv2,1611661321,100915|100944|200671|201480|202632,complete,playbyplay_inferred,202640|203400|1628267|1628273|1628922,complete,playbyplay_inferred,1611661321,Dallas Wings
Shot Chart Detail,1021800012,415,1628273,Kaela Davis,1611661324,Minnesota Lynx,4,9,35,Missed Shot,Putback Layup Shot,2PT Field Goal,Restricted Area,Center(C),Less Than 8 ft.,0,-9,-4,1,0,20180523,MIN,DAL,2018,1021800012415,18250,validated,,0,matched,playbyplayv2,1611661321,100915|100944|200671|201480|202632,complete,playbyplay_inferred,202640|203400|1628267|1628273|1628922,complete,playbyplay_inferred,1611661321,Dallas Wings
Shot Chart Detail,1021800012,421,203400,Skylar Diggins,1611661324,Minnesota Lynx,4,9,12,Missed Shot,Layup Shot,2PT Field Goal,Restricted Area,Center(C),Less Than 8 ft.,0,-3,6,1,0,20180523,MIN,DAL,2018,1021800012421,18480,validated,,0,matched,playbyplayv2,1611661321,100915|100944|200671|201480|202632,complete,playbyplay_inferred,202640|203400|1628267|1628273|1628922,complete,playbyplay_inferred,1611661321,Dallas Wings
Shot Chart Detail,1021800012,426,1628922,Azurá Stevens,1611661324,Minnesota Lynx,4,8,38,Missed Shot,Jump Shot,3PT Field Goal,Left Corner 3,Left Side(L),24+ ft.,23,-231,25,1,0,20180523,MIN,DAL,2018,1021800012426,18820,validated,,0,matched,playbyplayv2,1611661321,100915|100944|200671|201480|202632,complete,playbyplay_inferred,202640|203400|1628267|1628273|1628922,complete,playbyplay_inferred,1611661321,Dallas Wings
Shot Chart Detail,1021800012,433,1628922,Azurá Stevens,1611661324,Minnesota Lynx,4,7,52,Missed Shot,Jump Shot,3PT Field Goal,Above the Break 3,Right Side Center(RC),24+ ft.,24,159,182,1,0,20180523,MIN,DAL,2018,1021800012433,19280,validated,,0,matched,playbyplayv2,1611661321,100915|100944|200671|201480|202632,complete,playbyplay_inferred,202640|203400|1628267|1628273|1628922,complete,playbyplay_inferred,1611661321,Dallas Wings
Shot Chart Detail,1021800012,438,1628267,Saniya Chong,1611661324,Minnesota Lynx,4,7,34,Missed Shot,Driving Layup Shot,2PT Field Goal,Restricted Area,Center(C),Less Than 8 ft.,1,-10,6,1,0,20180523,MIN,DAL,2018,1021800012438,19460,validated,,0,matched,playbyplayv2,1611661321,100915|100944|200671|201480|202632,complete,playbyplay_inferred,202633|203400|1628267|1628273|1628922,complete,playbyplay_inferred,1611661321,Dallas Wings
Shot Chart Detail,1021800012,441,202633,Liz Cambage,1611661324,Minnesota Lynx,4,7,26,Made Shot,Jump Shot,2PT Field Goal,In The Paint (Non-RA),Center(C),8-16 ft.,8,3,82,1,1,20180523,MIN,DAL,2018,1021800012441,19540,validated,203400,1,matched,playbyplayv2,1611661321,100915|100944|200671|201480|202632,complete,playbyplay_inferred,202633|203400|1628267|1628273|1628922,complete,playbyplay_inferred,1611661321,Dallas Wings
Shot Chart Detail,1021800012,446,1628273,Kaela Davis,1611661324,Minnesota Lynx,4,6,52,Missed Shot,Pullup Jump shot,2PT Field Goal,Mid-Range,Left Side(L),8-16 ft.,15,-92,124,1,0,20180523,MIN,DAL,2018,1021800012446,19880,validated,,0,matched,playbyplayv2,1611661321,100915|100944|200671|201480|202632,complete,playbyplay_inferred,202633|203400|1628267|1628273|1628922,complete,playbyplay_inferred,1611661321,Dallas Wings
Shot Chart Detail,1021800012,457,1628267,Saniya Chong,1611661324,Minnesota Lynx,4,6,21,Made Shot,Cutting Layup Shot,2PT Field Goal,Restricted Area,Center(C),Less Than 8 ft.,0,-9,-3,1,1,20180523,MIN,DAL,2018,1021800012457,20190,validated,202633,1,matched,playbyplayv2,1611661321,100915|100944|200671|201480|202632,complete,playbyplay_inferred,202633|203400|203866|1628267|1628277,complete,playbyplay_inferred,1611661321,Dallas Wings
Shot Chart Detail,1021800012,462,202633,Liz Cambage,1611661324,Minnesota Lynx,4,5,40,Made Shot,Turnaround Jump Shot,2PT Field Goal,Mid-Range,Left Side(L),8-16 ft.,10,-102,19,1,1,20180523,MIN,DAL,2018,1021800012462,20600,validated,203400,1,matched,playbyplayv2,1611661321,100915|100944|200671|201480|202632,complete,playbyplay_inferred,202633|203400|203866|1628267|1628277,complete,playbyplay_inferred,1611661321,Dallas Wings
Shot Chart Detail,1021800012,481,203400,Skylar Diggins,1611661324,Minnesota Lynx,4,4,24,Made Shot,Jump Shot,3PT Field Goal,Above the Break 3,Left Side(L),24+ ft.,22,-220,66,1,1,20180523,MIN,DAL,2018,1021800012481,21360,validated,202633,1,matched,playbyplayv2,1611661321,100915|100944|200671|201480|202632,complete,playbyplay_inferred,202633|203400|203866|1628267|1628277,complete,playbyplay_inferred,1611661321,Dallas Wings
Shot Chart Detail,1021800012,493,203400,Skylar Diggins,1611661324,Minnesota Lynx,4,4,4,Missed Shot,Jump Shot,3PT Field Goal,Above the Break 3,Center(C),16-24 ft.,23,7,232,1,0,20180523,MIN,DAL,2018,1021800012493,21560,validated,,0,matched,playbyplayv2,1611661321,100915|100944|200671|201480|202632,complete,playbyplay_inferred,202633|203400|203866|1628267|1628277,complete,playbyplay_inferred,1611661321,Dallas Wings
Shot Chart Detail,1021800012,497,203866,Kayla Thornton,1611661324,Minnesota Lynx,4,3,22,Missed Shot,Jump Shot,3PT Field Goal,Above the Break 3,Right Side Center(RC),24+ ft.,23,98,217,1,0,20180523,MIN,DAL,2018,1021800012497,21980,validated,,0,matched,playbyplayv2,1611661321,100915|100944|200671|201480|202632,complete,playbyplay_inferred,202633|203400|203866|1628267|1628277,complete,playbyplay_inferred,1611661321,Dallas Wings
Shot Chart Detail,1021800012,499,1628267,Saniya Chong,1611661324,Minnesota Lynx,4,3,20,Missed Shot,Jump Shot,2PT Field Goal,Mid-Range,Left Side(L),16-24 ft.,18,-169,68,1,0,20180523,MIN,DAL,2018,1021800012499,22000,validated,,0,matched,playbyplayv2,1611661321,100915|100944|200671|201480|202632,complete,playbyplay_inferred,202633|203400|203866|1628267|1628277,complete,playbyplay_inferred,1611661321,Dallas Wings
Shot Chart Detail,1021800012,511,202633,Liz Cambage,1611661324,Minnesota Lynx,4,2,52,Made Shot,Layup Shot,2PT Field Goal,Restricted Area,Center(C),Less Than 8 ft.,2,25,6,1,1,20180523,MIN,DAL,2018,1021800012511,22280,validated,203866,1,matched,playbyplayv2,1611661321,100915|100944|200671|201480|202632,complete,playbyplay_inferred,202633|202640|203400|203866|1628922,complete,playbyplay_inferred,1611661321,Dallas Wings
Shot Chart Detail,1021800012,524,203866,Kayla Thornton,1611661324,Minnesota Lynx,4,2,11,Made Shot,Jump Shot,3PT Field Goal,Above the Break 3,Right Side(R),24+ ft.,23,229,47,1,1,20180523,MIN,DAL,2018,1021800012524,22690,validated,1628922,1,matched,playbyplayv2,1611661321,100944|101030|201480|202632|202658,complete,playbyplay_inferred,202633|202640|203400|203866|1628922,complete,playbyplay_inferred,1611661321,Dallas Wings
Shot Chart Detail,1021800012,528,202633,Liz Cambage,1611661324,Minnesota Lynx,4,1,38,Missed Shot,Driving Layup Shot,2PT Field Goal,Restricted Area,Center(C),Less Than 8 ft.,1,-13,2,1,0,20180523,MIN,DAL,2018,1021800012528,23020,validated,,0,matched,playbyplayv2,1611661321,100944|101030|201480|202632|202658,complete,playbyplay_inferred,202633|202640|203400|203866|1628922,complete,playbyplay_inferred,1611661321,Dallas Wings
Shot Chart Detail,1021800012,532,1628922,Azurá Stevens,1611661324,Minnesota Lynx,4,1,18,Made Shot,Running Layup Shot,2PT Field Goal,Restricted Area,Center(C),Less Than 8 ft.,0,7,5,1,1,20180523,MIN,DAL,2018,1021800012532,23220,validated,,0,matched,playbyplayv2,1611661321,100944|101030|201480|202632|202658,complete,playbyplay_inferred,202633|202640|203400|203866|1628922,complete,playbyplay_inferred,1611661321,Dallas Wings
Shot Chart Detail,1021800012,534,202640,Karima Christmas-Kelly,1611661324,Minnesota Lynx,4,0,46,Missed Shot,Jump Shot,2PT Field Goal,Mid-Range,Left Side(L),8-16 ft.,11,-106,43,1,0,20180523,MIN,DAL,2018,1021800012534,23540,validated,,0,matched,playbyplayv2,1611661321,100944|101030|201480|202632|202658,complete,playbyplay_inferred,202633|202640|203400|203866|1628922,complete,playbyplay_inferred,1611661321,Dallas Wings
Shot Chart Detail,1021800012,548,203400,Skylar Diggins,1611661324,Minnesota Lynx,4,0,40,Made Shot,Jump Shot,3PT Field Goal,Above the Break 3,Right Side Center(RC),24+ ft.,25,96,232,1,1,20180523,MIN,DAL,2018,1021800012548,23600,validated,,0,matched,playbyplayv2,1611661321,100944|101030|202658|203041|1628508,complete,playbyplay_inferred,202633|202640|203400|203866|1628922,complete,playbyplay_inferred,1611661321,Dallas Wings
Shot Chart Detail,1021800012,561,202640,Karima Christmas-Kelly,1611661324,Minnesota Lynx,4,0,35,Made Shot,Driving Layup Shot,2PT Field Goal,Restricted Area,Center(C),Less Than 8 ft.,1,-10,-6,1,1,20180523,MIN,DAL,2018,1021800012561,23650,validated,203866,1,matched,playbyplayv2,1611661321,100944|101030|202658|203041|1628508,complete,playbyplay_inferred,202633|202640|203400|203866|1628922,complete,playbyplay_inferred,1611661321,Dallas Wings
Shot Chart Detail,1021800012,580,203866,Kayla Thornton,1611661324,Minnesota Lynx,4,0,14,Made Shot,Jump Shot,3PT Field Goal,Above the Break 3,Center(C),24+ ft.,23,50,233,1,1,20180523,MIN,DAL,2018,1021800012580,23860,validated,203400,1,matched,playbyplayv2,1611661321,101030|202658|203041|1627701|1628508,complete,playbyplay_inferred,202633|202640|203400|203866|1628922,complete,playbyplay_inferred,1611661321,Dallas Wings
Shot Chart Detail,1021800012,587,203400,Skylar Diggins,1611661324,Minnesota Lynx,4,0,5,Made Shot,Jump Shot,3PT Field Goal,Above the Break 3,Left Side(L),16-24 ft.,23,-208,103,1,1,20180523,MIN,DAL,2018,1021800012587,23950,validated,202640,1,matched,playbyplayv2,1611661321,101030|202658|203041|1627701|1628508,complete,playbyplay_inferred,202633|202640|203400|203866|1628922,complete,playbyplay_inferred,1611661321,Dallas Wings
Shot Chart Detail,1021800016,7,201919,Shavonte Zellous,1611661324,Minnesota Lynx,1,9,39,Missed Shot,Jump Shot,2PT Field Goal,Mid-Range,Left Side Center(LC),16-24 ft.,16,-70,147,1,0,20180525,NYL,MIN,2018,10218000167,210,validated,,0,matched,playbyplayv2,1611661313,100915|100944|200671|201480|202632,complete,playbyplay_inferred,201889|201919|202250|203829|204329,complete,playbyplay_inferred,1611661313,New York Liberty
Shot Chart Detail,1021800016,12,201889,Marissa Coleman,1611661324,Minnesota Lynx,1,9,15,Missed Shot,Jump Shot,3PT Field Goal,Left Corner 3,Left Side(L),24+ ft.,22,-224,12,1,0,20180525,NYL,MIN,2018,102180001612,450,validated,,0,matched,playbyplayv2,1611661313,100915|100944|200671|201480|202632,complete,playbyplay_inferred,201889|201919|202250|203829|204329,complete,playbyplay_inferred,1611661313,New York Liberty
Shot Chart Detail,1021800016,18,203829,Bria Hartley,1611661324,Minnesota Lynx,1,8,33,Missed Shot,Jump Shot,3PT Field Goal,Above the Break 3,Left Side Center(LC),24+ ft.,24,-174,173,1,0,20180525,NYL,MIN,2018,102180001618,870,validated,,0,matched,playbyplayv2,1611661313,100915|100944|200671|201480|202632,complete,playbyplay_inferred,201889|201919|202250|203829|204329,complete,playbyplay_inferred,1611661313,New York Liberty
Shot Chart Detail,1021800016,21,201889,Marissa Coleman,1611661324,Minnesota Lynx,1,7,59,Made Shot,Jump Shot,2PT Field Goal,In The Paint (Non-RA),Right Side(R),8-16 ft.,11,75,87,1,1,20180525,NYL,MIN,2018,102180001621,1210,validated,,0,matched,playbyplayv2,1611661313,100915|100944|200671|201480|202632,complete,playbyplay_inferred,201889|201919|202250|203829|204329,complete,playbyplay_inferred,1611661313,New York Liberty
Shot Chart Detail,1021800016,23,203829,Bria Hartley,1611661324,Minnesota Lynx,1,7,34,Missed Shot,Running Layup Shot,2PT Field Goal,Restricted Area,Center(C),Less Than 8 ft.,2,7,19,1,0,20180525,NYL,MIN,2018,102180001623,1460,validated,,0,matched,playbyplayv2,1611661313,100915|100944|200671|201480|202632,complete,playbyplay_inferred,201889|201919|202250|203829|204329,complete,playbyplay_inferred,1611661313,New York Liberty
Shot Chart Detail,1021800016,26,202250,Tina Charles,1611661324,Minnesota Lynx,1,7,27,Made Shot,Jump Shot,3PT Field Goal,Above the Break 3,Left Side Center(LC),24+ ft.,25,-184,180,1,1,20180525,NYL,MIN,2018,102180001626,1530,validated,,0,matched,playbyplayv2,1611661313,100915|100944|200671|201480|202632,complete,playbyplay_inferred,201889|201919|202250|203829|204329,complete,playbyplay_inferred,1611661313,New York Liberty
Shot Chart Detail,1021800016,29,201889,Marissa Coleman,1611661324,Minnesota Lynx,1,6,47,Missed Shot,Jump Shot,2PT Field Goal,Mid-Range,Right Side(R),16-24 ft.,20,205,-28,1,0,20180525,NYL,MIN,2018,102180001629,1930,validated,,0,matched,playbyplayv2,1611661313,100915|100944|200671|201480|202632,complete,playbyplay_inferred,201889|201919|202250|203829|204329,complete,playbyplay_inferred,1611661313,New York Liberty
Shot Chart Detail,1021800016,31,202250,Tina Charles,1611661324,Minnesota Lynx,1,6,43,Made Shot,Layup Shot,2PT Field Goal,Restricted Area,Center(C),Less Than 8 ft.,0,-2,9,1,1,20180525,NYL,MIN,2018,102180001631,1970,validated,,0,matched,playbyplayv2,1611661313,100915|100944|200671|201480|202632,complete,playbyplay_inferred,201889|201919|202250|203829|204329,complete,playbyplay_inferred,1611661313,New York Liberty
Shot Chart Detail,1021800016,37,203829,Bria Hartley,1611661324,Minnesota Lynx,1,6,20,Made Shot,Jump Shot,2PT Field Goal,In The Paint (Non-RA),Center(C),8-16 ft.,11,9,114,1,1,20180525,NYL,MIN,2018,102180001637,2200,validated,,0,matched,playbyplayv2,1611661313,100915|100944|200671|201480|202632,complete,playbyplay_inferred,201889|201919|202250|203829|204329,complete,playbyplay_inferred,1611661313,New York Liberty
Shot Chart Detail,1021800016,48,201919,Shavonte Zellous,1611661324,Minnesota Lynx,1,5,32,Missed Shot,Jump Shot,3PT Field Goal,Above the Break 3,Right Side Center(RC),24+ ft.,24,163,180,1,0,20180525,NYL,MIN,2018,102180001648,2680,validated,,0,matched,playbyplayv2,1611661313,100915|100944|200671|201480|202632,complete,playbyplay_inferred,201919|202250|203829|204329|1628915,complete,playbyplay_inferred,1611661313,New York Liberty
Shot Chart Detail,1021800016,50,204329,Kiah Stokes,1611661324,Minnesota Lynx,1,5,28,Made Shot,Jump Shot,2PT Field Goal,Mid-Range,Left Side(L),8-16 ft.,15,-119,100,1,1,20180525,NYL,MIN,2018,102180001650,2720,validated,,0,matched,playbyplayv2,1611661313,100915|100944|200671|201480|202632,complete,playbyplay_inferred,201919|202250|203829|204329|1628915,complete,playbyplay_inferred,1611661313,New York Liberty
Shot Chart Detail,1021800016,53,1628915,Kia Nurse,1611661324,Minnesota Lynx,1,4,59,Missed Shot,Jump Shot,3PT Field Goal,Above the Break 3,Right Side(R),24+ ft.,23,235,30,1,0,20180525,NYL,MIN,2018,102180001653,3010,validated,,0,matched,playbyplayv2,1611661313,100915|100944|200671|201480|202632,complete,playbyplay_inferred,201919|202250|203829|204329|1628915,complete,playbyplay_inferred,1611661313,New York Liberty
Shot Chart Detail,1021800016,68,203829,Bria Hartley,1611661324,Minnesota Lynx,1,4,28,Missed Shot,Jump Shot,3PT Field Goal,Above the Break 3,Right Side Center(RC),24+ ft.,24,170,175,1,0,20180525,NYL,MIN,2018,102180001668,3320,validated,,0,matched,playbyplayv2,1611661313,101030|201480|202632|202658|203041,complete,playbyplay_inferred,201919|202250|203829|204329|1628915,complete,playbyplay_inferred,1611661313,New York Liberty
Shot Chart Detail,1021800016,72,1628915,Kia Nurse,1611661324,Minnesota Lynx,1,4,12,Missed Shot,Jump Shot,3PT Field Goal,Above the Break 3,Left Side Center(LC),24+ ft.,25,-201,163,1,0,20180525,NYL,MIN,2018,102180001672,3480,validated,,0,matched,playbyplayv2,1611661313,101030|201480|202632|202658|203041,complete,playbyplay_inferred,201919|202250|203829|204329|1628915,complete,playbyplay_inferred,1611661313,New York Liberty
Shot Chart Detail,1021800016,84,201919,Shavonte Zellous,1611661324,Minnesota Lynx,1,3,28,Missed Shot,Jump Shot,3PT Field Goal,Above the Break 3,Center(C),16-24 ft.,23,71,226,1,0,20180525,NYL,MIN,2018,102180001684,3920,validated,,0,matched,playbyplayv2,1611661313,101030|201480|202632|202658|203041,complete,playbyplay_inferred,201919|202250|203829|204329|1628915,complete,playbyplay_inferred,1611661313,New York Liberty
Shot Chart Detail,1021800016,88,203829,Bria Hartley,1611661324,Minnesota Lynx,1,3,10,Missed Shot,Layup Shot,2PT Field Goal,Restricted Area,Center(C),Less Than 8 ft.,2,-15,23,1,0,20180525,NYL,MIN,2018,102180001688,4100,validated,,0,matched,playbyplayv2,1611661313,101030|201480|202632|202658|203041,complete,playbyplay_inferred,201919|202250|203829|204329|1628915,complete,playbyplay_inferred,1611661313,New York Liberty
Shot Chart Detail,1021800016,100,204329,Kiah Stokes,1611661324,Minnesota Lynx,1,2,28,Missed Shot,Jump Shot,2PT Field Goal,Mid-Range,Left Side Center(LC),16-24 ft.,18,-129,136,1,0,20180525,NYL,MIN,2018,1021800016100,4520,validated,,0,matched,playbyplayv2,1611661313,101030|200671|201480|202658|203041,complete,playbyplay_inferred,201889|202250|203829|204329|1628915,complete,playbyplay_inferred,1611661313,New York Liberty
Shot Chart Detail,1021800016,105,202250,Tina Charles,1611661324,Minnesota Lynx,1,2,1,Made Shot,Turnaround Fadeaway Bank Jump Shot,2PT Field Goal,In The Paint (Non-RA),Center(C),8-16 ft.,14,-67,129,1,1,20180525,NYL,MIN,2018,1021800016105,4790,validated,,0,matched,playbyplayv2,1611661313,101030|200671|201480|202658|203041,complete,playbyplay_inferred,201889|202250|203829|204329|1628915,complete,playbyplay_inferred,1611661313,New York Liberty
Shot Chart Detail,1021800016,119,202250,Tina Charles,1611661324,Minnesota Lynx,1,1,4,Made Shot,Jump Shot,2PT Field Goal,In The Paint (Non-RA),Center(C),Less Than 8 ft.,6,-1,60,1,1,20180525,NYL,MIN,2018,1021800016119,5360,validated,203829,1,matched,playbyplayv2,1611661313,101030|200671|202632|202658|203041,complete,playbyplay_inferred,201889|202250|203829|204320|1628915,complete,playbyplay_inferred,1611661313,New York Liberty
Shot Chart Detail,1021800016,124,204320,Amanda Zahui B,1611661324,Minnesota Lynx,1,0,26,Missed Shot,Jump Shot,3PT Field Goal,Above the Break 3,Left Side Center(LC),24+ ft.,24,-131,206,1,0,20180525,NYL,MIN,2018,1021800016124,5740,validated,,0,matched,playbyplayv2,1611661313,101030|200671|202632|202658|203041,complete,playbyplay_inferred,201889|202250|203829|204320|1628915,complete,playbyplay_inferred,1611661313,New York Liberty
Shot Chart Detail,1021800016,155,204320,Amanda Zahui B,1611661324,Minnesota Lynx,2,9,18,Missed Shot,Jump Shot,3PT Field Goal,Above the Break 3,Center(C),24+ ft.,24,-63,233,1,0,20180525,NYL,MIN,2018,1021800016155,6420,validated,,0,matched,playbyplayv2,1611661313,100944|201480|202632|202658|1628283,complete,playbyplay_inferred,201889|202250|203829|204320|1628915,complete,playbyplay_inferred,1611661313,New York Liberty
Shot Chart Detail,1021800016,159,203829,Bria Hartley,1611661324,Minnesota Lynx,2,8,55,Missed Shot,Jump Shot,2PT Field Goal,Mid-Range,Left Side(L),8-16 ft.,15,-129,83,1,0,20180525,NYL,MIN,2018,1021800016159,6650,validated,,0,matched,playbyplayv2,1611661313,100944|201480|202632|202658|1628283,complete,playbyplay_inferred,201889|202250|203829|204320|1628915,complete,playbyplay_inferred,1611661313,New York Liberty
Shot Chart Detail,1021800016,161,1628915,Kia Nurse,1611661324,Minnesota Lynx,2,8,49,Made Shot,Layup Shot,2PT Field Goal,Restricted Area,Center(C),Less Than 8 ft.,2,16,13,1,1,20180525,NYL,MIN,2018,1021800016161,6710,validated,,0,matched,playbyplayv2,1611661313,100944|201480|202632|202658|1628283,complete,playbyplay_inferred,201889|202250|203829|204320|1628915,complete,playbyplay_inferred,1611661313,New York Liberty
Shot Chart Detail,1021800016,168,202250,Tina Charles,1611661324,Minnesota Lynx,2,8,14,Missed Shot,Jump Shot,3PT Field Goal,Above the Break 3,Center(C),24+ ft.,24,-2,244,1,0,20180525,NYL,MIN,2018,1021800016168,7060,validated,,0,matched,playbyplayv2,1611661313,100944|201480|202632|202658|1628283,complete,playbyplay_inferred,201889|202250|203829|204320|1628915,complete,playbyplay_inferred,1611661313,New York Liberty
Shot Chart Detail,1021800016,172,201889,Marissa Coleman,1611661324,Minnesota Lynx,2,7,54,Made Shot,Jump Shot,2PT Field Goal,Mid-Range,Left Side(L),16-24 ft.,21,-212,14,1,1,20180525,NYL,MIN,2018,1021800016172,7260,validated,1628915,1,matched,playbyplayv2,1611661313,100944|201480|202632|202658|1628283,complete,playbyplay_inferred,201889|202250|203829|204320|1628915,complete,playbyplay_inferred,1611661313,New York Liberty
Shot Chart Detail,1021800016,190,204296,Rebecca Allen,1611661324,Minnesota Lynx,2,6,54,Made Shot,Jump Shot,2PT Field Goal,Mid-Range,Left Side Center(LC),16-24 ft.,16,-108,124,1,1,20180525,NYL,MIN,2018,1021800016190,7860,validated,,0,matched,playbyplayv2,1611661313,100915|100944|201480|202632|1628283,complete,playbyplay_inferred,201889|204296|204320|1628915|1628920,complete,playbyplay_inferred,1611661313,New York Liberty
Shot Chart Detail,1021800016,194,204296,Rebecca Allen,1611661324,Minnesota Lynx,2,6,21,Made Shot,Jump Shot,3PT Field Goal,Above the Break 3,Right Side(R),16-24 ft.,22,197,117,1,1,20180525,NYL,MIN,2018,1021800016194,8190,validated,1628915,1,matched,playbyplayv2,1611661313,100915|100944|201480|202632|1628283,complete,playbyplay_inferred,201889|204296|204320|1628915|1628920,complete,playbyplay_inferred,1611661313,New York Liberty
Shot Chart Detail,1021800016,202,1628915,Kia Nurse,1611661324,Minnesota Lynx,2,5,44,Missed Shot,Jump Shot,3PT Field Goal,Above the Break 3,Right Side Center(RC),16-24 ft.,23,124,199,1,0,20180525,NYL,MIN,2018,1021800016202,8560,validated,,0,matched,playbyplayv2,1611661313,100915|100944|201480|202632|1628283,complete,playbyplay_inferred,201889|204296|204320|1628915|1628920,complete,playbyplay_inferred,1611661313,New York Liberty
Shot Chart Detail,1021800016,204,1628915,Kia Nurse,1611661324,Minnesota Lynx,2,5,31,Missed Shot,Driving Floating Jump Shot,2PT Field Goal,In The Paint (Non-RA),Center(C),Less Than 8 ft.,6,42,43,1,0,20180525,NYL,MIN,2018,1021800016204,8690,validated,,0,matched,playbyplayv2,1611661313,100915|100944|201480|202632|1628283,complete,playbyplay_inferred,201889|204296|204320|1628915|1628920,complete,playbyplay_inferred,1611661313,New York Liberty
Shot Chart Detail,1021800016,206,204320,Amanda Zahui B,1611661324,Minnesota Lynx,2,5,23,Made Shot,Tip Layup Shot,2PT Field Goal,Restricted Area,Center(C),Less Than 8 ft.,1,-12,4,1,1,20180525,NYL,MIN,2018,1021800016206,8770,validated,,0,matched,playbyplayv2,1611661313,100915|100944|201480|202632|1628283,complete,playbyplay_inferred,201889|204296|204320|1628915|1628920,complete,playbyplay_inferred,1611661313,New York Liberty
Shot Chart Detail,1021800016,215,204320,Amanda Zahui B,1611661324,Minnesota Lynx,2,4,29,Missed Shot,Layup Shot,2PT Field Goal,Restricted Area,Center(C),Less Than 8 ft.,1,-11,14,1,0,20180525,NYL,MIN,2018,1021800016215,9310,validated,,0,matched,playbyplayv2,1611661313,100915|100944|200671|201480|202632,complete,playbyplay_inferred,201889|204296|204320|1628915|1628920,complete,playbyplay_inferred,1611661313,New York Liberty
Shot Chart Detail,1021800016,218,1628915,Kia Nurse,1611661324,Minnesota Lynx,2,4,10,Missed Shot,Pullup Jump shot,2PT Field Goal,In The Paint (Non-RA),Center(C),8-16 ft.,13,-28,130,1,0,20180525,NYL,MIN,2018,1021800016218,9500,validated,,0,matched,playbyplayv2,1611661313,100915|100944|200671|201480|202632,complete,playbyplay_inferred,201889|204296|204320|1628915|1628920,complete,playbyplay_inferred,1611661313,New York Liberty
Shot Chart Detail,1021800016,228,1628915,Kia Nurse,1611661324,Minnesota Lynx,2,3,37,Missed Shot,Cutting Layup Shot,2PT Field Goal,Restricted Area,Center(C),Less Than 8 ft.,1,-14,6,1,0,20180525,NYL,MIN,2018,1021800016228,9830,validated,,0,matched,playbyplayv2,1611661313,100915|100944|200671|201480|202632,complete,playbyplay_inferred,201889|202250|204296|1628915|1628920,complete,playbyplay_inferred,1611661313,New York Liberty
Shot Chart Detail,1021800016,230,202250,Tina Charles,1611661324,Minnesota Lynx,2,3,33,Missed Shot,Layup Shot,2PT Field Goal,Restricted Area,Center(C),Less Than 8 ft.,1,-4,12,1,0,20180525,NYL,MIN,2018,1021800016230,9870,validated,,0,matched,playbyplayv2,1611661313,100915|100944|200671|201480|202632,complete,playbyplay_inferred,201889|202250|204296|1628915|1628920,complete,playbyplay_inferred,1611661313,New York Liberty
Shot Chart Detail,1021800016,239,202250,Tina Charles,1611661324,Minnesota Lynx,2,2,59,Missed Shot,Jump Shot,3PT Field Goal,Above the Break 3,Right Side Center(RC),16-24 ft.,23,109,210,1,0,20180525,NYL,MIN,2018,1021800016239,10210,validated,,0,matched,playbyplayv2,1611661313,100915|100944|200671|201480|202632,complete,playbyplay_inferred,201889|202250|204296|1628915|1628920,complete,playbyplay_inferred,1611661313,New York Liberty
Shot Chart Detail,1021800016,247,204296,Rebecca Allen,1611661324,Minnesota Lynx,2,2,20,Missed Shot,Jump Shot,3PT Field Goal,Above the Break 3,Right Side Center(RC),24+ ft.,23,122,206,1,0,20180525,NYL,MIN,2018,1021800016247,10600,validated,,0,matched,playbyplayv2,1611661313,100915|100944|200671|201480|202632,complete,playbyplay_inferred,201889|202250|204296|204329|1628915,complete,playbyplay_inferred,1611661313,New York Liberty
Shot Chart Detail,1021800016,251,201889,Marissa Coleman,1611661324,Minnesota Lynx,2,1,54,Made Shot,Jump Shot,2PT Field Goal,Mid-Range,Center(C),16-24 ft.,20,24,200,1,1,20180525,NYL,MIN,2018,1021800016251,10860,validated,,0,matched,playbyplayv2,1611661313,100915|100944|200671|201480|202632,complete,playbyplay_inferred,201889|202250|204296|204329|1628915,complete,playbyplay_inferred,1611661313,New York Liberty
Shot Chart Detail,1021800016,258,201889,Marissa Coleman,1611661324,Minnesota Lynx,2,0,59,Missed Shot,Jump Shot,2PT Field Goal,Mid-Range,Left Side Center(LC),16-24 ft.,21,-145,165,1,0,20180525,NYL,MIN,2018,1021800016258,11410,validated,,0,matched,playbyplayv2,1611661313,100944|200671|201480|202632|202658,complete,playbyplay_inferred,201889|202250|204296|204329|1628915,complete,playbyplay_inferred,1611661313,New York Liberty
Shot Chart Detail,1021800016,261,204296,Rebecca Allen,1611661324,Minnesota Lynx,2,0,39,Missed Shot,Jump Shot,2PT Field Goal,Mid-Range,Left Side(L),16-24 ft.,20,-209,-12,1,0,20180525,NYL,MIN,2018,1021800016261,11610,validated,,0,matched,playbyplayv2,1611661313,100944|200671|201480|202632|202658,complete,playbyplay_inferred,201889|202250|204296|204329|1628915,complete,playbyplay_inferred,1611661313,New York Liberty
Shot Chart Detail,1021800016,263,202250,Tina Charles,1611661324,Minnesota Lynx,2,0,36,Made Shot,Hook Shot,2PT Field Goal,Restricted Area,Center(C),Less Than 8 ft.,1,-6,14,1,1,20180525,NYL,MIN,2018,1021800016263,11640,validated,,0,matched,playbyplayv2,1611661313,100944|200671|201480|202632|202658,complete,playbyplay_inferred,201889|202250|204296|204329|1628915,complete,playbyplay_inferred,1611661313,New York Liberty
Shot Chart Detail,1021800016,268,1628915,Kia Nurse,1611661324,Minnesota Lynx,2,0,4,Missed Shot,Running Layup Shot,2PT Field Goal,Restricted Area,Center(C),Less Than 8 ft.,1,17,4,1,0,20180525,NYL,MIN,2018,1021800016268,11960,validated,,0,matched,playbyplayv2,1611661313,100944|200671|201480|202632|202658,complete,playbyplay_inferred,201889|202250|204296|204329|1628915,complete,playbyplay_inferred,1611661313,New York Liberty
Shot Chart Detail,1021800016,285,203829,Bria Hartley,1611661324,Minnesota Lynx,3,9,31,Made Shot,Driving Finger Roll Layup Shot,2PT Field Goal,Restricted Area,Center(C),Less Than 8 ft.,2,-16,15,1,1,20180525,NYL,MIN,2018,1021800016285,12290,validated,,0,matched,playbyplayv2,1611661313,100915|100944|200671|201480|202632,complete,playbyplay_inferred,201889|201919|202250|203829|204329,complete,playbyplay_inferred,1611661313,New York Liberty
Shot Chart Detail,1021800016,287,202250,Tina Charles,1611661324,Minnesota Lynx,3,8,54,Missed Shot,Jump Shot,3PT Field Goal,Above the Break 3,Left Side Center(LC),24+ ft.,25,-94,236,1,0,20180525,NYL,MIN,2018,1021800016287,12660,validated,,0,matched,playbyplayv2,1611661313,100915|100944|200671|201480|202632,complete,playbyplay_inferred,201889|201919|202250|203829|204329,complete,playbyplay_inferred,1611661313,New York Liberty
Shot Chart Detail,1021800016,293,202250,Tina Charles,1611661324,Minnesota Lynx,3,8,26,Made Shot,Driving Floating Bank Jump Shot,2PT Field Goal,Restricted Area,Center(C),Less Than 8 ft.,2,-10,26,1,1,20180525,NYL,MIN,2018,1021800016293,12940,validated,201889,1,matched,playbyplayv2,1611661313,100915|100944|200671|201480|202632,complete,playbyplay_inferred,201889|201919|202250|203829|204329,complete,playbyplay_inferred,1611661313,New York Liberty
Shot Chart Detail,1021800016,301,202250,Tina Charles,1611661324,Minnesota Lynx,3,7,53,Made Shot,Driving Hook Shot,2PT Field Goal,In The Paint (Non-RA),Center(C),Less Than 8 ft.,7,29,66,1,1,20180525,NYL,MIN,2018,1021800016301,13270,validated,203829,1,matched,playbyplayv2,1611661313,100915|100944|200671|201480|202632,complete,playbyplay_inferred,201889|202250|203829|204329|1628915,complete,playbyplay_inferred,1611661313,New York Liberty
Shot Chart Detail,1021800016,305,202250,Tina Charles,1611661324,Minnesota Lynx,3,7,16,Missed Shot,Jump Shot,2PT Field Goal,Mid-Range,Center(C),16-24 ft.,21,-61,204,1,0,20180525,NYL,MIN,2018,1021800016305,13640,validated,,0,matched,playbyplayv2,1611661313,100915|100944|200671|201480|202632,complete,playbyplay_inferred,201889|202250|203829|204329|1628915,complete,playbyplay_inferred,1611661313,New York Liberty
Shot Chart Detail,1021800016,309,201889,Marissa Coleman,1611661324,Minnesota Lynx,3,6,58,Made Shot,Turnaround Jump Shot,2PT Field Goal,In The Paint (Non-RA),Center(C),Less Than 8 ft.,6,4,68,1,1,20180525,NYL,MIN,2018,1021800016309,13820,validated,202250,1,matched,playbyplayv2,1611661313,100915|100944|200671|201480|202632,complete,playbyplay_inferred,201889|202250|203829|204329|1628915,complete,playbyplay_inferred,1611661313,New York Liberty
Shot Chart Detail,1021800016,313,1628915,Kia Nurse,1611661324,Minnesota Lynx,3,6,30,Made Shot,Jump Shot,3PT Field Goal,Above the Break 3,Left Side(L),24+ ft.,23,-222,66,1,1,20180525,NYL,MIN,2018,1021800016313,14100,validated,203829,1,matched,playbyplayv2,1611661313,100915|100944|200671|201480|202632,complete,playbyplay_inferred,201889|202250|203829|204329|1628915,complete,playbyplay_inferred,1611661313,New York Liberty
Shot Chart Detail,1021800016,322,201889,Marissa Coleman,1611661324,Minnesota Lynx,3,5,54,Missed Shot,Jump Shot,3PT Field Goal,Above the Break 3,Right Side Center(RC),24+ ft.,24,147,198,1,0,20180525,NYL,MIN,2018,1021800016322,14460,validated,,0,matched,playbyplayv2,1611661313,200671|201480|202632|202658|203041,complete,playbyplay_inferred,201889|202250|203829|204329|1628915,complete,playbyplay_inferred,1611661313,New York Liberty
Shot Chart Detail,1021800016,324,204329,Kiah Stokes,1611661324,Minnesota Lynx,3,5,49,Made Shot,Putback Layup Shot,2PT Field Goal,Restricted Area,Center(C),Less Than 8 ft.,1,11,15,1,1,20180525,NYL,MIN,2018,1021800016324,14510,validated,,0,matched,playbyplayv2,1611661313,200671|201480|202632|202658|203041,complete,playbyplay_inferred,201889|202250|203829|204329|1628915,complete,playbyplay_inferred,1611661313,New York Liberty
Shot Chart Detail,1021800016,328,1628915,Kia Nurse,1611661324,Minnesota Lynx,3,5,15,Made Shot,Jump Shot,3PT Field Goal,Above the Break 3,Right Side Center(RC),24+ ft.,25,119,220,1,1,20180525,NYL,MIN,2018,1021800016328,14850,validated,202250,1,matched,playbyplayv2,1611661313,200671|201480|202632|202658|203041,complete,playbyplay_inferred,201889|202250|203829|204329|1628915,complete,playbyplay_inferred,1611661313,New York Liberty
Shot Chart Detail,1021800016,363,203829,Bria Hartley,1611661324,Minnesota Lynx,3,3,36,Missed Shot,Driving Finger Roll Layup Shot,2PT Field Goal,Restricted Area,Center(C),Less Than 8 ft.,1,-13,15,1,0,20180525,NYL,MIN,2018,1021800016363,15840,validated,,0,matched,playbyplayv2,1611661313,101030|202632|202658|203041|1628283,complete,playbyplay_inferred,203829|204296|204320|1628915|1628920,complete,playbyplay_inferred,1611661313,New York Liberty
Shot Chart Detail,1021800016,369,203829,Bria Hartley,1611661324,Minnesota Lynx,3,3,11,Missed Shot,Driving Layup Shot,2PT Field Goal,Restricted Area,Center(C),Less Than 8 ft.,2,-11,23,1,0,20180525,NYL,MIN,2018,1021800016369,16090,validated,,0,matched,playbyplayv2,1611661313,101030|202632|202658|203041|1628283,complete,playbyplay_inferred,203829|204296|204320|1628915|1628920,complete,playbyplay_inferred,1611661313,New York Liberty
Shot Chart Detail,1021800016,373,1628920,Mercedes Russell,1611661324,Minnesota Lynx,3,2,48,Made Shot,Layup Shot,2PT Field Goal,Restricted Area,Center(C),Less Than 8 ft.,2,-15,15,1,1,20180525,NYL,MIN,2018,1021800016373,16320,validated,204320,1,matched,playbyplayv2,1611661313,101030|202632|202658|203041|1628283,complete,playbyplay_inferred,203829|204296|204320|1628915|1628920,complete,playbyplay_inferred,1611661313,New York Liberty
Shot Chart Detail,1021800016,396,201919,Shavonte Zellous,1611661324,Minnesota Lynx,3,1,10,Made Shot,Jump Shot,2PT Field Goal,Mid-Range,Right Side Center(RC),16-24 ft.,19,147,133,1,1,20180525,NYL,MIN,2018,1021800016396,17300,validated,,0,matched,playbyplayv2,1611661313,101030|202658|203041|1627701|1628283,complete,playbyplay_inferred,201919|204296|204320|1628915|1628920,complete,playbyplay_inferred,1611661313,New York Liberty
Shot Chart Detail,1021800016,399,204296,Rebecca Allen,1611661324,Minnesota Lynx,3,0,47,Made Shot,Jump Shot,2PT Field Goal,Mid-Range,Left Side(L),16-24 ft.,20,-206,-9,1,1,20180525,NYL,MIN,2018,1021800016399,17530,validated,201919,1,matched,playbyplayv2,1611661313,101030|202658|203041|1627701|1628283,complete,playbyplay_inferred,201919|204296|204320|1628915|1628920,complete,playbyplay_inferred,1611661313,New York Liberty
Shot Chart Detail,1021800016,403,204296,Rebecca Allen,1611661324,Minnesota Lynx,3,0,15,Missed Shot,Jump Shot,2PT Field Goal,Mid-Range,Center(C),16-24 ft.,17,-14,179,1,0,20180525,NYL,MIN,2018,1021800016403,17850,validated,,0,matched,playbyplayv2,1611661313,101030|202658|203041|1627701|1628283,complete,playbyplay_inferred,201919|204296|204320|1628915|1628920,complete,playbyplay_inferred,1611661313,New York Liberty
Shot Chart Detail,1021800016,435,204320,Amanda Zahui B,1611661324,Minnesota Lynx,4,8,48,Missed Shot,Jump Shot,3PT Field Goal,Above the Break 3,Center(C),24+ ft.,26,37,258,1,0,20180525,NYL,MIN,2018,1021800016435,18720,validated,,0,matched,playbyplayv2,1611661313,100915|100944|200671|201480|202632,complete,playbyplay_inferred,201919|204296|204320|1628915|1628920,complete,playbyplay_inferred,1611661313,New York Liberty
Shot Chart Detail,1021800016,439,204296,Rebecca Allen,1611661324,Minnesota Lynx,4,8,15,Missed Shot,Jump Shot,3PT Field Goal,Right Corner 3,Right Side(R),24+ ft.,22,226,-10,1,0,20180525,NYL,MIN,2018,1021800016439,19050,validated,,0,matched,playbyplayv2,1611661313,100915|100944|200671|201480|202632,complete,playbyplay_inferred,201919|204296|204320|1628915|1628920,complete,playbyplay_inferred,1611661313,New York Liberty
Shot Chart Detail,1021800016,449,1628920,Mercedes Russell,1611661324,Minnesota Lynx,4,7,45,Missed Shot,Jump Shot,2PT Field Goal,Mid-Range,Left Side(L),16-24 ft.,17,-175,-10,1,0,20180525,NYL,MIN,2018,1021800016449,19350,validated,,0,matched,playbyplayv2,1611661313,100915|100944|200671|201480|202632,complete,playbyplay_inferred,201919|202250|204296|1628915|1628920,complete,playbyplay_inferred,1611661313,New York Liberty
Shot Chart Detail,1021800016,453,201919,Shavonte Zellous,1611661324,Minnesota Lynx,4,7,18,Missed Shot,Layup Shot,2PT Field Goal,Restricted Area,Center(C),Less Than 8 ft.,1,0,15,1,0,20180525,NYL,MIN,2018,1021800016453,19620,validated,,0,matched,playbyplayv2,1611661313,100915|100944|200671|201480|202632,complete,playbyplay_inferred,201919|202250|204296|1628915|1628920,complete,playbyplay_inferred,1611661313,New York Liberty
Shot Chart Detail,1021800016,465,201919,Shavonte Zellous,1611661324,Minnesota Lynx,4,6,10,Made Shot,Jump Shot,2PT Field Goal,Mid-Range,Left Side Center(LC),16-24 ft.,17,-92,150,1,1,20180525,NYL,MIN,2018,1021800016465,20300,validated,,0,matched,playbyplayv2,1611661313,100915|100944|101030|201480|1628283,complete,playbyplay_inferred,201919|202250|204296|1628915|1628920,complete,playbyplay_inferred,1611661313,New York Liberty
Shot Chart Detail,1021800016,472,202250,Tina Charles,1611661324,Minnesota Lynx,4,5,29,Missed Shot,Step Back Jump shot,2PT Field Goal,Mid-Range,Center(C),16-24 ft.,21,-39,208,1,0,20180525,NYL,MIN,2018,1021800016472,20710,validated,,0,matched,playbyplayv2,1611661313,100944|101030|201480|202632|202658,complete,playbyplay_inferred,201919|202250|204296|1628915|1628920,complete,playbyplay_inferred,1611661313,New York Liberty
Shot Chart Detail,1021800016,485,201919,Shavonte Zellous,1611661324,Minnesota Lynx,4,4,28,Missed Shot,Jump Shot,2PT Field Goal,Mid-Range,Center(C),8-16 ft.,15,-67,140,1,0,20180525,NYL,MIN,2018,1021800016485,21320,validated,,0,matched,playbyplayv2,1611661313,100944|101030|200671|201480|202658,complete,playbyplay_inferred,201889|201919|202250|1628915|1628920,complete,playbyplay_inferred,1611661313,New York Liberty
Shot Chart Detail,1021800016,500,202250,Tina Charles,1611661324,Minnesota Lynx,4,2,56,Missed Shot,Jump Shot,2PT Field Goal,Mid-Range,Center(C),16-24 ft.,20,48,197,1,0,20180525,NYL,MIN,2018,1021800016500,22240,validated,,0,matched,playbyplayv2,1611661313,100944|101030|200671|201480|202658,complete,playbyplay_inferred,201889|201919|202250|1628915|1628920,complete,playbyplay_inferred,1611661313,New York Liberty
Shot Chart Detail,1021800016,504,201889,Marissa Coleman,1611661324,Minnesota Lynx,4,2,32,Missed Shot,Jump Shot,3PT Field Goal,Right Corner 3,Right Side(R),24+ ft.,22,228,-11,1,0,20180525,NYL,MIN,2018,1021800016504,22480,validated,,0,matched,playbyplayv2,1611661313,100944|101030|200671|201480|202658,complete,playbyplay_inferred,201889|201919|202250|1628915|1628920,complete,playbyplay_inferred,1611661313,New York Liberty
Shot Chart Detail,1021800016,513,203829,Bria Hartley,1611661324,Minnesota Lynx,4,2,3,Missed Shot,Driving Layup Shot,2PT Field Goal,Restricted Area,Center(C),Less Than 8 ft.,2,13,16,1,0,20180525,NYL,MIN,2018,1021800016513,22770,validated,,0,matched,playbyplayv2,1611661313,100944|101030|200671|201480|202658,complete,playbyplay_inferred,201919|202250|203829|1628915|1628920,complete,playbyplay_inferred,1611661313,New York Liberty
Shot Chart Detail,1021800016,517,1628915,Kia Nurse,1611661324,Minnesota Lynx,4,1,39,Made Shot,Jump Shot,3PT Field Goal,Above the Break 3,Left Side Center(LC),24+ ft.,24,-167,181,1,1,20180525,NYL,MIN,2018,1021800016517,23010,validated,201919,1,matched,playbyplayv2,1611661313,100944|101030|200671|201480|202658,complete,playbyplay_inferred,201919|202250|203829|1628915|1628920,complete,playbyplay_inferred,1611661313,New York Liberty
Shot Chart Detail,1021800016,524,201919,Shavonte Zellous,1611661324,Minnesota Lynx,4,0,55,Missed Shot,Driving Floating Jump Shot,2PT Field Goal,In The Paint (Non-RA),Left Side(L),8-16 ft.,12,-69,101,1,0,20180525,NYL,MIN,2018,1021800016524,23450,validated,,0,matched,playbyplayv2,1611661313,100944|101030|200671|201480|202658,complete,playbyplay_inferred,201919|202250|203829|1628915|1628920,complete,playbyplay_inferred,1611661313,New York Liberty
Shot Chart Detail,1021800016,540,202250,Tina Charles,1611661324,Minnesota Lynx,4,0,23,Made Shot,Driving Floating Bank Jump Shot,2PT Field Goal,In The Paint (Non-RA),Center(C),Less Than 8 ft.,7,41,64,1,1,20180525,NYL,MIN,2018,1021800016540,23770,validated,,0,matched,playbyplayv2,1611661313,100944|101030|201480|202632|202658,complete,playbyplay_inferred,201919|202250|203829|1628915|1628920,complete,playbyplay_inferred,1611661313,New York Liberty
Shot Chart Detail,1021800016,557,1628915,Kia Nurse,1611661324,Minnesota Lynx,4,0,15,Missed Shot,Jump Shot,2PT Field Goal,Mid-Range,Right Side Center(RC),16-24 ft.,17,123,125,1,0,20180525,NYL,MIN,2018,1021800016557,23850,validated,,0,matched,playbyplayv2,1611661313,100944|101030|201480|202632|202658,complete,playbyplay_inferred,201919|202250|203829|204296|1628915,complete,playbyplay_inferred,1611661313,New York Liberty
Shot Chart Detail,1021800016,563,202250,Tina Charles,1611661324,Minnesota Lynx,4,0,5,Missed Shot,Jump Shot,3PT Field Goal,Above the Break 3,Left Side Center(LC),24+ ft.,24,-86,227,1,0,20180525,NYL,MIN,2018,1021800016563,23950,validated,,0,matched,playbyplayv2,1611661313,100944|101030|201480|202632|202658,complete,playbyplay_inferred,201919|202250|203829|204296|1628915,complete,playbyplay_inferred,1611661313,New York Liberty
Shot Chart Detail,1021800020,7,200673,Monique Currie,1611661324,Minnesota Lynx,1,9,49,Missed Shot,Pullup Jump shot,3PT Field Goal,Above the Break 3,Right Side Center(RC),24+ ft.,24,163,181,1,0,20180527,WAS,MIN,2018,10218000207,110,validated,,0,matched,playbyplayv2,1611661322,100915|100944|200671|201480|202632,complete,playbyplay_inferred,200673|201911|202663|203399|203437,complete,playbyplay_inferred,1611661322,Washington Mystics
Shot Chart Detail,1021800020,15,203399,Elena Delle Donne,1611661324,Minnesota Lynx,1,8,47,Missed Shot,Fadeaway Jump Shot,2PT Field Goal,Mid-Range,Left Side(L),8-16 ft.,14,-124,83,1,0,20180527,WAS,MIN,2018,102180002015,730,validated,,0,matched,playbyplayv2,1611661322,100915|100944|200671|201480|202632,complete,playbyplay_inferred,200673|201911|202663|203399|203437,complete,playbyplay_inferred,1611661322,Washington Mystics
Shot Chart Detail,1021800020,19,202663,Krystal Thomas,1611661324,Minnesota Lynx,1,8,18,Made Shot,Reverse Layup Shot,2PT Field Goal,Restricted Area,Center(C),Less Than 8 ft.,1,14,11,1,1,20180527,WAS,MIN,2018,102180002019,1020,validated,203399,1,matched,playbyplayv2,1611661322,100915|100944|200671|201480|202632,complete,playbyplay_inferred,200673|201911|202663|203399|203437,complete,playbyplay_inferred,1611661322,Washington Mystics
Shot Chart Detail,1021800020,23,201911,Kristi Toliver,1611661324,Minnesota Lynx,1,7,41,Missed Shot,Running Layup Shot,2PT Field Goal,Restricted Area,Center(C),Less Than 8 ft.,2,21,13,1,0,20180527,WAS,MIN,2018,102180002023,1390,validated,,0,matched,playbyplayv2,1611661322,100915|100944|200671|201480|202632,complete,playbyplay_inferred,200673|201911|202663|203399|203437,complete,playbyplay_inferred,1611661322,Washington Mystics
Shot Chart Detail,1021800020,32,203399,Elena Delle Donne,1611661324,Minnesota Lynx,1,6,36,Made Shot,Pullup Jump shot,2PT Field Goal,Mid-Range,Left Side(L),8-16 ft.,11,-119,-8,1,1,20180527,WAS,MIN,2018,102180002032,2040,validated,,0,matched,playbyplayv2,1611661322,100915|100944|200671|201480|202632,complete,playbyplay_inferred,200673|201911|202663|203399|203437,complete,playbyplay_inferred,1611661322,Washington Mystics
Shot Chart Detail,1021800020,37,203399,Elena Delle Donne,1611661324,Minnesota Lynx,1,6,11,Missed Shot,Pullup Jump shot,2PT Field Goal,Mid-Range,Left Side Center(LC),16-24 ft.,17,-121,132,1,0,20180527,WAS,MIN,2018,102180002037,2290,validated,,0,matched,playbyplayv2,1611661322,100915|100944|200671|201480|202632,complete,playbyplay_inferred,200673|201911|202663|203399|203437,complete,playbyplay_inferred,1611661322,Washington Mystics
Shot Chart Detail,1021800020,40,203399,Elena Delle Donne,1611661324,Minnesota Lynx,1,5,47,Missed Shot,Jump Shot,3PT Field Goal,Above the Break 3,Center(C),24+ ft.,23,-13,239,1,0,20180527,WAS,MIN,2018,102180002040,2530,validated,,0,matched,playbyplayv2,1611661322,100915|100944|200671|201480|202632,complete,playbyplay_inferred,200673|201911|202663|203399|203437,complete,playbyplay_inferred,1611661322,Washington Mystics
Shot Chart Detail,1021800020,42,200673,Monique Currie,1611661324,Minnesota Lynx,1,5,40,Missed Shot,Jump Shot,3PT Field Goal,Above the Break 3,Left Side Center(LC),24+ ft.,25,-150,210,1,0,20180527,WAS,MIN,2018,102180002042,2600,validated,,0,matched,playbyplayv2,1611661322,100915|100944|200671|201480|202632,complete,playbyplay_inferred,200673|201911|202663|203399|203437,complete,playbyplay_inferred,1611661322,Washington Mystics
Shot Chart Detail,1021800020,64,203437,Tierra Ruffin-Pratt,1611661324,Minnesota Lynx,1,4,11,Missed Shot,Jump Shot,3PT Field Goal,Above the Break 3,Center(C),24+ ft.,24,-3,249,1,0,20180527,WAS,MIN,2018,102180002064,3490,validated,,0,matched,playbyplayv2,1611661322,100944|200671|201480|202632|202658,complete,playbyplay_inferred,200673|201911|203399|203403|203437,complete,playbyplay_inferred,1611661322,Washington Mystics
Shot Chart Detail,1021800020,78,1628878,Ariel Atkins,1611661324,Minnesota Lynx,1,3,40,Missed Shot,Jump Shot,2PT Field Goal,Mid-Range,Right Side(R),8-16 ft.,9,98,1,1,0,20180527,WAS,MIN,2018,102180002078,3800,validated,,0,matched,playbyplayv2,1611661322,100944|101030|202632|202658|203041,complete,playbyplay_inferred,201911|203399|203403|204333|1628878,complete,playbyplay_inferred,1611661322,Washington Mystics
Shot Chart Detail,1021800020,82,203399,Elena Delle Donne,1611661324,Minnesota Lynx,1,3,22,Made Shot,Cutting Layup Shot,2PT Field Goal,Restricted Area,Center(C),Less Than 8 ft.,1,2,11,1,1,20180527,WAS,MIN,2018,102180002082,3980,validated,201911,1,matched,playbyplayv2,1611661322,100944|101030|202632|202658|203041,complete,playbyplay_inferred,201911|203399|203403|204333|1628878,complete,playbyplay_inferred,1611661322,Washington Mystics
Shot Chart Detail,1021800020,90,1628878,Ariel Atkins,1611661324,Minnesota Lynx,1,2,33,Missed Shot,Pullup Jump shot,3PT Field Goal,Above the Break 3,Left Side Center(LC),24+ ft.,25,-175,184,1,0,20180527,WAS,MIN,2018,102180002090,4470,validated,,0,matched,playbyplayv2,1611661322,100944|101030|202632|202658|203041,complete,playbyplay_inferred,201911|203399|203403|204333|1628878,complete,playbyplay_inferred,1611661322,Washington Mystics
Shot Chart Detail,1021800020,101,203403,Tianna Hawkins,1611661324,Minnesota Lynx,1,2,9,Missed Shot,Jump Shot,3PT Field Goal,Above the Break 3,Right Side Center(RC),24+ ft.,24,159,184,1,0,20180527,WAS,MIN,2018,1021800020101,4710,validated,,0,matched,playbyplayv2,1611661322,101030|201480|202658|203041|1628283,complete,playbyplay_inferred,201911|203399|203403|204333|1628878,complete,playbyplay_inferred,1611661322,Washington Mystics
Shot Chart Detail,1021800020,105,203399,Elena Delle Donne,1611661324,Minnesota Lynx,1,1,44,Missed Shot,Jump Shot,2PT Field Goal,Mid-Range,Right Side(R),8-16 ft.,13,135,13,1,0,20180527,WAS,MIN,2018,1021800020105,4960,validated,,0,matched,playbyplayv2,1611661322,101030|201480|202658|203041|1628283,complete,playbyplay_inferred,201911|203399|203403|204333|1628878,complete,playbyplay_inferred,1611661322,Washington Mystics
Shot Chart Detail,1021800020,113,201911,Kristi Toliver,1611661324,Minnesota Lynx,1,0,51,Missed Shot,Running Pull-Up Jump Shot,3PT Field Goal,Above the Break 3,Left Side Center(LC),24+ ft.,25,-192,175,1,0,20180527,WAS,MIN,2018,1021800020113,5490,validated,,0,matched,playbyplayv2,1611661322,101030|201480|202658|203041|1628283,complete,playbyplay_inferred,201911|203399|203403|204333|1628878,complete,playbyplay_inferred,1611661322,Washington Mystics
Shot Chart Detail,1021800020,115,201911,Kristi Toliver,1611661324,Minnesota Lynx,1,0,47,Made Shot,Jump Shot,3PT Field Goal,Left Corner 3,Left Side(L),24+ ft.,23,-232,1,1,1,20180527,WAS,MIN,2018,1021800020115,5530,validated,203403,1,matched,playbyplayv2,1611661322,101030|201480|202658|203041|1628283,complete,playbyplay_inferred,201911|203399|203403|204333|1628878,complete,playbyplay_inferred,1611661322,Washington Mystics
Shot Chart Detail,1021800020,143,1628899,Myisha Hines-Allen,1611661324,Minnesota Lynx,2,9,30,Made Shot,Pullup Jump shot,2PT Field Goal,Mid-Range,Right Side Center(RC),16-24 ft.,16,133,100,1,1,20180527,WAS,MIN,2018,1021800020143,6300,validated,,0,matched,playbyplayv2,1611661322,100915|100944|200671|201480|202632,complete,playbyplay_inferred,203403|204333|1628278|1628878|1628899,complete,playbyplay_inferred,1611661322,Washington Mystics
Shot Chart Detail,1021800020,146,1628278,Shatori Walker-Kimbrough,1611661324,Minnesota Lynx,2,9,9,Made Shot,Pullup Jump shot,2PT Field Goal,Mid-Range,Right Side(R),8-16 ft.,10,98,49,1,1,20180527,WAS,MIN,2018,1021800020146,6510,validated,204333,1,matched,playbyplayv2,1611661322,100915|100944|200671|201480|202632,complete,playbyplay_inferred,203403|204333|1628278|1628878|1628899,complete,playbyplay_inferred,1611661322,Washington Mystics
Shot Chart Detail,1021800020,149,1628278,Shatori Walker-Kimbrough,1611661324,Minnesota Lynx,2,8,31,Made Shot,Jump Shot,3PT Field Goal,Above the Break 3,Right Side Center(RC),24+ ft.,25,109,231,1,1,20180527,WAS,MIN,2018,1021800020149,6890,validated,204333,1,matched,playbyplayv2,1611661322,100915|100944|200671|201480|202632,complete,playbyplay_inferred,203403|204333|1628278|1628878|1628899,complete,playbyplay_inferred,1611661322,Washington Mystics
Shot Chart Detail,1021800020,153,1628278,Shatori Walker-Kimbrough,1611661324,Minnesota Lynx,2,8,8,Made Shot,Driving Layup Shot,2PT Field Goal,Restricted Area,Center(C),Less Than 8 ft.,1,-4,11,1,1,20180527,WAS,MIN,2018,1021800020153,7120,validated,1628878,1,matched,playbyplayv2,1611661322,100915|100944|200671|201480|202632,complete,playbyplay_inferred,203403|204333|1628278|1628878|1628899,complete,playbyplay_inferred,1611661322,Washington Mystics
Shot Chart Detail,1021800020,158,1628878,Ariel Atkins,1611661324,Minnesota Lynx,2,7,37,Made Shot,Jump Shot,3PT Field Goal,Above the Break 3,Right Side Center(RC),24+ ft.,25,217,127,1,1,20180527,WAS,MIN,2018,1021800020158,7430,validated,204333,1,matched,playbyplayv2,1611661322,100915|100944|200671|201480|202632,complete,playbyplay_inferred,203403|204333|1628278|1628878|1628899,complete,playbyplay_inferred,1611661322,Washington Mystics
Shot Chart Detail,1021800020,166,203403,Tianna Hawkins,1611661324,Minnesota Lynx,2,7,13,Missed Shot,Jump Shot,3PT Field Goal,Above the Break 3,Right Side Center(RC),24+ ft.,25,158,199,1,0,20180527,WAS,MIN,2018,1021800020166,7670,validated,,0,matched,playbyplayv2,1611661322,100915|100944|200671|201480|202632,complete,playbyplay_inferred,203403|204333|1628278|1628878|1628899,complete,playbyplay_inferred,1611661322,Washington Mystics
Shot Chart Detail,1021800020,168,1628878,Ariel Atkins,1611661324,Minnesota Lynx,2,7,5,Missed Shot,Jump Shot,3PT Field Goal,Above the Break 3,Left Side(L),16-24 ft.,22,-215,78,1,0,20180527,WAS,MIN,2018,1021800020168,7750,validated,,0,matched,playbyplayv2,1611661322,100915|100944|200671|201480|202632,complete,playbyplay_inferred,203403|204333|1628278|1628878|1628899,complete,playbyplay_inferred,1611661322,Washington Mystics
Shot Chart Detail,1021800020,171,1628278,Shatori Walker-Kimbrough,1611661324,Minnesota Lynx,2,6,29,Made Shot,Driving Layup Shot,2PT Field Goal,Restricted Area,Center(C),Less Than 8 ft.,3,28,14,1,1,20180527,WAS,MIN,2018,1021800020171,8110,validated,,0,matched,playbyplayv2,1611661322,100915|100944|200671|201480|202632,complete,playbyplay_inferred,203403|204333|1628278|1628878|1628899,complete,playbyplay_inferred,1611661322,Washington Mystics
Shot Chart Detail,1021800020,174,203403,Tianna Hawkins,1611661324,Minnesota Lynx,2,6,2,Missed Shot,Layup Shot,2PT Field Goal,Restricted Area,Center(C),Less Than 8 ft.,3,-28,19,1,0,20180527,WAS,MIN,2018,1021800020174,8380,validated,,0,matched,playbyplayv2,1611661322,100915|100944|200671|201480|202632,complete,playbyplay_inferred,203403|204333|1628278|1628878|1628899,complete,playbyplay_inferred,1611661322,Washington Mystics
Shot Chart Detail,1021800020,176,1628899,Myisha Hines-Allen,1611661324,Minnesota Lynx,2,5,59,Made Shot,Tip Layup Shot,2PT Field Goal,Restricted Area,Center(C),Less Than 8 ft.,2,24,2,1,1,20180527,WAS,MIN,2018,1021800020176,8410,validated,,0,matched,playbyplayv2,1611661322,100915|100944|200671|201480|202632,complete,playbyplay_inferred,203403|204333|1628278|1628878|1628899,complete,playbyplay_inferred,1611661322,Washington Mystics
Shot Chart Detail,1021800020,184,204333,Natasha Cloud,1611661324,Minnesota Lynx,2,5,34,Made Shot,Driving Layup Shot,2PT Field Goal,Restricted Area,Center(C),Less Than 8 ft.,2,26,13,1,1,20180527,WAS,MIN,2018,1021800020184,8660,validated,,0,matched,playbyplayv2,1611661322,100944|200671|201480|202632|202658,complete,playbyplay_inferred,203403|204333|1628278|1628878|1628899,complete,playbyplay_inferred,1611661322,Washington Mystics
Shot Chart Detail,1021800020,197,204333,Natasha Cloud,1611661324,Minnesota Lynx,2,5,10,Made Shot,Jump Shot,3PT Field Goal,Above the Break 3,Center(C),24+ ft.,24,-28,248,1,1,20180527,WAS,MIN,2018,1021800020197,8900,validated,1628878,1,matched,playbyplayv2,1611661322,100944|200671|201480|202632|202658,complete,playbyplay_inferred,201911|203399|204333|1628878|1628899,complete,playbyplay_inferred,1611661322,Washington Mystics
Shot Chart Detail,1021800020,205,1628878,Ariel Atkins,1611661324,Minnesota Lynx,2,4,24,Missed Shot,Jump Shot,3PT Field Goal,Above the Break 3,Right Side(R),24+ ft.,24,233,84,1,0,20180527,WAS,MIN,2018,1021800020205,9360,validated,,0,matched,playbyplayv2,1611661322,100944|200671|202632|202658|1627701,complete,playbyplay_inferred,201911|203399|204333|1628878|1628899,complete,playbyplay_inferred,1611661322,Washington Mystics
Shot Chart Detail,1021800020,211,203399,Elena Delle Donne,1611661324,Minnesota Lynx,2,4,9,Missed Shot,Turnaround Fadeaway shot,2PT Field Goal,Mid-Range,Left Side(L),8-16 ft.,12,-123,11,1,0,20180527,WAS,MIN,2018,1021800020211,9510,validated,,0,matched,playbyplayv2,1611661322,100944|101030|202632|202658|1627701,complete,playbyplay_inferred,201911|203399|204333|1628878|1628899,complete,playbyplay_inferred,1611661322,Washington Mystics
Shot Chart Detail,1021800020,213,201911,Kristi Toliver,1611661324,Minnesota Lynx,2,3,57,Missed Shot,Jump Shot,3PT Field Goal,Above the Break 3,Left Side Center(LC),24+ ft.,27,-102,255,1,0,20180527,WAS,MIN,2018,1021800020213,9630,validated,,0,matched,playbyplayv2,1611661322,100944|101030|202632|202658|1627701,complete,playbyplay_inferred,201911|203399|204333|1628878|1628899,complete,playbyplay_inferred,1611661322,Washington Mystics
Shot Chart Detail,1021800020,215,1628878,Ariel Atkins,1611661324,Minnesota Lynx,2,3,43,Made Shot,Pullup Jump shot,3PT Field Goal,Above the Break 3,Left Side Center(LC),24+ ft.,23,-215,101,1,1,20180527,WAS,MIN,2018,1021800020215,9770,validated,,0,matched,playbyplayv2,1611661322,100944|101030|202632|202658|1627701,complete,playbyplay_inferred,201911|203399|204333|1628878|1628899,complete,playbyplay_inferred,1611661322,Washington Mystics
Shot Chart Detail,1021800020,219,1628878,Ariel Atkins,1611661324,Minnesota Lynx,2,2,59,Made Shot,Jump Shot,2PT Field Goal,Mid-Range,Left Side Center(LC),16-24 ft.,20,-82,183,1,1,20180527,WAS,MIN,2018,1021800020219,10210,validated,204333,1,matched,playbyplayv2,1611661322,100944|101030|202632|202658|1627701,complete,playbyplay_inferred,201911|203399|204333|1628878|1628899,complete,playbyplay_inferred,1611661322,Washington Mystics
Shot Chart Detail,1021800020,223,1628899,Myisha Hines-Allen,1611661324,Minnesota Lynx,2,2,25,Made Shot,Driving Layup Shot,2PT Field Goal,Restricted Area,Center(C),Less Than 8 ft.,1,-2,12,1,1,20180527,WAS,MIN,2018,1021800020223,10550,validated,,0,matched,playbyplayv2,1611661322,100944|101030|202632|202658|1627701,complete,playbyplay_inferred,201911|203399|204333|1628878|1628899,complete,playbyplay_inferred,1611661322,Washington Mystics
Shot Chart Detail,1021800020,233,1628878,Ariel Atkins,1611661324,Minnesota Lynx,2,1,46,Made Shot,Jump Shot,3PT Field Goal,Above the Break 3,Left Side Center(LC),24+ ft.,26,-156,212,1,1,20180527,WAS,MIN,2018,1021800020233,10940,validated,204333,1,matched,playbyplayv2,1611661322,100944|101030|202632|202658|203041,complete,playbyplay_inferred,201911|203403|204333|1628878|1628899,complete,playbyplay_inferred,1611661322,Washington Mystics
Shot Chart Detail,1021800020,237,1628878,Ariel Atkins,1611661324,Minnesota Lynx,2,1,14,Missed Shot,Jump Shot,2PT Field Goal,Mid-Range,Right Side(R),8-16 ft.,12,110,56,1,0,20180527,WAS,MIN,2018,1021800020237,11260,validated,,0,matched,playbyplayv2,1611661322,100944|101030|202632|202658|203041,complete,playbyplay_inferred,201911|203403|204333|1628878|1628899,complete,playbyplay_inferred,1611661322,Washington Mystics
Shot Chart Detail,1021800020,254,201911,Kristi Toliver,1611661324,Minnesota Lynx,2,0,37,Made Shot,Pullup Jump shot,3PT Field Goal,Above the Break 3,Right Side Center(RC),24+ ft.,25,186,173,1,1,20180527,WAS,MIN,2018,1021800020254,11630,validated,204333,1,matched,playbyplayv2,1611661322,100944|101030|202632|202658|203041,complete,playbyplay_inferred,201911|203403|204333|1628278|1628899,complete,playbyplay_inferred,1611661322,Washington Mystics
Shot Chart Detail,1021800020,282,203437,Tierra Ruffin-Pratt,1611661324,Minnesota Lynx,3,9,29,Missed Shot,Jump Shot,2PT Field Goal,Mid-Range,Right Side Center(RC),16-24 ft.,18,141,122,1,0,20180527,WAS,MIN,2018,1021800020282,12310,validated,,0,matched,playbyplayv2,1611661322,100915|100944|200671|201480|202632,complete,playbyplay_inferred,201911|202663|203403|203437|204333,complete,playbyplay_inferred,1611661322,Washington Mystics
Shot Chart Detail,1021800020,288,203403,Tianna Hawkins,1611661324,Minnesota Lynx,3,8,56,Made Shot,Jump Shot,3PT Field Goal,Above the Break 3,Right Side Center(RC),24+ ft.,25,107,233,1,1,20180527,WAS,MIN,2018,1021800020288,12640,validated,204333,1,matched,playbyplayv2,1611661322,100915|100944|200671|201480|202632,complete,playbyplay_inferred,201911|202663|203403|203437|204333,complete,playbyplay_inferred,1611661322,Washington Mystics
Shot Chart Detail,1021800020,292,201911,Kristi Toliver,1611661324,Minnesota Lynx,3,8,14,Missed Shot,Driving Floating Jump Shot,2PT Field Goal,Mid-Range,Right Side Center(RC),16-24 ft.,17,97,144,1,0,20180527,WAS,MIN,2018,1021800020292,13060,validated,,0,matched,playbyplayv2,1611661322,100915|100944|200671|201480|202632,complete,playbyplay_inferred,201911|202663|203403|203437|204333,complete,playbyplay_inferred,1611661322,Washington Mystics
Shot Chart Detail,1021800020,294,202663,Krystal Thomas,1611661324,Minnesota Lynx,3,8,9,Made Shot,Putback Layup Shot,2PT Field Goal,Restricted Area,Center(C),Less Than 8 ft.,2,8,28,1,1,20180527,WAS,MIN,2018,1021800020294,13110,validated,,0,matched,playbyplayv2,1611661322,100915|100944|200671|201480|202632,complete,playbyplay_inferred,201911|202663|203403|203437|204333,complete,playbyplay_inferred,1611661322,Washington Mystics
Shot Chart Detail,1021800020,297,203403,Tianna Hawkins,1611661324,Minnesota Lynx,3,7,37,Missed Shot,Hook Shot,2PT Field Goal,In The Paint (Non-RA),Center(C),8-16 ft.,8,-28,83,1,0,20180527,WAS,MIN,2018,1021800020297,13430,validated,,0,matched,playbyplayv2,1611661322,100915|100944|200671|201480|202632,complete,playbyplay_inferred,201911|202663|203403|203437|204333,complete,playbyplay_inferred,1611661322,Washington Mystics
Shot Chart Detail,1021800020,306,201911,Kristi Toliver,1611661324,Minnesota Lynx,3,6,57,Made Shot,Pullup Jump shot,3PT Field Goal,Above the Break 3,Left Side Center(LC),24+ ft.,24,-183,163,1,1,20180527,WAS,MIN,2018,1021800020306,13830,validated,,0,matched,playbyplayv2,1611661322,100944|201480|202632|202658|1628283,complete,playbyplay_inferred,201911|202663|203403|203437|204333,complete,playbyplay_inferred,1611661322,Washington Mystics
Shot Chart Detail,1021800020,317,203437,Tierra Ruffin-Pratt,1611661324,Minnesota Lynx,3,5,52,Missed Shot,Jump Shot,3PT Field Goal,Above the Break 3,Left Side Center(LC),24+ ft.,25,-145,213,1,0,20180527,WAS,MIN,2018,1021800020317,14480,validated,,0,matched,playbyplayv2,1611661322,100944|101030|201480|202632|202658,complete,playbyplay_inferred,201911|202663|203403|203437|204333,complete,playbyplay_inferred,1611661322,Washington Mystics
Shot Chart Detail,1021800020,334,1628899,Myisha Hines-Allen,1611661324,Minnesota Lynx,3,4,27,Missed Shot,Pullup Jump shot,2PT Field Goal,Mid-Range,Left Side Center(LC),16-24 ft.,18,-136,124,1,0,20180527,WAS,MIN,2018,1021800020334,15330,validated,,0,matched,playbyplayv2,1611661322,100944|101030|201480|202632|202658,complete,playbyplay_inferred,200673|203403|204333|1628878|1628899,complete,playbyplay_inferred,1611661322,Washington Mystics
Shot Chart Detail,1021800020,336,1628878,Ariel Atkins,1611661324,Minnesota Lynx,3,4,14,Missed Shot,Jump Shot,3PT Field Goal,Above the Break 3,Right Side Center(RC),24+ ft.,25,121,222,1,0,20180527,WAS,MIN,2018,1021800020336,15460,validated,,0,matched,playbyplayv2,1611661322,100944|101030|201480|202632|202658,complete,playbyplay_inferred,200673|203403|204333|1628878|1628899,complete,playbyplay_inferred,1611661322,Washington Mystics
Shot Chart Detail,1021800020,339,200673,Monique Currie,1611661324,Minnesota Lynx,3,3,48,Made Shot,Pullup Jump shot,3PT Field Goal,Above the Break 3,Right Side Center(RC),24+ ft.,25,190,173,1,1,20180527,WAS,MIN,2018,1021800020339,15720,validated,,0,matched,playbyplayv2,1611661322,100944|101030|201480|202632|202658,complete,playbyplay_inferred,200673|203403|204333|1628878|1628899,complete,playbyplay_inferred,1611661322,Washington Mystics
Shot Chart Detail,1021800020,353,204333,Natasha Cloud,1611661324,Minnesota Lynx,3,2,59,Made Shot,Jump Shot,2PT Field Goal,Mid-Range,Right Side(R),16-24 ft.,20,170,114,1,1,20180527,WAS,MIN,2018,1021800020353,16210,validated,1628878,1,matched,playbyplayv2,1611661322,100944|101030|200671|201480|202658,complete,playbyplay_inferred,200673|203403|204333|1628878|1628899,complete,playbyplay_inferred,1611661322,Washington Mystics
Shot Chart Detail,1021800020,357,203403,Tianna Hawkins,1611661324,Minnesota Lynx,3,2,26,Made Shot,Jump Shot,3PT Field Goal,Above the Break 3,Right Side Center(RC),24+ ft.,25,97,241,1,1,20180527,WAS,MIN,2018,1021800020357,16540,validated,200673,1,matched,playbyplayv2,1611661322,100944|101030|200671|201480|202658,complete,playbyplay_inferred,200673|203403|204333|1628878|1628899,complete,playbyplay_inferred,1611661322,Washington Mystics
Shot Chart Detail,1021800020,371,204333,Natasha Cloud,1611661324,Minnesota Lynx,3,1,39,Missed Shot,Pullup Jump shot,2PT Field Goal,Mid-Range,Center(C),8-16 ft.,15,-65,144,1,0,20180527,WAS,MIN,2018,1021800020371,17010,validated,,0,matched,playbyplayv2,1611661322,100915|101030|200671|201480|202632,complete,playbyplay_inferred,200673|203403|204333|1628878|1628899,complete,playbyplay_inferred,1611661322,Washington Mystics
Shot Chart Detail,1021800020,375,200673,Monique Currie,1611661324,Minnesota Lynx,3,1,5,Missed Shot,Pullup Jump shot,2PT Field Goal,Mid-Range,Center(C),16-24 ft.,19,-58,184,1,0,20180527,WAS,MIN,2018,1021800020375,17350,validated,,0,matched,playbyplayv2,1611661322,100915|101030|200671|201480|202632,complete,playbyplay_inferred,200673|203403|204333|1628878|1628899,complete,playbyplay_inferred,1611661322,Washington Mystics
Shot Chart Detail,1021800020,382,1628899,Myisha Hines-Allen,1611661324,Minnesota Lynx,3,0,39,Made Shot,Jump Shot,2PT Field Goal,Mid-Range,Center(C),16-24 ft.,17,-10,179,1,1,20180527,WAS,MIN,2018,1021800020382,17610,validated,201911,1,matched,playbyplayv2,1611661322,100915|101030|200671|201480|202632,complete,playbyplay_inferred,200673|201911|203437|1628878|1628899,complete,playbyplay_inferred,1611661322,Washington Mystics
Shot Chart Detail,1021800020,389,203437,Tierra Ruffin-Pratt,1611661324,Minnesota Lynx,3,0,6,Missed Shot,Driving Floating Jump Shot,2PT Field Goal,In The Paint (Non-RA),Center(C),Less Than 8 ft.,7,-4,70,1,0,20180527,WAS,MIN,2018,1021800020389,17940,validated,,0,matched,playbyplayv2,1611661322,100915|101030|200671|201480|202632,complete,playbyplay_inferred,200673|201911|203437|1628878|1628899,complete,playbyplay_inferred,1611661322,Washington Mystics
Shot Chart Detail,1021800020,404,200673,Monique Currie,1611661324,Minnesota Lynx,4,9,4,Missed Shot,Jump Shot,3PT Field Goal,Above the Break 3,Right Side Center(RC),24+ ft.,25,107,233,1,0,20180527,WAS,MIN,2018,1021800020404,18560,validated,,0,matched,playbyplayv2,1611661322,100915|101030|200671|201480|202632,complete,playbyplay_inferred,200673|201911|203437|1628878|1628899,complete,playbyplay_inferred,1611661322,Washington Mystics
Shot Chart Detail,1021800020,408,201911,Kristi Toliver,1611661324,Minnesota Lynx,4,8,38,Missed Shot,Driving Floating Jump Shot,2PT Field Goal,Mid-Range,Left Side(L),8-16 ft.,10,-83,59,1,0,20180527,WAS,MIN,2018,1021800020408,18820,validated,,0,matched,playbyplayv2,1611661322,100915|101030|200671|201480|202632,complete,playbyplay_inferred,200673|201911|203437|1628878|1628899,complete,playbyplay_inferred,1611661322,Washington Mystics
Shot Chart Detail,1021800020,410,1628899,Myisha Hines-Allen,1611661324,Minnesota Lynx,4,8,35,Made Shot,Tip Layup Shot,2PT Field Goal,Restricted Area,Center(C),Less Than 8 ft.,1,3,16,1,1,20180527,WAS,MIN,2018,1021800020410,18850,validated,,0,matched,playbyplayv2,1611661322,100915|101030|200671|201480|202632,complete,playbyplay_inferred,200673|201911|203437|1628878|1628899,complete,playbyplay_inferred,1611661322,Washington Mystics
Shot Chart Detail,1021800020,413,203437,Tierra Ruffin-Pratt,1611661324,Minnesota Lynx,4,8,4,Missed Shot,Pullup Jump shot,3PT Field Goal,Above the Break 3,Right Side Center(RC),24+ ft.,25,102,232,1,0,20180527,WAS,MIN,2018,1021800020413,19160,validated,,0,matched,playbyplayv2,1611661322,100915|101030|200671|201480|202632,complete,playbyplay_inferred,200673|201911|203437|1628878|1628899,complete,playbyplay_inferred,1611661322,Washington Mystics
Shot Chart Detail,1021800020,415,201911,Kristi Toliver,1611661324,Minnesota Lynx,4,7,56,Missed Shot,Jump Shot,3PT Field Goal,Above the Break 3,Right Side Center(RC),24+ ft.,25,150,208,1,0,20180527,WAS,MIN,2018,1021800020415,19240,validated,,0,matched,playbyplayv2,1611661322,100915|101030|200671|201480|202632,complete,playbyplay_inferred,200673|201911|203437|1628878|1628899,complete,playbyplay_inferred,1611661322,Washington Mystics
Shot Chart Detail,1021800020,417,1628878,Ariel Atkins,1611661324,Minnesota Lynx,4,7,49,Missed Shot,Jump Shot,3PT Field Goal,Above the Break 3,Right Side Center(RC),24+ ft.,25,108,236,1,0,20180527,WAS,MIN,2018,1021800020417,19310,validated,,0,matched,playbyplayv2,1611661322,100915|101030|200671|201480|202632,complete,playbyplay_inferred,200673|201911|203437|1628878|1628899,complete,playbyplay_inferred,1611661322,Washington Mystics
Shot Chart Detail,1021800020,427,1628878,Ariel Atkins,1611661324,Minnesota Lynx,4,6,42,Missed Shot,Jump Shot,3PT Field Goal,Above the Break 3,Left Side Center(LC),24+ ft.,25,-199,154,1,0,20180527,WAS,MIN,2018,1021800020427,19980,validated,,0,matched,playbyplayv2,1611661322,100915|101030|200671|201480|202632,complete,playbyplay_inferred,200673|201911|203437|1628878|1628899,complete,playbyplay_inferred,1611661322,Washington Mystics
Shot Chart Detail,1021800020,429,201911,Kristi Toliver,1611661324,Minnesota Lynx,4,6,37,Made Shot,Jump Shot,3PT Field Goal,Above the Break 3,Left Side Center(LC),24+ ft.,25,-191,174,1,1,20180527,WAS,MIN,2018,1021800020429,20030,validated,203437,1,matched,playbyplayv2,1611661322,100915|101030|200671|201480|202632,complete,playbyplay_inferred,200673|201911|203437|1628878|1628899,complete,playbyplay_inferred,1611661322,Washington Mystics
Shot Chart Detail,1021800020,433,201911,Kristi Toliver,1611661324,Minnesota Lynx,4,6,11,Made Shot,Running Pull-Up Jump Shot,3PT Field Goal,Above the Break 3,Left Side Center(LC),24+ ft.,27,-144,235,1,1,20180527,WAS,MIN,2018,1021800020433,20290,validated,,0,matched,playbyplayv2,1611661322,100915|101030|200671|201480|202632,complete,playbyplay_inferred,200673|201911|203437|1628878|1628899,complete,playbyplay_inferred,1611661322,Washington Mystics
Shot Chart Detail,1021800020,453,204333,Natasha Cloud,1611661324,Minnesota Lynx,4,4,59,Missed Shot,Jump Shot,3PT Field Goal,Above the Break 3,Left Side Center(LC),24+ ft.,24,-130,208,1,0,20180527,WAS,MIN,2018,1021800020453,21010,validated,,0,matched,playbyplayv2,1611661322,100944|200671|201480|202632|202658,complete,playbyplay_inferred,201911|203403|204333|1628878|1628899,complete,playbyplay_inferred,1611661322,Washington Mystics
Shot Chart Detail,1021800020,455,1628899,Myisha Hines-Allen,1611661324,Minnesota Lynx,4,4,42,Made Shot,Finger Roll Layup Shot,2PT Field Goal,In The Paint (Non-RA),Center(C),Less Than 8 ft.,5,29,48,1,1,20180527,WAS,MIN,2018,1021800020455,21180,validated,204333,1,matched,playbyplayv2,1611661322,100944|200671|201480|202632|202658,complete,playbyplay_inferred,201911|203403|204333|1628878|1628899,complete,playbyplay_inferred,1611661322,Washington Mystics
Shot Chart Detail,1021800020,462,204333,Natasha Cloud,1611661324,Minnesota Lynx,4,4,8,Missed Shot,Driving Layup Shot,2PT Field Goal,Restricted Area,Center(C),Less Than 8 ft.,2,-15,16,1,0,20180527,WAS,MIN,2018,1021800020462,21520,validated,,0,matched,playbyplayv2,1611661322,100915|100944|200671|201480|202632,complete,playbyplay_inferred,201911|203403|204333|1628878|1628899,complete,playbyplay_inferred,1611661322,Washington Mystics
Shot Chart Detail,1021800020,470,1628899,Myisha Hines-Allen,1611661324,Minnesota Lynx,4,3,23,Made Shot,Cutting Layup Shot,2PT Field Goal,Restricted Area,Center(C),Less Than 8 ft.,1,-9,17,1,1,20180527,WAS,MIN,2018,1021800020470,21970,validated,201911,1,matched,playbyplayv2,1611661322,100915|100944|200671|201480|202632,complete,playbyplay_inferred,201911|203403|204333|1628878|1628899,complete,playbyplay_inferred,1611661322,Washington Mystics
Shot Chart Detail,1021800020,478,204333,Natasha Cloud,1611661324,Minnesota Lynx,4,2,49,Made Shot,Driving Layup Shot,2PT Field Goal,Restricted Area,Center(C),Less Than 8 ft.,1,7,15,1,1,20180527,WAS,MIN,2018,1021800020478,22310,validated,,0,matched,playbyplayv2,1611661322,100915|100944|200671|201480|202632,complete,playbyplay_inferred,201911|203403|204333|1628878|1628899,complete,playbyplay_inferred,1611661322,Washington Mystics
Shot Chart Detail,1021800020,481,1628878,Ariel Atkins,1611661324,Minnesota Lynx,4,2,15,Made Shot,Jump Shot,3PT Field Goal,Above the Break 3,Right Side Center(RC),24+ ft.,26,129,226,1,1,20180527,WAS,MIN,2018,1021800020481,22650,validated,201911,1,matched,playbyplayv2,1611661322,100915|100944|200671|201480|202632,complete,playbyplay_inferred,201911|203403|204333|1628878|1628899,complete,playbyplay_inferred,1611661322,Washington Mystics
Shot Chart Detail,1021800020,484,204333,Natasha Cloud,1611661324,Minnesota Lynx,4,1,36,Made Shot,Driving Layup Shot,2PT Field Goal,In The Paint (Non-RA),Center(C),Less Than 8 ft.,4,22,39,1,1,20180527,WAS,MIN,2018,1021800020484,23040,validated,,0,matched,playbyplayv2,1611661322,100915|100944|200671|201480|202632,complete,playbyplay_inferred,201911|203403|204333|1628878|1628899,complete,playbyplay_inferred,1611661322,Washington Mystics
Shot Chart Detail,1021800020,492,201911,Kristi Toliver,1611661324,Minnesota Lynx,4,1,14,Made Shot,Driving Finger Roll Layup Shot,2PT Field Goal,Restricted Area,Center(C),Less Than 8 ft.,1,7,17,1,1,20180527,WAS,MIN,2018,1021800020492,23260,validated,,0,matched,playbyplayv2,1611661322,100915|200671|201480|202632|1628283,complete,playbyplay_inferred,201911|203437|204333|1628878|1628899,complete,playbyplay_inferred,1611661322,Washington Mystics
Shot Chart Detail,1021800020,495,203437,Tierra Ruffin-Pratt,1611661324,Minnesota Lynx,4,0,50,Missed Shot,Jump Shot,3PT Field Goal,Above the Break 3,Right Side Center(RC),24+ ft.,24,214,111,1,0,20180527,WAS,MIN,2018,1021800020495,23500,validated,,0,matched,playbyplayv2,1611661322,100915|200671|201480|202632|1628283,complete,playbyplay_inferred,201911|203437|204333|1628878|1628899,complete,playbyplay_inferred,1611661322,Washington Mystics
Shot Chart Detail,1021800020,510,204333,Natasha Cloud,1611661324,Minnesota Lynx,4,0,13,Made Shot,Pullup Jump shot,3PT Field Goal,Above the Break 3,Right Side Center(RC),24+ ft.,24,91,230,1,1,20180527,WAS,MIN,2018,1021800020510,23870,validated,,0,matched,playbyplayv2,1611661322,202658|203041|1627701|1628283|1628508,complete,playbyplay_inferred,201911|203437|204333|1628878|1628899,complete,playbyplay_inferred,1611661322,Washington Mystics
Shot Chart Detail,1021800023,17,204322,Elizabeth Williams,1611661324,Minnesota Lynx,1,8,59,Missed Shot,Running Layup Shot,2PT Field Goal,Restricted Area,Center(C),Less Than 8 ft.,1,9,8,1,0,20180529,ATL,MIN,2018,102180002317,610,validated,,0,matched,playbyplayv2,1611661330,100915|100944|200671|201480|202632,complete,playbyplay_inferred,201881|201904|202638|203026|204322,complete,playbyplay_inferred,1611661330,Atlanta Dream
Shot Chart Detail,1021800023,23,204322,Elizabeth Williams,1611661324,Minnesota Lynx,1,8,20,Missed Shot,Jump Shot,2PT Field Goal,Mid-Range,Center(C),8-16 ft.,14,8,148,1,0,20180529,ATL,MIN,2018,102180002323,1000,validated,,0,matched,playbyplayv2,1611661330,100915|100944|200671|201480|202632,complete,playbyplay_inferred,201881|201904|202638|203026|204322,complete,playbyplay_inferred,1611661330,Atlanta Dream
Shot Chart Detail,1021800023,26,201904,Renee Montgomery,1611661324,Minnesota Lynx,1,7,50,Made Shot,Pullup Jump shot,2PT Field Goal,Mid-Range,Right Side Center(RC),16-24 ft.,18,60,173,1,1,20180529,ATL,MIN,2018,102180002326,1300,validated,,0,matched,playbyplayv2,1611661330,100915|100944|200671|201480|202632,complete,playbyplay_inferred,201881|201904|202638|203026|204322,complete,playbyplay_inferred,1611661330,Atlanta Dream
Shot Chart Detail,1021800023,31,201904,Renee Montgomery,1611661324,Minnesota Lynx,1,7,14,Missed Shot,Pullup Jump shot,3PT Field Goal,Above the Break 3,Center(C),24+ ft.,24,64,234,1,0,20180529,ATL,MIN,2018,102180002331,1660,validated,,0,matched,playbyplayv2,1611661330,100915|100944|200671|201480|202632,complete,playbyplay_inferred,201881|201904|202638|203026|204322,complete,playbyplay_inferred,1611661330,Atlanta Dream
Shot Chart Detail,1021800023,42,201881,Angel McCoughtry,1611661324,Minnesota Lynx,1,6,13,Missed Shot,Driving Layup Shot,2PT Field Goal,Restricted Area,Center(C),Less Than 8 ft.,2,20,11,1,0,20180529,ATL,MIN,2018,102180002342,2270,validated,,0,matched,playbyplayv2,1611661330,100944|200671|201480|202632|202658,complete,playbyplay_inferred,201881|201904|202638|203026|204322,complete,playbyplay_inferred,1611661330,Atlanta Dream
Shot Chart Detail,1021800023,46,201904,Renee Montgomery,1611661324,Minnesota Lynx,1,5,43,Missed Shot,Driving Layup Shot,2PT Field Goal,Restricted Area,Center(C),Less Than 8 ft.,1,9,12,1,0,20180529,ATL,MIN,2018,102180002346,2570,validated,,0,matched,playbyplayv2,1611661330,100944|200671|201480|202632|202658,complete,playbyplay_inferred,201881|201904|202638|203026|204322,complete,playbyplay_inferred,1611661330,Atlanta Dream
Shot Chart Detail,1021800023,50,201881,Angel McCoughtry,1611661324,Minnesota Lynx,1,5,32,Made Shot,Layup Shot,2PT Field Goal,Restricted Area,Center(C),Less Than 8 ft.,1,11,7,1,1,20180529,ATL,MIN,2018,102180002350,2680,validated,,0,matched,playbyplayv2,1611661330,100944|200671|201480|202632|202658,complete,playbyplay_inferred,201881|201904|202638|203026|204322,complete,playbyplay_inferred,1611661330,Atlanta Dream
Shot Chart Detail,1021800023,53,202638,Jessica Breland,1611661324,Minnesota Lynx,1,5,7,Missed Shot,Driving Hook Shot,2PT Field Goal,In The Paint (Non-RA),Center(C),Less Than 8 ft.,6,8,62,1,0,20180529,ATL,MIN,2018,102180002353,2930,validated,,0,matched,playbyplayv2,1611661330,100944|200671|201480|202632|202658,complete,playbyplay_inferred,201881|201904|202638|203026|204322,complete,playbyplay_inferred,1611661330,Atlanta Dream
Shot Chart Detail,1021800023,68,1628279,Brittney Sykes,1611661324,Minnesota Lynx,1,4,22,Made Shot,Pullup Jump shot,2PT Field Goal,Mid-Range,Right Side Center(RC),16-24 ft.,20,102,176,1,1,20180529,ATL,MIN,2018,102180002368,3380,validated,,0,matched,playbyplayv2,1611661330,100944|101030|201480|202632|202658,complete,playbyplay_inferred,202638|203026|203406|204322|1628279,complete,playbyplay_inferred,1611661330,Atlanta Dream
Shot Chart Detail,1021800023,73,1628279,Brittney Sykes,1611661324,Minnesota Lynx,1,3,33,Missed Shot,Jump Shot,3PT Field Goal,Above the Break 3,Left Side Center(LC),24+ ft.,24,-162,180,1,0,20180529,ATL,MIN,2018,102180002373,3870,validated,,0,matched,playbyplayv2,1611661330,100944|101030|201480|202632|202658,complete,playbyplay_inferred,202638|203026|203406|204322|1628279,complete,playbyplay_inferred,1611661330,Atlanta Dream
Shot Chart Detail,1021800023,76,203026,Tiffany Hayes,1611661324,Minnesota Lynx,1,3,11,Missed Shot,Pullup Jump shot,3PT Field Goal,Above the Break 3,Right Side Center(RC),24+ ft.,26,126,228,1,0,20180529,ATL,MIN,2018,102180002376,4090,validated,,0,matched,playbyplayv2,1611661330,100944|101030|201480|202632|202658,complete,playbyplay_inferred,202638|203026|203406|204322|1628279,complete,playbyplay_inferred,1611661330,Atlanta Dream
Shot Chart Detail,1021800023,88,203406,Layshia Clarendon,1611661324,Minnesota Lynx,1,2,36,Made Shot,Pullup Jump shot,2PT Field Goal,Mid-Range,Right Side Center(RC),16-24 ft.,19,130,149,1,1,20180529,ATL,MIN,2018,102180002388,4440,validated,,0,matched,playbyplayv2,1611661330,101030|201480|202658|203041|1628283,complete,playbyplay_inferred,202638|203026|203406|1627677|1628279,complete,playbyplay_inferred,1611661330,Atlanta Dream
Shot Chart Detail,1021800023,109,1627677,Imani McGee-Stafford,1611661324,Minnesota Lynx,1,1,16,Missed Shot,Driving Hook Shot,2PT Field Goal,In The Paint (Non-RA),Center(C),Less Than 8 ft.,5,58,9,1,0,20180529,ATL,MIN,2018,1021800023109,5240,validated,,0,matched,playbyplayv2,1611661330,101030|202632|202658|203041|1628283,complete,playbyplay_inferred,203406|203843|1627677|1628279|1628881,complete,playbyplay_inferred,1611661330,Atlanta Dream
Shot Chart Detail,1021800023,117,203406,Layshia Clarendon,1611661324,Minnesota Lynx,1,0,25,Missed Shot,Pullup Jump shot,2PT Field Goal,Mid-Range,Left Side(L),8-16 ft.,13,-135,29,1,0,20180529,ATL,MIN,2018,1021800023117,5750,validated,,0,matched,playbyplayv2,1611661330,101030|202632|202658|203041|1628283,complete,playbyplay_inferred,203406|203843|1627677|1628279|1628881,complete,playbyplay_inferred,1611661330,Atlanta Dream
Shot Chart Detail,1021800023,142,204322,Elizabeth Williams,1611661324,Minnesota Lynx,2,8,53,Made Shot,Hook Shot,2PT Field Goal,Restricted Area,Center(C),Less Than 8 ft.,3,8,34,1,1,20180529,ATL,MIN,2018,1021800023142,6670,validated,1628279,1,matched,playbyplayv2,1611661330,101030|202632|202658|203041|1628283,complete,playbyplay_inferred,203406|203843|204322|1628279|1628881,complete,playbyplay_inferred,1611661330,Atlanta Dream
Shot Chart Detail,1021800023,146,203843,Maggie Lucas,1611661324,Minnesota Lynx,2,8,24,Missed Shot,Jump Shot,3PT Field Goal,Above the Break 3,Right Side Center(RC),24+ ft.,24,177,174,1,0,20180529,ATL,MIN,2018,1021800023146,6960,validated,,0,matched,playbyplayv2,1611661330,101030|202632|202658|203041|1628283,complete,playbyplay_inferred,203406|203843|204322|1628279|1628881,complete,playbyplay_inferred,1611661330,Atlanta Dream
Shot Chart Detail,1021800023,174,202638,Jessica Breland,1611661324,Minnesota Lynx,2,7,21,Made Shot,Layup Shot,2PT Field Goal,Restricted Area,Center(C),Less Than 8 ft.,2,3,24,1,1,20180529,ATL,MIN,2018,1021800023174,7590,validated,201904,1,matched,playbyplayv2,1611661330,100915|100944|200671|201480|202632,complete,playbyplay_inferred,201881|201904|202638|203026|204322,complete,playbyplay_inferred,1611661330,Atlanta Dream
Shot Chart Detail,1021800023,181,204322,Elizabeth Williams,1611661324,Minnesota Lynx,2,6,31,Missed Shot,Turnaround Hook Shot,2PT Field Goal,Restricted Area,Center(C),Less Than 8 ft.,3,-3,31,1,0,20180529,ATL,MIN,2018,1021800023181,8090,validated,,0,matched,playbyplayv2,1611661330,100915|100944|200671|201480|202632,complete,playbyplay_inferred,201881|201904|202638|203026|204322,complete,playbyplay_inferred,1611661330,Atlanta Dream
Shot Chart Detail,1021800023,183,201881,Angel McCoughtry,1611661324,Minnesota Lynx,2,6,25,Made Shot,Pullup Jump shot,2PT Field Goal,Restricted Area,Center(C),Less Than 8 ft.,1,-15,9,1,1,20180529,ATL,MIN,2018,1021800023183,8150,validated,,0,matched,playbyplayv2,1611661330,100915|100944|200671|201480|202632,complete,playbyplay_inferred,201881|201904|202638|203026|204322,complete,playbyplay_inferred,1611661330,Atlanta Dream
Shot Chart Detail,1021800023,197,202638,Jessica Breland,1611661324,Minnesota Lynx,2,5,22,Missed Shot,Pullup Jump shot,2PT Field Goal,In The Paint (Non-RA),Right Side(R),8-16 ft.,13,80,106,1,0,20180529,ATL,MIN,2018,1021800023197,8780,validated,,0,matched,playbyplayv2,1611661330,100915|100944|200671|201480|202632,complete,playbyplay_inferred,201881|201904|202638|203026|204322,complete,playbyplay_inferred,1611661330,Atlanta Dream
Shot Chart Detail,1021800023,201,203026,Tiffany Hayes,1611661324,Minnesota Lynx,2,4,53,Missed Shot,Jump Shot,3PT Field Goal,Right Corner 3,Right Side(R),24+ ft.,23,237,2,1,0,20180529,ATL,MIN,2018,1021800023201,9070,validated,,0,matched,playbyplayv2,1611661330,100915|100944|200671|201480|202632,complete,playbyplay_inferred,201881|201904|202638|203026|204322,complete,playbyplay_inferred,1611661330,Atlanta Dream
Shot Chart Detail,1021800023,208,201904,Renee Montgomery,1611661324,Minnesota Lynx,2,4,23,Missed Shot,Jump Shot,3PT Field Goal,Above the Break 3,Center(C),16-24 ft.,23,-14,237,1,0,20180529,ATL,MIN,2018,1021800023208,9370,validated,,0,matched,playbyplayv2,1611661330,100915|100944|200671|201480|202632,complete,playbyplay_inferred,201881|201904|202638|203026|204322,complete,playbyplay_inferred,1611661330,Atlanta Dream
Shot Chart Detail,1021800023,215,203026,Tiffany Hayes,1611661324,Minnesota Lynx,2,3,44,Made Shot,Driving Layup Shot,2PT Field Goal,Restricted Area,Center(C),Less Than 8 ft.,1,10,4,1,1,20180529,ATL,MIN,2018,1021800023215,9760,validated,,0,matched,playbyplayv2,1611661330,100915|100944|200671|201480|202632,complete,playbyplay_inferred,201881|201904|202638|203026|204322,complete,playbyplay_inferred,1611661330,Atlanta Dream
Shot Chart Detail,1021800023,224,1628279,Brittney Sykes,1611661324,Minnesota Lynx,2,3,16,Made Shot,Running Layup Shot,2PT Field Goal,Restricted Area,Center(C),Less Than 8 ft.,2,20,9,1,1,20180529,ATL,MIN,2018,1021800023224,10040,validated,201904,1,matched,playbyplayv2,1611661330,100915|100944|200671|201480|202632,complete,playbyplay_inferred,201904|202638|203026|204322|1628279,complete,playbyplay_inferred,1611661330,Atlanta Dream
Shot Chart Detail,1021800023,230,203026,Tiffany Hayes,1611661324,Minnesota Lynx,2,2,24,Made Shot,Running Layup Shot,2PT Field Goal,Restricted Area,Center(C),Less Than 8 ft.,1,15,11,1,1,20180529,ATL,MIN,2018,1021800023230,10560,validated,1628279,1,matched,playbyplayv2,1611661330,100915|100944|200671|201480|202632,complete,playbyplay_inferred,201904|202638|203026|204322|1628279,complete,playbyplay_inferred,1611661330,Atlanta Dream
Shot Chart Detail,1021800023,234,204322,Elizabeth Williams,1611661324,Minnesota Lynx,2,1,37,Made Shot,Turnaround Hook Shot,2PT Field Goal,In The Paint (Non-RA),Center(C),Less Than 8 ft.,7,74,-2,1,1,20180529,ATL,MIN,2018,1021800023234,11030,validated,201904,1,matched,playbyplayv2,1611661330,100915|100944|200671|201480|202632,complete,playbyplay_inferred,201904|202638|203026|204322|1628279,complete,playbyplay_inferred,1611661330,Atlanta Dream
Shot Chart Detail,1021800023,251,1628279,Brittney Sykes,1611661324,Minnesota Lynx,2,0,34,Missed Shot,Jump Shot,3PT Field Goal,Above the Break 3,Left Side(L),16-24 ft.,22,-198,117,1,0,20180529,ATL,MIN,2018,1021800023251,11660,validated,,0,matched,playbyplayv2,1611661330,100944|200671|202632|202658|203041,complete,playbyplay_inferred,201904|202638|203026|1627677|1628279,complete,playbyplay_inferred,1611661330,Atlanta Dream
Shot Chart Detail,1021800023,255,203026,Tiffany Hayes,1611661324,Minnesota Lynx,2,0,0,Missed Shot,Driving Layup Shot,2PT Field Goal,In The Paint (Non-RA),Left Side(L),8-16 ft.,9,-80,58,1,0,20180529,ATL,MIN,2018,1021800023255,12000,validated,,0,matched,playbyplayv2,1611661330,100944|200671|202632|202658|203041,complete,playbyplay_inferred,201904|202638|203026|1627677|1628279,complete,playbyplay_inferred,1611661330,Atlanta Dream
Shot Chart Detail,1021800023,269,202638,Jessica Breland,1611661324,Minnesota Lynx,3,9,29,Missed Shot,Pullup Jump shot,2PT Field Goal,Mid-Range,Right Side(R),8-16 ft.,11,115,-5,1,0,20180529,ATL,MIN,2018,1021800023269,12310,validated,,0,matched,playbyplayv2,1611661330,100915|100944|200671|201480|202632,complete,playbyplay_inferred,201881|201904|202638|203026|204322,complete,playbyplay_inferred,1611661330,Atlanta Dream
Shot Chart Detail,1021800023,275,201881,Angel McCoughtry,1611661324,Minnesota Lynx,3,9,8,Missed Shot,Pullup Jump shot,2PT Field Goal,In The Paint (Non-RA),Center(C),8-16 ft.,11,19,118,1,0,20180529,ATL,MIN,2018,1021800023275,12520,validated,,0,matched,playbyplayv2,1611661330,100915|100944|200671|201480|202632,complete,playbyplay_inferred,201881|201904|202638|203026|204322,complete,playbyplay_inferred,1611661330,Atlanta Dream
Shot Chart Detail,1021800023,280,204322,Elizabeth Williams,1611661324,Minnesota Lynx,3,8,18,Made Shot,Driving Layup Shot,2PT Field Goal,Restricted Area,Center(C),Less Than 8 ft.,3,-8,33,1,1,20180529,ATL,MIN,2018,1021800023280,13020,validated,,0,matched,playbyplayv2,1611661330,100915|100944|200671|201480|202632,complete,playbyplay_inferred,201881|201904|202638|203026|204322,complete,playbyplay_inferred,1611661330,Atlanta Dream
Shot Chart Detail,1021800023,287,201881,Angel McCoughtry,1611661324,Minnesota Lynx,3,7,54,Missed Shot,Driving Layup Shot,2PT Field Goal,Restricted Area,Center(C),Less Than 8 ft.,1,-3,16,1,0,20180529,ATL,MIN,2018,1021800023287,13260,validated,,0,matched,playbyplayv2,1611661330,100915|100944|200671|201480|202632,complete,playbyplay_inferred,201881|201904|202638|203026|204322,complete,playbyplay_inferred,1611661330,Atlanta Dream
Shot Chart Detail,1021800023,296,202638,Jessica Breland,1611661324,Minnesota Lynx,3,7,31,Made Shot,Jump Shot,2PT Field Goal,Mid-Range,Center(C),16-24 ft.,18,51,179,1,1,20180529,ATL,MIN,2018,1021800023296,13490,validated,201904,1,matched,playbyplayv2,1611661330,100915|100944|200671|201480|202632,complete,playbyplay_inferred,201881|201904|202638|203026|204322,complete,playbyplay_inferred,1611661330,Atlanta Dream
Shot Chart Detail,1021800023,300,201881,Angel McCoughtry,1611661324,Minnesota Lynx,3,7,4,Missed Shot,Step Back Jump shot,3PT Field Goal,Above the Break 3,Left Side(L),16-24 ft.,23,-217,91,1,0,20180529,ATL,MIN,2018,1021800023300,13760,validated,,0,matched,playbyplayv2,1611661330,100915|100944|200671|201480|202632,complete,playbyplay_inferred,201881|201904|202638|203026|204322,complete,playbyplay_inferred,1611661330,Atlanta Dream
Shot Chart Detail,1021800023,309,202638,Jessica Breland,1611661324,Minnesota Lynx,3,6,32,Missed Shot,Pullup Jump shot,2PT Field Goal,Mid-Range,Left Side Center(LC),16-24 ft.,19,-104,165,1,0,20180529,ATL,MIN,2018,1021800023309,14080,validated,,0,matched,playbyplayv2,1611661330,100915|100944|200671|201480|202632,complete,playbyplay_inferred,201881|201904|202638|203026|204322,complete,playbyplay_inferred,1611661330,Atlanta Dream
Shot Chart Detail,1021800023,313,201904,Renee Montgomery,1611661324,Minnesota Lynx,3,6,1,Made Shot,Pullup Jump shot,2PT Field Goal,Mid-Range,Left Side Center(LC),16-24 ft.,19,-103,166,1,1,20180529,ATL,MIN,2018,1021800023313,14390,validated,,0,matched,playbyplayv2,1611661330,100915|100944|200671|201480|202632,complete,playbyplay_inferred,201881|201904|202638|203026|204322,complete,playbyplay_inferred,1611661330,Atlanta Dream
Shot Chart Detail,1021800023,324,203026,Tiffany Hayes,1611661324,Minnesota Lynx,3,5,33,Missed Shot,Jump Shot,3PT Field Goal,Above the Break 3,Right Side Center(RC),16-24 ft.,23,108,204,1,0,20180529,ATL,MIN,2018,1021800023324,14670,validated,,0,matched,playbyplayv2,1611661330,100944|200671|202632|202658|203041,complete,playbyplay_inferred,201904|202638|203026|204322|1628279,complete,playbyplay_inferred,1611661330,Atlanta Dream
Shot Chart Detail,1021800023,328,201904,Renee Montgomery,1611661324,Minnesota Lynx,3,5,14,Made Shot,Jump Shot,3PT Field Goal,Above the Break 3,Left Side(L),24+ ft.,24,-234,56,1,1,20180529,ATL,MIN,2018,1021800023328,14860,validated,1628279,1,matched,playbyplayv2,1611661330,100944|200671|202632|202658|203041,complete,playbyplay_inferred,201904|202638|203026|204322|1628279,complete,playbyplay_inferred,1611661330,Atlanta Dream
Shot Chart Detail,1021800023,332,1628279,Brittney Sykes,1611661324,Minnesota Lynx,3,4,31,Made Shot,Pullup Jump shot,2PT Field Goal,Mid-Range,Left Side Center(LC),16-24 ft.,17,-76,163,1,1,20180529,ATL,MIN,2018,1021800023332,15290,validated,,0,matched,playbyplayv2,1611661330,100944|200671|202632|202658|203041,complete,playbyplay_inferred,201904|202638|203026|204322|1628279,complete,playbyplay_inferred,1611661330,Atlanta Dream
Shot Chart Detail,1021800023,335,204322,Elizabeth Williams,1611661324,Minnesota Lynx,3,3,57,Made Shot,Cutting Layup Shot,2PT Field Goal,Restricted Area,Center(C),Less Than 8 ft.,0,-4,4,1,1,20180529,ATL,MIN,2018,1021800023335,15630,validated,202638,1,matched,playbyplayv2,1611661330,100944|200671|202632|202658|203041,complete,playbyplay_inferred,201904|202638|203026|204322|1628279,complete,playbyplay_inferred,1611661330,Atlanta Dream
Shot Chart Detail,1021800023,350,1628279,Brittney Sykes,1611661324,Minnesota Lynx,3,3,23,Missed Shot,Driving Reverse Layup Shot,2PT Field Goal,Restricted Area,Center(C),Less Than 8 ft.,1,-14,0,1,0,20180529,ATL,MIN,2018,1021800023350,15970,validated,,0,matched,playbyplayv2,1611661330,101030|200671|201480|202658|203041,complete,playbyplay_inferred,202638|203026|203406|1627677|1628279,complete,playbyplay_inferred,1611661330,Atlanta Dream
Shot Chart Detail,1021800023,374,203026,Tiffany Hayes,1611661324,Minnesota Lynx,3,1,33,Missed Shot,Jump Shot,3PT Field Goal,Above the Break 3,Center(C),24+ ft.,26,25,260,1,0,20180529,ATL,MIN,2018,1021800023374,17070,validated,,0,matched,playbyplayv2,1611661330,101030|201480|202632|202658|203041,complete,playbyplay_inferred,202638|203026|203406|1627677|1628279,complete,playbyplay_inferred,1611661330,Atlanta Dream
Shot Chart Detail,1021800023,379,203026,Tiffany Hayes,1611661324,Minnesota Lynx,3,0,53,Made Shot,Jump Shot,3PT Field Goal,Above the Break 3,Right Side(R),24+ ft.,23,226,54,1,1,20180529,ATL,MIN,2018,1021800023379,17470,validated,1628279,1,matched,playbyplayv2,1611661330,101030|201480|202632|202658|203041,complete,playbyplay_inferred,202638|203026|203406|1627677|1628279,complete,playbyplay_inferred,1611661330,Atlanta Dream
Shot Chart Detail,1021800023,394,203026,Tiffany Hayes,1611661324,Minnesota Lynx,3,0,1,Missed Shot,Driving Layup Shot,2PT Field Goal,In The Paint (Non-RA),Center(C),Less Than 8 ft.,6,57,40,1,0,20180529,ATL,MIN,2018,1021800023394,17990,validated,,0,matched,playbyplayv2,1611661330,101030|201480|202632|202658|203041,complete,playbyplay_inferred,203026|203406|204322|1628279|1628881,complete,playbyplay_inferred,1611661330,Atlanta Dream
Shot Chart Detail,1021800023,401,201881,Angel McCoughtry,1611661324,Minnesota Lynx,4,9,40,Made Shot,Pullup Jump shot,2PT Field Goal,Mid-Range,Right Side Center(RC),16-24 ft.,16,82,140,1,1,20180529,ATL,MIN,2018,1021800023401,18200,validated,,0,matched,playbyplayv2,1611661330,101030|201480|202632|202658|203041,complete,playbyplay_inferred,201881|203406|204322|1628279|1628881,complete,playbyplay_inferred,1611661330,Atlanta Dream
Shot Chart Detail,1021800023,405,203406,Layshia Clarendon,1611661324,Minnesota Lynx,4,9,12,Made Shot,Jump Shot,2PT Field Goal,Mid-Range,Right Side Center(RC),16-24 ft.,17,136,113,1,1,20180529,ATL,MIN,2018,1021800023405,18480,validated,,0,matched,playbyplayv2,1611661330,101030|201480|202632|202658|203041,complete,playbyplay_inferred,201881|203406|204322|1628279|1628881,complete,playbyplay_inferred,1611661330,Atlanta Dream
Shot Chart Detail,1021800023,408,1628279,Brittney Sykes,1611661324,Minnesota Lynx,4,8,42,Missed Shot,Jump Shot,3PT Field Goal,Above the Break 3,Right Side Center(RC),16-24 ft.,23,119,198,1,0,20180529,ATL,MIN,2018,1021800023408,18780,validated,,0,matched,playbyplayv2,1611661330,101030|201480|202632|202658|203041,complete,playbyplay_inferred,201881|203406|204322|1628279|1628881,complete,playbyplay_inferred,1611661330,Atlanta Dream
Shot Chart Detail,1021800023,412,201881,Angel McCoughtry,1611661324,Minnesota Lynx,4,8,11,Missed Shot,Turnaround Jump Shot,2PT Field Goal,Mid-Range,Left Side(L),8-16 ft.,14,-141,27,1,0,20180529,ATL,MIN,2018,1021800023412,19090,validated,,0,matched,playbyplayv2,1611661330,101030|201480|202632|202658|203041,complete,playbyplay_inferred,201881|203406|204322|1628279|1628881,complete,playbyplay_inferred,1611661330,Atlanta Dream
Shot Chart Detail,1021800023,421,201881,Angel McCoughtry,1611661324,Minnesota Lynx,4,7,38,Made Shot,Driving Layup Shot,2PT Field Goal,Restricted Area,Center(C),Less Than 8 ft.,1,-11,4,1,1,20180529,ATL,MIN,2018,1021800023421,19420,validated,1628279,1,matched,playbyplayv2,1611661330,100944|101030|200671|201480|202658,complete,playbyplay_inferred,201881|203406|204322|1628279|1628881,complete,playbyplay_inferred,1611661330,Atlanta Dream
Shot Chart Detail,1021800023,447,1628279,Brittney Sykes,1611661324,Minnesota Lynx,4,6,0,Missed Shot,Jump Shot,3PT Field Goal,Above the Break 3,Left Side Center(LC),24+ ft.,24,-124,216,1,0,20180529,ATL,MIN,2018,1021800023447,20400,validated,,0,matched,playbyplayv2,1611661330,100915|100944|200671|201480|202632,complete,playbyplay_inferred,201881|201904|202638|204322|1628279,complete,playbyplay_inferred,1611661330,Atlanta Dream
Shot Chart Detail,1021800023,462,201881,Angel McCoughtry,1611661324,Minnesota Lynx,4,5,25,Missed Shot,Running Layup Shot,2PT Field Goal,In The Paint (Non-RA),Center(C),Less Than 8 ft.,7,-8,70,1,0,20180529,ATL,MIN,2018,1021800023462,20750,validated,,0,matched,playbyplayv2,1611661330,100915|100944|200671|201480|202632,complete,playbyplay_inferred,201881|201904|202638|203026|204322,complete,playbyplay_inferred,1611661330,Atlanta Dream
Shot Chart Detail,1021800023,469,203026,Tiffany Hayes,1611661324,Minnesota Lynx,4,4,53,Made Shot,Jump Shot,3PT Field Goal,Above the Break 3,Center(C),24+ ft.,24,71,232,1,1,20180529,ATL,MIN,2018,1021800023469,21070,validated,202638,1,matched,playbyplayv2,1611661330,100915|100944|200671|201480|202632,complete,playbyplay_inferred,201881|201904|202638|203026|204322,complete,playbyplay_inferred,1611661330,Atlanta Dream
Shot Chart Detail,1021800023,473,203026,Tiffany Hayes,1611661324,Minnesota Lynx,4,4,11,Made Shot,Layup Shot,2PT Field Goal,Restricted Area,Center(C),Less Than 8 ft.,0,-7,-3,1,1,20180529,ATL,MIN,2018,1021800023473,21490,validated,202638,1,matched,playbyplayv2,1611661330,100915|100944|200671|201480|202632,complete,playbyplay_inferred,201881|201904|202638|203026|204322,complete,playbyplay_inferred,1611661330,Atlanta Dream
Shot Chart Detail,1021800023,481,201881,Angel McCoughtry,1611661324,Minnesota Lynx,4,3,31,Made Shot,Running Layup Shot,2PT Field Goal,Restricted Area,Center(C),Less Than 8 ft.,0,-4,2,1,1,20180529,ATL,MIN,2018,1021800023481,21890,validated,203026,1,matched,playbyplayv2,1611661330,100915|100944|200671|201480|202632,complete,playbyplay_inferred,201881|201904|202638|203026|204322,complete,playbyplay_inferred,1611661330,Atlanta Dream
Shot Chart Detail,1021800023,498,203026,Tiffany Hayes,1611661324,Minnesota Lynx,4,2,27,Missed Shot,Jump Shot,3PT Field Goal,Above the Break 3,Center(C),16-24 ft.,23,-53,226,1,0,20180529,ATL,MIN,2018,1021800023498,22530,validated,,0,matched,playbyplayv2,1611661330,100944|200671|201480|202632|202658,complete,playbyplay_inferred,201881|201904|202638|203026|204322,complete,playbyplay_inferred,1611661330,Atlanta Dream
Shot Chart Detail,1021800023,500,202638,Jessica Breland,1611661324,Minnesota Lynx,4,2,21,Made Shot,Jump Shot,2PT Field Goal,Mid-Range,Right Side(R),8-16 ft.,14,130,61,1,1,20180529,ATL,MIN,2018,1021800023500,22590,validated,204322,1,matched,playbyplayv2,1611661330,100944|200671|201480|202632|202658,complete,playbyplay_inferred,201881|201904|202638|203026|204322,complete,playbyplay_inferred,1611661330,Atlanta Dream
Shot Chart Detail,1021800023,504,202638,Jessica Breland,1611661324,Minnesota Lynx,4,1,37,Made Shot,Layup Shot,2PT Field Goal,Restricted Area,Center(C),Less Than 8 ft.,0,3,6,1,1,20180529,ATL,MIN,2018,1021800023504,23030,validated,201881,1,matched,playbyplayv2,1611661330,100944|200671|201480|202632|202658,complete,playbyplay_inferred,201881|201904|202638|203026|204322,complete,playbyplay_inferred,1611661330,Atlanta Dream
Shot Chart Detail,1021800023,509,201881,Angel McCoughtry,1611661324,Minnesota Lynx,4,1,6,Missed Shot,Turnaround Jump Shot,2PT Field Goal,In The Paint (Non-RA),Center(C),8-16 ft.,11,-5,117,1,0,20180529,ATL,MIN,2018,1021800023509,23340,validated,,0,matched,playbyplayv2,1611661330,100915|100944|200671|201480|202632,complete,playbyplay_inferred,201881|201904|202638|203026|204322,complete,playbyplay_inferred,1611661330,Atlanta Dream
Shot Chart Detail,1021800023,525,201881,Angel McCoughtry,1611661324,Minnesota Lynx,4,0,30,Made Shot,Pullup Jump shot,2PT Field Goal,Mid-Range,Center(C),8-16 ft.,15,26,155,1,1,20180529,ATL,MIN,2018,1021800023525,23700,validated,201904,1,matched,playbyplayv2,1611661330,100944|200671|201480|202632|202658,complete,playbyplay_inferred,201881|201904|202638|203026|204322,complete,playbyplay_inferred,1611661330,Atlanta Dream
Shot Chart Detail,1021800023,539,201881,Angel McCoughtry,1611661324,Minnesota Lynx,4,0,1,Made Shot,Jump Shot,3PT Field Goal,Above the Break 3,Right Side(R),16-24 ft.,22,218,34,1,1,20180529,ATL,MIN,2018,1021800023539,23990,validated,203026,1,matched,playbyplayv2,1611661330,100944|200671|201480|202632|202658,complete,playbyplay_inferred,201881|201904|202638|203026|204322,complete,playbyplay_inferred,1611661330,Atlanta Dream
Shot Chart Detail,1021800028,7,100940,Diana Taurasi,1611661324,Minnesota Lynx,1,9,44,Made Shot,Fadeaway Jump Shot,2PT Field Goal,Mid-Range,Left Side(L),8-16 ft.,14,-141,24,1,1,20180601,MIN,PHO,2018,10218000287,160,validated,,0,matched,playbyplayv2,1611661317,100915|100944|200671|201480|202632,complete,playbyplay_inferred,100940|101023|201886|201896|203398,complete,playbyplay_inferred,1611661317,Phoenix Mercury
Shot Chart Detail,1021800028,12,100940,Diana Taurasi,1611661324,Minnesota Lynx,1,9,6,Made Shot,Jump Shot,3PT Field Goal,Above the Break 3,Left Side Center(LC),16-24 ft.,23,-75,224,1,1,20180601,MIN,PHO,2018,102180002812,540,validated,,0,matched,playbyplayv2,1611661317,100915|100944|200671|201480|202632,complete,playbyplay_inferred,100940|101023|201886|201896|203398,complete,playbyplay_inferred,1611661317,Phoenix Mercury
Shot Chart Detail,1021800028,15,201886,DeWanna Bonner,1611661324,Minnesota Lynx,1,8,28,Made Shot,Reverse Layup Shot,2PT Field Goal,Restricted Area,Center(C),Less Than 8 ft.,0,4,4,1,1,20180601,MIN,PHO,2018,102180002815,920,validated,100940,1,matched,playbyplayv2,1611661317,100915|100944|200671|201480|202632,complete,playbyplay_inferred,100940|101023|201886|201896|203398,complete,playbyplay_inferred,1611661317,Phoenix Mercury
Shot Chart Detail,1021800028,19,201886,DeWanna Bonner,1611661324,Minnesota Lynx,1,8,4,Missed Shot,Jump Shot,3PT Field Goal,Above the Break 3,Right Side Center(RC),24+ ft.,23,142,192,1,0,20180601,MIN,PHO,2018,102180002819,1160,validated,,0,matched,playbyplayv2,1611661317,100915|100944|200671|201480|202632,complete,playbyplay_inferred,100940|101023|201886|201896|203398,complete,playbyplay_inferred,1611661317,Phoenix Mercury
Shot Chart Detail,1021800028,26,100940,Diana Taurasi,1611661324,Minnesota Lynx,1,7,36,Missed Shot,Jump Shot,3PT Field Goal,Left Corner 3,Left Side(L),24+ ft.,22,-221,3,1,0,20180601,MIN,PHO,2018,102180002826,1440,validated,,0,matched,playbyplayv2,1611661317,100915|100944|200671|201480|202632,complete,playbyplay_inferred,100940|101023|201886|201896|203398,complete,playbyplay_inferred,1611661317,Phoenix Mercury
Shot Chart Detail,1021800028,30,100940,Diana Taurasi,1611661324,Minnesota Lynx,1,7,1,Missed Shot,Jump Shot,3PT Field Goal,Right Corner 3,Right Side(R),24+ ft.,23,236,12,1,0,20180601,MIN,PHO,2018,102180002830,1790,validated,,0,matched,playbyplayv2,1611661317,100915|100944|200671|201480|202632,complete,playbyplay_inferred,100940|101023|201886|201896|203398,complete,playbyplay_inferred,1611661317,Phoenix Mercury
Shot Chart Detail,1021800028,32,100940,Diana Taurasi,1611661324,Minnesota Lynx,1,6,47,Made Shot,Jump Shot,2PT Field Goal,Mid-Range,Left Side Center(LC),16-24 ft.,16,-91,138,1,1,20180601,MIN,PHO,2018,102180002832,1930,validated,,0,matched,playbyplayv2,1611661317,100915|100944|200671|201480|202632,complete,playbyplay_inferred,100940|101023|201886|201896|203398,complete,playbyplay_inferred,1611661317,Phoenix Mercury
Shot Chart Detail,1021800028,38,201886,DeWanna Bonner,1611661324,Minnesota Lynx,1,6,22,Made Shot,Jump Shot,2PT Field Goal,Mid-Range,Right Side(R),8-16 ft.,15,127,86,1,1,20180601,MIN,PHO,2018,102180002838,2180,validated,100940,1,matched,playbyplayv2,1611661317,100944|101030|201480|202632|202658,complete,playbyplay_inferred,100940|101023|201886|201896|203398,complete,playbyplay_inferred,1611661317,Phoenix Mercury
Shot Chart Detail,1021800028,49,201886,DeWanna Bonner,1611661324,Minnesota Lynx,1,5,34,Made Shot,Reverse Layup Shot,2PT Field Goal,Restricted Area,Center(C),Less Than 8 ft.,0,7,4,1,1,20180601,MIN,PHO,2018,102180002849,2660,validated,201067,1,matched,playbyplayv2,1611661317,100944|101030|201480|202632|202658,complete,playbyplay_inferred,100940|201067|201886|201896|203398,complete,playbyplay_inferred,1611661317,Phoenix Mercury
Shot Chart Detail,1021800028,57,203398,Brittney Griner,1611661324,Minnesota Lynx,1,5,6,Missed Shot,Turnaround Jump Shot,2PT Field Goal,Mid-Range,Left Side(L),8-16 ft.,13,-136,-8,1,0,20180601,MIN,PHO,2018,102180002857,2940,validated,,0,matched,playbyplayv2,1611661317,100944|101030|201480|202632|202658,complete,playbyplay_inferred,100940|201067|201507|201886|203398,complete,playbyplay_inferred,1611661317,Phoenix Mercury
Shot Chart Detail,1021800028,75,203398,Brittney Griner,1611661324,Minnesota Lynx,1,4,7,Missed Shot,Layup Shot,2PT Field Goal,Restricted Area,Center(C),Less Than 8 ft.,1,15,11,1,0,20180601,MIN,PHO,2018,102180002875,3530,validated,,0,matched,playbyplayv2,1611661317,100944|101030|200671|201480|202658,complete,playbyplay_inferred,100940|201067|201507|203398|203855,complete,playbyplay_inferred,1611661317,Phoenix Mercury
Shot Chart Detail,1021800028,77,203398,Brittney Griner,1611661324,Minnesota Lynx,1,4,3,Missed Shot,Putback Layup Shot,2PT Field Goal,Restricted Area,Center(C),Less Than 8 ft.,0,4,7,1,0,20180601,MIN,PHO,2018,102180002877,3570,validated,,0,matched,playbyplayv2,1611661317,100944|101030|200671|201480|202658,complete,playbyplay_inferred,100940|201067|201507|203398|203855,complete,playbyplay_inferred,1611661317,Phoenix Mercury
Shot Chart Detail,1021800028,80,100940,Diana Taurasi,1611661324,Minnesota Lynx,1,3,45,Made Shot,Jump Shot,3PT Field Goal,Above the Break 3,Right Side Center(RC),24+ ft.,23,86,222,1,1,20180601,MIN,PHO,2018,102180002880,3750,validated,,0,matched,playbyplayv2,1611661317,100944|101030|200671|201480|202658,complete,playbyplay_inferred,100940|201067|201507|203398|203855,complete,playbyplay_inferred,1611661317,Phoenix Mercury
Shot Chart Detail,1021800028,107,201886,DeWanna Bonner,1611661324,Minnesota Lynx,1,1,34,Missed Shot,Jump Shot,3PT Field Goal,Above the Break 3,Right Side(R),16-24 ft.,22,219,65,1,0,20180601,MIN,PHO,2018,1021800028107,5060,validated,,0,matched,playbyplayv2,1611661317,100944|101030|200671|201480|202658,complete,playbyplay_inferred,201067|201507|201886|203389|203398,complete,playbyplay_inferred,1611661317,Phoenix Mercury
Shot Chart Detail,1021800028,109,203389,Yvonne Turner,1611661324,Minnesota Lynx,1,1,22,Missed Shot,Jump Shot,2PT Field Goal,Mid-Range,Right Side Center(RC),16-24 ft.,20,125,159,1,0,20180601,MIN,PHO,2018,1021800028109,5180,validated,,0,matched,playbyplayv2,1611661317,100944|101030|200671|201480|202658,complete,playbyplay_inferred,201067|201507|201886|203389|203398,complete,playbyplay_inferred,1611661317,Phoenix Mercury
Shot Chart Detail,1021800028,114,201067,Camille Smith,1611661324,Minnesota Lynx,1,0,50,Made Shot,Jump Shot,3PT Field Goal,Above the Break 3,Right Side Center(RC),16-24 ft.,23,136,189,1,1,20180601,MIN,PHO,2018,1021800028114,5500,validated,201886,1,matched,playbyplayv2,1611661317,100944|101030|200671|201480|202658,complete,playbyplay_inferred,201067|201507|201886|203389|203398,complete,playbyplay_inferred,1611661317,Phoenix Mercury
Shot Chart Detail,1021800028,117,201067,Camille Smith,1611661324,Minnesota Lynx,1,0,29,Missed Shot,Jump Shot,2PT Field Goal,Mid-Range,Right Side(R),8-16 ft.,13,105,77,1,0,20180601,MIN,PHO,2018,1021800028117,5710,validated,,0,matched,playbyplayv2,1611661317,100944|101030|200671|201480|202658,complete,playbyplay_inferred,201067|201507|201886|203389|203398,complete,playbyplay_inferred,1611661317,Phoenix Mercury
Shot Chart Detail,1021800028,123,201507,Leilani Mitchell,1611661324,Minnesota Lynx,1,0,0,Made Shot,Jump Shot,3PT Field Goal,Above the Break 3,Right Side(R),16-24 ft.,23,197,127,1,1,20180601,MIN,PHO,2018,1021800028123,6000,validated,201067,1,matched,playbyplayv2,1611661317,100944|101030|200671|201480|202658,complete,playbyplay_inferred,201067|201507|201886|203389|203398,complete,playbyplay_inferred,1611661317,Phoenix Mercury
Shot Chart Detail,1021800028,141,201886,DeWanna Bonner,1611661324,Minnesota Lynx,2,9,25,Made Shot,Driving Finger Roll Layup Shot,2PT Field Goal,Restricted Area,Center(C),Less Than 8 ft.,0,2,6,1,1,20180601,MIN,PHO,2018,1021800028141,6350,validated,203398,1,matched,playbyplayv2,1611661317,100915|100944|200671|201480|202632,complete,playbyplay_inferred,100940|101023|201886|201896|203398,complete,playbyplay_inferred,1611661317,Phoenix Mercury
Shot Chart Detail,1021800028,145,203398,Brittney Griner,1611661324,Minnesota Lynx,2,8,53,Missed Shot,Cutting Layup Shot,2PT Field Goal,Restricted Area,Center(C),Less Than 8 ft.,1,-12,4,1,0,20180601,MIN,PHO,2018,1021800028145,6670,validated,,0,matched,playbyplayv2,1611661317,100915|100944|200671|201480|202632,complete,playbyplay_inferred,100940|101023|201886|201896|203398,complete,playbyplay_inferred,1611661317,Phoenix Mercury
Shot Chart Detail,1021800028,147,203398,Brittney Griner,1611661324,Minnesota Lynx,2,8,50,Made Shot,Putback Layup Shot,2PT Field Goal,Restricted Area,Center(C),Less Than 8 ft.,0,3,7,1,1,20180601,MIN,PHO,2018,1021800028147,6700,validated,,0,matched,playbyplayv2,1611661317,100915|100944|200671|201480|202632,complete,playbyplay_inferred,100940|101023|201886|201896|203398,complete,playbyplay_inferred,1611661317,Phoenix Mercury
Shot Chart Detail,1021800028,151,201886,DeWanna Bonner,1611661324,Minnesota Lynx,2,8,30,Made Shot,Layup Shot,2PT Field Goal,Restricted Area,Center(C),Less Than 8 ft.,0,-5,4,1,1,20180601,MIN,PHO,2018,1021800028151,6900,validated,100940,1,matched,playbyplayv2,1611661317,100915|100944|200671|201480|202632,complete,playbyplay_inferred,100940|101023|201886|201896|203398,complete,playbyplay_inferred,1611661317,Phoenix Mercury
Shot Chart Detail,1021800028,155,201886,DeWanna Bonner,1611661324,Minnesota Lynx,2,7,45,Made Shot,Cutting Layup Shot,2PT Field Goal,Restricted Area,Center(C),Less Than 8 ft.,0,5,2,1,1,20180601,MIN,PHO,2018,1021800028155,7350,validated,101023,1,matched,playbyplayv2,1611661317,100915|100944|200671|201480|202632,complete,playbyplay_inferred,100940|101023|201886|201896|203398,complete,playbyplay_inferred,1611661317,Phoenix Mercury
Shot Chart Detail,1021800028,167,201896,Briann January,1611661324,Minnesota Lynx,2,7,1,Missed Shot,Jump Shot,2PT Field Goal,Mid-Range,Left Side(L),8-16 ft.,15,-157,25,1,0,20180601,MIN,PHO,2018,1021800028167,7790,validated,,0,matched,playbyplayv2,1611661317,100915|100944|200671|201480|202632,complete,playbyplay_inferred,100940|101023|201896|203398|203855,complete,playbyplay_inferred,1611661317,Phoenix Mercury
Shot Chart Detail,1021800028,180,100940,Diana Taurasi,1611661324,Minnesota Lynx,2,6,33,Made Shot,Jump Shot,2PT Field Goal,Mid-Range,Center(C),16-24 ft.,20,-40,199,1,1,20180601,MIN,PHO,2018,1021800028180,8070,validated,,0,matched,playbyplayv2,1611661317,100915|101030|200671|202632|203041,complete,playbyplay_inferred,100940|101023|201896|203398|203855,complete,playbyplay_inferred,1611661317,Phoenix Mercury
Shot Chart Detail,1021800028,185,203398,Brittney Griner,1611661324,Minnesota Lynx,2,5,58,Missed Shot,Jump Shot,2PT Field Goal,Mid-Range,Left Side(L),8-16 ft.,13,-134,40,1,0,20180601,MIN,PHO,2018,1021800028185,8420,validated,,0,matched,playbyplayv2,1611661317,100915|101030|200671|202632|203041,complete,playbyplay_inferred,100940|101023|201896|203398|203855,complete,playbyplay_inferred,1611661317,Phoenix Mercury
Shot Chart Detail,1021800028,196,100940,Diana Taurasi,1611661324,Minnesota Lynx,2,5,32,Missed Shot,Jump Shot,3PT Field Goal,Above the Break 3,Center(C),16-24 ft.,23,27,233,1,0,20180601,MIN,PHO,2018,1021800028196,8680,validated,,0,matched,playbyplayv2,1611661317,100915|101030|200671|202632|203041,complete,playbyplay_inferred,100940|101023|201886|203855|1628895,complete,playbyplay_inferred,1611661317,Phoenix Mercury
Shot Chart Detail,1021800028,203,201886,DeWanna Bonner,1611661324,Minnesota Lynx,2,5,11,Made Shot,Jump Shot,3PT Field Goal,Left Corner 3,Left Side(L),24+ ft.,22,-225,-19,1,1,20180601,MIN,PHO,2018,1021800028203,8890,validated,100940,1,matched,playbyplayv2,1611661317,100915|101030|200671|202632|203041,complete,playbyplay_inferred,100940|101023|201886|203855|1628895,complete,playbyplay_inferred,1611661317,Phoenix Mercury
Shot Chart Detail,1021800028,224,201886,DeWanna Bonner,1611661324,Minnesota Lynx,2,4,13,Missed Shot,Step Back Jump shot,2PT Field Goal,Mid-Range,Right Side(R),8-16 ft.,10,100,-7,1,0,20180601,MIN,PHO,2018,1021800028224,9470,validated,,0,matched,playbyplayv2,1611661317,100944|101030|201480|202632|202658,complete,playbyplay_inferred,101023|201507|201886|203855|1628895,complete,playbyplay_inferred,1611661317,Phoenix Mercury
Shot Chart Detail,1021800028,228,201886,DeWanna Bonner,1611661324,Minnesota Lynx,2,3,42,Made Shot,Running Layup Shot,2PT Field Goal,Restricted Area,Center(C),Less Than 8 ft.,2,22,12,1,1,20180601,MIN,PHO,2018,1021800028228,9780,validated,,0,matched,playbyplayv2,1611661317,100944|101030|201480|202632|202658,complete,playbyplay_inferred,101023|201507|201886|203855|1628895,complete,playbyplay_inferred,1611661317,Phoenix Mercury
Shot Chart Detail,1021800028,236,203398,Brittney Griner,1611661324,Minnesota Lynx,2,3,3,Made Shot,Hook Shot,2PT Field Goal,Restricted Area,Center(C),Less Than 8 ft.,1,7,13,1,1,20180601,MIN,PHO,2018,1021800028236,10170,validated,100940,1,matched,playbyplayv2,1611661317,100944|101030|201480|202632|202658,complete,playbyplay_inferred,100940|101023|201507|201886|203398,complete,playbyplay_inferred,1611661317,Phoenix Mercury
Shot Chart Detail,1021800028,250,203398,Brittney Griner,1611661324,Minnesota Lynx,2,1,46,Made Shot,Turnaround Hook Shot,2PT Field Goal,In The Paint (Non-RA),Center(C),Less Than 8 ft.,6,63,29,1,1,20180601,MIN,PHO,2018,1021800028250,10940,validated,201507,1,matched,playbyplayv2,1611661317,100915|100944|101030|201480|202632,complete,playbyplay_inferred,100940|201067|201507|201886|203398,complete,playbyplay_inferred,1611661317,Phoenix Mercury
Shot Chart Detail,1021800028,259,201886,DeWanna Bonner,1611661324,Minnesota Lynx,2,1,15,Made Shot,Reverse Layup Shot,2PT Field Goal,Restricted Area,Center(C),Less Than 8 ft.,1,2,13,1,1,20180601,MIN,PHO,2018,1021800028259,11250,validated,203398,1,matched,playbyplayv2,1611661317,100915|100944|101030|200671|201480,complete,playbyplay_inferred,100940|201067|201507|201886|203398,complete,playbyplay_inferred,1611661317,Phoenix Mercury
Shot Chart Detail,1021800028,265,201886,DeWanna Bonner,1611661324,Minnesota Lynx,2,0,55,Missed Shot,Pullup Jump shot,2PT Field Goal,In The Paint (Non-RA),Right Side(R),8-16 ft.,9,53,79,1,0,20180601,MIN,PHO,2018,1021800028265,11450,validated,,0,matched,playbyplayv2,1611661317,100915|100944|101030|200671|201480,complete,playbyplay_inferred,100940|201067|201507|201886|203398,complete,playbyplay_inferred,1611661317,Phoenix Mercury
Shot Chart Detail,1021800028,269,100940,Diana Taurasi,1611661324,Minnesota Lynx,2,0,27,Made Shot,Pullup Jump shot,3PT Field Goal,Above the Break 3,Left Side Center(LC),16-24 ft.,23,-115,202,1,1,20180601,MIN,PHO,2018,1021800028269,11730,validated,,0,matched,playbyplayv2,1611661317,100915|100944|101030|200671|201480,complete,playbyplay_inferred,100940|201067|201507|201886|203398,complete,playbyplay_inferred,1611661317,Phoenix Mercury
Shot Chart Detail,1021800028,274,201886,DeWanna Bonner,1611661324,Minnesota Lynx,2,0,0,Missed Shot,Jump Shot,3PT Field Goal,Backcourt,Back Court(BC),Back Court Shot,49,177,462,1,0,20180601,MIN,PHO,2018,1021800028274,12000,validated,,0,matched,playbyplayv2,1611661317,100915|100944|101030|200671|201480,complete,playbyplay_inferred,100940|201067|201507|201886|203398,complete,playbyplay_inferred,1611661317,Phoenix Mercury
Shot Chart Detail,1021800028,286,201886,DeWanna Bonner,1611661324,Minnesota Lynx,3,9,16,Made Shot,Driving Layup Shot,2PT Field Goal,Restricted Area,Center(C),Less Than 8 ft.,2,19,18,1,1,20180601,MIN,PHO,2018,1021800028286,12440,validated,,0,matched,playbyplayv2,1611661317,100915|100944|200671|201480|202632,complete,playbyplay_inferred,100940|101023|201886|201896|203398,complete,playbyplay_inferred,1611661317,Phoenix Mercury
Shot Chart Detail,1021800028,293,101023,Sancho Lyttle,1611661324,Minnesota Lynx,3,8,55,Missed Shot,Jump Shot,2PT Field Goal,Mid-Range,Right Side(R),16-24 ft.,16,134,97,1,0,20180601,MIN,PHO,2018,1021800028293,12650,validated,,0,matched,playbyplayv2,1611661317,100915|100944|200671|201480|202632,complete,playbyplay_inferred,100940|101023|201886|201896|203398,complete,playbyplay_inferred,1611661317,Phoenix Mercury
Shot Chart Detail,1021800028,297,100940,Diana Taurasi,1611661324,Minnesota Lynx,3,8,21,Missed Shot,Jump Shot,3PT Field Goal,Above the Break 3,Right Side Center(RC),24+ ft.,27,159,230,1,0,20180601,MIN,PHO,2018,1021800028297,12990,validated,,0,matched,playbyplayv2,1611661317,100915|100944|200671|201480|202632,complete,playbyplay_inferred,100940|101023|201886|201896|203398,complete,playbyplay_inferred,1611661317,Phoenix Mercury
Shot Chart Detail,1021800028,305,101023,Sancho Lyttle,1611661324,Minnesota Lynx,3,7,51,Made Shot,Jump Shot,2PT Field Goal,In The Paint (Non-RA),Center(C),8-16 ft.,13,-11,130,1,1,20180601,MIN,PHO,2018,1021800028305,13290,validated,203398,1,matched,playbyplayv2,1611661317,100915|100944|200671|201480|202632,complete,playbyplay_inferred,100940|101023|201886|201896|203398,complete,playbyplay_inferred,1611661317,Phoenix Mercury
Shot Chart Detail,1021800028,315,100940,Diana Taurasi,1611661324,Minnesota Lynx,3,7,1,Made Shot,Driving Layup Shot,2PT Field Goal,Restricted Area,Center(C),Less Than 8 ft.,2,-10,18,1,1,20180601,MIN,PHO,2018,1021800028315,13790,validated,,0,matched,playbyplayv2,1611661317,100915|100944|200671|201480|202632,complete,playbyplay_inferred,100940|101023|201886|201896|203398,complete,playbyplay_inferred,1611661317,Phoenix Mercury
Shot Chart Detail,1021800028,321,100940,Diana Taurasi,1611661324,Minnesota Lynx,3,6,28,Missed Shot,Jump Shot,3PT Field Goal,Above the Break 3,Left Side Center(LC),24+ ft.,24,-94,224,1,0,20180601,MIN,PHO,2018,1021800028321,14120,validated,,0,matched,playbyplayv2,1611661317,100915|100944|200671|201480|202632,complete,playbyplay_inferred,100940|101023|201886|201896|203398,complete,playbyplay_inferred,1611661317,Phoenix Mercury
Shot Chart Detail,1021800028,325,201886,DeWanna Bonner,1611661324,Minnesota Lynx,3,5,55,Missed Shot,Jump Shot,3PT Field Goal,Above the Break 3,Right Side Center(RC),24+ ft.,26,152,217,1,0,20180601,MIN,PHO,2018,1021800028325,14450,validated,,0,matched,playbyplayv2,1611661317,100915|100944|200671|201480|202632,complete,playbyplay_inferred,100940|101023|201886|201896|203398,complete,playbyplay_inferred,1611661317,Phoenix Mercury
Shot Chart Detail,1021800028,329,101023,Sancho Lyttle,1611661324,Minnesota Lynx,3,5,27,Missed Shot,Jump Shot,2PT Field Goal,Mid-Range,Left Side Center(LC),16-24 ft.,20,-72,188,1,0,20180601,MIN,PHO,2018,1021800028329,14730,validated,,0,matched,playbyplayv2,1611661317,100915|100944|200671|201480|202632,complete,playbyplay_inferred,100940|101023|201886|201896|203398,complete,playbyplay_inferred,1611661317,Phoenix Mercury
Shot Chart Detail,1021800028,339,100940,Diana Taurasi,1611661324,Minnesota Lynx,3,4,40,Missed Shot,Step Back Jump shot,3PT Field Goal,Above the Break 3,Left Side(L),16-24 ft.,23,-205,106,1,0,20180601,MIN,PHO,2018,1021800028339,15200,validated,,0,matched,playbyplayv2,1611661317,100915|100944|200671|202632|1627701,complete,playbyplay_inferred,100940|201067|201886|201896|203398,complete,playbyplay_inferred,1611661317,Phoenix Mercury
Shot Chart Detail,1021800028,352,100940,Diana Taurasi,1611661324,Minnesota Lynx,3,4,6,Made Shot,Layup Shot,2PT Field Goal,Restricted Area,Center(C),Less Than 8 ft.,1,0,10,1,1,20180601,MIN,PHO,2018,1021800028352,15540,validated,201067,1,matched,playbyplayv2,1611661317,100944|200671|201480|202632|202658,complete,playbyplay_inferred,100940|201067|201896|203398|203855,complete,playbyplay_inferred,1611661317,Phoenix Mercury
Shot Chart Detail,1021800028,356,203398,Brittney Griner,1611661324,Minnesota Lynx,3,3,30,Made Shot,Jump Shot,2PT Field Goal,Mid-Range,Right Side(R),8-16 ft.,13,124,43,1,1,20180601,MIN,PHO,2018,1021800028356,15900,validated,201896,1,matched,playbyplayv2,1611661317,100944|200671|201480|202632|202658,complete,playbyplay_inferred,100940|201067|201896|203398|203855,complete,playbyplay_inferred,1611661317,Phoenix Mercury
Shot Chart Detail,1021800028,360,203398,Brittney Griner,1611661324,Minnesota Lynx,3,2,55,Made Shot,Turnaround Jump Shot,2PT Field Goal,Mid-Range,Left Side(L),8-16 ft.,13,-135,-1,1,1,20180601,MIN,PHO,2018,1021800028360,16250,validated,203855,1,matched,playbyplayv2,1611661317,100944|200671|201480|202632|202658,complete,playbyplay_inferred,100940|201067|201896|203398|203855,complete,playbyplay_inferred,1611661317,Phoenix Mercury
Shot Chart Detail,1021800028,373,203398,Brittney Griner,1611661324,Minnesota Lynx,3,1,55,Made Shot,Jump Bank Shot,2PT Field Goal,In The Paint (Non-RA),Center(C),Less Than 8 ft.,7,61,50,1,1,20180601,MIN,PHO,2018,1021800028373,16850,validated,,0,matched,playbyplayv2,1611661317,100944|101030|201480|202632|202658,complete,playbyplay_inferred,100940|201067|201896|203398|203855,complete,playbyplay_inferred,1611661317,Phoenix Mercury
Shot Chart Detail,1021800028,384,203398,Brittney Griner,1611661324,Minnesota Lynx,3,1,15,Made Shot,Jump Shot,2PT Field Goal,Mid-Range,Right Side(R),8-16 ft.,12,129,11,1,1,20180601,MIN,PHO,2018,1021800028384,17250,validated,201896,1,matched,playbyplayv2,1611661317,100944|101030|201480|202632|202658,complete,playbyplay_inferred,201067|201507|201886|201896|203398,complete,playbyplay_inferred,1611661317,Phoenix Mercury
Shot Chart Detail,1021800028,394,203389,Yvonne Turner,1611661324,Minnesota Lynx,3,0,40,Made Shot,Jump Shot,3PT Field Goal,Above the Break 3,Right Side Center(RC),24+ ft.,24,178,166,1,1,20180601,MIN,PHO,2018,1021800028394,17600,validated,201507,1,matched,playbyplayv2,1611661317,100944|101030|201480|202632|202658,complete,playbyplay_inferred,201067|201507|201886|203389|203398,complete,playbyplay_inferred,1611661317,Phoenix Mercury
Shot Chart Detail,1021800028,399,203389,Yvonne Turner,1611661324,Minnesota Lynx,3,0,8,Made Shot,Jump Shot,3PT Field Goal,Above the Break 3,Left Side Center(LC),16-24 ft.,23,-116,205,1,1,20180601,MIN,PHO,2018,1021800028399,17920,validated,,0,matched,playbyplayv2,1611661317,100944|101030|201480|202632|202658,complete,playbyplay_inferred,201067|201507|201886|203389|203398,complete,playbyplay_inferred,1611661317,Phoenix Mercury
Shot Chart Detail,1021800028,401,203398,Brittney Griner,1611661324,Minnesota Lynx,3,0,0,Missed Shot,Jump Shot,3PT Field Goal,Backcourt,Back Court(BC),Back Court Shot,67,-15,673,1,0,20180601,MIN,PHO,2018,1021800028401,18000,validated,,0,matched,playbyplayv2,1611661317,100944|101030|201480|202632|202658,complete,playbyplay_inferred,201067|201507|201886|203389|203398,complete,playbyplay_inferred,1611661317,Phoenix Mercury
Shot Chart Detail,1021800028,406,201886,DeWanna Bonner,1611661324,Minnesota Lynx,4,9,40,Missed Shot,Jump Shot,3PT Field Goal,Above the Break 3,Right Side Center(RC),16-24 ft.,23,86,219,1,0,20180601,MIN,PHO,2018,1021800028406,18200,validated,,0,matched,playbyplayv2,1611661317,100944|101030|201480|202632|202658,complete,playbyplay_inferred,201067|201507|201886|203389|203398,complete,playbyplay_inferred,1611661317,Phoenix Mercury
Shot Chart Detail,1021800028,421,100940,Diana Taurasi,1611661324,Minnesota Lynx,4,8,16,Made Shot,Jump Shot,3PT Field Goal,Above the Break 3,Center(C),16-24 ft.,23,-67,222,1,1,20180601,MIN,PHO,2018,1021800028421,19040,validated,201896,1,matched,playbyplayv2,1611661317,100944|101030|201480|202632|202658,complete,playbyplay_inferred,100940|201067|201886|201896|203398,complete,playbyplay_inferred,1611661317,Phoenix Mercury
Shot Chart Detail,1021800028,425,100940,Diana Taurasi,1611661324,Minnesota Lynx,4,7,43,Made Shot,Jump Shot,3PT Field Goal,Above the Break 3,Center(C),24+ ft.,23,-65,230,1,1,20180601,MIN,PHO,2018,1021800028425,19370,validated,201896,1,matched,playbyplayv2,1611661317,100944|101030|201480|202632|202658,complete,playbyplay_inferred,100940|201067|201886|201896|203398,complete,playbyplay_inferred,1611661317,Phoenix Mercury
Shot Chart Detail,1021800028,441,203398,Brittney Griner,1611661324,Minnesota Lynx,4,6,52,Missed Shot,Layup Shot,2PT Field Goal,Restricted Area,Center(C),Less Than 8 ft.,3,22,29,1,0,20180601,MIN,PHO,2018,1021800028441,19880,validated,,0,matched,playbyplayv2,1611661317,100915|100944|200671|201480|202632,complete,playbyplay_inferred,100940|201067|201886|201896|203398,complete,playbyplay_inferred,1611661317,Phoenix Mercury
Shot Chart Detail,1021800028,445,100940,Diana Taurasi,1611661324,Minnesota Lynx,4,6,35,Missed Shot,Jump Shot,3PT Field Goal,Above the Break 3,Center(C),16-24 ft.,23,61,226,1,0,20180601,MIN,PHO,2018,1021800028445,20050,validated,,0,matched,playbyplayv2,1611661317,100915|100944|200671|201480|202632,complete,playbyplay_inferred,100940|201067|201886|201896|203398,complete,playbyplay_inferred,1611661317,Phoenix Mercury
Shot Chart Detail,1021800028,456,203398,Brittney Griner,1611661324,Minnesota Lynx,4,5,59,Missed Shot,Jump Shot,2PT Field Goal,Mid-Range,Left Side(L),16-24 ft.,18,-175,59,1,0,20180601,MIN,PHO,2018,1021800028456,20410,validated,,0,matched,playbyplayv2,1611661317,100915|100944|200671|201480|202632,complete,playbyplay_inferred,100940|201067|201886|201896|203398,complete,playbyplay_inferred,1611661317,Phoenix Mercury
Shot Chart Detail,1021800028,468,201886,DeWanna Bonner,1611661324,Minnesota Lynx,4,5,11,Missed Shot,Turnaround Jump Shot,2PT Field Goal,Mid-Range,Right Side(R),8-16 ft.,13,112,82,1,0,20180601,MIN,PHO,2018,1021800028468,20890,validated,,0,matched,playbyplayv2,1611661317,100915|100944|200671|201480|202632,complete,playbyplay_inferred,100940|101023|201886|201896|203398,complete,playbyplay_inferred,1611661317,Phoenix Mercury
Shot Chart Detail,1021800028,475,201886,DeWanna Bonner,1611661324,Minnesota Lynx,4,4,32,Made Shot,Step Back Jump shot,2PT Field Goal,In The Paint (Non-RA),Center(C),8-16 ft.,12,-19,119,1,1,20180601,MIN,PHO,2018,1021800028475,21280,validated,,0,matched,playbyplayv2,1611661317,100915|100944|200671|201480|202632,complete,playbyplay_inferred,100940|101023|201886|201896|203398,complete,playbyplay_inferred,1611661317,Phoenix Mercury
Shot Chart Detail,1021800028,482,203398,Brittney Griner,1611661324,Minnesota Lynx,4,3,42,Missed Shot,Jump Shot,2PT Field Goal,Mid-Range,Right Side(R),8-16 ft.,14,145,33,1,0,20180601,MIN,PHO,2018,1021800028482,21780,validated,,0,matched,playbyplayv2,1611661317,100944|200671|201480|202632|202658,complete,playbyplay_inferred,100940|101023|201886|201896|203398,complete,playbyplay_inferred,1611661317,Phoenix Mercury
Shot Chart Detail,1021800028,509,100940,Diana Taurasi,1611661324,Minnesota Lynx,4,2,15,Missed Shot,Jump Shot,3PT Field Goal,Above the Break 3,Right Side(R),16-24 ft.,23,195,133,1,0,20180601,MIN,PHO,2018,1021800028509,22650,validated,,0,matched,playbyplayv2,1611661317,100915|101030|200671|201480|202632,complete,playbyplay_inferred,100940|101023|201886|201896|203398,complete,playbyplay_inferred,1611661317,Phoenix Mercury
Shot Chart Detail,1021800028,511,100940,Diana Taurasi,1611661324,Minnesota Lynx,4,2,6,Made Shot,Driving Layup Shot,2PT Field Goal,Restricted Area,Center(C),Less Than 8 ft.,1,2,10,1,1,20180601,MIN,PHO,2018,1021800028511,22740,validated,201886,1,matched,playbyplayv2,1611661317,100915|101030|200671|201480|202632,complete,playbyplay_inferred,100940|101023|201886|201896|203398,complete,playbyplay_inferred,1611661317,Phoenix Mercury
Shot Chart Detail,1021800028,522,203398,Brittney Griner,1611661324,Minnesota Lynx,4,1,31,Made Shot,Jump Shot,2PT Field Goal,In The Paint (Non-RA),Right Side(R),8-16 ft.,8,53,61,1,1,20180601,MIN,PHO,2018,1021800028522,23090,validated,100940,1,matched,playbyplayv2,1611661317,100915|101030|200671|201480|202632,complete,playbyplay_inferred,100940|101023|201886|201896|203398,complete,playbyplay_inferred,1611661317,Phoenix Mercury
Shot Chart Detail,1021800035,12,201496,Candace Parker,1611661324,Minnesota Lynx,1,9,16,Made Shot,Turnaround Hook Shot,2PT Field Goal,Restricted Area,Center(C),Less Than 8 ft.,2,0,23,1,1,20180603,LAS,MIN,2018,102180003512,440,validated,203014,1,matched,playbyplayv2,1611661320,100915|100944|200671|201480|202632,complete,playbyplay_inferred,100949|201496|203014|203824|203833,complete,playbyplay_inferred,1611661320,Los Angeles Sparks
Shot Chart Detail,1021800035,15,203833,Chelsea Gray,1611661324,Minnesota Lynx,1,8,55,Made Shot,Driving Layup Shot,2PT Field Goal,Restricted Area,Center(C),Less Than 8 ft.,1,9,11,1,1,20180603,LAS,MIN,2018,102180003515,650,validated,,0,matched,playbyplayv2,1611661320,100915|100944|200671|201480|202632,complete,playbyplay_inferred,100949|201496|203014|203824|203833,complete,playbyplay_inferred,1611661320,Los Angeles Sparks
Shot Chart Detail,1021800035,18,203014,Nneka Ogwumike,1611661324,Minnesota Lynx,1,8,14,Missed Shot,Driving Layup Shot,2PT Field Goal,Restricted Area,Center(C),Less Than 8 ft.,2,-15,21,1,0,20180603,LAS,MIN,2018,102180003518,1060,validated,,0,matched,playbyplayv2,1611661320,100915|100944|200671|201480|202632,complete,playbyplay_inferred,100949|201496|203014|203824|203833,complete,playbyplay_inferred,1611661320,Los Angeles Sparks
Shot Chart Detail,1021800035,23,201496,Candace Parker,1611661324,Minnesota Lynx,1,7,38,Made Shot,Jump Shot,3PT Field Goal,Above the Break 3,Right Side Center(RC),24+ ft.,24,172,168,1,1,20180603,LAS,MIN,2018,102180003523,1420,validated,,0,matched,playbyplayv2,1611661320,100915|100944|200671|201480|202632,complete,playbyplay_inferred,100949|201496|203014|203824|203833,complete,playbyplay_inferred,1611661320,Los Angeles Sparks
Shot Chart Detail,1021800035,29,203833,Chelsea Gray,1611661324,Minnesota Lynx,1,7,3,Made Shot,Jump Shot,2PT Field Goal,Mid-Range,Right Side Center(RC),16-24 ft.,19,143,135,1,1,20180603,LAS,MIN,2018,102180003529,1770,validated,203014,1,matched,playbyplayv2,1611661320,100915|100944|200671|201480|202632,complete,playbyplay_inferred,100949|201496|203014|203824|203833,complete,playbyplay_inferred,1611661320,Los Angeles Sparks
Shot Chart Detail,1021800035,37,100949,Alana Beard,1611661324,Minnesota Lynx,1,6,5,Made Shot,Driving Floating Bank Jump Shot,2PT Field Goal,Restricted Area,Center(C),Less Than 8 ft.,3,24,27,1,1,20180603,LAS,MIN,2018,102180003537,2350,validated,,0,matched,playbyplayv2,1611661320,100944|200671|201480|202632|202658,complete,playbyplay_inferred,100949|201496|203014|203824|203833,complete,playbyplay_inferred,1611661320,Los Angeles Sparks
Shot Chart Detail,1021800035,56,201496,Candace Parker,1611661324,Minnesota Lynx,1,4,59,Missed Shot,Step Back Jump shot,2PT Field Goal,Mid-Range,Right Side Center(RC),16-24 ft.,17,119,125,1,0,20180603,LAS,MIN,2018,102180003556,3010,validated,,0,matched,playbyplayv2,1611661320,100944|200671|202632|202658|1627701,complete,playbyplay_inferred,100949|201496|201502|203824|203833,complete,playbyplay_inferred,1611661320,Los Angeles Sparks
Shot Chart Detail,1021800035,60,203824,Odyssey Sims,1611661324,Minnesota Lynx,1,4,34,Missed Shot,Pullup Jump shot,2PT Field Goal,In The Paint (Non-RA),Center(C),8-16 ft.,11,31,108,1,0,20180603,LAS,MIN,2018,102180003560,3260,validated,,0,matched,playbyplayv2,1611661320,100944|200671|202632|202658|1627701,complete,playbyplay_inferred,100949|201496|201502|203824|203833,complete,playbyplay_inferred,1611661320,Los Angeles Sparks
Shot Chart Detail,1021800035,83,201502,Essence Carson,1611661324,Minnesota Lynx,1,3,23,Missed Shot,Jump Shot,3PT Field Goal,Above the Break 3,Left Side Center(LC),16-24 ft.,23,-158,176,1,0,20180603,LAS,MIN,2018,102180003583,3970,validated,,0,matched,playbyplayv2,1611661320,202632|202658|1627701|1628283|1628508,complete,playbyplay_inferred,100949|200665|201496|201502|203833,complete,playbyplay_inferred,1611661320,Los Angeles Sparks
Shot Chart Detail,1021800035,99,203029,Riquna Williams,1611661324,Minnesota Lynx,1,2,21,Missed Shot,Jump Shot,2PT Field Goal,In The Paint (Non-RA),Center(C),8-16 ft.,12,-53,118,1,0,20180603,LAS,MIN,2018,102180003599,4590,validated,,0,matched,playbyplayv2,1611661320,202632|202658|1627701|1628283|1628508,complete,playbyplay_inferred,100949|201496|201502|203029|203824,complete,playbyplay_inferred,1611661320,Los Angeles Sparks
Shot Chart Detail,1021800035,104,201496,Candace Parker,1611661324,Minnesota Lynx,1,1,55,Missed Shot,Layup Shot,2PT Field Goal,Restricted Area,Center(C),Less Than 8 ft.,3,-32,15,1,0,20180603,LAS,MIN,2018,1021800035104,4850,validated,,0,matched,playbyplayv2,1611661320,202632|202658|1627701|1628283|1628508,complete,playbyplay_inferred,100949|201496|201502|203029|203824,complete,playbyplay_inferred,1611661320,Los Angeles Sparks
Shot Chart Detail,1021800035,106,201496,Candace Parker,1611661324,Minnesota Lynx,1,1,49,Made Shot,Layup Shot,2PT Field Goal,Restricted Area,Center(C),Less Than 8 ft.,2,-9,22,1,1,20180603,LAS,MIN,2018,1021800035106,4910,validated,,0,matched,playbyplayv2,1611661320,202632|202658|1627701|1628283|1628508,complete,playbyplay_inferred,100949|201496|201502|203029|203824,complete,playbyplay_inferred,1611661320,Los Angeles Sparks
Shot Chart Detail,1021800035,115,201496,Candace Parker,1611661324,Minnesota Lynx,1,1,11,Made Shot,Floating Jump shot,2PT Field Goal,Restricted Area,Center(C),Less Than 8 ft.,2,-14,15,1,1,20180603,LAS,MIN,2018,1021800035115,5290,validated,,0,matched,playbyplayv2,1611661320,200671|202632|1627701|1628283|1628508,complete,playbyplay_inferred,100949|201496|201502|203029|203824,complete,playbyplay_inferred,1611661320,Los Angeles Sparks
Shot Chart Detail,1021800035,118,201496,Candace Parker,1611661324,Minnesota Lynx,1,0,51,Made Shot,Running Jump Shot,2PT Field Goal,In The Paint (Non-RA),Center(C),8-16 ft.,8,11,87,1,1,20180603,LAS,MIN,2018,1021800035118,5490,validated,,0,matched,playbyplayv2,1611661320,200671|202632|1627701|1628283|1628508,complete,playbyplay_inferred,100949|201496|201502|203029|203824,complete,playbyplay_inferred,1611661320,Los Angeles Sparks
Shot Chart Detail,1021800035,121,201496,Candace Parker,1611661324,Minnesota Lynx,1,0,12,Missed Shot,Driving Floating Bank Jump Shot,2PT Field Goal,In The Paint (Non-RA),Center(C),Less Than 8 ft.,7,-69,29,1,0,20180603,LAS,MIN,2018,1021800035121,5880,validated,,0,matched,playbyplayv2,1611661320,200671|202632|1627701|1628283|1628508,complete,playbyplay_inferred,100949|201496|201502|203029|203824,complete,playbyplay_inferred,1611661320,Los Angeles Sparks
Shot Chart Detail,1021800035,139,202650,Jantel Lavender,1611661324,Minnesota Lynx,2,9,5,Made Shot,Jump Shot,2PT Field Goal,Mid-Range,Center(C),16-24 ft.,18,-6,180,1,1,20180603,LAS,MIN,2018,1021800035139,6550,validated,201502,1,matched,playbyplayv2,1611661320,200671|201480|202632|1628283|1628508,complete,playbyplay_inferred,100949|201502|202650|203824|203833,complete,playbyplay_inferred,1611661320,Los Angeles Sparks
Shot Chart Detail,1021800035,143,203833,Chelsea Gray,1611661324,Minnesota Lynx,2,8,33,Missed Shot,Jump Shot,3PT Field Goal,Above the Break 3,Left Side Center(LC),24+ ft.,24,-86,227,1,0,20180603,LAS,MIN,2018,1021800035143,6870,validated,,0,matched,playbyplayv2,1611661320,200671|201480|202632|1628283|1628508,complete,playbyplay_inferred,100949|201502|202650|203824|203833,complete,playbyplay_inferred,1611661320,Los Angeles Sparks
Shot Chart Detail,1021800035,146,203824,Odyssey Sims,1611661324,Minnesota Lynx,2,8,7,Made Shot,Layup Shot,2PT Field Goal,Restricted Area,Center(C),Less Than 8 ft.,1,-14,12,1,1,20180603,LAS,MIN,2018,1021800035146,7130,validated,203833,1,matched,playbyplayv2,1611661320,200671|201480|202632|1628283|1628508,complete,playbyplay_inferred,100949|201502|202650|203824|203833,complete,playbyplay_inferred,1611661320,Los Angeles Sparks
Shot Chart Detail,1021800035,171,203833,Chelsea Gray,1611661324,Minnesota Lynx,2,7,16,Made Shot,Jump Shot,2PT Field Goal,Mid-Range,Right Side(R),16-24 ft.,18,180,1,1,1,20180603,LAS,MIN,2018,1021800035171,7640,validated,200665,1,matched,playbyplayv2,1611661320,100944|200671|201480|1628283|1628508,complete,playbyplay_inferred,200665|201496|203014|203824|203833,complete,playbyplay_inferred,1611661320,Los Angeles Sparks
Shot Chart Detail,1021800035,175,200665,Cappie Pondexter,1611661324,Minnesota Lynx,2,6,45,Missed Shot,Jump Shot,2PT Field Goal,Mid-Range,Center(C),8-16 ft.,15,19,155,1,0,20180603,LAS,MIN,2018,1021800035175,7950,validated,,0,matched,playbyplayv2,1611661320,100944|200671|201480|1628283|1628508,complete,playbyplay_inferred,200665|201496|203014|203824|203833,complete,playbyplay_inferred,1611661320,Los Angeles Sparks
Shot Chart Detail,1021800035,179,203833,Chelsea Gray,1611661324,Minnesota Lynx,2,6,9,Missed Shot,Turnaround Fadeaway shot,2PT Field Goal,In The Paint (Non-RA),Center(C),8-16 ft.,9,30,95,1,0,20180603,LAS,MIN,2018,1021800035179,8310,validated,,0,matched,playbyplayv2,1611661320,100944|200671|201480|1628283|1628508,complete,playbyplay_inferred,200665|201496|203014|203824|203833,complete,playbyplay_inferred,1611661320,Los Angeles Sparks
Shot Chart Detail,1021800035,192,200665,Cappie Pondexter,1611661324,Minnesota Lynx,2,5,33,Missed Shot,Layup Shot,2PT Field Goal,Restricted Area,Center(C),Less Than 8 ft.,2,19,13,1,0,20180603,LAS,MIN,2018,1021800035192,8670,validated,,0,matched,playbyplayv2,1611661320,100944|201480|202632|1628283|1628508,complete,playbyplay_inferred,100949|200665|201496|203014|203833,complete,playbyplay_inferred,1611661320,Los Angeles Sparks
Shot Chart Detail,1021800035,201,203833,Chelsea Gray,1611661324,Minnesota Lynx,2,5,2,Made Shot,Pullup Jump shot,2PT Field Goal,Mid-Range,Right Side Center(RC),16-24 ft.,17,118,133,1,1,20180603,LAS,MIN,2018,1021800035201,8980,validated,201496,1,matched,playbyplayv2,1611661320,100944|201480|202632|1628283|1628508,complete,playbyplay_inferred,100949|201496|203014|203824|203833,complete,playbyplay_inferred,1611661320,Los Angeles Sparks
Shot Chart Detail,1021800035,204,201496,Candace Parker,1611661324,Minnesota Lynx,2,4,32,Made Shot,Cutting Layup Shot,2PT Field Goal,Restricted Area,Center(C),Less Than 8 ft.,1,-15,13,1,1,20180603,LAS,MIN,2018,1021800035204,9280,validated,100949,1,matched,playbyplayv2,1611661320,100944|201480|202632|1628283|1628508,complete,playbyplay_inferred,100949|201496|203014|203824|203833,complete,playbyplay_inferred,1611661320,Los Angeles Sparks
Shot Chart Detail,1021800035,209,203824,Odyssey Sims,1611661324,Minnesota Lynx,2,3,58,Missed Shot,Jump Shot,3PT Field Goal,Above the Break 3,Right Side Center(RC),24+ ft.,23,219,98,1,0,20180603,LAS,MIN,2018,1021800035209,9620,validated,,0,matched,playbyplayv2,1611661320,100944|201480|202632|1628283|1628508,complete,playbyplay_inferred,100949|201496|203014|203824|203833,complete,playbyplay_inferred,1611661320,Los Angeles Sparks
Shot Chart Detail,1021800035,213,100949,Alana Beard,1611661324,Minnesota Lynx,2,3,16,Missed Shot,Jump Shot,2PT Field Goal,Mid-Range,Right Side(R),16-24 ft.,18,168,87,1,0,20180603,LAS,MIN,2018,1021800035213,10040,validated,,0,matched,playbyplayv2,1611661320,100944|201480|202632|1628283|1628508,complete,playbyplay_inferred,100949|201496|203014|203824|203833,complete,playbyplay_inferred,1611661320,Los Angeles Sparks
Shot Chart Detail,1021800035,219,201496,Candace Parker,1611661324,Minnesota Lynx,2,2,56,Missed Shot,Turnaround Hook Shot,2PT Field Goal,In The Paint (Non-RA),Center(C),Less Than 8 ft.,4,-42,17,1,0,20180603,LAS,MIN,2018,1021800035219,10240,validated,,0,matched,playbyplayv2,1611661320,201480|202632|202658|1628283|1628508,complete,playbyplay_inferred,100949|201496|203014|203824|203833,complete,playbyplay_inferred,1611661320,Los Angeles Sparks
Shot Chart Detail,1021800035,226,203014,Nneka Ogwumike,1611661324,Minnesota Lynx,2,2,10,Made Shot,Cutting Layup Shot,2PT Field Goal,Restricted Area,Center(C),Less Than 8 ft.,1,-3,12,1,1,20180603,LAS,MIN,2018,1021800035226,10700,validated,203833,1,matched,playbyplayv2,1611661320,201480|202632|202658|1628283|1628508,complete,playbyplay_inferred,100949|201496|203014|203824|203833,complete,playbyplay_inferred,1611661320,Los Angeles Sparks
Shot Chart Detail,1021800035,231,203833,Chelsea Gray,1611661324,Minnesota Lynx,2,1,26,Made Shot,Turnaround Jump Shot,2PT Field Goal,Restricted Area,Center(C),Less Than 8 ft.,2,-5,26,1,1,20180603,LAS,MIN,2018,1021800035231,11140,validated,,0,matched,playbyplayv2,1611661320,201480|202632|202658|1628283|1628508,complete,playbyplay_inferred,100949|201496|203014|203029|203833,complete,playbyplay_inferred,1611661320,Los Angeles Sparks
Shot Chart Detail,1021800035,234,201496,Candace Parker,1611661324,Minnesota Lynx,2,1,0,Made Shot,Jump Bank Shot,2PT Field Goal,Mid-Range,Center(C),16-24 ft.,21,-52,211,1,1,20180603,LAS,MIN,2018,1021800035234,11400,validated,203833,1,matched,playbyplayv2,1611661320,201480|202632|202658|1628283|1628508,complete,playbyplay_inferred,100949|201496|203014|203029|203833,complete,playbyplay_inferred,1611661320,Los Angeles Sparks
Shot Chart Detail,1021800035,248,203833,Chelsea Gray,1611661324,Minnesota Lynx,2,0,11,Missed Shot,Step Back Jump shot,2PT Field Goal,Mid-Range,Right Side Center(RC),16-24 ft.,16,131,96,1,0,20180603,LAS,MIN,2018,1021800035248,11890,validated,,0,matched,playbyplayv2,1611661320,100915|202632|1627701|1628283|1628508,complete,playbyplay_inferred,100949|201496|203014|203029|203833,complete,playbyplay_inferred,1611661320,Los Angeles Sparks
Shot Chart Detail,1021800035,250,201496,Candace Parker,1611661324,Minnesota Lynx,2,0,7,Made Shot,Layup Shot,2PT Field Goal,Restricted Area,Center(C),Less Than 8 ft.,2,-22,12,1,1,20180603,LAS,MIN,2018,1021800035250,11930,validated,,0,matched,playbyplayv2,1611661320,100915|202632|1627701|1628283|1628508,complete,playbyplay_inferred,100949|201496|203014|203029|203833,complete,playbyplay_inferred,1611661320,Los Angeles Sparks
Shot Chart Detail,1021800035,283,201496,Candace Parker,1611661324,Minnesota Lynx,3,8,42,Missed Shot,Jump Shot,3PT Field Goal,Above the Break 3,Center(C),16-24 ft.,23,-2,235,1,0,20180603,LAS,MIN,2018,1021800035283,12780,validated,,0,matched,playbyplayv2,1611661320,100915|100944|200671|201480|202632,complete,playbyplay_inferred,100949|201496|203014|203824|203833,complete,playbyplay_inferred,1611661320,Los Angeles Sparks
Shot Chart Detail,1021800035,289,203824,Odyssey Sims,1611661324,Minnesota Lynx,3,8,14,Missed Shot,Jump Shot,3PT Field Goal,Above the Break 3,Left Side Center(LC),24+ ft.,25,-134,217,1,0,20180603,LAS,MIN,2018,1021800035289,13060,validated,,0,matched,playbyplayv2,1611661320,100915|100944|200671|201480|202632,complete,playbyplay_inferred,100949|201496|203014|203824|203833,complete,playbyplay_inferred,1611661320,Los Angeles Sparks
Shot Chart Detail,1021800035,292,203833,Chelsea Gray,1611661324,Minnesota Lynx,3,7,51,Missed Shot,Driving Layup Shot,2PT Field Goal,In The Paint (Non-RA),Center(C),Less Than 8 ft.,6,-24,65,1,0,20180603,LAS,MIN,2018,1021800035292,13290,validated,,0,matched,playbyplayv2,1611661320,100915|100944|200671|201480|202632,complete,playbyplay_inferred,100949|201496|203014|203824|203833,complete,playbyplay_inferred,1611661320,Los Angeles Sparks
Shot Chart Detail,1021800035,304,100949,Alana Beard,1611661324,Minnesota Lynx,3,7,28,Made Shot,Pullup Jump shot,2PT Field Goal,Mid-Range,Right Side(R),16-24 ft.,16,159,22,1,1,20180603,LAS,MIN,2018,1021800035304,13520,validated,,0,matched,playbyplayv2,1611661320,100915|100944|200671|201480|202632,complete,playbyplay_inferred,100949|201502|203014|203029|203824,complete,playbyplay_inferred,1611661320,Los Angeles Sparks
Shot Chart Detail,1021800035,308,203824,Odyssey Sims,1611661324,Minnesota Lynx,3,7,1,Made Shot,Pullup Jump shot,2PT Field Goal,Mid-Range,Left Side Center(LC),16-24 ft.,16,-124,104,1,1,20180603,LAS,MIN,2018,1021800035308,13790,validated,,0,matched,playbyplayv2,1611661320,100915|100944|200671|201480|202632,complete,playbyplay_inferred,100949|201502|203014|203029|203824,complete,playbyplay_inferred,1611661320,Los Angeles Sparks
Shot Chart Detail,1021800035,317,203014,Nneka Ogwumike,1611661324,Minnesota Lynx,3,6,32,Made Shot,Jump Bank Shot,2PT Field Goal,In The Paint (Non-RA),Center(C),Less Than 8 ft.,4,39,13,1,1,20180603,LAS,MIN,2018,1021800035317,14080,validated,203029,1,matched,playbyplayv2,1611661320,100944|200671|201480|202632|202658,complete,playbyplay_inferred,100949|201502|203014|203029|203824,complete,playbyplay_inferred,1611661320,Los Angeles Sparks
Shot Chart Detail,1021800035,322,203029,Riquna Williams,1611661324,Minnesota Lynx,3,5,53,Missed Shot,Jump Shot,3PT Field Goal,Above the Break 3,Left Side Center(LC),24+ ft.,25,-151,210,1,0,20180603,LAS,MIN,2018,1021800035322,14470,validated,,0,matched,playbyplayv2,1611661320,100944|200671|201480|202632|202658,complete,playbyplay_inferred,100949|201502|203014|203029|203824,complete,playbyplay_inferred,1611661320,Los Angeles Sparks
Shot Chart Detail,1021800035,325,203824,Odyssey Sims,1611661324,Minnesota Lynx,3,5,18,Made Shot,Driving Floating Bank Jump Shot,2PT Field Goal,In The Paint (Non-RA),Center(C),8-16 ft.,9,-23,95,1,1,20180603,LAS,MIN,2018,1021800035325,14820,validated,,0,matched,playbyplayv2,1611661320,100944|200671|201480|202632|202658,complete,playbyplay_inferred,100949|201502|203014|203029|203824,complete,playbyplay_inferred,1611661320,Los Angeles Sparks
Shot Chart Detail,1021800035,329,203824,Odyssey Sims,1611661324,Minnesota Lynx,3,4,36,Missed Shot,Driving Floating Jump Shot,2PT Field Goal,Restricted Area,Center(C),Less Than 8 ft.,3,-29,15,1,0,20180603,LAS,MIN,2018,1021800035329,15240,validated,,0,matched,playbyplayv2,1611661320,100944|200671|201480|202632|202658,complete,playbyplay_inferred,100949|201502|203014|203029|203824,complete,playbyplay_inferred,1611661320,Los Angeles Sparks
Shot Chart Detail,1021800035,342,203029,Riquna Williams,1611661324,Minnesota Lynx,3,4,4,Made Shot,Pullup Jump shot,2PT Field Goal,Mid-Range,Center(C),8-16 ft.,15,38,148,1,1,20180603,LAS,MIN,2018,1021800035342,15560,validated,,0,matched,playbyplayv2,1611661320,100944|202632|202658|1627701|1628283,complete,playbyplay_inferred,100949|201502|203014|203029|203824,complete,playbyplay_inferred,1611661320,Los Angeles Sparks
Shot Chart Detail,1021800035,344,203014,Nneka Ogwumike,1611661324,Minnesota Lynx,3,3,29,Made Shot,Cutting Layup Shot,2PT Field Goal,Restricted Area,Center(C),Less Than 8 ft.,2,21,6,1,1,20180603,LAS,MIN,2018,1021800035344,15910,validated,100949,1,matched,playbyplayv2,1611661320,100944|202632|202658|1627701|1628283,complete,playbyplay_inferred,100949|201502|203014|203029|203824,complete,playbyplay_inferred,1611661320,Los Angeles Sparks
Shot Chart Detail,1021800035,351,203029,Riquna Williams,1611661324,Minnesota Lynx,3,3,4,Missed Shot,Jump Shot,3PT Field Goal,Above the Break 3,Left Side(L),24+ ft.,22,-223,52,1,0,20180603,LAS,MIN,2018,1021800035351,16160,validated,,0,matched,playbyplayv2,1611661320,202632|202658|1627701|1628283|1628508,complete,playbyplay_inferred,100949|201502|203014|203029|203824,complete,playbyplay_inferred,1611661320,Los Angeles Sparks
Shot Chart Detail,1021800035,355,203824,Odyssey Sims,1611661324,Minnesota Lynx,3,2,20,Made Shot,Driving Floating Jump Shot,2PT Field Goal,In The Paint (Non-RA),Center(C),8-16 ft.,8,25,86,1,1,20180603,LAS,MIN,2018,1021800035355,16600,validated,,0,matched,playbyplayv2,1611661320,202632|202658|1627701|1628283|1628508,complete,playbyplay_inferred,100949|201502|203014|203029|203824,complete,playbyplay_inferred,1611661320,Los Angeles Sparks
Shot Chart Detail,1021800035,364,203014,Nneka Ogwumike,1611661324,Minnesota Lynx,3,1,20,Missed Shot,Turnaround Hook Shot,2PT Field Goal,In The Paint (Non-RA),Center(C),Less Than 8 ft.,4,32,25,1,0,20180603,LAS,MIN,2018,1021800035364,17200,validated,,0,matched,playbyplayv2,1611661320,200671|202658|1627701|1628283|1628508,complete,playbyplay_inferred,201502|203014|203029|203824|203833,complete,playbyplay_inferred,1611661320,Los Angeles Sparks
Shot Chart Detail,1021800035,368,203824,Odyssey Sims,1611661324,Minnesota Lynx,3,0,45,Missed Shot,Driving Layup Shot,2PT Field Goal,In The Paint (Non-RA),Center(C),Less Than 8 ft.,5,-23,50,1,0,20180603,LAS,MIN,2018,1021800035368,17550,validated,,0,matched,playbyplayv2,1611661320,200671|202658|1627701|1628283|1628508,complete,playbyplay_inferred,201502|203014|203029|203824|203833,complete,playbyplay_inferred,1611661320,Los Angeles Sparks
Shot Chart Detail,1021800035,372,203029,Riquna Williams,1611661324,Minnesota Lynx,3,0,17,Missed Shot,Jump Shot,3PT Field Goal,Above the Break 3,Left Side Center(LC),24+ ft.,24,-123,216,1,0,20180603,LAS,MIN,2018,1021800035372,17830,validated,,0,matched,playbyplayv2,1611661320,200671|202658|1627701|1628283|1628508,complete,playbyplay_inferred,201502|203014|203029|203824|203833,complete,playbyplay_inferred,1611661320,Los Angeles Sparks
Shot Chart Detail,1021800035,376,203014,Nneka Ogwumike,1611661324,Minnesota Lynx,3,0,1,Missed Shot,Jump Shot,3PT Field Goal,Backcourt,Back Court(BC),Back Court Shot,46,-23,469,1,0,20180603,LAS,MIN,2018,1021800035376,17990,validated,,0,matched,playbyplayv2,1611661320,200671|202658|1627701|1628283|1628508,complete,playbyplay_inferred,201502|203014|203029|203824|203833,complete,playbyplay_inferred,1611661320,Los Angeles Sparks
Shot Chart Detail,1021800035,392,203824,Odyssey Sims,1611661324,Minnesota Lynx,4,9,0,Made Shot,Jump Shot,3PT Field Goal,Above the Break 3,Left Side Center(LC),24+ ft.,25,-125,217,1,1,20180603,LAS,MIN,2018,1021800035392,18600,validated,203833,1,matched,playbyplayv2,1611661320,200671|201480|202632|202658|1628283,complete,playbyplay_inferred,201502|203014|203029|203824|203833,complete,playbyplay_inferred,1611661320,Los Angeles Sparks
Shot Chart Detail,1021800035,409,201496,Candace Parker,1611661324,Minnesota Lynx,4,7,37,Made Shot,Step Back Jump shot,2PT Field Goal,Mid-Range,Left Side Center(LC),16-24 ft.,17,-107,136,1,1,20180603,LAS,MIN,2018,1021800035409,19430,validated,,0,matched,playbyplayv2,1611661320,200671|201480|202632|202658|1628283,complete,playbyplay_inferred,100949|201496|201502|203824|203833,complete,playbyplay_inferred,1611661320,Los Angeles Sparks
Shot Chart Detail,1021800035,413,100949,Alana Beard,1611661324,Minnesota Lynx,4,7,1,Missed Shot,Driving Layup Shot,2PT Field Goal,Restricted Area,Center(C),Less Than 8 ft.,1,-9,14,1,0,20180603,LAS,MIN,2018,1021800035413,19790,validated,,0,matched,playbyplayv2,1611661320,200671|201480|202632|202658|1628283,complete,playbyplay_inferred,100949|201496|201502|203824|203833,complete,playbyplay_inferred,1611661320,Los Angeles Sparks
Shot Chart Detail,1021800035,416,201502,Essence Carson,1611661324,Minnesota Lynx,4,6,40,Made Shot,Pullup Jump shot,2PT Field Goal,Mid-Range,Right Side Center(RC),16-24 ft.,19,98,163,1,1,20180603,LAS,MIN,2018,1021800035416,20000,validated,203833,1,matched,playbyplayv2,1611661320,200671|201480|202632|202658|1628283,complete,playbyplay_inferred,100949|201496|201502|203824|203833,complete,playbyplay_inferred,1611661320,Los Angeles Sparks
Shot Chart Detail,1021800035,421,201496,Candace Parker,1611661324,Minnesota Lynx,4,5,58,Missed Shot,Step Back Jump shot,2PT Field Goal,Mid-Range,Left Side Center(LC),16-24 ft.,20,-121,163,1,0,20180603,LAS,MIN,2018,1021800035421,20420,validated,,0,matched,playbyplayv2,1611661320,200671|201480|202632|202658|1628283,complete,playbyplay_inferred,100949|201496|201502|203824|203833,complete,playbyplay_inferred,1611661320,Los Angeles Sparks
Shot Chart Detail,1021800035,430,203014,Nneka Ogwumike,1611661324,Minnesota Lynx,4,5,24,Missed Shot,Cutting Layup Shot,2PT Field Goal,Restricted Area,Center(C),Less Than 8 ft.,1,-12,12,1,0,20180603,LAS,MIN,2018,1021800035430,20760,validated,,0,matched,playbyplayv2,1611661320,200671|201480|202632|202658|1628283,complete,playbyplay_inferred,100949|201496|203014|203824|203833,complete,playbyplay_inferred,1611661320,Los Angeles Sparks
Shot Chart Detail,1021800035,433,203833,Chelsea Gray,1611661324,Minnesota Lynx,4,4,50,Made Shot,Jump Shot,3PT Field Goal,Above the Break 3,Center(C),24+ ft.,23,-35,237,1,1,20180603,LAS,MIN,2018,1021800035433,21100,validated,201496,1,matched,playbyplayv2,1611661320,200671|201480|202632|202658|1628283,complete,playbyplay_inferred,100949|201496|203014|203824|203833,complete,playbyplay_inferred,1611661320,Los Angeles Sparks
Shot Chart Detail,1021800035,441,100949,Alana Beard,1611661324,Minnesota Lynx,4,4,12,Made Shot,Jump Shot,2PT Field Goal,In The Paint (Non-RA),Right Side(R),8-16 ft.,8,64,49,1,1,20180603,LAS,MIN,2018,1021800035441,21480,validated,203833,1,matched,playbyplayv2,1611661320,200671|201480|202632|202658|1628283,complete,playbyplay_inferred,100949|201496|203014|203824|203833,complete,playbyplay_inferred,1611661320,Los Angeles Sparks
Shot Chart Detail,1021800035,445,203014,Nneka Ogwumike,1611661324,Minnesota Lynx,4,3,39,Made Shot,Layup Shot,2PT Field Goal,Restricted Area,Center(C),Less Than 8 ft.,2,20,12,1,1,20180603,LAS,MIN,2018,1021800035445,21810,validated,100949,1,matched,playbyplayv2,1611661320,200671|201480|202632|202658|1628283,complete,playbyplay_inferred,100949|201496|203014|203824|203833,complete,playbyplay_inferred,1611661320,Los Angeles Sparks
Shot Chart Detail,1021800035,458,203014,Nneka Ogwumike,1611661324,Minnesota Lynx,4,2,22,Made Shot,Hook Shot,2PT Field Goal,In The Paint (Non-RA),Center(C),Less Than 8 ft.,6,-4,60,1,1,20180603,LAS,MIN,2018,1021800035458,22580,validated,201496,1,matched,playbyplayv2,1611661320,200671|201480|202632|202658|1628283,complete,playbyplay_inferred,100949|201496|203014|203824|203833,complete,playbyplay_inferred,1611661320,Los Angeles Sparks
Shot Chart Detail,1021800035,462,203833,Chelsea Gray,1611661324,Minnesota Lynx,4,1,43,Missed Shot,Turnaround Fadeaway shot,2PT Field Goal,In The Paint (Non-RA),Center(C),8-16 ft.,10,-47,93,1,0,20180603,LAS,MIN,2018,1021800035462,22970,validated,,0,matched,playbyplayv2,1611661320,200671|201480|202632|202658|1628283,complete,playbyplay_inferred,100949|201496|203014|203824|203833,complete,playbyplay_inferred,1611661320,Los Angeles Sparks
Shot Chart Detail,1021800035,478,203014,Nneka Ogwumike,1611661324,Minnesota Lynx,4,0,52,Missed Shot,Jump Shot,3PT Field Goal,Above the Break 3,Left Side Center(LC),24+ ft.,24,-96,223,1,0,20180603,LAS,MIN,2018,1021800035478,23480,validated,,0,matched,playbyplayv2,1611661320,201480|202632|202658|1628283|1628508,complete,playbyplay_inferred,100949|201496|203014|203824|203833,complete,playbyplay_inferred,1611661320,Los Angeles Sparks
Shot Chart Detail,1021800035,480,100949,Alana Beard,1611661324,Minnesota Lynx,4,0,35,Made Shot,Jump Shot,2PT Field Goal,Mid-Range,Left Side(L),16-24 ft.,19,-195,35,1,1,20180603,LAS,MIN,2018,1021800035480,23650,validated,203824,1,matched,playbyplayv2,1611661320,201480|202632|202658|1628283|1628508,complete,playbyplay_inferred,100949|201496|203014|203824|203833,complete,playbyplay_inferred,1611661320,Los Angeles Sparks
Shot Chart Detail,1021800040,7,1628878,Ariel Atkins,1611661324,Minnesota Lynx,1,9,39,Made Shot,Pullup Jump shot,2PT Field Goal,Mid-Range,Center(C),16-24 ft.,16,27,159,1,1,20180607,WAS,MIN,2018,10218000407,210,validated,,0,matched,playbyplayv2,1611661322,100915|100944|200671|201480|202632,complete,playbyplay_inferred,201506|201911|203399|204333|1628878,complete,playbyplay_inferred,1611661322,Washington Mystics
Shot Chart Detail,1021800040,13,201506,LaToya Sanders,1611661324,Minnesota Lynx,1,9,2,Made Shot,Jump Shot,2PT Field Goal,Mid-Range,Right Side(R),8-16 ft.,11,119,11,1,1,20180607,WAS,MIN,2018,102180004013,580,validated,204333,1,matched,playbyplayv2,1611661322,100915|100944|200671|201480|202632,complete,playbyplay_inferred,201506|201911|203399|204333|1628878,complete,playbyplay_inferred,1611661322,Washington Mystics
Shot Chart Detail,1021800040,16,1628878,Ariel Atkins,1611661324,Minnesota Lynx,1,8,41,Made Shot,Driving Layup Shot,2PT Field Goal,Restricted Area,Center(C),Less Than 8 ft.,2,-22,1,1,1,20180607,WAS,MIN,2018,102180004016,790,validated,201911,1,matched,playbyplayv2,1611661322,100915|100944|200671|201480|202632,complete,playbyplay_inferred,201506|201911|203399|204333|1628878,complete,playbyplay_inferred,1611661322,Washington Mystics
Shot Chart Detail,1021800040,19,201911,Kristi Toliver,1611661324,Minnesota Lynx,1,8,33,Made Shot,Pullup Jump shot,2PT Field Goal,Mid-Range,Left Side(L),8-16 ft.,14,-141,9,1,1,20180607,WAS,MIN,2018,102180004019,870,validated,,0,matched,playbyplayv2,1611661322,100915|100944|200671|201480|202632,complete,playbyplay_inferred,201506|201911|203399|204333|1628878,complete,playbyplay_inferred,1611661322,Washington Mystics
Shot Chart Detail,1021800040,27,204333,Natasha Cloud,1611661324,Minnesota Lynx,1,7,56,Made Shot,Driving Layup Shot,2PT Field Goal,Restricted Area,Center(C),Less Than 8 ft.,1,15,13,1,1,20180607,WAS,MIN,2018,102180004027,1240,validated,,0,matched,playbyplayv2,1611661322,100915|100944|200671|201480|202632,complete,playbyplay_inferred,201506|201911|203399|204333|1628878,complete,playbyplay_inferred,1611661322,Washington Mystics
Shot Chart Detail,1021800040,30,204333,Natasha Cloud,1611661324,Minnesota Lynx,1,7,21,Made Shot,Jump Shot,3PT Field Goal,Above the Break 3,Left Side(L),24+ ft.,22,-223,56,1,1,20180607,WAS,MIN,2018,102180004030,1590,validated,201506,1,matched,playbyplayv2,1611661322,100915|100944|200671|201480|202632,complete,playbyplay_inferred,201506|201911|203399|204333|1628878,complete,playbyplay_inferred,1611661322,Washington Mystics
Shot Chart Detail,1021800040,44,204333,Natasha Cloud,1611661324,Minnesota Lynx,1,6,43,Missed Shot,Pullup Jump shot,2PT Field Goal,Mid-Range,Center(C),16-24 ft.,16,-23,160,1,0,20180607,WAS,MIN,2018,102180004044,1970,validated,,0,matched,playbyplayv2,1611661322,100944|101030|201480|202632|202658,complete,playbyplay_inferred,201506|201911|203399|204333|1628878,complete,playbyplay_inferred,1611661322,Washington Mystics
Shot Chart Detail,1021800040,48,1628878,Ariel Atkins,1611661324,Minnesota Lynx,1,6,29,Missed Shot,Jump Shot,2PT Field Goal,Mid-Range,Left Side Center(LC),16-24 ft.,16,-126,111,1,0,20180607,WAS,MIN,2018,102180004048,2110,validated,,0,matched,playbyplayv2,1611661322,100944|101030|201480|202632|202658,complete,playbyplay_inferred,201506|201911|203399|204333|1628878,complete,playbyplay_inferred,1611661322,Washington Mystics
Shot Chart Detail,1021800040,72,1628899,Myisha Hines-Allen,1611661324,Minnesota Lynx,1,5,0,Made Shot,Pullup Jump shot,2PT Field Goal,Mid-Range,Left Side Center(LC),16-24 ft.,17,-69,159,1,1,20180607,WAS,MIN,2018,102180004072,3000,validated,,0,matched,playbyplayv2,1611661322,100944|101030|201480|202632|202658,complete,playbyplay_inferred,201911|203403|203437|1628878|1628899,complete,playbyplay_inferred,1611661322,Washington Mystics
Shot Chart Detail,1021800040,79,201911,Kristi Toliver,1611661324,Minnesota Lynx,1,4,17,Made Shot,Step Back Jump shot,3PT Field Goal,Above the Break 3,Right Side Center(RC),24+ ft.,26,127,231,1,1,20180607,WAS,MIN,2018,102180004079,3430,validated,,0,matched,playbyplayv2,1611661322,100944|101030|201480|202632|202658,complete,playbyplay_inferred,200673|201911|203403|203437|1628899,complete,playbyplay_inferred,1611661322,Washington Mystics
Shot Chart Detail,1021800040,82,203437,Tierra Ruffin-Pratt,1611661324,Minnesota Lynx,1,3,47,Missed Shot,Jump Shot,3PT Field Goal,Above the Break 3,Right Side(R),24+ ft.,23,231,62,1,0,20180607,WAS,MIN,2018,102180004082,3730,validated,,0,matched,playbyplayv2,1611661322,100944|101030|201480|202632|202658,complete,playbyplay_inferred,200673|201911|203403|203437|1628899,complete,playbyplay_inferred,1611661322,Washington Mystics
Shot Chart Detail,1021800040,92,203403,Tianna Hawkins,1611661324,Minnesota Lynx,1,3,18,Made Shot,Reverse Layup Shot,2PT Field Goal,Restricted Area,Center(C),Less Than 8 ft.,1,16,3,1,1,20180607,WAS,MIN,2018,102180004092,4020,validated,1628899,1,matched,playbyplayv2,1611661322,101030|201480|202632|202658|1628283,complete,playbyplay_inferred,200673|203403|203437|204333|1628899,complete,playbyplay_inferred,1611661322,Washington Mystics
Shot Chart Detail,1021800040,102,1628899,Myisha Hines-Allen,1611661324,Minnesota Lynx,1,2,37,Missed Shot,Jump Shot,2PT Field Goal,Mid-Range,Right Side(R),8-16 ft.,15,149,52,1,0,20180607,WAS,MIN,2018,1021800040102,4430,validated,,0,matched,playbyplayv2,1611661322,200671|201480|202632|202658|1628283,complete,playbyplay_inferred,200673|203403|203437|204333|1628899,complete,playbyplay_inferred,1611661322,Washington Mystics
Shot Chart Detail,1021800040,104,204333,Natasha Cloud,1611661324,Minnesota Lynx,1,2,31,Missed Shot,Jump Shot,2PT Field Goal,In The Paint (Non-RA),Center(C),Less Than 8 ft.,6,-46,47,1,0,20180607,WAS,MIN,2018,1021800040104,4490,validated,,0,matched,playbyplayv2,1611661322,200671|201480|202632|202658|1628283,complete,playbyplay_inferred,200673|203403|203437|204333|1628899,complete,playbyplay_inferred,1611661322,Washington Mystics
Shot Chart Detail,1021800040,109,200673,Monique Currie,1611661324,Minnesota Lynx,1,2,17,Made Shot,Jump Shot,2PT Field Goal,Mid-Range,Left Side(L),8-16 ft.,14,-143,25,1,1,20180607,WAS,MIN,2018,1021800040109,4630,validated,203437,1,matched,playbyplayv2,1611661322,200671|201480|202632|202658|1628283,complete,playbyplay_inferred,200673|203403|203437|204333|1628899,complete,playbyplay_inferred,1611661322,Washington Mystics
Shot Chart Detail,1021800040,112,204333,Natasha Cloud,1611661324,Minnesota Lynx,1,1,34,Missed Shot,Step Back Jump shot,3PT Field Goal,Above the Break 3,Left Side Center(LC),24+ ft.,26,-118,233,1,0,20180607,WAS,MIN,2018,1021800040112,5060,validated,,0,matched,playbyplayv2,1611661322,200671|201480|202632|202658|1628283,complete,playbyplay_inferred,200673|203403|203437|204333|1628899,complete,playbyplay_inferred,1611661322,Washington Mystics
Shot Chart Detail,1021800040,116,203437,Tierra Ruffin-Pratt,1611661324,Minnesota Lynx,1,1,19,Missed Shot,Layup Shot,2PT Field Goal,Restricted Area,Center(C),Less Than 8 ft.,2,-20,12,1,0,20180607,WAS,MIN,2018,1021800040116,5210,validated,,0,matched,playbyplayv2,1611661322,200671|201480|202632|202658|1628283,complete,playbyplay_inferred,200673|203403|203437|204333|1628899,complete,playbyplay_inferred,1611661322,Washington Mystics
Shot Chart Detail,1021800040,120,204333,Natasha Cloud,1611661324,Minnesota Lynx,1,0,51,Made Shot,Driving Finger Roll Layup Shot,2PT Field Goal,Restricted Area,Center(C),Less Than 8 ft.,1,-3,12,1,1,20180607,WAS,MIN,2018,1021800040120,5490,validated,,0,matched,playbyplayv2,1611661322,200671|201480|202632|202658|1628283,complete,playbyplay_inferred,200673|203403|203437|204333|1628899,complete,playbyplay_inferred,1611661322,Washington Mystics
Shot Chart Detail,1021800040,123,204333,Natasha Cloud,1611661324,Minnesota Lynx,1,0,28,Missed Shot,Jump Shot,2PT Field Goal,Mid-Range,Center(C),8-16 ft.,14,-9,141,1,0,20180607,WAS,MIN,2018,1021800040123,5720,validated,,0,matched,playbyplayv2,1611661322,200671|201480|202632|202658|1628283,complete,playbyplay_inferred,200673|203403|203437|204333|1628899,complete,playbyplay_inferred,1611661322,Washington Mystics
Shot Chart Detail,1021800040,127,204333,Natasha Cloud,1611661324,Minnesota Lynx,1,0,0,Missed Shot,Pullup Jump shot,3PT Field Goal,Above the Break 3,Left Side Center(LC),24+ ft.,29,-143,256,1,0,20180607,WAS,MIN,2018,1021800040127,6000,validated,,0,matched,playbyplayv2,1611661322,200671|201480|202632|202658|1628283,complete,playbyplay_inferred,200673|203403|203437|204333|1628899,complete,playbyplay_inferred,1611661322,Washington Mystics
Shot Chart Detail,1021800040,149,201506,LaToya Sanders,1611661324,Minnesota Lynx,2,9,14,Missed Shot,Turnaround Jump Shot,2PT Field Goal,In The Paint (Non-RA),Center(C),8-16 ft.,8,36,72,1,0,20180607,WAS,MIN,2018,1021800040149,6460,validated,,0,matched,playbyplayv2,1611661322,100915|200671|203041|1628508|1628866,complete,playbyplay_inferred,201506|201911|203399|203437|204333,complete,playbyplay_inferred,1611661322,Washington Mystics
Shot Chart Detail,1021800040,153,203399,Elena Delle Donne,1611661324,Minnesota Lynx,2,8,45,Made Shot,Jump Shot,2PT Field Goal,Restricted Area,Center(C),Less Than 8 ft.,2,-17,22,1,1,20180607,WAS,MIN,2018,1021800040153,6750,validated,203437,1,matched,playbyplayv2,1611661322,100915|200671|203041|1628508|1628866,complete,playbyplay_inferred,201506|201911|203399|203437|204333,complete,playbyplay_inferred,1611661322,Washington Mystics
Shot Chart Detail,1021800040,157,203399,Elena Delle Donne,1611661324,Minnesota Lynx,2,8,3,Missed Shot,Pullup Jump shot,3PT Field Goal,Above the Break 3,Right Side Center(RC),24+ ft.,26,104,245,1,0,20180607,WAS,MIN,2018,1021800040157,7170,validated,,0,matched,playbyplayv2,1611661322,100915|200671|203041|1628508|1628866,complete,playbyplay_inferred,201506|201911|203399|203437|204333,complete,playbyplay_inferred,1611661322,Washington Mystics
Shot Chart Detail,1021800040,165,1628878,Ariel Atkins,1611661324,Minnesota Lynx,2,7,35,Missed Shot,Jump Shot,3PT Field Goal,Above the Break 3,Left Side Center(LC),24+ ft.,25,-207,157,1,0,20180607,WAS,MIN,2018,1021800040165,7450,validated,,0,matched,playbyplayv2,1611661322,100915|100944|200671|203041|1628508,complete,playbyplay_inferred,201506|201911|203399|204333|1628878,complete,playbyplay_inferred,1611661322,Washington Mystics
Shot Chart Detail,1021800040,178,204333,Natasha Cloud,1611661324,Minnesota Lynx,2,6,56,Missed Shot,Jump Shot,3PT Field Goal,Above the Break 3,Left Side(L),24+ ft.,23,-231,61,1,0,20180607,WAS,MIN,2018,1021800040178,7840,validated,,0,matched,playbyplayv2,1611661322,100915|100944|200671|201480|1628508,complete,playbyplay_inferred,201911|203399|204333|1628878|1628899,complete,playbyplay_inferred,1611661322,Washington Mystics
Shot Chart Detail,1021800040,192,200673,Monique Currie,1611661324,Minnesota Lynx,2,6,13,Made Shot,Jump Shot,2PT Field Goal,In The Paint (Non-RA),Center(C),8-16 ft.,8,14,87,1,1,20180607,WAS,MIN,2018,1021800040192,8270,validated,201911,1,matched,playbyplayv2,1611661322,100915|100944|200671|201480|202632,complete,playbyplay_inferred,200673|201911|203399|204333|1628899,complete,playbyplay_inferred,1611661322,Washington Mystics
Shot Chart Detail,1021800040,200,204333,Natasha Cloud,1611661324,Minnesota Lynx,2,5,41,Made Shot,Cutting Layup Shot,2PT Field Goal,Restricted Area,Center(C),Less Than 8 ft.,1,15,12,1,1,20180607,WAS,MIN,2018,1021800040200,8590,validated,203399,1,matched,playbyplayv2,1611661322,100944|101030|201480|202632|202658,complete,playbyplay_inferred,200673|201911|203399|204333|1628899,complete,playbyplay_inferred,1611661322,Washington Mystics
Shot Chart Detail,1021800040,208,203399,Elena Delle Donne,1611661324,Minnesota Lynx,2,4,51,Made Shot,Jump Shot,2PT Field Goal,Mid-Range,Left Side(L),8-16 ft.,14,-143,29,1,1,20180607,WAS,MIN,2018,1021800040208,9090,validated,204333,1,matched,playbyplayv2,1611661322,100944|101030|201480|202632|202658,complete,playbyplay_inferred,200673|201911|203399|204333|1628899,complete,playbyplay_inferred,1611661322,Washington Mystics
Shot Chart Detail,1021800040,217,203403,Tianna Hawkins,1611661324,Minnesota Lynx,2,4,15,Made Shot,Driving Layup Shot,2PT Field Goal,Restricted Area,Center(C),Less Than 8 ft.,1,19,6,1,1,20180607,WAS,MIN,2018,1021800040217,9450,validated,204333,1,matched,playbyplayv2,1611661322,100944|101030|201480|202632|202658,complete,playbyplay_inferred,200673|201911|202663|203403|204333,complete,playbyplay_inferred,1611661322,Washington Mystics
Shot Chart Detail,1021800040,222,201911,Kristi Toliver,1611661324,Minnesota Lynx,2,3,35,Made Shot,Pullup Jump shot,3PT Field Goal,Above the Break 3,Right Side Center(RC),24+ ft.,27,160,219,1,1,20180607,WAS,MIN,2018,1021800040222,9850,validated,,0,matched,playbyplayv2,1611661322,100944|101030|201480|202632|202658,complete,playbyplay_inferred,200673|201911|202663|203403|204333,complete,playbyplay_inferred,1611661322,Washington Mystics
Shot Chart Detail,1021800040,225,204333,Natasha Cloud,1611661324,Minnesota Lynx,2,2,54,Missed Shot,Jump Shot,3PT Field Goal,Above the Break 3,Left Side(L),24+ ft.,23,-226,76,1,0,20180607,WAS,MIN,2018,1021800040225,10260,validated,,0,matched,playbyplayv2,1611661322,100944|101030|201480|202632|202658,complete,playbyplay_inferred,200673|201911|202663|203403|204333,complete,playbyplay_inferred,1611661322,Washington Mystics
Shot Chart Detail,1021800040,233,204333,Natasha Cloud,1611661324,Minnesota Lynx,2,2,35,Made Shot,Running Reverse Layup Shot,2PT Field Goal,Restricted Area,Center(C),Less Than 8 ft.,1,-7,12,1,1,20180607,WAS,MIN,2018,1021800040233,10450,validated,,0,matched,playbyplayv2,1611661322,101030|200671|201480|202632|202658,complete,playbyplay_inferred,200673|201911|202663|203403|204333,complete,playbyplay_inferred,1611661322,Washington Mystics
Shot Chart Detail,1021800040,239,200673,Monique Currie,1611661324,Minnesota Lynx,2,1,48,Made Shot,Driving Floating Jump Shot,2PT Field Goal,In The Paint (Non-RA),Center(C),Less Than 8 ft.,7,21,71,1,1,20180607,WAS,MIN,2018,1021800040239,10920,validated,204333,1,matched,playbyplayv2,1611661322,100915|101030|200671|201480|202632,complete,playbyplay_inferred,200673|201911|202663|203403|204333,complete,playbyplay_inferred,1611661322,Washington Mystics
Shot Chart Detail,1021800040,256,202663,Krystal Thomas,1611661324,Minnesota Lynx,2,0,55,Missed Shot,Jump Shot,2PT Field Goal,Mid-Range,Left Side(L),8-16 ft.,13,-134,30,1,0,20180607,WAS,MIN,2018,1021800040256,11450,validated,,0,matched,playbyplayv2,1611661322,100915|101030|200671|201480|202632,complete,playbyplay_inferred,201911|202663|203403|203437|204333,complete,playbyplay_inferred,1611661322,Washington Mystics
Shot Chart Detail,1021800040,286,1628878,Ariel Atkins,1611661324,Minnesota Lynx,3,9,28,Missed Shot,Jump Shot,3PT Field Goal,Left Corner 3,Left Side(L),24+ ft.,23,-237,15,1,0,20180607,WAS,MIN,2018,1021800040286,12320,validated,,0,matched,playbyplayv2,1611661322,100915|100944|200671|201480|202632,complete,playbyplay_inferred,201506|201911|203399|204333|1628878,complete,playbyplay_inferred,1611661322,Washington Mystics
Shot Chart Detail,1021800040,290,201506,LaToya Sanders,1611661324,Minnesota Lynx,3,9,1,Made Shot,Cutting Layup Shot,2PT Field Goal,Restricted Area,Center(C),Less Than 8 ft.,1,-11,12,1,1,20180607,WAS,MIN,2018,1021800040290,12590,validated,204333,1,matched,playbyplayv2,1611661322,100915|100944|200671|201480|202632,complete,playbyplay_inferred,201506|201911|203399|204333|1628878,complete,playbyplay_inferred,1611661322,Washington Mystics
Shot Chart Detail,1021800040,299,1628878,Ariel Atkins,1611661324,Minnesota Lynx,3,8,28,Made Shot,Driving Floating Jump Shot,2PT Field Goal,In The Paint (Non-RA),Center(C),8-16 ft.,11,20,115,1,1,20180607,WAS,MIN,2018,1021800040299,12920,validated,201911,1,matched,playbyplayv2,1611661322,100915|100944|200671|201480|202632,complete,playbyplay_inferred,201506|201911|203399|204333|1628878,complete,playbyplay_inferred,1611661322,Washington Mystics
Shot Chart Detail,1021800040,305,204333,Natasha Cloud,1611661324,Minnesota Lynx,3,7,57,Made Shot,Driving Reverse Layup Shot,2PT Field Goal,Restricted Area,Center(C),Less Than 8 ft.,0,-3,5,1,1,20180607,WAS,MIN,2018,1021800040305,13230,validated,,0,matched,playbyplayv2,1611661322,100915|100944|200671|201480|202632,complete,playbyplay_inferred,201506|201911|203399|204333|1628878,complete,playbyplay_inferred,1611661322,Washington Mystics
Shot Chart Detail,1021800040,309,201506,LaToya Sanders,1611661324,Minnesota Lynx,3,7,24,Made Shot,Cutting Layup Shot,2PT Field Goal,Restricted Area,Center(C),Less Than 8 ft.,1,9,13,1,1,20180607,WAS,MIN,2018,1021800040309,13560,validated,1628878,1,matched,playbyplayv2,1611661322,100915|100944|200671|201480|202632,complete,playbyplay_inferred,201506|201911|203399|204333|1628878,complete,playbyplay_inferred,1611661322,Washington Mystics
Shot Chart Detail,1021800040,313,1628878,Ariel Atkins,1611661324,Minnesota Lynx,3,7,6,Made Shot,Pullup Jump shot,2PT Field Goal,Mid-Range,Left Side Center(LC),16-24 ft.,16,-113,122,1,1,20180607,WAS,MIN,2018,1021800040313,13740,validated,204333,1,matched,playbyplayv2,1611661322,100915|100944|200671|201480|202632,complete,playbyplay_inferred,201506|201911|203399|204333|1628878,complete,playbyplay_inferred,1611661322,Washington Mystics
Shot Chart Detail,1021800040,317,1628878,Ariel Atkins,1611661324,Minnesota Lynx,3,6,34,Made Shot,Driving Floating Jump Shot,2PT Field Goal,In The Paint (Non-RA),Center(C),8-16 ft.,10,-38,99,1,1,20180607,WAS,MIN,2018,1021800040317,14060,validated,,0,matched,playbyplayv2,1611661322,100915|100944|200671|201480|202632,complete,playbyplay_inferred,201506|201911|203399|204333|1628878,complete,playbyplay_inferred,1611661322,Washington Mystics
Shot Chart Detail,1021800040,323,204333,Natasha Cloud,1611661324,Minnesota Lynx,3,5,18,Made Shot,Driving Reverse Layup Shot,2PT Field Goal,Restricted Area,Center(C),Less Than 8 ft.,0,-3,-1,1,1,20180607,WAS,MIN,2018,1021800040323,14820,validated,,0,matched,playbyplayv2,1611661322,100915|100944|200671|201480|202632,complete,playbyplay_inferred,201506|201911|203399|204333|1628878,complete,playbyplay_inferred,1611661322,Washington Mystics
Shot Chart Detail,1021800040,336,1628899,Myisha Hines-Allen,1611661324,Minnesota Lynx,3,4,35,Missed Shot,Layup Shot,2PT Field Goal,Restricted Area,Center(C),Less Than 8 ft.,3,-5,33,1,0,20180607,WAS,MIN,2018,1021800040336,15250,validated,,0,matched,playbyplayv2,1611661322,100944|101030|201480|202632|202658,complete,playbyplay_inferred,201911|203399|204333|1628878|1628899,complete,playbyplay_inferred,1611661322,Washington Mystics
Shot Chart Detail,1021800040,340,203399,Elena Delle Donne,1611661324,Minnesota Lynx,3,4,11,Made Shot,Driving Floating Bank Jump Shot,2PT Field Goal,In The Paint (Non-RA),Center(C),Less Than 8 ft.,5,-47,22,1,1,20180607,WAS,MIN,2018,1021800040340,15490,validated,204333,1,matched,playbyplayv2,1611661322,100944|101030|201480|202632|202658,complete,playbyplay_inferred,201911|203399|204333|1628878|1628899,complete,playbyplay_inferred,1611661322,Washington Mystics
Shot Chart Detail,1021800040,344,1628899,Myisha Hines-Allen,1611661324,Minnesota Lynx,3,3,41,Missed Shot,Cutting Layup Shot,2PT Field Goal,Restricted Area,Center(C),Less Than 8 ft.,0,4,6,1,0,20180607,WAS,MIN,2018,1021800040344,15790,validated,,0,matched,playbyplayv2,1611661322,100944|101030|201480|202632|202658,complete,playbyplay_inferred,201911|203399|204333|1628878|1628899,complete,playbyplay_inferred,1611661322,Washington Mystics
Shot Chart Detail,1021800040,348,201911,Kristi Toliver,1611661324,Minnesota Lynx,3,3,21,Missed Shot,Pullup Jump shot,3PT Field Goal,Above the Break 3,Left Side Center(LC),24+ ft.,25,-133,220,1,0,20180607,WAS,MIN,2018,1021800040348,15990,validated,,0,matched,playbyplayv2,1611661322,100944|101030|201480|202632|202658,complete,playbyplay_inferred,201911|203399|204333|1628878|1628899,complete,playbyplay_inferred,1611661322,Washington Mystics
Shot Chart Detail,1021800040,362,201911,Kristi Toliver,1611661324,Minnesota Lynx,3,2,45,Made Shot,Turnaround Jump Shot,2PT Field Goal,Mid-Range,Right Side(R),8-16 ft.,14,81,124,1,1,20180607,WAS,MIN,2018,1021800040362,16350,validated,,0,matched,playbyplayv2,1611661322,100944|101030|202632|202658|203041,complete,playbyplay_inferred,200673|201911|203403|203437|1628899,complete,playbyplay_inferred,1611661322,Washington Mystics
Shot Chart Detail,1021800040,383,203437,Tierra Ruffin-Pratt,1611661324,Minnesota Lynx,3,2,5,Missed Shot,Pullup Jump shot,2PT Field Goal,In The Paint (Non-RA),Center(C),8-16 ft.,13,-31,133,1,0,20180607,WAS,MIN,2018,1021800040383,16750,validated,,0,matched,playbyplayv2,1611661322,101030|200671|202632|202658|203041,complete,playbyplay_inferred,200673|201911|203403|203437|1628899,complete,playbyplay_inferred,1611661322,Washington Mystics
Shot Chart Detail,1021800040,395,203403,Tianna Hawkins,1611661324,Minnesota Lynx,3,1,3,Missed Shot,Jump Shot,2PT Field Goal,Mid-Range,Right Side(R),8-16 ft.,14,141,26,1,0,20180607,WAS,MIN,2018,1021800040395,17370,validated,,0,matched,playbyplayv2,1611661322,101030|200671|202632|202658|203041,complete,playbyplay_inferred,200673|201911|203403|203437|1628899,complete,playbyplay_inferred,1611661322,Washington Mystics
Shot Chart Detail,1021800040,409,203437,Tierra Ruffin-Pratt,1611661324,Minnesota Lynx,3,0,12,Made Shot,Running Layup Shot,2PT Field Goal,Restricted Area,Center(C),Less Than 8 ft.,0,-4,9,1,1,20180607,WAS,MIN,2018,1021800040409,17880,validated,,0,matched,playbyplayv2,1611661322,101030|200671|202632|202658|203041,complete,playbyplay_inferred,200673|203399|203403|203437|204333,complete,playbyplay_inferred,1611661322,Washington Mystics
Shot Chart Detail,1021800040,424,204333,Natasha Cloud,1611661324,Minnesota Lynx,4,9,43,Missed Shot,Jump Shot,3PT Field Goal,Above the Break 3,Center(C),24+ ft.,25,58,244,1,0,20180607,WAS,MIN,2018,1021800040424,18170,validated,,0,matched,playbyplayv2,1611661322,100915|101030|200671|201480|202632,complete,playbyplay_inferred,200673|203399|203403|203437|204333,complete,playbyplay_inferred,1611661322,Washington Mystics
Shot Chart Detail,1021800040,429,203403,Tianna Hawkins,1611661324,Minnesota Lynx,4,9,20,Missed Shot,Layup Shot,2PT Field Goal,Restricted Area,Center(C),Less Than 8 ft.,1,12,11,1,0,20180607,WAS,MIN,2018,1021800040429,18400,validated,,0,matched,playbyplayv2,1611661322,100915|101030|200671|201480|202632,complete,playbyplay_inferred,200673|203399|203403|203437|204333,complete,playbyplay_inferred,1611661322,Washington Mystics
Shot Chart Detail,1021800040,444,203399,Elena Delle Donne,1611661324,Minnesota Lynx,4,8,32,Missed Shot,Pullup Jump shot,2PT Field Goal,Mid-Range,Right Side Center(RC),16-24 ft.,18,128,133,1,0,20180607,WAS,MIN,2018,1021800040444,18880,validated,,0,matched,playbyplayv2,1611661322,100915|101030|201480|202632|1628508,complete,playbyplay_inferred,201911|203399|203403|203437|204333,complete,playbyplay_inferred,1611661322,Washington Mystics
Shot Chart Detail,1021800040,447,203403,Tianna Hawkins,1611661324,Minnesota Lynx,4,8,15,Missed Shot,Jump Shot,3PT Field Goal,Above the Break 3,Left Side Center(LC),24+ ft.,23,-206,123,1,0,20180607,WAS,MIN,2018,1021800040447,19050,validated,,0,matched,playbyplayv2,1611661322,100915|101030|201480|202632|1628508,complete,playbyplay_inferred,201911|203399|203403|203437|204333,complete,playbyplay_inferred,1611661322,Washington Mystics
Shot Chart Detail,1021800040,467,201911,Kristi Toliver,1611661324,Minnesota Lynx,4,7,16,Missed Shot,Driving Floating Jump Shot,3PT Field Goal,Above the Break 3,Right Side Center(RC),24+ ft.,25,119,225,1,0,20180607,WAS,MIN,2018,1021800040467,19640,validated,,0,matched,playbyplayv2,1611661322,100915|101030|201480|202632|1628508,complete,playbyplay_inferred,201506|201911|203437|204333|1628899,complete,playbyplay_inferred,1611661322,Washington Mystics
Shot Chart Detail,1021800040,484,204333,Natasha Cloud,1611661324,Minnesota Lynx,4,6,14,Made Shot,Pullup Jump shot,2PT Field Goal,In The Paint (Non-RA),Center(C),8-16 ft.,14,47,136,1,1,20180607,WAS,MIN,2018,1021800040484,20260,validated,,0,matched,playbyplayv2,1611661322,100915|101030|201480|202632|1628508,complete,playbyplay_inferred,201506|201911|204333|1628878|1628899,complete,playbyplay_inferred,1611661322,Washington Mystics
Shot Chart Detail,1021800040,500,203399,Elena Delle Donne,1611661324,Minnesota Lynx,4,5,6,Made Shot,Driving Layup Shot,2PT Field Goal,Restricted Area,Center(C),Less Than 8 ft.,1,-15,13,1,1,20180607,WAS,MIN,2018,1021800040500,20940,validated,204333,1,matched,playbyplayv2,1611661322,101030|200671|201480|202632|202658,complete,playbyplay_inferred,201911|203399|204333|1628878|1628899,complete,playbyplay_inferred,1611661322,Washington Mystics
Shot Chart Detail,1021800040,507,1628878,Ariel Atkins,1611661324,Minnesota Lynx,4,4,29,Missed Shot,Jump Shot,2PT Field Goal,Mid-Range,Center(C),16-24 ft.,17,13,174,1,0,20180607,WAS,MIN,2018,1021800040507,21310,validated,,0,matched,playbyplayv2,1611661322,101030|200671|201480|202632|202658,complete,playbyplay_inferred,201911|203399|204333|1628878|1628899,complete,playbyplay_inferred,1611661322,Washington Mystics
Shot Chart Detail,1021800040,520,201911,Kristi Toliver,1611661324,Minnesota Lynx,4,3,55,Made Shot,Running Finger Roll Layup Shot,2PT Field Goal,Restricted Area,Center(C),Less Than 8 ft.,1,-2,10,1,1,20180607,WAS,MIN,2018,1021800040520,21650,validated,204333,1,matched,playbyplayv2,1611661322,100944|101030|201480|202632|202658,complete,playbyplay_inferred,201506|201911|203399|204333|1628878,complete,playbyplay_inferred,1611661322,Washington Mystics
Shot Chart Detail,1021800040,526,1628878,Ariel Atkins,1611661324,Minnesota Lynx,4,3,11,Missed Shot,Pullup Jump shot,2PT Field Goal,Mid-Range,Right Side Center(RC),16-24 ft.,20,93,184,1,0,20180607,WAS,MIN,2018,1021800040526,22090,validated,,0,matched,playbyplayv2,1611661322,100944|101030|201480|202632|202658,complete,playbyplay_inferred,201506|201911|203399|204333|1628878,complete,playbyplay_inferred,1611661322,Washington Mystics
Shot Chart Detail,1021800040,547,204333,Natasha Cloud,1611661324,Minnesota Lynx,4,2,3,Missed Shot,Pullup Jump shot,2PT Field Goal,Mid-Range,Right Side Center(RC),16-24 ft.,21,102,185,1,0,20180607,WAS,MIN,2018,1021800040547,22770,validated,,0,matched,playbyplayv2,1611661322,100944|101030|200671|201480|202632,complete,playbyplay_inferred,201911|203399|203403|204333|1628878,complete,playbyplay_inferred,1611661322,Washington Mystics
Shot Chart Detail,1021800040,557,1628878,Ariel Atkins,1611661324,Minnesota Lynx,4,1,12,Missed Shot,Layup Shot,2PT Field Goal,Restricted Area,Center(C),Less Than 8 ft.,1,-16,10,1,0,20180607,WAS,MIN,2018,1021800040557,23280,validated,,0,matched,playbyplayv2,1611661322,100944|101030|200671|201480|202632,complete,playbyplay_inferred,201506|201911|203399|204333|1628878,complete,playbyplay_inferred,1611661322,Washington Mystics
Shot Chart Detail,1021800040,566,1628878,Ariel Atkins,1611661324,Minnesota Lynx,4,0,29,Missed Shot,Pullup Jump shot,3PT Field Goal,Above the Break 3,Right Side Center(RC),24+ ft.,25,121,224,1,0,20180607,WAS,MIN,2018,1021800040566,23710,validated,,0,matched,playbyplayv2,1611661322,100944|101030|200671|201480|202632,complete,playbyplay_inferred,201506|201911|203399|204333|1628878,complete,playbyplay_inferred,1611661322,Washington Mystics
Shot Chart Detail,1021800040,581,203403,Tianna Hawkins,1611661324,Minnesota Lynx,4,0,18,Made Shot,Jump Shot,3PT Field Goal,Above the Break 3,Right Side Center(RC),24+ ft.,25,118,221,1,1,20180607,WAS,MIN,2018,1021800040581,23820,validated,1628878,1,matched,playbyplayv2,1611661322,100944|101030|200671|201480|202632,complete,playbyplay_inferred,201911|203399|203403|204333|1628878,complete,playbyplay_inferred,1611661322,Washington Mystics
Shot Chart Detail,1021800040,604,204333,Natasha Cloud,1611661324,Minnesota Lynx,4,0,11,Missed Shot,Jump Shot,3PT Field Goal,Above the Break 3,Right Side Center(RC),24+ ft.,24,174,177,1,0,20180607,WAS,MIN,2018,1021800040604,23890,validated,,0,matched,playbyplayv2,1611661322,100944|101030|200671|201480|202632,complete,playbyplay_inferred,201911|203399|203403|204333|1628878,complete,playbyplay_inferred,1611661322,Washington Mystics
Shot Chart Detail,1021800040,610,203399,Elena Delle Donne,1611661324,Minnesota Lynx,4,0,0,Missed Shot,Turnaround Jump Shot,3PT Field Goal,Above the Break 3,Left Side Center(LC),24+ ft.,23,-109,213,1,0,20180607,WAS,MIN,2018,1021800040610,24000,validated,,0,matched,playbyplayv2,1611661322,100944|101030|200671|201480|202632,complete,playbyplay_inferred,201911|203399|203403|204333|1628878,complete,playbyplay_inferred,1611661322,Washington Mystics
Shot Chart Detail,1021800045,9,203826,Alyssa Thomas,1611661324,Minnesota Lynx,1,9,38,Missed Shot,Hook Shot,2PT Field Goal,In The Paint (Non-RA),Center(C),Less Than 8 ft.,4,37,24,1,0,20180609,CON,MIN,2018,10218000459,220,validated,,0,matched,playbyplayv2,1611661323,100915|100944|200671|201480|202632,complete,playbyplay_inferred,202662|203823|203826|1627673|1627675,complete,playbyplay_inferred,1611661323,Connecticut Sun
Shot Chart Detail,1021800045,13,202662,Jasmine Thomas,1611661324,Minnesota Lynx,1,9,9,Made Shot,Jump Shot,2PT Field Goal,Mid-Range,Center(C),16-24 ft.,21,-20,210,1,1,20180609,CON,MIN,2018,102180004513,510,validated,,0,matched,playbyplayv2,1611661323,100915|100944|200671|201480|202632,complete,playbyplay_inferred,202662|203823|203826|1627673|1627675,complete,playbyplay_inferred,1611661323,Connecticut Sun
Shot Chart Detail,1021800045,20,203826,Alyssa Thomas,1611661324,Minnesota Lynx,1,8,10,Missed Shot,Reverse Layup Shot,2PT Field Goal,Restricted Area,Center(C),Less Than 8 ft.,0,2,4,1,0,20180609,CON,MIN,2018,102180004520,1100,validated,,0,matched,playbyplayv2,1611661323,100915|100944|200671|201480|202632,complete,playbyplay_inferred,202662|203823|203826|1627673|1627675,complete,playbyplay_inferred,1611661323,Connecticut Sun
Shot Chart Detail,1021800045,24,1627673,Jonquel Jones,1611661324,Minnesota Lynx,1,7,46,Missed Shot,Jump Shot,3PT Field Goal,Above the Break 3,Right Side Center(RC),24+ ft.,23,77,226,1,0,20180609,CON,MIN,2018,102180004524,1340,validated,,0,matched,playbyplayv2,1611661323,100915|100944|200671|201480|202632,complete,playbyplay_inferred,202662|203823|203826|1627673|1627675,complete,playbyplay_inferred,1611661323,Connecticut Sun
Shot Chart Detail,1021800045,27,1627675,Courtney Williams,1611661324,Minnesota Lynx,1,7,28,Missed Shot,Jump Shot,2PT Field Goal,Mid-Range,Right Side(R),8-16 ft.,11,110,-2,1,0,20180609,CON,MIN,2018,102180004527,1520,validated,,0,matched,playbyplayv2,1611661323,100915|100944|200671|201480|202632,complete,playbyplay_inferred,202662|203823|203826|1627673|1627675,complete,playbyplay_inferred,1611661323,Connecticut Sun
Shot Chart Detail,1021800045,31,1627675,Courtney Williams,1611661324,Minnesota Lynx,1,6,53,Made Shot,Step Back Jump shot,2PT Field Goal,Mid-Range,Right Side(R),16-24 ft.,17,174,44,1,1,20180609,CON,MIN,2018,102180004531,1870,validated,,0,matched,playbyplayv2,1611661323,100915|100944|200671|201480|202632,complete,playbyplay_inferred,202662|203823|203826|1627673|1627675,complete,playbyplay_inferred,1611661323,Connecticut Sun
Shot Chart Detail,1021800045,34,203823,Chiney Ogwumike,1611661324,Minnesota Lynx,1,6,22,Missed Shot,Cutting Layup Shot,2PT Field Goal,Restricted Area,Center(C),Less Than 8 ft.,2,27,4,1,0,20180609,CON,MIN,2018,102180004534,2180,validated,,0,matched,playbyplayv2,1611661323,100915|100944|200671|201480|202632,complete,playbyplay_inferred,202662|203823|203826|1627673|1627675,complete,playbyplay_inferred,1611661323,Connecticut Sun
Shot Chart Detail,1021800045,36,1627673,Jonquel Jones,1611661324,Minnesota Lynx,1,6,20,Made Shot,Putback Layup Shot,2PT Field Goal,Restricted Area,Center(C),Less Than 8 ft.,1,-1,13,1,1,20180609,CON,MIN,2018,102180004536,2200,validated,,0,matched,playbyplayv2,1611661323,100915|100944|200671|201480|202632,complete,playbyplay_inferred,202662|203823|203826|1627673|1627675,complete,playbyplay_inferred,1611661323,Connecticut Sun
Shot Chart Detail,1021800045,47,1627675,Courtney Williams,1611661324,Minnesota Lynx,1,5,43,Made Shot,Jump Shot,2PT Field Goal,Mid-Range,Right Side(R),16-24 ft.,18,169,84,1,1,20180609,CON,MIN,2018,102180004547,2570,validated,202662,1,matched,playbyplayv2,1611661323,100944|200671|201480|202632|202658,complete,playbyplay_inferred,202662|203823|203826|1627673|1627675,complete,playbyplay_inferred,1611661323,Connecticut Sun
Shot Chart Detail,1021800045,53,1627675,Courtney Williams,1611661324,Minnesota Lynx,1,5,12,Made Shot,Pullup Jump shot,2PT Field Goal,Mid-Range,Right Side Center(RC),16-24 ft.,19,120,148,1,1,20180609,CON,MIN,2018,102180004553,2880,validated,,0,matched,playbyplayv2,1611661323,100944|101030|201480|202632|202658,complete,playbyplay_inferred,202662|203823|203826|1627673|1627675,complete,playbyplay_inferred,1611661323,Connecticut Sun
Shot Chart Detail,1021800045,77,203410,Alex Bentley,1611661324,Minnesota Lynx,1,4,4,Missed Shot,Jump Shot,2PT Field Goal,Mid-Range,Left Side(L),16-24 ft.,19,-192,14,1,0,20180609,CON,MIN,2018,102180004577,3560,validated,,0,matched,playbyplayv2,1611661323,101030|201480|202632|1628283|1628508,complete,playbyplay_inferred,202662|203410|203826|1627673|1627675,complete,playbyplay_inferred,1611661323,Connecticut Sun
Shot Chart Detail,1021800045,81,202662,Jasmine Thomas,1611661324,Minnesota Lynx,1,3,42,Missed Shot,Jump Shot,3PT Field Goal,Above the Break 3,Center(C),24+ ft.,25,-25,251,1,0,20180609,CON,MIN,2018,102180004581,3780,validated,,0,matched,playbyplayv2,1611661323,101030|201480|202632|1628283|1628508,complete,playbyplay_inferred,202662|203410|203826|1627673|1627675,complete,playbyplay_inferred,1611661323,Connecticut Sun
Shot Chart Detail,1021800045,84,203826,Alyssa Thomas,1611661324,Minnesota Lynx,1,3,1,Missed Shot,Jump Shot,2PT Field Goal,Mid-Range,Left Side(L),8-16 ft.,12,-119,29,1,0,20180609,CON,MIN,2018,102180004584,4190,validated,,0,matched,playbyplayv2,1611661323,101030|201480|202632|1628283|1628508,complete,playbyplay_inferred,202662|203410|203826|1627673|1627675,complete,playbyplay_inferred,1611661323,Connecticut Sun
Shot Chart Detail,1021800045,88,1627675,Courtney Williams,1611661324,Minnesota Lynx,1,2,35,Made Shot,Jump Shot,2PT Field Goal,Mid-Range,Right Side(R),16-24 ft.,17,159,63,1,1,20180609,CON,MIN,2018,102180004588,4450,validated,,0,matched,playbyplayv2,1611661323,101030|201480|202632|1628283|1628508,complete,playbyplay_inferred,202662|203410|203826|1627673|1627675,complete,playbyplay_inferred,1611661323,Connecticut Sun
Shot Chart Detail,1021800045,110,203410,Alex Bentley,1611661324,Minnesota Lynx,1,1,31,Missed Shot,Pullup Jump shot,2PT Field Goal,Mid-Range,Left Side(L),8-16 ft.,13,-135,36,1,0,20180609,CON,MIN,2018,1021800045110,5090,validated,,0,matched,playbyplayv2,1611661323,101030|203041|1628283|1628508|1628866,complete,playbyplay_inferred,203015|203410|1627670|1627673|1627675,complete,playbyplay_inferred,1611661323,Connecticut Sun
Shot Chart Detail,1021800045,121,1627675,Courtney Williams,1611661324,Minnesota Lynx,1,0,35,Missed Shot,Layup Shot,2PT Field Goal,Restricted Area,Center(C),Less Than 8 ft.,1,17,1,1,0,20180609,CON,MIN,2018,1021800045121,5650,validated,,0,matched,playbyplayv2,1611661323,101030|203041|1628283|1628508|1628866,complete,playbyplay_inferred,203015|203410|1627670|1627673|1627675,complete,playbyplay_inferred,1611661323,Connecticut Sun
Shot Chart Detail,1021800045,127,1627675,Courtney Williams,1611661324,Minnesota Lynx,1,0,2,Made Shot,Reverse Layup Shot,2PT Field Goal,Restricted Area,Center(C),Less Than 8 ft.,1,-7,13,1,1,20180609,CON,MIN,2018,1021800045127,5980,validated,,0,matched,playbyplayv2,1611661323,101030|203041|1628283|1628508|1628866,complete,playbyplay_inferred,203015|203410|203823|1627670|1627675,complete,playbyplay_inferred,1611661323,Connecticut Sun
Shot Chart Detail,1021800045,144,1627675,Courtney Williams,1611661324,Minnesota Lynx,2,9,4,Made Shot,Jump Shot,3PT Field Goal,Above the Break 3,Left Side Center(LC),24+ ft.,24,-220,108,1,1,20180609,CON,MIN,2018,1021800045144,6560,validated,203410,1,matched,playbyplayv2,1611661323,101030|201480|1628283|1628508|1628866,complete,playbyplay_inferred,203015|203410|1627670|1627673|1627675,complete,playbyplay_inferred,1611661323,Connecticut Sun
Shot Chart Detail,1021800045,154,203410,Alex Bentley,1611661324,Minnesota Lynx,2,8,10,Missed Shot,Jump Shot,3PT Field Goal,Above the Break 3,Right Side Center(RC),24+ ft.,23,189,147,1,0,20180609,CON,MIN,2018,1021800045154,7100,validated,,0,matched,playbyplayv2,1611661323,101030|201480|202632|1628283|1628866,complete,playbyplay_inferred,203015|203410|1627670|1627673|1627675,complete,playbyplay_inferred,1611661323,Connecticut Sun
Shot Chart Detail,1021800045,212,1627673,Jonquel Jones,1611661324,Minnesota Lynx,2,8,8,Missed Shot,Layup Shot,2PT Field Goal,In The Paint (Non-RA),Center(C),Less Than 8 ft.,5,36,-40,1,0,20180609,CON,MIN,2018,1021800045212,7120,validated,,0,matched,playbyplayv2,1611661323,101030|201480|202632|1628283|1628866,complete,playbyplay_inferred,203015|203410|1627670|1627673|1627675,complete,playbyplay_inferred,1611661323,Connecticut Sun
Shot Chart Detail,1021800045,165,1627673,Jonquel Jones,1611661324,Minnesota Lynx,2,7,54,Missed Shot,Jump Shot,3PT Field Goal,Above the Break 3,Right Side Center(RC),24+ ft.,25,166,192,1,0,20180609,CON,MIN,2018,1021800045165,7260,validated,,0,matched,playbyplayv2,1611661323,101030|201480|202632|1628283|1628866,complete,playbyplay_inferred,202662|203015|203826|1627673|1627675,complete,playbyplay_inferred,1611661323,Connecticut Sun
Shot Chart Detail,1021800045,167,202662,Jasmine Thomas,1611661324,Minnesota Lynx,2,7,48,Made Shot,Cutting Layup Shot,2PT Field Goal,Restricted Area,Center(C),Less Than 8 ft.,0,2,2,1,1,20180609,CON,MIN,2018,1021800045167,7320,validated,,0,matched,playbyplayv2,1611661323,101030|201480|202632|1628283|1628866,complete,playbyplay_inferred,202662|203015|203826|1627673|1627675,complete,playbyplay_inferred,1611661323,Connecticut Sun
Shot Chart Detail,1021800045,169,202662,Jasmine Thomas,1611661324,Minnesota Lynx,2,7,19,Made Shot,Pullup Jump shot,2PT Field Goal,Mid-Range,Right Side(R),8-16 ft.,13,133,43,1,1,20180609,CON,MIN,2018,1021800045169,7610,validated,,0,matched,playbyplayv2,1611661323,101030|201480|202632|1628283|1628866,complete,playbyplay_inferred,202662|203015|203826|1627673|1627675,complete,playbyplay_inferred,1611661323,Connecticut Sun
Shot Chart Detail,1021800045,178,203826,Alyssa Thomas,1611661324,Minnesota Lynx,2,6,41,Made Shot,Pullup Jump shot,2PT Field Goal,In The Paint (Non-RA),Center(C),Less Than 8 ft.,6,-6,62,1,1,20180609,CON,MIN,2018,1021800045178,7990,validated,1627675,1,matched,playbyplayv2,1611661323,101030|200671|201480|202632|1628283,complete,playbyplay_inferred,202662|203015|203826|1627673|1627675,complete,playbyplay_inferred,1611661323,Connecticut Sun
Shot Chart Detail,1021800045,183,1627673,Jonquel Jones,1611661324,Minnesota Lynx,2,6,8,Made Shot,Jump Shot,3PT Field Goal,Above the Break 3,Right Side(R),24+ ft.,22,220,54,1,1,20180609,CON,MIN,2018,1021800045183,8320,validated,1627675,1,matched,playbyplayv2,1611661323,101030|200671|201480|202632|1628283,complete,playbyplay_inferred,202662|203015|203826|1627673|1627675,complete,playbyplay_inferred,1611661323,Connecticut Sun
Shot Chart Detail,1021800045,190,203015,Shekinna Stricklen,1611661324,Minnesota Lynx,2,5,22,Missed Shot,Jump Shot,2PT Field Goal,Mid-Range,Right Side Center(RC),16-24 ft.,17,116,137,1,0,20180609,CON,MIN,2018,1021800045190,8780,validated,,0,matched,playbyplayv2,1611661323,100915|200671|201480|202632|1628283,complete,playbyplay_inferred,202662|203015|203826|1627673|1627675,complete,playbyplay_inferred,1611661323,Connecticut Sun
Shot Chart Detail,1021800045,194,1627675,Courtney Williams,1611661324,Minnesota Lynx,2,4,45,Made Shot,Running Jump Shot,2PT Field Goal,Mid-Range,Center(C),8-16 ft.,15,37,152,1,1,20180609,CON,MIN,2018,1021800045194,9150,validated,203826,1,matched,playbyplayv2,1611661323,100915|200671|201480|202632|1628283,complete,playbyplay_inferred,202662|203015|203826|1627673|1627675,complete,playbyplay_inferred,1611661323,Connecticut Sun
Shot Chart Detail,1021800045,208,1627675,Courtney Williams,1611661324,Minnesota Lynx,2,3,47,Missed Shot,Jump Shot,2PT Field Goal,In The Paint (Non-RA),Center(C),Less Than 8 ft.,7,59,44,1,0,20180609,CON,MIN,2018,1021800045208,9730,validated,,0,matched,playbyplayv2,1611661323,100915|200671|201480|202632|1628283,complete,playbyplay_inferred,202662|203015|203823|203826|1627675,complete,playbyplay_inferred,1611661323,Connecticut Sun
Shot Chart Detail,1021800045,210,203823,Chiney Ogwumike,1611661324,Minnesota Lynx,2,3,46,Made Shot,Putback Layup Shot,2PT Field Goal,Restricted Area,Center(C),Less Than 8 ft.,1,-1,14,1,1,20180609,CON,MIN,2018,1021800045210,9740,validated,,0,matched,playbyplayv2,1611661323,100915|200671|201480|202632|1628283,complete,playbyplay_inferred,202662|203015|203823|203826|1627675,complete,playbyplay_inferred,1611661323,Connecticut Sun
Shot Chart Detail,1021800045,224,202662,Jasmine Thomas,1611661324,Minnesota Lynx,2,2,39,Missed Shot,Jump Shot,3PT Field Goal,Above the Break 3,Right Side Center(RC),16-24 ft.,23,147,186,1,0,20180609,CON,MIN,2018,1021800045224,10410,validated,,0,matched,playbyplayv2,1611661323,100915|200671|201480|202632|1628283,complete,playbyplay_inferred,202662|203015|203823|203826|1627675,complete,playbyplay_inferred,1611661323,Connecticut Sun
Shot Chart Detail,1021800045,260,1627675,Courtney Williams,1611661324,Minnesota Lynx,2,0,49,Missed Shot,Jump Shot,2PT Field Goal,Mid-Range,Right Side(R),16-24 ft.,20,181,102,1,0,20180609,CON,MIN,2018,1021800045260,11510,validated,,0,matched,playbyplayv2,1611661323,100915|100944|200671|201480|1628283,complete,playbyplay_inferred,202662|203015|203826|1627675|1628280,complete,playbyplay_inferred,1611661323,Connecticut Sun
Shot Chart Detail,1021800045,278,1627675,Courtney Williams,1611661324,Minnesota Lynx,2,0,1,Missed Shot,Pullup Jump shot,2PT Field Goal,Mid-Range,Right Side(R),8-16 ft.,13,130,47,1,0,20180609,CON,MIN,2018,1021800045278,11990,validated,,0,matched,playbyplayv2,1611661323,100944|101030|200671|201480|1628283,complete,playbyplay_inferred,202662|203015|203826|1627675|1628280,complete,playbyplay_inferred,1611661323,Connecticut Sun
Shot Chart Detail,1021800045,300,1627675,Courtney Williams,1611661324,Minnesota Lynx,3,8,48,Missed Shot,Jump Shot,3PT Field Goal,Above the Break 3,Right Side Center(RC),24+ ft.,25,171,188,1,0,20180609,CON,MIN,2018,1021800045300,12720,validated,,0,matched,playbyplayv2,1611661323,100915|100944|200671|201480|202632,complete,playbyplay_inferred,202662|203823|203826|1627673|1627675,complete,playbyplay_inferred,1611661323,Connecticut Sun
Shot Chart Detail,1021800045,307,1627675,Courtney Williams,1611661324,Minnesota Lynx,3,7,54,Made Shot,Pullup Jump shot,2PT Field Goal,Mid-Range,Right Side Center(RC),16-24 ft.,18,69,173,1,1,20180609,CON,MIN,2018,1021800045307,13260,validated,,0,matched,playbyplayv2,1611661323,100915|100944|200671|201480|202632,complete,playbyplay_inferred,202662|203823|203826|1627673|1627675,complete,playbyplay_inferred,1611661323,Connecticut Sun
Shot Chart Detail,1021800045,309,202662,Jasmine Thomas,1611661324,Minnesota Lynx,3,7,19,Missed Shot,Pullup Jump shot,2PT Field Goal,Mid-Range,Right Side(R),8-16 ft.,12,123,34,1,0,20180609,CON,MIN,2018,1021800045309,13610,validated,,0,matched,playbyplayv2,1611661323,100915|100944|101030|201480|202632,complete,playbyplay_inferred,202662|203823|203826|1627673|1627675,complete,playbyplay_inferred,1611661323,Connecticut Sun
Shot Chart Detail,1021800045,313,203823,Chiney Ogwumike,1611661324,Minnesota Lynx,3,6,53,Missed Shot,Jump Shot,2PT Field Goal,Mid-Range,Right Side(R),8-16 ft.,8,81,-5,1,0,20180609,CON,MIN,2018,1021800045313,13870,validated,,0,matched,playbyplayv2,1611661323,100915|100944|101030|201480|202632,complete,playbyplay_inferred,202662|203823|203826|1627673|1627675,complete,playbyplay_inferred,1611661323,Connecticut Sun
Shot Chart Detail,1021800045,317,203826,Alyssa Thomas,1611661324,Minnesota Lynx,3,6,43,Made Shot,Driving Layup Shot,2PT Field Goal,Restricted Area,Center(C),Less Than 8 ft.,0,1,2,1,1,20180609,CON,MIN,2018,1021800045317,13970,validated,,0,matched,playbyplayv2,1611661323,100915|100944|101030|201480|202632,complete,playbyplay_inferred,202662|203823|203826|1627673|1627675,complete,playbyplay_inferred,1611661323,Connecticut Sun
Shot Chart Detail,1021800045,335,203410,Alex Bentley,1611661324,Minnesota Lynx,3,5,7,Missed Shot,Jump Shot,2PT Field Goal,In The Paint (Non-RA),Right Side(R),8-16 ft.,11,71,88,1,0,20180609,CON,MIN,2018,1021800045335,14930,validated,,0,matched,playbyplayv2,1611661323,100944|101030|201480|202632|202658,complete,playbyplay_inferred,202662|203410|203823|203826|1627675,complete,playbyplay_inferred,1611661323,Connecticut Sun
Shot Chart Detail,1021800045,339,203410,Alex Bentley,1611661324,Minnesota Lynx,3,4,51,Missed Shot,Jump Shot,2PT Field Goal,Mid-Range,Right Side(R),16-24 ft.,18,151,101,1,0,20180609,CON,MIN,2018,1021800045339,15090,validated,,0,matched,playbyplayv2,1611661323,100944|101030|201480|202632|202658,complete,playbyplay_inferred,202662|203410|203823|203826|1627675,complete,playbyplay_inferred,1611661323,Connecticut Sun
Shot Chart Detail,1021800045,347,203823,Chiney Ogwumike,1611661324,Minnesota Lynx,3,4,28,Made Shot,Layup Shot,2PT Field Goal,Mid-Range,Center(C),16-24 ft.,21,12,210,1,1,20180609,CON,MIN,2018,1021800045347,15320,validated,202662,1,matched,playbyplayv2,1611661323,100944|101030|201480|202632|202658,complete,playbyplay_inferred,202662|203410|203823|203826|1627675,complete,playbyplay_inferred,1611661323,Connecticut Sun
Shot Chart Detail,1021800045,351,203410,Alex Bentley,1611661324,Minnesota Lynx,3,3,59,Made Shot,Jump Shot,2PT Field Goal,Mid-Range,Left Side(L),8-16 ft.,15,-115,106,1,1,20180609,CON,MIN,2018,1021800045351,15610,validated,,0,matched,playbyplayv2,1611661323,101030|201480|202632|202658|1628283,complete,playbyplay_inferred,202662|203410|203823|203826|1627675,complete,playbyplay_inferred,1611661323,Connecticut Sun
Shot Chart Detail,1021800045,359,203015,Shekinna Stricklen,1611661324,Minnesota Lynx,3,3,33,Missed Shot,Jump Shot,3PT Field Goal,Above the Break 3,Left Side Center(LC),24+ ft.,24,-124,211,1,0,20180609,CON,MIN,2018,1021800045359,15870,validated,,0,matched,playbyplayv2,1611661323,101030|201480|202632|202658|1628283,complete,playbyplay_inferred,202662|203015|203410|203823|203826,complete,playbyplay_inferred,1611661323,Connecticut Sun
Shot Chart Detail,1021800045,365,203826,Alyssa Thomas,1611661324,Minnesota Lynx,3,3,12,Missed Shot,Jump Shot,2PT Field Goal,Mid-Range,Right Side Center(RC),16-24 ft.,18,81,161,1,0,20180609,CON,MIN,2018,1021800045365,16080,validated,,0,matched,playbyplayv2,1611661323,101030|201480|202632|202658|1628283,complete,playbyplay_inferred,202662|203015|203410|203823|203826,complete,playbyplay_inferred,1611661323,Connecticut Sun
Shot Chart Detail,1021800045,369,203015,Shekinna Stricklen,1611661324,Minnesota Lynx,3,2,55,Made Shot,Jump Shot,3PT Field Goal,Above the Break 3,Right Side Center(RC),24+ ft.,24,151,199,1,1,20180609,CON,MIN,2018,1021800045369,16250,validated,203826,1,matched,playbyplayv2,1611661323,101030|201480|202632|202658|1628283,complete,playbyplay_inferred,202662|203015|203410|203823|203826,complete,playbyplay_inferred,1611661323,Connecticut Sun
Shot Chart Detail,1021800045,373,202662,Jasmine Thomas,1611661324,Minnesota Lynx,3,2,21,Made Shot,Jump Shot,2PT Field Goal,Restricted Area,Center(C),Less Than 8 ft.,1,13,15,1,1,20180609,CON,MIN,2018,1021800045373,16590,validated,,0,matched,playbyplayv2,1611661323,101030|201480|202632|202658|1628283,complete,playbyplay_inferred,202662|203015|203410|203823|203826,complete,playbyplay_inferred,1611661323,Connecticut Sun
Shot Chart Detail,1021800045,384,203015,Shekinna Stricklen,1611661324,Minnesota Lynx,3,1,48,Made Shot,Jump Shot,3PT Field Goal,Above the Break 3,Right Side Center(RC),24+ ft.,29,135,267,1,1,20180609,CON,MIN,2018,1021800045384,16920,validated,202662,1,matched,playbyplayv2,1611661323,101030|201480|202632|202658|1628283,complete,playbyplay_inferred,202662|203015|203410|203823|203826,complete,playbyplay_inferred,1611661323,Connecticut Sun
Shot Chart Detail,1021800045,398,203823,Chiney Ogwumike,1611661324,Minnesota Lynx,3,1,8,Made Shot,Cutting Layup Shot,2PT Field Goal,Restricted Area,Center(C),Less Than 8 ft.,1,1,15,1,1,20180609,CON,MIN,2018,1021800045398,17320,validated,203410,1,matched,playbyplayv2,1611661323,101030|201480|1628283|1628508|1628866,complete,playbyplay_inferred,203015|203410|203823|203826|1627671,complete,playbyplay_inferred,1611661323,Connecticut Sun
Shot Chart Detail,1021800045,404,203015,Shekinna Stricklen,1611661324,Minnesota Lynx,3,0,33,Made Shot,Jump Shot,2PT Field Goal,Mid-Range,Left Side(L),16-24 ft.,20,-204,2,1,1,20180609,CON,MIN,2018,1021800045404,17670,validated,,0,matched,playbyplayv2,1611661323,101030|201480|1628283|1628508|1628866,complete,playbyplay_inferred,203015|203410|203823|203826|1627671,complete,playbyplay_inferred,1611661323,Connecticut Sun
Shot Chart Detail,1021800045,407,203823,Chiney Ogwumike,1611661324,Minnesota Lynx,3,0,1,Made Shot,Layup Shot,2PT Field Goal,Restricted Area,Center(C),Less Than 8 ft.,2,14,20,1,1,20180609,CON,MIN,2018,1021800045407,17990,validated,203826,1,matched,playbyplayv2,1611661323,101030|201480|1628283|1628508|1628866,complete,playbyplay_inferred,203015|203410|203823|203826|1627671,complete,playbyplay_inferred,1611661323,Connecticut Sun
Shot Chart Detail,1021800045,419,203410,Alex Bentley,1611661324,Minnesota Lynx,4,9,49,Made Shot,Driving Floating Jump Shot,2PT Field Goal,Mid-Range,Right Side(R),8-16 ft.,10,97,34,1,1,20180609,CON,MIN,2018,1021800045419,18110,validated,,0,matched,playbyplayv2,1611661323,101030|201480|202632|1628283|1628866,complete,playbyplay_inferred,203015|203410|203823|1627670|1627671,complete,playbyplay_inferred,1611661323,Connecticut Sun
Shot Chart Detail,1021800045,421,203823,Chiney Ogwumike,1611661324,Minnesota Lynx,4,9,23,Missed Shot,Jump Shot,2PT Field Goal,Mid-Range,Center(C),16-24 ft.,20,-32,201,1,0,20180609,CON,MIN,2018,1021800045421,18370,validated,,0,matched,playbyplayv2,1611661323,101030|201480|202632|1628283|1628866,complete,playbyplay_inferred,203015|203410|203823|1627670|1627671,complete,playbyplay_inferred,1611661323,Connecticut Sun
Shot Chart Detail,1021800045,425,203015,Shekinna Stricklen,1611661324,Minnesota Lynx,4,8,57,Made Shot,Jump Shot,3PT Field Goal,Above the Break 3,Right Side Center(RC),24+ ft.,29,174,243,1,1,20180609,CON,MIN,2018,1021800045425,18630,validated,203410,1,matched,playbyplayv2,1611661323,101030|201480|202632|1628283|1628866,complete,playbyplay_inferred,203015|203410|203823|1627670|1627671,complete,playbyplay_inferred,1611661323,Connecticut Sun
Shot Chart Detail,1021800045,444,203410,Alex Bentley,1611661324,Minnesota Lynx,4,7,58,Missed Shot,Jump Shot,3PT Field Goal,Above the Break 3,Left Side(L),24+ ft.,23,-228,31,1,0,20180609,CON,MIN,2018,1021800045444,19220,validated,,0,matched,playbyplayv2,1611661323,101030|201480|202632|1628283|1628866,complete,playbyplay_inferred,202662|203015|203410|203823|203826,complete,playbyplay_inferred,1611661323,Connecticut Sun
Shot Chart Detail,1021800045,455,202662,Jasmine Thomas,1611661324,Minnesota Lynx,4,7,17,Missed Shot,Jump Shot,2PT Field Goal,Mid-Range,Right Side(R),8-16 ft.,11,113,16,1,0,20180609,CON,MIN,2018,1021800045455,19630,validated,,0,matched,playbyplayv2,1611661323,101030|201480|202632|1628283|1628866,complete,playbyplay_inferred,202662|203015|203823|203826|1627675,complete,playbyplay_inferred,1611661323,Connecticut Sun
Shot Chart Detail,1021800045,457,203823,Chiney Ogwumike,1611661324,Minnesota Lynx,4,7,11,Missed Shot,Putback Layup Shot,2PT Field Goal,Restricted Area,Center(C),Less Than 8 ft.,2,26,12,1,0,20180609,CON,MIN,2018,1021800045457,19690,validated,,0,matched,playbyplayv2,1611661323,101030|201480|202632|1628283|1628866,complete,playbyplay_inferred,202662|203015|203823|203826|1627675,complete,playbyplay_inferred,1611661323,Connecticut Sun
Shot Chart Detail,1021800045,469,202662,Jasmine Thomas,1611661324,Minnesota Lynx,4,6,53,Made Shot,Jump Shot,2PT Field Goal,Mid-Range,Right Side(R),16-24 ft.,17,169,61,1,1,20180609,CON,MIN,2018,1021800045469,19870,validated,,0,matched,playbyplayv2,1611661323,101030|201480|202632|1628283|1628866,complete,playbyplay_inferred,202662|203823|203826|1627673|1627675,complete,playbyplay_inferred,1611661323,Connecticut Sun
Shot Chart Detail,1021800045,482,202662,Jasmine Thomas,1611661324,Minnesota Lynx,4,6,12,Missed Shot,Layup Shot,2PT Field Goal,Restricted Area,Center(C),Less Than 8 ft.,3,29,11,1,0,20180609,CON,MIN,2018,1021800045482,20280,validated,,0,matched,playbyplayv2,1611661323,101030|201480|202632|1628283|1628866,complete,playbyplay_inferred,202662|203823|203826|1627673|1627675,complete,playbyplay_inferred,1611661323,Connecticut Sun
Shot Chart Detail,1021800045,485,203823,Chiney Ogwumike,1611661324,Minnesota Lynx,4,6,1,Made Shot,Putback Layup Shot,2PT Field Goal,Restricted Area,Center(C),Less Than 8 ft.,1,0,12,1,1,20180609,CON,MIN,2018,1021800045485,20390,validated,,0,matched,playbyplayv2,1611661323,101030|201480|202632|1628283|1628866,complete,playbyplay_inferred,202662|203823|203826|1627673|1627675,complete,playbyplay_inferred,1611661323,Connecticut Sun
Shot Chart Detail,1021800045,488,1627673,Jonquel Jones,1611661324,Minnesota Lynx,4,5,30,Made Shot,Jump Shot,3PT Field Goal,Above the Break 3,Left Side Center(LC),24+ ft.,23,-130,201,1,1,20180609,CON,MIN,2018,1021800045488,20700,validated,202662,1,matched,playbyplayv2,1611661323,101030|201480|202632|1628283|1628866,complete,playbyplay_inferred,202662|203823|203826|1627673|1627675,complete,playbyplay_inferred,1611661323,Connecticut Sun
Shot Chart Detail,1021800045,502,203826,Alyssa Thomas,1611661324,Minnesota Lynx,4,4,46,Made Shot,Jump Shot,2PT Field Goal,Mid-Range,Right Side(R),8-16 ft.,13,129,40,1,1,20180609,CON,MIN,2018,1021800045502,21140,validated,1627675,1,matched,playbyplayv2,1611661323,100915|200671|201480|202632|1628508,complete,playbyplay_inferred,202662|203823|203826|1627673|1627675,complete,playbyplay_inferred,1611661323,Connecticut Sun
Shot Chart Detail,1021800045,506,1627675,Courtney Williams,1611661324,Minnesota Lynx,4,4,17,Missed Shot,Jump Shot,2PT Field Goal,Mid-Range,Left Side(L),8-16 ft.,11,-111,40,1,0,20180609,CON,MIN,2018,1021800045506,21430,validated,,0,matched,playbyplayv2,1611661323,100915|200671|201480|202632|1628508,complete,playbyplay_inferred,202662|203823|203826|1627673|1627675,complete,playbyplay_inferred,1611661323,Connecticut Sun
Shot Chart Detail,1021800045,508,1627675,Courtney Williams,1611661324,Minnesota Lynx,4,4,12,Made Shot,Jump Shot,2PT Field Goal,Mid-Range,Left Side(L),8-16 ft.,11,-117,-6,1,1,20180609,CON,MIN,2018,1021800045508,21480,validated,203826,1,matched,playbyplayv2,1611661323,100915|200671|201480|202632|1628508,complete,playbyplay_inferred,202662|203823|203826|1627673|1627675,complete,playbyplay_inferred,1611661323,Connecticut Sun
Shot Chart Detail,1021800045,520,202662,Jasmine Thomas,1611661324,Minnesota Lynx,4,3,41,Made Shot,Step Back Jump shot,2PT Field Goal,Mid-Range,Right Side(R),8-16 ft.,14,142,-23,1,1,20180609,CON,MIN,2018,1021800045520,21790,validated,,0,matched,playbyplayv2,1611661323,100915|101030|201480|202632|1628508,complete,playbyplay_inferred,202662|203823|203826|1627673|1627675,complete,playbyplay_inferred,1611661323,Connecticut Sun
Shot Chart Detail,1021800045,523,202662,Jasmine Thomas,1611661324,Minnesota Lynx,4,2,57,Missed Shot,Jump Shot,2PT Field Goal,Mid-Range,Right Side Center(RC),16-24 ft.,20,94,182,1,0,20180609,CON,MIN,2018,1021800045523,22230,validated,,0,matched,playbyplayv2,1611661323,100915|101030|201480|202632|1628508,complete,playbyplay_inferred,202662|203823|203826|1627673|1627675,complete,playbyplay_inferred,1611661323,Connecticut Sun
Shot Chart Detail,1021800045,527,203823,Chiney Ogwumike,1611661324,Minnesota Lynx,4,2,52,Missed Shot,Layup Shot,2PT Field Goal,Restricted Area,Center(C),Less Than 8 ft.,2,12,16,1,0,20180609,CON,MIN,2018,1021800045527,22280,validated,,0,matched,playbyplayv2,1611661323,100915|101030|201480|202632|1628508,complete,playbyplay_inferred,202662|203823|203826|1627673|1627675,complete,playbyplay_inferred,1611661323,Connecticut Sun
Shot Chart Detail,1021800045,562,1627670,Morgan Tuck,1611661324,Minnesota Lynx,4,1,13,Missed Shot,Jump Shot,2PT Field Goal,Restricted Area,Center(C),Less Than 8 ft.,2,1,27,1,0,20180609,CON,MIN,2018,1021800045562,23270,validated,,0,matched,playbyplayv2,1611661323,100915|101030|203041|1628508|1628866,complete,playbyplay_inferred,204335|1627670|1627671|1628280|1628882,complete,playbyplay_inferred,1611661323,Connecticut Sun
Shot Chart Detail,1021800045,564,204335,Betnijah Laney-Hamilton,1611661324,Minnesota Lynx,4,1,11,Missed Shot,Layup Shot,2PT Field Goal,Restricted Area,Center(C),Less Than 8 ft.,1,12,13,1,0,20180609,CON,MIN,2018,1021800045564,23290,validated,,0,matched,playbyplayv2,1611661323,100915|101030|203041|1628508|1628866,complete,playbyplay_inferred,204335|1627670|1627671|1628280|1628882,complete,playbyplay_inferred,1611661323,Connecticut Sun
Shot Chart Detail,1021800045,575,1628882,Lexie Brown,1611661324,Minnesota Lynx,4,0,40,Missed Shot,Jump Shot,3PT Field Goal,Above the Break 3,Right Side Center(RC),24+ ft.,28,170,226,1,0,20180609,CON,MIN,2018,1021800045575,23600,validated,,0,matched,playbyplayv2,1611661323,101030|203041|1628283|1628508|1628866,complete,playbyplay_inferred,204335|1627670|1627671|1628280|1628882,complete,playbyplay_inferred,1611661323,Connecticut Sun
Shot Chart Detail,1021800045,577,1627670,Morgan Tuck,1611661324,Minnesota Lynx,4,0,36,Made Shot,Putback Layup Shot,2PT Field Goal,Restricted Area,Center(C),Less Than 8 ft.,0,0,2,1,1,20180609,CON,MIN,2018,1021800045577,23640,validated,,0,matched,playbyplayv2,1611661323,101030|203041|1628283|1628508|1628866,complete,playbyplay_inferred,204335|1627670|1627671|1628280|1628882,complete,playbyplay_inferred,1611661323,Connecticut Sun
Shot Chart Detail,1021800045,580,1627671,Rachel Banham,1611661324,Minnesota Lynx,4,0,12,Missed Shot,Jump Shot,2PT Field Goal,Mid-Range,Center(C),16-24 ft.,21,-2,210,1,0,20180609,CON,MIN,2018,1021800045580,23880,validated,,0,matched,playbyplayv2,1611661323,101030|203041|1628283|1628508|1628866,complete,playbyplay_inferred,204335|1627670|1627671|1628280|1628882,complete,playbyplay_inferred,1611661323,Connecticut Sun
Shot Chart Detail,1021800061,7,201889,Marissa Coleman,1611661324,Minnesota Lynx,1,9,36,Missed Shot,Jump Shot,3PT Field Goal,Above the Break 3,Right Side(R),24+ ft.,23,230,52,1,0,20180616,MIN,NYL,2018,10218000617,240,validated,,0,matched,playbyplayv2,1611661313,100915|100944|101030|201480|202632,complete,playbyplay_inferred,201889|201913|201919|202250|203829,complete,playbyplay_inferred,1611661313,New York Liberty
Shot Chart Detail,1021800061,10,201913,Kia Vaughn,1611661324,Minnesota Lynx,1,9,14,Missed Shot,Turnaround Hook Shot,2PT Field Goal,In The Paint (Non-RA),Center(C),Less Than 8 ft.,5,-39,38,1,0,20180616,MIN,NYL,2018,102180006110,460,validated,,0,matched,playbyplayv2,1611661313,100915|100944|101030|201480|202632,complete,playbyplay_inferred,201889|201913|201919|202250|203829,complete,playbyplay_inferred,1611661313,New York Liberty
Shot Chart Detail,1021800061,13,203829,Bria Hartley,1611661324,Minnesota Lynx,1,8,42,Made Shot,Jump Shot,3PT Field Goal,Above the Break 3,Left Side Center(LC),16-24 ft.,23,-158,174,1,1,20180616,MIN,NYL,2018,102180006113,780,validated,,0,matched,playbyplayv2,1611661313,100915|100944|101030|201480|202632,complete,playbyplay_inferred,201889|201913|201919|202250|203829,complete,playbyplay_inferred,1611661313,New York Liberty
Shot Chart Detail,1021800061,16,201919,Shavonte Zellous,1611661324,Minnesota Lynx,1,8,3,Missed Shot,Pullup Jump shot,2PT Field Goal,Mid-Range,Center(C),16-24 ft.,17,-35,173,1,0,20180616,MIN,NYL,2018,102180006116,1170,validated,,0,matched,playbyplayv2,1611661313,100915|100944|101030|201480|202632,complete,playbyplay_inferred,201889|201913|201919|202250|203829,complete,playbyplay_inferred,1611661313,New York Liberty
Shot Chart Detail,1021800061,20,201913,Kia Vaughn,1611661324,Minnesota Lynx,1,7,34,Made Shot,Jump Shot,2PT Field Goal,Mid-Range,Right Side(R),8-16 ft.,12,126,-5,1,1,20180616,MIN,NYL,2018,102180006120,1460,validated,201919,1,matched,playbyplayv2,1611661313,100915|100944|101030|201480|202632,complete,playbyplay_inferred,201889|201913|201919|202250|203829,complete,playbyplay_inferred,1611661313,New York Liberty
Shot Chart Detail,1021800061,25,201913,Kia Vaughn,1611661324,Minnesota Lynx,1,6,55,Made Shot,Jump Shot,2PT Field Goal,Mid-Range,Center(C),16-24 ft.,16,-34,162,1,1,20180616,MIN,NYL,2018,102180006125,1850,validated,203829,1,matched,playbyplayv2,1611661313,100915|100944|101030|201480|202632,complete,playbyplay_inferred,201889|201913|201919|202250|203829,complete,playbyplay_inferred,1611661313,New York Liberty
Shot Chart Detail,1021800061,29,202250,Tina Charles,1611661324,Minnesota Lynx,1,6,27,Missed Shot,Jump Shot,3PT Field Goal,Above the Break 3,Center(C),24+ ft.,23,-4,238,1,0,20180616,MIN,NYL,2018,102180006129,2130,validated,,0,matched,playbyplayv2,1611661313,100915|100944|101030|201480|202632,complete,playbyplay_inferred,201889|201913|201919|202250|203829,complete,playbyplay_inferred,1611661313,New York Liberty
Shot Chart Detail,1021800061,33,202250,Tina Charles,1611661324,Minnesota Lynx,1,5,43,Made Shot,Step Back Jump shot,2PT Field Goal,Mid-Range,Right Side(R),8-16 ft.,12,124,2,1,1,20180616,MIN,NYL,2018,102180006133,2570,validated,,0,matched,playbyplayv2,1611661313,100915|100944|101030|201480|202632,complete,playbyplay_inferred,201889|201913|201919|202250|203829,complete,playbyplay_inferred,1611661313,New York Liberty
Shot Chart Detail,1021800061,61,204327,Brittany Boyd-Jones,1611661324,Minnesota Lynx,1,3,49,Missed Shot,Jump Shot,3PT Field Goal,Left Corner 3,Left Side(L),24+ ft.,22,-224,2,1,0,20180616,MIN,NYL,2018,102180006161,3710,validated,,0,matched,playbyplayv2,1611661313,100944|201480|202632|202658|1628283,complete,playbyplay_inferred,201913|201919|202250|204327|1628915,complete,playbyplay_inferred,1611661313,New York Liberty
Shot Chart Detail,1021800061,74,202259,Epiphanny Prince,1611661324,Minnesota Lynx,1,2,58,Made Shot,Jump Shot,2PT Field Goal,Mid-Range,Right Side(R),16-24 ft.,17,172,19,1,1,20180616,MIN,NYL,2018,102180006174,4220,validated,204327,1,matched,playbyplayv2,1611661313,100944|201480|202632|202658|1628283,complete,playbyplay_inferred,202250|202259|204327|204329|1628915,complete,playbyplay_inferred,1611661313,New York Liberty
Shot Chart Detail,1021800061,84,204327,Brittany Boyd-Jones,1611661324,Minnesota Lynx,1,2,25,Missed Shot,Driving Layup Shot,2PT Field Goal,Restricted Area,Center(C),Less Than 8 ft.,1,4,18,1,0,20180616,MIN,NYL,2018,102180006184,4550,validated,,0,matched,playbyplayv2,1611661313,201480|202658|203041|1628283|1628508,complete,playbyplay_inferred,202250|202259|204327|204329|1628915,complete,playbyplay_inferred,1611661313,New York Liberty
Shot Chart Detail,1021800061,90,1628915,Kia Nurse,1611661324,Minnesota Lynx,1,2,10,Missed Shot,Jump Shot,3PT Field Goal,Above the Break 3,Left Side Center(LC),24+ ft.,24,-124,208,1,0,20180616,MIN,NYL,2018,102180006190,4700,validated,,0,matched,playbyplayv2,1611661313,201480|202658|203041|1628283|1628508,complete,playbyplay_inferred,202250|202259|204327|204329|1628915,complete,playbyplay_inferred,1611661313,New York Liberty
Shot Chart Detail,1021800061,104,204329,Kiah Stokes,1611661324,Minnesota Lynx,1,1,17,Made Shot,Layup Shot,2PT Field Goal,Restricted Area,Center(C),Less Than 8 ft.,2,17,12,1,1,20180616,MIN,NYL,2018,1021800061104,5230,validated,202259,1,matched,playbyplayv2,1611661313,201480|202658|203041|1628283|1628508,complete,playbyplay_inferred,202259|204320|204327|204329|1628915,complete,playbyplay_inferred,1611661313,New York Liberty
Shot Chart Detail,1021800061,112,204327,Brittany Boyd-Jones,1611661324,Minnesota Lynx,1,0,26,Made Shot,Jump Shot,3PT Field Goal,Above the Break 3,Right Side Center(RC),24+ ft.,25,85,237,1,1,20180616,MIN,NYL,2018,1021800061112,5740,validated,202259,1,matched,playbyplayv2,1611661313,202658|203041|1627701|1628283|1628508,complete,playbyplay_inferred,202259|204320|204327|204329|1628915,complete,playbyplay_inferred,1611661313,New York Liberty
Shot Chart Detail,1021800061,136,203829,Bria Hartley,1611661324,Minnesota Lynx,2,9,25,Missed Shot,Driving Layup Shot,2PT Field Goal,Restricted Area,Center(C),Less Than 8 ft.,1,11,15,1,0,20180616,MIN,NYL,2018,1021800061136,6350,validated,,0,matched,playbyplayv2,1611661313,100915|100944|1627701|1628283|1628508,complete,playbyplay_inferred,202250|202259|203829|204320|1628915,complete,playbyplay_inferred,1611661313,New York Liberty
Shot Chart Detail,1021800061,140,202259,Epiphanny Prince,1611661324,Minnesota Lynx,2,8,49,Made Shot,Jump Shot,2PT Field Goal,Mid-Range,Left Side Center(LC),16-24 ft.,16,-56,160,1,1,20180616,MIN,NYL,2018,1021800061140,6710,validated,203829,1,matched,playbyplayv2,1611661313,100915|100944|1627701|1628283|1628508,complete,playbyplay_inferred,202250|202259|203829|204320|1628915,complete,playbyplay_inferred,1611661313,New York Liberty
Shot Chart Detail,1021800061,156,203829,Bria Hartley,1611661324,Minnesota Lynx,2,7,54,Made Shot,Layup Shot,2PT Field Goal,Restricted Area,Center(C),Less Than 8 ft.,1,3,13,1,1,20180616,MIN,NYL,2018,1021800061156,7260,validated,204320,1,matched,playbyplayv2,1611661313,100915|100944|101030|1627701|1628508,complete,playbyplay_inferred,202250|202259|203411|203829|204320,complete,playbyplay_inferred,1611661313,New York Liberty
Shot Chart Detail,1021800061,173,203411,Sugar Rodgers,1611661324,Minnesota Lynx,2,6,58,Made Shot,Jump Shot,3PT Field Goal,Left Corner 3,Left Side(L),24+ ft.,22,-221,4,1,1,20180616,MIN,NYL,2018,1021800061173,7820,validated,203829,1,matched,playbyplayv2,1611661313,100915|100944|101030|201480|202632,complete,playbyplay_inferred,201913|201919|202250|203411|203829,complete,playbyplay_inferred,1611661313,New York Liberty
Shot Chart Detail,1021800061,179,202250,Tina Charles,1611661324,Minnesota Lynx,2,6,31,Missed Shot,Turnaround Fadeaway Bank Jump Shot,2PT Field Goal,Mid-Range,Left Side(L),8-16 ft.,14,-136,35,1,0,20180616,MIN,NYL,2018,1021800061179,8090,validated,,0,matched,playbyplayv2,1611661313,100915|100944|101030|201480|202632,complete,playbyplay_inferred,201913|201919|202250|203411|203829,complete,playbyplay_inferred,1611661313,New York Liberty
Shot Chart Detail,1021800061,182,202250,Tina Charles,1611661324,Minnesota Lynx,2,6,7,Missed Shot,Turnaround Jump Shot,2PT Field Goal,In The Paint (Non-RA),Center(C),8-16 ft.,10,-35,98,1,0,20180616,MIN,NYL,2018,1021800061182,8330,validated,,0,matched,playbyplayv2,1611661313,100915|100944|101030|201480|202632,complete,playbyplay_inferred,201913|201919|202250|203411|203829,complete,playbyplay_inferred,1611661313,New York Liberty
Shot Chart Detail,1021800061,186,203829,Bria Hartley,1611661324,Minnesota Lynx,2,5,51,Made Shot,Layup Shot,2PT Field Goal,Restricted Area,Center(C),Less Than 8 ft.,0,4,3,1,1,20180616,MIN,NYL,2018,1021800061186,8490,validated,203411,1,matched,playbyplayv2,1611661313,100915|100944|101030|201480|202632,complete,playbyplay_inferred,201913|201919|202250|203411|203829,complete,playbyplay_inferred,1611661313,New York Liberty
Shot Chart Detail,1021800061,194,201919,Shavonte Zellous,1611661324,Minnesota Lynx,2,5,18,Made Shot,Pullup Jump shot,2PT Field Goal,Mid-Range,Center(C),16-24 ft.,16,-2,160,1,1,20180616,MIN,NYL,2018,1021800061194,8820,validated,,0,matched,playbyplayv2,1611661313,100944|101030|201480|202632|202658,complete,playbyplay_inferred,201913|201919|202250|203411|203829,complete,playbyplay_inferred,1611661313,New York Liberty
Shot Chart Detail,1021800061,206,201919,Shavonte Zellous,1611661324,Minnesota Lynx,2,4,39,Missed Shot,Layup Shot,2PT Field Goal,Restricted Area,Center(C),Less Than 8 ft.,2,15,24,1,0,20180616,MIN,NYL,2018,1021800061206,9210,validated,,0,matched,playbyplayv2,1611661313,100944|101030|201480|202632|202658,complete,playbyplay_inferred,201919|202250|203411|203829|204329,complete,playbyplay_inferred,1611661313,New York Liberty
Shot Chart Detail,1021800061,211,201919,Shavonte Zellous,1611661324,Minnesota Lynx,2,4,13,Made Shot,Pullup Jump shot,2PT Field Goal,Mid-Range,Right Side(R),16-24 ft.,18,166,92,1,1,20180616,MIN,NYL,2018,1021800061211,9470,validated,,0,matched,playbyplayv2,1611661313,100944|101030|201480|202632|202658,complete,playbyplay_inferred,201919|202250|203411|203829|204329,complete,playbyplay_inferred,1611661313,New York Liberty
Shot Chart Detail,1021800061,214,202250,Tina Charles,1611661324,Minnesota Lynx,2,3,47,Made Shot,Jump Shot,3PT Field Goal,Above the Break 3,Right Side Center(RC),24+ ft.,23,120,207,1,1,20180616,MIN,NYL,2018,1021800061214,9730,validated,203411,1,matched,playbyplayv2,1611661313,100944|101030|201480|202632|202658,complete,playbyplay_inferred,201919|202250|203411|203829|204329,complete,playbyplay_inferred,1611661313,New York Liberty
Shot Chart Detail,1021800061,219,202250,Tina Charles,1611661324,Minnesota Lynx,2,2,55,Missed Shot,Step Back Jump shot,2PT Field Goal,Mid-Range,Left Side Center(LC),16-24 ft.,19,-91,178,1,0,20180616,MIN,NYL,2018,1021800061219,10250,validated,,0,matched,playbyplayv2,1611661313,101030|201480|202632|202658|1628508,complete,playbyplay_inferred,201919|202250|203411|203829|204329,complete,playbyplay_inferred,1611661313,New York Liberty
Shot Chart Detail,1021800061,226,204329,Kiah Stokes,1611661324,Minnesota Lynx,2,2,24,Missed Shot,Jump Shot,2PT Field Goal,Mid-Range,Center(C),16-24 ft.,21,-17,213,1,0,20180616,MIN,NYL,2018,1021800061226,10560,validated,,0,matched,playbyplayv2,1611661313,101030|201480|202632|202658|1628508,complete,playbyplay_inferred,201919|202250|203411|203829|204329,complete,playbyplay_inferred,1611661313,New York Liberty
Shot Chart Detail,1021800061,249,204320,Amanda Zahui B,1611661324,Minnesota Lynx,2,1,7,Made Shot,Jump Shot,3PT Field Goal,Above the Break 3,Center(C),24+ ft.,24,-29,240,1,1,20180616,MIN,NYL,2018,1021800061249,11330,validated,201889,1,matched,playbyplayv2,1611661313,101030|201480|202632|1628283|1628508,complete,playbyplay_inferred,201889|203829|204320|204329|1628915,complete,playbyplay_inferred,1611661313,New York Liberty
Shot Chart Detail,1021800061,288,203829,Bria Hartley,1611661324,Minnesota Lynx,3,9,23,Missed Shot,Step Back Jump shot,3PT Field Goal,Above the Break 3,Left Side Center(LC),16-24 ft.,23,-153,181,1,0,20180616,MIN,NYL,2018,1021800061288,12370,validated,,0,matched,playbyplayv2,1611661313,100915|100944|101030|201480|202632,complete,playbyplay_inferred,201889|201913|201919|202250|203829,complete,playbyplay_inferred,1611661313,New York Liberty
Shot Chart Detail,1021800061,293,202250,Tina Charles,1611661324,Minnesota Lynx,3,8,45,Missed Shot,Turnaround Jump Shot,2PT Field Goal,In The Paint (Non-RA),Center(C),Less Than 8 ft.,7,39,66,1,0,20180616,MIN,NYL,2018,1021800061293,12750,validated,,0,matched,playbyplayv2,1611661313,100915|100944|101030|201480|202632,complete,playbyplay_inferred,201889|201913|201919|202250|203829,complete,playbyplay_inferred,1611661313,New York Liberty
Shot Chart Detail,1021800061,297,201919,Shavonte Zellous,1611661324,Minnesota Lynx,3,8,32,Made Shot,Layup Shot,2PT Field Goal,Restricted Area,Center(C),Less Than 8 ft.,2,1,20,1,1,20180616,MIN,NYL,2018,1021800061297,12880,validated,203829,1,matched,playbyplayv2,1611661313,100915|100944|101030|201480|202632,complete,playbyplay_inferred,201889|201913|201919|202250|203829,complete,playbyplay_inferred,1611661313,New York Liberty
Shot Chart Detail,1021800061,301,203829,Bria Hartley,1611661324,Minnesota Lynx,3,8,6,Missed Shot,Driving Layup Shot,2PT Field Goal,Restricted Area,Center(C),Less Than 8 ft.,2,2,22,1,0,20180616,MIN,NYL,2018,1021800061301,13140,validated,,0,matched,playbyplayv2,1611661313,100915|100944|101030|201480|202632,complete,playbyplay_inferred,201889|201913|201919|202250|203829,complete,playbyplay_inferred,1611661313,New York Liberty
Shot Chart Detail,1021800061,305,202250,Tina Charles,1611661324,Minnesota Lynx,3,7,37,Made Shot,Jump Shot,2PT Field Goal,Mid-Range,Center(C),16-24 ft.,20,34,206,1,1,20180616,MIN,NYL,2018,1021800061305,13430,validated,201919,1,matched,playbyplayv2,1611661313,100915|100944|101030|201480|202632,complete,playbyplay_inferred,201889|201913|201919|202250|203829,complete,playbyplay_inferred,1611661313,New York Liberty
Shot Chart Detail,1021800061,309,202250,Tina Charles,1611661324,Minnesota Lynx,3,7,8,Made Shot,Jump Shot,3PT Field Goal,Above the Break 3,Center(C),16-24 ft.,23,13,231,1,1,20180616,MIN,NYL,2018,1021800061309,13720,validated,201919,1,matched,playbyplayv2,1611661313,100915|100944|101030|201480|202632,complete,playbyplay_inferred,201889|201913|201919|202250|203829,complete,playbyplay_inferred,1611661313,New York Liberty
Shot Chart Detail,1021800061,313,202250,Tina Charles,1611661324,Minnesota Lynx,3,6,40,Missed Shot,Running Jump Shot,2PT Field Goal,In The Paint (Non-RA),Center(C),Less Than 8 ft.,6,-24,59,1,0,20180616,MIN,NYL,2018,1021800061313,14000,validated,,0,matched,playbyplayv2,1611661313,100915|100944|101030|201480|202632,complete,playbyplay_inferred,201889|201913|201919|202250|203829,complete,playbyplay_inferred,1611661313,New York Liberty
Shot Chart Detail,1021800061,332,203829,Bria Hartley,1611661324,Minnesota Lynx,3,5,43,Missed Shot,Pullup Jump shot,2PT Field Goal,Mid-Range,Left Side Center(LC),16-24 ft.,20,-155,133,1,0,20180616,MIN,NYL,2018,1021800061332,14570,validated,,0,matched,playbyplayv2,1611661313,100944|101030|201480|202632|202658,complete,playbyplay_inferred,201889|202250|202259|203829|204329,complete,playbyplay_inferred,1611661313,New York Liberty
Shot Chart Detail,1021800061,344,201889,Marissa Coleman,1611661324,Minnesota Lynx,3,5,24,Missed Shot,Turnaround Jump Shot,2PT Field Goal,In The Paint (Non-RA),Center(C),8-16 ft.,12,-4,129,1,0,20180616,MIN,NYL,2018,1021800061344,14760,validated,,0,matched,playbyplayv2,1611661313,100944|201480|202632|202658|1628508,complete,playbyplay_inferred,201889|202259|204320|204327|204329,complete,playbyplay_inferred,1611661313,New York Liberty
Shot Chart Detail,1021800061,346,202259,Epiphanny Prince,1611661324,Minnesota Lynx,3,5,14,Missed Shot,Jump Shot,3PT Field Goal,Above the Break 3,Center(C),24+ ft.,23,-70,228,1,0,20180616,MIN,NYL,2018,1021800061346,14860,validated,,0,matched,playbyplayv2,1611661313,100944|201480|202632|202658|1628508,complete,playbyplay_inferred,201889|202259|204320|204327|204329,complete,playbyplay_inferred,1611661313,New York Liberty
Shot Chart Detail,1021800061,371,202259,Epiphanny Prince,1611661324,Minnesota Lynx,3,3,38,Missed Shot,Driving Layup Shot,2PT Field Goal,In The Paint (Non-RA),Center(C),Less Than 8 ft.,6,53,32,1,0,20180616,MIN,NYL,2018,1021800061371,15820,validated,,0,matched,playbyplayv2,1611661313,201480|202632|202658|1627701|1628508,complete,playbyplay_inferred,202259|204320|204327|204329|1628915,complete,playbyplay_inferred,1611661313,New York Liberty
Shot Chart Detail,1021800061,373,204329,Kiah Stokes,1611661324,Minnesota Lynx,3,3,30,Missed Shot,Jump Shot,2PT Field Goal,Mid-Range,Left Side(L),8-16 ft.,12,-121,6,1,0,20180616,MIN,NYL,2018,1021800061373,15900,validated,,0,matched,playbyplayv2,1611661313,201480|202632|202658|1627701|1628508,complete,playbyplay_inferred,202259|204320|204327|204329|1628915,complete,playbyplay_inferred,1611661313,New York Liberty
Shot Chart Detail,1021800061,388,204320,Amanda Zahui B,1611661324,Minnesota Lynx,3,2,53,Missed Shot,Jump Shot,3PT Field Goal,Above the Break 3,Right Side Center(RC),16-24 ft.,23,136,194,1,0,20180616,MIN,NYL,2018,1021800061388,16270,validated,,0,matched,playbyplayv2,1611661313,201480|202632|202658|1627701|1628508,complete,playbyplay_inferred,202250|202259|204320|204327|1628915,complete,playbyplay_inferred,1611661313,New York Liberty
Shot Chart Detail,1021800061,394,204320,Amanda Zahui B,1611661324,Minnesota Lynx,3,2,17,Missed Shot,Jump Shot,3PT Field Goal,Above the Break 3,Center(C),16-24 ft.,23,36,233,1,0,20180616,MIN,NYL,2018,1021800061394,16630,validated,,0,matched,playbyplayv2,1611661313,201480|202632|202658|1627701|1628508,complete,playbyplay_inferred,202250|202259|204320|204327|1628915,complete,playbyplay_inferred,1611661313,New York Liberty
Shot Chart Detail,1021800061,410,1628915,Kia Nurse,1611661324,Minnesota Lynx,3,1,26,Made Shot,Cutting Layup Shot,2PT Field Goal,Restricted Area,Center(C),Less Than 8 ft.,2,1,21,1,1,20180616,MIN,NYL,2018,1021800061410,17140,validated,202250,1,matched,playbyplayv2,1611661313,201480|202658|1627701|1628283|1628508,complete,playbyplay_inferred,202250|203411|204296|204327|1628915,complete,playbyplay_inferred,1611661313,New York Liberty
Shot Chart Detail,1021800061,414,204327,Brittany Boyd-Jones,1611661324,Minnesota Lynx,3,1,4,Made Shot,Driving Layup Shot,2PT Field Goal,Restricted Area,Center(C),Less Than 8 ft.,1,0,10,1,1,20180616,MIN,NYL,2018,1021800061414,17360,validated,,0,matched,playbyplayv2,1611661313,201480|202658|1627701|1628283|1628508,complete,playbyplay_inferred,202250|203411|204296|204327|1628915,complete,playbyplay_inferred,1611661313,New York Liberty
Shot Chart Detail,1021800061,421,203411,Sugar Rodgers,1611661324,Minnesota Lynx,3,0,37,Missed Shot,Jump Shot,3PT Field Goal,Left Corner 3,Left Side(L),24+ ft.,23,-236,18,1,0,20180616,MIN,NYL,2018,1021800061421,17630,validated,,0,matched,playbyplayv2,1611661313,202658|1627701|1628283|1628508|1628866,complete,playbyplay_inferred,202250|203411|204296|204327|1628915,complete,playbyplay_inferred,1611661313,New York Liberty
Shot Chart Detail,1021800061,436,202250,Tina Charles,1611661324,Minnesota Lynx,4,9,49,Missed Shot,Jump Shot,2PT Field Goal,Mid-Range,Left Side(L),8-16 ft.,12,-122,44,1,0,20180616,MIN,NYL,2018,1021800061436,18110,validated,,0,matched,playbyplayv2,1611661313,202632|202658|1627701|1628283|1628508,complete,playbyplay_inferred,202250|203411|204296|204327|1628915,complete,playbyplay_inferred,1611661313,New York Liberty
Shot Chart Detail,1021800061,443,203411,Sugar Rodgers,1611661324,Minnesota Lynx,4,9,20,Missed Shot,Jump Shot,3PT Field Goal,Above the Break 3,Right Side Center(RC),24+ ft.,25,145,204,1,0,20180616,MIN,NYL,2018,1021800061443,18400,validated,,0,matched,playbyplayv2,1611661313,202632|202658|1627701|1628283|1628508,complete,playbyplay_inferred,202250|203411|204296|204327|1628915,complete,playbyplay_inferred,1611661313,New York Liberty
Shot Chart Detail,1021800061,447,204327,Brittany Boyd-Jones,1611661324,Minnesota Lynx,4,8,48,Made Shot,Driving Layup Shot,2PT Field Goal,Restricted Area,Center(C),Less Than 8 ft.,2,-9,18,1,1,20180616,MIN,NYL,2018,1021800061447,18720,validated,,0,matched,playbyplayv2,1611661313,202632|202658|1627701|1628283|1628508,complete,playbyplay_inferred,202250|203411|204296|204327|1628915,complete,playbyplay_inferred,1611661313,New York Liberty
Shot Chart Detail,1021800061,450,1628915,Kia Nurse,1611661324,Minnesota Lynx,4,8,21,Missed Shot,Pullup Jump shot,2PT Field Goal,Mid-Range,Right Side Center(RC),16-24 ft.,18,97,161,1,0,20180616,MIN,NYL,2018,1021800061450,18990,validated,,0,matched,playbyplayv2,1611661313,202632|202658|1627701|1628283|1628508,complete,playbyplay_inferred,202250|203411|204296|204327|1628915,complete,playbyplay_inferred,1611661313,New York Liberty
Shot Chart Detail,1021800061,462,202250,Tina Charles,1611661324,Minnesota Lynx,4,7,40,Missed Shot,Jump Shot,3PT Field Goal,Above the Break 3,Center(C),16-24 ft.,23,-52,230,1,0,20180616,MIN,NYL,2018,1021800061462,19400,validated,,0,matched,playbyplayv2,1611661313,101030|201480|202632|1628283|1628508,complete,playbyplay_inferred,202250|203411|204296|204327|1628915,complete,playbyplay_inferred,1611661313,New York Liberty
Shot Chart Detail,1021800061,466,204296,Rebecca Allen,1611661324,Minnesota Lynx,4,7,4,Made Shot,Jump Shot,2PT Field Goal,Mid-Range,Left Side(L),8-16 ft.,14,-147,12,1,1,20180616,MIN,NYL,2018,1021800061466,19760,validated,202250,1,matched,playbyplayv2,1611661313,101030|201480|202632|1628283|1628508,complete,playbyplay_inferred,202250|203411|204296|204327|1628915,complete,playbyplay_inferred,1611661313,New York Liberty
Shot Chart Detail,1021800061,482,202250,Tina Charles,1611661324,Minnesota Lynx,4,6,12,Made Shot,Layup Shot,2PT Field Goal,In The Paint (Non-RA),Center(C),Less Than 8 ft.,5,12,53,1,1,20180616,MIN,NYL,2018,1021800061482,20280,validated,203829,1,matched,playbyplayv2,1611661313,100944|101030|201480|202632|202658,complete,playbyplay_inferred,202250|203411|203829|204296|1628915,complete,playbyplay_inferred,1611661313,New York Liberty
Shot Chart Detail,1021800061,486,1628915,Kia Nurse,1611661324,Minnesota Lynx,4,5,46,Made Shot,Layup Shot,2PT Field Goal,Restricted Area,Center(C),Less Than 8 ft.,2,2,20,1,1,20180616,MIN,NYL,2018,1021800061486,20540,validated,203829,1,matched,playbyplayv2,1611661313,100944|101030|201480|202632|202658,complete,playbyplay_inferred,202250|203411|203829|204296|1628915,complete,playbyplay_inferred,1611661313,New York Liberty
Shot Chart Detail,1021800061,495,202250,Tina Charles,1611661324,Minnesota Lynx,4,5,15,Missed Shot,Jump Shot,2PT Field Goal,Mid-Range,Left Side(L),8-16 ft.,12,-116,45,1,0,20180616,MIN,NYL,2018,1021800061495,20850,validated,,0,matched,playbyplayv2,1611661313,100944|201480|202632|202658|1628508,complete,playbyplay_inferred,202250|203411|203829|204296|1628915,complete,playbyplay_inferred,1611661313,New York Liberty
Shot Chart Detail,1021800061,504,1628915,Kia Nurse,1611661324,Minnesota Lynx,4,4,5,Missed Shot,Jump Shot,3PT Field Goal,Right Corner 3,Right Side(R),24+ ft.,23,231,20,1,0,20180616,MIN,NYL,2018,1021800061504,21550,validated,,0,matched,playbyplayv2,1611661313,100944|201480|202632|202658|1628508,complete,playbyplay_inferred,202250|203411|203829|204296|1628915,complete,playbyplay_inferred,1611661313,New York Liberty
Shot Chart Detail,1021800061,532,203411,Sugar Rodgers,1611661324,Minnesota Lynx,4,2,50,Missed Shot,Jump Shot,3PT Field Goal,Above the Break 3,Right Side Center(RC),16-24 ft.,23,78,220,1,0,20180616,MIN,NYL,2018,1021800061532,22300,validated,,0,matched,playbyplayv2,1611661313,100915|100944|201480|202632|1628508,complete,playbyplay_inferred,202259|203411|204296|204320|204327,complete,playbyplay_inferred,1611661313,New York Liberty
Shot Chart Detail,1021800061,537,202259,Epiphanny Prince,1611661324,Minnesota Lynx,4,2,39,Made Shot,Jump Shot,3PT Field Goal,Above the Break 3,Left Side Center(LC),24+ ft.,25,-109,225,1,1,20180616,MIN,NYL,2018,1021800061537,22410,validated,204327,1,matched,playbyplayv2,1611661313,100915|100944|201480|202632|1628508,complete,playbyplay_inferred,202259|203411|204296|204320|204327,complete,playbyplay_inferred,1611661313,New York Liberty
Shot Chart Detail,1021800061,546,204296,Rebecca Allen,1611661324,Minnesota Lynx,4,1,45,Made Shot,Driving Finger Roll Layup Shot,2PT Field Goal,Restricted Area,Center(C),Less Than 8 ft.,2,-9,20,1,1,20180616,MIN,NYL,2018,1021800061546,22950,validated,,0,matched,playbyplayv2,1611661313,100915|100944|201480|202632|1628508,complete,playbyplay_inferred,202259|203411|204296|204320|204327,complete,playbyplay_inferred,1611661313,New York Liberty
Shot Chart Detail,1021800061,549,204296,Rebecca Allen,1611661324,Minnesota Lynx,4,1,19,Missed Shot,Jump Shot,3PT Field Goal,Right Corner 3,Right Side(R),24+ ft.,22,226,5,1,0,20180616,MIN,NYL,2018,1021800061549,23210,validated,,0,matched,playbyplayv2,1611661313,100915|100944|201480|202632|1628508,complete,playbyplay_inferred,202259|203411|204296|204320|204327,complete,playbyplay_inferred,1611661313,New York Liberty
Shot Chart Detail,1021800061,555,204320,Amanda Zahui B,1611661324,Minnesota Lynx,4,0,36,Made Shot,Driving Layup Shot,2PT Field Goal,Restricted Area,Center(C),Less Than 8 ft.,2,0,21,1,1,20180616,MIN,NYL,2018,1021800061555,23640,validated,,0,matched,playbyplayv2,1611661313,100915|100944|201480|202632|1628508,complete,playbyplay_inferred,202259|203411|204296|204320|204327,complete,playbyplay_inferred,1611661313,New York Liberty
Shot Chart Detail,1021800061,567,204296,Rebecca Allen,1611661324,Minnesota Lynx,4,0,13,Made Shot,Jump Shot,3PT Field Goal,Above the Break 3,Right Side(R),24+ ft.,23,221,74,1,1,20180616,MIN,NYL,2018,1021800061567,23870,validated,204327,1,matched,playbyplayv2,1611661313,101030|1627701|1628283|1628508|1628866,complete,playbyplay_inferred,202259|203411|204296|204320|204327,complete,playbyplay_inferred,1611661313,New York Liberty
Shot Chart Detail,1021800067,10,203017,Glory Johnson,1611661324,Minnesota Lynx,1,9,25,Made Shot,Jump Shot,2PT Field Goal,Mid-Range,Right Side Center(RC),16-24 ft.,19,101,168,1,1,20180619,MIN,DAL,2018,102180006710,350,validated,203400,1,matched,playbyplayv2,1611661321,100915|100944|200671|201480|202632,complete,playbyplay_inferred,202633|203017|203400|1628273|1628277,complete,playbyplay_inferred,1611661321,Dallas Wings
Shot Chart Detail,1021800067,14,202633,Liz Cambage,1611661324,Minnesota Lynx,1,8,54,Missed Shot,Jump Shot,2PT Field Goal,In The Paint (Non-RA),Center(C),Less Than 8 ft.,6,-45,42,1,0,20180619,MIN,DAL,2018,102180006714,660,validated,,0,matched,playbyplayv2,1611661321,100915|100944|200671|201480|202632,complete,playbyplay_inferred,202633|203017|203400|1628273|1628277,complete,playbyplay_inferred,1611661321,Dallas Wings
Shot Chart Detail,1021800067,24,203017,Glory Johnson,1611661324,Minnesota Lynx,1,8,13,Missed Shot,Jump Shot,3PT Field Goal,Above the Break 3,Right Side Center(RC),24+ ft.,24,121,208,1,0,20180619,MIN,DAL,2018,102180006724,1070,validated,,0,matched,playbyplayv2,1611661321,100915|100944|200671|201480|202632,complete,playbyplay_inferred,202633|203017|203400|1628273|1628277,complete,playbyplay_inferred,1611661321,Dallas Wings
Shot Chart Detail,1021800067,32,1628277,Allisha Gray,1611661324,Minnesota Lynx,1,7,30,Missed Shot,Jump Shot,2PT Field Goal,In The Paint (Non-RA),Center(C),8-16 ft.,9,-39,82,1,0,20180619,MIN,DAL,2018,102180006732,1500,validated,,0,matched,playbyplayv2,1611661321,100915|100944|200671|201480|202632,complete,playbyplay_inferred,202633|203017|203400|1628273|1628277,complete,playbyplay_inferred,1611661321,Dallas Wings
Shot Chart Detail,1021800067,43,202633,Liz Cambage,1611661324,Minnesota Lynx,1,6,58,Made Shot,Layup Shot,2PT Field Goal,In The Paint (Non-RA),Center(C),Less Than 8 ft.,5,53,10,1,1,20180619,MIN,DAL,2018,102180006743,1820,validated,203400,1,matched,playbyplayv2,1611661321,100944|200671|201480|202632|202658,complete,playbyplay_inferred,202633|203017|203400|1628273|1628277,complete,playbyplay_inferred,1611661321,Dallas Wings
Shot Chart Detail,1021800067,59,1628273,Kaela Davis,1611661324,Minnesota Lynx,1,6,8,Missed Shot,Step Back Jump shot,2PT Field Goal,Mid-Range,Center(C),16-24 ft.,21,-28,209,1,0,20180619,MIN,DAL,2018,102180006759,2320,validated,,0,matched,playbyplayv2,1611661321,100944|200671|201480|202632|202658,complete,playbyplay_inferred,202633|203017|203400|1628273|1628277,complete,playbyplay_inferred,1611661321,Dallas Wings
Shot Chart Detail,1021800067,71,1628273,Kaela Davis,1611661324,Minnesota Lynx,1,5,11,Missed Shot,Jump Shot,3PT Field Goal,Above the Break 3,Left Side Center(LC),24+ ft.,24,-125,209,1,0,20180619,MIN,DAL,2018,102180006771,2890,validated,,0,matched,playbyplayv2,1611661321,100944|200671|201480|202632|202658,complete,playbyplay_inferred,202633|203017|203400|1628273|1628277,complete,playbyplay_inferred,1611661321,Dallas Wings
Shot Chart Detail,1021800067,85,202633,Liz Cambage,1611661324,Minnesota Lynx,1,4,0,Missed Shot,Layup Shot,2PT Field Goal,In The Paint (Non-RA),Center(C),Less Than 8 ft.,4,-42,2,1,0,20180619,MIN,DAL,2018,102180006785,3600,validated,,0,matched,playbyplayv2,1611661321,100944|101030|201480|202632|202658,complete,playbyplay_inferred,202633|203400|203866|1627672|1628277,complete,playbyplay_inferred,1611661321,Dallas Wings
Shot Chart Detail,1021800067,90,203866,Kayla Thornton,1611661324,Minnesota Lynx,1,3,33,Made Shot,Cutting Layup Shot,2PT Field Goal,Restricted Area,Center(C),Less Than 8 ft.,2,25,9,1,1,20180619,MIN,DAL,2018,102180006790,3870,validated,1627672,1,matched,playbyplayv2,1611661321,100944|101030|201480|202632|202658,complete,playbyplay_inferred,202633|203400|203866|1627672|1628277,complete,playbyplay_inferred,1611661321,Dallas Wings
Shot Chart Detail,1021800067,116,202633,Liz Cambage,1611661324,Minnesota Lynx,1,2,3,Made Shot,Turnaround Jump Shot,2PT Field Goal,In The Paint (Non-RA),Center(C),Less Than 8 ft.,6,63,-5,1,1,20180619,MIN,DAL,2018,1021800067116,4770,validated,203400,1,matched,playbyplayv2,1611661321,100944|101030|202632|202658|203041,complete,playbyplay_inferred,202633|203400|203866|1627672|1628285,complete,playbyplay_inferred,1611661321,Dallas Wings
Shot Chart Detail,1021800067,125,202633,Liz Cambage,1611661324,Minnesota Lynx,1,1,16,Made Shot,Layup Shot,2PT Field Goal,Restricted Area,Center(C),Less Than 8 ft.,2,-15,20,1,1,20180619,MIN,DAL,2018,1021800067125,5240,validated,203400,1,matched,playbyplayv2,1611661321,100944|101030|200671|202658|203041,complete,playbyplay_inferred,202633|203400|203866|1627672|1628285,complete,playbyplay_inferred,1611661321,Dallas Wings
Shot Chart Detail,1021800067,140,1628285,Leticia Romero,1611661324,Minnesota Lynx,1,0,27,Made Shot,Driving Floating Jump Shot,2PT Field Goal,In The Paint (Non-RA),Center(C),8-16 ft.,9,13,91,1,1,20180619,MIN,DAL,2018,1021800067140,5730,validated,,0,matched,playbyplayv2,1611661321,100944|200671|202632|202658|1628508,complete,playbyplay_inferred,202633|203400|203866|1627672|1628285,complete,playbyplay_inferred,1611661321,Dallas Wings
Shot Chart Detail,1021800067,146,203400,Skylar Diggins,1611661324,Minnesota Lynx,1,0,0,Missed Shot,Pullup Jump shot,3PT Field Goal,Above the Break 3,Left Side Center(LC),24+ ft.,24,-169,177,1,0,20180619,MIN,DAL,2018,1021800067146,6000,validated,,0,matched,playbyplayv2,1611661321,100944|200671|202632|202658|1628508,complete,playbyplay_inferred,202633|203400|203866|1627672|1628285,complete,playbyplay_inferred,1611661321,Dallas Wings
Shot Chart Detail,1021800067,158,1627672,Aerial Powers,1611661324,Minnesota Lynx,2,9,25,Missed Shot,Turnaround Jump Shot,2PT Field Goal,Mid-Range,Right Side(R),8-16 ft.,10,102,-17,1,0,20180619,MIN,DAL,2018,1021800067158,6350,validated,,0,matched,playbyplayv2,1611661321,200671|201480|202632|202658|1628508,complete,playbyplay_inferred,203400|203866|1627672|1628285|1628922,complete,playbyplay_inferred,1611661321,Dallas Wings
Shot Chart Detail,1021800067,160,1628285,Leticia Romero,1611661324,Minnesota Lynx,2,9,20,Made Shot,Jump Shot,2PT Field Goal,Mid-Range,Right Side(R),8-16 ft.,13,113,81,1,1,20180619,MIN,DAL,2018,1021800067160,6400,validated,,0,matched,playbyplayv2,1611661321,200671|201480|202632|202658|1628508,complete,playbyplay_inferred,203400|203866|1627672|1628285|1628922,complete,playbyplay_inferred,1611661321,Dallas Wings
Shot Chart Detail,1021800067,163,1628922,Azurá Stevens,1611661324,Minnesota Lynx,2,8,53,Missed Shot,Jump Shot,3PT Field Goal,Above the Break 3,Right Side Center(RC),24+ ft.,23,113,211,1,0,20180619,MIN,DAL,2018,1021800067163,6670,validated,,0,matched,playbyplayv2,1611661321,200671|201480|202632|202658|1628508,complete,playbyplay_inferred,203400|203866|1627672|1628285|1628922,complete,playbyplay_inferred,1611661321,Dallas Wings
Shot Chart Detail,1021800067,171,203866,Kayla Thornton,1611661324,Minnesota Lynx,2,8,8,Made Shot,Cutting Layup Shot,2PT Field Goal,Restricted Area,Center(C),Less Than 8 ft.,2,24,-7,1,1,20180619,MIN,DAL,2018,1021800067171,7120,validated,1627672,1,matched,playbyplayv2,1611661321,100944|200671|202632|202658|1628508,complete,playbyplay_inferred,203400|203866|1627672|1628285|1628922,complete,playbyplay_inferred,1611661321,Dallas Wings
Shot Chart Detail,1021800067,195,1628277,Allisha Gray,1611661324,Minnesota Lynx,2,6,22,Missed Shot,Jump Shot,3PT Field Goal,Above the Break 3,Right Side(R),16-24 ft.,23,218,93,1,0,20180619,MIN,DAL,2018,1021800067195,8180,validated,,0,matched,playbyplayv2,1611661321,100944|200671|202632|1628283|1628508,complete,playbyplay_inferred,203866|1628273|1628277|1628285|1628922,complete,playbyplay_inferred,1611661321,Dallas Wings
Shot Chart Detail,1021800067,217,203017,Glory Johnson,1611661324,Minnesota Lynx,2,4,49,Made Shot,Jump Shot,2PT Field Goal,Mid-Range,Center(C),16-24 ft.,17,-36,170,1,1,20180619,MIN,DAL,2018,1021800067217,9110,validated,203400,1,matched,playbyplayv2,1611661321,100944|200671|202632|1628283|1628508,complete,playbyplay_inferred,202633|203017|203400|1628273|1628277,complete,playbyplay_inferred,1611661321,Dallas Wings
Shot Chart Detail,1021800067,221,1628277,Allisha Gray,1611661324,Minnesota Lynx,2,4,23,Missed Shot,Floating Jump shot,2PT Field Goal,Mid-Range,Left Side(L),8-16 ft.,14,-139,43,1,0,20180619,MIN,DAL,2018,1021800067221,9370,validated,,0,matched,playbyplayv2,1611661321,100944|200671|202632|1628283|1628508,complete,playbyplay_inferred,202633|203017|203400|1628273|1628277,complete,playbyplay_inferred,1611661321,Dallas Wings
Shot Chart Detail,1021800067,263,203400,Skylar Diggins,1611661324,Minnesota Lynx,2,1,17,Missed Shot,Pullup Jump shot,2PT Field Goal,Mid-Range,Center(C),8-16 ft.,14,-16,144,1,0,20180619,MIN,DAL,2018,1021800067263,11230,validated,,0,matched,playbyplayv2,1611661321,100944|101030|202632|202658|1628283,complete,playbyplay_inferred,202633|203017|203400|1627672|1628273,complete,playbyplay_inferred,1611661321,Dallas Wings
Shot Chart Detail,1021800067,277,203400,Skylar Diggins,1611661324,Minnesota Lynx,2,0,3,Missed Shot,Jump Shot,3PT Field Goal,Above the Break 3,Left Side Center(LC),24+ ft.,24,-122,217,1,0,20180619,MIN,DAL,2018,1021800067277,11970,validated,,0,matched,playbyplayv2,1611661321,100944|101030|202632|202658|1628283,complete,playbyplay_inferred,202633|203017|203400|1628273|1628277,complete,playbyplay_inferred,1611661321,Dallas Wings
Shot Chart Detail,1021800067,298,1628273,Kaela Davis,1611661324,Minnesota Lynx,3,9,23,Made Shot,Jump Shot,2PT Field Goal,Mid-Range,Center(C),16-24 ft.,19,-37,188,1,1,20180619,MIN,DAL,2018,1021800067298,12370,validated,202633,1,matched,playbyplayv2,1611661321,100915|100944|200671|201480|202632,complete,playbyplay_inferred,202633|203017|203400|1628273|1628277,complete,playbyplay_inferred,1611661321,Dallas Wings
Shot Chart Detail,1021800067,308,1628277,Allisha Gray,1611661324,Minnesota Lynx,3,8,55,Missed Shot,Driving Hook Shot,2PT Field Goal,In The Paint (Non-RA),Center(C),Less Than 8 ft.,6,4,67,1,0,20180619,MIN,DAL,2018,1021800067308,12650,validated,,0,matched,playbyplayv2,1611661321,100915|100944|200671|201480|202632,complete,playbyplay_inferred,202633|203017|203400|1627672|1628277,complete,playbyplay_inferred,1611661321,Dallas Wings
Shot Chart Detail,1021800067,312,203017,Glory Johnson,1611661324,Minnesota Lynx,3,8,27,Missed Shot,Pullup Jump shot,2PT Field Goal,Mid-Range,Right Side Center(RC),16-24 ft.,16,85,140,1,0,20180619,MIN,DAL,2018,1021800067312,12930,validated,,0,matched,playbyplayv2,1611661321,100915|100944|200671|201480|202632,complete,playbyplay_inferred,202633|203017|203400|1627672|1628277,complete,playbyplay_inferred,1611661321,Dallas Wings
Shot Chart Detail,1021800067,316,202633,Liz Cambage,1611661324,Minnesota Lynx,3,8,1,Missed Shot,Driving Layup Shot,2PT Field Goal,Restricted Area,Center(C),Less Than 8 ft.,2,-26,11,1,0,20180619,MIN,DAL,2018,1021800067316,13190,validated,,0,matched,playbyplayv2,1611661321,100915|100944|200671|201480|202632,complete,playbyplay_inferred,202633|203017|203400|1627672|1628277,complete,playbyplay_inferred,1611661321,Dallas Wings
Shot Chart Detail,1021800067,320,1627672,Aerial Powers,1611661324,Minnesota Lynx,3,7,41,Made Shot,Pullup Jump shot,2PT Field Goal,Mid-Range,Right Side Center(RC),16-24 ft.,20,127,157,1,1,20180619,MIN,DAL,2018,1021800067320,13390,validated,,0,matched,playbyplayv2,1611661321,100915|100944|200671|201480|202632,complete,playbyplay_inferred,202633|203017|203400|1627672|1628277,complete,playbyplay_inferred,1611661321,Dallas Wings
Shot Chart Detail,1021800067,323,203400,Skylar Diggins,1611661324,Minnesota Lynx,3,7,5,Made Shot,Driving Layup Shot,2PT Field Goal,In The Paint (Non-RA),Center(C),Less Than 8 ft.,4,-20,36,1,1,20180619,MIN,DAL,2018,1021800067323,13750,validated,202633,1,matched,playbyplayv2,1611661321,100915|100944|200671|201480|202632,complete,playbyplay_inferred,202633|203017|203400|1627672|1628277,complete,playbyplay_inferred,1611661321,Dallas Wings
Shot Chart Detail,1021800067,333,1628277,Allisha Gray,1611661324,Minnesota Lynx,3,6,34,Missed Shot,Jump Shot,3PT Field Goal,Above the Break 3,Left Side Center(LC),24+ ft.,24,-100,223,1,0,20180619,MIN,DAL,2018,1021800067333,14060,validated,,0,matched,playbyplayv2,1611661321,100915|100944|200671|201480|202632,complete,playbyplay_inferred,202633|203017|203400|1627672|1628277,complete,playbyplay_inferred,1611661321,Dallas Wings
Shot Chart Detail,1021800067,347,203400,Skylar Diggins,1611661324,Minnesota Lynx,3,6,8,Made Shot,Jump Shot,3PT Field Goal,Above the Break 3,Left Side Center(LC),24+ ft.,24,-135,210,1,1,20180619,MIN,DAL,2018,1021800067347,14320,validated,,0,matched,playbyplayv2,1611661321,100915|100944|200671|201480|202632,complete,playbyplay_inferred,202633|203017|203400|203866|1628277,complete,playbyplay_inferred,1611661321,Dallas Wings
Shot Chart Detail,1021800067,357,203400,Skylar Diggins,1611661324,Minnesota Lynx,3,5,7,Missed Shot,Jump Shot,3PT Field Goal,Above the Break 3,Right Side Center(RC),24+ ft.,25,114,232,1,0,20180619,MIN,DAL,2018,1021800067357,14930,validated,,0,matched,playbyplayv2,1611661321,100944|200671|201480|202632|202658,complete,playbyplay_inferred,202633|203017|203400|203866|1628277,complete,playbyplay_inferred,1611661321,Dallas Wings
Shot Chart Detail,1021800067,374,202633,Liz Cambage,1611661324,Minnesota Lynx,3,4,28,Made Shot,Turnaround Jump Shot,2PT Field Goal,Mid-Range,Right Side(R),8-16 ft.,8,88,-4,1,1,20180619,MIN,DAL,2018,1021800067374,15320,validated,203017,1,matched,playbyplayv2,1611661321,100944|200671|201480|202632|202658,complete,playbyplay_inferred,202633|203017|203400|1628277|1628922,complete,playbyplay_inferred,1611661321,Dallas Wings
Shot Chart Detail,1021800067,378,1628922,Azurá Stevens,1611661324,Minnesota Lynx,3,3,52,Missed Shot,Running Jump Shot,2PT Field Goal,Mid-Range,Left Side(L),8-16 ft.,8,-82,14,1,0,20180619,MIN,DAL,2018,1021800067378,15680,validated,,0,matched,playbyplayv2,1611661321,100944|200671|201480|202632|202658,complete,playbyplay_inferred,202633|203017|203400|1628277|1628922,complete,playbyplay_inferred,1611661321,Dallas Wings
Shot Chart Detail,1021800067,383,203400,Skylar Diggins,1611661324,Minnesota Lynx,3,3,34,Missed Shot,Jump Shot,3PT Field Goal,Left Corner 3,Left Side(L),24+ ft.,23,-232,-3,1,0,20180619,MIN,DAL,2018,1021800067383,15860,validated,,0,matched,playbyplayv2,1611661321,100944|200671|201480|202632|202658,complete,playbyplay_inferred,202633|203017|203400|1628277|1628922,complete,playbyplay_inferred,1611661321,Dallas Wings
Shot Chart Detail,1021800067,397,202633,Liz Cambage,1611661324,Minnesota Lynx,3,2,58,Missed Shot,Jump Shot,2PT Field Goal,Mid-Range,Left Side(L),8-16 ft.,8,-85,25,1,0,20180619,MIN,DAL,2018,1021800067397,16220,validated,,0,matched,playbyplayv2,1611661321,100944|201480|202632|202658|1628508,complete,playbyplay_inferred,202633|203400|203866|1628277|1628922,complete,playbyplay_inferred,1611661321,Dallas Wings
Shot Chart Detail,1021800067,399,202633,Liz Cambage,1611661324,Minnesota Lynx,3,2,51,Missed Shot,Jump Shot,2PT Field Goal,In The Paint (Non-RA),Center(C),8-16 ft.,11,2,114,1,0,20180619,MIN,DAL,2018,1021800067399,16290,validated,,0,matched,playbyplayv2,1611661321,100944|201480|202632|202658|1628508,complete,playbyplay_inferred,202633|203400|203866|1628277|1628922,complete,playbyplay_inferred,1611661321,Dallas Wings
Shot Chart Detail,1021800067,403,1628922,Azurá Stevens,1611661324,Minnesota Lynx,3,2,35,Made Shot,Layup Shot,2PT Field Goal,Restricted Area,Center(C),Less Than 8 ft.,3,30,3,1,1,20180619,MIN,DAL,2018,1021800067403,16450,validated,202633,1,matched,playbyplayv2,1611661321,100944|201480|202632|202658|1628508,complete,playbyplay_inferred,202633|203400|203866|1628277|1628922,complete,playbyplay_inferred,1611661321,Dallas Wings
Shot Chart Detail,1021800067,407,1628922,Azurá Stevens,1611661324,Minnesota Lynx,3,2,15,Missed Shot,Layup Shot,2PT Field Goal,Restricted Area,Center(C),Less Than 8 ft.,2,27,3,1,0,20180619,MIN,DAL,2018,1021800067407,16650,validated,,0,matched,playbyplayv2,1611661321,100944|201480|202632|202658|1628508,complete,playbyplay_inferred,202633|203400|203866|1628277|1628922,complete,playbyplay_inferred,1611661321,Dallas Wings
Shot Chart Detail,1021800067,421,1628277,Allisha Gray,1611661324,Minnesota Lynx,3,1,45,Made Shot,Driving Layup Shot,2PT Field Goal,Restricted Area,Center(C),Less Than 8 ft.,2,-9,28,1,1,20180619,MIN,DAL,2018,1021800067421,16950,validated,,0,matched,playbyplayv2,1611661321,101030|201480|202658|1628508|1628866,complete,playbyplay_inferred,203017|203866|1628277|1628285|1628922,complete,playbyplay_inferred,1611661321,Dallas Wings
Shot Chart Detail,1021800067,429,1628922,Azurá Stevens,1611661324,Minnesota Lynx,3,1,1,Made Shot,Pullup Jump shot,2PT Field Goal,Mid-Range,Right Side(R),8-16 ft.,13,120,56,1,1,20180619,MIN,DAL,2018,1021800067429,17390,validated,203017,1,matched,playbyplayv2,1611661321,101030|201480|202658|1628508|1628866,complete,playbyplay_inferred,203017|203866|1628277|1628285|1628922,complete,playbyplay_inferred,1611661321,Dallas Wings
Shot Chart Detail,1021800067,432,1628922,Azurá Stevens,1611661324,Minnesota Lynx,3,0,28,Made Shot,Jump Shot,3PT Field Goal,Above the Break 3,Right Side(R),24+ ft.,24,230,81,1,1,20180619,MIN,DAL,2018,1021800067432,17720,validated,203017,1,matched,playbyplayv2,1611661321,101030|201480|202658|1628508|1628866,complete,playbyplay_inferred,203017|203866|1628277|1628285|1628922,complete,playbyplay_inferred,1611661321,Dallas Wings
Shot Chart Detail,1021800067,443,1628922,Azurá Stevens,1611661324,Minnesota Lynx,3,0,0,Missed Shot,Jump Shot,3PT Field Goal,Above the Break 3,Center(C),24+ ft.,29,-70,283,1,0,20180619,MIN,DAL,2018,1021800067443,18000,validated,,0,matched,playbyplayv2,1611661321,101030|201480|202658|1628508|1628866,complete,playbyplay_inferred,203017|203866|1628277|1628285|1628922,complete,playbyplay_inferred,1611661321,Dallas Wings
Shot Chart Detail,1021800067,455,1628922,Azurá Stevens,1611661324,Minnesota Lynx,4,9,32,Made Shot,Turnaround Jump Shot,2PT Field Goal,In The Paint (Non-RA),Center(C),Less Than 8 ft.,4,42,-2,1,1,20180619,MIN,DAL,2018,1021800067455,18280,validated,1628285,1,matched,playbyplayv2,1611661321,101030|201480|202658|1628508|1628866,complete,playbyplay_inferred,202633|203866|1628273|1628285|1628922,complete,playbyplay_inferred,1611661321,Dallas Wings
Shot Chart Detail,1021800067,471,203400,Skylar Diggins,1611661324,Minnesota Lynx,4,8,27,Made Shot,Layup Shot,2PT Field Goal,Restricted Area,Center(C),Less Than 8 ft.,2,-20,14,1,1,20180619,MIN,DAL,2018,1021800067471,18930,validated,203866,1,matched,playbyplayv2,1611661321,101030|201480|202658|1628508|1628866,complete,playbyplay_inferred,202633|203400|203866|1628273|1628922,complete,playbyplay_inferred,1611661321,Dallas Wings
Shot Chart Detail,1021800067,484,203866,Kayla Thornton,1611661324,Minnesota Lynx,4,7,55,Made Shot,Jump Shot,3PT Field Goal,Above the Break 3,Right Side Center(RC),24+ ft.,24,217,111,1,1,20180619,MIN,DAL,2018,1021800067484,19250,validated,203400,1,matched,playbyplayv2,1611661321,200671|201480|202632|1628283|1628508,complete,playbyplay_inferred,202633|203400|203866|1627672|1628273,complete,playbyplay_inferred,1611661321,Dallas Wings
Shot Chart Detail,1021800067,490,1628273,Kaela Davis,1611661324,Minnesota Lynx,4,7,26,Missed Shot,Driving Layup Shot,2PT Field Goal,Restricted Area,Center(C),Less Than 8 ft.,3,26,20,1,0,20180619,MIN,DAL,2018,1021800067490,19540,validated,,0,matched,playbyplayv2,1611661321,200671|201480|202632|1628283|1628508,complete,playbyplay_inferred,202633|203400|203866|1627672|1628273,complete,playbyplay_inferred,1611661321,Dallas Wings
Shot Chart Detail,1021800067,508,1628922,Azurá Stevens,1611661324,Minnesota Lynx,4,6,25,Missed Shot,Jump Shot,3PT Field Goal,Above the Break 3,Right Side Center(RC),24+ ft.,23,221,88,1,0,20180619,MIN,DAL,2018,1021800067508,20150,validated,,0,matched,playbyplayv2,1611661321,100944|200671|201480|202632|1628283,complete,playbyplay_inferred,202633|203400|203866|1627672|1628922,complete,playbyplay_inferred,1611661321,Dallas Wings
Shot Chart Detail,1021800067,510,203866,Kayla Thornton,1611661324,Minnesota Lynx,4,6,16,Missed Shot,Step Back Jump shot,3PT Field Goal,Above the Break 3,Center(C),24+ ft.,25,70,240,1,0,20180619,MIN,DAL,2018,1021800067510,20240,validated,,0,matched,playbyplayv2,1611661321,100944|200671|201480|202632|1628283,complete,playbyplay_inferred,202633|203400|203866|1627672|1628922,complete,playbyplay_inferred,1611661321,Dallas Wings
Shot Chart Detail,1021800067,520,203400,Skylar Diggins,1611661324,Minnesota Lynx,4,5,41,Missed Shot,Floating Jump shot,2PT Field Goal,In The Paint (Non-RA),Right Side(R),8-16 ft.,8,53,63,1,0,20180619,MIN,DAL,2018,1021800067520,20590,validated,,0,matched,playbyplayv2,1611661321,100944|200671|201480|202632|202658,complete,playbyplay_inferred,202633|203400|203866|1627672|1628922,complete,playbyplay_inferred,1611661321,Dallas Wings
Shot Chart Detail,1021800067,522,203866,Kayla Thornton,1611661324,Minnesota Lynx,4,5,36,Missed Shot,Jump Shot,3PT Field Goal,Above the Break 3,Center(C),24+ ft.,24,20,244,1,0,20180619,MIN,DAL,2018,1021800067522,20640,validated,,0,matched,playbyplayv2,1611661321,100944|200671|201480|202632|202658,complete,playbyplay_inferred,202633|203400|203866|1627672|1628922,complete,playbyplay_inferred,1611661321,Dallas Wings
Shot Chart Detail,1021800067,547,1627672,Aerial Powers,1611661324,Minnesota Lynx,4,4,32,Missed Shot,Jump Shot,2PT Field Goal,Mid-Range,Center(C),8-16 ft.,15,54,146,1,0,20180619,MIN,DAL,2018,1021800067547,21280,validated,,0,matched,playbyplayv2,1611661321,100944|200671|201480|202632|202658,complete,playbyplay_inferred,202633|203400|203866|1627672|1628277,complete,playbyplay_inferred,1611661321,Dallas Wings
Shot Chart Detail,1021800067,554,202633,Liz Cambage,1611661324,Minnesota Lynx,4,4,10,Made Shot,Turnaround Jump Shot,2PT Field Goal,Mid-Range,Right Side(R),8-16 ft.,11,96,58,1,1,20180619,MIN,DAL,2018,1021800067554,21500,validated,1628277,1,matched,playbyplayv2,1611661321,100944|200671|201480|202632|202658,complete,playbyplay_inferred,202633|203400|203866|1627672|1628277,complete,playbyplay_inferred,1611661321,Dallas Wings
Shot Chart Detail,1021800067,559,203866,Kayla Thornton,1611661324,Minnesota Lynx,4,3,41,Made Shot,Running Layup Shot,2PT Field Goal,Restricted Area,Center(C),Less Than 8 ft.,3,37,11,1,1,20180619,MIN,DAL,2018,1021800067559,21790,validated,203400,1,matched,playbyplayv2,1611661321,100944|200671|201480|202632|202658,complete,playbyplay_inferred,202633|203400|203866|1627672|1628277,complete,playbyplay_inferred,1611661321,Dallas Wings
Shot Chart Detail,1021800067,569,203866,Kayla Thornton,1611661324,Minnesota Lynx,4,3,0,Made Shot,Jump Shot,3PT Field Goal,Above the Break 3,Center(C),24+ ft.,25,74,249,1,1,20180619,MIN,DAL,2018,1021800067569,22200,validated,202633,1,matched,playbyplayv2,1611661321,100944|200671|201480|202632|202658,complete,playbyplay_inferred,202633|203400|203866|1627672|1628277,complete,playbyplay_inferred,1611661321,Dallas Wings
Shot Chart Detail,1021800067,580,1627672,Aerial Powers,1611661324,Minnesota Lynx,4,1,51,Made Shot,Jump Shot,3PT Field Goal,Above the Break 3,Left Side(L),24+ ft.,23,-232,44,1,1,20180619,MIN,DAL,2018,1021800067580,22890,validated,202633,1,matched,playbyplayv2,1611661321,100944|200671|201480|202632|202658,complete,playbyplay_inferred,202633|203400|203866|1627672|1628277,complete,playbyplay_inferred,1611661321,Dallas Wings
Shot Chart Detail,1021800067,584,203400,Skylar Diggins,1611661324,Minnesota Lynx,4,1,29,Made Shot,Running Layup Shot,2PT Field Goal,Restricted Area,Center(C),Less Than 8 ft.,3,-28,13,1,1,20180619,MIN,DAL,2018,1021800067584,23110,validated,1628277,1,matched,playbyplayv2,1611661321,100944|200671|201480|202632|202658,complete,playbyplay_inferred,202633|203400|203866|1627672|1628277,complete,playbyplay_inferred,1611661321,Dallas Wings
Shot Chart Detail,1021800067,591,1627672,Aerial Powers,1611661324,Minnesota Lynx,4,1,6,Missed Shot,Jump Shot,3PT Field Goal,Above the Break 3,Left Side Center(LC),24+ ft.,28,-157,233,1,0,20180619,MIN,DAL,2018,1021800067591,23340,validated,,0,matched,playbyplayv2,1611661321,100944|200671|201480|202632|202658,complete,playbyplay_inferred,202633|203400|203866|1627672|1628277,complete,playbyplay_inferred,1611661321,Dallas Wings
Shot Chart Detail,1021800067,607,1627672,Aerial Powers,1611661324,Minnesota Lynx,4,0,46,Made Shot,Driving Layup Shot,2PT Field Goal,Restricted Area,Center(C),Less Than 8 ft.,3,32,4,1,1,20180619,MIN,DAL,2018,1021800067607,23540,validated,,0,matched,playbyplayv2,1611661321,100944|200671|201480|202632|202658,complete,playbyplay_inferred,202633|203400|203866|1627672|1628277,complete,playbyplay_inferred,1611661321,Dallas Wings
Shot Chart Detail,1021800067,612,203400,Skylar Diggins,1611661324,Minnesota Lynx,4,0,20,Made Shot,Pullup Jump shot,3PT Field Goal,Above the Break 3,Left Side Center(LC),24+ ft.,26,-100,249,1,1,20180619,MIN,DAL,2018,1021800067612,23800,validated,,0,matched,playbyplayv2,1611661321,100944|200671|201480|202632|202658,complete,playbyplay_inferred,202633|203400|203866|1627672|1628277,complete,playbyplay_inferred,1611661321,Dallas Wings
Shot Chart Detail,1021800067,622,203400,Skylar Diggins,1611661324,Minnesota Lynx,4,0,15,Missed Shot,Pullup Jump shot,3PT Field Goal,Above the Break 3,Left Side Center(LC),24+ ft.,30,-148,271,1,0,20180619,MIN,DAL,2018,1021800067622,23850,validated,,0,matched,playbyplayv2,1611661321,100944|200671|201480|202632|202658,complete,playbyplay_inferred,202633|203400|203866|1627672|1628277,complete,playbyplay_inferred,1611661321,Dallas Wings
Shot Chart Detail,1021800074,7,201886,DeWanna Bonner,1611661324,Minnesota Lynx,1,9,39,Missed Shot,Jump Shot,3PT Field Goal,Above the Break 3,Right Side Center(RC),24+ ft.,26,210,160,1,0,20180622,PHO,MIN,2018,10218000747,210,validated,,0,matched,playbyplayv2,1611661317,100915|100944|200671|201480|202632,complete,playbyplay_inferred,100940|101023|201886|201896|203398,complete,playbyplay_inferred,1611661317,Phoenix Mercury
Shot Chart Detail,1021800074,14,100940,Diana Taurasi,1611661324,Minnesota Lynx,1,8,48,Made Shot,Running Pull-Up Jump Shot,2PT Field Goal,Mid-Range,Left Side Center(LC),16-24 ft.,17,-76,159,1,1,20180622,PHO,MIN,2018,102180007414,720,validated,,0,matched,playbyplayv2,1611661317,100915|100944|200671|201480|202632,complete,playbyplay_inferred,100940|101023|201886|201896|203398,complete,playbyplay_inferred,1611661317,Phoenix Mercury
Shot Chart Detail,1021800074,16,203398,Brittney Griner,1611661324,Minnesota Lynx,1,8,21,Missed Shot,Turnaround Jump Shot,2PT Field Goal,In The Paint (Non-RA),Center(C),8-16 ft.,11,13,111,1,0,20180622,PHO,MIN,2018,102180007416,990,validated,,0,matched,playbyplayv2,1611661317,100915|100944|200671|201480|202632,complete,playbyplay_inferred,100940|101023|201886|201896|203398,complete,playbyplay_inferred,1611661317,Phoenix Mercury
Shot Chart Detail,1021800074,18,203398,Brittney Griner,1611661324,Minnesota Lynx,1,8,10,Missed Shot,Cutting Layup Shot,2PT Field Goal,Restricted Area,Center(C),Less Than 8 ft.,2,7,23,1,0,20180622,PHO,MIN,2018,102180007418,1100,validated,,0,matched,playbyplayv2,1611661317,100915|100944|200671|201480|202632,complete,playbyplay_inferred,100940|101023|201886|201896|203398,complete,playbyplay_inferred,1611661317,Phoenix Mercury
Shot Chart Detail,1021800074,20,203398,Brittney Griner,1611661324,Minnesota Lynx,1,8,2,Missed Shot,Tip Layup Shot,2PT Field Goal,Restricted Area,Center(C),Less Than 8 ft.,0,0,-6,1,0,20180622,PHO,MIN,2018,102180007420,1180,validated,,0,matched,playbyplayv2,1611661317,100915|100944|200671|201480|202632,complete,playbyplay_inferred,100940|101023|201886|201896|203398,complete,playbyplay_inferred,1611661317,Phoenix Mercury
Shot Chart Detail,1021800074,26,100940,Diana Taurasi,1611661324,Minnesota Lynx,1,7,37,Missed Shot,Running Jump Shot,3PT Field Goal,Above the Break 3,Right Side Center(RC),24+ ft.,24,219,100,1,0,20180622,PHO,MIN,2018,102180007426,1430,validated,,0,matched,playbyplayv2,1611661317,100915|100944|200671|201480|202632,complete,playbyplay_inferred,100940|101023|201886|201896|203398,complete,playbyplay_inferred,1611661317,Phoenix Mercury
Shot Chart Detail,1021800074,39,201886,DeWanna Bonner,1611661324,Minnesota Lynx,1,6,36,Made Shot,Driving Layup Shot,2PT Field Goal,Restricted Area,Center(C),Less Than 8 ft.,2,17,11,1,1,20180622,PHO,MIN,2018,102180007439,2040,validated,,0,matched,playbyplayv2,1611661317,100915|100944|200671|201480|202632,complete,playbyplay_inferred,100940|101023|201886|201896|203398,complete,playbyplay_inferred,1611661317,Phoenix Mercury
Shot Chart Detail,1021800074,42,203398,Brittney Griner,1611661324,Minnesota Lynx,1,5,59,Missed Shot,Cutting Layup Shot,2PT Field Goal,Restricted Area,Center(C),Less Than 8 ft.,1,-12,6,1,0,20180622,PHO,MIN,2018,102180007442,2410,validated,,0,matched,playbyplayv2,1611661317,100915|100944|200671|201480|202632,complete,playbyplay_inferred,100940|101023|201886|201896|203398,complete,playbyplay_inferred,1611661317,Phoenix Mercury
Shot Chart Detail,1021800074,52,201886,DeWanna Bonner,1611661324,Minnesota Lynx,1,5,10,Missed Shot,Driving Layup Shot,2PT Field Goal,Restricted Area,Center(C),Less Than 8 ft.,0,-7,6,1,0,20180622,PHO,MIN,2018,102180007452,2900,validated,,0,matched,playbyplayv2,1611661317,100915|100944|200671|201480|202632,complete,playbyplay_inferred,100940|101023|201886|201896|203398,complete,playbyplay_inferred,1611661317,Phoenix Mercury
Shot Chart Detail,1021800074,60,100940,Diana Taurasi,1611661324,Minnesota Lynx,1,4,59,Made Shot,Driving Floating Bank Jump Shot,2PT Field Goal,In The Paint (Non-RA),Center(C),Less Than 8 ft.,4,44,3,1,1,20180622,PHO,MIN,2018,102180007460,3010,validated,,0,matched,playbyplayv2,1611661317,100944|101030|201480|202658|1628508,complete,playbyplay_inferred,100940|101023|201886|201896|203398,complete,playbyplay_inferred,1611661317,Phoenix Mercury
Shot Chart Detail,1021800074,70,201886,DeWanna Bonner,1611661324,Minnesota Lynx,1,4,15,Missed Shot,Floating Jump shot,2PT Field Goal,In The Paint (Non-RA),Center(C),8-16 ft.,10,-19,99,1,0,20180622,PHO,MIN,2018,102180007470,3450,validated,,0,matched,playbyplayv2,1611661317,100944|101030|201480|202658|1628508,complete,playbyplay_inferred,100940|201067|201507|201886|203398,complete,playbyplay_inferred,1611661317,Phoenix Mercury
Shot Chart Detail,1021800074,74,100940,Diana Taurasi,1611661324,Minnesota Lynx,1,3,54,Missed Shot,Running Pull-Up Jump Shot,3PT Field Goal,Above the Break 3,Right Side Center(RC),24+ ft.,23,131,199,1,0,20180622,PHO,MIN,2018,102180007474,3660,validated,,0,matched,playbyplayv2,1611661317,100944|101030|201480|202658|1628508,complete,playbyplay_inferred,100940|201067|201507|201886|203398,complete,playbyplay_inferred,1611661317,Phoenix Mercury
Shot Chart Detail,1021800074,78,201507,Leilani Mitchell,1611661324,Minnesota Lynx,1,3,32,Missed Shot,Pullup Jump shot,3PT Field Goal,Above the Break 3,Left Side Center(LC),24+ ft.,24,-108,224,1,0,20180622,PHO,MIN,2018,102180007478,3880,validated,,0,matched,playbyplayv2,1611661317,100944|101030|201480|202658|1628508,complete,playbyplay_inferred,100940|201067|201507|201886|203398,complete,playbyplay_inferred,1611661317,Phoenix Mercury
Shot Chart Detail,1021800074,82,100940,Diana Taurasi,1611661324,Minnesota Lynx,1,2,50,Missed Shot,Jump Shot,3PT Field Goal,Above the Break 3,Left Side(L),16-24 ft.,22,-218,56,1,0,20180622,PHO,MIN,2018,102180007482,4300,validated,,0,matched,playbyplayv2,1611661317,100944|101030|201480|202658|1628508,complete,playbyplay_inferred,100940|201067|201507|201886|203398,complete,playbyplay_inferred,1611661317,Phoenix Mercury
Shot Chart Detail,1021800074,90,203398,Brittney Griner,1611661324,Minnesota Lynx,1,2,8,Made Shot,Running Layup Shot,2PT Field Goal,Restricted Area,Center(C),Less Than 8 ft.,0,-3,6,1,1,20180622,PHO,MIN,2018,102180007490,4720,validated,203389,1,matched,playbyplayv2,1611661317,101030|201480|202632|202658|1628508,complete,playbyplay_inferred,201067|201507|203389|203398|203855,complete,playbyplay_inferred,1611661317,Phoenix Mercury
Shot Chart Detail,1021800074,100,201067,Camille Smith,1611661324,Minnesota Lynx,1,1,37,Made Shot,Jump Shot,3PT Field Goal,Above the Break 3,Right Side Center(RC),24+ ft.,24,100,222,1,1,20180622,PHO,MIN,2018,1021800074100,5030,validated,203389,1,matched,playbyplayv2,1611661317,101030|201480|202632|202658|1628508,complete,playbyplay_inferred,201067|201507|203389|203398|203855,complete,playbyplay_inferred,1611661317,Phoenix Mercury
Shot Chart Detail,1021800074,107,203855,Stephanie Talbot,1611661324,Minnesota Lynx,1,0,48,Missed Shot,Jump Shot,2PT Field Goal,Mid-Range,Right Side(R),16-24 ft.,19,198,11,1,0,20180622,PHO,MIN,2018,1021800074107,5520,validated,,0,matched,playbyplayv2,1611661317,101030|202632|202658|1627701|1628508,complete,playbyplay_inferred,201067|201507|203389|203398|203855,complete,playbyplay_inferred,1611661317,Phoenix Mercury
Shot Chart Detail,1021800074,117,201507,Leilani Mitchell,1611661324,Minnesota Lynx,1,0,0,Missed Shot,Running Layup Shot,2PT Field Goal,Mid-Range,Left Side(L),8-16 ft.,12,-118,52,1,0,20180622,PHO,MIN,2018,1021800074117,6000,validated,,0,matched,playbyplayv2,1611661317,101030|202632|202658|1627701|1628508,complete,playbyplay_inferred,201067|201507|203389|203398|203855,complete,playbyplay_inferred,1611661317,Phoenix Mercury
Shot Chart Detail,1021800074,136,201886,DeWanna Bonner,1611661324,Minnesota Lynx,2,9,22,Missed Shot,Jump Shot,2PT Field Goal,Mid-Range,Right Side(R),8-16 ft.,15,109,105,1,0,20180622,PHO,MIN,2018,1021800074136,6380,validated,,0,matched,playbyplayv2,1611661317,100915|200671|202632|1627701|1628508,complete,playbyplay_inferred,100940|101023|201886|203855|1628895,complete,playbyplay_inferred,1611661317,Phoenix Mercury
Shot Chart Detail,1021800074,140,100940,Diana Taurasi,1611661324,Minnesota Lynx,2,9,0,Made Shot,Driving Layup Shot,2PT Field Goal,Restricted Area,Center(C),Less Than 8 ft.,2,25,11,1,1,20180622,PHO,MIN,2018,1021800074140,6600,validated,,0,matched,playbyplayv2,1611661317,100915|200671|202632|1627701|1628508,complete,playbyplay_inferred,100940|101023|201886|203855|1628895,complete,playbyplay_inferred,1611661317,Phoenix Mercury
Shot Chart Detail,1021800074,149,100940,Diana Taurasi,1611661324,Minnesota Lynx,2,7,37,Made Shot,Driving Layup Shot,2PT Field Goal,Restricted Area,Center(C),Less Than 8 ft.,2,7,20,1,1,20180622,PHO,MIN,2018,1021800074149,7430,validated,,0,matched,playbyplayv2,1611661317,100915|200671|202632|1627701|1628508,complete,playbyplay_inferred,100940|101023|201886|203855|1628895,complete,playbyplay_inferred,1611661317,Phoenix Mercury
Shot Chart Detail,1021800074,167,201886,DeWanna Bonner,1611661324,Minnesota Lynx,2,7,8,Made Shot,Running Layup Shot,2PT Field Goal,Restricted Area,Center(C),Less Than 8 ft.,0,3,-2,1,1,20180622,PHO,MIN,2018,1021800074167,7720,validated,,0,matched,playbyplayv2,1611661317,100915|200671|202632|1627701|1628508,complete,playbyplay_inferred,100940|101023|201886|203855|1628895,complete,playbyplay_inferred,1611661317,Phoenix Mercury
Shot Chart Detail,1021800074,175,101023,Sancho Lyttle,1611661324,Minnesota Lynx,2,5,35,Missed Shot,Jump Shot,2PT Field Goal,Mid-Range,Left Side Center(LC),16-24 ft.,20,-70,196,1,0,20180622,PHO,MIN,2018,1021800074175,8650,validated,,0,matched,playbyplayv2,1611661317,100944|200671|201480|202632|202658,complete,playbyplay_inferred,100940|101023|201886|201896|203398,complete,playbyplay_inferred,1611661317,Phoenix Mercury
Shot Chart Detail,1021800074,189,201896,Briann January,1611661324,Minnesota Lynx,2,4,32,Made Shot,Pullup Jump shot,2PT Field Goal,Mid-Range,Center(C),16-24 ft.,19,50,191,1,1,20180622,PHO,MIN,2018,1021800074189,9280,validated,,0,matched,playbyplayv2,1611661317,100944|201480|202632|202658|1628508,complete,playbyplay_inferred,100940|101023|201886|201896|203398,complete,playbyplay_inferred,1611661317,Phoenix Mercury
Shot Chart Detail,1021800074,192,203398,Brittney Griner,1611661324,Minnesota Lynx,2,3,56,Missed Shot,Hook Shot,2PT Field Goal,In The Paint (Non-RA),Center(C),Less Than 8 ft.,6,48,41,1,0,20180622,PHO,MIN,2018,1021800074192,9640,validated,,0,matched,playbyplayv2,1611661317,100944|201480|202632|202658|1628508,complete,playbyplay_inferred,100940|101023|201886|201896|203398,complete,playbyplay_inferred,1611661317,Phoenix Mercury
Shot Chart Detail,1021800074,203,203398,Brittney Griner,1611661324,Minnesota Lynx,2,3,40,Missed Shot,Jump Shot,2PT Field Goal,Mid-Range,Center(C),8-16 ft.,15,17,158,1,0,20180622,PHO,MIN,2018,1021800074203,9800,validated,,0,matched,playbyplayv2,1611661317,100915|100944|101030|201480|1628508,complete,playbyplay_inferred,100940|201067|201886|201896|203398,complete,playbyplay_inferred,1611661317,Phoenix Mercury
Shot Chart Detail,1021800074,208,201886,DeWanna Bonner,1611661324,Minnesota Lynx,2,3,6,Missed Shot,Running Jump Shot,3PT Field Goal,Above the Break 3,Right Side(R),24+ ft.,23,221,87,1,0,20180622,PHO,MIN,2018,1021800074208,10140,validated,,0,matched,playbyplayv2,1611661317,100915|100944|101030|201480|1628508,complete,playbyplay_inferred,100940|201067|201886|201896|203398,complete,playbyplay_inferred,1611661317,Phoenix Mercury
Shot Chart Detail,1021800074,213,100940,Diana Taurasi,1611661324,Minnesota Lynx,2,2,35,Made Shot,Running Pull-Up Jump Shot,3PT Field Goal,Above the Break 3,Left Side Center(LC),24+ ft.,24,-136,200,1,1,20180622,PHO,MIN,2018,1021800074213,10450,validated,,0,matched,playbyplayv2,1611661317,100915|100944|101030|201480|1628508,complete,playbyplay_inferred,100940|201067|201886|201896|203398,complete,playbyplay_inferred,1611661317,Phoenix Mercury
Shot Chart Detail,1021800074,237,100940,Diana Taurasi,1611661324,Minnesota Lynx,2,1,21,Missed Shot,Running Pull-Up Jump Shot,3PT Field Goal,Above the Break 3,Left Side(L),16-24 ft.,23,-191,138,1,0,20180622,PHO,MIN,2018,1021800074237,11190,validated,,0,matched,playbyplayv2,1611661317,100915|200671|202632|1627701|1628508,complete,playbyplay_inferred,100940|201067|201886|201896|203398,complete,playbyplay_inferred,1611661317,Phoenix Mercury
Shot Chart Detail,1021800074,244,203398,Brittney Griner,1611661324,Minnesota Lynx,2,1,6,Made Shot,Cutting Layup Shot,2PT Field Goal,Restricted Area,Center(C),Less Than 8 ft.,1,-13,13,1,1,20180622,PHO,MIN,2018,1021800074244,11340,validated,100940,1,matched,playbyplayv2,1611661317,100915|200671|202632|1627701|1628508,complete,playbyplay_inferred,100940|201067|201886|201896|203398,complete,playbyplay_inferred,1611661317,Phoenix Mercury
Shot Chart Detail,1021800074,276,203398,Brittney Griner,1611661324,Minnesota Lynx,3,9,31,Missed Shot,Jump Bank Shot,2PT Field Goal,In The Paint (Non-RA),Center(C),Less Than 8 ft.,4,46,17,1,0,20180622,PHO,MIN,2018,1021800074276,12290,validated,,0,matched,playbyplayv2,1611661317,100915|100944|200671|201480|202632,complete,playbyplay_inferred,100940|101023|201886|201896|203398,complete,playbyplay_inferred,1611661317,Phoenix Mercury
Shot Chart Detail,1021800074,288,201896,Briann January,1611661324,Minnesota Lynx,3,9,0,Made Shot,Jump Shot,3PT Field Goal,Above the Break 3,Left Side Center(LC),24+ ft.,25,-204,149,1,1,20180622,PHO,MIN,2018,1021800074288,12600,validated,101023,1,matched,playbyplayv2,1611661317,100915|100944|200671|201480|202632,complete,playbyplay_inferred,100940|101023|201886|201896|203398,complete,playbyplay_inferred,1611661317,Phoenix Mercury
Shot Chart Detail,1021800074,292,203398,Brittney Griner,1611661324,Minnesota Lynx,3,8,21,Made Shot,Turnaround Jump Shot,2PT Field Goal,Mid-Range,Left Side(L),8-16 ft.,9,-98,16,1,1,20180622,PHO,MIN,2018,1021800074292,12990,validated,100940,1,matched,playbyplayv2,1611661317,100915|100944|200671|201480|202632,complete,playbyplay_inferred,100940|101023|201886|201896|203398,complete,playbyplay_inferred,1611661317,Phoenix Mercury
Shot Chart Detail,1021800074,296,100940,Diana Taurasi,1611661324,Minnesota Lynx,3,8,3,Missed Shot,Running Layup Shot,2PT Field Goal,Restricted Area,Center(C),Less Than 8 ft.,1,-11,7,1,0,20180622,PHO,MIN,2018,1021800074296,13170,validated,,0,matched,playbyplayv2,1611661317,100915|100944|200671|201480|202632,complete,playbyplay_inferred,100940|101023|201886|201896|203398,complete,playbyplay_inferred,1611661317,Phoenix Mercury
Shot Chart Detail,1021800074,311,201886,DeWanna Bonner,1611661324,Minnesota Lynx,3,7,6,Missed Shot,Jump Shot,3PT Field Goal,Above the Break 3,Right Side Center(RC),24+ ft.,27,186,197,1,0,20180622,PHO,MIN,2018,1021800074311,13740,validated,,0,matched,playbyplayv2,1611661317,100915|100944|200671|201480|202632,complete,playbyplay_inferred,100940|101023|201886|201896|203398,complete,playbyplay_inferred,1611661317,Phoenix Mercury
Shot Chart Detail,1021800074,314,100940,Diana Taurasi,1611661324,Minnesota Lynx,3,6,22,Made Shot,Layup Shot,2PT Field Goal,Restricted Area,Center(C),Less Than 8 ft.,1,8,12,1,1,20180622,PHO,MIN,2018,1021800074314,14180,validated,101023,1,matched,playbyplayv2,1611661317,100915|100944|200671|201480|202632,complete,playbyplay_inferred,100940|101023|201886|201896|203398,complete,playbyplay_inferred,1611661317,Phoenix Mercury
Shot Chart Detail,1021800074,321,100940,Diana Taurasi,1611661324,Minnesota Lynx,3,5,34,Missed Shot,Pullup Jump shot,3PT Field Goal,Above the Break 3,Left Side Center(LC),24+ ft.,25,-139,208,1,0,20180622,PHO,MIN,2018,1021800074321,14660,validated,,0,matched,playbyplayv2,1611661317,100915|100944|101030|201480|202632,complete,playbyplay_inferred,100940|101023|201886|201896|203398,complete,playbyplay_inferred,1611661317,Phoenix Mercury
Shot Chart Detail,1021800074,339,201067,Camille Smith,1611661324,Minnesota Lynx,3,4,39,Missed Shot,Cutting Layup Shot,2PT Field Goal,Restricted Area,Center(C),Less Than 8 ft.,1,12,4,1,0,20180622,PHO,MIN,2018,1021800074339,15210,validated,,0,matched,playbyplayv2,1611661317,100915|100944|101030|201480|202632,complete,playbyplay_inferred,100940|201067|201507|201896|203398,complete,playbyplay_inferred,1611661317,Phoenix Mercury
Shot Chart Detail,1021800074,342,203398,Brittney Griner,1611661324,Minnesota Lynx,3,4,35,Made Shot,Putback Layup Shot,2PT Field Goal,Restricted Area,Center(C),Less Than 8 ft.,1,-2,11,1,1,20180622,PHO,MIN,2018,1021800074342,15250,validated,,0,matched,playbyplayv2,1611661317,100915|100944|101030|201480|202632,complete,playbyplay_inferred,100940|201067|201507|201896|203398,complete,playbyplay_inferred,1611661317,Phoenix Mercury
Shot Chart Detail,1021800074,372,201507,Leilani Mitchell,1611661324,Minnesota Lynx,3,2,58,Missed Shot,Running Jump Shot,3PT Field Goal,Above the Break 3,Left Side Center(LC),24+ ft.,24,-189,161,1,0,20180622,PHO,MIN,2018,1021800074372,16220,validated,,0,matched,playbyplayv2,1611661317,100944|101030|202632|202658|1628508,complete,playbyplay_inferred,100940|201067|201507|201886|203398,complete,playbyplay_inferred,1611661317,Phoenix Mercury
Shot Chart Detail,1021800074,384,203398,Brittney Griner,1611661324,Minnesota Lynx,3,1,56,Missed Shot,Turnaround Jump Shot,2PT Field Goal,Mid-Range,Left Side(L),8-16 ft.,13,-123,-44,1,0,20180622,PHO,MIN,2018,1021800074384,16840,validated,,0,matched,playbyplayv2,1611661317,100944|101030|202658|1627701|1628508,complete,playbyplay_inferred,201067|201507|201886|203389|203398,complete,playbyplay_inferred,1611661317,Phoenix Mercury
Shot Chart Detail,1021800074,412,201507,Leilani Mitchell,1611661324,Minnesota Lynx,3,0,0,Missed Shot,Pullup Jump shot,3PT Field Goal,Above the Break 3,Center(C),24+ ft.,36,94,354,1,0,20180622,PHO,MIN,2018,1021800074412,18000,validated,,0,matched,playbyplayv2,1611661317,100944|101030|202658|1627701|1628508,complete,playbyplay_inferred,201067|201507|201886|203389|203398,complete,playbyplay_inferred,1611661317,Phoenix Mercury
Shot Chart Detail,1021800074,431,201886,DeWanna Bonner,1611661324,Minnesota Lynx,4,9,46,Missed Shot,Jump Shot,3PT Field Goal,Left Corner 3,Left Side(L),24+ ft.,23,-231,-10,1,0,20180622,PHO,MIN,2018,1021800074431,18140,validated,,0,matched,playbyplayv2,1611661317,100915|100944|200671|201480|202632,complete,playbyplay_inferred,100940|101023|201886|201896|203398,complete,playbyplay_inferred,1611661317,Phoenix Mercury
Shot Chart Detail,1021800074,438,101023,Sancho Lyttle,1611661324,Minnesota Lynx,4,9,10,Made Shot,Cutting Layup Shot,2PT Field Goal,Restricted Area,Center(C),Less Than 8 ft.,2,-24,15,1,1,20180622,PHO,MIN,2018,1021800074438,18500,validated,100940,1,matched,playbyplayv2,1611661317,100915|100944|200671|201480|202632,complete,playbyplay_inferred,100940|101023|201886|201896|203398,complete,playbyplay_inferred,1611661317,Phoenix Mercury
Shot Chart Detail,1021800074,455,100940,Diana Taurasi,1611661324,Minnesota Lynx,4,8,1,Made Shot,Running Finger Roll Layup Shot,2PT Field Goal,Restricted Area,Center(C),Less Than 8 ft.,1,7,16,1,1,20180622,PHO,MIN,2018,1021800074455,19190,validated,,0,matched,playbyplayv2,1611661317,100915|100944|200671|201480|202632,complete,playbyplay_inferred,100940|101023|201886|201896|203398,complete,playbyplay_inferred,1611661317,Phoenix Mercury
Shot Chart Detail,1021800074,462,101023,Sancho Lyttle,1611661324,Minnesota Lynx,4,7,29,Missed Shot,Layup Shot,2PT Field Goal,Restricted Area,Center(C),Less Than 8 ft.,3,-31,15,1,0,20180622,PHO,MIN,2018,1021800074462,19510,validated,,0,matched,playbyplayv2,1611661317,100915|100944|200671|202632|1628508,complete,playbyplay_inferred,100940|101023|201886|201896|203398,complete,playbyplay_inferred,1611661317,Phoenix Mercury
Shot Chart Detail,1021800074,468,201896,Briann January,1611661324,Minnesota Lynx,4,6,52,Made Shot,Jump Shot,3PT Field Goal,Above the Break 3,Right Side Center(RC),24+ ft.,25,165,197,1,1,20180622,PHO,MIN,2018,1021800074468,19880,validated,203398,1,matched,playbyplayv2,1611661317,100915|100944|200671|202632|1628508,complete,playbyplay_inferred,100940|101023|201886|201896|203398,complete,playbyplay_inferred,1611661317,Phoenix Mercury
Shot Chart Detail,1021800074,475,100940,Diana Taurasi,1611661324,Minnesota Lynx,4,6,16,Made Shot,Running Layup Shot,2PT Field Goal,Restricted Area,Center(C),Less Than 8 ft.,2,-14,25,1,1,20180622,PHO,MIN,2018,1021800074475,20240,validated,,0,matched,playbyplayv2,1611661317,100915|100944|200671|202632|1628508,complete,playbyplay_inferred,100940|101023|201886|201896|203398,complete,playbyplay_inferred,1611661317,Phoenix Mercury
Shot Chart Detail,1021800074,481,201896,Briann January,1611661324,Minnesota Lynx,4,5,48,Missed Shot,Driving Layup Shot,2PT Field Goal,Restricted Area,Center(C),Less Than 8 ft.,2,-3,27,1,0,20180622,PHO,MIN,2018,1021800074481,20520,validated,,0,matched,playbyplayv2,1611661317,100915|100944|200671|201480|202632,complete,playbyplay_inferred,100940|101023|201886|201896|203398,complete,playbyplay_inferred,1611661317,Phoenix Mercury
Shot Chart Detail,1021800074,485,201886,DeWanna Bonner,1611661324,Minnesota Lynx,4,5,17,Missed Shot,Jump Shot,3PT Field Goal,Right Corner 3,Right Side(R),24+ ft.,23,239,-1,1,0,20180622,PHO,MIN,2018,1021800074485,20830,validated,,0,matched,playbyplayv2,1611661317,100915|100944|200671|201480|202632,complete,playbyplay_inferred,100940|101023|201886|201896|203398,complete,playbyplay_inferred,1611661317,Phoenix Mercury
Shot Chart Detail,1021800074,489,100940,Diana Taurasi,1611661324,Minnesota Lynx,4,4,41,Made Shot,Pullup Jump shot,3PT Field Goal,Above the Break 3,Center(C),24+ ft.,24,74,237,1,1,20180622,PHO,MIN,2018,1021800074489,21190,validated,,0,matched,playbyplayv2,1611661317,100915|100944|200671|201480|202632,complete,playbyplay_inferred,100940|101023|201886|201896|203398,complete,playbyplay_inferred,1611661317,Phoenix Mercury
Shot Chart Detail,1021800074,498,201896,Briann January,1611661324,Minnesota Lynx,4,3,59,Missed Shot,Jump Shot,3PT Field Goal,Above the Break 3,Right Side Center(RC),24+ ft.,25,200,151,1,0,20180622,PHO,MIN,2018,1021800074498,21610,validated,,0,matched,playbyplayv2,1611661317,100944|200671|201480|202632|202658,complete,playbyplay_inferred,100940|101023|201886|201896|203398,complete,playbyplay_inferred,1611661317,Phoenix Mercury
Shot Chart Detail,1021800074,514,100940,Diana Taurasi,1611661324,Minnesota Lynx,4,2,50,Missed Shot,Jump Shot,2PT Field Goal,Mid-Range,Left Side Center(LC),16-24 ft.,20,-122,160,1,0,20180622,PHO,MIN,2018,1021800074514,22300,validated,,0,matched,playbyplayv2,1611661317,100944|201480|202632|202658|1628508,complete,playbyplay_inferred,100940|101023|201886|201896|203398,complete,playbyplay_inferred,1611661317,Phoenix Mercury
Shot Chart Detail,1021800074,525,201896,Briann January,1611661324,Minnesota Lynx,4,2,19,Missed Shot,Pullup Jump shot,2PT Field Goal,In The Paint (Non-RA),Center(C),8-16 ft.,14,-49,136,1,0,20180622,PHO,MIN,2018,1021800074525,22610,validated,,0,matched,playbyplayv2,1611661317,100915|100944|200671|201480|202632,complete,playbyplay_inferred,100940|101023|201886|201896|203398,complete,playbyplay_inferred,1611661317,Phoenix Mercury
Shot Chart Detail,1021800074,529,203398,Brittney Griner,1611661324,Minnesota Lynx,4,1,40,Made Shot,Cutting Layup Shot,2PT Field Goal,Restricted Area,Center(C),Less Than 8 ft.,1,-3,13,1,1,20180622,PHO,MIN,2018,1021800074529,23000,validated,100940,1,matched,playbyplayv2,1611661317,100915|100944|200671|201480|202632,complete,playbyplay_inferred,100940|101023|201886|201896|203398,complete,playbyplay_inferred,1611661317,Phoenix Mercury
Shot Chart Detail,1021800074,533,201886,DeWanna Bonner,1611661324,Minnesota Lynx,4,1,8,Missed Shot,Pullup Jump shot,3PT Field Goal,Right Corner 3,Right Side(R),24+ ft.,22,226,1,1,0,20180622,PHO,MIN,2018,1021800074533,23320,validated,,0,matched,playbyplayv2,1611661317,100915|100944|200671|201480|202632,complete,playbyplay_inferred,100940|101023|201886|201896|203398,complete,playbyplay_inferred,1611661317,Phoenix Mercury
Shot Chart Detail,1021800074,542,201886,DeWanna Bonner,1611661324,Minnesota Lynx,4,1,3,Made Shot,Turnaround Jump Shot,2PT Field Goal,In The Paint (Non-RA),Center(C),Less Than 8 ft.,5,-49,29,1,1,20180622,PHO,MIN,2018,1021800074542,23370,validated,100940,1,matched,playbyplayv2,1611661317,100915|100944|200671|201480|202632,complete,playbyplay_inferred,100940|101023|201886|201896|203398,complete,playbyplay_inferred,1611661317,Phoenix Mercury
Shot Chart Detail,1021800074,549,203398,Brittney Griner,1611661324,Minnesota Lynx,4,0,55,Made Shot,Running Layup Shot,2PT Field Goal,Restricted Area,Center(C),Less Than 8 ft.,0,3,9,1,1,20180622,PHO,MIN,2018,1021800074549,23450,validated,100940,1,matched,playbyplayv2,1611661317,100915|100944|200671|201480|202632,complete,playbyplay_inferred,100940|101023|201886|201896|203398,complete,playbyplay_inferred,1611661317,Phoenix Mercury
Shot Chart Detail,1021800074,556,100940,Diana Taurasi,1611661324,Minnesota Lynx,4,0,48,Missed Shot,Running Layup Shot,2PT Field Goal,Restricted Area,Center(C),Less Than 8 ft.,0,4,0,1,0,20180622,PHO,MIN,2018,1021800074556,23520,validated,,0,matched,playbyplayv2,1611661317,100915|100944|200671|201480|202632,complete,playbyplay_inferred,100940|101023|201886|201896|203398,complete,playbyplay_inferred,1611661317,Phoenix Mercury
Shot Chart Detail,1021800074,591,203389,Yvonne Turner,1611661324,Minnesota Lynx,4,0,24,Made Shot,Jump Shot,3PT Field Goal,Above the Break 3,Left Side(L),24+ ft.,23,-228,52,1,1,20180622,PHO,MIN,2018,1021800074591,23760,validated,203855,1,matched,playbyplayv2,1611661317,202658|1627701|1628283|1628508|1628866,complete,playbyplay_inferred,201507|202657|203389|203855|1628895,complete,playbyplay_inferred,1611661317,Phoenix Mercury
Shot Chart Detail,1021800079,7,1628276,Kelsey Plum,1611661324,Minnesota Lynx,1,9,44,Missed Shot,Pullup Jump shot,3PT Field Goal,Above the Break 3,Left Side Center(LC),24+ ft.,27,-135,240,1,0,20180624,LVA,MIN,2018,10218000797,160,validated,,0,matched,playbyplayv2,1611661319,100915|100944|200671|201480|202632,complete,playbyplay_inferred,203825|1628269|1628276|1628917|1628932,complete,playbyplay_inferred,1611661319,Las Vegas Aces
Shot Chart Detail,1021800079,13,203825,Kayla McBride,1611661324,Minnesota Lynx,1,9,7,Missed Shot,Jump Shot,3PT Field Goal,Above the Break 3,Left Side(L),16-24 ft.,23,-214,101,1,0,20180624,LVA,MIN,2018,102180007913,530,validated,,0,matched,playbyplayv2,1611661319,100915|100944|200671|201480|202632,complete,playbyplay_inferred,203825|1628269|1628276|1628917|1628932,complete,playbyplay_inferred,1611661319,Las Vegas Aces
Shot Chart Detail,1021800079,22,203825,Kayla McBride,1611661324,Minnesota Lynx,1,8,21,Missed Shot,Pullup Jump shot,2PT Field Goal,Mid-Range,Left Side(L),8-16 ft.,14,-145,25,1,0,20180624,LVA,MIN,2018,102180007922,990,validated,,0,matched,playbyplayv2,1611661319,100915|100944|200671|201480|202632,complete,playbyplay_inferred,203825|1628269|1628276|1628917|1628932,complete,playbyplay_inferred,1611661319,Las Vegas Aces
Shot Chart Detail,1021800079,26,1628269,Nia Coffey,1611661324,Minnesota Lynx,1,7,52,Missed Shot,Pullup Jump shot,2PT Field Goal,Mid-Range,Left Side Center(LC),16-24 ft.,19,-102,171,1,0,20180624,LVA,MIN,2018,102180007926,1280,validated,,0,matched,playbyplayv2,1611661319,100915|100944|200671|201480|202632,complete,playbyplay_inferred,203825|1628269|1628276|1628917|1628932,complete,playbyplay_inferred,1611661319,Las Vegas Aces
Shot Chart Detail,1021800079,31,1628932,A'ja Wilson,1611661324,Minnesota Lynx,1,7,16,Missed Shot,Turnaround Jump Shot,2PT Field Goal,Mid-Range,Left Side(L),8-16 ft.,12,-120,36,1,0,20180624,LVA,MIN,2018,102180007931,1640,validated,,0,matched,playbyplayv2,1611661319,100915|100944|200671|201480|202632,complete,playbyplay_inferred,203825|1628269|1628276|1628917|1628932,complete,playbyplay_inferred,1611661319,Las Vegas Aces
Shot Chart Detail,1021800079,40,1628276,Kelsey Plum,1611661324,Minnesota Lynx,1,6,24,Made Shot,Jump Shot,3PT Field Goal,Above the Break 3,Center(C),24+ ft.,27,25,275,1,1,20180624,LVA,MIN,2018,102180007940,2160,validated,203825,1,matched,playbyplayv2,1611661319,100915|100944|200671|201480|202632,complete,playbyplay_inferred,203825|1628269|1628276|1628917|1628932,complete,playbyplay_inferred,1611661319,Las Vegas Aces
Shot Chart Detail,1021800079,44,203825,Kayla McBride,1611661324,Minnesota Lynx,1,6,0,Made Shot,Jump Shot,2PT Field Goal,Mid-Range,Left Side(L),8-16 ft.,11,-117,-11,1,1,20180624,LVA,MIN,2018,102180007944,2400,validated,1628276,1,matched,playbyplayv2,1611661319,100915|100944|200671|201480|202632,complete,playbyplay_inferred,203825|1628269|1628276|1628917|1628932,complete,playbyplay_inferred,1611661319,Las Vegas Aces
Shot Chart Detail,1021800079,48,1628932,A'ja Wilson,1611661324,Minnesota Lynx,1,5,29,Missed Shot,Jump Bank Shot,2PT Field Goal,Mid-Range,Left Side(L),8-16 ft.,10,-83,65,1,0,20180624,LVA,MIN,2018,102180007948,2710,validated,,0,matched,playbyplayv2,1611661319,100915|100944|200671|201480|202632,complete,playbyplay_inferred,203825|1628269|1628276|1628917|1628932,complete,playbyplay_inferred,1611661319,Las Vegas Aces
Shot Chart Detail,1021800079,67,1628932,A'ja Wilson,1611661324,Minnesota Lynx,1,4,9,Missed Shot,Layup Shot,2PT Field Goal,Mid-Range,Left Side(L),8-16 ft.,12,-115,37,1,0,20180624,LVA,MIN,2018,102180007967,3510,validated,,0,matched,playbyplayv2,1611661319,100944|101030|202632|202658|1628508,complete,playbyplay_inferred,203825|1628269|1628276|1628917|1628932,complete,playbyplay_inferred,1611661319,Las Vegas Aces
Shot Chart Detail,1021800079,83,204324,Dearica Hamby,1611661324,Minnesota Lynx,1,3,31,Missed Shot,Finger Roll Layup Shot,2PT Field Goal,Mid-Range,Right Side(R),8-16 ft.,9,86,40,1,0,20180624,LVA,MIN,2018,102180007983,3890,validated,,0,matched,playbyplayv2,1611661319,100944|101030|202632|202658|1628508,complete,playbyplay_inferred,201477|203825|204324|1628276|1628932,complete,playbyplay_inferred,1611661319,Las Vegas Aces
Shot Chart Detail,1021800079,87,203825,Kayla McBride,1611661324,Minnesota Lynx,1,3,4,Missed Shot,Floating Jump shot,2PT Field Goal,Mid-Range,Right Side(R),8-16 ft.,14,145,22,1,0,20180624,LVA,MIN,2018,102180007987,4160,validated,,0,matched,playbyplayv2,1611661319,100944|101030|202632|202658|1628508,complete,playbyplay_inferred,201477|203825|204324|1628276|1628932,complete,playbyplay_inferred,1611661319,Las Vegas Aces
Shot Chart Detail,1021800079,90,201477,Tamera Young,1611661324,Minnesota Lynx,1,2,26,Missed Shot,Jump Shot,2PT Field Goal,Mid-Range,Left Side(L),8-16 ft.,11,-96,66,1,0,20180624,LVA,MIN,2018,102180007990,4540,validated,,0,matched,playbyplayv2,1611661319,100944|101030|202632|202658|1628508,complete,playbyplay_inferred,201477|203825|204324|1628276|1628932,complete,playbyplay_inferred,1611661319,Las Vegas Aces
Shot Chart Detail,1021800079,100,1628276,Kelsey Plum,1611661324,Minnesota Lynx,1,2,6,Missed Shot,Pullup Jump shot,2PT Field Goal,Mid-Range,Left Side(L),8-16 ft.,15,-128,90,1,0,20180624,LVA,MIN,2018,1021800079100,4740,validated,,0,matched,playbyplayv2,1611661319,100944|101030|202658|203041|1628508,complete,playbyplay_inferred,201477|203402|203825|204324|1628276,complete,playbyplay_inferred,1611661319,Las Vegas Aces
Shot Chart Detail,1021800079,104,201477,Tamera Young,1611661324,Minnesota Lynx,1,1,35,Made Shot,Driving Layup Shot,2PT Field Goal,In The Paint (Non-RA),Center(C),Less Than 8 ft.,6,-61,28,1,1,20180624,LVA,MIN,2018,1021800079104,5050,validated,,0,matched,playbyplayv2,1611661319,100944|101030|202658|203041|1628508,complete,playbyplay_inferred,201477|203402|203825|204324|1628276,complete,playbyplay_inferred,1611661319,Las Vegas Aces
Shot Chart Detail,1021800079,112,201477,Tamera Young,1611661324,Minnesota Lynx,1,1,6,Made Shot,Jump Shot,2PT Field Goal,Mid-Range,Center(C),8-16 ft.,15,48,145,1,1,20180624,LVA,MIN,2018,1021800079112,5340,validated,1628263,1,matched,playbyplayv2,1611661319,101030|202658|203041|1627701|1628508,complete,playbyplay_inferred,201477|203402|204324|1628263|1628913,complete,playbyplay_inferred,1611661319,Las Vegas Aces
Shot Chart Detail,1021800079,123,201477,Tamera Young,1611661324,Minnesota Lynx,1,0,0,Missed Shot,Pullup Jump shot,2PT Field Goal,Mid-Range,Left Side(L),8-16 ft.,13,-109,75,1,0,20180624,LVA,MIN,2018,1021800079123,6000,validated,,0,matched,playbyplayv2,1611661319,101030|202658|203041|1627701|1628508,complete,playbyplay_inferred,201477|203402|204324|1628263|1628913,complete,playbyplay_inferred,1611661319,Las Vegas Aces
Shot Chart Detail,1021800079,143,201477,Tamera Young,1611661324,Minnesota Lynx,2,9,23,Missed Shot,Pullup Jump shot,2PT Field Goal,Mid-Range,Center(C),8-16 ft.,14,0,145,1,0,20180624,LVA,MIN,2018,1021800079143,6370,validated,,0,matched,playbyplayv2,1611661319,100915|100944|200671|201480|202632,complete,playbyplay_inferred,201477|203402|204324|1628263|1628913,complete,playbyplay_inferred,1611661319,Las Vegas Aces
Shot Chart Detail,1021800079,153,1628263,Lindsay Allen,1611661324,Minnesota Lynx,2,9,0,Missed Shot,Floating Jump shot,2PT Field Goal,Mid-Range,Right Side(R),8-16 ft.,14,124,75,1,0,20180624,LVA,MIN,2018,1021800079153,6600,validated,,0,matched,playbyplayv2,1611661319,100915|100944|200671|201480|202632,complete,playbyplay_inferred,201477|203402|203825|1628263|1628932,complete,playbyplay_inferred,1611661319,Las Vegas Aces
Shot Chart Detail,1021800079,163,203402,Kelsey Bone,1611661324,Minnesota Lynx,2,7,58,Made Shot,Layup Shot,2PT Field Goal,Mid-Range,Right Side(R),8-16 ft.,8,87,1,1,1,20180624,LVA,MIN,2018,1021800079163,7220,validated,,0,matched,playbyplayv2,1611661319,100915|100944|200671|201480|202632,complete,playbyplay_inferred,201477|203402|203825|1628263|1628932,complete,playbyplay_inferred,1611661319,Las Vegas Aces
Shot Chart Detail,1021800079,166,1628932,A'ja Wilson,1611661324,Minnesota Lynx,2,7,16,Made Shot,Layup Shot,2PT Field Goal,In The Paint (Non-RA),Center(C),Less Than 8 ft.,7,-72,23,1,1,20180624,LVA,MIN,2018,1021800079166,7640,validated,203402,1,matched,playbyplayv2,1611661319,100915|100944|200671|201480|202632,complete,playbyplay_inferred,201477|203402|203825|1628263|1628932,complete,playbyplay_inferred,1611661319,Las Vegas Aces
Shot Chart Detail,1021800079,180,203825,Kayla McBride,1611661324,Minnesota Lynx,2,6,35,Made Shot,Floating Jump shot,2PT Field Goal,Mid-Range,Right Side(R),8-16 ft.,12,109,66,1,1,20180624,LVA,MIN,2018,1021800079180,8050,validated,,0,matched,playbyplayv2,1611661319,100944|200671|202632|202658|1627701,complete,playbyplay_inferred,201477|203825|1628276|1628917|1628932,complete,playbyplay_inferred,1611661319,Las Vegas Aces
Shot Chart Detail,1021800079,193,1628276,Kelsey Plum,1611661324,Minnesota Lynx,2,5,48,Made Shot,Jump Shot,3PT Field Goal,Above the Break 3,Right Side Center(RC),24+ ft.,25,219,138,1,1,20180624,LVA,MIN,2018,1021800079193,8520,validated,203825,1,matched,playbyplayv2,1611661319,100944|200671|202632|202658|1627701,complete,playbyplay_inferred,201477|203825|1628276|1628917|1628932,complete,playbyplay_inferred,1611661319,Las Vegas Aces
Shot Chart Detail,1021800079,197,1628917,JiSu Park,1611661324,Minnesota Lynx,2,5,19,Missed Shot,Jump Shot,2PT Field Goal,Mid-Range,Left Side Center(LC),16-24 ft.,17,-137,114,1,0,20180624,LVA,MIN,2018,1021800079197,8810,validated,,0,matched,playbyplayv2,1611661319,100944|200671|202632|202658|1627701,complete,playbyplay_inferred,201477|203825|1628276|1628917|1628932,complete,playbyplay_inferred,1611661319,Las Vegas Aces
Shot Chart Detail,1021800079,206,203825,Kayla McBride,1611661324,Minnesota Lynx,2,5,13,Made Shot,Driving Floating Jump Shot,2PT Field Goal,Mid-Range,Left Side(L),8-16 ft.,14,-139,27,1,1,20180624,LVA,MIN,2018,1021800079206,8870,validated,,0,matched,playbyplayv2,1611661319,101030|202632|202658|1627701|1628508,complete,playbyplay_inferred,201477|203825|204324|1628276|1628932,complete,playbyplay_inferred,1611661319,Las Vegas Aces
Shot Chart Detail,1021800079,209,1628932,A'ja Wilson,1611661324,Minnesota Lynx,2,4,52,Made Shot,Layup Shot,2PT Field Goal,In The Paint (Non-RA),Left Side(L),8-16 ft.,8,-49,69,1,1,20180624,LVA,MIN,2018,1021800079209,9080,validated,204324,1,matched,playbyplayv2,1611661319,101030|202632|202658|1627701|1628508,complete,playbyplay_inferred,201477|203825|204324|1628276|1628932,complete,playbyplay_inferred,1611661319,Las Vegas Aces
Shot Chart Detail,1021800079,224,204324,Dearica Hamby,1611661324,Minnesota Lynx,2,4,7,Missed Shot,Running Finger Roll Layup Shot,2PT Field Goal,Mid-Range,Right Side(R),8-16 ft.,10,85,58,1,0,20180624,LVA,MIN,2018,1021800079224,9530,validated,,0,matched,playbyplayv2,1611661319,100915|101030|202632|1627701|1628508,complete,playbyplay_inferred,201477|203825|204324|1628276|1628932,complete,playbyplay_inferred,1611661319,Las Vegas Aces
Shot Chart Detail,1021800079,227,204324,Dearica Hamby,1611661324,Minnesota Lynx,2,3,35,Made Shot,Layup Shot,2PT Field Goal,In The Paint (Non-RA),Center(C),Less Than 8 ft.,7,-67,39,1,1,20180624,LVA,MIN,2018,1021800079227,9850,validated,203825,1,matched,playbyplayv2,1611661319,100915|101030|202632|1627701|1628508,complete,playbyplay_inferred,201477|203825|204324|1628276|1628932,complete,playbyplay_inferred,1611661319,Las Vegas Aces
Shot Chart Detail,1021800079,231,1628276,Kelsey Plum,1611661324,Minnesota Lynx,2,3,17,Missed Shot,Driving Layup Shot,2PT Field Goal,Mid-Range,Right Side(R),8-16 ft.,14,145,27,1,0,20180624,LVA,MIN,2018,1021800079231,10030,validated,,0,matched,playbyplayv2,1611661319,100915|101030|202632|1627701|1628508,complete,playbyplay_inferred,201477|203825|204324|1628276|1628932,complete,playbyplay_inferred,1611661319,Las Vegas Aces
Shot Chart Detail,1021800079,243,1628932,A'ja Wilson,1611661324,Minnesota Lynx,2,2,10,Made Shot,Driving Layup Shot,2PT Field Goal,Mid-Range,Left Side(L),8-16 ft.,9,-91,31,1,1,20180624,LVA,MIN,2018,1021800079243,10700,validated,201477,1,matched,playbyplayv2,1611661319,100915|100944|202632|1627701|1628508,complete,playbyplay_inferred,201477|203825|204324|1628276|1628932,complete,playbyplay_inferred,1611661319,Las Vegas Aces
Shot Chart Detail,1021800079,249,203825,Kayla McBride,1611661324,Minnesota Lynx,2,1,37,Missed Shot,Layup Shot,2PT Field Goal,Mid-Range,Right Side(R),8-16 ft.,12,125,20,1,0,20180624,LVA,MIN,2018,1021800079249,11030,validated,,0,matched,playbyplayv2,1611661319,100915|100944|202632|1627701|1628508,complete,playbyplay_inferred,201477|203825|204324|1628276|1628932,complete,playbyplay_inferred,1611661319,Las Vegas Aces
Shot Chart Detail,1021800079,251,204324,Dearica Hamby,1611661324,Minnesota Lynx,2,1,32,Missed Shot,Layup Shot,2PT Field Goal,Mid-Range,Right Side(R),8-16 ft.,14,119,88,1,0,20180624,LVA,MIN,2018,1021800079251,11080,validated,,0,matched,playbyplayv2,1611661319,100915|100944|202632|1627701|1628508,complete,playbyplay_inferred,201477|203825|204324|1628276|1628932,complete,playbyplay_inferred,1611661319,Las Vegas Aces
Shot Chart Detail,1021800079,256,203825,Kayla McBride,1611661324,Minnesota Lynx,2,0,55,Missed Shot,Jump Shot,3PT Field Goal,Above the Break 3,Left Side Center(LC),24+ ft.,25,-172,187,1,0,20180624,LVA,MIN,2018,1021800079256,11450,validated,,0,matched,playbyplayv2,1611661319,100915|100944|202632|1627701|1628508,complete,playbyplay_inferred,201477|203825|204324|1628276|1628932,complete,playbyplay_inferred,1611661319,Las Vegas Aces
Shot Chart Detail,1021800079,291,1628917,JiSu Park,1611661324,Minnesota Lynx,3,9,34,Missed Shot,Jump Shot,2PT Field Goal,Mid-Range,Left Side Center(LC),16-24 ft.,20,-115,174,1,0,20180624,LVA,MIN,2018,1021800079291,12260,validated,,0,matched,playbyplayv2,1611661319,100915|100944|200671|201480|202632,complete,playbyplay_inferred,203825|1628269|1628276|1628917|1628932,complete,playbyplay_inferred,1611661319,Las Vegas Aces
Shot Chart Detail,1021800079,298,1628269,Nia Coffey,1611661324,Minnesota Lynx,3,9,5,Made Shot,Pullup Jump shot,2PT Field Goal,Mid-Range,Center(C),16-24 ft.,18,-48,183,1,1,20180624,LVA,MIN,2018,1021800079298,12550,validated,1628932,1,matched,playbyplayv2,1611661319,100915|100944|200671|201480|202632,complete,playbyplay_inferred,203402|203825|1628269|1628276|1628932,complete,playbyplay_inferred,1611661319,Las Vegas Aces
Shot Chart Detail,1021800079,310,1628269,Nia Coffey,1611661324,Minnesota Lynx,3,8,16,Missed Shot,Cutting Layup Shot,2PT Field Goal,Mid-Range,Left Side(L),8-16 ft.,13,-118,60,1,0,20180624,LVA,MIN,2018,1021800079310,13040,validated,,0,matched,playbyplayv2,1611661319,100915|100944|200671|201480|202632,complete,playbyplay_inferred,203402|203825|1628269|1628276|1628932,complete,playbyplay_inferred,1611661319,Las Vegas Aces
Shot Chart Detail,1021800079,312,1628276,Kelsey Plum,1611661324,Minnesota Lynx,3,8,2,Made Shot,Pullup Jump shot,2PT Field Goal,Mid-Range,Left Side Center(LC),16-24 ft.,18,-87,162,1,1,20180624,LVA,MIN,2018,1021800079312,13180,validated,,0,matched,playbyplayv2,1611661319,100915|100944|200671|201480|202632,complete,playbyplay_inferred,203402|203825|1628269|1628276|1628932,complete,playbyplay_inferred,1611661319,Las Vegas Aces
Shot Chart Detail,1021800079,319,1628276,Kelsey Plum,1611661324,Minnesota Lynx,3,7,24,Missed Shot,Jump Shot,3PT Field Goal,Above the Break 3,Right Side Center(RC),24+ ft.,28,150,244,1,0,20180624,LVA,MIN,2018,1021800079319,13560,validated,,0,matched,playbyplayv2,1611661319,100915|100944|200671|201480|202632,complete,playbyplay_inferred,201477|203402|203825|1628276|1628932,complete,playbyplay_inferred,1611661319,Las Vegas Aces
Shot Chart Detail,1021800079,325,203825,Kayla McBride,1611661324,Minnesota Lynx,3,6,59,Missed Shot,Jump Shot,3PT Field Goal,Above the Break 3,Right Side Center(RC),24+ ft.,25,108,231,1,0,20180624,LVA,MIN,2018,1021800079325,13810,validated,,0,matched,playbyplayv2,1611661319,100915|100944|200671|201480|202632,complete,playbyplay_inferred,201477|203402|203825|1628276|1628932,complete,playbyplay_inferred,1611661319,Las Vegas Aces
Shot Chart Detail,1021800079,330,1628932,A'ja Wilson,1611661324,Minnesota Lynx,3,6,30,Missed Shot,Driving Layup Shot,2PT Field Goal,Mid-Range,Left Side(L),8-16 ft.,9,-85,51,1,0,20180624,LVA,MIN,2018,1021800079330,14100,validated,,0,matched,playbyplayv2,1611661319,100915|100944|200671|201480|202632,complete,playbyplay_inferred,201477|203402|203825|1628276|1628932,complete,playbyplay_inferred,1611661319,Las Vegas Aces
Shot Chart Detail,1021800079,334,203402,Kelsey Bone,1611661324,Minnesota Lynx,3,6,1,Missed Shot,Layup Shot,2PT Field Goal,In The Paint (Non-RA),Center(C),Less Than 8 ft.,7,69,14,1,0,20180624,LVA,MIN,2018,1021800079334,14390,validated,,0,matched,playbyplayv2,1611661319,100915|100944|200671|201480|202632,complete,playbyplay_inferred,201477|203402|203825|1628276|1628932,complete,playbyplay_inferred,1611661319,Las Vegas Aces
Shot Chart Detail,1021800079,337,201477,Tamera Young,1611661324,Minnesota Lynx,3,5,32,Made Shot,Jump Shot,2PT Field Goal,Mid-Range,Right Side(R),8-16 ft.,13,138,22,1,1,20180624,LVA,MIN,2018,1021800079337,14680,validated,1628276,1,matched,playbyplayv2,1611661319,100915|100944|200671|201480|202632,complete,playbyplay_inferred,201477|203402|203825|1628276|1628932,complete,playbyplay_inferred,1611661319,Las Vegas Aces
Shot Chart Detail,1021800079,339,203825,Kayla McBride,1611661324,Minnesota Lynx,3,5,3,Missed Shot,Jump Shot,2PT Field Goal,Mid-Range,Right Side(R),8-16 ft.,8,86,22,1,0,20180624,LVA,MIN,2018,1021800079339,14970,validated,,0,matched,playbyplayv2,1611661319,100915|100944|200671|201480|202632,complete,playbyplay_inferred,201477|203402|203825|1628276|1628932,complete,playbyplay_inferred,1611661319,Las Vegas Aces
Shot Chart Detail,1021800079,345,203825,Kayla McBride,1611661324,Minnesota Lynx,3,4,46,Missed Shot,Jump Shot,3PT Field Goal,Above the Break 3,Right Side Center(RC),24+ ft.,27,204,179,1,0,20180624,LVA,MIN,2018,1021800079345,15140,validated,,0,matched,playbyplayv2,1611661319,100915|100944|200671|201480|202632,complete,playbyplay_inferred,201477|203402|203825|1628276|1628932,complete,playbyplay_inferred,1611661319,Las Vegas Aces
Shot Chart Detail,1021800079,347,1628276,Kelsey Plum,1611661324,Minnesota Lynx,3,4,42,Made Shot,Jump Shot,3PT Field Goal,Above the Break 3,Left Side Center(LC),24+ ft.,28,-173,226,1,1,20180624,LVA,MIN,2018,1021800079347,15180,validated,203402,1,matched,playbyplayv2,1611661319,100915|100944|200671|201480|202632,complete,playbyplay_inferred,201477|203402|203825|1628276|1628932,complete,playbyplay_inferred,1611661319,Las Vegas Aces
Shot Chart Detail,1021800079,350,201477,Tamera Young,1611661324,Minnesota Lynx,3,4,2,Made Shot,Jump Shot,2PT Field Goal,Mid-Range,Left Side(L),8-16 ft.,15,-152,38,1,1,20180624,LVA,MIN,2018,1021800079350,15580,validated,1628276,1,matched,playbyplayv2,1611661319,100915|100944|200671|201480|202632,complete,playbyplay_inferred,201477|203402|203825|1628276|1628932,complete,playbyplay_inferred,1611661319,Las Vegas Aces
Shot Chart Detail,1021800079,367,1628932,A'ja Wilson,1611661324,Minnesota Lynx,3,3,18,Made Shot,Cutting Layup Shot,2PT Field Goal,In The Paint (Non-RA),Center(C),Less Than 8 ft.,6,57,36,1,1,20180624,LVA,MIN,2018,1021800079367,16020,validated,201477,1,matched,playbyplayv2,1611661319,101030|201480|202632|202658|1628508,complete,playbyplay_inferred,201477|203402|203825|1628276|1628932,complete,playbyplay_inferred,1611661319,Las Vegas Aces
Shot Chart Detail,1021800079,386,203825,Kayla McBride,1611661324,Minnesota Lynx,3,1,51,Made Shot,Floating Jump shot,2PT Field Goal,Mid-Range,Right Side(R),8-16 ft.,12,121,40,1,1,20180624,LVA,MIN,2018,1021800079386,16890,validated,203402,1,matched,playbyplayv2,1611661319,101030|201480|202632|202658|1628508,complete,playbyplay_inferred,201477|203402|203825|1628263|1628932,complete,playbyplay_inferred,1611661319,Las Vegas Aces
Shot Chart Detail,1021800079,394,203402,Kelsey Bone,1611661324,Minnesota Lynx,3,1,10,Made Shot,Jump Shot,2PT Field Goal,Mid-Range,Right Side(R),8-16 ft.,14,135,63,1,1,20180624,LVA,MIN,2018,1021800079394,17300,validated,1628263,1,matched,playbyplayv2,1611661319,101030|201480|202632|202658|1628508,complete,playbyplay_inferred,201477|203402|203825|1628263|1628932,complete,playbyplay_inferred,1611661319,Las Vegas Aces
Shot Chart Detail,1021800079,400,201477,Tamera Young,1611661324,Minnesota Lynx,3,0,47,Missed Shot,Jump Shot,2PT Field Goal,Mid-Range,Right Side(R),8-16 ft.,15,113,109,1,0,20180624,LVA,MIN,2018,1021800079400,17530,validated,,0,matched,playbyplayv2,1611661319,101030|201480|202632|202658|1628508,complete,playbyplay_inferred,201477|203402|203825|1628263|1628932,complete,playbyplay_inferred,1611661319,Las Vegas Aces
Shot Chart Detail,1021800079,403,1628932,A'ja Wilson,1611661324,Minnesota Lynx,3,0,27,Missed Shot,Jump Shot,2PT Field Goal,Mid-Range,Left Side Center(LC),16-24 ft.,16,-108,126,1,0,20180624,LVA,MIN,2018,1021800079403,17730,validated,,0,matched,playbyplayv2,1611661319,101030|201480|202632|202658|1628508,complete,playbyplay_inferred,201477|203402|203825|1628263|1628932,complete,playbyplay_inferred,1611661319,Las Vegas Aces
Shot Chart Detail,1021800079,407,203825,Kayla McBride,1611661324,Minnesota Lynx,3,0,0,Missed Shot,Running Pull-Up Jump Shot,3PT Field Goal,Backcourt,Back Court(BC),Back Court Shot,48,141,464,1,0,20180624,LVA,MIN,2018,1021800079407,18000,validated,,0,matched,playbyplayv2,1611661319,101030|201480|202632|202658|1628508,complete,playbyplay_inferred,201477|203402|203825|1628263|1628932,complete,playbyplay_inferred,1611661319,Las Vegas Aces
Shot Chart Detail,1021800079,417,1628269,Nia Coffey,1611661324,Minnesota Lynx,4,9,45,Missed Shot,Pullup Jump shot,2PT Field Goal,Mid-Range,Right Side(R),16-24 ft.,16,132,93,1,0,20180624,LVA,MIN,2018,1021800079417,18150,validated,,0,matched,playbyplayv2,1611661319,100944|101030|201480|202658|1628508,complete,playbyplay_inferred,201477|203402|204324|1628263|1628269,complete,playbyplay_inferred,1611661319,Las Vegas Aces
Shot Chart Detail,1021800079,421,204324,Dearica Hamby,1611661324,Minnesota Lynx,4,9,12,Made Shot,Jump Shot,3PT Field Goal,Above the Break 3,Center(C),24+ ft.,26,-34,259,1,1,20180624,LVA,MIN,2018,1021800079421,18480,validated,203402,1,matched,playbyplayv2,1611661319,100944|101030|201480|202658|1628508,complete,playbyplay_inferred,201477|203402|204324|1628263|1628269,complete,playbyplay_inferred,1611661319,Las Vegas Aces
Shot Chart Detail,1021800079,426,204324,Dearica Hamby,1611661324,Minnesota Lynx,4,8,31,Missed Shot,Driving Layup Shot,2PT Field Goal,Mid-Range,Right Side(R),8-16 ft.,14,124,66,1,0,20180624,LVA,MIN,2018,1021800079426,18890,validated,,0,matched,playbyplayv2,1611661319,100944|101030|201480|202658|1628508,complete,playbyplay_inferred,201477|203402|204324|1628269|1628276,complete,playbyplay_inferred,1611661319,Las Vegas Aces
Shot Chart Detail,1021800079,429,201477,Tamera Young,1611661324,Minnesota Lynx,4,8,30,Made Shot,Jump Shot,2PT Field Goal,Mid-Range,Right Side(R),8-16 ft.,12,125,20,1,1,20180624,LVA,MIN,2018,1021800079429,18900,validated,1628269,1,matched,playbyplayv2,1611661319,100944|101030|201480|202658|1628508,complete,playbyplay_inferred,201477|203402|204324|1628269|1628276,complete,playbyplay_inferred,1611661319,Las Vegas Aces
Shot Chart Detail,1021800079,441,1628269,Nia Coffey,1611661324,Minnesota Lynx,4,7,49,Missed Shot,Driving Layup Shot,2PT Field Goal,In The Paint (Non-RA),Center(C),8-16 ft.,10,14,101,1,0,20180624,LVA,MIN,2018,1021800079441,19310,validated,,0,matched,playbyplayv2,1611661319,100915|100944|200671|201480|202632,complete,playbyplay_inferred,201477|203402|204324|1628269|1628276,complete,playbyplay_inferred,1611661319,Las Vegas Aces
Shot Chart Detail,1021800079,448,1628276,Kelsey Plum,1611661324,Minnesota Lynx,4,6,52,Made Shot,Turnaround Fadeaway shot,2PT Field Goal,In The Paint (Non-RA),Center(C),8-16 ft.,10,13,103,1,1,20180624,LVA,MIN,2018,1021800079448,19880,validated,,0,matched,playbyplayv2,1611661319,100915|100944|200671|201480|202632,complete,playbyplay_inferred,201477|203402|204324|1628269|1628276,complete,playbyplay_inferred,1611661319,Las Vegas Aces
Shot Chart Detail,1021800079,451,1628269,Nia Coffey,1611661324,Minnesota Lynx,4,6,21,Missed Shot,Pullup Jump shot,2PT Field Goal,Mid-Range,Center(C),16-24 ft.,16,-31,165,1,0,20180624,LVA,MIN,2018,1021800079451,20190,validated,,0,matched,playbyplayv2,1611661319,100915|100944|200671|201480|202632,complete,playbyplay_inferred,201477|203402|204324|1628269|1628276,complete,playbyplay_inferred,1611661319,Las Vegas Aces
Shot Chart Detail,1021800079,459,203825,Kayla McBride,1611661324,Minnesota Lynx,4,5,47,Made Shot,Jump Shot,2PT Field Goal,In The Paint (Non-RA),Right Side(R),8-16 ft.,14,72,124,1,1,20180624,LVA,MIN,2018,1021800079459,20530,validated,202670,1,matched,playbyplayv2,1611661319,100915|100944|200671|201480|202632,complete,playbyplay_inferred,201477|202670|203825|204324|1628276,complete,playbyplay_inferred,1611661319,Las Vegas Aces
Shot Chart Detail,1021800079,462,201477,Tamera Young,1611661324,Minnesota Lynx,4,5,7,Made Shot,Pullup Jump shot,2PT Field Goal,Mid-Range,Center(C),8-16 ft.,14,-2,149,1,1,20180624,LVA,MIN,2018,1021800079462,20930,validated,204324,1,matched,playbyplayv2,1611661319,100915|100944|200671|201480|202632,complete,playbyplay_inferred,201477|202670|203825|204324|1628276,complete,playbyplay_inferred,1611661319,Las Vegas Aces
Shot Chart Detail,1021800079,468,201477,Tamera Young,1611661324,Minnesota Lynx,4,4,7,Missed Shot,Layup Shot,2PT Field Goal,Mid-Range,Right Side(R),8-16 ft.,11,97,52,1,0,20180624,LVA,MIN,2018,1021800079468,21530,validated,,0,matched,playbyplayv2,1611661319,100915|100944|200671|201480|202632,complete,playbyplay_inferred,201477|202670|203825|204324|1628276,complete,playbyplay_inferred,1611661319,Las Vegas Aces
Shot Chart Detail,1021800079,470,204324,Dearica Hamby,1611661324,Minnesota Lynx,4,4,1,Made Shot,Putback Layup Shot,2PT Field Goal,Restricted Area,Center(C),Less Than 8 ft.,0,0,-6,1,1,20180624,LVA,MIN,2018,1021800079470,21590,validated,,0,matched,playbyplayv2,1611661319,100915|100944|200671|201480|202632,complete,playbyplay_inferred,201477|202670|203825|204324|1628276,complete,playbyplay_inferred,1611661319,Las Vegas Aces
Shot Chart Detail,1021800079,472,204324,Dearica Hamby,1611661324,Minnesota Lynx,4,3,29,Missed Shot,Jump Shot,3PT Field Goal,Above the Break 3,Center(C),24+ ft.,26,-54,262,1,0,20180624,LVA,MIN,2018,1021800079472,21910,validated,,0,matched,playbyplayv2,1611661319,100915|100944|200671|201480|202632,complete,playbyplay_inferred,201477|202670|203825|204324|1628276,complete,playbyplay_inferred,1611661319,Las Vegas Aces
Shot Chart Detail,1021800079,476,203825,Kayla McBride,1611661324,Minnesota Lynx,4,3,0,Made Shot,Driving Floating Jump Shot,2PT Field Goal,Mid-Range,Left Side(L),8-16 ft.,14,-132,62,1,1,20180624,LVA,MIN,2018,1021800079476,22200,validated,,0,matched,playbyplayv2,1611661319,100915|100944|200671|201480|202632,complete,playbyplay_inferred,201477|202670|203825|204324|1628276,complete,playbyplay_inferred,1611661319,Las Vegas Aces
Shot Chart Detail,1021800079,478,204324,Dearica Hamby,1611661324,Minnesota Lynx,4,2,31,Made Shot,Layup Shot,2PT Field Goal,In The Paint (Non-RA),Right Side(R),8-16 ft.,9,70,63,1,1,20180624,LVA,MIN,2018,1021800079478,22490,validated,1628276,1,matched,playbyplayv2,1611661319,100915|100944|200671|201480|202632,complete,playbyplay_inferred,201477|202670|203825|204324|1628276,complete,playbyplay_inferred,1611661319,Las Vegas Aces
Shot Chart Detail,1021800079,493,204324,Dearica Hamby,1611661324,Minnesota Lynx,4,2,3,Missed Shot,Layup Shot,2PT Field Goal,In The Paint (Non-RA),Center(C),Less Than 8 ft.,7,60,50,1,0,20180624,LVA,MIN,2018,1021800079493,22770,validated,,0,matched,playbyplayv2,1611661319,100944|200671|201480|202632|202658,complete,playbyplay_inferred,202670|204324|1628269|1628276|1628913,complete,playbyplay_inferred,1611661319,Las Vegas Aces
Shot Chart Detail,1021800079,495,202670,Carolyn Swords,1611661324,Minnesota Lynx,4,1,58,Missed Shot,Jump Shot,2PT Field Goal,Mid-Range,Left Side(L),16-24 ft.,17,-160,72,1,0,20180624,LVA,MIN,2018,1021800079495,22820,validated,,0,matched,playbyplayv2,1611661319,100944|200671|201480|202632|202658,complete,playbyplay_inferred,202670|204324|1628269|1628276|1628913,complete,playbyplay_inferred,1611661319,Las Vegas Aces
Shot Chart Detail,1021800079,507,1628913,Jaime Nared,1611661324,Minnesota Lynx,4,1,23,Missed Shot,Jump Shot,3PT Field Goal,Above the Break 3,Center(C),24+ ft.,25,15,254,1,0,20180624,LVA,MIN,2018,1021800079507,23170,validated,,0,matched,playbyplayv2,1611661319,100944|101030|202658|1627701|1628508,complete,playbyplay_inferred,202670|204324|1628269|1628276|1628913,complete,playbyplay_inferred,1611661319,Las Vegas Aces
Shot Chart Detail,1021800079,513,1628913,Jaime Nared,1611661324,Minnesota Lynx,4,1,0,Made Shot,Jump Shot,2PT Field Goal,Mid-Range,Left Side(L),8-16 ft.,14,-121,87,1,1,20180624,LVA,MIN,2018,1021800079513,23400,validated,1628276,1,matched,playbyplayv2,1611661319,101030|202658|1627701|1628508|1628866,complete,playbyplay_inferred,202670|204324|1628269|1628276|1628913,complete,playbyplay_inferred,1611661319,Las Vegas Aces
Shot Chart Detail,1021800079,524,204324,Dearica Hamby,1611661324,Minnesota Lynx,4,0,13,Missed Shot,Layup Shot,2PT Field Goal,Mid-Range,Right Side(R),8-16 ft.,10,94,40,1,0,20180624,LVA,MIN,2018,1021800079524,23870,validated,,0,matched,playbyplayv2,1611661319,101030|202658|1627701|1628508|1628866,complete,playbyplay_inferred,202670|204324|1628269|1628276|1628913,complete,playbyplay_inferred,1611661319,Las Vegas Aces
Shot Chart Detail,1021800083,7,204321,Kaleena Mosqueda-Lewis,1611661324,Minnesota Lynx,1,9,41,Missed Shot,Jump Shot,3PT Field Goal,Above the Break 3,Left Side Center(LC),16-24 ft.,23,-171,161,1,0,20180626,MIN,SEA,2018,10218000837,190,validated,,0,matched,playbyplayv2,1611661328,100915|100944|200671|201480|202632,complete,playbyplay_inferred,100720|203827|204319|204321|1627668,complete,playbyplay_inferred,1611661328,Seattle Storm
Shot Chart Detail,1021800083,11,204321,Kaleena Mosqueda-Lewis,1611661324,Minnesota Lynx,1,9,13,Made Shot,Jump Shot,3PT Field Goal,Above the Break 3,Left Side(L),16-24 ft.,22,-219,45,1,1,20180626,MIN,SEA,2018,102180008311,470,validated,100720,1,matched,playbyplayv2,1611661328,100915|100944|200671|201480|202632,complete,playbyplay_inferred,100720|203827|204319|204321|1627668,complete,playbyplay_inferred,1611661328,Seattle Storm
Shot Chart Detail,1021800083,19,203827,Natasha Howard,1611661324,Minnesota Lynx,1,8,26,Missed Shot,Turnaround Fadeaway shot,2PT Field Goal,In The Paint (Non-RA),Left Side(L),8-16 ft.,8,-67,58,1,0,20180626,MIN,SEA,2018,102180008319,940,validated,,0,matched,playbyplayv2,1611661328,100915|100944|200671|201480|202632,complete,playbyplay_inferred,100720|203827|204319|204321|1627668,complete,playbyplay_inferred,1611661328,Seattle Storm
Shot Chart Detail,1021800083,23,203827,Natasha Howard,1611661324,Minnesota Lynx,1,7,58,Missed Shot,Jump Shot,2PT Field Goal,Mid-Range,Center(C),16-24 ft.,16,3,161,1,0,20180626,MIN,SEA,2018,102180008323,1220,validated,,0,matched,playbyplayv2,1611661328,100915|100944|200671|201480|202632,complete,playbyplay_inferred,100720|203827|204319|204321|1627668,complete,playbyplay_inferred,1611661328,Seattle Storm
Shot Chart Detail,1021800083,31,100720,Sue Bird,1611661324,Minnesota Lynx,1,7,15,Made Shot,Pullup Jump shot,2PT Field Goal,Mid-Range,Center(C),16-24 ft.,16,-44,157,1,1,20180626,MIN,SEA,2018,102180008331,1650,validated,1627668,1,matched,playbyplayv2,1611661328,100915|100944|200671|201480|202632,complete,playbyplay_inferred,100720|203827|204319|204321|1627668,complete,playbyplay_inferred,1611661328,Seattle Storm
Shot Chart Detail,1021800083,40,204319,Jewell Loyd,1611661324,Minnesota Lynx,1,6,14,Missed Shot,Pullup Jump shot,2PT Field Goal,In The Paint (Non-RA),Center(C),8-16 ft.,13,-55,122,1,0,20180626,MIN,SEA,2018,102180008340,2260,validated,,0,matched,playbyplayv2,1611661328,100915|100944|200671|201480|202632,complete,playbyplay_inferred,100720|203827|204319|204321|1627668,complete,playbyplay_inferred,1611661328,Seattle Storm
Shot Chart Detail,1021800083,46,100720,Sue Bird,1611661324,Minnesota Lynx,1,5,52,Missed Shot,Pullup Jump shot,2PT Field Goal,Mid-Range,Right Side Center(RC),16-24 ft.,18,130,135,1,0,20180626,MIN,SEA,2018,102180008346,2480,validated,,0,matched,playbyplayv2,1611661328,100944|200671|201480|202632|202658,complete,playbyplay_inferred,100720|203827|204319|204321|1627668,complete,playbyplay_inferred,1611661328,Seattle Storm
Shot Chart Detail,1021800083,52,204321,Kaleena Mosqueda-Lewis,1611661324,Minnesota Lynx,1,5,18,Missed Shot,Pullup Jump shot,2PT Field Goal,Mid-Range,Right Side(R),16-24 ft.,16,136,96,1,0,20180626,MIN,SEA,2018,102180008352,2820,validated,,0,matched,playbyplayv2,1611661328,100944|200671|201480|202632|202658,complete,playbyplay_inferred,100720|203827|204319|204321|1627668,complete,playbyplay_inferred,1611661328,Seattle Storm
Shot Chart Detail,1021800083,63,203827,Natasha Howard,1611661324,Minnesota Lynx,1,4,48,Missed Shot,Jump Shot,3PT Field Goal,Above the Break 3,Center(C),16-24 ft.,23,2,232,1,0,20180626,MIN,SEA,2018,102180008363,3120,validated,,0,matched,playbyplayv2,1611661328,100944|101030|201480|202632|202658,complete,playbyplay_inferred,100720|203827|204319|204321|1627668,complete,playbyplay_inferred,1611661328,Seattle Storm
Shot Chart Detail,1021800083,72,203827,Natasha Howard,1611661324,Minnesota Lynx,1,4,2,Missed Shot,Driving Layup Shot,2PT Field Goal,Restricted Area,Center(C),Less Than 8 ft.,3,12,32,1,0,20180626,MIN,SEA,2018,102180008372,3580,validated,,0,matched,playbyplayv2,1611661328,100944|101030|201480|202632|202658,complete,playbyplay_inferred,202252|203827|204319|1627668|1628886,complete,playbyplay_inferred,1611661328,Seattle Storm
Shot Chart Detail,1021800083,85,1627668,Breanna Stewart,1611661324,Minnesota Lynx,1,3,49,Made Shot,Layup Shot,2PT Field Goal,Restricted Area,Center(C),Less Than 8 ft.,1,18,-4,1,1,20180626,MIN,SEA,2018,102180008385,3710,validated,1628886,1,matched,playbyplayv2,1611661328,100944|101030|201480|202632|202658,complete,playbyplay_inferred,201518|202252|204319|1627668|1628886,complete,playbyplay_inferred,1611661328,Seattle Storm
Shot Chart Detail,1021800083,95,1627668,Breanna Stewart,1611661324,Minnesota Lynx,1,2,49,Made Shot,Turnaround Jump Shot,2PT Field Goal,Mid-Range,Left Side(L),8-16 ft.,9,-89,15,1,1,20180626,MIN,SEA,2018,102180008395,4310,validated,202252,1,matched,playbyplayv2,1611661328,100915|100944|101030|201480|202632,complete,playbyplay_inferred,201518|202252|204319|1627668|1628886,complete,playbyplay_inferred,1611661328,Seattle Storm
Shot Chart Detail,1021800083,99,204319,Jewell Loyd,1611661324,Minnesota Lynx,1,2,22,Missed Shot,Jump Shot,3PT Field Goal,Above the Break 3,Left Side Center(LC),24+ ft.,23,-175,163,1,0,20180626,MIN,SEA,2018,102180008399,4580,validated,,0,matched,playbyplayv2,1611661328,100915|100944|101030|201480|202632,complete,playbyplay_inferred,201518|202252|204319|1627668|1628886,complete,playbyplay_inferred,1611661328,Seattle Storm
Shot Chart Detail,1021800083,106,204319,Jewell Loyd,1611661324,Minnesota Lynx,1,1,49,Made Shot,Jump Shot,3PT Field Goal,Above the Break 3,Right Side Center(RC),24+ ft.,23,154,184,1,1,20180626,MIN,SEA,2018,1021800083106,4910,validated,1628886,1,matched,playbyplayv2,1611661328,100915|101030|201480|202632|1628508,complete,playbyplay_inferred,201518|202252|204319|1627668|1628886,complete,playbyplay_inferred,1611661328,Seattle Storm
Shot Chart Detail,1021800083,110,1627668,Breanna Stewart,1611661324,Minnesota Lynx,1,1,7,Missed Shot,Step Back Jump shot,2PT Field Goal,Mid-Range,Right Side Center(RC),16-24 ft.,18,114,141,1,0,20180626,MIN,SEA,2018,1021800083110,5330,validated,,0,matched,playbyplayv2,1611661328,100915|101030|201480|202632|1628508,complete,playbyplay_inferred,201518|202252|204319|1627668|1628886,complete,playbyplay_inferred,1611661328,Seattle Storm
Shot Chart Detail,1021800083,115,202252,Alysha Clark,1611661324,Minnesota Lynx,1,0,20,Missed Shot,Jump Shot,3PT Field Goal,Above the Break 3,Left Side Center(LC),16-24 ft.,23,-176,154,1,0,20180626,MIN,SEA,2018,1021800083115,5800,validated,,0,matched,playbyplayv2,1611661328,100915|101030|201480|202632|1628508,complete,playbyplay_inferred,201518|202252|204319|1627668|1628886,complete,playbyplay_inferred,1611661328,Seattle Storm
Shot Chart Detail,1021800083,131,1628244,Sami Whitcomb,1611661324,Minnesota Lynx,2,9,33,Missed Shot,Jump Shot,3PT Field Goal,Above the Break 3,Right Side Center(RC),24+ ft.,24,148,192,1,0,20180626,MIN,SEA,2018,1021800083131,6270,validated,,0,matched,playbyplayv2,1611661328,100915|100944|200671|201480|1628508,complete,playbyplay_inferred,201518|201907|202252|1628244|1628886,complete,playbyplay_inferred,1611661328,Seattle Storm
Shot Chart Detail,1021800083,133,1628886,Jordin Canada,1611661324,Minnesota Lynx,2,9,25,Made Shot,Pullup Jump shot,2PT Field Goal,Mid-Range,Left Side Center(LC),16-24 ft.,16,-130,108,1,1,20180626,MIN,SEA,2018,1021800083133,6350,validated,,0,matched,playbyplayv2,1611661328,100915|100944|200671|201480|1628508,complete,playbyplay_inferred,201518|201907|202252|1628244|1628886,complete,playbyplay_inferred,1611661328,Seattle Storm
Shot Chart Detail,1021800083,136,1628886,Jordin Canada,1611661324,Minnesota Lynx,2,8,50,Missed Shot,Jump Shot,3PT Field Goal,Above the Break 3,Left Side(L),16-24 ft.,23,-195,126,1,0,20180626,MIN,SEA,2018,1021800083136,6700,validated,,0,matched,playbyplayv2,1611661328,100915|100944|200671|201480|1628508,complete,playbyplay_inferred,201518|201907|202252|1628244|1628886,complete,playbyplay_inferred,1611661328,Seattle Storm
Shot Chart Detail,1021800083,139,202252,Alysha Clark,1611661324,Minnesota Lynx,2,8,7,Missed Shot,Jump Shot,3PT Field Goal,Above the Break 3,Right Side Center(RC),24+ ft.,24,112,216,1,0,20180626,MIN,SEA,2018,1021800083139,7130,validated,,0,matched,playbyplayv2,1611661328,100915|100944|200671|201480|1628508,complete,playbyplay_inferred,201518|201907|202252|1628244|1628886,complete,playbyplay_inferred,1611661328,Seattle Storm
Shot Chart Detail,1021800083,141,201907,Courtney Paris,1611661324,Minnesota Lynx,2,8,3,Missed Shot,Layup Shot,2PT Field Goal,Restricted Area,Center(C),Less Than 8 ft.,0,7,5,1,0,20180626,MIN,SEA,2018,1021800083141,7170,validated,,0,matched,playbyplayv2,1611661328,100915|100944|200671|201480|1628508,complete,playbyplay_inferred,201518|201907|202252|1628244|1628886,complete,playbyplay_inferred,1611661328,Seattle Storm
Shot Chart Detail,1021800083,143,1628886,Jordin Canada,1611661324,Minnesota Lynx,2,7,59,Missed Shot,Jump Shot,3PT Field Goal,Above the Break 3,Left Side Center(LC),24+ ft.,24,-182,161,1,0,20180626,MIN,SEA,2018,1021800083143,7210,validated,,0,matched,playbyplayv2,1611661328,100915|100944|200671|201480|1628508,complete,playbyplay_inferred,201518|201907|202252|1628244|1628886,complete,playbyplay_inferred,1611661328,Seattle Storm
Shot Chart Detail,1021800083,149,204319,Jewell Loyd,1611661324,Minnesota Lynx,2,7,44,Made Shot,Turnaround Fadeaway shot,2PT Field Goal,Mid-Range,Right Side(R),8-16 ft.,13,128,56,1,1,20180626,MIN,SEA,2018,1021800083149,7360,validated,,0,matched,playbyplayv2,1611661328,100944|200671|201480|202658|1628508,complete,playbyplay_inferred,201518|201907|204319|1628244|1628886,complete,playbyplay_inferred,1611661328,Seattle Storm
Shot Chart Detail,1021800083,158,204319,Jewell Loyd,1611661324,Minnesota Lynx,2,7,21,Missed Shot,Jump Shot,3PT Field Goal,Above the Break 3,Right Side Center(RC),24+ ft.,25,196,161,1,0,20180626,MIN,SEA,2018,1021800083158,7590,validated,,0,matched,playbyplayv2,1611661328,100944|200671|202632|202658|1628508,complete,playbyplay_inferred,201518|201907|204319|1628244|1628886,complete,playbyplay_inferred,1611661328,Seattle Storm
Shot Chart Detail,1021800083,164,201518,Crystal Langhorne,1611661324,Minnesota Lynx,2,6,54,Missed Shot,Layup Shot,2PT Field Goal,Restricted Area,Center(C),Less Than 8 ft.,1,-16,10,1,0,20180626,MIN,SEA,2018,1021800083164,7860,validated,,0,matched,playbyplayv2,1611661328,100944|200671|202632|202658|1628508,complete,playbyplay_inferred,201518|201907|204319|1628244|1628886,complete,playbyplay_inferred,1611661328,Seattle Storm
Shot Chart Detail,1021800083,169,1628886,Jordin Canada,1611661324,Minnesota Lynx,2,6,22,Missed Shot,Running Layup Shot,2PT Field Goal,Restricted Area,Center(C),Less Than 8 ft.,1,0,13,1,0,20180626,MIN,SEA,2018,1021800083169,8180,validated,,0,matched,playbyplayv2,1611661328,100944|200671|202632|202658|1628508,complete,playbyplay_inferred,201518|201907|204319|1628244|1628886,complete,playbyplay_inferred,1611661328,Seattle Storm
Shot Chart Detail,1021800083,171,201518,Crystal Langhorne,1611661324,Minnesota Lynx,2,6,19,Made Shot,Layup Shot,2PT Field Goal,Restricted Area,Center(C),Less Than 8 ft.,1,-16,1,1,1,20180626,MIN,SEA,2018,1021800083171,8210,validated,,0,matched,playbyplayv2,1611661328,100944|200671|202632|202658|1628508,complete,playbyplay_inferred,201518|201907|204319|1628244|1628886,complete,playbyplay_inferred,1611661328,Seattle Storm
Shot Chart Detail,1021800083,191,203827,Natasha Howard,1611661324,Minnesota Lynx,2,5,13,Made Shot,Turnaround Jump Shot,2PT Field Goal,Mid-Range,Right Side(R),8-16 ft.,9,90,12,1,1,20180626,MIN,SEA,2018,1021800083191,8870,validated,204319,1,matched,playbyplayv2,1611661328,100944|201480|202632|202658|1628508,complete,playbyplay_inferred,100720|201907|203827|204319|1627668,complete,playbyplay_inferred,1611661328,Seattle Storm
Shot Chart Detail,1021800083,195,204319,Jewell Loyd,1611661324,Minnesota Lynx,2,4,27,Missed Shot,Jump Shot,3PT Field Goal,Above the Break 3,Left Side Center(LC),16-24 ft.,23,-145,185,1,0,20180626,MIN,SEA,2018,1021800083195,9330,validated,,0,matched,playbyplayv2,1611661328,100944|201480|202632|202658|1628508,complete,playbyplay_inferred,100720|201907|203827|204319|1627668,complete,playbyplay_inferred,1611661328,Seattle Storm
Shot Chart Detail,1021800083,202,1627668,Breanna Stewart,1611661324,Minnesota Lynx,2,4,5,Made Shot,Jump Shot,3PT Field Goal,Above the Break 3,Right Side Center(RC),24+ ft.,25,137,210,1,1,20180626,MIN,SEA,2018,1021800083202,9550,validated,100720,1,matched,playbyplayv2,1611661328,100944|201480|202632|202658|1628508,complete,playbyplay_inferred,100720|201907|203827|204319|1627668,complete,playbyplay_inferred,1611661328,Seattle Storm
Shot Chart Detail,1021800083,206,204319,Jewell Loyd,1611661324,Minnesota Lynx,2,3,39,Missed Shot,Layup Shot,2PT Field Goal,Restricted Area,Center(C),Less Than 8 ft.,1,-11,-6,1,0,20180626,MIN,SEA,2018,1021800083206,9810,validated,,0,matched,playbyplayv2,1611661328,100944|201480|202632|202658|1628508,complete,playbyplay_inferred,100720|201907|203827|204319|1627668,complete,playbyplay_inferred,1611661328,Seattle Storm
Shot Chart Detail,1021800083,210,100720,Sue Bird,1611661324,Minnesota Lynx,2,3,13,Missed Shot,Jump Shot,3PT Field Goal,Above the Break 3,Right Side Center(RC),16-24 ft.,23,170,165,1,0,20180626,MIN,SEA,2018,1021800083210,10070,validated,,0,matched,playbyplayv2,1611661328,100944|201480|202632|202658|1628508,complete,playbyplay_inferred,100720|201907|203827|204319|1627668,complete,playbyplay_inferred,1611661328,Seattle Storm
Shot Chart Detail,1021800083,217,1627668,Breanna Stewart,1611661324,Minnesota Lynx,2,2,45,Made Shot,Jump Shot,3PT Field Goal,Above the Break 3,Center(C),24+ ft.,24,23,241,1,1,20180626,MIN,SEA,2018,1021800083217,10350,validated,100720,1,matched,playbyplayv2,1611661328,100944|201480|202632|202658|1628508,complete,playbyplay_inferred,100720|203827|204319|204321|1627668,complete,playbyplay_inferred,1611661328,Seattle Storm
Shot Chart Detail,1021800083,223,204319,Jewell Loyd,1611661324,Minnesota Lynx,2,2,4,Missed Shot,Jump Shot,3PT Field Goal,Above the Break 3,Right Side Center(RC),24+ ft.,25,112,232,1,0,20180626,MIN,SEA,2018,1021800083223,10760,validated,,0,matched,playbyplayv2,1611661328,100944|201480|202632|202658|1628508,complete,playbyplay_inferred,100720|203827|204319|204321|1627668,complete,playbyplay_inferred,1611661328,Seattle Storm
Shot Chart Detail,1021800083,231,1627668,Breanna Stewart,1611661324,Minnesota Lynx,2,1,44,Made Shot,Jump Shot,2PT Field Goal,In The Paint (Non-RA),Center(C),8-16 ft.,11,24,114,1,1,20180626,MIN,SEA,2018,1021800083231,10960,validated,,0,matched,playbyplayv2,1611661328,100944|200671|201480|202632|202658,complete,playbyplay_inferred,100720|203827|204319|204321|1627668,complete,playbyplay_inferred,1611661328,Seattle Storm
Shot Chart Detail,1021800083,237,204319,Jewell Loyd,1611661324,Minnesota Lynx,2,1,23,Missed Shot,Pullup Jump shot,2PT Field Goal,Mid-Range,Right Side Center(RC),16-24 ft.,18,98,158,1,0,20180626,MIN,SEA,2018,1021800083237,11170,validated,,0,matched,playbyplayv2,1611661328,100944|200671|201480|202632|202658,complete,playbyplay_inferred,100720|203827|204319|204321|1627668,complete,playbyplay_inferred,1611661328,Seattle Storm
Shot Chart Detail,1021800083,245,203827,Natasha Howard,1611661324,Minnesota Lynx,2,0,51,Missed Shot,Driving Layup Shot,2PT Field Goal,Restricted Area,Center(C),Less Than 8 ft.,1,-11,-7,1,0,20180626,MIN,SEA,2018,1021800083245,11490,validated,,0,matched,playbyplayv2,1611661328,100915|100944|200671|201480|202632,complete,playbyplay_inferred,100720|203827|204319|204321|1627668,complete,playbyplay_inferred,1611661328,Seattle Storm
Shot Chart Detail,1021800083,250,1627668,Breanna Stewart,1611661324,Minnesota Lynx,2,0,29,Made Shot,Jump Shot,3PT Field Goal,Above the Break 3,Right Side Center(RC),24+ ft.,24,84,227,1,1,20180626,MIN,SEA,2018,1021800083250,11710,validated,100720,1,matched,playbyplayv2,1611661328,100915|100944|200671|201480|202632,complete,playbyplay_inferred,100720|203827|204319|204321|1627668,complete,playbyplay_inferred,1611661328,Seattle Storm
Shot Chart Detail,1021800083,266,1627668,Breanna Stewart,1611661324,Minnesota Lynx,3,9,24,Made Shot,Hook Shot,2PT Field Goal,In The Paint (Non-RA),Center(C),Less Than 8 ft.,5,-22,47,1,1,20180626,MIN,SEA,2018,1021800083266,12360,validated,,0,matched,playbyplayv2,1611661328,100915|100944|200671|201480|202632,complete,playbyplay_inferred,100720|203827|204319|204321|1627668,complete,playbyplay_inferred,1611661328,Seattle Storm
Shot Chart Detail,1021800083,273,204319,Jewell Loyd,1611661324,Minnesota Lynx,3,8,59,Missed Shot,Jump Shot,3PT Field Goal,Above the Break 3,Right Side Center(RC),24+ ft.,24,161,184,1,0,20180626,MIN,SEA,2018,1021800083273,12610,validated,,0,matched,playbyplayv2,1611661328,100915|100944|200671|201480|202632,complete,playbyplay_inferred,100720|203827|204319|204321|1627668,complete,playbyplay_inferred,1611661328,Seattle Storm
Shot Chart Detail,1021800083,281,204321,Kaleena Mosqueda-Lewis,1611661324,Minnesota Lynx,3,8,31,Made Shot,Running Layup Shot,2PT Field Goal,Restricted Area,Center(C),Less Than 8 ft.,1,14,6,1,1,20180626,MIN,SEA,2018,1021800083281,12890,validated,100720,1,matched,playbyplayv2,1611661328,100915|100944|200671|201480|202632,complete,playbyplay_inferred,100720|203827|204319|204321|1627668,complete,playbyplay_inferred,1611661328,Seattle Storm
Shot Chart Detail,1021800083,289,1627668,Breanna Stewart,1611661324,Minnesota Lynx,3,8,1,Missed Shot,Jump Shot,2PT Field Goal,Mid-Range,Left Side Center(LC),16-24 ft.,18,-119,137,1,0,20180626,MIN,SEA,2018,1021800083289,13190,validated,,0,matched,playbyplayv2,1611661328,100915|100944|200671|201480|202632,complete,playbyplay_inferred,100720|202252|203827|204319|1627668,complete,playbyplay_inferred,1611661328,Seattle Storm
Shot Chart Detail,1021800083,299,100720,Sue Bird,1611661324,Minnesota Lynx,3,7,7,Made Shot,Pullup Jump shot,2PT Field Goal,Mid-Range,Right Side(R),8-16 ft.,13,136,28,1,1,20180626,MIN,SEA,2018,1021800083299,13730,validated,204319,1,matched,playbyplayv2,1611661328,100915|100944|200671|201480|202632,complete,playbyplay_inferred,100720|202252|203827|204319|1627668,complete,playbyplay_inferred,1611661328,Seattle Storm
Shot Chart Detail,1021800083,330,100720,Sue Bird,1611661324,Minnesota Lynx,3,5,13,Missed Shot,Jump Shot,3PT Field Goal,Above the Break 3,Right Side Center(RC),16-24 ft.,23,148,184,1,0,20180626,MIN,SEA,2018,1021800083330,14870,validated,,0,matched,playbyplayv2,1611661328,100915|100944|200671|201480|202632,complete,playbyplay_inferred,100720|201518|201907|202252|1627668,complete,playbyplay_inferred,1611661328,Seattle Storm
Shot Chart Detail,1021800083,343,1627668,Breanna Stewart,1611661324,Minnesota Lynx,3,4,24,Made Shot,Pullup Jump shot,2PT Field Goal,Mid-Range,Right Side Center(RC),16-24 ft.,16,128,100,1,1,20180626,MIN,SEA,2018,1021800083343,15360,validated,100720,1,matched,playbyplayv2,1611661328,100944|200671|201480|202632|202658,complete,playbyplay_inferred,100720|201518|201907|202252|1627668,complete,playbyplay_inferred,1611661328,Seattle Storm
Shot Chart Detail,1021800083,347,100720,Sue Bird,1611661324,Minnesota Lynx,3,3,50,Missed Shot,Jump Shot,3PT Field Goal,Above the Break 3,Right Side(R),24+ ft.,22,221,54,1,0,20180626,MIN,SEA,2018,1021800083347,15700,validated,,0,matched,playbyplayv2,1611661328,100944|200671|201480|202632|202658,complete,playbyplay_inferred,100720|201518|201907|202252|1627668,complete,playbyplay_inferred,1611661328,Seattle Storm
Shot Chart Detail,1021800083,355,1628886,Jordin Canada,1611661324,Minnesota Lynx,3,3,18,Made Shot,Jump Shot,2PT Field Goal,Mid-Range,Left Side Center(LC),16-24 ft.,20,-95,184,1,1,20180626,MIN,SEA,2018,1021800083355,16020,validated,,0,matched,playbyplayv2,1611661328,100944|200671|201480|202658|1628508,complete,playbyplay_inferred,201518|201907|202252|1627668|1628886,complete,playbyplay_inferred,1611661328,Seattle Storm
Shot Chart Detail,1021800083,360,202252,Alysha Clark,1611661324,Minnesota Lynx,3,2,33,Missed Shot,Jump Shot,3PT Field Goal,Right Corner 3,Right Side(R),24+ ft.,23,233,12,1,0,20180626,MIN,SEA,2018,1021800083360,16470,validated,,0,matched,playbyplayv2,1611661328,100944|200671|201480|202658|1628508,complete,playbyplay_inferred,201518|201907|202252|1627668|1628886,complete,playbyplay_inferred,1611661328,Seattle Storm
Shot Chart Detail,1021800083,377,1627668,Breanna Stewart,1611661324,Minnesota Lynx,3,1,33,Missed Shot,Pullup Jump shot,2PT Field Goal,Mid-Range,Right Side(R),8-16 ft.,14,142,6,1,0,20180626,MIN,SEA,2018,1021800083377,17070,validated,,0,matched,playbyplayv2,1611661328,101030|202658|1627701|1628508|1628866,complete,playbyplay_inferred,201049|201518|201907|1627668|1628886,complete,playbyplay_inferred,1611661328,Seattle Storm
Shot Chart Detail,1021800083,394,201049,Noelle Quinn,1611661324,Minnesota Lynx,3,0,28,Made Shot,Jump Shot,3PT Field Goal,Above the Break 3,Center(C),24+ ft.,24,52,239,1,1,20180626,MIN,SEA,2018,1021800083394,17720,validated,1628886,1,matched,playbyplayv2,1611661328,101030|202658|1627701|1628508|1628866,complete,playbyplay_inferred,201049|201518|203827|1628244|1628886,complete,playbyplay_inferred,1611661328,Seattle Storm
Shot Chart Detail,1021800083,399,1628886,Jordin Canada,1611661324,Minnesota Lynx,3,0,0,Made Shot,Running Jump Shot,3PT Field Goal,Backcourt,Back Court(BC),Back Court Shot,59,127,582,1,1,20180626,MIN,SEA,2018,1021800083399,18000,validated,,0,matched,playbyplayv2,1611661328,101030|202658|1627701|1628508|1628866,complete,playbyplay_inferred,201049|201518|203827|1628244|1628886,complete,playbyplay_inferred,1611661328,Seattle Storm
Shot Chart Detail,1021800083,413,201518,Crystal Langhorne,1611661324,Minnesota Lynx,4,9,49,Missed Shot,Jump Shot,2PT Field Goal,Mid-Range,Center(C),16-24 ft.,18,-3,183,1,0,20180626,MIN,SEA,2018,1021800083413,18110,validated,,0,matched,playbyplayv2,1611661328,100915|100944|200671|201480|202632,complete,playbyplay_inferred,201049|201518|203827|1628244|1628886,complete,playbyplay_inferred,1611661328,Seattle Storm
Shot Chart Detail,1021800083,416,1628886,Jordin Canada,1611661324,Minnesota Lynx,4,9,7,Missed Shot,Jump Shot,3PT Field Goal,Above the Break 3,Left Side Center(LC),24+ ft.,25,-170,191,1,0,20180626,MIN,SEA,2018,1021800083416,18530,validated,,0,matched,playbyplayv2,1611661328,100915|100944|200671|201480|202632,complete,playbyplay_inferred,201049|201518|203827|1628244|1628886,complete,playbyplay_inferred,1611661328,Seattle Storm
Shot Chart Detail,1021800083,430,204321,Kaleena Mosqueda-Lewis,1611661324,Minnesota Lynx,4,8,30,Made Shot,Pullup Jump shot,2PT Field Goal,Mid-Range,Left Side Center(LC),16-24 ft.,20,-145,146,1,1,20180626,MIN,SEA,2018,1021800083430,18900,validated,100720,1,matched,playbyplayv2,1611661328,100915|100944|200671|201480|202632,complete,playbyplay_inferred,100720|203827|204319|204321|1627668,complete,playbyplay_inferred,1611661328,Seattle Storm
Shot Chart Detail,1021800083,433,203827,Natasha Howard,1611661324,Minnesota Lynx,4,7,52,Made Shot,Cutting Layup Shot,2PT Field Goal,Restricted Area,Center(C),Less Than 8 ft.,0,4,1,1,1,20180626,MIN,SEA,2018,1021800083433,19280,validated,204319,1,matched,playbyplayv2,1611661328,100915|100944|200671|201480|202632,complete,playbyplay_inferred,100720|203827|204319|204321|1627668,complete,playbyplay_inferred,1611661328,Seattle Storm
Shot Chart Detail,1021800083,437,100720,Sue Bird,1611661324,Minnesota Lynx,4,7,33,Made Shot,Layup Shot,2PT Field Goal,Restricted Area,Center(C),Less Than 8 ft.,1,-12,14,1,1,20180626,MIN,SEA,2018,1021800083437,19470,validated,204319,1,matched,playbyplayv2,1611661328,100915|100944|200671|201480|202632,complete,playbyplay_inferred,100720|203827|204319|204321|1627668,complete,playbyplay_inferred,1611661328,Seattle Storm
Shot Chart Detail,1021800083,444,204319,Jewell Loyd,1611661324,Minnesota Lynx,4,6,37,Missed Shot,Pullup Jump shot,2PT Field Goal,Mid-Range,Left Side(L),8-16 ft.,15,-141,61,1,0,20180626,MIN,SEA,2018,1021800083444,20030,validated,,0,matched,playbyplayv2,1611661328,100915|100944|200671|201480|202632,complete,playbyplay_inferred,100720|203827|204319|204321|1627668,complete,playbyplay_inferred,1611661328,Seattle Storm
Shot Chart Detail,1021800083,454,100720,Sue Bird,1611661324,Minnesota Lynx,4,5,54,Made Shot,Jump Shot,3PT Field Goal,Above the Break 3,Right Side(R),24+ ft.,24,242,38,1,1,20180626,MIN,SEA,2018,1021800083454,20460,validated,1627668,1,matched,playbyplayv2,1611661328,100915|100944|200671|201480|202632,complete,playbyplay_inferred,100720|203827|204319|204321|1627668,complete,playbyplay_inferred,1611661328,Seattle Storm
Shot Chart Detail,1021800083,458,1627668,Breanna Stewart,1611661324,Minnesota Lynx,4,5,21,Made Shot,Jump Shot,2PT Field Goal,Mid-Range,Left Side Center(LC),16-24 ft.,17,-129,113,1,1,20180626,MIN,SEA,2018,1021800083458,20790,validated,,0,matched,playbyplayv2,1611661328,100915|100944|200671|201480|202632,complete,playbyplay_inferred,100720|203827|204319|204321|1627668,complete,playbyplay_inferred,1611661328,Seattle Storm
Shot Chart Detail,1021800083,461,204321,Kaleena Mosqueda-Lewis,1611661324,Minnesota Lynx,4,4,48,Made Shot,Jump Shot,3PT Field Goal,Above the Break 3,Center(C),24+ ft.,24,0,240,1,1,20180626,MIN,SEA,2018,1021800083461,21120,validated,100720,1,matched,playbyplayv2,1611661328,100915|100944|200671|201480|202632,complete,playbyplay_inferred,100720|203827|204319|204321|1627668,complete,playbyplay_inferred,1611661328,Seattle Storm
Shot Chart Detail,1021800083,465,1627668,Breanna Stewart,1611661324,Minnesota Lynx,4,4,24,Made Shot,Driving Floating Bank Jump Shot,2PT Field Goal,In The Paint (Non-RA),Center(C),Less Than 8 ft.,7,-74,12,1,1,20180626,MIN,SEA,2018,1021800083465,21360,validated,100720,1,matched,playbyplayv2,1611661328,100915|100944|200671|201480|202632,complete,playbyplay_inferred,100720|203827|204319|204321|1627668,complete,playbyplay_inferred,1611661328,Seattle Storm
Shot Chart Detail,1021800083,468,1627668,Breanna Stewart,1611661324,Minnesota Lynx,4,3,58,Missed Shot,Layup Shot,2PT Field Goal,Restricted Area,Center(C),Less Than 8 ft.,1,-19,3,1,0,20180626,MIN,SEA,2018,1021800083468,21620,validated,,0,matched,playbyplayv2,1611661328,100915|100944|200671|201480|202632,complete,playbyplay_inferred,100720|203827|204319|204321|1627668,complete,playbyplay_inferred,1611661328,Seattle Storm
Shot Chart Detail,1021800083,494,204321,Kaleena Mosqueda-Lewis,1611661324,Minnesota Lynx,4,3,2,Missed Shot,Jump Shot,2PT Field Goal,Mid-Range,Left Side Center(LC),16-24 ft.,19,-109,158,1,0,20180626,MIN,SEA,2018,1021800083494,22180,validated,,0,matched,playbyplayv2,1611661328,100944|101030|201480|202658|1628508,complete,playbyplay_inferred,201049|201907|204321|1628886|1628920,complete,playbyplay_inferred,1611661328,Seattle Storm
Shot Chart Detail,1021800083,496,204321,Kaleena Mosqueda-Lewis,1611661324,Minnesota Lynx,4,2,58,Missed Shot,Jump Shot,2PT Field Goal,Mid-Range,Right Side(R),8-16 ft.,15,149,54,1,0,20180626,MIN,SEA,2018,1021800083496,22220,validated,,0,matched,playbyplayv2,1611661328,100944|101030|201480|202658|1628508,complete,playbyplay_inferred,201049|201907|204321|1628886|1628920,complete,playbyplay_inferred,1611661328,Seattle Storm
Shot Chart Detail,1021800083,512,204321,Kaleena Mosqueda-Lewis,1611661324,Minnesota Lynx,4,1,59,Made Shot,Layup Shot,2PT Field Goal,Restricted Area,Center(C),Less Than 8 ft.,1,-9,6,1,1,20180626,MIN,SEA,2018,1021800083512,22810,validated,201049,1,matched,playbyplayv2,1611661328,101030|202658|1627701|1628508|1628866,complete,playbyplay_inferred,201049|201907|204321|1628886|1628920,complete,playbyplay_inferred,1611661328,Seattle Storm
Shot Chart Detail,1021800083,516,1628886,Jordin Canada,1611661324,Minnesota Lynx,4,1,41,Made Shot,Layup Shot,2PT Field Goal,In The Paint (Non-RA),Center(C),Less Than 8 ft.,4,-3,43,1,1,20180626,MIN,SEA,2018,1021800083516,22990,validated,,0,matched,playbyplayv2,1611661328,101030|202658|1627701|1628508|1628866,complete,playbyplay_inferred,201049|201907|204321|1628886|1628920,complete,playbyplay_inferred,1611661328,Seattle Storm
Shot Chart Detail,1021800083,522,204321,Kaleena Mosqueda-Lewis,1611661324,Minnesota Lynx,4,1,5,Missed Shot,Pullup Jump shot,2PT Field Goal,Mid-Range,Right Side Center(RC),16-24 ft.,18,137,129,1,0,20180626,MIN,SEA,2018,1021800083522,23350,validated,,0,matched,playbyplayv2,1611661328,101030|202658|1627701|1628508|1628866,complete,playbyplay_inferred,201049|201907|204321|1628886|1628920,complete,playbyplay_inferred,1611661328,Seattle Storm
Shot Chart Detail,1021800083,526,204321,Kaleena Mosqueda-Lewis,1611661324,Minnesota Lynx,4,0,37,Missed Shot,Jump Shot,3PT Field Goal,Above the Break 3,Right Side Center(RC),24+ ft.,25,144,211,1,0,20180626,MIN,SEA,2018,1021800083526,23630,validated,,0,matched,playbyplayv2,1611661328,101030|202658|1627701|1628508|1628866,complete,playbyplay_inferred,201049|201907|204321|1628886|1628920,complete,playbyplay_inferred,1611661328,Seattle Storm
Shot Chart Detail,1021800083,528,201907,Courtney Paris,1611661324,Minnesota Lynx,4,0,26,Made Shot,Layup Shot,2PT Field Goal,Restricted Area,Center(C),Less Than 8 ft.,1,-8,9,1,1,20180626,MIN,SEA,2018,1021800083528,23740,validated,204321,1,matched,playbyplayv2,1611661328,101030|202658|1627701|1628508|1628866,complete,playbyplay_inferred,201049|201907|204321|1628886|1628920,complete,playbyplay_inferred,1611661328,Seattle Storm
Shot Chart Detail,1021800083,533,1628886,Jordin Canada,1611661324,Minnesota Lynx,4,0,0,Missed Shot,Jump Shot,3PT Field Goal,Backcourt,Back Court(BC),Back Court Shot,48,-20,487,1,0,20180626,MIN,SEA,2018,1021800083533,24000,validated,,0,matched,playbyplayv2,1611661328,101030|202658|1627701|1628508|1628866,complete,playbyplay_inferred,201049|201907|204321|1628886|1628920,complete,playbyplay_inferred,1611661328,Seattle Storm
Shot Chart Detail,1021800092,7,201881,Angel McCoughtry,1611661324,Minnesota Lynx,1,9,46,Missed Shot,Pullup Jump shot,2PT Field Goal,Mid-Range,Left Side Center(LC),16-24 ft.,20,-159,131,1,0,20180629,MIN,ATL,2018,10218000927,140,validated,,0,matched,playbyplayv2,1611661330,100915|100944|200671|201480|202632,complete,playbyplay_inferred,201881|201904|202638|203406|1627677,complete,playbyplay_inferred,1611661330,Atlanta Dream
Shot Chart Detail,1021800092,11,201904,Renee Montgomery,1611661324,Minnesota Lynx,1,9,26,Missed Shot,Jump Shot,2PT Field Goal,Mid-Range,Left Side Center(LC),16-24 ft.,22,-99,201,1,0,20180629,MIN,ATL,2018,102180009211,340,validated,,0,matched,playbyplayv2,1611661330,100915|100944|200671|201480|202632,complete,playbyplay_inferred,201881|201904|202638|203406|1627677,complete,playbyplay_inferred,1611661330,Atlanta Dream
Shot Chart Detail,1021800092,28,201881,Angel McCoughtry,1611661324,Minnesota Lynx,1,8,24,Missed Shot,Pullup Jump shot,3PT Field Goal,Above the Break 3,Center(C),16-24 ft.,23,31,231,1,0,20180629,MIN,ATL,2018,102180009228,960,validated,,0,matched,playbyplayv2,1611661330,100915|100944|200671|201480|202632,complete,playbyplay_inferred,201881|201904|202638|203406|1627677,complete,playbyplay_inferred,1611661330,Atlanta Dream
Shot Chart Detail,1021800092,33,202638,Jessica Breland,1611661324,Minnesota Lynx,1,7,56,Missed Shot,Jump Shot,2PT Field Goal,Mid-Range,Left Side Center(LC),16-24 ft.,19,-148,133,1,0,20180629,MIN,ATL,2018,102180009233,1240,validated,,0,matched,playbyplayv2,1611661330,100915|100944|200671|201480|202632,complete,playbyplay_inferred,201881|201904|202638|203406|1627677,complete,playbyplay_inferred,1611661330,Atlanta Dream
Shot Chart Detail,1021800092,37,1627677,Imani McGee-Stafford,1611661324,Minnesota Lynx,1,7,34,Made Shot,Layup Shot,2PT Field Goal,Restricted Area,Center(C),Less Than 8 ft.,1,4,12,1,1,20180629,MIN,ATL,2018,102180009237,1460,validated,201881,1,matched,playbyplayv2,1611661330,100915|100944|200671|201480|202632,complete,playbyplay_inferred,201881|201904|202638|203406|1627677,complete,playbyplay_inferred,1611661330,Atlanta Dream
Shot Chart Detail,1021800092,48,202638,Jessica Breland,1611661324,Minnesota Lynx,1,6,31,Made Shot,Jump Shot,2PT Field Goal,Mid-Range,Left Side Center(LC),16-24 ft.,17,-76,157,1,1,20180629,MIN,ATL,2018,102180009248,2090,validated,203406,1,matched,playbyplayv2,1611661330,100915|100944|200671|201480|202632,complete,playbyplay_inferred,201881|201904|202638|203406|1627677,complete,playbyplay_inferred,1611661330,Atlanta Dream
Shot Chart Detail,1021800092,58,203024,Damiris Dantas,1611661324,Minnesota Lynx,1,5,27,Missed Shot,Pullup Jump shot,2PT Field Goal,Mid-Range,Center(C),16-24 ft.,20,36,204,1,0,20180629,MIN,ATL,2018,102180009258,2730,validated,,0,matched,playbyplayv2,1611661330,100915|100944|200671|201480|202632,complete,playbyplay_inferred,201881|201904|202638|203024|203406,complete,playbyplay_inferred,1611661330,Atlanta Dream
Shot Chart Detail,1021800092,60,202638,Jessica Breland,1611661324,Minnesota Lynx,1,5,22,Made Shot,Running Layup Shot,2PT Field Goal,Restricted Area,Center(C),Less Than 8 ft.,3,1,34,1,1,20180629,MIN,ATL,2018,102180009260,2780,validated,,0,matched,playbyplayv2,1611661330,100915|100944|200671|201480|202632,complete,playbyplay_inferred,201881|201904|202638|203024|203406,complete,playbyplay_inferred,1611661330,Atlanta Dream
Shot Chart Detail,1021800092,63,203024,Damiris Dantas,1611661324,Minnesota Lynx,1,4,41,Missed Shot,Turnaround Jump Shot,2PT Field Goal,In The Paint (Non-RA),Right Side(R),8-16 ft.,8,68,53,1,0,20180629,MIN,ATL,2018,102180009263,3190,validated,,0,matched,playbyplayv2,1611661330,100915|100944|200671|201480|202632,complete,playbyplay_inferred,201881|201904|202638|203024|203406,complete,playbyplay_inferred,1611661330,Atlanta Dream
Shot Chart Detail,1021800092,65,201881,Angel McCoughtry,1611661324,Minnesota Lynx,1,4,38,Missed Shot,Putback Layup Shot,2PT Field Goal,Restricted Area,Center(C),Less Than 8 ft.,0,0,-6,1,0,20180629,MIN,ATL,2018,102180009265,3220,validated,,0,matched,playbyplayv2,1611661330,100915|100944|200671|201480|202632,complete,playbyplay_inferred,201881|201904|202638|203024|203406,complete,playbyplay_inferred,1611661330,Atlanta Dream
Shot Chart Detail,1021800092,77,203026,Tiffany Hayes,1611661324,Minnesota Lynx,1,4,15,Missed Shot,Driving Layup Shot,2PT Field Goal,Restricted Area,Center(C),Less Than 8 ft.,2,-22,6,1,0,20180629,MIN,ATL,2018,102180009277,3450,validated,,0,matched,playbyplayv2,1611661330,100944|101030|201480|202632|202658,complete,playbyplay_inferred,201904|202638|203024|203026|1628279,complete,playbyplay_inferred,1611661330,Atlanta Dream
Shot Chart Detail,1021800092,81,1628279,Brittney Sykes,1611661324,Minnesota Lynx,1,3,48,Made Shot,Pullup Jump shot,2PT Field Goal,Mid-Range,Left Side(L),8-16 ft.,11,-109,36,1,1,20180629,MIN,ATL,2018,102180009281,3720,validated,,0,matched,playbyplayv2,1611661330,100944|101030|201480|202632|202658,complete,playbyplay_inferred,201904|202638|203024|203026|1628279,complete,playbyplay_inferred,1611661330,Atlanta Dream
Shot Chart Detail,1021800092,84,203026,Tiffany Hayes,1611661324,Minnesota Lynx,1,3,14,Missed Shot,Jump Shot,3PT Field Goal,Above the Break 3,Left Side Center(LC),24+ ft.,24,-135,206,1,0,20180629,MIN,ATL,2018,102180009284,4060,validated,,0,matched,playbyplayv2,1611661330,100944|101030|201480|202632|202658,complete,playbyplay_inferred,201904|202638|203024|203026|1628279,complete,playbyplay_inferred,1611661330,Atlanta Dream
Shot Chart Detail,1021800092,95,203026,Tiffany Hayes,1611661324,Minnesota Lynx,1,2,32,Missed Shot,Running Layup Shot,2PT Field Goal,Mid-Range,Right Side(R),8-16 ft.,14,135,48,1,0,20180629,MIN,ATL,2018,102180009295,4480,validated,,0,matched,playbyplayv2,1611661330,100944|101030|202632|202658|1627701,complete,playbyplay_inferred,201904|203024|203026|1628279|1628881,complete,playbyplay_inferred,1611661330,Atlanta Dream
Shot Chart Detail,1021800092,110,1628279,Brittney Sykes,1611661324,Minnesota Lynx,1,1,33,Made Shot,Pullup Jump shot,2PT Field Goal,Mid-Range,Center(C),16-24 ft.,19,35,193,1,1,20180629,MIN,ATL,2018,1021800092110,5070,validated,203026,1,matched,playbyplayv2,1611661330,101030|202632|202658|1627701|1628508,complete,playbyplay_inferred,201904|203024|203026|1628279|1628881,complete,playbyplay_inferred,1611661330,Atlanta Dream
Shot Chart Detail,1021800092,116,201904,Renee Montgomery,1611661324,Minnesota Lynx,1,1,7,Missed Shot,Jump Shot,3PT Field Goal,Above the Break 3,Left Side Center(LC),24+ ft.,24,-154,190,1,0,20180629,MIN,ATL,2018,1021800092116,5330,validated,,0,matched,playbyplayv2,1611661330,101030|202632|202658|1627701|1628508,complete,playbyplay_inferred,201904|203024|203026|1628279|1628881,complete,playbyplay_inferred,1611661330,Atlanta Dream
Shot Chart Detail,1021800092,120,203026,Tiffany Hayes,1611661324,Minnesota Lynx,1,0,33,Made Shot,Driving Layup Shot,2PT Field Goal,Restricted Area,Center(C),Less Than 8 ft.,3,-2,32,1,1,20180629,MIN,ATL,2018,1021800092120,5670,validated,,0,matched,playbyplayv2,1611661330,101030|202632|202658|1627701|1628508,complete,playbyplay_inferred,201904|203024|203026|1628279|1628881,complete,playbyplay_inferred,1611661330,Atlanta Dream
Shot Chart Detail,1021800092,147,203024,Damiris Dantas,1611661324,Minnesota Lynx,2,9,21,Made Shot,Jump Shot,3PT Field Goal,Above the Break 3,Center(C),16-24 ft.,23,-49,230,1,1,20180629,MIN,ATL,2018,1021800092147,6390,validated,201881,1,matched,playbyplayv2,1611661330,100915|100944|200671|201480|1628508,complete,playbyplay_inferred,201881|201904|203024|1628279|1628881,complete,playbyplay_inferred,1611661330,Atlanta Dream
Shot Chart Detail,1021800092,156,203024,Damiris Dantas,1611661324,Minnesota Lynx,2,8,49,Made Shot,Jump Shot,2PT Field Goal,Mid-Range,Center(C),16-24 ft.,19,-49,190,1,1,20180629,MIN,ATL,2018,1021800092156,6710,validated,201881,1,matched,playbyplayv2,1611661330,100915|100944|200671|201480|1628508,complete,playbyplay_inferred,201881|203024|203406|1628279|1628881,complete,playbyplay_inferred,1611661330,Atlanta Dream
Shot Chart Detail,1021800092,162,201881,Angel McCoughtry,1611661324,Minnesota Lynx,2,8,7,Missed Shot,Jump Shot,2PT Field Goal,Mid-Range,Left Side(L),16-24 ft.,18,-186,9,1,0,20180629,MIN,ATL,2018,1021800092162,7130,validated,,0,matched,playbyplayv2,1611661330,100915|100944|200671|201480|1628508,complete,playbyplay_inferred,201881|203024|203406|1628279|1628881,complete,playbyplay_inferred,1611661330,Atlanta Dream
Shot Chart Detail,1021800092,167,1628279,Brittney Sykes,1611661324,Minnesota Lynx,2,7,43,Missed Shot,Jump Shot,3PT Field Goal,Above the Break 3,Left Side Center(LC),24+ ft.,24,-215,118,1,0,20180629,MIN,ATL,2018,1021800092167,7370,validated,,0,matched,playbyplayv2,1611661330,100915|100944|200671|201480|1628508,complete,playbyplay_inferred,201881|202638|203024|203406|1628279,complete,playbyplay_inferred,1611661330,Atlanta Dream
Shot Chart Detail,1021800092,184,201881,Angel McCoughtry,1611661324,Minnesota Lynx,2,6,26,Missed Shot,Layup Shot,2PT Field Goal,Restricted Area,Center(C),Less Than 8 ft.,1,1,10,1,0,20180629,MIN,ATL,2018,1021800092184,8140,validated,,0,matched,playbyplayv2,1611661330,100915|100944|200671|201480|202632,complete,playbyplay_inferred,201881|202638|203406|1627677|1628279,complete,playbyplay_inferred,1611661330,Atlanta Dream
Shot Chart Detail,1021800092,188,201881,Angel McCoughtry,1611661324,Minnesota Lynx,2,6,3,Missed Shot,Jump Shot,2PT Field Goal,Restricted Area,Center(C),Less Than 8 ft.,3,-24,20,1,0,20180629,MIN,ATL,2018,1021800092188,8370,validated,,0,matched,playbyplayv2,1611661330,100915|100944|200671|201480|202632,complete,playbyplay_inferred,201881|202638|203406|1627677|1628279,complete,playbyplay_inferred,1611661330,Atlanta Dream
Shot Chart Detail,1021800092,196,1628279,Brittney Sykes,1611661324,Minnesota Lynx,2,5,21,Made Shot,Pullup Jump shot,2PT Field Goal,Mid-Range,Left Side Center(LC),16-24 ft.,18,-74,165,1,1,20180629,MIN,ATL,2018,1021800092196,8790,validated,,0,matched,playbyplayv2,1611661330,100915|100944|200671|201480|202632,complete,playbyplay_inferred,201881|202638|203406|1627677|1628279,complete,playbyplay_inferred,1611661330,Atlanta Dream
Shot Chart Detail,1021800092,214,1627677,Imani McGee-Stafford,1611661324,Minnesota Lynx,2,4,13,Made Shot,Jump Shot,2PT Field Goal,Mid-Range,Right Side(R),8-16 ft.,14,147,23,1,1,20180629,MIN,ATL,2018,1021800092214,9470,validated,201904,1,matched,playbyplayv2,1611661330,100915|100944|200671|201480|202632,complete,playbyplay_inferred,201881|201904|202638|203026|1627677,complete,playbyplay_inferred,1611661330,Atlanta Dream
Shot Chart Detail,1021800092,217,201881,Angel McCoughtry,1611661324,Minnesota Lynx,2,3,38,Made Shot,Driving Layup Shot,2PT Field Goal,Restricted Area,Center(C),Less Than 8 ft.,3,-17,36,1,1,20180629,MIN,ATL,2018,1021800092217,9820,validated,,0,matched,playbyplayv2,1611661330,100915|100944|200671|201480|202632,complete,playbyplay_inferred,201881|201904|202638|203026|1627677,complete,playbyplay_inferred,1611661330,Atlanta Dream
Shot Chart Detail,1021800092,220,1627677,Imani McGee-Stafford,1611661324,Minnesota Lynx,2,3,8,Made Shot,Jump Shot,2PT Field Goal,Mid-Range,Center(C),16-24 ft.,18,-2,183,1,1,20180629,MIN,ATL,2018,1021800092220,10120,validated,201881,1,matched,playbyplayv2,1611661330,100915|100944|200671|201480|202632,complete,playbyplay_inferred,201881|201904|202638|203026|1627677,complete,playbyplay_inferred,1611661330,Atlanta Dream
Shot Chart Detail,1021800092,235,1627677,Imani McGee-Stafford,1611661324,Minnesota Lynx,2,2,15,Made Shot,Cutting Layup Shot,2PT Field Goal,Restricted Area,Center(C),Less Than 8 ft.,1,-7,9,1,1,20180629,MIN,ATL,2018,1021800092235,10650,validated,201904,1,matched,playbyplayv2,1611661330,100915|100944|201480|202632|1628508,complete,playbyplay_inferred,201904|202638|203026|1627677|1628279,complete,playbyplay_inferred,1611661330,Atlanta Dream
Shot Chart Detail,1021800092,248,201881,Angel McCoughtry,1611661324,Minnesota Lynx,2,1,34,Missed Shot,Jump Shot,2PT Field Goal,Mid-Range,Left Side Center(LC),16-24 ft.,17,-133,107,1,0,20180629,MIN,ATL,2018,1021800092248,11060,validated,,0,matched,playbyplayv2,1611661330,100944|201480|202632|202658|1628508,complete,playbyplay_inferred,201881|201904|202638|204355|1627677,complete,playbyplay_inferred,1611661330,Atlanta Dream
Shot Chart Detail,1021800092,263,201904,Renee Montgomery,1611661324,Minnesota Lynx,2,0,14,Missed Shot,Jump Shot,3PT Field Goal,Above the Break 3,Left Side Center(LC),24+ ft.,25,-189,165,1,0,20180629,MIN,ATL,2018,1021800092263,11860,validated,,0,matched,playbyplayv2,1611661330,100944|201480|202632|202658|1628508,complete,playbyplay_inferred,201881|201904|202638|204355|1627677,complete,playbyplay_inferred,1611661330,Atlanta Dream
Shot Chart Detail,1021800092,277,203406,Layshia Clarendon,1611661324,Minnesota Lynx,3,9,19,Made Shot,Driving Layup Shot,2PT Field Goal,In The Paint (Non-RA),Right Side(R),8-16 ft.,8,64,62,1,1,20180629,MIN,ATL,2018,1021800092277,12410,validated,201904,1,matched,playbyplayv2,1611661330,100915|100944|200671|201480|202632,complete,playbyplay_inferred,201881|201904|202638|203406|1627677,complete,playbyplay_inferred,1611661330,Atlanta Dream
Shot Chart Detail,1021800092,284,1627677,Imani McGee-Stafford,1611661324,Minnesota Lynx,3,8,45,Missed Shot,Jump Shot,2PT Field Goal,Mid-Range,Left Side(L),8-16 ft.,12,-123,27,1,0,20180629,MIN,ATL,2018,1021800092284,12750,validated,,0,matched,playbyplayv2,1611661330,100915|100944|200671|201480|202632,complete,playbyplay_inferred,201881|201904|202638|203406|1627677,complete,playbyplay_inferred,1611661330,Atlanta Dream
Shot Chart Detail,1021800092,293,202638,Jessica Breland,1611661324,Minnesota Lynx,3,7,34,Missed Shot,Jump Shot,2PT Field Goal,In The Paint (Non-RA),Left Side(L),8-16 ft.,9,-57,74,1,0,20180629,MIN,ATL,2018,1021800092293,13460,validated,,0,matched,playbyplayv2,1611661330,100915|100944|200671|201480|202632,complete,playbyplay_inferred,201881|201904|202638|203406|1627677,complete,playbyplay_inferred,1611661330,Atlanta Dream
Shot Chart Detail,1021800092,297,201881,Angel McCoughtry,1611661324,Minnesota Lynx,3,7,14,Made Shot,Pullup Jump shot,2PT Field Goal,Mid-Range,Right Side Center(RC),16-24 ft.,17,94,149,1,1,20180629,MIN,ATL,2018,1021800092297,13660,validated,,0,matched,playbyplayv2,1611661330,100915|100944|200671|201480|202632,complete,playbyplay_inferred,201881|201904|202638|203406|1627677,complete,playbyplay_inferred,1611661330,Atlanta Dream
Shot Chart Detail,1021800092,306,201881,Angel McCoughtry,1611661324,Minnesota Lynx,3,6,9,Missed Shot,Jump Shot,3PT Field Goal,Right Corner 3,Right Side(R),24+ ft.,23,238,14,1,0,20180629,MIN,ATL,2018,1021800092306,14310,validated,,0,matched,playbyplayv2,1611661330,100915|100944|200671|201480|202632,complete,playbyplay_inferred,201881|201904|202638|203406|1627677,complete,playbyplay_inferred,1611661330,Atlanta Dream
Shot Chart Detail,1021800092,314,1628279,Brittney Sykes,1611661324,Minnesota Lynx,3,5,38,Missed Shot,Layup Shot,2PT Field Goal,Restricted Area,Center(C),Less Than 8 ft.,3,20,23,1,0,20180629,MIN,ATL,2018,1021800092314,14620,validated,,0,matched,playbyplayv2,1611661330,100915|100944|200671|201480|202632,complete,playbyplay_inferred,201881|201904|202638|1627677|1628279,complete,playbyplay_inferred,1611661330,Atlanta Dream
Shot Chart Detail,1021800092,325,202638,Jessica Breland,1611661324,Minnesota Lynx,3,5,6,Missed Shot,Layup Shot,2PT Field Goal,In The Paint (Non-RA),Right Side(R),8-16 ft.,8,66,61,1,0,20180629,MIN,ATL,2018,1021800092325,14940,validated,,0,matched,playbyplayv2,1611661330,100944|200671|201480|202632|202658,complete,playbyplay_inferred,201881|201904|202638|1627677|1628279,complete,playbyplay_inferred,1611661330,Atlanta Dream
Shot Chart Detail,1021800092,329,1628279,Brittney Sykes,1611661324,Minnesota Lynx,3,4,42,Made Shot,Pullup Jump shot,2PT Field Goal,In The Paint (Non-RA),Right Side(R),8-16 ft.,12,75,100,1,1,20180629,MIN,ATL,2018,1021800092329,15180,validated,,0,matched,playbyplayv2,1611661330,100944|200671|201480|202632|202658,complete,playbyplay_inferred,201881|201904|202638|1627677|1628279,complete,playbyplay_inferred,1611661330,Atlanta Dream
Shot Chart Detail,1021800092,334,1627677,Imani McGee-Stafford,1611661324,Minnesota Lynx,3,4,11,Made Shot,Layup Shot,2PT Field Goal,Restricted Area,Center(C),Less Than 8 ft.,2,17,11,1,1,20180629,MIN,ATL,2018,1021800092334,15490,validated,201904,1,matched,playbyplayv2,1611661330,100944|200671|201480|202632|202658,complete,playbyplay_inferred,201881|201904|202638|1627677|1628279,complete,playbyplay_inferred,1611661330,Atlanta Dream
Shot Chart Detail,1021800092,349,203024,Damiris Dantas,1611661324,Minnesota Lynx,3,3,23,Missed Shot,Turnaround Jump Shot,2PT Field Goal,In The Paint (Non-RA),Right Side(R),8-16 ft.,8,76,39,1,0,20180629,MIN,ATL,2018,1021800092349,15970,validated,,0,matched,playbyplayv2,1611661330,101030|201480|202658|1627701|1628508,complete,playbyplay_inferred,201881|201904|202638|203024|1628279,complete,playbyplay_inferred,1611661330,Atlanta Dream
Shot Chart Detail,1021800092,352,203024,Damiris Dantas,1611661324,Minnesota Lynx,3,2,50,Made Shot,Turnaround Jump Shot,2PT Field Goal,Mid-Range,Left Side(L),8-16 ft.,15,-152,14,1,1,20180629,MIN,ATL,2018,1021800092352,16300,validated,201904,1,matched,playbyplayv2,1611661330,101030|201480|202658|1627701|1628508,complete,playbyplay_inferred,201881|201904|202638|203024|1628279,complete,playbyplay_inferred,1611661330,Atlanta Dream
Shot Chart Detail,1021800092,356,201904,Renee Montgomery,1611661324,Minnesota Lynx,3,2,16,Missed Shot,Jump Shot,3PT Field Goal,Above the Break 3,Center(C),24+ ft.,24,43,244,1,0,20180629,MIN,ATL,2018,1021800092356,16640,validated,,0,matched,playbyplayv2,1611661330,101030|201480|202658|1627701|1628508,complete,playbyplay_inferred,201881|201904|202638|203024|1628279,complete,playbyplay_inferred,1611661330,Atlanta Dream
Shot Chart Detail,1021800092,368,203026,Tiffany Hayes,1611661324,Minnesota Lynx,3,1,46,Missed Shot,Driving Layup Shot,2PT Field Goal,In The Paint (Non-RA),Center(C),Less Than 8 ft.,6,52,35,1,0,20180629,MIN,ATL,2018,1021800092368,16940,validated,,0,matched,playbyplayv2,1611661330,100944|101030|202658|1627701|1628508,complete,playbyplay_inferred,201904|203024|203026|1628279|1628881,complete,playbyplay_inferred,1611661330,Atlanta Dream
Shot Chart Detail,1021800092,384,203024,Damiris Dantas,1611661324,Minnesota Lynx,3,1,1,Made Shot,Jump Shot,3PT Field Goal,Above the Break 3,Right Side Center(RC),24+ ft.,23,83,224,1,1,20180629,MIN,ATL,2018,1021800092384,17390,validated,201904,1,matched,playbyplayv2,1611661330,100944|101030|202658|1627701|1628508,complete,playbyplay_inferred,201904|203024|203026|1628279|1628881,complete,playbyplay_inferred,1611661330,Atlanta Dream
Shot Chart Detail,1021800092,397,201904,Renee Montgomery,1611661324,Minnesota Lynx,3,0,1,Missed Shot,Jump Shot,3PT Field Goal,Above the Break 3,Right Side Center(RC),24+ ft.,25,132,223,1,0,20180629,MIN,ATL,2018,1021800092397,17990,validated,,0,matched,playbyplayv2,1611661330,100944|101030|202658|1627701|1628508,complete,playbyplay_inferred,201904|203024|203026|1628279|1628881,complete,playbyplay_inferred,1611661330,Atlanta Dream
Shot Chart Detail,1021800092,407,1628279,Brittney Sykes,1611661324,Minnesota Lynx,4,9,47,Missed Shot,Driving Layup Shot,2PT Field Goal,In The Paint (Non-RA),Center(C),8-16 ft.,10,24,101,1,0,20180629,MIN,ATL,2018,1021800092407,18130,validated,,0,matched,playbyplayv2,1611661330,100944|200671|201480|202632|202658,complete,playbyplay_inferred,201904|203024|203026|1628279|1628881,complete,playbyplay_inferred,1611661330,Atlanta Dream
Shot Chart Detail,1021800092,417,203026,Tiffany Hayes,1611661324,Minnesota Lynx,4,9,10,Missed Shot,Jump Shot,3PT Field Goal,Above the Break 3,Left Side Center(LC),24+ ft.,25,-153,199,1,0,20180629,MIN,ATL,2018,1021800092417,18500,validated,,0,matched,playbyplayv2,1611661330,100944|200671|201480|202632|202658,complete,playbyplay_inferred,203024|203026|203406|1628279|1628881,complete,playbyplay_inferred,1611661330,Atlanta Dream
Shot Chart Detail,1021800092,422,1628279,Brittney Sykes,1611661324,Minnesota Lynx,4,8,44,Made Shot,Pullup Jump shot,2PT Field Goal,In The Paint (Non-RA),Center(C),8-16 ft.,11,-53,101,1,1,20180629,MIN,ATL,2018,1021800092422,18760,validated,,0,matched,playbyplayv2,1611661330,100944|200671|201480|202632|202658,complete,playbyplay_inferred,203024|203026|203406|1628279|1628881,complete,playbyplay_inferred,1611661330,Atlanta Dream
Shot Chart Detail,1021800092,425,203026,Tiffany Hayes,1611661324,Minnesota Lynx,4,8,6,Missed Shot,Driving Layup Shot,2PT Field Goal,Restricted Area,Center(C),Less Than 8 ft.,3,2,38,1,0,20180629,MIN,ATL,2018,1021800092425,19140,validated,,0,matched,playbyplayv2,1611661330,100944|200671|201480|202632|202658,complete,playbyplay_inferred,203024|203026|203406|1628279|1628881,complete,playbyplay_inferred,1611661330,Atlanta Dream
Shot Chart Detail,1021800092,428,203026,Tiffany Hayes,1611661324,Minnesota Lynx,4,7,59,Missed Shot,Jump Shot,2PT Field Goal,Mid-Range,Right Side(R),8-16 ft.,15,150,4,1,0,20180629,MIN,ATL,2018,1021800092428,19210,validated,,0,matched,playbyplayv2,1611661330,100944|200671|201480|202632|202658,complete,playbyplay_inferred,203024|203026|203406|1628279|1628881,complete,playbyplay_inferred,1611661330,Atlanta Dream
Shot Chart Detail,1021800092,430,1628881,Monique Billings,1611661324,Minnesota Lynx,4,7,54,Missed Shot,Jump Shot,2PT Field Goal,Mid-Range,Center(C),16-24 ft.,17,5,178,1,0,20180629,MIN,ATL,2018,1021800092430,19260,validated,,0,matched,playbyplayv2,1611661330,100944|200671|201480|202632|202658,complete,playbyplay_inferred,203024|203026|203406|1628279|1628881,complete,playbyplay_inferred,1611661330,Atlanta Dream
Shot Chart Detail,1021800092,434,1628279,Brittney Sykes,1611661324,Minnesota Lynx,4,7,24,Missed Shot,Jump Shot,3PT Field Goal,Above the Break 3,Right Side Center(RC),24+ ft.,23,182,154,1,0,20180629,MIN,ATL,2018,1021800092434,19560,validated,,0,matched,playbyplayv2,1611661330,100944|200671|201480|202632|202658,complete,playbyplay_inferred,203024|203026|203406|1628279|1628881,complete,playbyplay_inferred,1611661330,Atlanta Dream
Shot Chart Detail,1021800092,443,203024,Damiris Dantas,1611661324,Minnesota Lynx,4,7,2,Made Shot,Layup Shot,2PT Field Goal,Restricted Area,Center(C),Less Than 8 ft.,1,10,11,1,1,20180629,MIN,ATL,2018,1021800092443,19780,validated,1628279,1,matched,playbyplayv2,1611661330,100944|101030|201480|202632|202658,complete,playbyplay_inferred,203024|203406|204355|1628279|1628881,complete,playbyplay_inferred,1611661330,Atlanta Dream
Shot Chart Detail,1021800092,447,203406,Layshia Clarendon,1611661324,Minnesota Lynx,4,6,25,Made Shot,Pullup Jump shot,2PT Field Goal,In The Paint (Non-RA),Center(C),8-16 ft.,11,-57,101,1,1,20180629,MIN,ATL,2018,1021800092447,20150,validated,,0,matched,playbyplayv2,1611661330,100944|101030|201480|202632|202658,complete,playbyplay_inferred,203024|203406|204355|1628279|1628881,complete,playbyplay_inferred,1611661330,Atlanta Dream
Shot Chart Detail,1021800092,450,1628279,Brittney Sykes,1611661324,Minnesota Lynx,4,5,49,Missed Shot,Pullup Jump shot,2PT Field Goal,Mid-Range,Left Side Center(LC),16-24 ft.,19,-117,162,1,0,20180629,MIN,ATL,2018,1021800092450,20510,validated,,0,matched,playbyplayv2,1611661330,100944|101030|201480|202632|202658,complete,playbyplay_inferred,203024|203406|204355|1628279|1628881,complete,playbyplay_inferred,1611661330,Atlanta Dream
Shot Chart Detail,1021800092,454,203024,Damiris Dantas,1611661324,Minnesota Lynx,4,5,14,Made Shot,Jump Shot,2PT Field Goal,Mid-Range,Left Side(L),16-24 ft.,16,-159,29,1,1,20180629,MIN,ATL,2018,1021800092454,20860,validated,1628279,1,matched,playbyplayv2,1611661330,100944|101030|201480|202632|202658,complete,playbyplay_inferred,203024|203406|204355|1628279|1628881,complete,playbyplay_inferred,1611661330,Atlanta Dream
Shot Chart Detail,1021800092,465,1627677,Imani McGee-Stafford,1611661324,Minnesota Lynx,4,4,28,Missed Shot,Jump Shot,2PT Field Goal,Mid-Range,Center(C),8-16 ft.,14,25,141,1,0,20180629,MIN,ATL,2018,1021800092465,21320,validated,,0,matched,playbyplayv2,1611661330,100944|101030|202658|1627701|1628508,complete,playbyplay_inferred,203406|204355|1627677|1628279|1628881,complete,playbyplay_inferred,1611661330,Atlanta Dream
Shot Chart Detail,1021800092,471,1628881,Monique Billings,1611661324,Minnesota Lynx,4,4,16,Made Shot,Layup Shot,2PT Field Goal,Restricted Area,Center(C),Less Than 8 ft.,1,14,13,1,1,20180629,MIN,ATL,2018,1021800092471,21440,validated,,0,matched,playbyplayv2,1611661330,100944|101030|202658|1627701|1628508,complete,playbyplay_inferred,203406|204355|1627677|1628279|1628881,complete,playbyplay_inferred,1611661330,Atlanta Dream
Shot Chart Detail,1021800092,478,204355,Blake Dietrick,1611661324,Minnesota Lynx,4,3,47,Missed Shot,Driving Layup Shot,2PT Field Goal,Restricted Area,Center(C),Less Than 8 ft.,1,-4,17,1,0,20180629,MIN,ATL,2018,1021800092478,21730,validated,,0,matched,playbyplayv2,1611661330,101030|202658|1627701|1628508|1628866,complete,playbyplay_inferred,203406|204355|1627677|1628279|1628881,complete,playbyplay_inferred,1611661330,Atlanta Dream
Shot Chart Detail,1021800092,481,1627677,Imani McGee-Stafford,1611661324,Minnesota Lynx,4,3,40,Made Shot,Layup Shot,2PT Field Goal,Restricted Area,Center(C),Less Than 8 ft.,0,4,7,1,1,20180629,MIN,ATL,2018,1021800092481,21800,validated,,0,matched,playbyplayv2,1611661330,101030|202658|1627701|1628508|1628866,complete,playbyplay_inferred,203406|204355|1627677|1628279|1628881,complete,playbyplay_inferred,1611661330,Atlanta Dream
Shot Chart Detail,1021800092,488,204355,Blake Dietrick,1611661324,Minnesota Lynx,4,3,7,Made Shot,Jump Shot,3PT Field Goal,Left Corner 3,Left Side(L),24+ ft.,23,-231,1,1,1,20180629,MIN,ATL,2018,1021800092488,22130,validated,1628279,1,matched,playbyplayv2,1611661330,101030|202658|1627701|1628508|1628866,complete,playbyplay_inferred,203406|204355|1627677|1628279|1628881,complete,playbyplay_inferred,1611661330,Atlanta Dream
Shot Chart Detail,1021800092,492,203406,Layshia Clarendon,1611661324,Minnesota Lynx,4,2,32,Missed Shot,Floating Jump shot,2PT Field Goal,In The Paint (Non-RA),Center(C),8-16 ft.,11,-42,111,1,0,20180629,MIN,ATL,2018,1021800092492,22480,validated,,0,matched,playbyplayv2,1611661330,101030|202658|1627701|1628508|1628866,complete,playbyplay_inferred,203406|204355|1627677|1628279|1628881,complete,playbyplay_inferred,1611661330,Atlanta Dream
Shot Chart Detail,1021800092,494,1627677,Imani McGee-Stafford,1611661324,Minnesota Lynx,4,2,21,Missed Shot,Jump Shot,2PT Field Goal,Mid-Range,Right Side(R),8-16 ft.,14,120,87,1,0,20180629,MIN,ATL,2018,1021800092494,22590,validated,,0,matched,playbyplayv2,1611661330,101030|202658|1627701|1628508|1628866,complete,playbyplay_inferred,203406|204355|1627677|1628279|1628881,complete,playbyplay_inferred,1611661330,Atlanta Dream
Shot Chart Detail,1021800092,498,204355,Blake Dietrick,1611661324,Minnesota Lynx,4,2,0,Made Shot,Layup Shot,2PT Field Goal,Restricted Area,Center(C),Less Than 8 ft.,1,13,12,1,1,20180629,MIN,ATL,2018,1021800092498,22800,validated,203406,1,matched,playbyplayv2,1611661330,101030|202658|1627701|1628508|1628866,complete,playbyplay_inferred,203406|204355|1627677|1628279|1628881,complete,playbyplay_inferred,1611661330,Atlanta Dream
Shot Chart Detail,1021800092,512,1628279,Brittney Sykes,1611661324,Minnesota Lynx,4,1,13,Made Shot,Layup Shot,2PT Field Goal,Restricted Area,Center(C),Less Than 8 ft.,1,10,9,1,1,20180629,MIN,ATL,2018,1021800092512,23270,validated,204355,1,matched,playbyplayv2,1611661330,202658|1627701|1628283|1628508|1628866,complete,playbyplay_inferred,203406|204355|1627677|1628279|1628881,complete,playbyplay_inferred,1611661330,Atlanta Dream
Shot Chart Detail,1021800092,516,1628279,Brittney Sykes,1611661324,Minnesota Lynx,4,0,48,Missed Shot,Jump Shot,3PT Field Goal,Above the Break 3,Left Side Center(LC),24+ ft.,24,-159,185,1,0,20180629,MIN,ATL,2018,1021800092516,23520,validated,,0,matched,playbyplayv2,1611661330,202658|1627701|1628283|1628508|1628866,complete,playbyplay_inferred,203406|204355|1627677|1628279|1628881,complete,playbyplay_inferred,1611661330,Atlanta Dream
Shot Chart Detail,1021800092,518,1627677,Imani McGee-Stafford,1611661324,Minnesota Lynx,4,0,44,Made Shot,Putback Layup Shot,2PT Field Goal,Restricted Area,Center(C),Less Than 8 ft.,0,4,6,1,1,20180629,MIN,ATL,2018,1021800092518,23560,validated,,0,matched,playbyplayv2,1611661330,202658|1627701|1628283|1628508|1628866,complete,playbyplay_inferred,203406|204355|1627677|1628279|1628881,complete,playbyplay_inferred,1611661330,Atlanta Dream
Shot Chart Detail,1021800095,7,203866,Kayla Thornton,1611661324,Minnesota Lynx,1,9,41,Missed Shot,Jump Shot,3PT Field Goal,Right Corner 3,Right Side(R),24+ ft.,23,232,16,1,0,20180701,DAL,MIN,2018,10218000957,190,validated,,0,matched,playbyplayv2,1611661321,100915|100944|200671|201480|202632,complete,playbyplay_inferred,202633|203400|203866|1628277|1628922,complete,playbyplay_inferred,1611661321,Dallas Wings
Shot Chart Detail,1021800095,11,202633,Liz Cambage,1611661324,Minnesota Lynx,1,9,22,Made Shot,Layup Shot,2PT Field Goal,Restricted Area,Center(C),Less Than 8 ft.,2,12,20,1,1,20180701,DAL,MIN,2018,102180009511,380,validated,203400,1,matched,playbyplayv2,1611661321,100915|100944|200671|201480|202632,complete,playbyplay_inferred,202633|203400|203866|1628277|1628922,complete,playbyplay_inferred,1611661321,Dallas Wings
Shot Chart Detail,1021800095,18,203866,Kayla Thornton,1611661324,Minnesota Lynx,1,8,56,Made Shot,Layup Shot,2PT Field Goal,Restricted Area,Center(C),Less Than 8 ft.,1,-13,10,1,1,20180701,DAL,MIN,2018,102180009518,640,validated,203400,1,matched,playbyplayv2,1611661321,100915|100944|200671|201480|202632,complete,playbyplay_inferred,202633|203400|203866|1628277|1628922,complete,playbyplay_inferred,1611661321,Dallas Wings
Shot Chart Detail,1021800095,22,203866,Kayla Thornton,1611661324,Minnesota Lynx,1,8,29,Made Shot,Jump Shot,3PT Field Goal,Left Corner 3,Left Side(L),24+ ft.,22,-227,-1,1,1,20180701,DAL,MIN,2018,102180009522,910,validated,1628277,1,matched,playbyplayv2,1611661321,100915|100944|200671|201480|202632,complete,playbyplay_inferred,202633|203400|203866|1628277|1628922,complete,playbyplay_inferred,1611661321,Dallas Wings
Shot Chart Detail,1021800095,33,203017,Glory Johnson,1611661324,Minnesota Lynx,1,7,34,Missed Shot,Pullup Jump shot,2PT Field Goal,In The Paint (Non-RA),Center(C),8-16 ft.,9,-37,90,1,0,20180701,DAL,MIN,2018,102180009533,1460,validated,,0,matched,playbyplayv2,1611661321,100915|100944|200671|201480|202632,complete,playbyplay_inferred,203017|203400|203866|1628277|1628922,complete,playbyplay_inferred,1611661321,Dallas Wings
Shot Chart Detail,1021800095,38,203400,Skylar Diggins,1611661324,Minnesota Lynx,1,7,8,Missed Shot,Jump Shot,3PT Field Goal,Above the Break 3,Right Side Center(RC),16-24 ft.,23,78,221,1,0,20180701,DAL,MIN,2018,102180009538,1720,validated,,0,matched,playbyplayv2,1611661321,100915|100944|200671|201480|202632,complete,playbyplay_inferred,203017|203400|203866|1628277|1628922,complete,playbyplay_inferred,1611661321,Dallas Wings
Shot Chart Detail,1021800095,42,1628277,Allisha Gray,1611661324,Minnesota Lynx,1,6,37,Missed Shot,Driving Floating Bank Jump Shot,2PT Field Goal,In The Paint (Non-RA),Center(C),Less Than 8 ft.,7,-71,33,1,0,20180701,DAL,MIN,2018,102180009542,2030,validated,,0,matched,playbyplayv2,1611661321,100915|100944|200671|201480|202632,complete,playbyplay_inferred,203017|203400|203866|1628277|1628922,complete,playbyplay_inferred,1611661321,Dallas Wings
Shot Chart Detail,1021800095,46,203017,Glory Johnson,1611661324,Minnesota Lynx,1,5,59,Missed Shot,Jump Shot,3PT Field Goal,Above the Break 3,Center(C),24+ ft.,23,11,238,1,0,20180701,DAL,MIN,2018,102180009546,2410,validated,,0,matched,playbyplayv2,1611661321,100915|100944|200671|201480|202632,complete,playbyplay_inferred,203017|203400|203866|1628277|1628922,complete,playbyplay_inferred,1611661321,Dallas Wings
Shot Chart Detail,1021800095,52,1628277,Allisha Gray,1611661324,Minnesota Lynx,1,5,31,Missed Shot,Layup Shot,2PT Field Goal,In The Paint (Non-RA),Center(C),8-16 ft.,11,-25,112,1,0,20180701,DAL,MIN,2018,102180009552,2690,validated,,0,matched,playbyplayv2,1611661321,100944|200671|201480|202632|1628283,complete,playbyplay_inferred,203017|203400|203866|1628277|1628922,complete,playbyplay_inferred,1611661321,Dallas Wings
Shot Chart Detail,1021800095,55,203017,Glory Johnson,1611661324,Minnesota Lynx,1,5,25,Missed Shot,Layup Shot,2PT Field Goal,Restricted Area,Center(C),Less Than 8 ft.,3,24,22,1,0,20180701,DAL,MIN,2018,102180009555,2750,validated,,0,matched,playbyplayv2,1611661321,100944|200671|201480|202632|1628283,complete,playbyplay_inferred,203017|203400|203866|1628277|1628922,complete,playbyplay_inferred,1611661321,Dallas Wings
Shot Chart Detail,1021800095,64,202633,Liz Cambage,1611661324,Minnesota Lynx,1,5,0,Made Shot,Layup Shot,2PT Field Goal,Restricted Area,Center(C),Less Than 8 ft.,2,19,9,1,1,20180701,DAL,MIN,2018,102180009564,3000,validated,203866,1,matched,playbyplayv2,1611661321,100944|200671|201480|202632|1628283,complete,playbyplay_inferred,202633|203866|1628277|1628285|1628922,complete,playbyplay_inferred,1611661321,Dallas Wings
Shot Chart Detail,1021800095,68,1628922,Azurá Stevens,1611661324,Minnesota Lynx,1,4,37,Missed Shot,Jump Shot,3PT Field Goal,Above the Break 3,Left Side Center(LC),24+ ft.,24,-96,221,1,0,20180701,DAL,MIN,2018,102180009568,3230,validated,,0,matched,playbyplayv2,1611661321,100944|200671|201480|202632|1628283,complete,playbyplay_inferred,202633|203866|1628277|1628285|1628922,complete,playbyplay_inferred,1611661321,Dallas Wings
Shot Chart Detail,1021800095,73,1628277,Allisha Gray,1611661324,Minnesota Lynx,1,4,19,Made Shot,Jump Shot,3PT Field Goal,Above the Break 3,Left Side Center(LC),24+ ft.,23,-98,217,1,1,20180701,DAL,MIN,2018,102180009573,3410,validated,203866,1,matched,playbyplayv2,1611661321,100944|200671|201480|202632|1628283,complete,playbyplay_inferred,202633|203866|1628277|1628285|1628922,complete,playbyplay_inferred,1611661321,Dallas Wings
Shot Chart Detail,1021800095,91,1628922,Azurá Stevens,1611661324,Minnesota Lynx,1,2,57,Missed Shot,Layup Shot,2PT Field Goal,Restricted Area,Center(C),Less Than 8 ft.,2,-24,16,1,0,20180701,DAL,MIN,2018,102180009591,4230,validated,,0,matched,playbyplayv2,1611661321,100944|101030|201480|1628283|1628508,complete,playbyplay_inferred,202633|1627672|1628277|1628285|1628922,complete,playbyplay_inferred,1611661321,Dallas Wings
Shot Chart Detail,1021800095,110,202633,Liz Cambage,1611661324,Minnesota Lynx,1,1,58,Made Shot,Layup Shot,2PT Field Goal,Restricted Area,Center(C),Less Than 8 ft.,0,7,1,1,1,20180701,DAL,MIN,2018,1021800095110,4820,validated,1628922,1,matched,playbyplayv2,1611661321,101030|1627701|1628283|1628508|1628866,complete,playbyplay_inferred,202633|203866|1627672|1628285|1628922,complete,playbyplay_inferred,1611661321,Dallas Wings
Shot Chart Detail,1021800095,120,202633,Liz Cambage,1611661324,Minnesota Lynx,1,1,22,Missed Shot,Jump Shot,2PT Field Goal,Mid-Range,Right Side(R),16-24 ft.,17,167,59,1,0,20180701,DAL,MIN,2018,1021800095120,5180,validated,,0,matched,playbyplayv2,1611661321,101030|1627701|1628283|1628508|1628866,complete,playbyplay_inferred,202633|203866|204297|1627672|1628285,complete,playbyplay_inferred,1611661321,Dallas Wings
Shot Chart Detail,1021800095,131,204297,Cayla George,1611661324,Minnesota Lynx,1,0,40,Made Shot,Jump Shot,3PT Field Goal,Above the Break 3,Center(C),24+ ft.,24,70,235,1,1,20180701,DAL,MIN,2018,1021800095131,5600,validated,1627672,1,matched,playbyplayv2,1611661321,101030|1627701|1628283|1628508|1628866,complete,playbyplay_inferred,202633|203866|204297|1627672|1628285,complete,playbyplay_inferred,1611661321,Dallas Wings
Shot Chart Detail,1021800095,150,202633,Liz Cambage,1611661324,Minnesota Lynx,2,9,34,Made Shot,Layup Shot,2PT Field Goal,Restricted Area,Center(C),Less Than 8 ft.,2,1,20,1,1,20180701,DAL,MIN,2018,1021800095150,6260,validated,203400,1,matched,playbyplayv2,1611661321,101030|1627701|1628283|1628508|1628866,complete,playbyplay_inferred,202633|203400|203866|204297|1628277,complete,playbyplay_inferred,1611661321,Dallas Wings
Shot Chart Detail,1021800095,165,202633,Liz Cambage,1611661324,Minnesota Lynx,2,8,37,Missed Shot,Jump Shot,3PT Field Goal,Above the Break 3,Center(C),24+ ft.,25,-48,247,1,0,20180701,DAL,MIN,2018,1021800095165,6830,validated,,0,matched,playbyplayv2,1611661321,101030|201480|1628283|1628508|1628866,complete,playbyplay_inferred,202633|203400|203866|204297|1628277,complete,playbyplay_inferred,1611661321,Dallas Wings
Shot Chart Detail,1021800095,193,202633,Liz Cambage,1611661324,Minnesota Lynx,2,7,30,Made Shot,Driving Layup Shot,2PT Field Goal,Restricted Area,Center(C),Less Than 8 ft.,2,20,12,1,1,20180701,DAL,MIN,2018,1021800095193,7500,validated,203866,1,matched,playbyplayv2,1611661321,100915|100944|200671|201480|202632,complete,playbyplay_inferred,202633|203400|203866|1628277|1628922,complete,playbyplay_inferred,1611661321,Dallas Wings
Shot Chart Detail,1021800095,198,1628277,Allisha Gray,1611661324,Minnesota Lynx,2,7,8,Missed Shot,Jump Shot,3PT Field Goal,Above the Break 3,Left Side Center(LC),16-24 ft.,23,-182,145,1,0,20180701,DAL,MIN,2018,1021800095198,7720,validated,,0,matched,playbyplayv2,1611661321,100915|100944|200671|201480|202632,complete,playbyplay_inferred,202633|203400|203866|1628277|1628922,complete,playbyplay_inferred,1611661321,Dallas Wings
Shot Chart Detail,1021800095,204,202633,Liz Cambage,1611661324,Minnesota Lynx,2,6,11,Missed Shot,Cutting Layup Shot,2PT Field Goal,Restricted Area,Center(C),Less Than 8 ft.,2,-19,9,1,0,20180701,DAL,MIN,2018,1021800095204,8290,validated,,0,matched,playbyplayv2,1611661321,100915|100944|200671|201480|202632,complete,playbyplay_inferred,202633|203400|203866|1628277|1628922,complete,playbyplay_inferred,1611661321,Dallas Wings
Shot Chart Detail,1021800095,221,202633,Liz Cambage,1611661324,Minnesota Lynx,2,6,9,Made Shot,Putback Layup Shot,2PT Field Goal,Restricted Area,Center(C),Less Than 8 ft.,1,-13,13,1,1,20180701,DAL,MIN,2018,1021800095221,8310,validated,,0,matched,playbyplayv2,1611661321,100915|100944|200671|201480|202632,complete,playbyplay_inferred,202633|203400|203866|1628277|1628922,complete,playbyplay_inferred,1611661321,Dallas Wings
Shot Chart Detail,1021800095,211,1628277,Allisha Gray,1611661324,Minnesota Lynx,2,5,45,Missed Shot,Jump Shot,3PT Field Goal,Above the Break 3,Right Side Center(RC),24+ ft.,24,142,194,1,0,20180701,DAL,MIN,2018,1021800095211,8550,validated,,0,matched,playbyplayv2,1611661321,100915|100944|200671|201480|202632,complete,playbyplay_inferred,202633|203400|203866|1628277|1628922,complete,playbyplay_inferred,1611661321,Dallas Wings
Shot Chart Detail,1021800095,217,202633,Liz Cambage,1611661324,Minnesota Lynx,2,5,4,Missed Shot,Layup Shot,2PT Field Goal,In The Paint (Non-RA),Center(C),8-16 ft.,11,35,112,1,0,20180701,DAL,MIN,2018,1021800095217,8960,validated,,0,matched,playbyplayv2,1611661321,100915|100944|200671|201480|202632,complete,playbyplay_inferred,202633|203400|203866|1628277|1628922,complete,playbyplay_inferred,1611661321,Dallas Wings
Shot Chart Detail,1021800095,237,1628277,Allisha Gray,1611661324,Minnesota Lynx,2,3,16,Missed Shot,Jump Shot,3PT Field Goal,Above the Break 3,Right Side Center(RC),16-24 ft.,23,152,181,1,0,20180701,DAL,MIN,2018,1021800095237,10040,validated,,0,matched,playbyplayv2,1611661321,100915|100944|200671|201480|202632,complete,playbyplay_inferred,202633|203400|203866|1628277|1628922,complete,playbyplay_inferred,1611661321,Dallas Wings
Shot Chart Detail,1021800095,243,202633,Liz Cambage,1611661324,Minnesota Lynx,2,2,32,Missed Shot,Cutting Layup Shot,2PT Field Goal,Restricted Area,Center(C),Less Than 8 ft.,1,4,13,1,0,20180701,DAL,MIN,2018,1021800095243,10480,validated,,0,matched,playbyplayv2,1611661321,100915|100944|200671|201480|202632,complete,playbyplay_inferred,202633|203400|203866|1628277|1628922,complete,playbyplay_inferred,1611661321,Dallas Wings
Shot Chart Detail,1021800095,257,1628922,Azurá Stevens,1611661324,Minnesota Lynx,2,2,3,Missed Shot,Fadeaway Jump Shot,2PT Field Goal,In The Paint (Non-RA),Right Side(R),8-16 ft.,9,71,64,1,0,20180701,DAL,MIN,2018,1021800095257,10770,validated,,0,matched,playbyplayv2,1611661321,100915|100944|200671|201480|202632,complete,playbyplay_inferred,203017|203400|203866|1627672|1628922,complete,playbyplay_inferred,1611661321,Dallas Wings
Shot Chart Detail,1021800095,267,1627672,Aerial Powers,1611661324,Minnesota Lynx,2,1,12,Missed Shot,Jump Shot,3PT Field Goal,Above the Break 3,Left Side(L),24+ ft.,22,-224,37,1,0,20180701,DAL,MIN,2018,1021800095267,11280,validated,,0,matched,playbyplayv2,1611661321,100915|100944|200671|201480|202632,complete,playbyplay_inferred,203017|203400|203866|1627672|1628922,complete,playbyplay_inferred,1611661321,Dallas Wings
Shot Chart Detail,1021800095,271,203017,Glory Johnson,1611661324,Minnesota Lynx,2,1,3,Made Shot,Jump Shot,2PT Field Goal,Mid-Range,Right Side(R),16-24 ft.,20,203,22,1,1,20180701,DAL,MIN,2018,1021800095271,11370,validated,203866,1,matched,playbyplayv2,1611661321,100915|100944|200671|201480|202632,complete,playbyplay_inferred,203017|203400|203866|1627672|1628922,complete,playbyplay_inferred,1611661321,Dallas Wings
Shot Chart Detail,1021800095,275,203400,Skylar Diggins,1611661324,Minnesota Lynx,2,0,35,Made Shot,Jump Shot,2PT Field Goal,Mid-Range,Right Side(R),8-16 ft.,12,123,26,1,1,20180701,DAL,MIN,2018,1021800095275,11650,validated,,0,matched,playbyplayv2,1611661321,100915|100944|200671|201480|202632,complete,playbyplay_inferred,203017|203400|203866|1627672|1628922,complete,playbyplay_inferred,1611661321,Dallas Wings
Shot Chart Detail,1021800095,293,203400,Skylar Diggins,1611661324,Minnesota Lynx,2,0,0,Missed Shot,Jump Shot,3PT Field Goal,Backcourt,Back Court(BC),Back Court Shot,58,6,589,1,0,20180701,DAL,MIN,2018,1021800095293,12000,validated,,0,matched,playbyplayv2,1611661321,100915|100944|200671|202632|1628283,complete,playbyplay_inferred,203017|203400|203866|1627672|1628922,complete,playbyplay_inferred,1611661321,Dallas Wings
Shot Chart Detail,1021800095,305,203400,Skylar Diggins,1611661324,Minnesota Lynx,3,9,27,Missed Shot,Driving Layup Shot,2PT Field Goal,Restricted Area,Center(C),Less Than 8 ft.,3,-11,33,1,0,20180701,DAL,MIN,2018,1021800095305,12330,validated,,0,matched,playbyplayv2,1611661321,100915|100944|200671|201480|202632,complete,playbyplay_inferred,203017|203400|203866|1628277|1628922,complete,playbyplay_inferred,1611661321,Dallas Wings
Shot Chart Detail,1021800095,347,203017,Glory Johnson,1611661324,Minnesota Lynx,3,9,24,Missed Shot,Jump Shot,2PT Field Goal,Mid-Range,Center(C),16-24 ft.,16,24,168,1,0,20180701,DAL,MIN,2018,1021800095347,12360,validated,,0,matched,playbyplayv2,1611661321,100915|100944|200671|201480|202632,complete,playbyplay_inferred,203017|203400|203866|1628277|1628922,complete,playbyplay_inferred,1611661321,Dallas Wings
Shot Chart Detail,1021800095,318,1628277,Allisha Gray,1611661324,Minnesota Lynx,3,8,18,Missed Shot,Layup Shot,2PT Field Goal,Restricted Area,Center(C),Less Than 8 ft.,1,-12,3,1,0,20180701,DAL,MIN,2018,1021800095318,13020,validated,,0,matched,playbyplayv2,1611661321,100915|100944|200671|201480|202632,complete,playbyplay_inferred,203017|203400|203866|1628277|1628922,complete,playbyplay_inferred,1611661321,Dallas Wings
Shot Chart Detail,1021800095,328,203017,Glory Johnson,1611661324,Minnesota Lynx,3,7,27,Missed Shot,Jump Shot,3PT Field Goal,Above the Break 3,Center(C),24+ ft.,24,14,246,1,0,20180701,DAL,MIN,2018,1021800095328,13530,validated,,0,matched,playbyplayv2,1611661321,100915|100944|101030|201480|202632,complete,playbyplay_inferred,203017|203400|203866|1628277|1628922,complete,playbyplay_inferred,1611661321,Dallas Wings
Shot Chart Detail,1021800095,337,203866,Kayla Thornton,1611661324,Minnesota Lynx,3,6,56,Missed Shot,Jump Shot,3PT Field Goal,Above the Break 3,Right Side(R),24+ ft.,22,221,62,1,0,20180701,DAL,MIN,2018,1021800095337,13840,validated,,0,matched,playbyplayv2,1611661321,100915|100944|101030|201480|202632,complete,playbyplay_inferred,203017|203400|203866|1628277|1628922,complete,playbyplay_inferred,1611661321,Dallas Wings
Shot Chart Detail,1021800095,350,203400,Skylar Diggins,1611661324,Minnesota Lynx,3,6,11,Made Shot,Jump Shot,3PT Field Goal,Left Corner 3,Left Side(L),24+ ft.,23,-230,7,1,1,20180701,DAL,MIN,2018,1021800095350,14290,validated,1628277,1,matched,playbyplayv2,1611661321,100915|100944|101030|201480|202632,complete,playbyplay_inferred,203017|203400|203866|1628277|1628922,complete,playbyplay_inferred,1611661321,Dallas Wings
Shot Chart Detail,1021800095,357,1628277,Allisha Gray,1611661324,Minnesota Lynx,3,5,49,Made Shot,Jump Shot,3PT Field Goal,Above the Break 3,Right Side Center(RC),24+ ft.,24,182,158,1,1,20180701,DAL,MIN,2018,1021800095357,14510,validated,203400,1,matched,playbyplayv2,1611661321,100944|101030|201480|202632|1628283,complete,playbyplay_inferred,203017|203400|203866|1628277|1628922,complete,playbyplay_inferred,1611661321,Dallas Wings
Shot Chart Detail,1021800095,366,203866,Kayla Thornton,1611661324,Minnesota Lynx,3,5,1,Missed Shot,Turnaround Jump Shot,2PT Field Goal,In The Paint (Non-RA),Center(C),Less Than 8 ft.,6,-20,63,1,0,20180701,DAL,MIN,2018,1021800095366,14990,validated,,0,matched,playbyplayv2,1611661321,101030|200671|201480|202632|1628283,complete,playbyplay_inferred,203017|203400|203866|1628277|1628922,complete,playbyplay_inferred,1611661321,Dallas Wings
Shot Chart Detail,1021800095,371,1628277,Allisha Gray,1611661324,Minnesota Lynx,3,4,34,Made Shot,Running Layup Shot,2PT Field Goal,Restricted Area,Center(C),Less Than 8 ft.,1,-13,4,1,1,20180701,DAL,MIN,2018,1021800095371,15260,validated,203400,1,matched,playbyplayv2,1611661321,101030|200671|201480|202632|1628283,complete,playbyplay_inferred,203017|203400|203866|1628277|1628922,complete,playbyplay_inferred,1611661321,Dallas Wings
Shot Chart Detail,1021800095,374,203866,Kayla Thornton,1611661324,Minnesota Lynx,3,3,53,Made Shot,Jump Shot,2PT Field Goal,Mid-Range,Right Side(R),8-16 ft.,13,136,29,1,1,20180701,DAL,MIN,2018,1021800095374,15670,validated,203017,1,matched,playbyplayv2,1611661321,101030|200671|201480|202632|1628283,complete,playbyplay_inferred,203017|203400|203866|1628277|1628922,complete,playbyplay_inferred,1611661321,Dallas Wings
Shot Chart Detail,1021800095,379,203400,Skylar Diggins,1611661324,Minnesota Lynx,3,3,24,Made Shot,Jump Shot,3PT Field Goal,Above the Break 3,Right Side Center(RC),16-24 ft.,23,181,151,1,1,20180701,DAL,MIN,2018,1021800095379,15960,validated,1628277,1,matched,playbyplayv2,1611661321,200671|201480|202632|1628283|1628508,complete,playbyplay_inferred,203017|203400|203866|1628277|1628922,complete,playbyplay_inferred,1611661321,Dallas Wings
Shot Chart Detail,1021800095,387,203017,Glory Johnson,1611661324,Minnesota Lynx,3,2,56,Missed Shot,Jump Shot,2PT Field Goal,Mid-Range,Right Side(R),16-24 ft.,20,202,0,1,0,20180701,DAL,MIN,2018,1021800095387,16240,validated,,0,matched,playbyplayv2,1611661321,101030|200671|201480|202632|1628508,complete,playbyplay_inferred,203017|203400|203866|1628277|1628922,complete,playbyplay_inferred,1611661321,Dallas Wings
Shot Chart Detail,1021800095,389,203866,Kayla Thornton,1611661324,Minnesota Lynx,3,2,50,Made Shot,Jump Shot,2PT Field Goal,Mid-Range,Right Side(R),8-16 ft.,15,154,28,1,1,20180701,DAL,MIN,2018,1021800095389,16300,validated,,0,matched,playbyplayv2,1611661321,101030|200671|201480|202632|1628508,complete,playbyplay_inferred,203017|203400|203866|1628277|1628922,complete,playbyplay_inferred,1611661321,Dallas Wings
Shot Chart Detail,1021800095,394,1628277,Allisha Gray,1611661324,Minnesota Lynx,3,2,14,Missed Shot,Jump Shot,3PT Field Goal,Right Corner 3,Right Side(R),24+ ft.,22,227,14,1,0,20180701,DAL,MIN,2018,1021800095394,16660,validated,,0,matched,playbyplayv2,1611661321,101030|200671|201480|202632|1628508,complete,playbyplay_inferred,203017|203400|203866|1628277|1628922,complete,playbyplay_inferred,1611661321,Dallas Wings
Shot Chart Detail,1021800095,397,1628277,Allisha Gray,1611661324,Minnesota Lynx,3,1,53,Made Shot,Cutting Layup Shot,2PT Field Goal,Restricted Area,Center(C),Less Than 8 ft.,2,17,11,1,1,20180701,DAL,MIN,2018,1021800095397,16870,validated,203400,1,matched,playbyplayv2,1611661321,101030|200671|201480|202632|1628508,complete,playbyplay_inferred,203017|203400|203866|1628277|1628922,complete,playbyplay_inferred,1611661321,Dallas Wings
Shot Chart Detail,1021800095,405,1628277,Allisha Gray,1611661324,Minnesota Lynx,3,0,38,Missed Shot,Jump Shot,3PT Field Goal,Above the Break 3,Left Side Center(LC),24+ ft.,24,-182,159,1,0,20180701,DAL,MIN,2018,1021800095405,17620,validated,,0,matched,playbyplayv2,1611661321,101030|200671|201480|202632|1628508,complete,playbyplay_inferred,203017|203400|203866|1628277|1628922,complete,playbyplay_inferred,1611661321,Dallas Wings
Shot Chart Detail,1021800095,409,203866,Kayla Thornton,1611661324,Minnesota Lynx,3,0,9,Made Shot,Running Layup Shot,2PT Field Goal,Restricted Area,Center(C),Less Than 8 ft.,1,-14,3,1,1,20180701,DAL,MIN,2018,1021800095409,17910,validated,1628922,1,matched,playbyplayv2,1611661321,101030|200671|201480|202632|1628508,complete,playbyplay_inferred,203017|203400|203866|1628277|1628922,complete,playbyplay_inferred,1611661321,Dallas Wings
Shot Chart Detail,1021800095,422,203400,Skylar Diggins,1611661324,Minnesota Lynx,4,9,36,Missed Shot,Pullup Jump shot,3PT Field Goal,Above the Break 3,Left Side Center(LC),24+ ft.,25,-147,208,1,0,20180701,DAL,MIN,2018,1021800095422,18240,validated,,0,matched,playbyplayv2,1611661321,100915|200671|201480|202632|1628508,complete,playbyplay_inferred,203017|203400|203866|204297|1627672,complete,playbyplay_inferred,1611661321,Dallas Wings
Shot Chart Detail,1021800095,438,203866,Kayla Thornton,1611661324,Minnesota Lynx,4,8,23,Missed Shot,Fadeaway Jump Shot,2PT Field Goal,Mid-Range,Left Side(L),8-16 ft.,9,-90,13,1,0,20180701,DAL,MIN,2018,1021800095438,18970,validated,,0,matched,playbyplayv2,1611661321,100915|100944|201480|202632|1628508,complete,playbyplay_inferred,203017|203400|203866|204297|1627672,complete,playbyplay_inferred,1611661321,Dallas Wings
Shot Chart Detail,1021800095,454,204297,Cayla George,1611661324,Minnesota Lynx,4,7,13,Made Shot,Jump Shot,2PT Field Goal,In The Paint (Non-RA),Center(C),8-16 ft.,11,48,99,1,1,20180701,DAL,MIN,2018,1021800095454,19670,validated,203400,1,matched,playbyplayv2,1611661321,100915|100944|201480|202632|1628508,complete,playbyplay_inferred,203017|203400|204297|1627672|1628277,complete,playbyplay_inferred,1611661321,Dallas Wings
Shot Chart Detail,1021800095,473,203017,Glory Johnson,1611661324,Minnesota Lynx,4,5,39,Missed Shot,Driving Layup Shot,2PT Field Goal,Restricted Area,Center(C),Less Than 8 ft.,2,25,13,1,0,20180701,DAL,MIN,2018,1021800095473,20610,validated,,0,matched,playbyplayv2,1611661321,100915|100944|200671|201480|1628508,complete,playbyplay_inferred,203017|203400|204297|1627672|1628277,complete,playbyplay_inferred,1611661321,Dallas Wings
Shot Chart Detail,1021800095,477,1627672,Aerial Powers,1611661324,Minnesota Lynx,4,5,24,Made Shot,Pullup Jump shot,2PT Field Goal,Mid-Range,Center(C),16-24 ft.,17,2,174,1,1,20180701,DAL,MIN,2018,1021800095477,20760,validated,,0,matched,playbyplayv2,1611661321,100915|100944|200671|201480|1628508,complete,playbyplay_inferred,203017|203400|204297|1627672|1628277,complete,playbyplay_inferred,1611661321,Dallas Wings
Shot Chart Detail,1021800095,482,1627672,Aerial Powers,1611661324,Minnesota Lynx,4,4,44,Missed Shot,Step Back Jump shot,2PT Field Goal,Mid-Range,Right Side Center(RC),16-24 ft.,18,122,136,1,0,20180701,DAL,MIN,2018,1021800095482,21160,validated,,0,matched,playbyplayv2,1611661321,100915|100944|200671|201480|1628508,complete,playbyplay_inferred,203017|203400|204297|1627672|1628277,complete,playbyplay_inferred,1611661321,Dallas Wings
Shot Chart Detail,1021800095,486,203400,Skylar Diggins,1611661324,Minnesota Lynx,4,4,10,Made Shot,Jump Shot,2PT Field Goal,Mid-Range,Center(C),16-24 ft.,18,-36,183,1,1,20180701,DAL,MIN,2018,1021800095486,21500,validated,,0,matched,playbyplayv2,1611661321,100915|100944|200671|201480|1628508,complete,playbyplay_inferred,203017|203400|204297|1627672|1628277,complete,playbyplay_inferred,1611661321,Dallas Wings
Shot Chart Detail,1021800095,491,203400,Skylar Diggins,1611661324,Minnesota Lynx,4,3,27,Made Shot,Driving Floating Jump Shot,2PT Field Goal,In The Paint (Non-RA),Center(C),Less Than 8 ft.,7,31,67,1,1,20180701,DAL,MIN,2018,1021800095491,21930,validated,,0,matched,playbyplayv2,1611661321,100915|100944|200671|201480|1628508,complete,playbyplay_inferred,203017|203400|204297|1627672|1628277,complete,playbyplay_inferred,1611661321,Dallas Wings
Shot Chart Detail,1021800095,512,1628277,Allisha Gray,1611661324,Minnesota Lynx,4,2,12,Made Shot,Cutting Layup Shot,2PT Field Goal,Restricted Area,Center(C),Less Than 8 ft.,1,-13,7,1,1,20180701,DAL,MIN,2018,1021800095512,22680,validated,204297,1,matched,playbyplayv2,1611661321,100915|100944|200671|201480|202632,complete,playbyplay_inferred,203017|203400|204297|1627672|1628277,complete,playbyplay_inferred,1611661321,Dallas Wings
Shot Chart Detail,1021800095,518,203400,Skylar Diggins,1611661324,Minnesota Lynx,4,1,30,Missed Shot,Jump Shot,3PT Field Goal,Above the Break 3,Left Side(L),24+ ft.,22,-220,63,1,0,20180701,DAL,MIN,2018,1021800095518,23100,validated,,0,matched,playbyplayv2,1611661321,100915|100944|200671|201480|202632,complete,playbyplay_inferred,203017|203400|204297|1627672|1628277,complete,playbyplay_inferred,1611661321,Dallas Wings
Shot Chart Detail,1021800095,522,1627672,Aerial Powers,1611661324,Minnesota Lynx,4,0,55,Missed Shot,Pullup Jump shot,2PT Field Goal,Mid-Range,Left Side Center(LC),16-24 ft.,21,-81,196,1,0,20180701,DAL,MIN,2018,1021800095522,23450,validated,,0,matched,playbyplayv2,1611661321,100915|100944|200671|201480|202632,complete,playbyplay_inferred,203017|203400|204297|1627672|1628277,complete,playbyplay_inferred,1611661321,Dallas Wings
Shot Chart Detail,1021800095,532,203017,Glory Johnson,1611661324,Minnesota Lynx,4,0,32,Missed Shot,Cutting Layup Shot,2PT Field Goal,Restricted Area,Center(C),Less Than 8 ft.,2,21,-3,1,0,20180701,DAL,MIN,2018,1021800095532,23680,validated,,0,matched,playbyplayv2,1611661321,100915|100944|200671|201480|202632,complete,playbyplay_inferred,203017|203400|203866|204297|1628277,complete,playbyplay_inferred,1611661321,Dallas Wings
Shot Chart Detail,1021800095,544,203400,Skylar Diggins,1611661324,Minnesota Lynx,4,0,6,Missed Shot,Driving Floating Bank Jump Shot,2PT Field Goal,In The Paint (Non-RA),Center(C),8-16 ft.,11,-50,99,1,0,20180701,DAL,MIN,2018,1021800095544,23940,validated,,0,matched,playbyplayv2,1611661321,100915|100944|200671|201480|202632,complete,playbyplay_inferred,203400|203866|204297|1628277|1628922,complete,playbyplay_inferred,1611661321,Dallas Wings
Shot Chart Detail,1021800102,7,203831,Natalie Achonwa,1611661324,Minnesota Lynx,1,9,37,Made Shot,Jump Shot,2PT Field Goal,In The Paint (Non-RA),Center(C),8-16 ft.,13,-46,125,1,1,20180703,MIN,IND,2018,10218001027,230,validated,1627676,1,matched,playbyplayv2,1611661325,100915|100944|200671|201480|202632,complete,playbyplay_inferred,200676|203831|1627676|1628909|1628927,complete,playbyplay_inferred,1611661325,Indiana Fever
Shot Chart Detail,1021800102,11,200676,Candice Dupree,1611661324,Minnesota Lynx,1,9,2,Missed Shot,Jump Shot,2PT Field Goal,Mid-Range,Right Side Center(RC),16-24 ft.,19,117,154,1,0,20180703,MIN,IND,2018,102180010211,580,validated,,0,matched,playbyplayv2,1611661325,100915|100944|200671|201480|202632,complete,playbyplay_inferred,200676|203831|1627676|1628909|1628927,complete,playbyplay_inferred,1611661325,Indiana Fever
Shot Chart Detail,1021800102,15,1628927,Victoria Vivians,1611661324,Minnesota Lynx,1,8,40,Made Shot,Driving Layup Shot,2PT Field Goal,Restricted Area,Center(C),Less Than 8 ft.,1,13,4,1,1,20180703,MIN,IND,2018,102180010215,800,validated,,0,matched,playbyplayv2,1611661325,100915|100944|200671|201480|202632,complete,playbyplay_inferred,200676|203831|1627676|1628909|1628927,complete,playbyplay_inferred,1611661325,Indiana Fever
Shot Chart Detail,1021800102,18,203831,Natalie Achonwa,1611661324,Minnesota Lynx,1,8,8,Made Shot,Cutting Layup Shot,2PT Field Goal,Restricted Area,Center(C),Less Than 8 ft.,3,11,30,1,1,20180703,MIN,IND,2018,102180010218,1120,validated,1628909,1,matched,playbyplayv2,1611661325,100915|100944|200671|201480|202632,complete,playbyplay_inferred,200676|203831|1627676|1628909|1628927,complete,playbyplay_inferred,1611661325,Indiana Fever
Shot Chart Detail,1021800102,32,1627676,Tiffany Mitchell,1611661324,Minnesota Lynx,1,7,4,Made Shot,Pullup Jump shot,2PT Field Goal,Mid-Range,Center(C),16-24 ft.,17,-12,174,1,1,20180703,MIN,IND,2018,102180010232,1760,validated,,0,matched,playbyplayv2,1611661325,100915|100944|200671|201480|202632,complete,playbyplay_inferred,200676|203831|1627676|1628909|1628927,complete,playbyplay_inferred,1611661325,Indiana Fever
Shot Chart Detail,1021800102,35,1627676,Tiffany Mitchell,1611661324,Minnesota Lynx,1,6,48,Made Shot,Layup Shot,2PT Field Goal,Restricted Area,Center(C),Less Than 8 ft.,2,24,11,1,1,20180703,MIN,IND,2018,102180010235,1920,validated,,0,matched,playbyplayv2,1611661325,100915|100944|200671|201480|202632,complete,playbyplay_inferred,200676|203831|1627676|1628909|1628927,complete,playbyplay_inferred,1611661325,Indiana Fever
Shot Chart Detail,1021800102,41,1628909,Kelsey Mitchell,1611661324,Minnesota Lynx,1,6,4,Missed Shot,Step Back Jump shot,3PT Field Goal,Above the Break 3,Center(C),24+ ft.,26,25,260,1,0,20180703,MIN,IND,2018,102180010241,2360,validated,,0,matched,playbyplayv2,1611661325,100915|100944|200671|201480|1628508,complete,playbyplay_inferred,200676|203831|1627676|1628909|1628927,complete,playbyplay_inferred,1611661325,Indiana Fever
Shot Chart Detail,1021800102,44,200676,Candice Dupree,1611661324,Minnesota Lynx,1,5,35,Missed Shot,Jump Shot,2PT Field Goal,Mid-Range,Left Side(L),8-16 ft.,13,-96,88,1,0,20180703,MIN,IND,2018,102180010244,2650,validated,,0,matched,playbyplayv2,1611661325,100915|100944|200671|201480|1628508,complete,playbyplay_inferred,200676|203831|1627676|1628909|1628927,complete,playbyplay_inferred,1611661325,Indiana Fever
Shot Chart Detail,1021800102,49,200676,Candice Dupree,1611661324,Minnesota Lynx,1,5,4,Made Shot,Running Layup Shot,2PT Field Goal,In The Paint (Non-RA),Center(C),Less Than 8 ft.,7,-34,62,1,1,20180703,MIN,IND,2018,102180010249,2960,validated,,0,matched,playbyplayv2,1611661325,100915|100944|200671|201480|1628508,complete,playbyplay_inferred,200676|203831|1627676|1628909|1628927,complete,playbyplay_inferred,1611661325,Indiana Fever
Shot Chart Detail,1021800102,52,1628927,Victoria Vivians,1611661324,Minnesota Lynx,1,4,36,Missed Shot,Jump Shot,3PT Field Goal,Above the Break 3,Right Side(R),24+ ft.,24,241,41,1,0,20180703,MIN,IND,2018,102180010252,3240,validated,,0,matched,playbyplayv2,1611661325,100915|100944|200671|201480|1628508,complete,playbyplay_inferred,200676|203831|1627676|1628909|1628927,complete,playbyplay_inferred,1611661325,Indiana Fever
Shot Chart Detail,1021800102,54,203831,Natalie Achonwa,1611661324,Minnesota Lynx,1,4,32,Made Shot,Putback Layup Shot,2PT Field Goal,Restricted Area,Center(C),Less Than 8 ft.,2,17,11,1,1,20180703,MIN,IND,2018,102180010254,3280,validated,,0,matched,playbyplayv2,1611661325,100915|100944|200671|201480|1628508,complete,playbyplay_inferred,200676|203831|1627676|1628909|1628927,complete,playbyplay_inferred,1611661325,Indiana Fever
Shot Chart Detail,1021800102,57,1628909,Kelsey Mitchell,1611661324,Minnesota Lynx,1,4,2,Missed Shot,Pullup Jump shot,2PT Field Goal,Mid-Range,Left Side Center(LC),16-24 ft.,19,-76,175,1,0,20180703,MIN,IND,2018,102180010257,3580,validated,,0,matched,playbyplayv2,1611661325,100915|100944|200671|201480|1628508,complete,playbyplay_inferred,200676|203831|1627676|1628909|1628927,complete,playbyplay_inferred,1611661325,Indiana Fever
Shot Chart Detail,1021800102,61,1628927,Victoria Vivians,1611661324,Minnesota Lynx,1,3,38,Made Shot,Jump Shot,3PT Field Goal,Above the Break 3,Left Side Center(LC),24+ ft.,27,-125,248,1,1,20180703,MIN,IND,2018,102180010261,3820,validated,,0,matched,playbyplayv2,1611661325,100915|100944|200671|201480|1628508,complete,playbyplay_inferred,200676|203831|1627676|1628909|1628927,complete,playbyplay_inferred,1611661325,Indiana Fever
Shot Chart Detail,1021800102,76,203831,Natalie Achonwa,1611661324,Minnesota Lynx,1,2,50,Missed Shot,Jump Shot,2PT Field Goal,Mid-Range,Right Side(R),8-16 ft.,15,153,6,1,0,20180703,MIN,IND,2018,102180010276,4300,validated,,0,matched,playbyplayv2,1611661325,100944|201480|202632|1628283|1628508,complete,playbyplay_inferred,200665|200676|203831|204365|1628927,complete,playbyplay_inferred,1611661325,Indiana Fever
Shot Chart Detail,1021800102,78,1628927,Victoria Vivians,1611661324,Minnesota Lynx,1,2,40,Missed Shot,Running Layup Shot,2PT Field Goal,In The Paint (Non-RA),Center(C),Less Than 8 ft.,6,69,-5,1,0,20180703,MIN,IND,2018,102180010278,4400,validated,,0,matched,playbyplayv2,1611661325,100944|201480|202632|1628283|1628508,complete,playbyplay_inferred,200665|200676|203831|204365|1628927,complete,playbyplay_inferred,1611661325,Indiana Fever
Shot Chart Detail,1021800102,80,1628927,Victoria Vivians,1611661324,Minnesota Lynx,1,2,29,Missed Shot,Jump Shot,3PT Field Goal,Above the Break 3,Left Side Center(LC),24+ ft.,25,-192,174,1,0,20180703,MIN,IND,2018,102180010280,4510,validated,,0,matched,playbyplayv2,1611661325,100944|201480|202632|1628283|1628508,complete,playbyplay_inferred,200665|200676|203831|204365|1628927,complete,playbyplay_inferred,1611661325,Indiana Fever
Shot Chart Detail,1021800102,94,200665,Cappie Pondexter,1611661324,Minnesota Lynx,1,1,11,Missed Shot,Jump Shot,2PT Field Goal,Mid-Range,Left Side Center(LC),16-24 ft.,17,-76,162,1,0,20180703,MIN,IND,2018,102180010294,5290,validated,,0,matched,playbyplayv2,1611661325,100944|202632|1627701|1628283|1628508,complete,playbyplay_inferred,200665|200676|203831|203859|204365,complete,playbyplay_inferred,1611661325,Indiana Fever
Shot Chart Detail,1021800102,96,203859,Asia Taylor,1611661324,Minnesota Lynx,1,1,7,Missed Shot,Layup Shot,2PT Field Goal,Restricted Area,Center(C),Less Than 8 ft.,2,-20,19,1,0,20180703,MIN,IND,2018,102180010296,5330,validated,,0,matched,playbyplayv2,1611661325,100944|202632|1627701|1628283|1628508,complete,playbyplay_inferred,200665|200676|203831|203859|204365,complete,playbyplay_inferred,1611661325,Indiana Fever
Shot Chart Detail,1021800102,103,203831,Natalie Achonwa,1611661324,Minnesota Lynx,1,0,43,Made Shot,Hook Shot,2PT Field Goal,Restricted Area,Center(C),Less Than 8 ft.,3,3,36,1,1,20180703,MIN,IND,2018,1021800102103,5570,validated,,0,matched,playbyplayv2,1611661325,100944|202632|1627701|1628283|1628508,complete,playbyplay_inferred,200665|200676|203831|203859|204365,complete,playbyplay_inferred,1611661325,Indiana Fever
Shot Chart Detail,1021800102,118,204365,Erica Wheeler,1611661324,Minnesota Lynx,1,0,0,Missed Shot,Jump Shot,2PT Field Goal,Mid-Range,Center(C),16-24 ft.,22,-15,222,1,0,20180703,MIN,IND,2018,1021800102118,6000,validated,,0,matched,playbyplayv2,1611661325,100944|202632|1627701|1628283|1628508,complete,playbyplay_inferred,200665|200676|203405|203859|204365,complete,playbyplay_inferred,1611661325,Indiana Fever
Shot Chart Detail,1021800102,132,200665,Cappie Pondexter,1611661324,Minnesota Lynx,2,9,13,Missed Shot,Layup Shot,2PT Field Goal,Restricted Area,Center(C),Less Than 8 ft.,2,-1,29,1,0,20180703,MIN,IND,2018,1021800102132,6470,validated,,0,matched,playbyplayv2,1611661325,202632|1627701|1628283|1628508|1628866,complete,playbyplay_inferred,200665|200676|203405|204365|1627676,complete,playbyplay_inferred,1611661325,Indiana Fever
Shot Chart Detail,1021800102,151,203831,Natalie Achonwa,1611661324,Minnesota Lynx,2,8,10,Missed Shot,Jump Shot,2PT Field Goal,Mid-Range,Center(C),16-24 ft.,19,-6,197,1,0,20180703,MIN,IND,2018,1021800102151,7100,validated,,0,matched,playbyplayv2,1611661325,202632|1627701|1628283|1628508|1628866,complete,playbyplay_inferred,203831|1627676|1628286|1628909|1628927,complete,playbyplay_inferred,1611661325,Indiana Fever
Shot Chart Detail,1021800102,155,1628927,Victoria Vivians,1611661324,Minnesota Lynx,2,7,47,Made Shot,Jump Shot,3PT Field Goal,Above the Break 3,Left Side Center(LC),24+ ft.,25,-219,125,1,1,20180703,MIN,IND,2018,1021800102155,7330,validated,1627676,1,matched,playbyplayv2,1611661325,202632|1627701|1628283|1628508|1628866,complete,playbyplay_inferred,203831|1627676|1628286|1628909|1628927,complete,playbyplay_inferred,1611661325,Indiana Fever
Shot Chart Detail,1021800102,159,1628909,Kelsey Mitchell,1611661324,Minnesota Lynx,2,7,25,Made Shot,Driving Layup Shot,2PT Field Goal,Restricted Area,Center(C),Less Than 8 ft.,3,30,7,1,1,20180703,MIN,IND,2018,1021800102159,7550,validated,,0,matched,playbyplayv2,1611661325,202632|1627701|1628283|1628508|1628866,complete,playbyplay_inferred,203831|1627676|1628286|1628909|1628927,complete,playbyplay_inferred,1611661325,Indiana Fever
Shot Chart Detail,1021800102,178,1628286,Erica McCall,1611661324,Minnesota Lynx,2,6,54,Made Shot,Layup Shot,2PT Field Goal,Restricted Area,Center(C),Less Than 8 ft.,2,21,11,1,1,20180703,MIN,IND,2018,1021800102178,7860,validated,1628909,1,matched,playbyplayv2,1611661325,100915|100944|200671|201480|202632,complete,playbyplay_inferred,203831|1627676|1628286|1628909|1628927,complete,playbyplay_inferred,1611661325,Indiana Fever
Shot Chart Detail,1021800102,184,1628909,Kelsey Mitchell,1611661324,Minnesota Lynx,2,6,26,Missed Shot,Jump Shot,2PT Field Goal,Mid-Range,Right Side(R),16-24 ft.,20,185,89,1,0,20180703,MIN,IND,2018,1021800102184,8140,validated,,0,matched,playbyplayv2,1611661325,100915|100944|200671|201480|202632,complete,playbyplay_inferred,203831|1627676|1628286|1628909|1628927,complete,playbyplay_inferred,1611661325,Indiana Fever
Shot Chart Detail,1021800102,188,1628286,Erica McCall,1611661324,Minnesota Lynx,2,5,53,Missed Shot,Jump Shot,2PT Field Goal,Mid-Range,Right Side Center(RC),16-24 ft.,19,97,168,1,0,20180703,MIN,IND,2018,1021800102188,8470,validated,,0,matched,playbyplayv2,1611661325,100915|100944|200671|201480|202632,complete,playbyplay_inferred,203831|1627676|1628286|1628909|1628927,complete,playbyplay_inferred,1611661325,Indiana Fever
Shot Chart Detail,1021800102,193,1628927,Victoria Vivians,1611661324,Minnesota Lynx,2,5,37,Missed Shot,Pullup Jump shot,2PT Field Goal,In The Paint (Non-RA),Center(C),8-16 ft.,11,-46,100,1,0,20180703,MIN,IND,2018,1021800102193,8630,validated,,0,matched,playbyplayv2,1611661325,100915|100944|200671|201480|202632,complete,playbyplay_inferred,203831|1627676|1628286|1628909|1628927,complete,playbyplay_inferred,1611661325,Indiana Fever
Shot Chart Detail,1021800102,195,1628909,Kelsey Mitchell,1611661324,Minnesota Lynx,2,5,26,Missed Shot,Driving Layup Shot,2PT Field Goal,In The Paint (Non-RA),Center(C),Less Than 8 ft.,4,-42,17,1,0,20180703,MIN,IND,2018,1021800102195,8740,validated,,0,matched,playbyplayv2,1611661325,100915|100944|200671|201480|202632,complete,playbyplay_inferred,203831|1627676|1628286|1628909|1628927,complete,playbyplay_inferred,1611661325,Indiana Fever
Shot Chart Detail,1021800102,208,1627676,Tiffany Mitchell,1611661324,Minnesota Lynx,2,4,45,Missed Shot,Pullup Jump shot,2PT Field Goal,Mid-Range,Left Side Center(LC),16-24 ft.,17,-68,160,1,0,20180703,MIN,IND,2018,1021800102208,9150,validated,,0,matched,playbyplayv2,1611661325,100915|101030|200671|201480|202632,complete,playbyplay_inferred,200676|203831|1627676|1628909|1628927,complete,playbyplay_inferred,1611661325,Indiana Fever
Shot Chart Detail,1021800102,240,200665,Cappie Pondexter,1611661324,Minnesota Lynx,2,2,45,Missed Shot,Pullup Jump shot,2PT Field Goal,Mid-Range,Left Side(L),16-24 ft.,18,-171,79,1,0,20180703,MIN,IND,2018,1021800102240,10350,validated,,0,matched,playbyplayv2,1611661325,100915|100944|200671|201480|202632,complete,playbyplay_inferred,200665|200676|1628906|1628909|1628927,complete,playbyplay_inferred,1611661325,Indiana Fever
Shot Chart Detail,1021800102,255,200665,Cappie Pondexter,1611661324,Minnesota Lynx,2,2,2,Missed Shot,Jump Shot,2PT Field Goal,Mid-Range,Right Side(R),8-16 ft.,14,116,84,1,0,20180703,MIN,IND,2018,1021800102255,10780,validated,,0,matched,playbyplayv2,1611661325,100944|200671|201480|202632|1628283,complete,playbyplay_inferred,200665|200676|1628906|1628909|1628927,complete,playbyplay_inferred,1611661325,Indiana Fever
Shot Chart Detail,1021800102,259,1628909,Kelsey Mitchell,1611661324,Minnesota Lynx,2,1,34,Missed Shot,Jump Shot,3PT Field Goal,Above the Break 3,Right Side Center(RC),24+ ft.,24,158,188,1,0,20180703,MIN,IND,2018,1021800102259,11060,validated,,0,matched,playbyplayv2,1611661325,100944|200671|201480|202632|1628283,complete,playbyplay_inferred,200665|200676|1628906|1628909|1628927,complete,playbyplay_inferred,1611661325,Indiana Fever
Shot Chart Detail,1021800102,266,200665,Cappie Pondexter,1611661324,Minnesota Lynx,2,1,0,Missed Shot,Floating Jump shot,2PT Field Goal,In The Paint (Non-RA),Center(C),Less Than 8 ft.,5,-20,56,1,0,20180703,MIN,IND,2018,1021800102266,11400,validated,,0,matched,playbyplayv2,1611661325,100944|200671|201480|202632|1628283,complete,playbyplay_inferred,200665|200676|204365|1628906|1628927,complete,playbyplay_inferred,1611661325,Indiana Fever
Shot Chart Detail,1021800102,268,1628906,Stephanie Mavunga,1611661324,Minnesota Lynx,2,0,54,Missed Shot,Jump Shot,2PT Field Goal,In The Paint (Non-RA),Center(C),Less Than 8 ft.,5,15,52,1,0,20180703,MIN,IND,2018,1021800102268,11460,validated,,0,matched,playbyplayv2,1611661325,100944|200671|201480|202632|1628283,complete,playbyplay_inferred,200665|200676|204365|1628906|1628927,complete,playbyplay_inferred,1611661325,Indiana Fever
Shot Chart Detail,1021800102,273,1628927,Victoria Vivians,1611661324,Minnesota Lynx,2,0,35,Missed Shot,Jump Shot,3PT Field Goal,Above the Break 3,Left Side Center(LC),24+ ft.,25,-196,167,1,0,20180703,MIN,IND,2018,1021800102273,11650,validated,,0,matched,playbyplayv2,1611661325,100944|200671|201480|202632|1628283,complete,playbyplay_inferred,200665|200676|204365|1628906|1628927,complete,playbyplay_inferred,1611661325,Indiana Fever
Shot Chart Detail,1021800102,277,204365,Erica Wheeler,1611661324,Minnesota Lynx,2,0,1,Missed Shot,Fadeaway Jump Shot,2PT Field Goal,Mid-Range,Right Side(R),8-16 ft.,11,113,30,1,0,20180703,MIN,IND,2018,1021800102277,11990,validated,,0,matched,playbyplayv2,1611661325,100944|200671|201480|202632|1628283,complete,playbyplay_inferred,200665|200676|204365|1628906|1628927,complete,playbyplay_inferred,1611661325,Indiana Fever
Shot Chart Detail,1021800102,298,1628909,Kelsey Mitchell,1611661324,Minnesota Lynx,3,9,19,Missed Shot,Jump Shot,3PT Field Goal,Above the Break 3,Center(C),24+ ft.,24,28,247,1,0,20180703,MIN,IND,2018,1021800102298,12410,validated,,0,matched,playbyplayv2,1611661325,100915|100944|200671|201480|202632,complete,playbyplay_inferred,200676|203831|1627676|1628909|1628927,complete,playbyplay_inferred,1611661325,Indiana Fever
Shot Chart Detail,1021800102,305,203831,Natalie Achonwa,1611661324,Minnesota Lynx,3,8,51,Missed Shot,Jump Shot,2PT Field Goal,Mid-Range,Right Side Center(RC),16-24 ft.,16,69,155,1,0,20180703,MIN,IND,2018,1021800102305,12690,validated,,0,matched,playbyplayv2,1611661325,100915|100944|200671|201480|202632,complete,playbyplay_inferred,200676|203831|1627676|1628909|1628927,complete,playbyplay_inferred,1611661325,Indiana Fever
Shot Chart Detail,1021800102,320,200676,Candice Dupree,1611661324,Minnesota Lynx,3,7,57,Made Shot,Jump Shot,2PT Field Goal,Mid-Range,Right Side(R),16-24 ft.,16,163,-14,1,1,20180703,MIN,IND,2018,1021800102320,13230,validated,1627676,1,matched,playbyplayv2,1611661325,100915|100944|200671|201480|202632,complete,playbyplay_inferred,200676|203831|1627676|1628909|1628927,complete,playbyplay_inferred,1611661325,Indiana Fever
Shot Chart Detail,1021800102,323,1628909,Kelsey Mitchell,1611661324,Minnesota Lynx,3,7,17,Missed Shot,Jump Shot,3PT Field Goal,Above the Break 3,Right Side Center(RC),24+ ft.,28,101,264,1,0,20180703,MIN,IND,2018,1021800102323,13630,validated,,0,matched,playbyplayv2,1611661325,100915|100944|200671|201480|202632,complete,playbyplay_inferred,200676|203831|1627676|1628909|1628927,complete,playbyplay_inferred,1611661325,Indiana Fever
Shot Chart Detail,1021800102,347,204365,Erica Wheeler,1611661324,Minnesota Lynx,3,5,43,Made Shot,Driving Layup Shot,2PT Field Goal,Restricted Area,Center(C),Less Than 8 ft.,2,18,10,1,1,20180703,MIN,IND,2018,1021800102347,14570,validated,,0,matched,playbyplayv2,1611661325,100944|200671|201480|202632|1628283,complete,playbyplay_inferred,200676|203405|204365|1627676|1628927,complete,playbyplay_inferred,1611661325,Indiana Fever
Shot Chart Detail,1021800102,368,200665,Cappie Pondexter,1611661324,Minnesota Lynx,3,4,0,Made Shot,Pullup Jump shot,2PT Field Goal,In The Paint (Non-RA),Center(C),8-16 ft.,12,23,125,1,1,20180703,MIN,IND,2018,1021800102368,15600,validated,,0,matched,playbyplayv2,1611661325,100944|101030|201480|202632|1628283,complete,playbyplay_inferred,200665|200676|203405|204365|1628927,complete,playbyplay_inferred,1611661325,Indiana Fever
Shot Chart Detail,1021800102,370,200676,Candice Dupree,1611661324,Minnesota Lynx,3,3,18,Missed Shot,Jump Shot,2PT Field Goal,Mid-Range,Left Side Center(LC),16-24 ft.,19,-98,166,1,0,20180703,MIN,IND,2018,1021800102370,16020,validated,,0,matched,playbyplayv2,1611661325,100944|101030|201480|202632|1628283,complete,playbyplay_inferred,200665|200676|203405|204365|1628927,complete,playbyplay_inferred,1611661325,Indiana Fever
Shot Chart Detail,1021800102,374,1628927,Victoria Vivians,1611661324,Minnesota Lynx,3,3,0,Made Shot,Running Layup Shot,2PT Field Goal,Restricted Area,Center(C),Less Than 8 ft.,2,25,2,1,1,20180703,MIN,IND,2018,1021800102374,16200,validated,204365,1,matched,playbyplayv2,1611661325,100944|101030|201480|202632|1628283,complete,playbyplay_inferred,200665|200676|203405|204365|1628927,complete,playbyplay_inferred,1611661325,Indiana Fever
Shot Chart Detail,1021800102,392,200676,Candice Dupree,1611661324,Minnesota Lynx,3,2,2,Made Shot,Pullup Jump shot,2PT Field Goal,Mid-Range,Right Side(R),16-24 ft.,16,164,-4,1,1,20180703,MIN,IND,2018,1021800102392,16780,validated,204365,1,matched,playbyplayv2,1611661325,100944|101030|201480|1628283|1628508,complete,playbyplay_inferred,200665|200676|203405|204365|1627676,complete,playbyplay_inferred,1611661325,Indiana Fever
Shot Chart Detail,1021800102,396,204365,Erica Wheeler,1611661324,Minnesota Lynx,3,1,19,Missed Shot,Pullup Jump shot,3PT Field Goal,Above the Break 3,Left Side Center(LC),24+ ft.,24,-120,217,1,0,20180703,MIN,IND,2018,1021800102396,17210,validated,,0,matched,playbyplayv2,1611661325,100944|101030|201480|1628283|1628508,complete,playbyplay_inferred,200665|200676|203405|204365|1627676,complete,playbyplay_inferred,1611661325,Indiana Fever
Shot Chart Detail,1021800102,400,204365,Erica Wheeler,1611661324,Minnesota Lynx,3,0,47,Missed Shot,Jump Shot,3PT Field Goal,Left Corner 3,Left Side(L),24+ ft.,23,-234,5,1,0,20180703,MIN,IND,2018,1021800102400,17530,validated,,0,matched,playbyplayv2,1611661325,100944|101030|201480|1628283|1628508,complete,playbyplay_inferred,200665|200676|203405|204365|1627676,complete,playbyplay_inferred,1611661325,Indiana Fever
Shot Chart Detail,1021800102,408,1627676,Tiffany Mitchell,1611661324,Minnesota Lynx,3,0,25,Missed Shot,Pullup Jump shot,2PT Field Goal,In The Paint (Non-RA),Center(C),8-16 ft.,14,-48,133,1,0,20180703,MIN,IND,2018,1021800102408,17750,validated,,0,matched,playbyplayv2,1611661325,100944|101030|201480|1628283|1628508,complete,playbyplay_inferred,200665|200676|203405|1627676|1628909,complete,playbyplay_inferred,1611661325,Indiana Fever
Shot Chart Detail,1021800102,412,1627676,Tiffany Mitchell,1611661324,Minnesota Lynx,3,0,4,Made Shot,Driving Layup Shot,2PT Field Goal,Restricted Area,Center(C),Less Than 8 ft.,2,-27,7,1,1,20180703,MIN,IND,2018,1021800102412,17960,validated,1628909,1,matched,playbyplayv2,1611661325,100944|101030|201480|1628283|1628508,complete,playbyplay_inferred,200665|200676|203405|1627676|1628909,complete,playbyplay_inferred,1611661325,Indiana Fever
Shot Chart Detail,1021800102,420,200665,Cappie Pondexter,1611661324,Minnesota Lynx,4,9,52,Missed Shot,Pullup Jump shot,2PT Field Goal,Mid-Range,Center(C),8-16 ft.,15,-13,157,1,0,20180703,MIN,IND,2018,1021800102420,18080,validated,,0,matched,playbyplayv2,1611661325,100944|101030|201480|1628283|1628508,complete,playbyplay_inferred,200665|200676|203405|1628909|1628927,complete,playbyplay_inferred,1611661325,Indiana Fever
Shot Chart Detail,1021800102,426,1628909,Kelsey Mitchell,1611661324,Minnesota Lynx,4,9,27,Missed Shot,Pullup Jump shot,2PT Field Goal,Mid-Range,Center(C),16-24 ft.,21,3,211,1,0,20180703,MIN,IND,2018,1021800102426,18330,validated,,0,matched,playbyplayv2,1611661325,100944|101030|201480|1628283|1628508,complete,playbyplay_inferred,200665|200676|203405|1628909|1628927,complete,playbyplay_inferred,1611661325,Indiana Fever
Shot Chart Detail,1021800102,428,200665,Cappie Pondexter,1611661324,Minnesota Lynx,4,9,19,Made Shot,Pullup Jump shot,2PT Field Goal,Mid-Range,Right Side Center(RC),16-24 ft.,16,62,154,1,1,20180703,MIN,IND,2018,1021800102428,18410,validated,,0,matched,playbyplayv2,1611661325,100944|101030|201480|1628283|1628508,complete,playbyplay_inferred,200665|200676|203405|1628909|1628927,complete,playbyplay_inferred,1611661325,Indiana Fever
Shot Chart Detail,1021800102,431,200665,Cappie Pondexter,1611661324,Minnesota Lynx,4,8,51,Missed Shot,Pullup Jump shot,2PT Field Goal,Mid-Range,Left Side(L),8-16 ft.,11,-113,9,1,0,20180703,MIN,IND,2018,1021800102431,18690,validated,,0,matched,playbyplayv2,1611661325,100944|101030|201480|1628283|1628508,complete,playbyplay_inferred,200665|200676|203405|1628909|1628927,complete,playbyplay_inferred,1611661325,Indiana Fever
Shot Chart Detail,1021800102,440,200676,Candice Dupree,1611661324,Minnesota Lynx,4,8,15,Missed Shot,Pullup Jump shot,2PT Field Goal,Mid-Range,Right Side Center(RC),16-24 ft.,16,101,128,1,0,20180703,MIN,IND,2018,1021800102440,19050,validated,,0,matched,playbyplayv2,1611661325,100915|101030|202632|1627701|1628508,complete,playbyplay_inferred,200665|200676|203405|1628909|1628927,complete,playbyplay_inferred,1611661325,Indiana Fever
Shot Chart Detail,1021800102,454,200665,Cappie Pondexter,1611661324,Minnesota Lynx,4,7,48,Made Shot,Driving Layup Shot,2PT Field Goal,Restricted Area,Center(C),Less Than 8 ft.,2,22,7,1,1,20180703,MIN,IND,2018,1021800102454,19320,validated,,0,matched,playbyplayv2,1611661325,100915|101030|202632|1627701|1628508,complete,playbyplay_inferred,200665|200676|203831|1628909|1628927,complete,playbyplay_inferred,1611661325,Indiana Fever
Shot Chart Detail,1021800102,467,200665,Cappie Pondexter,1611661324,Minnesota Lynx,4,6,54,Missed Shot,Pullup Jump shot,2PT Field Goal,Mid-Range,Center(C),16-24 ft.,21,-61,204,1,0,20180703,MIN,IND,2018,1021800102467,19860,validated,,0,matched,playbyplayv2,1611661325,100915|101030|202632|1627701|1628508,complete,playbyplay_inferred,200665|200676|203831|1628909|1628927,complete,playbyplay_inferred,1611661325,Indiana Fever
Shot Chart Detail,1021800102,471,1628909,Kelsey Mitchell,1611661324,Minnesota Lynx,4,6,21,Made Shot,Driving Layup Shot,2PT Field Goal,Restricted Area,Center(C),Less Than 8 ft.,3,28,17,1,1,20180703,MIN,IND,2018,1021800102471,20190,validated,,0,matched,playbyplayv2,1611661325,100915|101030|202632|1627701|1628508,complete,playbyplay_inferred,200665|200676|203831|1628909|1628927,complete,playbyplay_inferred,1611661325,Indiana Fever
Shot Chart Detail,1021800102,484,203831,Natalie Achonwa,1611661324,Minnesota Lynx,4,5,53,Made Shot,Jump Shot,2PT Field Goal,In The Paint (Non-RA),Center(C),8-16 ft.,9,40,85,1,1,20180703,MIN,IND,2018,1021800102484,20470,validated,1627676,1,matched,playbyplayv2,1611661325,100915|101030|200671|201480|202632,complete,playbyplay_inferred,200676|203831|1627676|1628909|1628927,complete,playbyplay_inferred,1611661325,Indiana Fever
Shot Chart Detail,1021800102,491,203831,Natalie Achonwa,1611661324,Minnesota Lynx,4,5,15,Made Shot,Driving Layup Shot,2PT Field Goal,Restricted Area,Center(C),Less Than 8 ft.,3,31,17,1,1,20180703,MIN,IND,2018,1021800102491,20850,validated,1628909,1,matched,playbyplayv2,1611661325,100915|100944|200671|201480|202632,complete,playbyplay_inferred,200676|203831|1627676|1628909|1628927,complete,playbyplay_inferred,1611661325,Indiana Fever
Shot Chart Detail,1021800102,494,1628909,Kelsey Mitchell,1611661324,Minnesota Lynx,4,4,28,Missed Shot,Layup Shot,2PT Field Goal,Restricted Area,Center(C),Less Than 8 ft.,3,-24,20,1,0,20180703,MIN,IND,2018,1021800102494,21320,validated,,0,matched,playbyplayv2,1611661325,100915|100944|200671|201480|202632,complete,playbyplay_inferred,200676|203831|1627676|1628909|1628927,complete,playbyplay_inferred,1611661325,Indiana Fever
Shot Chart Detail,1021800102,497,1628927,Victoria Vivians,1611661324,Minnesota Lynx,4,4,25,Made Shot,Jump Shot,3PT Field Goal,Above the Break 3,Right Side Center(RC),24+ ft.,28,107,264,1,1,20180703,MIN,IND,2018,1021800102497,21350,validated,203831,1,matched,playbyplayv2,1611661325,100915|100944|200671|201480|202632,complete,playbyplay_inferred,200676|203831|1627676|1628909|1628927,complete,playbyplay_inferred,1611661325,Indiana Fever
Shot Chart Detail,1021800102,505,1628909,Kelsey Mitchell,1611661324,Minnesota Lynx,4,3,43,Made Shot,Driving Floating Jump Shot,2PT Field Goal,In The Paint (Non-RA),Center(C),8-16 ft.,9,11,98,1,1,20180703,MIN,IND,2018,1021800102505,21770,validated,,0,matched,playbyplayv2,1611661325,100915|100944|200671|201480|202632,complete,playbyplay_inferred,200665|200676|203831|1628909|1628927,complete,playbyplay_inferred,1611661325,Indiana Fever
Shot Chart Detail,1021800102,508,200665,Cappie Pondexter,1611661324,Minnesota Lynx,4,3,14,Missed Shot,Jump Shot,2PT Field Goal,Mid-Range,Left Side(L),16-24 ft.,17,-171,54,1,0,20180703,MIN,IND,2018,1021800102508,22060,validated,,0,matched,playbyplayv2,1611661325,100915|100944|200671|201480|202632,complete,playbyplay_inferred,200665|200676|203831|1628909|1628927,complete,playbyplay_inferred,1611661325,Indiana Fever
Shot Chart Detail,1021800102,512,203831,Natalie Achonwa,1611661324,Minnesota Lynx,4,2,42,Made Shot,Driving Layup Shot,2PT Field Goal,Restricted Area,Center(C),Less Than 8 ft.,2,-26,1,1,1,20180703,MIN,IND,2018,1021800102512,22380,validated,1628909,1,matched,playbyplayv2,1611661325,100915|100944|200671|201480|202632,complete,playbyplay_inferred,200665|200676|203831|1628909|1628927,complete,playbyplay_inferred,1611661325,Indiana Fever
Shot Chart Detail,1021800102,521,200665,Cappie Pondexter,1611661324,Minnesota Lynx,4,1,49,Made Shot,Jump Shot,3PT Field Goal,Above the Break 3,Center(C),24+ ft.,25,-19,257,1,1,20180703,MIN,IND,2018,1021800102521,22910,validated,,0,matched,playbyplayv2,1611661325,100915|100944|200671|201480|202632,complete,playbyplay_inferred,200665|200676|203831|1628909|1628927,complete,playbyplay_inferred,1611661325,Indiana Fever
Shot Chart Detail,1021800102,535,1628909,Kelsey Mitchell,1611661324,Minnesota Lynx,4,1,16,Missed Shot,Jump Shot,3PT Field Goal,Above the Break 3,Center(C),24+ ft.,24,-13,241,1,0,20180703,MIN,IND,2018,1021800102535,23240,validated,,0,matched,playbyplayv2,1611661325,202632|1627701|1628283|1628508|1628866,complete,playbyplay_inferred,200665|200676|203831|1628909|1628927,complete,playbyplay_inferred,1611661325,Indiana Fever
Shot Chart Detail,1021800102,539,1628927,Victoria Vivians,1611661324,Minnesota Lynx,4,0,40,Missed Shot,Jump Shot,3PT Field Goal,Above the Break 3,Right Side Center(RC),24+ ft.,27,143,238,1,0,20180703,MIN,IND,2018,1021800102539,23600,validated,,0,matched,playbyplayv2,1611661325,202632|1627701|1628283|1628508|1628866,complete,playbyplay_inferred,200665|200676|203831|1628909|1628927,complete,playbyplay_inferred,1611661325,Indiana Fever
Shot Chart Detail,1021800102,541,1628909,Kelsey Mitchell,1611661324,Minnesota Lynx,4,0,27,Missed Shot,Floating Jump shot,2PT Field Goal,In The Paint (Non-RA),Center(C),8-16 ft.,10,12,107,1,0,20180703,MIN,IND,2018,1021800102541,23730,validated,,0,matched,playbyplayv2,1611661325,202632|1627701|1628283|1628508|1628866,complete,playbyplay_inferred,200665|200676|203831|1628909|1628927,complete,playbyplay_inferred,1611661325,Indiana Fever
Shot Chart Detail,1021800106,11,203014,Nneka Ogwumike,1611661324,Minnesota Lynx,1,9,36,Made Shot,Pullup Jump shot,2PT Field Goal,Mid-Range,Left Side(L),8-16 ft.,14,-130,59,1,1,20180705,MIN,LAS,2018,102180010611,240,validated,203833,1,matched,playbyplayv2,1611661320,100915|100944|200671|201480|202632,complete,playbyplay_inferred,100949|201496|201502|203014|203833,complete,playbyplay_inferred,1611661320,Los Angeles Sparks
Shot Chart Detail,1021800106,17,203014,Nneka Ogwumike,1611661324,Minnesota Lynx,1,8,46,Made Shot,Jump Shot,2PT Field Goal,Mid-Range,Right Side(R),16-24 ft.,20,202,-4,1,1,20180705,MIN,LAS,2018,102180010617,740,validated,203833,1,matched,playbyplayv2,1611661320,100915|100944|200671|201480|202632,complete,playbyplay_inferred,100949|201496|201502|203014|203833,complete,playbyplay_inferred,1611661320,Los Angeles Sparks
Shot Chart Detail,1021800106,21,203833,Chelsea Gray,1611661324,Minnesota Lynx,1,8,12,Missed Shot,Jump Shot,3PT Field Goal,Above the Break 3,Center(C),24+ ft.,24,-70,230,1,0,20180705,MIN,LAS,2018,102180010621,1080,validated,,0,matched,playbyplayv2,1611661320,100915|100944|200671|201480|202632,complete,playbyplay_inferred,100949|201496|201502|203014|203833,complete,playbyplay_inferred,1611661320,Los Angeles Sparks
Shot Chart Detail,1021800106,32,201502,Essence Carson,1611661324,Minnesota Lynx,1,7,17,Missed Shot,Pullup Jump shot,2PT Field Goal,Mid-Range,Right Side Center(RC),16-24 ft.,21,113,181,1,0,20180705,MIN,LAS,2018,102180010632,1630,validated,,0,matched,playbyplayv2,1611661320,100915|100944|200671|201480|202632,complete,playbyplay_inferred,100949|201496|201502|203014|203833,complete,playbyplay_inferred,1611661320,Los Angeles Sparks
Shot Chart Detail,1021800106,41,201496,Candace Parker,1611661324,Minnesota Lynx,1,6,43,Missed Shot,Jump Shot,3PT Field Goal,Above the Break 3,Center(C),16-24 ft.,23,-49,228,1,0,20180705,MIN,LAS,2018,102180010641,1970,validated,,0,matched,playbyplayv2,1611661320,100915|100944|200671|201480|202632,complete,playbyplay_inferred,100949|201496|201502|203014|203833,complete,playbyplay_inferred,1611661320,Los Angeles Sparks
Shot Chart Detail,1021800106,45,100949,Alana Beard,1611661324,Minnesota Lynx,1,6,11,Made Shot,Jump Shot,3PT Field Goal,Above the Break 3,Center(C),16-24 ft.,23,-4,232,1,1,20180705,MIN,LAS,2018,102180010645,2290,validated,203014,1,matched,playbyplayv2,1611661320,100915|100944|200671|201480|202632,complete,playbyplay_inferred,100949|201496|201502|203014|203833,complete,playbyplay_inferred,1611661320,Los Angeles Sparks
Shot Chart Detail,1021800106,49,201496,Candace Parker,1611661324,Minnesota Lynx,1,5,20,Missed Shot,Driving Floating Bank Jump Shot,2PT Field Goal,Mid-Range,Right Side(R),8-16 ft.,9,96,11,1,0,20180705,MIN,LAS,2018,102180010649,2800,validated,,0,matched,playbyplayv2,1611661320,100915|100944|200671|201480|202632,complete,playbyplay_inferred,100949|201496|201502|203014|203833,complete,playbyplay_inferred,1611661320,Los Angeles Sparks
Shot Chart Detail,1021800106,53,203014,Nneka Ogwumike,1611661324,Minnesota Lynx,1,4,58,Made Shot,Jump Shot,2PT Field Goal,Mid-Range,Right Side Center(RC),16-24 ft.,18,104,154,1,1,20180705,MIN,LAS,2018,102180010653,3020,validated,203833,1,matched,playbyplayv2,1611661320,100915|100944|200671|201480|202632,complete,playbyplay_inferred,100949|201496|201502|203014|203833,complete,playbyplay_inferred,1611661320,Los Angeles Sparks
Shot Chart Detail,1021800106,69,203014,Nneka Ogwumike,1611661324,Minnesota Lynx,1,3,34,Missed Shot,Pullup Jump shot,2PT Field Goal,Mid-Range,Right Side Center(RC),16-24 ft.,18,74,168,1,0,20180705,MIN,LAS,2018,102180010669,3860,validated,,0,matched,playbyplayv2,1611661320,100944|101030|201480|202632|202658,complete,playbyplay_inferred,100949|201496|201502|203014|203824,complete,playbyplay_inferred,1611661320,Los Angeles Sparks
Shot Chart Detail,1021800106,81,201502,Essence Carson,1611661324,Minnesota Lynx,1,2,17,Made Shot,Jump Shot,2PT Field Goal,Mid-Range,Right Side Center(RC),16-24 ft.,21,121,172,1,1,20180705,MIN,LAS,2018,102180010681,4630,validated,203833,1,matched,playbyplayv2,1611661320,100944|101030|201480|202658|1628508,complete,playbyplay_inferred,201496|201502|203014|203824|203833,complete,playbyplay_inferred,1611661320,Los Angeles Sparks
Shot Chart Detail,1021800106,88,203014,Nneka Ogwumike,1611661324,Minnesota Lynx,1,1,35,Missed Shot,Layup Shot,2PT Field Goal,Restricted Area,Center(C),Less Than 8 ft.,1,14,-3,1,0,20180705,MIN,LAS,2018,102180010688,5050,validated,,0,matched,playbyplayv2,1611661320,100944|101030|201480|202658|1628508,complete,playbyplay_inferred,202650|203014|203824|203833|1628317,complete,playbyplay_inferred,1611661320,Los Angeles Sparks
Shot Chart Detail,1021800106,95,203824,Odyssey Sims,1611661324,Minnesota Lynx,1,1,4,Made Shot,Running Layup Shot,2PT Field Goal,Restricted Area,Center(C),Less Than 8 ft.,1,-10,-5,1,1,20180705,MIN,LAS,2018,102180010695,5360,validated,,0,matched,playbyplayv2,1611661320,100944|101030|201480|202658|1628508,complete,playbyplay_inferred,202650|203014|203824|203833|1628317,complete,playbyplay_inferred,1611661320,Los Angeles Sparks
Shot Chart Detail,1021800106,110,202650,Jantel Lavender,1611661324,Minnesota Lynx,1,0,0,Missed Shot,Driving Layup Shot,2PT Field Goal,Restricted Area,Center(C),Less Than 8 ft.,1,3,13,1,0,20180705,MIN,LAS,2018,1021800106110,6000,validated,,0,matched,playbyplayv2,1611661320,100944|101030|202658|1627701|1628508,complete,playbyplay_inferred,201496|202650|203824|203833|1628317,complete,playbyplay_inferred,1611661320,Los Angeles Sparks
Shot Chart Detail,1021800106,127,203824,Odyssey Sims,1611661324,Minnesota Lynx,2,9,22,Missed Shot,Jump Shot,2PT Field Goal,Mid-Range,Right Side(R),16-24 ft.,17,173,16,1,0,20180705,MIN,LAS,2018,1021800106127,6380,validated,,0,matched,playbyplayv2,1611661320,100915|100944|200671|202632|1627701,complete,playbyplay_inferred,201496|201502|202650|203824|203833,complete,playbyplay_inferred,1611661320,Los Angeles Sparks
Shot Chart Detail,1021800106,131,201502,Essence Carson,1611661324,Minnesota Lynx,2,8,47,Missed Shot,Jump Shot,3PT Field Goal,Above the Break 3,Right Side Center(RC),24+ ft.,23,152,184,1,0,20180705,MIN,LAS,2018,1021800106131,6730,validated,,0,matched,playbyplayv2,1611661320,100915|100944|200671|202632|1627701,complete,playbyplay_inferred,201496|201502|202650|203824|203833,complete,playbyplay_inferred,1611661320,Los Angeles Sparks
Shot Chart Detail,1021800106,135,201496,Candace Parker,1611661324,Minnesota Lynx,2,8,13,Made Shot,Fadeaway Jump Shot,2PT Field Goal,Mid-Range,Left Side(L),16-24 ft.,16,-159,21,1,1,20180705,MIN,LAS,2018,1021800106135,7070,validated,201502,1,matched,playbyplayv2,1611661320,100915|100944|200671|202632|1627701,complete,playbyplay_inferred,201496|201502|202650|203824|203833,complete,playbyplay_inferred,1611661320,Los Angeles Sparks
Shot Chart Detail,1021800106,140,203824,Odyssey Sims,1611661324,Minnesota Lynx,2,7,45,Missed Shot,Running Jump Shot,2PT Field Goal,In The Paint (Non-RA),Center(C),Less Than 8 ft.,7,1,77,1,0,20180705,MIN,LAS,2018,1021800106140,7350,validated,,0,matched,playbyplayv2,1611661320,100915|200671|201480|202632|1627701,complete,playbyplay_inferred,201496|201502|202650|203824|203833,complete,playbyplay_inferred,1611661320,Los Angeles Sparks
Shot Chart Detail,1021800106,145,203833,Chelsea Gray,1611661324,Minnesota Lynx,2,7,20,Missed Shot,Fadeaway Jump Shot,2PT Field Goal,Mid-Range,Center(C),8-16 ft.,15,32,147,1,0,20180705,MIN,LAS,2018,1021800106145,7600,validated,,0,matched,playbyplayv2,1611661320,100915|200671|201480|202632|1627701,complete,playbyplay_inferred,201496|201502|202650|203824|203833,complete,playbyplay_inferred,1611661320,Los Angeles Sparks
Shot Chart Detail,1021800106,149,201496,Candace Parker,1611661324,Minnesota Lynx,2,6,57,Missed Shot,Driving Reverse Layup Shot,2PT Field Goal,Restricted Area,Center(C),Less Than 8 ft.,1,-9,-6,1,0,20180705,MIN,LAS,2018,1021800106149,7830,validated,,0,matched,playbyplayv2,1611661320,100915|200671|201480|202632|1627701,complete,playbyplay_inferred,201496|201502|202650|203824|203833,complete,playbyplay_inferred,1611661320,Los Angeles Sparks
Shot Chart Detail,1021800106,152,201496,Candace Parker,1611661324,Minnesota Lynx,2,6,18,Made Shot,Jump Shot,3PT Field Goal,Above the Break 3,Left Side Center(LC),16-24 ft.,23,-111,205,1,1,20180705,MIN,LAS,2018,1021800106152,8220,validated,203824,1,matched,playbyplayv2,1611661320,100915|200671|201480|202632|1627701,complete,playbyplay_inferred,201496|201502|202650|203824|203833,complete,playbyplay_inferred,1611661320,Los Angeles Sparks
Shot Chart Detail,1021800106,165,203014,Nneka Ogwumike,1611661324,Minnesota Lynx,2,5,38,Missed Shot,Fadeaway Jump Shot,2PT Field Goal,Mid-Range,Right Side(R),8-16 ft.,14,142,18,1,0,20180705,MIN,LAS,2018,1021800106165,8620,validated,,0,matched,playbyplayv2,1611661320,100915|200671|201480|202632|1627701,complete,playbyplay_inferred,100949|201496|201502|203014|203833,complete,playbyplay_inferred,1611661320,Los Angeles Sparks
Shot Chart Detail,1021800106,167,203833,Chelsea Gray,1611661324,Minnesota Lynx,2,5,27,Made Shot,Pullup Jump shot,2PT Field Goal,Mid-Range,Center(C),16-24 ft.,20,-9,206,1,1,20180705,MIN,LAS,2018,1021800106167,8730,validated,100949,1,matched,playbyplayv2,1611661320,100915|200671|201480|202632|1627701,complete,playbyplay_inferred,100949|201496|201502|203014|203833,complete,playbyplay_inferred,1611661320,Los Angeles Sparks
Shot Chart Detail,1021800106,171,203833,Chelsea Gray,1611661324,Minnesota Lynx,2,5,5,Missed Shot,Running Layup Shot,2PT Field Goal,Restricted Area,Center(C),Less Than 8 ft.,0,-9,2,1,0,20180705,MIN,LAS,2018,1021800106171,8950,validated,,0,matched,playbyplayv2,1611661320,100915|200671|201480|202632|1627701,complete,playbyplay_inferred,100949|201496|201502|203014|203833,complete,playbyplay_inferred,1611661320,Los Angeles Sparks
Shot Chart Detail,1021800106,173,203014,Nneka Ogwumike,1611661324,Minnesota Lynx,2,4,59,Made Shot,Layup Shot,2PT Field Goal,Restricted Area,Center(C),Less Than 8 ft.,1,-11,-7,1,1,20180705,MIN,LAS,2018,1021800106173,9010,validated,201496,1,matched,playbyplayv2,1611661320,100915|200671|201480|202632|1627701,complete,playbyplay_inferred,100949|201496|201502|203014|203833,complete,playbyplay_inferred,1611661320,Los Angeles Sparks
Shot Chart Detail,1021800106,186,203014,Nneka Ogwumike,1611661324,Minnesota Lynx,2,4,37,Missed Shot,Jump Shot,2PT Field Goal,Mid-Range,Center(C),16-24 ft.,21,-27,214,1,0,20180705,MIN,LAS,2018,1021800106186,9230,validated,,0,matched,playbyplayv2,1611661320,100944|200671|201480|202632|202658,complete,playbyplay_inferred,100949|201496|201502|203014|203833,complete,playbyplay_inferred,1611661320,Los Angeles Sparks
Shot Chart Detail,1021800106,190,203014,Nneka Ogwumike,1611661324,Minnesota Lynx,2,4,11,Missed Shot,Jump Shot,2PT Field Goal,Mid-Range,Right Side Center(RC),16-24 ft.,20,98,182,1,0,20180705,MIN,LAS,2018,1021800106190,9490,validated,,0,matched,playbyplayv2,1611661320,100944|200671|201480|202632|202658,complete,playbyplay_inferred,100949|201496|201502|203014|203833,complete,playbyplay_inferred,1611661320,Los Angeles Sparks
Shot Chart Detail,1021800106,196,201496,Candace Parker,1611661324,Minnesota Lynx,2,3,37,Missed Shot,Step Back Jump shot,2PT Field Goal,Mid-Range,Right Side(R),8-16 ft.,14,146,34,1,0,20180705,MIN,LAS,2018,1021800106196,9830,validated,,0,matched,playbyplayv2,1611661320,100944|200671|201480|202632|202658,complete,playbyplay_inferred,100949|201496|201502|203014|203833,complete,playbyplay_inferred,1611661320,Los Angeles Sparks
Shot Chart Detail,1021800106,198,203014,Nneka Ogwumike,1611661324,Minnesota Lynx,2,3,34,Made Shot,Putback Layup Shot,2PT Field Goal,Restricted Area,Center(C),Less Than 8 ft.,1,17,-4,1,1,20180705,MIN,LAS,2018,1021800106198,9860,validated,,0,matched,playbyplayv2,1611661320,100944|200671|201480|202632|202658,complete,playbyplay_inferred,100949|201496|201502|203014|203833,complete,playbyplay_inferred,1611661320,Los Angeles Sparks
Shot Chart Detail,1021800106,208,203014,Nneka Ogwumike,1611661324,Minnesota Lynx,2,2,59,Missed Shot,Jump Shot,2PT Field Goal,In The Paint (Non-RA),Center(C),8-16 ft.,8,-2,80,1,0,20180705,MIN,LAS,2018,1021800106208,10210,validated,,0,matched,playbyplayv2,1611661320,100915|100944|200671|201480|202632,complete,playbyplay_inferred,201496|201502|203014|203824|203833,complete,playbyplay_inferred,1611661320,Los Angeles Sparks
Shot Chart Detail,1021800106,214,201502,Essence Carson,1611661324,Minnesota Lynx,2,2,26,Missed Shot,Jump Shot,3PT Field Goal,Above the Break 3,Left Side Center(LC),16-24 ft.,23,-119,199,1,0,20180705,MIN,LAS,2018,1021800106214,10540,validated,,0,matched,playbyplayv2,1611661320,100915|100944|200671|201480|202632,complete,playbyplay_inferred,201496|201502|203014|203824|203833,complete,playbyplay_inferred,1611661320,Los Angeles Sparks
Shot Chart Detail,1021800106,218,201496,Candace Parker,1611661324,Minnesota Lynx,2,1,56,Made Shot,Jump Shot,3PT Field Goal,Above the Break 3,Right Side Center(RC),24+ ft.,24,113,217,1,1,20180705,MIN,LAS,2018,1021800106218,10840,validated,203833,1,matched,playbyplayv2,1611661320,100915|100944|200671|201480|202632,complete,playbyplay_inferred,201496|201502|203014|203824|203833,complete,playbyplay_inferred,1611661320,Los Angeles Sparks
Shot Chart Detail,1021800106,222,201496,Candace Parker,1611661324,Minnesota Lynx,2,1,28,Made Shot,Step Back Jump shot,2PT Field Goal,Mid-Range,Left Side(L),8-16 ft.,10,-106,11,1,1,20180705,MIN,LAS,2018,1021800106222,11120,validated,203824,1,matched,playbyplayv2,1611661320,100915|100944|200671|201480|202632,complete,playbyplay_inferred,201496|201502|203014|203824|203833,complete,playbyplay_inferred,1611661320,Los Angeles Sparks
Shot Chart Detail,1021800106,231,203833,Chelsea Gray,1611661324,Minnesota Lynx,2,0,52,Made Shot,Jump Shot,3PT Field Goal,Above the Break 3,Center(C),16-24 ft.,22,-4,228,1,1,20180705,MIN,LAS,2018,1021800106231,11480,validated,,0,matched,playbyplayv2,1611661320,100915|100944|200671|201480|202632,complete,playbyplay_inferred,100949|201496|202650|203824|203833,complete,playbyplay_inferred,1611661320,Los Angeles Sparks
Shot Chart Detail,1021800106,234,201496,Candace Parker,1611661324,Minnesota Lynx,2,0,14,Missed Shot,Jump Shot,3PT Field Goal,Above the Break 3,Left Side Center(LC),16-24 ft.,23,-113,204,1,0,20180705,MIN,LAS,2018,1021800106234,11860,validated,,0,matched,playbyplayv2,1611661320,100915|100944|200671|201480|202632,complete,playbyplay_inferred,100949|201496|202650|203824|203833,complete,playbyplay_inferred,1611661320,Los Angeles Sparks
Shot Chart Detail,1021800106,246,100949,Alana Beard,1611661324,Minnesota Lynx,3,9,40,Missed Shot,Driving Layup Shot,2PT Field Goal,Restricted Area,Center(C),Less Than 8 ft.,1,-12,12,1,0,20180705,MIN,LAS,2018,1021800106246,12200,validated,,0,matched,playbyplayv2,1611661320,100915|100944|200671|201480|202632,complete,playbyplay_inferred,100949|201496|201502|203014|203833,complete,playbyplay_inferred,1611661320,Los Angeles Sparks
Shot Chart Detail,1021800106,248,203014,Nneka Ogwumike,1611661324,Minnesota Lynx,3,9,38,Missed Shot,Tip Layup Shot,2PT Field Goal,Restricted Area,Center(C),Less Than 8 ft.,1,-4,12,1,0,20180705,MIN,LAS,2018,1021800106248,12220,validated,,0,matched,playbyplayv2,1611661320,100915|100944|200671|201480|202632,complete,playbyplay_inferred,100949|201496|201502|203014|203833,complete,playbyplay_inferred,1611661320,Los Angeles Sparks
Shot Chart Detail,1021800106,254,100949,Alana Beard,1611661324,Minnesota Lynx,3,9,3,Made Shot,Jump Shot,2PT Field Goal,Mid-Range,Right Side(R),16-24 ft.,20,201,3,1,1,20180705,MIN,LAS,2018,1021800106254,12570,validated,203833,1,matched,playbyplayv2,1611661320,100915|100944|200671|201480|202632,complete,playbyplay_inferred,100949|201496|201502|203014|203833,complete,playbyplay_inferred,1611661320,Los Angeles Sparks
Shot Chart Detail,1021800106,261,201496,Candace Parker,1611661324,Minnesota Lynx,3,8,40,Missed Shot,Turnaround Jump Shot,2PT Field Goal,In The Paint (Non-RA),Center(C),Less Than 8 ft.,7,-70,18,1,0,20180705,MIN,LAS,2018,1021800106261,12800,validated,,0,matched,playbyplayv2,1611661320,100915|100944|200671|201480|202632,complete,playbyplay_inferred,100949|201496|201502|203014|203833,complete,playbyplay_inferred,1611661320,Los Angeles Sparks
Shot Chart Detail,1021800106,263,203014,Nneka Ogwumike,1611661324,Minnesota Lynx,3,8,33,Made Shot,Putback Layup Shot,2PT Field Goal,Restricted Area,Center(C),Less Than 8 ft.,3,35,13,1,1,20180705,MIN,LAS,2018,1021800106263,12870,validated,,0,matched,playbyplayv2,1611661320,100915|100944|200671|201480|202632,complete,playbyplay_inferred,100949|201496|201502|203014|203833,complete,playbyplay_inferred,1611661320,Los Angeles Sparks
Shot Chart Detail,1021800106,265,203833,Chelsea Gray,1611661324,Minnesota Lynx,3,7,57,Missed Shot,Step Back Jump shot,2PT Field Goal,Mid-Range,Left Side(L),16-24 ft.,16,-152,51,1,0,20180705,MIN,LAS,2018,1021800106265,13230,validated,,0,matched,playbyplayv2,1611661320,100915|100944|200671|201480|202632,complete,playbyplay_inferred,100949|201496|201502|203014|203833,complete,playbyplay_inferred,1611661320,Los Angeles Sparks
Shot Chart Detail,1021800106,279,201502,Essence Carson,1611661324,Minnesota Lynx,3,6,43,Missed Shot,Driving Layup Shot,2PT Field Goal,Restricted Area,Center(C),Less Than 8 ft.,1,-12,3,1,0,20180705,MIN,LAS,2018,1021800106279,13970,validated,,0,matched,playbyplayv2,1611661320,100915|100944|200671|201480|202632,complete,playbyplay_inferred,100949|201496|201502|203014|203833,complete,playbyplay_inferred,1611661320,Los Angeles Sparks
Shot Chart Detail,1021800106,289,203014,Nneka Ogwumike,1611661324,Minnesota Lynx,3,6,0,Made Shot,Alley Oop Layup shot,2PT Field Goal,Restricted Area,Center(C),Less Than 8 ft.,1,-8,12,1,1,20180705,MIN,LAS,2018,1021800106289,14400,validated,201496,1,matched,playbyplayv2,1611661320,100944|200671|201480|202632|202658,complete,playbyplay_inferred,100949|201496|201502|203014|203833,complete,playbyplay_inferred,1611661320,Los Angeles Sparks
Shot Chart Detail,1021800106,292,100949,Alana Beard,1611661324,Minnesota Lynx,3,5,13,Made Shot,Driving Layup Shot,2PT Field Goal,Restricted Area,Center(C),Less Than 8 ft.,1,-13,-4,1,1,20180705,MIN,LAS,2018,1021800106292,14870,validated,201496,1,matched,playbyplayv2,1611661320,100944|200671|201480|202632|202658,complete,playbyplay_inferred,100949|201496|201502|203014|203833,complete,playbyplay_inferred,1611661320,Los Angeles Sparks
Shot Chart Detail,1021800106,302,201496,Candace Parker,1611661324,Minnesota Lynx,3,4,37,Made Shot,Driving Layup Shot,2PT Field Goal,Restricted Area,Center(C),Less Than 8 ft.,0,-6,4,1,1,20180705,MIN,LAS,2018,1021800106302,15230,validated,,0,matched,playbyplayv2,1611661320,100944|201480|202632|202658|1628508,complete,playbyplay_inferred,100949|201496|203014|203824|203833,complete,playbyplay_inferred,1611661320,Los Angeles Sparks
Shot Chart Detail,1021800106,306,201496,Candace Parker,1611661324,Minnesota Lynx,3,3,37,Made Shot,Turnaround Fadeaway shot,2PT Field Goal,Mid-Range,Left Side(L),8-16 ft.,8,-86,-4,1,1,20180705,MIN,LAS,2018,1021800106306,15830,validated,,0,matched,playbyplayv2,1611661320,100944|201480|202632|202658|1628508,complete,playbyplay_inferred,100949|201496|203014|203824|203833,complete,playbyplay_inferred,1611661320,Los Angeles Sparks
Shot Chart Detail,1021800106,310,203833,Chelsea Gray,1611661324,Minnesota Lynx,3,3,17,Missed Shot,Jump Shot,3PT Field Goal,Above the Break 3,Left Side Center(LC),24+ ft.,23,-134,197,1,0,20180705,MIN,LAS,2018,1021800106310,16030,validated,,0,matched,playbyplayv2,1611661320,100944|201480|202632|202658|1628508,complete,playbyplay_inferred,100949|201496|203014|203824|203833,complete,playbyplay_inferred,1611661320,Los Angeles Sparks
Shot Chart Detail,1021800106,314,201496,Candace Parker,1611661324,Minnesota Lynx,3,2,45,Missed Shot,Jump Shot,3PT Field Goal,Above the Break 3,Center(C),24+ ft.,24,-71,234,1,0,20180705,MIN,LAS,2018,1021800106314,16350,validated,,0,matched,playbyplayv2,1611661320,100944|201480|202632|202658|1628508,complete,playbyplay_inferred,100949|201496|203014|203824|203833,complete,playbyplay_inferred,1611661320,Los Angeles Sparks
Shot Chart Detail,1021800106,325,203833,Chelsea Gray,1611661324,Minnesota Lynx,3,2,8,Missed Shot,Pullup Jump shot,3PT Field Goal,Above the Break 3,Right Side Center(RC),24+ ft.,24,93,227,1,0,20180705,MIN,LAS,2018,1021800106325,16720,validated,,0,matched,playbyplayv2,1611661320,100944|101030|201480|202658|1628508,complete,playbyplay_inferred,100949|202650|203824|203833|1628926,complete,playbyplay_inferred,1611661320,Los Angeles Sparks
Shot Chart Detail,1021800106,330,100949,Alana Beard,1611661324,Minnesota Lynx,3,1,33,Missed Shot,Driving Layup Shot,2PT Field Goal,Restricted Area,Center(C),Less Than 8 ft.,2,-11,17,1,0,20180705,MIN,LAS,2018,1021800106330,17070,validated,,0,matched,playbyplayv2,1611661320,100944|101030|201480|202658|1628508,complete,playbyplay_inferred,100949|202650|203824|203833|1628926,complete,playbyplay_inferred,1611661320,Los Angeles Sparks
Shot Chart Detail,1021800106,333,202650,Jantel Lavender,1611661324,Minnesota Lynx,3,1,30,Missed Shot,Putback Layup Shot,2PT Field Goal,In The Paint (Non-RA),Left Side(L),8-16 ft.,8,-80,28,1,0,20180705,MIN,LAS,2018,1021800106333,17100,validated,,0,matched,playbyplayv2,1611661320,100944|101030|201480|202658|1628508,complete,playbyplay_inferred,100949|202650|203824|203833|1628926,complete,playbyplay_inferred,1611661320,Los Angeles Sparks
Shot Chart Detail,1021800106,353,202650,Jantel Lavender,1611661324,Minnesota Lynx,3,0,23,Made Shot,Layup Shot,2PT Field Goal,Restricted Area,Center(C),Less Than 8 ft.,2,27,11,1,1,20180705,MIN,LAS,2018,1021800106353,17770,validated,1628926,1,matched,playbyplayv2,1611661320,100944|101030|202658|1627701|1628508,complete,playbyplay_inferred,201502|202650|203824|203833|1628926,complete,playbyplay_inferred,1611661320,Los Angeles Sparks
Shot Chart Detail,1021800106,369,202650,Jantel Lavender,1611661324,Minnesota Lynx,4,9,21,Missed Shot,Layup Shot,2PT Field Goal,Restricted Area,Center(C),Less Than 8 ft.,1,13,3,1,0,20180705,MIN,LAS,2018,1021800106369,18390,validated,,0,matched,playbyplayv2,1611661320,100944|101030|202658|1627701|1628508,complete,playbyplay_inferred,201502|202650|203824|1628317|1628926,complete,playbyplay_inferred,1611661320,Los Angeles Sparks
Shot Chart Detail,1021800106,371,1628926,Maria Kliundikova,1611661324,Minnesota Lynx,4,9,18,Made Shot,Putback Layup Shot,2PT Field Goal,Restricted Area,Center(C),Less Than 8 ft.,1,-9,14,1,1,20180705,MIN,LAS,2018,1021800106371,18420,validated,,0,matched,playbyplayv2,1611661320,100944|101030|202658|1627701|1628508,complete,playbyplay_inferred,201502|202650|203824|1628317|1628926,complete,playbyplay_inferred,1611661320,Los Angeles Sparks
Shot Chart Detail,1021800106,395,203833,Chelsea Gray,1611661324,Minnesota Lynx,4,8,2,Missed Shot,Jump Shot,3PT Field Goal,Above the Break 3,Left Side Center(LC),24+ ft.,23,-118,207,1,0,20180705,MIN,LAS,2018,1021800106395,19180,validated,,0,matched,playbyplayv2,1611661320,100944|200671|201480|202632|202658,complete,playbyplay_inferred,100949|201496|203014|203824|203833,complete,playbyplay_inferred,1611661320,Los Angeles Sparks
Shot Chart Detail,1021800106,401,201496,Candace Parker,1611661324,Minnesota Lynx,4,7,21,Missed Shot,Jump Shot,3PT Field Goal,Above the Break 3,Right Side Center(RC),24+ ft.,23,108,212,1,0,20180705,MIN,LAS,2018,1021800106401,19590,validated,,0,matched,playbyplayv2,1611661320,100944|200671|201480|202632|202658,complete,playbyplay_inferred,100949|201496|203014|203824|203833,complete,playbyplay_inferred,1611661320,Los Angeles Sparks
Shot Chart Detail,1021800106,405,203824,Odyssey Sims,1611661324,Minnesota Lynx,4,7,1,Made Shot,Layup Shot,2PT Field Goal,Restricted Area,Center(C),Less Than 8 ft.,1,15,11,1,1,20180705,MIN,LAS,2018,1021800106405,19790,validated,201496,1,matched,playbyplayv2,1611661320,100944|200671|201480|202632|202658,complete,playbyplay_inferred,100949|201496|203014|203824|203833,complete,playbyplay_inferred,1611661320,Los Angeles Sparks
Shot Chart Detail,1021800106,433,201496,Candace Parker,1611661324,Minnesota Lynx,4,5,29,Missed Shot,Jump Shot,3PT Field Goal,Above the Break 3,Right Side Center(RC),24+ ft.,23,86,223,1,0,20180705,MIN,LAS,2018,1021800106433,20710,validated,,0,matched,playbyplayv2,1611661320,100915|100944|200671|201480|202632,complete,playbyplay_inferred,100949|201496|203014|203824|203833,complete,playbyplay_inferred,1611661320,Los Angeles Sparks
Shot Chart Detail,1021800106,435,203833,Chelsea Gray,1611661324,Minnesota Lynx,4,5,18,Made Shot,Jump Shot,3PT Field Goal,Above the Break 3,Left Side(L),16-24 ft.,23,-215,88,1,1,20180705,MIN,LAS,2018,1021800106435,20820,validated,201496,1,matched,playbyplayv2,1611661320,100915|100944|200671|201480|202632,complete,playbyplay_inferred,100949|201496|203014|203824|203833,complete,playbyplay_inferred,1611661320,Los Angeles Sparks
Shot Chart Detail,1021800106,439,203824,Odyssey Sims,1611661324,Minnesota Lynx,4,4,36,Missed Shot,Jump Shot,3PT Field Goal,Above the Break 3,Left Side Center(LC),24+ ft.,26,-131,226,1,0,20180705,MIN,LAS,2018,1021800106439,21240,validated,,0,matched,playbyplayv2,1611661320,100915|100944|200671|201480|202632,complete,playbyplay_inferred,100949|201496|203014|203824|203833,complete,playbyplay_inferred,1611661320,Los Angeles Sparks
Shot Chart Detail,1021800106,461,202650,Jantel Lavender,1611661324,Minnesota Lynx,4,3,46,Made Shot,Jump Shot,2PT Field Goal,Mid-Range,Right Side Center(RC),16-24 ft.,21,113,178,1,1,20180705,MIN,LAS,2018,1021800106461,21740,validated,203833,1,matched,playbyplayv2,1611661320,100944|201480|202632|202658|1628508,complete,playbyplay_inferred,100949|201496|201502|202650|203833,complete,playbyplay_inferred,1611661320,Los Angeles Sparks
Shot Chart Detail,1021800106,467,201502,Essence Carson,1611661324,Minnesota Lynx,4,3,14,Missed Shot,Jump Shot,3PT Field Goal,Above the Break 3,Right Side Center(RC),24+ ft.,24,113,219,1,0,20180705,MIN,LAS,2018,1021800106467,22060,validated,,0,matched,playbyplayv2,1611661320,100944|201480|202632|202658|1628508,complete,playbyplay_inferred,100949|201496|201502|202650|203833,complete,playbyplay_inferred,1611661320,Los Angeles Sparks
Shot Chart Detail,1021800106,475,203833,Chelsea Gray,1611661324,Minnesota Lynx,4,2,41,Missed Shot,Jump Shot,3PT Field Goal,Above the Break 3,Left Side Center(LC),24+ ft.,25,-125,223,1,0,20180705,MIN,LAS,2018,1021800106475,22390,validated,,0,matched,playbyplayv2,1611661320,100944|200671|201480|202632|202658,complete,playbyplay_inferred,100949|201496|201502|202650|203833,complete,playbyplay_inferred,1611661320,Los Angeles Sparks
Shot Chart Detail,1021800106,481,201502,Essence Carson,1611661324,Minnesota Lynx,4,2,19,Made Shot,Fadeaway Jump Shot,2PT Field Goal,In The Paint (Non-RA),Center(C),8-16 ft.,9,-47,88,1,1,20180705,MIN,LAS,2018,1021800106481,22610,validated,,0,matched,playbyplayv2,1611661320,100915|100944|200671|201480|202632,complete,playbyplay_inferred,100949|201496|201502|202650|203833,complete,playbyplay_inferred,1611661320,Los Angeles Sparks
Shot Chart Detail,1021800106,488,201496,Candace Parker,1611661324,Minnesota Lynx,4,1,25,Made Shot,Jump Shot,3PT Field Goal,Above the Break 3,Right Side Center(RC),24+ ft.,24,103,217,1,1,20180705,MIN,LAS,2018,1021800106488,23150,validated,203833,1,matched,playbyplayv2,1611661320,100915|100944|200671|201480|202632,complete,playbyplay_inferred,100949|201496|201502|202650|203833,complete,playbyplay_inferred,1611661320,Los Angeles Sparks
Shot Chart Detail,1021800106,500,1628926,Maria Kliundikova,1611661324,Minnesota Lynx,4,1,4,Made Shot,Driving Layup Shot,2PT Field Goal,Restricted Area,Center(C),Less Than 8 ft.,2,3,29,1,1,20180705,MIN,LAS,2018,1021800106500,23360,validated,,0,matched,playbyplayv2,1611661320,100915|100944|200671|201480|202632,complete,playbyplay_inferred,201496|202650|203824|1628317|1628926,complete,playbyplay_inferred,1611661320,Los Angeles Sparks
Shot Chart Detail,1021800106,504,202650,Jantel Lavender,1611661324,Minnesota Lynx,4,0,31,Missed Shot,Jump Shot,2PT Field Goal,Mid-Range,Left Side Center(LC),16-24 ft.,19,-130,149,1,0,20180705,MIN,LAS,2018,1021800106504,23690,validated,,0,matched,playbyplayv2,1611661320,100915|100944|200671|201480|202632,complete,playbyplay_inferred,201496|202650|203824|1628317|1628926,complete,playbyplay_inferred,1611661320,Los Angeles Sparks
Shot Chart Detail,1021800111,7,201516,Allie Quigley,1611661324,Minnesota Lynx,1,9,42,Missed Shot,Driving Layup Shot,2PT Field Goal,Restricted Area,Center(C),Less Than 8 ft.,2,19,18,1,0,20180707,CHI,MIN,2018,10218001117,180,validated,,0,matched,playbyplayv2,1611661329,100915|100944|200671|201480|202632,complete,playbyplay_inferred,201516|202664|203828|204323|1628890,complete,playbyplay_inferred,1611661329,Chicago Sky
Shot Chart Detail,1021800111,23,202664,Courtney Vandersloot,1611661324,Minnesota Lynx,1,8,27,Missed Shot,Cutting Layup Shot,2PT Field Goal,Restricted Area,Center(C),Less Than 8 ft.,1,13,9,1,0,20180707,CHI,MIN,2018,102180011123,930,validated,,0,matched,playbyplayv2,1611661329,100915|100944|200671|201480|202632,complete,playbyplay_inferred,201516|202664|203828|204323|1628890,complete,playbyplay_inferred,1611661329,Chicago Sky
Shot Chart Detail,1021800111,35,204323,Cheyenne Parker-Tyus,1611661324,Minnesota Lynx,1,7,39,Made Shot,Cutting Layup Shot,2PT Field Goal,Restricted Area,Center(C),Less Than 8 ft.,1,-15,9,1,1,20180707,CHI,MIN,2018,102180011135,1410,validated,202664,1,matched,playbyplayv2,1611661329,100915|100944|200671|201480|202632,complete,playbyplay_inferred,201516|202664|203828|204323|1628890,complete,playbyplay_inferred,1611661329,Chicago Sky
Shot Chart Detail,1021800111,41,203828,Stefanie Dolson,1611661324,Minnesota Lynx,1,7,8,Missed Shot,Jump Shot,2PT Field Goal,Mid-Range,Left Side Center(LC),16-24 ft.,16,-132,107,1,0,20180707,CHI,MIN,2018,102180011141,1720,validated,,0,matched,playbyplayv2,1611661329,100915|100944|200671|201480|202632,complete,playbyplay_inferred,201516|202664|203828|204323|1628890,complete,playbyplay_inferred,1611661329,Chicago Sky
Shot Chart Detail,1021800111,48,1628890,Diamond DeShields,1611661324,Minnesota Lynx,1,6,31,Made Shot,Jump Shot,3PT Field Goal,Above the Break 3,Right Side(R),24+ ft.,23,234,31,1,1,20180707,CHI,MIN,2018,102180011148,2090,validated,202664,1,matched,playbyplayv2,1611661329,100915|100944|200671|201480|202632,complete,playbyplay_inferred,201516|202664|203828|204323|1628890,complete,playbyplay_inferred,1611661329,Chicago Sky
Shot Chart Detail,1021800111,52,201516,Allie Quigley,1611661324,Minnesota Lynx,1,6,10,Made Shot,Jump Shot,3PT Field Goal,Left Corner 3,Left Side(L),24+ ft.,22,-228,-17,1,1,20180707,CHI,MIN,2018,102180011152,2300,validated,202664,1,matched,playbyplayv2,1611661329,100915|100944|200671|201480|202632,complete,playbyplay_inferred,201516|202664|203828|204323|1628890,complete,playbyplay_inferred,1611661329,Chicago Sky
Shot Chart Detail,1021800111,56,204323,Cheyenne Parker-Tyus,1611661324,Minnesota Lynx,1,5,34,Missed Shot,Jump Shot,3PT Field Goal,Above the Break 3,Left Side Center(LC),24+ ft.,24,-182,157,1,0,20180707,CHI,MIN,2018,102180011156,2660,validated,,0,matched,playbyplayv2,1611661329,100915|100944|200671|201480|202632,complete,playbyplay_inferred,201516|202664|203828|204323|1628890,complete,playbyplay_inferred,1611661329,Chicago Sky
Shot Chart Detail,1021800111,60,201516,Allie Quigley,1611661324,Minnesota Lynx,1,5,8,Made Shot,Running Pull-Up Jump Shot,2PT Field Goal,In The Paint (Non-RA),Center(C),Less Than 8 ft.,7,4,79,1,1,20180707,CHI,MIN,2018,102180011160,2920,validated,,0,matched,playbyplayv2,1611661329,100915|100944|200671|201480|202632,complete,playbyplay_inferred,201516|202664|203828|204323|1628890,complete,playbyplay_inferred,1611661329,Chicago Sky
Shot Chart Detail,1021800111,63,202664,Courtney Vandersloot,1611661324,Minnesota Lynx,1,4,40,Made Shot,Pullup Jump shot,2PT Field Goal,Mid-Range,Left Side(L),8-16 ft.,14,-149,-7,1,1,20180707,CHI,MIN,2018,102180011163,3200,validated,,0,matched,playbyplayv2,1611661329,100915|100944|200671|201480|202632,complete,playbyplay_inferred,201516|202664|203828|204323|1628890,complete,playbyplay_inferred,1611661329,Chicago Sky
Shot Chart Detail,1021800111,79,1628268,Alaina Coates,1611661324,Minnesota Lynx,1,4,9,Made Shot,Cutting Layup Shot,2PT Field Goal,Restricted Area,Center(C),Less Than 8 ft.,0,-8,5,1,1,20180707,CHI,MIN,2018,102180011179,3510,validated,1628890,1,matched,playbyplayv2,1611661329,100944|101030|201480|202658|1628508,complete,playbyplay_inferred,201516|203828|1628268|1628890|1628897,complete,playbyplay_inferred,1611661329,Chicago Sky
Shot Chart Detail,1021800111,84,201516,Allie Quigley,1611661324,Minnesota Lynx,1,3,22,Missed Shot,Jump Shot,2PT Field Goal,Mid-Range,Right Side Center(RC),16-24 ft.,20,92,188,1,0,20180707,CHI,MIN,2018,102180011184,3980,validated,,0,matched,playbyplayv2,1611661329,100944|101030|201480|202658|1628508,complete,playbyplay_inferred,201516|203828|1628268|1628890|1628897,complete,playbyplay_inferred,1611661329,Chicago Sky
Shot Chart Detail,1021800111,90,1628897,Linnae Harper,1611661324,Minnesota Lynx,1,2,47,Missed Shot,Pullup Jump shot,2PT Field Goal,Mid-Range,Left Side Center(LC),16-24 ft.,20,-104,181,1,0,20180707,CHI,MIN,2018,102180011190,4330,validated,,0,matched,playbyplayv2,1611661329,100944|101030|201480|202658|1628508,complete,playbyplay_inferred,201516|203828|1628268|1628890|1628897,complete,playbyplay_inferred,1611661329,Chicago Sky
Shot Chart Detail,1021800111,94,1628268,Alaina Coates,1611661324,Minnesota Lynx,1,2,28,Made Shot,Layup Shot,2PT Field Goal,Restricted Area,Center(C),Less Than 8 ft.,2,-26,9,1,1,20180707,CHI,MIN,2018,102180011194,4520,validated,1628897,1,matched,playbyplayv2,1611661329,100944|101030|201480|202658|1628508,complete,playbyplay_inferred,201516|203828|1628268|1628890|1628897,complete,playbyplay_inferred,1611661329,Chicago Sky
Shot Chart Detail,1021800111,110,1628890,Diamond DeShields,1611661324,Minnesota Lynx,1,1,55,Made Shot,Jump Shot,2PT Field Goal,In The Paint (Non-RA),Center(C),8-16 ft.,9,22,90,1,1,20180707,CHI,MIN,2018,1021800111110,4850,validated,,0,matched,playbyplayv2,1611661329,101030|201480|202658|1627701|1628508,complete,playbyplay_inferred,202664|204323|1627674|1628268|1628890,complete,playbyplay_inferred,1611661329,Chicago Sky
Shot Chart Detail,1021800111,118,1627674,Kahleah Copper,1611661324,Minnesota Lynx,1,0,53,Made Shot,Pullup Jump shot,2PT Field Goal,Mid-Range,Right Side Center(RC),16-24 ft.,19,139,133,1,1,20180707,CHI,MIN,2018,1021800111118,5470,validated,,0,matched,playbyplayv2,1611661329,101030|201480|202658|1627701|1628508,complete,playbyplay_inferred,202664|204323|1627674|1628268|1628890,complete,playbyplay_inferred,1611661329,Chicago Sky
Shot Chart Detail,1021800111,121,1627674,Kahleah Copper,1611661324,Minnesota Lynx,1,0,15,Missed Shot,Pullup Jump shot,2PT Field Goal,Mid-Range,Center(C),8-16 ft.,15,34,156,1,0,20180707,CHI,MIN,2018,1021800111121,5850,validated,,0,matched,playbyplayv2,1611661329,101030|201480|202658|1627701|1628508,complete,playbyplay_inferred,202664|204323|1627674|1628268|1628890,complete,playbyplay_inferred,1611661329,Chicago Sky
Shot Chart Detail,1021800111,123,1628268,Alaina Coates,1611661324,Minnesota Lynx,1,0,8,Missed Shot,Putback Layup Shot,2PT Field Goal,Restricted Area,Center(C),Less Than 8 ft.,0,0,-6,1,0,20180707,CHI,MIN,2018,1021800111123,5920,validated,,0,matched,playbyplayv2,1611661329,101030|201480|202658|1627701|1628508,complete,playbyplay_inferred,202664|204323|1627674|1628268|1628890,complete,playbyplay_inferred,1611661329,Chicago Sky
Shot Chart Detail,1021800111,127,202664,Courtney Vandersloot,1611661324,Minnesota Lynx,1,0,0,Missed Shot,Jump Shot,3PT Field Goal,Backcourt,Back Court(BC),Back Court Shot,52,182,488,1,0,20180707,CHI,MIN,2018,1021800111127,6000,validated,,0,matched,playbyplayv2,1611661329,101030|201480|202658|1627701|1628508,complete,playbyplay_inferred,202664|204323|1627674|1628268|1628890,complete,playbyplay_inferred,1611661329,Chicago Sky
Shot Chart Detail,1021800111,138,1627674,Kahleah Copper,1611661324,Minnesota Lynx,2,9,24,Missed Shot,Pullup Jump shot,2PT Field Goal,Mid-Range,Right Side Center(RC),16-24 ft.,19,123,145,1,0,20180707,CHI,MIN,2018,1021800111138,6360,validated,,0,matched,playbyplayv2,1611661329,101030|201480|202658|1627701|1628508,complete,playbyplay_inferred,202652|202664|204323|1627674|1628931,complete,playbyplay_inferred,1611661329,Chicago Sky
Shot Chart Detail,1021800111,144,202664,Courtney Vandersloot,1611661324,Minnesota Lynx,2,9,8,Missed Shot,Driving Layup Shot,2PT Field Goal,Restricted Area,Center(C),Less Than 8 ft.,2,-25,-3,1,0,20180707,CHI,MIN,2018,1021800111144,6520,validated,,0,matched,playbyplayv2,1611661329,101030|201480|202658|1627701|1628508,complete,playbyplay_inferred,202652|202664|204323|1627674|1628931,complete,playbyplay_inferred,1611661329,Chicago Sky
Shot Chart Detail,1021800111,154,204323,Cheyenne Parker-Tyus,1611661324,Minnesota Lynx,2,8,34,Missed Shot,Jump Shot,2PT Field Goal,Mid-Range,Left Side(L),8-16 ft.,15,-156,-20,1,0,20180707,CHI,MIN,2018,1021800111154,6860,validated,,0,matched,playbyplayv2,1611661329,101030|201480|202658|1627701|1628508,complete,playbyplay_inferred,202652|202664|204323|1627674|1628931,complete,playbyplay_inferred,1611661329,Chicago Sky
Shot Chart Detail,1021800111,166,202664,Courtney Vandersloot,1611661324,Minnesota Lynx,2,7,34,Made Shot,Jump Shot,2PT Field Goal,Mid-Range,Right Side Center(RC),16-24 ft.,18,107,156,1,1,20180707,CHI,MIN,2018,1021800111166,7460,validated,,0,matched,playbyplayv2,1611661329,101030|201480|202658|1627701|1628508,complete,playbyplay_inferred,202652|202664|204323|1627674|1628931,complete,playbyplay_inferred,1611661329,Chicago Sky
Shot Chart Detail,1021800111,169,1627674,Kahleah Copper,1611661324,Minnesota Lynx,2,6,50,Made Shot,Jump Shot,3PT Field Goal,Above the Break 3,Right Side Center(RC),24+ ft.,24,154,194,1,1,20180707,CHI,MIN,2018,1021800111169,7900,validated,1628931,1,matched,playbyplayv2,1611661329,101030|201480|202658|1627701|1628508,complete,playbyplay_inferred,202652|202664|204323|1627674|1628931,complete,playbyplay_inferred,1611661329,Chicago Sky
Shot Chart Detail,1021800111,188,1628931,Gabby Williams,1611661324,Minnesota Lynx,2,6,2,Made Shot,Alley Oop Layup shot,2PT Field Goal,Restricted Area,Center(C),Less Than 8 ft.,2,23,9,1,1,20180707,CHI,MIN,2018,1021800111188,8380,validated,202664,1,matched,playbyplayv2,1611661329,100915|100944|200671|202632|1627701,complete,playbyplay_inferred,201516|202664|203828|1628890|1628931,complete,playbyplay_inferred,1611661329,Chicago Sky
Shot Chart Detail,1021800111,192,1628931,Gabby Williams,1611661324,Minnesota Lynx,2,5,34,Made Shot,Cutting Layup Shot,2PT Field Goal,Restricted Area,Center(C),Less Than 8 ft.,1,4,15,1,1,20180707,CHI,MIN,2018,1021800111192,8660,validated,201516,1,matched,playbyplayv2,1611661329,100915|100944|200671|202632|1627701,complete,playbyplay_inferred,201516|202664|203828|1628890|1628931,complete,playbyplay_inferred,1611661329,Chicago Sky
Shot Chart Detail,1021800111,205,203828,Stefanie Dolson,1611661324,Minnesota Lynx,2,4,56,Missed Shot,Jump Shot,2PT Field Goal,Mid-Range,Center(C),16-24 ft.,20,-4,205,1,0,20180707,CHI,MIN,2018,1021800111205,9040,validated,,0,matched,playbyplayv2,1611661329,100915|100944|200671|202632|1627701,complete,playbyplay_inferred,201516|202664|203828|1628268|1628890,complete,playbyplay_inferred,1611661329,Chicago Sky
Shot Chart Detail,1021800111,212,201516,Allie Quigley,1611661324,Minnesota Lynx,2,4,26,Made Shot,Jump Shot,3PT Field Goal,Above the Break 3,Right Side Center(RC),16-24 ft.,22,98,205,1,1,20180707,CHI,MIN,2018,1021800111212,9340,validated,1628890,1,matched,playbyplayv2,1611661329,100915|100944|200671|201480|202632,complete,playbyplay_inferred,201516|202664|203828|1628268|1628890,complete,playbyplay_inferred,1611661329,Chicago Sky
Shot Chart Detail,1021800111,219,202664,Courtney Vandersloot,1611661324,Minnesota Lynx,2,3,44,Missed Shot,Pullup Jump shot,2PT Field Goal,Mid-Range,Left Side(L),8-16 ft.,14,-136,34,1,0,20180707,CHI,MIN,2018,1021800111219,9760,validated,,0,matched,playbyplayv2,1611661329,100915|100944|200671|201480|202632,complete,playbyplay_inferred,201516|202664|203828|1628268|1628890,complete,playbyplay_inferred,1611661329,Chicago Sky
Shot Chart Detail,1021800111,223,202664,Courtney Vandersloot,1611661324,Minnesota Lynx,2,3,9,Made Shot,Jump Shot,3PT Field Goal,Above the Break 3,Center(C),16-24 ft.,23,-32,233,1,1,20180707,CHI,MIN,2018,1021800111223,10110,validated,1628268,1,matched,playbyplayv2,1611661329,100915|100944|200671|201480|202632,complete,playbyplay_inferred,201516|202664|203828|1628268|1628890,complete,playbyplay_inferred,1611661329,Chicago Sky
Shot Chart Detail,1021800111,227,1628268,Alaina Coates,1611661324,Minnesota Lynx,2,2,40,Made Shot,Jump Shot,2PT Field Goal,Mid-Range,Center(C),8-16 ft.,15,-20,156,1,1,20180707,CHI,MIN,2018,1021800111227,10400,validated,202664,1,matched,playbyplayv2,1611661329,100915|100944|200671|201480|202632,complete,playbyplay_inferred,201516|202664|203828|1628268|1628890,complete,playbyplay_inferred,1611661329,Chicago Sky
Shot Chart Detail,1021800111,249,201516,Allie Quigley,1611661324,Minnesota Lynx,2,0,55,Made Shot,Jump Shot,3PT Field Goal,Above the Break 3,Left Side Center(LC),24+ ft.,25,-124,226,1,1,20180707,CHI,MIN,2018,1021800111249,11450,validated,202664,1,matched,playbyplayv2,1611661329,100915|100944|200671|201480|202632,complete,playbyplay_inferred,201516|202664|203828|204323|1628890,complete,playbyplay_inferred,1611661329,Chicago Sky
Shot Chart Detail,1021800111,253,202664,Courtney Vandersloot,1611661324,Minnesota Lynx,2,0,31,Made Shot,Running Layup Shot,2PT Field Goal,Restricted Area,Center(C),Less Than 8 ft.,2,20,13,1,1,20180707,CHI,MIN,2018,1021800111253,11690,validated,201516,1,matched,playbyplayv2,1611661329,100915|100944|200671|201480|202632,complete,playbyplay_inferred,201516|202664|203828|204323|1628890,complete,playbyplay_inferred,1611661329,Chicago Sky
Shot Chart Detail,1021800111,257,1628890,Diamond DeShields,1611661324,Minnesota Lynx,2,0,0,Missed Shot,Jump Shot,3PT Field Goal,Left Corner 3,Left Side(L),24+ ft.,22,-228,-4,1,0,20180707,CHI,MIN,2018,1021800111257,12000,validated,,0,matched,playbyplayv2,1611661329,100915|100944|200671|201480|202632,complete,playbyplay_inferred,201516|202664|203828|204323|1628890,complete,playbyplay_inferred,1611661329,Chicago Sky
Shot Chart Detail,1021800111,267,201516,Allie Quigley,1611661324,Minnesota Lynx,3,9,30,Missed Shot,Pullup Jump shot,2PT Field Goal,Mid-Range,Center(C),16-24 ft.,19,52,184,1,0,20180707,CHI,MIN,2018,1021800111267,12300,validated,,0,matched,playbyplayv2,1611661329,100915|100944|200671|201480|202632,complete,playbyplay_inferred,201516|202664|203828|204323|1628890,complete,playbyplay_inferred,1611661329,Chicago Sky
Shot Chart Detail,1021800111,271,204323,Cheyenne Parker-Tyus,1611661324,Minnesota Lynx,3,9,4,Missed Shot,Layup Shot,2PT Field Goal,Restricted Area,Center(C),Less Than 8 ft.,2,24,9,1,0,20180707,CHI,MIN,2018,1021800111271,12560,validated,,0,matched,playbyplayv2,1611661329,100915|100944|200671|201480|202632,complete,playbyplay_inferred,201516|202664|203828|204323|1628890,complete,playbyplay_inferred,1611661329,Chicago Sky
Shot Chart Detail,1021800111,277,202664,Courtney Vandersloot,1611661324,Minnesota Lynx,3,8,27,Missed Shot,Driving Layup Shot,2PT Field Goal,Restricted Area,Center(C),Less Than 8 ft.,2,-22,7,1,0,20180707,CHI,MIN,2018,1021800111277,12930,validated,,0,matched,playbyplayv2,1611661329,100915|100944|200671|201480|202632,complete,playbyplay_inferred,201516|202664|203828|204323|1628890,complete,playbyplay_inferred,1611661329,Chicago Sky
Shot Chart Detail,1021800111,280,201516,Allie Quigley,1611661324,Minnesota Lynx,3,8,0,Made Shot,Driving Layup Shot,2PT Field Goal,Restricted Area,Center(C),Less Than 8 ft.,0,0,6,1,1,20180707,CHI,MIN,2018,1021800111280,13200,validated,202664,1,matched,playbyplayv2,1611661329,100915|100944|200671|201480|202632,complete,playbyplay_inferred,201516|202664|203828|204323|1628890,complete,playbyplay_inferred,1611661329,Chicago Sky
Shot Chart Detail,1021800111,284,204323,Cheyenne Parker-Tyus,1611661324,Minnesota Lynx,3,7,22,Made Shot,Cutting Layup Shot,2PT Field Goal,Restricted Area,Center(C),Less Than 8 ft.,2,17,13,1,1,20180707,CHI,MIN,2018,1021800111284,13580,validated,1628890,1,matched,playbyplayv2,1611661329,100915|100944|200671|201480|202632,complete,playbyplay_inferred,201516|202664|203828|204323|1628890,complete,playbyplay_inferred,1611661329,Chicago Sky
Shot Chart Detail,1021800111,309,202664,Courtney Vandersloot,1611661324,Minnesota Lynx,3,6,1,Made Shot,Pullup Jump shot,3PT Field Goal,Above the Break 3,Left Side Center(LC),24+ ft.,25,-168,190,1,1,20180707,CHI,MIN,2018,1021800111309,14390,validated,1627674,1,matched,playbyplayv2,1611661329,100944|101030|201480|202632|202658,complete,playbyplay_inferred,202664|203828|1627674|1628268|1628890,complete,playbyplay_inferred,1611661329,Chicago Sky
Shot Chart Detail,1021800111,317,204323,Cheyenne Parker-Tyus,1611661324,Minnesota Lynx,3,5,17,Missed Shot,Layup Shot,2PT Field Goal,Restricted Area,Center(C),Less Than 8 ft.,3,-7,33,1,0,20180707,CHI,MIN,2018,1021800111317,14830,validated,,0,matched,playbyplayv2,1611661329,100944|101030|201480|202632|202658,complete,playbyplay_inferred,202664|204323|1627674|1628268|1628890,complete,playbyplay_inferred,1611661329,Chicago Sky
Shot Chart Detail,1021800111,470,204323,Cheyenne Parker-Tyus,1611661324,Minnesota Lynx,3,5,14,Missed Shot,Putback Layup Shot,2PT Field Goal,Restricted Area,Center(C),Less Than 8 ft.,3,32,14,1,0,20180707,CHI,MIN,2018,1021800111470,14860,validated,,0,matched,playbyplayv2,1611661329,100944|101030|201480|202632|202658,complete,playbyplay_inferred,202664|204323|1627674|1628268|1628890,complete,playbyplay_inferred,1611661329,Chicago Sky
Shot Chart Detail,1021800111,329,202664,Courtney Vandersloot,1611661324,Minnesota Lynx,3,4,47,Missed Shot,Jump Shot,3PT Field Goal,Above the Break 3,Left Side Center(LC),24+ ft.,26,-109,238,1,0,20180707,CHI,MIN,2018,1021800111329,15130,validated,,0,matched,playbyplayv2,1611661329,101030|201480|202632|202658|1628508,complete,playbyplay_inferred,202664|204323|1627674|1628890|1628931,complete,playbyplay_inferred,1611661329,Chicago Sky
Shot Chart Detail,1021800111,333,1628931,Gabby Williams,1611661324,Minnesota Lynx,3,4,42,Missed Shot,Cutting Layup Shot,2PT Field Goal,Restricted Area,Center(C),Less Than 8 ft.,3,35,6,1,0,20180707,CHI,MIN,2018,1021800111333,15180,validated,,0,matched,playbyplayv2,1611661329,101030|201480|202632|202658|1628508,complete,playbyplay_inferred,202664|204323|1627674|1628890|1628931,complete,playbyplay_inferred,1611661329,Chicago Sky
Shot Chart Detail,1021800111,337,204323,Cheyenne Parker-Tyus,1611661324,Minnesota Lynx,3,4,17,Missed Shot,Driving Layup Shot,2PT Field Goal,Restricted Area,Center(C),Less Than 8 ft.,1,16,0,1,0,20180707,CHI,MIN,2018,1021800111337,15430,validated,,0,matched,playbyplayv2,1611661329,101030|201480|202632|202658|1628508,complete,playbyplay_inferred,202664|204323|1627674|1628890|1628931,complete,playbyplay_inferred,1611661329,Chicago Sky
Shot Chart Detail,1021800111,340,1627674,Kahleah Copper,1611661324,Minnesota Lynx,3,3,51,Made Shot,Jump Shot,2PT Field Goal,Mid-Range,Right Side Center(RC),16-24 ft.,19,98,172,1,1,20180707,CHI,MIN,2018,1021800111340,15690,validated,202664,1,matched,playbyplayv2,1611661329,101030|201480|202632|202658|1628508,complete,playbyplay_inferred,202664|204323|1627674|1628890|1628931,complete,playbyplay_inferred,1611661329,Chicago Sky
Shot Chart Detail,1021800111,350,1628931,Gabby Williams,1611661324,Minnesota Lynx,3,3,0,Missed Shot,Pullup Jump shot,3PT Field Goal,Above the Break 3,Left Side Center(LC),24+ ft.,25,-151,202,1,0,20180707,CHI,MIN,2018,1021800111350,16200,validated,,0,matched,playbyplayv2,1611661329,101030|201480|202632|202658|1628508,complete,playbyplay_inferred,202664|204323|1627674|1628890|1628931,complete,playbyplay_inferred,1611661329,Chicago Sky
Shot Chart Detail,1021800111,376,1628931,Gabby Williams,1611661324,Minnesota Lynx,3,1,46,Made Shot,Driving Layup Shot,2PT Field Goal,Restricted Area,Center(C),Less Than 8 ft.,1,-14,6,1,1,20180707,CHI,MIN,2018,1021800111376,16940,validated,,0,matched,playbyplayv2,1611661329,200671|201480|202632|202658|1628508,complete,playbyplay_inferred,203828|1627674|1628890|1628897|1628931,complete,playbyplay_inferred,1611661329,Chicago Sky
Shot Chart Detail,1021800111,390,1628897,Linnae Harper,1611661324,Minnesota Lynx,3,0,45,Made Shot,Jump Shot,3PT Field Goal,Above the Break 3,Left Side Center(LC),24+ ft.,24,-143,205,1,1,20180707,CHI,MIN,2018,1021800111390,17550,validated,201516,1,matched,playbyplayv2,1611661329,200671|201480|202658|1628508|1628866,complete,playbyplay_inferred,201516|203828|1628890|1628897|1628931,complete,playbyplay_inferred,1611661329,Chicago Sky
Shot Chart Detail,1021800111,428,202652,Alex Montgomery,1611661324,Minnesota Lynx,4,9,33,Made Shot,Driving Layup Shot,2PT Field Goal,Restricted Area,Center(C),Less Than 8 ft.,1,-1,12,1,1,20180707,CHI,MIN,2018,1021800111428,18270,validated,201516,1,matched,playbyplayv2,1611661329,100915|100944|200671|201480|202632,complete,playbyplay_inferred,201516|202652|203828|204323|1628897,complete,playbyplay_inferred,1611661329,Chicago Sky
Shot Chart Detail,1021800111,432,1628897,Linnae Harper,1611661324,Minnesota Lynx,4,9,3,Made Shot,Jump Shot,2PT Field Goal,Mid-Range,Left Side Center(LC),16-24 ft.,17,-63,164,1,1,20180707,CHI,MIN,2018,1021800111432,18570,validated,,0,matched,playbyplayv2,1611661329,100915|100944|200671|201480|202632,complete,playbyplay_inferred,201516|202652|203828|204323|1628897,complete,playbyplay_inferred,1611661329,Chicago Sky
Shot Chart Detail,1021800111,435,201516,Allie Quigley,1611661324,Minnesota Lynx,4,8,34,Missed Shot,Pullup Jump shot,3PT Field Goal,Above the Break 3,Right Side Center(RC),24+ ft.,24,120,213,1,0,20180707,CHI,MIN,2018,1021800111435,18860,validated,,0,matched,playbyplayv2,1611661329,100915|100944|200671|201480|202632,complete,playbyplay_inferred,201516|202652|203828|204323|1628897,complete,playbyplay_inferred,1611661329,Chicago Sky
Shot Chart Detail,1021800111,438,204323,Cheyenne Parker-Tyus,1611661324,Minnesota Lynx,4,7,56,Made Shot,Jump Shot,2PT Field Goal,Mid-Range,Center(C),16-24 ft.,19,-7,190,1,1,20180707,CHI,MIN,2018,1021800111438,19240,validated,201516,1,matched,playbyplayv2,1611661329,100915|100944|200671|201480|202632,complete,playbyplay_inferred,201516|202652|203828|204323|1628897,complete,playbyplay_inferred,1611661329,Chicago Sky
Shot Chart Detail,1021800111,442,1628897,Linnae Harper,1611661324,Minnesota Lynx,4,7,41,Made Shot,Running Layup Shot,2PT Field Goal,Restricted Area,Center(C),Less Than 8 ft.,2,-12,19,1,1,20180707,CHI,MIN,2018,1021800111442,19390,validated,,0,matched,playbyplayv2,1611661329,100915|100944|200671|201480|202632,complete,playbyplay_inferred,201516|202652|203828|204323|1628897,complete,playbyplay_inferred,1611661329,Chicago Sky
Shot Chart Detail,1021800111,445,204323,Cheyenne Parker-Tyus,1611661324,Minnesota Lynx,4,6,49,Missed Shot,Jump Bank Shot,2PT Field Goal,Restricted Area,Center(C),Less Than 8 ft.,3,-20,31,1,0,20180707,CHI,MIN,2018,1021800111445,19910,validated,,0,matched,playbyplayv2,1611661329,100915|100944|200671|201480|202632,complete,playbyplay_inferred,201516|202652|203828|204323|1628897,complete,playbyplay_inferred,1611661329,Chicago Sky
Shot Chart Detail,1021800111,479,201516,Allie Quigley,1611661324,Minnesota Lynx,4,5,16,Missed Shot,Jump Shot,2PT Field Goal,Mid-Range,Center(C),16-24 ft.,16,-12,162,1,0,20180707,CHI,MIN,2018,1021800111479,20840,validated,,0,matched,playbyplayv2,1611661329,200671|202632|1627701|1628283|1628508,complete,playbyplay_inferred,201516|202664|1628268|1628890|1628931,complete,playbyplay_inferred,1611661329,Chicago Sky
Shot Chart Detail,1021800111,487,1628931,Gabby Williams,1611661324,Minnesota Lynx,4,4,49,Made Shot,Driving Layup Shot,2PT Field Goal,Restricted Area,Center(C),Less Than 8 ft.,2,14,15,1,1,20180707,CHI,MIN,2018,1021800111487,21110,validated,1628890,1,matched,playbyplayv2,1611661329,200671|202632|1627701|1628283|1628508,complete,playbyplay_inferred,201516|202664|203828|1628890|1628931,complete,playbyplay_inferred,1611661329,Chicago Sky
Shot Chart Detail,1021800111,493,1628890,Diamond DeShields,1611661324,Minnesota Lynx,4,4,21,Missed Shot,Layup Shot,2PT Field Goal,Restricted Area,Center(C),Less Than 8 ft.,1,-12,6,1,0,20180707,CHI,MIN,2018,1021800111493,21390,validated,,0,matched,playbyplayv2,1611661329,200671|202632|1627701|1628283|1628508,complete,playbyplay_inferred,201516|202664|203828|1628890|1628931,complete,playbyplay_inferred,1611661329,Chicago Sky
Shot Chart Detail,1021800111,499,1628890,Diamond DeShields,1611661324,Minnesota Lynx,4,3,39,Made Shot,Jump Shot,3PT Field Goal,Above the Break 3,Right Side Center(RC),24+ ft.,24,154,186,1,1,20180707,CHI,MIN,2018,1021800111499,21810,validated,202664,1,matched,playbyplayv2,1611661329,200671|202632|1627701|1628283|1628508,complete,playbyplay_inferred,201516|202664|203828|1628890|1628931,complete,playbyplay_inferred,1611661329,Chicago Sky
Shot Chart Detail,1021800111,512,1628890,Diamond DeShields,1611661324,Minnesota Lynx,4,2,54,Missed Shot,Pullup Jump shot,2PT Field Goal,Mid-Range,Left Side Center(LC),16-24 ft.,20,-163,119,1,0,20180707,CHI,MIN,2018,1021800111512,22260,validated,,0,matched,playbyplayv2,1611661329,101030|201480|202658|1628508|1628866,complete,playbyplay_inferred,201516|202664|203828|1628890|1628931,complete,playbyplay_inferred,1611661329,Chicago Sky
Shot Chart Detail,1021800111,517,202664,Courtney Vandersloot,1611661324,Minnesota Lynx,4,2,21,Missed Shot,Jump Shot,3PT Field Goal,Left Corner 3,Left Side(L),24+ ft.,23,-230,-25,1,0,20180707,CHI,MIN,2018,1021800111517,22590,validated,,0,matched,playbyplayv2,1611661329,101030|201480|202658|1628508|1628866,complete,playbyplay_inferred,201516|202664|203828|1628890|1628931,complete,playbyplay_inferred,1611661329,Chicago Sky
Shot Chart Detail,1021800111,531,201516,Allie Quigley,1611661324,Minnesota Lynx,4,1,10,Missed Shot,Pullup Jump shot,3PT Field Goal,Above the Break 3,Left Side Center(LC),24+ ft.,24,-204,129,1,0,20180707,CHI,MIN,2018,1021800111531,23300,validated,,0,matched,playbyplayv2,1611661329,101030|202658|1627701|1628508|1628866,complete,playbyplay_inferred,201516|202664|203828|1628890|1628931,complete,playbyplay_inferred,1611661329,Chicago Sky
Shot Chart Detail,1021800111,548,1628897,Linnae Harper,1611661324,Minnesota Lynx,4,0,59,Missed Shot,Jump Shot,2PT Field Goal,Mid-Range,Left Side Center(LC),16-24 ft.,17,-108,135,1,0,20180707,CHI,MIN,2018,1021800111548,23410,validated,,0,matched,playbyplayv2,1611661329,101030|202658|203041|1627701|1628283,complete,playbyplay_inferred,202652|1627674|1628268|1628897|1628931,complete,playbyplay_inferred,1611661329,Chicago Sky
Shot Chart Detail,1021800111,556,1628931,Gabby Williams,1611661324,Minnesota Lynx,4,0,0,Missed Shot,Pullup Jump shot,2PT Field Goal,Mid-Range,Center(C),16-24 ft.,20,-25,200,1,0,20180707,CHI,MIN,2018,1021800111556,24000,validated,,0,matched,playbyplayv2,1611661329,101030|202658|203041|1627701|1628283,complete,playbyplay_inferred,202652|1627674|1628268|1628897|1628931,complete,playbyplay_inferred,1611661329,Chicago Sky
Shot Chart Detail,1021800121,16,200676,Candice Dupree,1611661324,Minnesota Lynx,1,8,43,Missed Shot,Jump Shot,2PT Field Goal,Mid-Range,Left Side Center(LC),16-24 ft.,18,-136,129,1,0,20180711,IND,MIN,2018,102180012116,770,validated,,0,matched,playbyplayv2,1611661325,100915|200671|201480|202632|1628866,complete,playbyplay_inferred,200676|203831|1627676|1628909|1628927,complete,playbyplay_inferred,1611661325,Indiana Fever
Shot Chart Detail,1021800121,24,1628909,Kelsey Mitchell,1611661324,Minnesota Lynx,1,7,59,Missed Shot,Jump Shot,3PT Field Goal,Above the Break 3,Right Side Center(RC),24+ ft.,25,189,167,1,0,20180711,IND,MIN,2018,102180012124,1210,validated,,0,matched,playbyplayv2,1611661325,100915|200671|201480|202632|1628866,complete,playbyplay_inferred,200676|203831|1627676|1628909|1628927,complete,playbyplay_inferred,1611661325,Indiana Fever
Shot Chart Detail,1021800121,29,1627676,Tiffany Mitchell,1611661324,Minnesota Lynx,1,7,20,Missed Shot,Jump Shot,3PT Field Goal,Above the Break 3,Right Side Center(RC),24+ ft.,26,209,160,1,0,20180711,IND,MIN,2018,102180012129,1600,validated,,0,matched,playbyplayv2,1611661325,100915|200671|201480|202632|1628866,complete,playbyplay_inferred,200676|203831|1627676|1628909|1628927,complete,playbyplay_inferred,1611661325,Indiana Fever
Shot Chart Detail,1021800121,37,200676,Candice Dupree,1611661324,Minnesota Lynx,1,6,31,Missed Shot,Turnaround Jump Shot,2PT Field Goal,In The Paint (Non-RA),Center(C),Less Than 8 ft.,7,-23,73,1,0,20180711,IND,MIN,2018,102180012137,2090,validated,,0,matched,playbyplayv2,1611661325,100915|200671|201480|202632|1628866,complete,playbyplay_inferred,200676|203831|1627676|1628909|1628927,complete,playbyplay_inferred,1611661325,Indiana Fever
Shot Chart Detail,1021800121,46,204365,Erica Wheeler,1611661324,Minnesota Lynx,1,6,9,Made Shot,Jump Shot,2PT Field Goal,Mid-Range,Center(C),16-24 ft.,22,16,224,1,1,20180711,IND,MIN,2018,102180012146,2310,validated,203831,1,matched,playbyplayv2,1611661325,200671|201480|202632|202658|1628866,complete,playbyplay_inferred,200676|203831|204365|1627676|1628927,complete,playbyplay_inferred,1611661325,Indiana Fever
Shot Chart Detail,1021800121,50,200676,Candice Dupree,1611661324,Minnesota Lynx,1,5,36,Made Shot,Layup Shot,2PT Field Goal,Restricted Area,Center(C),Less Than 8 ft.,1,0,17,1,1,20180711,IND,MIN,2018,102180012150,2640,validated,1628927,1,matched,playbyplayv2,1611661325,200671|201480|202632|202658|1628866,complete,playbyplay_inferred,200676|203831|204365|1627676|1628927,complete,playbyplay_inferred,1611661325,Indiana Fever
Shot Chart Detail,1021800121,58,200676,Candice Dupree,1611661324,Minnesota Lynx,1,5,4,Made Shot,Jump Shot,2PT Field Goal,Mid-Range,Right Side(R),16-24 ft.,17,170,18,1,1,20180711,IND,MIN,2018,102180012158,2960,validated,204365,1,matched,playbyplayv2,1611661325,200671|201480|202632|202658|1628866,complete,playbyplay_inferred,200665|200676|203831|204365|1628927,complete,playbyplay_inferred,1611661325,Indiana Fever
Shot Chart Detail,1021800121,62,200665,Cappie Pondexter,1611661324,Minnesota Lynx,1,4,30,Missed Shot,Driving Layup Shot,2PT Field Goal,Restricted Area,Center(C),Less Than 8 ft.,2,-12,24,1,0,20180711,IND,MIN,2018,102180012162,3300,validated,,0,matched,playbyplayv2,1611661325,200671|201480|202632|202658|1628866,complete,playbyplay_inferred,200665|200676|203831|204365|1628927,complete,playbyplay_inferred,1611661325,Indiana Fever
Shot Chart Detail,1021800121,66,1628927,Victoria Vivians,1611661324,Minnesota Lynx,1,4,12,Missed Shot,Jump Shot,2PT Field Goal,In The Paint (Non-RA),Center(C),Less Than 8 ft.,7,77,6,1,0,20180711,IND,MIN,2018,102180012166,3480,validated,,0,matched,playbyplayv2,1611661325,200671|201480|202632|202658|1628866,complete,playbyplay_inferred,200665|200676|203831|204365|1628927,complete,playbyplay_inferred,1611661325,Indiana Fever
Shot Chart Detail,1021800121,78,204365,Erica Wheeler,1611661324,Minnesota Lynx,1,3,32,Made Shot,Layup Shot,2PT Field Goal,Restricted Area,Center(C),Less Than 8 ft.,1,0,18,1,1,20180711,IND,MIN,2018,102180012178,3880,validated,,0,matched,playbyplayv2,1611661325,101030|201480|202632|202658|1628866,complete,playbyplay_inferred,200665|200676|203405|204365|1628927,complete,playbyplay_inferred,1611661325,Indiana Fever
Shot Chart Detail,1021800121,81,200665,Cappie Pondexter,1611661324,Minnesota Lynx,1,3,3,Missed Shot,Jump Shot,2PT Field Goal,Restricted Area,Center(C),Less Than 8 ft.,1,3,15,1,0,20180711,IND,MIN,2018,102180012181,4170,validated,,0,matched,playbyplayv2,1611661325,101030|201480|202632|202658|1628866,complete,playbyplay_inferred,200665|200676|203405|204365|1628927,complete,playbyplay_inferred,1611661325,Indiana Fever
Shot Chart Detail,1021800121,86,200676,Candice Dupree,1611661324,Minnesota Lynx,1,2,32,Missed Shot,Pullup Jump shot,2PT Field Goal,Mid-Range,Center(C),16-24 ft.,21,-3,212,1,0,20180711,IND,MIN,2018,102180012186,4480,validated,,0,matched,playbyplayv2,1611661325,101030|201480|202632|202658|1628866,complete,playbyplay_inferred,200665|200676|203405|204365|1628927,complete,playbyplay_inferred,1611661325,Indiana Fever
Shot Chart Detail,1021800121,90,200665,Cappie Pondexter,1611661324,Minnesota Lynx,1,2,5,Missed Shot,Pullup Jump shot,2PT Field Goal,Mid-Range,Center(C),16-24 ft.,18,-3,180,1,0,20180711,IND,MIN,2018,102180012190,4750,validated,,0,matched,playbyplayv2,1611661325,101030|201480|202632|202658|1628866,complete,playbyplay_inferred,200665|200676|203405|204365|1628927,complete,playbyplay_inferred,1611661325,Indiana Fever
Shot Chart Detail,1021800121,94,200676,Candice Dupree,1611661324,Minnesota Lynx,1,1,31,Missed Shot,Pullup Jump shot,2PT Field Goal,Mid-Range,Left Side(L),8-16 ft.,13,-132,9,1,0,20180711,IND,MIN,2018,102180012194,5090,validated,,0,matched,playbyplayv2,1611661325,101030|201480|202632|202658|1628866,complete,playbyplay_inferred,200665|200676|203405|204365|1628927,complete,playbyplay_inferred,1611661325,Indiana Fever
Shot Chart Detail,1021800121,108,204365,Erica Wheeler,1611661324,Minnesota Lynx,1,0,58,Missed Shot,Pullup Jump shot,2PT Field Goal,Mid-Range,Left Side Center(LC),16-24 ft.,19,-74,175,1,0,20180711,IND,MIN,2018,1021800121108,5420,validated,,0,matched,playbyplayv2,1611661325,101030|200671|201480|202658|1627701,complete,playbyplay_inferred,200665|203405|203859|204365|1628286,complete,playbyplay_inferred,1611661325,Indiana Fever
Shot Chart Detail,1021800121,112,203405,Kayla Alexander,1611661324,Minnesota Lynx,1,0,17,Made Shot,Floating Jump shot,2PT Field Goal,In The Paint (Non-RA),Center(C),Less Than 8 ft.,5,-12,58,1,1,20180711,IND,MIN,2018,1021800121112,5830,validated,204365,1,matched,playbyplayv2,1611661325,101030|200671|201480|202658|1627701,complete,playbyplay_inferred,200665|203405|203859|204365|1628286,complete,playbyplay_inferred,1611661325,Indiana Fever
Shot Chart Detail,1021800121,124,200665,Cappie Pondexter,1611661324,Minnesota Lynx,2,9,29,Made Shot,Pullup Jump shot,2PT Field Goal,Mid-Range,Left Side Center(LC),16-24 ft.,19,-128,152,1,1,20180711,IND,MIN,2018,1021800121124,6310,validated,,0,matched,playbyplayv2,1611661325,100915|101030|202632|203041|1627701,complete,playbyplay_inferred,200665|203405|203859|204365|1628286,complete,playbyplay_inferred,1611661325,Indiana Fever
Shot Chart Detail,1021800121,127,203405,Kayla Alexander,1611661324,Minnesota Lynx,2,8,52,Missed Shot,Jump Bank Shot,2PT Field Goal,Mid-Range,Center(C),16-24 ft.,19,17,190,1,0,20180711,IND,MIN,2018,1021800121127,6680,validated,,0,matched,playbyplayv2,1611661325,100915|101030|202632|203041|1627701,complete,playbyplay_inferred,200665|203405|203859|204365|1628286,complete,playbyplay_inferred,1611661325,Indiana Fever
Shot Chart Detail,1021800121,131,204365,Erica Wheeler,1611661324,Minnesota Lynx,2,8,46,Missed Shot,Jump Shot,2PT Field Goal,Mid-Range,Left Side Center(LC),16-24 ft.,17,-125,127,1,0,20180711,IND,MIN,2018,1021800121131,6740,validated,,0,matched,playbyplayv2,1611661325,100915|101030|202632|203041|1627701,complete,playbyplay_inferred,200665|203831|203859|204365|1628286,complete,playbyplay_inferred,1611661325,Indiana Fever
Shot Chart Detail,1021800121,147,200665,Cappie Pondexter,1611661324,Minnesota Lynx,2,7,30,Made Shot,Pullup Jump shot,2PT Field Goal,Mid-Range,Left Side Center(LC),16-24 ft.,19,-62,185,1,1,20180711,IND,MIN,2018,1021800121147,7500,validated,,0,matched,playbyplayv2,1611661325,100915|101030|202632|203041|1627701,complete,playbyplay_inferred,200665|200676|203831|1628909|1628927,complete,playbyplay_inferred,1611661325,Indiana Fever
Shot Chart Detail,1021800121,150,200665,Cappie Pondexter,1611661324,Minnesota Lynx,2,6,50,Missed Shot,Jump Shot,3PT Field Goal,Above the Break 3,Left Side Center(LC),24+ ft.,25,-190,176,1,0,20180711,IND,MIN,2018,1021800121150,7900,validated,,0,matched,playbyplayv2,1611661325,100915|101030|202632|203041|1627701,complete,playbyplay_inferred,200665|200676|203831|1628909|1628927,complete,playbyplay_inferred,1611661325,Indiana Fever
Shot Chart Detail,1021800121,153,1628909,Kelsey Mitchell,1611661324,Minnesota Lynx,2,6,28,Made Shot,Step Back Jump shot,3PT Field Goal,Above the Break 3,Right Side Center(RC),24+ ft.,25,165,199,1,1,20180711,IND,MIN,2018,1021800121153,8120,validated,,0,matched,playbyplayv2,1611661325,100915|101030|202632|203041|1627701,complete,playbyplay_inferred,200665|200676|203831|1628909|1628927,complete,playbyplay_inferred,1611661325,Indiana Fever
Shot Chart Detail,1021800121,169,1628909,Kelsey Mitchell,1611661324,Minnesota Lynx,2,5,52,Made Shot,Jump Shot,3PT Field Goal,Above the Break 3,Right Side Center(RC),24+ ft.,25,203,156,1,1,20180711,IND,MIN,2018,1021800121169,8480,validated,203831,1,matched,playbyplayv2,1611661325,101030|200671|201480|202658|1628866,complete,playbyplay_inferred,200676|203831|203859|1628909|1628927,complete,playbyplay_inferred,1611661325,Indiana Fever
Shot Chart Detail,1021800121,173,203831,Natalie Achonwa,1611661324,Minnesota Lynx,2,5,22,Made Shot,Driving Finger Roll Layup Shot,2PT Field Goal,Restricted Area,Center(C),Less Than 8 ft.,1,0,15,1,1,20180711,IND,MIN,2018,1021800121173,8780,validated,1628909,1,matched,playbyplayv2,1611661325,101030|200671|201480|202658|1628866,complete,playbyplay_inferred,200676|203831|203859|1628909|1628927,complete,playbyplay_inferred,1611661325,Indiana Fever
Shot Chart Detail,1021800121,179,203859,Asia Taylor,1611661324,Minnesota Lynx,2,4,46,Missed Shot,Jump Shot,3PT Field Goal,Above the Break 3,Right Side(R),24+ ft.,23,232,33,1,0,20180711,IND,MIN,2018,1021800121179,9140,validated,,0,matched,playbyplayv2,1611661325,101030|200671|201480|202658|1628866,complete,playbyplay_inferred,200676|203831|203859|1628909|1628927,complete,playbyplay_inferred,1611661325,Indiana Fever
Shot Chart Detail,1021800121,187,1628909,Kelsey Mitchell,1611661324,Minnesota Lynx,2,4,16,Made Shot,Jump Shot,3PT Field Goal,Above the Break 3,Center(C),24+ ft.,27,0,275,1,1,20180711,IND,MIN,2018,1021800121187,9440,validated,203831,1,matched,playbyplayv2,1611661325,200671|201480|202632|202658|1628866,complete,playbyplay_inferred,200676|203831|203859|1628909|1628927,complete,playbyplay_inferred,1611661325,Indiana Fever
Shot Chart Detail,1021800121,217,200676,Candice Dupree,1611661324,Minnesota Lynx,2,1,8,Made Shot,Driving Layup Shot,2PT Field Goal,In The Paint (Non-RA),Center(C),Less Than 8 ft.,5,-40,38,1,1,20180711,IND,MIN,2018,1021800121217,11320,validated,,0,matched,playbyplayv2,1611661325,200671|201480|202632|202658|1628866,complete,playbyplay_inferred,200665|200676|203831|1627676|1628909,complete,playbyplay_inferred,1611661325,Indiana Fever
Shot Chart Detail,1021800121,227,200676,Candice Dupree,1611661324,Minnesota Lynx,2,0,41,Missed Shot,Driving Hook Shot,2PT Field Goal,In The Paint (Non-RA),Center(C),Less Than 8 ft.,6,-8,68,1,0,20180711,IND,MIN,2018,1021800121227,11590,validated,,0,matched,playbyplayv2,1611661325,101030|200671|201480|202632|202658,complete,playbyplay_inferred,200665|200676|203831|1627676|1628909,complete,playbyplay_inferred,1611661325,Indiana Fever
Shot Chart Detail,1021800121,246,200665,Cappie Pondexter,1611661324,Minnesota Lynx,2,0,0,Made Shot,Driving Finger Roll Layup Shot,2PT Field Goal,Restricted Area,Center(C),Less Than 8 ft.,1,10,9,1,1,20180711,IND,MIN,2018,1021800121246,12000,validated,,0,matched,playbyplayv2,1611661325,101030|200671|201480|202632|202658,complete,playbyplay_inferred,200665|200676|203831|1628909|1628927,complete,playbyplay_inferred,1611661325,Indiana Fever
Shot Chart Detail,1021800121,258,1628927,Victoria Vivians,1611661324,Minnesota Lynx,3,9,28,Missed Shot,Pullup Jump shot,2PT Field Goal,Mid-Range,Left Side Center(LC),16-24 ft.,18,-119,145,1,0,20180711,IND,MIN,2018,1021800121258,12320,validated,,0,matched,playbyplayv2,1611661325,100915|200671|201480|202632|1628866,complete,playbyplay_inferred,200676|203831|1627676|1628909|1628927,complete,playbyplay_inferred,1611661325,Indiana Fever
Shot Chart Detail,1021800121,267,200676,Candice Dupree,1611661324,Minnesota Lynx,3,8,41,Missed Shot,Layup Shot,2PT Field Goal,Restricted Area,Center(C),Less Than 8 ft.,2,8,23,1,0,20180711,IND,MIN,2018,1021800121267,12790,validated,,0,matched,playbyplayv2,1611661325,100915|200671|201480|202632|1628866,complete,playbyplay_inferred,200676|203831|1627676|1628909|1628927,complete,playbyplay_inferred,1611661325,Indiana Fever
Shot Chart Detail,1021800121,274,200676,Candice Dupree,1611661324,Minnesota Lynx,3,8,10,Missed Shot,Pullup Jump shot,2PT Field Goal,In The Paint (Non-RA),Center(C),8-16 ft.,8,17,82,1,0,20180711,IND,MIN,2018,1021800121274,13100,validated,,0,matched,playbyplayv2,1611661325,100915|200671|201480|202632|1628866,complete,playbyplay_inferred,200676|203831|1627676|1628909|1628927,complete,playbyplay_inferred,1611661325,Indiana Fever
Shot Chart Detail,1021800121,281,1628909,Kelsey Mitchell,1611661324,Minnesota Lynx,3,7,35,Missed Shot,Jump Shot,3PT Field Goal,Above the Break 3,Left Side Center(LC),24+ ft.,24,-138,208,1,0,20180711,IND,MIN,2018,1021800121281,13450,validated,,0,matched,playbyplayv2,1611661325,100915|200671|201480|202632|1628866,complete,playbyplay_inferred,200676|203831|1627676|1628909|1628927,complete,playbyplay_inferred,1611661325,Indiana Fever
Shot Chart Detail,1021800121,283,203831,Natalie Achonwa,1611661324,Minnesota Lynx,3,7,25,Made Shot,Jump Shot,2PT Field Goal,Mid-Range,Right Side Center(RC),16-24 ft.,19,131,141,1,1,20180711,IND,MIN,2018,1021800121283,13550,validated,1628909,1,matched,playbyplayv2,1611661325,100915|200671|201480|202632|1628866,complete,playbyplay_inferred,200676|203831|1627676|1628909|1628927,complete,playbyplay_inferred,1611661325,Indiana Fever
Shot Chart Detail,1021800121,295,200676,Candice Dupree,1611661324,Minnesota Lynx,3,6,33,Missed Shot,Step Back Jump shot,2PT Field Goal,Mid-Range,Right Side(R),16-24 ft.,16,164,29,1,0,20180711,IND,MIN,2018,1021800121295,14070,validated,,0,matched,playbyplayv2,1611661325,200671|201480|202632|202658|1627701,complete,playbyplay_inferred,200676|203831|1627676|1628909|1628927,complete,playbyplay_inferred,1611661325,Indiana Fever
Shot Chart Detail,1021800121,303,200665,Cappie Pondexter,1611661324,Minnesota Lynx,3,5,55,Missed Shot,Step Back Jump shot,2PT Field Goal,In The Paint (Non-RA),Center(C),Less Than 8 ft.,5,-30,48,1,0,20180711,IND,MIN,2018,1021800121303,14450,validated,,0,matched,playbyplayv2,1611661325,200671|201480|202632|202658|1627701,complete,playbyplay_inferred,200665|200676|203831|204365|1628927,complete,playbyplay_inferred,1611661325,Indiana Fever
Shot Chart Detail,1021800121,310,200676,Candice Dupree,1611661324,Minnesota Lynx,3,5,31,Missed Shot,Reverse Layup Shot,2PT Field Goal,Restricted Area,Center(C),Less Than 8 ft.,0,3,-4,1,0,20180711,IND,MIN,2018,1021800121310,14690,validated,,0,matched,playbyplayv2,1611661325,200671|201480|202632|202658|1627701,complete,playbyplay_inferred,200665|200676|203831|204365|1628927,complete,playbyplay_inferred,1611661325,Indiana Fever
Shot Chart Detail,1021800121,314,204365,Erica Wheeler,1611661324,Minnesota Lynx,3,5,16,Missed Shot,Layup Shot,2PT Field Goal,Restricted Area,Center(C),Less Than 8 ft.,2,4,25,1,0,20180711,IND,MIN,2018,1021800121314,14840,validated,,0,matched,playbyplayv2,1611661325,200671|201480|202632|202658|1627701,complete,playbyplay_inferred,200665|200676|203831|204365|1628927,complete,playbyplay_inferred,1611661325,Indiana Fever
Shot Chart Detail,1021800121,316,200676,Candice Dupree,1611661324,Minnesota Lynx,3,5,13,Missed Shot,Tip Layup Shot,2PT Field Goal,Restricted Area,Center(C),Less Than 8 ft.,0,0,-6,1,0,20180711,IND,MIN,2018,1021800121316,14870,validated,,0,matched,playbyplayv2,1611661325,200671|201480|202632|202658|1627701,complete,playbyplay_inferred,200665|200676|203831|204365|1628927,complete,playbyplay_inferred,1611661325,Indiana Fever
Shot Chart Detail,1021800121,336,200665,Cappie Pondexter,1611661324,Minnesota Lynx,3,3,59,Missed Shot,Pullup Jump shot,2PT Field Goal,Mid-Range,Right Side(R),16-24 ft.,18,182,-15,1,0,20180711,IND,MIN,2018,1021800121336,15610,validated,,0,matched,playbyplayv2,1611661325,101030|200671|201480|202658|1627701,complete,playbyplay_inferred,200665|203831|204365|1628286|1628927,complete,playbyplay_inferred,1611661325,Indiana Fever
Shot Chart Detail,1021800121,344,204365,Erica Wheeler,1611661324,Minnesota Lynx,3,3,22,Made Shot,Step Back Jump shot,2PT Field Goal,Mid-Range,Right Side(R),16-24 ft.,17,170,-1,1,1,20180711,IND,MIN,2018,1021800121344,15980,validated,,0,matched,playbyplayv2,1611661325,101030|200671|201480|202658|1627701,complete,playbyplay_inferred,200665|203831|204365|1628286|1628927,complete,playbyplay_inferred,1611661325,Indiana Fever
Shot Chart Detail,1021800121,347,204365,Erica Wheeler,1611661324,Minnesota Lynx,3,2,51,Made Shot,Pullup Jump shot,2PT Field Goal,Mid-Range,Left Side(L),8-16 ft.,14,-132,71,1,1,20180711,IND,MIN,2018,1021800121347,16290,validated,,0,matched,playbyplayv2,1611661325,101030|200671|201480|202658|1627701,complete,playbyplay_inferred,200665|203831|204365|1628286|1628927,complete,playbyplay_inferred,1611661325,Indiana Fever
Shot Chart Detail,1021800121,357,204365,Erica Wheeler,1611661324,Minnesota Lynx,3,2,16,Missed Shot,Jump Shot,2PT Field Goal,Mid-Range,Left Side(L),8-16 ft.,15,-153,12,1,0,20180711,IND,MIN,2018,1021800121357,16640,validated,,0,matched,playbyplayv2,1611661325,100915|101030|201480|202632|1627701,complete,playbyplay_inferred,200665|203405|204365|1628286|1628927,complete,playbyplay_inferred,1611661325,Indiana Fever
Shot Chart Detail,1021800121,361,203405,Kayla Alexander,1611661324,Minnesota Lynx,3,1,43,Made Shot,Jump Shot,2PT Field Goal,In The Paint (Non-RA),Center(C),8-16 ft.,11,13,118,1,1,20180711,IND,MIN,2018,1021800121361,16970,validated,204365,1,matched,playbyplayv2,1611661325,100915|101030|201480|202632|1627701,complete,playbyplay_inferred,200665|203405|204365|1628286|1628927,complete,playbyplay_inferred,1611661325,Indiana Fever
Shot Chart Detail,1021800121,365,1628927,Victoria Vivians,1611661324,Minnesota Lynx,3,1,20,Missed Shot,Jump Shot,3PT Field Goal,Above the Break 3,Left Side Center(LC),16-24 ft.,23,-145,183,1,0,20180711,IND,MIN,2018,1021800121365,17200,validated,,0,matched,playbyplayv2,1611661325,100915|101030|201480|202632|1627701,complete,playbyplay_inferred,200665|203405|204365|1628286|1628927,complete,playbyplay_inferred,1611661325,Indiana Fever
Shot Chart Detail,1021800121,372,1628927,Victoria Vivians,1611661324,Minnesota Lynx,3,0,53,Missed Shot,Pullup Jump shot,2PT Field Goal,Mid-Range,Center(C),16-24 ft.,18,-22,184,1,0,20180711,IND,MIN,2018,1021800121372,17470,validated,,0,matched,playbyplayv2,1611661325,100915|101030|201480|202632|1627701,complete,playbyplay_inferred,200665|203405|204365|1628286|1628927,complete,playbyplay_inferred,1611661325,Indiana Fever
Shot Chart Detail,1021800121,378,204365,Erica Wheeler,1611661324,Minnesota Lynx,3,0,45,Missed Shot,Step Back Jump shot,2PT Field Goal,Mid-Range,Center(C),16-24 ft.,16,39,162,1,0,20180711,IND,MIN,2018,1021800121378,17550,validated,,0,matched,playbyplayv2,1611661325,100915|101030|202632|203041|1627701,complete,playbyplay_inferred,200665|203405|204365|1628286|1628927,complete,playbyplay_inferred,1611661325,Indiana Fever
Shot Chart Detail,1021800121,380,1628286,Erica McCall,1611661324,Minnesota Lynx,3,0,42,Made Shot,Putback Layup Shot,2PT Field Goal,Restricted Area,Center(C),Less Than 8 ft.,0,0,-6,1,1,20180711,IND,MIN,2018,1021800121380,17580,validated,,0,matched,playbyplayv2,1611661325,100915|101030|202632|203041|1627701,complete,playbyplay_inferred,200665|203405|204365|1628286|1628927,complete,playbyplay_inferred,1611661325,Indiana Fever
Shot Chart Detail,1021800121,396,1628286,Erica McCall,1611661324,Minnesota Lynx,3,0,0,Made Shot,Layup Shot,2PT Field Goal,Restricted Area,Center(C),Less Than 8 ft.,0,-7,-1,1,1,20180711,IND,MIN,2018,1021800121396,18000,validated,204365,1,matched,playbyplayv2,1611661325,100915|101030|202632|203041|1627701,complete,playbyplay_inferred,200665|204365|1628286|1628909|1628927,complete,playbyplay_inferred,1611661325,Indiana Fever
Shot Chart Detail,1021800121,417,200665,Cappie Pondexter,1611661324,Minnesota Lynx,4,9,44,Missed Shot,Layup Shot,2PT Field Goal,Restricted Area,Center(C),Less Than 8 ft.,0,1,-1,1,0,20180711,IND,MIN,2018,1021800121417,18160,validated,,0,matched,playbyplayv2,1611661325,200671|201480|202632|202658|1628866,complete,playbyplay_inferred,200665|203405|204365|1628286|1628927,complete,playbyplay_inferred,1611661325,Indiana Fever
Shot Chart Detail,1021800121,419,200665,Cappie Pondexter,1611661324,Minnesota Lynx,4,9,42,Made Shot,Jump Shot,2PT Field Goal,Mid-Range,Left Side(L),8-16 ft.,14,-147,-5,1,1,20180711,IND,MIN,2018,1021800121419,18180,validated,204365,1,matched,playbyplayv2,1611661325,200671|201480|202632|202658|1628866,complete,playbyplay_inferred,200665|203405|204365|1628286|1628927,complete,playbyplay_inferred,1611661325,Indiana Fever
Shot Chart Detail,1021800121,425,203405,Kayla Alexander,1611661324,Minnesota Lynx,4,8,59,Made Shot,Jump Shot,2PT Field Goal,Mid-Range,Left Side(L),8-16 ft.,13,-139,-14,1,1,20180711,IND,MIN,2018,1021800121425,18610,validated,200665,1,matched,playbyplayv2,1611661325,200671|201480|202632|202658|1628866,complete,playbyplay_inferred,200665|203405|204365|1628286|1628927,complete,playbyplay_inferred,1611661325,Indiana Fever
Shot Chart Detail,1021800121,429,204365,Erica Wheeler,1611661324,Minnesota Lynx,4,8,28,Missed Shot,Step Back Jump shot,2PT Field Goal,Mid-Range,Center(C),16-24 ft.,16,22,167,1,0,20180711,IND,MIN,2018,1021800121429,18920,validated,,0,matched,playbyplayv2,1611661325,200671|201480|202632|202658|1628866,complete,playbyplay_inferred,200665|203405|204365|1628286|1628927,complete,playbyplay_inferred,1611661325,Indiana Fever
Shot Chart Detail,1021800121,450,200676,Candice Dupree,1611661324,Minnesota Lynx,4,7,7,Made Shot,Turnaround Hook Shot,2PT Field Goal,Mid-Range,Right Side(R),8-16 ft.,10,103,-3,1,1,20180711,IND,MIN,2018,1021800121450,19730,validated,,0,matched,playbyplayv2,1611661325,200671|201480|202632|202658|1628866,complete,playbyplay_inferred,200665|200676|203831|1628909|1628927,complete,playbyplay_inferred,1611661325,Indiana Fever
Shot Chart Detail,1021800121,456,1628909,Kelsey Mitchell,1611661324,Minnesota Lynx,4,6,23,Missed Shot,Layup Shot,2PT Field Goal,Mid-Range,Left Side(L),8-16 ft.,9,-99,-12,1,0,20180711,IND,MIN,2018,1021800121456,20170,validated,,0,matched,playbyplayv2,1611661325,200671|201480|202632|202658|1628866,complete,playbyplay_inferred,200665|200676|203831|1628909|1628927,complete,playbyplay_inferred,1611661325,Indiana Fever
Shot Chart Detail,1021800121,458,203831,Natalie Achonwa,1611661324,Minnesota Lynx,4,6,20,Made Shot,Putback Layup Shot,2PT Field Goal,Restricted Area,Center(C),Less Than 8 ft.,0,0,-6,1,1,20180711,IND,MIN,2018,1021800121458,20200,validated,,0,matched,playbyplayv2,1611661325,200671|201480|202632|202658|1628866,complete,playbyplay_inferred,200665|200676|203831|1628909|1628927,complete,playbyplay_inferred,1611661325,Indiana Fever
Shot Chart Detail,1021800121,467,200665,Cappie Pondexter,1611661324,Minnesota Lynx,4,5,40,Missed Shot,Pullup Jump shot,2PT Field Goal,Mid-Range,Center(C),16-24 ft.,16,-2,161,1,0,20180711,IND,MIN,2018,1021800121467,20600,validated,,0,matched,playbyplayv2,1611661325,200671|201480|202632|202658|1628866,complete,playbyplay_inferred,200665|200676|203831|1627676|1628909,complete,playbyplay_inferred,1611661325,Indiana Fever
Shot Chart Detail,1021800121,476,200676,Candice Dupree,1611661324,Minnesota Lynx,4,4,53,Missed Shot,Jump Shot,2PT Field Goal,Mid-Range,Right Side Center(RC),16-24 ft.,19,95,165,1,0,20180711,IND,MIN,2018,1021800121476,21070,validated,,0,matched,playbyplayv2,1611661325,200671|201480|202632|202658|1628866,complete,playbyplay_inferred,200676|203831|204365|1627676|1628909,complete,playbyplay_inferred,1611661325,Indiana Fever
Shot Chart Detail,1021800121,490,1627676,Tiffany Mitchell,1611661324,Minnesota Lynx,4,4,1,Missed Shot,Layup Shot,2PT Field Goal,Restricted Area,Center(C),Less Than 8 ft.,0,6,-1,1,0,20180711,IND,MIN,2018,1021800121490,21590,validated,,0,matched,playbyplayv2,1611661325,100915|101030|201480|202632|1628866,complete,playbyplay_inferred,200676|203831|204365|1627676|1628909,complete,playbyplay_inferred,1611661325,Indiana Fever
Shot Chart Detail,1021800121,503,1628927,Victoria Vivians,1611661324,Minnesota Lynx,4,3,30,Made Shot,Jump Shot,2PT Field Goal,Mid-Range,Center(C),16-24 ft.,19,-15,194,1,1,20180711,IND,MIN,2018,1021800121503,21900,validated,200676,1,matched,playbyplayv2,1611661325,100915|101030|202632|1627701|1628866,complete,playbyplay_inferred,200665|200676|203831|204365|1628927,complete,playbyplay_inferred,1611661325,Indiana Fever
Shot Chart Detail,1021800121,506,203831,Natalie Achonwa,1611661324,Minnesota Lynx,4,2,49,Made Shot,Layup Shot,2PT Field Goal,Restricted Area,Center(C),Less Than 8 ft.,1,1,10,1,1,20180711,IND,MIN,2018,1021800121506,22310,validated,200676,1,matched,playbyplayv2,1611661325,100915|101030|202632|1627701|1628866,complete,playbyplay_inferred,200665|200676|203831|204365|1628927,complete,playbyplay_inferred,1611661325,Indiana Fever
Shot Chart Detail,1021800121,520,1628286,Erica McCall,1611661324,Minnesota Lynx,4,2,24,Missed Shot,Jump Shot,2PT Field Goal,Mid-Range,Center(C),16-24 ft.,18,-3,185,1,0,20180711,IND,MIN,2018,1021800121520,22560,validated,,0,matched,playbyplayv2,1611661325,100915|101030|1627701|1628283|1628866,complete,playbyplay_inferred,203405|203859|204365|1628286|1628927,complete,playbyplay_inferred,1611661325,Indiana Fever
Shot Chart Detail,1021800121,524,204365,Erica Wheeler,1611661324,Minnesota Lynx,4,2,3,Missed Shot,Jump Shot,2PT Field Goal,In The Paint (Non-RA),Center(C),8-16 ft.,10,-41,97,1,0,20180711,IND,MIN,2018,1021800121524,22770,validated,,0,matched,playbyplayv2,1611661325,101030|202658|1627701|1628283|1628866,complete,playbyplay_inferred,203405|203859|204365|1628286|1628927,complete,playbyplay_inferred,1611661325,Indiana Fever
Shot Chart Detail,1021800121,529,204365,Erica Wheeler,1611661324,Minnesota Lynx,4,1,32,Made Shot,Pullup Jump shot,2PT Field Goal,Mid-Range,Left Side Center(LC),16-24 ft.,18,-58,174,1,1,20180711,IND,MIN,2018,1021800121529,23080,validated,,0,matched,playbyplayv2,1611661325,101030|202658|1627701|1628283|1628866,complete,playbyplay_inferred,203405|203859|204365|1628286|1628927,complete,playbyplay_inferred,1611661325,Indiana Fever
Shot Chart Detail,1021800121,533,203859,Asia Taylor,1611661324,Minnesota Lynx,4,0,55,Made Shot,Layup Shot,2PT Field Goal,In The Paint (Non-RA),Center(C),Less Than 8 ft.,5,-9,52,1,1,20180711,IND,MIN,2018,1021800121533,23450,validated,,0,matched,playbyplayv2,1611661325,101030|202658|1627701|1628283|1628866,complete,playbyplay_inferred,203405|203859|204365|1628286|1628927,complete,playbyplay_inferred,1611661325,Indiana Fever
Shot Chart Detail,1021800121,535,204365,Erica Wheeler,1611661324,Minnesota Lynx,4,0,12,Missed Shot,Layup Shot,2PT Field Goal,In The Paint (Non-RA),Center(C),Less Than 8 ft.,5,3,50,1,0,20180711,IND,MIN,2018,1021800121535,23880,validated,,0,matched,playbyplayv2,1611661325,101030|202658|1627701|1628283|1628866,complete,playbyplay_inferred,203405|203859|204365|1628286|1628927,complete,playbyplay_inferred,1611661325,Indiana Fever
Shot Chart Detail,1021800126,8,203402,Kelsey Bone,1611661324,Minnesota Lynx,1,9,22,Made Shot,Cutting Layup Shot,2PT Field Goal,Restricted Area,Center(C),Less Than 8 ft.,1,13,-3,1,1,20180713,MIN,LVA,2018,10218001268,380,validated,203825,1,matched,playbyplayv2,1611661319,100915|200671|201480|202632|1627701,complete,playbyplay_inferred,201477|203402|203825|1628276|1628932,complete,playbyplay_inferred,1611661319,Las Vegas Aces
Shot Chart Detail,1021800126,14,203825,Kayla McBride,1611661324,Minnesota Lynx,1,8,43,Missed Shot,Jump Shot,3PT Field Goal,Above the Break 3,Right Side Center(RC),16-24 ft.,23,149,183,1,0,20180713,MIN,LVA,2018,102180012614,770,validated,,0,matched,playbyplayv2,1611661319,100915|200671|201480|202632|1627701,complete,playbyplay_inferred,201477|203402|203825|1628276|1628932,complete,playbyplay_inferred,1611661319,Las Vegas Aces
Shot Chart Detail,1021800126,16,203825,Kayla McBride,1611661324,Minnesota Lynx,1,8,38,Made Shot,Pullup Jump shot,2PT Field Goal,Mid-Range,Right Side(R),8-16 ft.,14,126,78,1,1,20180713,MIN,LVA,2018,102180012616,820,validated,1628932,1,matched,playbyplayv2,1611661319,100915|200671|201480|202632|1627701,complete,playbyplay_inferred,201477|203402|203825|1628276|1628932,complete,playbyplay_inferred,1611661319,Las Vegas Aces
Shot Chart Detail,1021800126,19,201477,Tamera Young,1611661324,Minnesota Lynx,1,8,16,Missed Shot,Pullup Jump shot,2PT Field Goal,Mid-Range,Center(C),8-16 ft.,14,15,148,1,0,20180713,MIN,LVA,2018,102180012619,1040,validated,,0,matched,playbyplayv2,1611661319,100915|200671|201480|202632|1627701,complete,playbyplay_inferred,201477|203402|203825|1628276|1628932,complete,playbyplay_inferred,1611661319,Las Vegas Aces
Shot Chart Detail,1021800126,28,1628932,A'ja Wilson,1611661324,Minnesota Lynx,1,7,55,Made Shot,Jump Shot,2PT Field Goal,Mid-Range,Right Side(R),8-16 ft.,14,130,65,1,1,20180713,MIN,LVA,2018,102180012628,1250,validated,203825,1,matched,playbyplayv2,1611661319,100915|200671|201480|202632|1627701,complete,playbyplay_inferred,201477|203402|203825|1628276|1628932,complete,playbyplay_inferred,1611661319,Las Vegas Aces
Shot Chart Detail,1021800126,44,1628932,A'ja Wilson,1611661324,Minnesota Lynx,1,6,58,Missed Shot,Pullup Jump shot,2PT Field Goal,In The Paint (Non-RA),Center(C),8-16 ft.,12,-47,113,1,0,20180713,MIN,LVA,2018,102180012644,1820,validated,,0,matched,playbyplayv2,1611661319,100915|200671|201480|202632|1627701,complete,playbyplay_inferred,201477|202670|203825|1628276|1628932,complete,playbyplay_inferred,1611661319,Las Vegas Aces
Shot Chart Detail,1021800126,50,201477,Tamera Young,1611661324,Minnesota Lynx,1,6,31,Missed Shot,Jump Shot,2PT Field Goal,In The Paint (Non-RA),Center(C),Less Than 8 ft.,6,26,61,1,0,20180713,MIN,LVA,2018,102180012650,2090,validated,,0,matched,playbyplayv2,1611661319,100915|200671|201480|202632|1627701,complete,playbyplay_inferred,201477|202670|203825|1628276|1628932,complete,playbyplay_inferred,1611661319,Las Vegas Aces
Shot Chart Detail,1021800126,55,1628932,A'ja Wilson,1611661324,Minnesota Lynx,1,6,8,Missed Shot,Step Back Jump shot,2PT Field Goal,Mid-Range,Right Side(R),8-16 ft.,11,109,38,1,0,20180713,MIN,LVA,2018,102180012655,2320,validated,,0,matched,playbyplayv2,1611661319,100915|200671|201480|202632|1627701,complete,playbyplay_inferred,201477|202670|203825|1628276|1628932,complete,playbyplay_inferred,1611661319,Las Vegas Aces
Shot Chart Detail,1021800126,69,203825,Kayla McBride,1611661324,Minnesota Lynx,1,5,14,Made Shot,Floating Jump shot,2PT Field Goal,In The Paint (Non-RA),Center(C),8-16 ft.,13,-20,129,1,1,20180713,MIN,LVA,2018,102180012669,2860,validated,1628932,1,matched,playbyplayv2,1611661319,200671|201480|202658|1627701|1628508,complete,playbyplay_inferred,201477|202670|203825|1628276|1628932,complete,playbyplay_inferred,1611661319,Las Vegas Aces
Shot Chart Detail,1021800126,83,1628276,Kelsey Plum,1611661324,Minnesota Lynx,1,4,30,Missed Shot,Jump Shot,3PT Field Goal,Above the Break 3,Right Side Center(RC),16-24 ft.,23,169,159,1,0,20180713,MIN,LVA,2018,102180012683,3300,validated,,0,matched,playbyplayv2,1611661319,200671|201480|202658|1628508|1628866,complete,playbyplay_inferred,202670|203825|1628269|1628276|1628932,complete,playbyplay_inferred,1611661319,Las Vegas Aces
Shot Chart Detail,1021800126,91,203825,Kayla McBride,1611661324,Minnesota Lynx,1,3,51,Made Shot,Pullup Jump shot,2PT Field Goal,Mid-Range,Center(C),16-24 ft.,18,-23,186,1,1,20180713,MIN,LVA,2018,102180012691,3690,validated,202670,1,matched,playbyplayv2,1611661319,201480|202632|202658|1628508|1628866,complete,playbyplay_inferred,202670|203825|1628269|1628276|1628932,complete,playbyplay_inferred,1611661319,Las Vegas Aces
Shot Chart Detail,1021800126,97,1628276,Kelsey Plum,1611661324,Minnesota Lynx,1,3,22,Made Shot,Jump Shot,3PT Field Goal,Above the Break 3,Right Side Center(RC),16-24 ft.,23,174,159,1,1,20180713,MIN,LVA,2018,102180012697,3980,validated,203825,1,matched,playbyplayv2,1611661319,201480|202632|202658|1628508|1628866,complete,playbyplay_inferred,202670|203825|1628269|1628276|1628932,complete,playbyplay_inferred,1611661319,Las Vegas Aces
Shot Chart Detail,1021800126,122,1628932,A'ja Wilson,1611661324,Minnesota Lynx,1,1,28,Missed Shot,Driving Layup Shot,2PT Field Goal,Restricted Area,Center(C),Less Than 8 ft.,1,15,13,1,0,20180713,MIN,LVA,2018,1021800126122,5120,validated,,0,matched,playbyplayv2,1611661319,201480|202632|202658|1627701|1628508,complete,playbyplay_inferred,202670|203825|1627669|1628269|1628932,complete,playbyplay_inferred,1611661319,Las Vegas Aces
Shot Chart Detail,1021800126,124,202670,Carolyn Swords,1611661324,Minnesota Lynx,1,1,27,Made Shot,Putback Layup Shot,2PT Field Goal,Restricted Area,Center(C),Less Than 8 ft.,0,-1,9,1,1,20180713,MIN,LVA,2018,1021800126124,5130,validated,,0,matched,playbyplayv2,1611661319,201480|202632|202658|1627701|1628508,complete,playbyplay_inferred,202670|203825|1627669|1628269|1628932,complete,playbyplay_inferred,1611661319,Las Vegas Aces
Shot Chart Detail,1021800126,131,1628269,Nia Coffey,1611661324,Minnesota Lynx,1,0,43,Made Shot,Jump Shot,2PT Field Goal,Mid-Range,Left Side(L),8-16 ft.,15,-153,20,1,1,20180713,MIN,LVA,2018,1021800126131,5570,validated,1628932,1,matched,playbyplayv2,1611661319,201480|202632|202658|1627701|1628508,complete,playbyplay_inferred,202670|203825|1627669|1628269|1628932,complete,playbyplay_inferred,1611661319,Las Vegas Aces
Shot Chart Detail,1021800126,156,201477,Tamera Young,1611661324,Minnesota Lynx,2,9,42,Missed Shot,Jump Shot,2PT Field Goal,Mid-Range,Right Side Center(RC),16-24 ft.,20,137,146,1,0,20180713,MIN,LVA,2018,1021800126156,6180,validated,,0,matched,playbyplayv2,1611661319,100915|101030|200671|202632|1627701,complete,playbyplay_inferred,201477|204324|1627669|1628269|1628917,complete,playbyplay_inferred,1611661319,Las Vegas Aces
Shot Chart Detail,1021800126,158,201477,Tamera Young,1611661324,Minnesota Lynx,2,9,30,Made Shot,Cutting Layup Shot,2PT Field Goal,Restricted Area,Center(C),Less Than 8 ft.,0,7,0,1,1,20180713,MIN,LVA,2018,1021800126158,6300,validated,204324,1,matched,playbyplayv2,1611661319,100915|101030|200671|202632|1627701,complete,playbyplay_inferred,201477|204324|1627669|1628269|1628917,complete,playbyplay_inferred,1611661319,Las Vegas Aces
Shot Chart Detail,1021800126,166,1627669,Moriah Jefferson,1611661324,Minnesota Lynx,2,8,55,Made Shot,Pullup Jump shot,2PT Field Goal,In The Paint (Non-RA),Center(C),8-16 ft.,12,-48,114,1,1,20180713,MIN,LVA,2018,1021800126166,6650,validated,,0,matched,playbyplayv2,1611661319,100915|101030|200671|202632|1627701,complete,playbyplay_inferred,201477|204324|1627669|1628269|1628917,complete,playbyplay_inferred,1611661319,Las Vegas Aces
Shot Chart Detail,1021800126,174,1627669,Moriah Jefferson,1611661324,Minnesota Lynx,2,8,16,Made Shot,Jump Shot,3PT Field Goal,Above the Break 3,Left Side Center(LC),16-24 ft.,23,-181,151,1,1,20180713,MIN,LVA,2018,1021800126174,7040,validated,201477,1,matched,playbyplayv2,1611661319,100915|101030|200671|201480|202632,complete,playbyplay_inferred,201477|204324|1627669|1628269|1628917,complete,playbyplay_inferred,1611661319,Las Vegas Aces
Shot Chart Detail,1021800126,195,1627669,Moriah Jefferson,1611661324,Minnesota Lynx,2,6,57,Missed Shot,Jump Shot,3PT Field Goal,Right Corner 3,Right Side(R),24+ ft.,22,228,-10,1,0,20180713,MIN,LVA,2018,1021800126195,7830,validated,,0,matched,playbyplayv2,1611661319,100915|101030|200671|201480|202632,complete,playbyplay_inferred,201477|203825|204324|1627669|1628917,complete,playbyplay_inferred,1611661319,Las Vegas Aces
Shot Chart Detail,1021800126,209,1628276,Kelsey Plum,1611661324,Minnesota Lynx,2,6,32,Made Shot,Jump Shot,3PT Field Goal,Above the Break 3,Left Side Center(LC),16-24 ft.,23,-160,174,1,1,20180713,MIN,LVA,2018,1021800126209,8080,validated,203825,1,matched,playbyplayv2,1611661319,100915|101030|200671|201480|202632,complete,playbyplay_inferred,201477|202670|203825|1628276|1628932,complete,playbyplay_inferred,1611661319,Las Vegas Aces
Shot Chart Detail,1021800126,226,202670,Carolyn Swords,1611661324,Minnesota Lynx,2,5,18,Made Shot,Cutting Layup Shot,2PT Field Goal,Restricted Area,Center(C),Less Than 8 ft.,1,2,11,1,1,20180713,MIN,LVA,2018,1021800126226,8820,validated,203825,1,matched,playbyplayv2,1611661319,101030|200671|201480|202658|1628866,complete,playbyplay_inferred,201477|202670|203825|1628276|1628932,complete,playbyplay_inferred,1611661319,Las Vegas Aces
Shot Chart Detail,1021800126,239,1628932,A'ja Wilson,1611661324,Minnesota Lynx,2,4,27,Missed Shot,Jump Shot,2PT Field Goal,Mid-Range,Left Side(L),16-24 ft.,17,-146,101,1,0,20180713,MIN,LVA,2018,1021800126239,9330,validated,,0,matched,playbyplayv2,1611661319,101030|200671|201480|202658|1628866,complete,playbyplay_inferred,202670|203825|1627669|1628276|1628932,complete,playbyplay_inferred,1611661319,Las Vegas Aces
Shot Chart Detail,1021800126,245,1628276,Kelsey Plum,1611661324,Minnesota Lynx,2,3,56,Missed Shot,Jump Shot,3PT Field Goal,Above the Break 3,Right Side Center(RC),16-24 ft.,23,149,176,1,0,20180713,MIN,LVA,2018,1021800126245,9640,validated,,0,matched,playbyplayv2,1611661319,101030|200671|201480|202658|1628866,complete,playbyplay_inferred,202670|203825|1627669|1628276|1628932,complete,playbyplay_inferred,1611661319,Las Vegas Aces
Shot Chart Detail,1021800126,252,202670,Carolyn Swords,1611661324,Minnesota Lynx,2,3,27,Made Shot,Reverse Layup Shot,2PT Field Goal,Restricted Area,Center(C),Less Than 8 ft.,2,16,18,1,1,20180713,MIN,LVA,2018,1021800126252,9930,validated,203825,1,matched,playbyplayv2,1611661319,101030|200671|201480|202658|1628866,complete,playbyplay_inferred,202670|203825|1627669|1628276|1628932,complete,playbyplay_inferred,1611661319,Las Vegas Aces
Shot Chart Detail,1021800126,256,203825,Kayla McBride,1611661324,Minnesota Lynx,2,3,2,Missed Shot,Layup Shot,2PT Field Goal,Restricted Area,Center(C),Less Than 8 ft.,1,-4,15,1,0,20180713,MIN,LVA,2018,1021800126256,10180,validated,,0,matched,playbyplayv2,1611661319,101030|200671|201480|202658|1628866,complete,playbyplay_inferred,202670|203825|1627669|1628276|1628932,complete,playbyplay_inferred,1611661319,Las Vegas Aces
Shot Chart Detail,1021800126,269,203825,Kayla McBride,1611661324,Minnesota Lynx,2,2,42,Missed Shot,Jump Shot,3PT Field Goal,Above the Break 3,Left Side Center(LC),16-24 ft.,23,-182,148,1,0,20180713,MIN,LVA,2018,1021800126269,10380,validated,,0,matched,playbyplayv2,1611661319,101030|201480|202632|202658|1628508,complete,playbyplay_inferred,202670|203825|1627669|1628276|1628932,complete,playbyplay_inferred,1611661319,Las Vegas Aces
Shot Chart Detail,1021800126,273,203825,Kayla McBride,1611661324,Minnesota Lynx,2,2,14,Made Shot,Jump Shot,3PT Field Goal,Right Corner 3,Right Side(R),24+ ft.,23,232,-12,1,1,20180713,MIN,LVA,2018,1021800126273,10660,validated,1627669,1,matched,playbyplayv2,1611661319,101030|201480|202632|202658|1628508,complete,playbyplay_inferred,202670|203825|1627669|1628276|1628932,complete,playbyplay_inferred,1611661319,Las Vegas Aces
Shot Chart Detail,1021800126,290,203825,Kayla McBride,1611661324,Minnesota Lynx,2,1,8,Missed Shot,Jump Shot,3PT Field Goal,Above the Break 3,Left Side Center(LC),24+ ft.,23,-159,179,1,0,20180713,MIN,LVA,2018,1021800126290,11320,validated,,0,matched,playbyplayv2,1611661319,100915|101030|200671|201480|202632,complete,playbyplay_inferred,202670|203825|1627669|1628913|1628932,complete,playbyplay_inferred,1611661319,Las Vegas Aces
Shot Chart Detail,1021800126,302,1628932,A'ja Wilson,1611661324,Minnesota Lynx,2,0,40,Made Shot,Jump Shot,2PT Field Goal,In The Paint (Non-RA),Center(C),8-16 ft.,12,46,113,1,1,20180713,MIN,LVA,2018,1021800126302,11600,validated,1627669,1,matched,playbyplayv2,1611661319,100915|101030|200671|201480|202632,complete,playbyplay_inferred,201477|203825|1627669|1628917|1628932,complete,playbyplay_inferred,1611661319,Las Vegas Aces
Shot Chart Detail,1021800126,305,1628932,A'ja Wilson,1611661324,Minnesota Lynx,2,0,2,Missed Shot,Jump Shot,2PT Field Goal,In The Paint (Non-RA),Center(C),8-16 ft.,12,-26,124,1,0,20180713,MIN,LVA,2018,1021800126305,11980,validated,,0,matched,playbyplayv2,1611661319,100915|101030|200671|201480|202632,complete,playbyplay_inferred,201477|203825|1627669|1628917|1628932,complete,playbyplay_inferred,1611661319,Las Vegas Aces
Shot Chart Detail,1021800126,317,1628276,Kelsey Plum,1611661324,Minnesota Lynx,3,9,36,Made Shot,Jump Shot,3PT Field Goal,Above the Break 3,Left Side Center(LC),16-24 ft.,23,-149,181,1,1,20180713,MIN,LVA,2018,1021800126317,12240,validated,1628932,1,matched,playbyplayv2,1611661319,100915|200671|201480|202632|1627701,complete,playbyplay_inferred,201477|203402|203825|1628276|1628932,complete,playbyplay_inferred,1611661319,Las Vegas Aces
Shot Chart Detail,1021800126,321,1628932,A'ja Wilson,1611661324,Minnesota Lynx,3,8,49,Missed Shot,Jump Shot,2PT Field Goal,In The Paint (Non-RA),Left Side(L),8-16 ft.,13,-69,111,1,0,20180713,MIN,LVA,2018,1021800126321,12710,validated,,0,matched,playbyplayv2,1611661319,100915|200671|201480|202632|1627701,complete,playbyplay_inferred,201477|203402|203825|1628276|1628932,complete,playbyplay_inferred,1611661319,Las Vegas Aces
Shot Chart Detail,1021800126,325,1628932,A'ja Wilson,1611661324,Minnesota Lynx,3,8,16,Missed Shot,Driving Layup Shot,2PT Field Goal,Restricted Area,Center(C),Less Than 8 ft.,0,0,9,1,0,20180713,MIN,LVA,2018,1021800126325,13040,validated,,0,matched,playbyplayv2,1611661319,100915|200671|201480|202632|1627701,complete,playbyplay_inferred,201477|203402|203825|1628276|1628932,complete,playbyplay_inferred,1611661319,Las Vegas Aces
Shot Chart Detail,1021800126,330,203825,Kayla McBride,1611661324,Minnesota Lynx,3,7,52,Made Shot,Driving Floating Bank Jump Shot,2PT Field Goal,Mid-Range,Right Side(R),8-16 ft.,13,118,55,1,1,20180713,MIN,LVA,2018,1021800126330,13280,validated,203402,1,matched,playbyplayv2,1611661319,100915|200671|201480|202632|1627701,complete,playbyplay_inferred,201477|203402|203825|1628276|1628932,complete,playbyplay_inferred,1611661319,Las Vegas Aces
Shot Chart Detail,1021800126,334,201477,Tamera Young,1611661324,Minnesota Lynx,3,7,30,Made Shot,Layup Shot,2PT Field Goal,Restricted Area,Center(C),Less Than 8 ft.,1,9,9,1,1,20180713,MIN,LVA,2018,1021800126334,13500,validated,203825,1,matched,playbyplayv2,1611661319,100915|200671|201480|202632|1627701,complete,playbyplay_inferred,201477|203402|203825|1628276|1628932,complete,playbyplay_inferred,1611661319,Las Vegas Aces
Shot Chart Detail,1021800126,344,203825,Kayla McBride,1611661324,Minnesota Lynx,3,6,37,Missed Shot,Jump Shot,3PT Field Goal,Above the Break 3,Left Side Center(LC),24+ ft.,24,-171,182,1,0,20180713,MIN,LVA,2018,1021800126344,14030,validated,,0,matched,playbyplayv2,1611661319,100915|200671|201480|202632|1627701,complete,playbyplay_inferred,201477|203402|203825|1628276|1628932,complete,playbyplay_inferred,1611661319,Las Vegas Aces
Shot Chart Detail,1021800126,359,1628932,A'ja Wilson,1611661324,Minnesota Lynx,3,6,2,Missed Shot,Jump Shot,2PT Field Goal,In The Paint (Non-RA),Center(C),Less Than 8 ft.,6,14,59,1,0,20180713,MIN,LVA,2018,1021800126359,14380,validated,,0,matched,playbyplayv2,1611661319,101030|200671|201480|202658|1627701,complete,playbyplay_inferred,201477|203402|203825|1628276|1628932,complete,playbyplay_inferred,1611661319,Las Vegas Aces
Shot Chart Detail,1021800126,368,201477,Tamera Young,1611661324,Minnesota Lynx,3,5,24,Missed Shot,Pullup Jump shot,2PT Field Goal,Mid-Range,Center(C),16-24 ft.,19,48,185,1,0,20180713,MIN,LVA,2018,1021800126368,14760,validated,,0,matched,playbyplayv2,1611661319,101030|200671|201480|202632|202658,complete,playbyplay_inferred,201477|203402|203825|1628276|1628932,complete,playbyplay_inferred,1611661319,Las Vegas Aces
Shot Chart Detail,1021800126,385,1628932,A'ja Wilson,1611661324,Minnesota Lynx,3,4,19,Missed Shot,Jump Shot,2PT Field Goal,In The Paint (Non-RA),Center(C),Less Than 8 ft.,7,56,56,1,0,20180713,MIN,LVA,2018,1021800126385,15410,validated,,0,matched,playbyplayv2,1611661319,100915|101030|200671|201480|202632,complete,playbyplay_inferred,202670|203825|1627669|1628276|1628932,complete,playbyplay_inferred,1611661319,Las Vegas Aces
Shot Chart Detail,1021800126,389,203825,Kayla McBride,1611661324,Minnesota Lynx,3,3,56,Missed Shot,Jump Shot,2PT Field Goal,Mid-Range,Right Side Center(RC),16-24 ft.,20,151,141,1,0,20180713,MIN,LVA,2018,1021800126389,15640,validated,,0,matched,playbyplayv2,1611661319,100915|101030|200671|201480|202632,complete,playbyplay_inferred,202670|203825|1627669|1628276|1628932,complete,playbyplay_inferred,1611661319,Las Vegas Aces
Shot Chart Detail,1021800126,400,203825,Kayla McBride,1611661324,Minnesota Lynx,3,3,31,Made Shot,Jump Shot,2PT Field Goal,Mid-Range,Left Side(L),16-24 ft.,16,-136,93,1,1,20180713,MIN,LVA,2018,1021800126400,15890,validated,,0,matched,playbyplayv2,1611661319,100915|101030|200671|201480|202632,complete,playbyplay_inferred,202670|203825|204324|1627669|1628276,complete,playbyplay_inferred,1611661319,Las Vegas Aces
Shot Chart Detail,1021800126,403,202670,Carolyn Swords,1611661324,Minnesota Lynx,3,2,58,Made Shot,Jump Shot,2PT Field Goal,Mid-Range,Right Side Center(RC),16-24 ft.,17,125,120,1,1,20180713,MIN,LVA,2018,1021800126403,16220,validated,1628276,1,matched,playbyplayv2,1611661319,100915|101030|200671|201480|202632,complete,playbyplay_inferred,202670|203825|204324|1627669|1628276,complete,playbyplay_inferred,1611661319,Las Vegas Aces
Shot Chart Detail,1021800126,407,203825,Kayla McBride,1611661324,Minnesota Lynx,3,2,48,Made Shot,Floating Jump shot,2PT Field Goal,In The Paint (Non-RA),Center(C),8-16 ft.,10,35,102,1,1,20180713,MIN,LVA,2018,1021800126407,16320,validated,204324,1,matched,playbyplayv2,1611661319,100915|101030|200671|201480|202632,complete,playbyplay_inferred,202670|203825|204324|1627669|1628276,complete,playbyplay_inferred,1611661319,Las Vegas Aces
Shot Chart Detail,1021800126,423,203825,Kayla McBride,1611661324,Minnesota Lynx,3,1,46,Made Shot,Driving Layup Shot,2PT Field Goal,Restricted Area,Center(C),Less Than 8 ft.,3,22,29,1,1,20180713,MIN,LVA,2018,1021800126423,16940,validated,1627669,1,matched,playbyplayv2,1611661319,100915|200671|201480|202632|1628508,complete,playbyplay_inferred,201477|202670|203825|204324|1627669,complete,playbyplay_inferred,1611661319,Las Vegas Aces
Shot Chart Detail,1021800126,434,203825,Kayla McBride,1611661324,Minnesota Lynx,3,0,57,Missed Shot,Jump Shot,3PT Field Goal,Above the Break 3,Left Side Center(LC),24+ ft.,23,-115,209,1,0,20180713,MIN,LVA,2018,1021800126434,17430,validated,,0,matched,playbyplayv2,1611661319,100915|200671|201480|202632|1628508,complete,playbyplay_inferred,201477|202670|203825|204324|1627669,complete,playbyplay_inferred,1611661319,Las Vegas Aces
Shot Chart Detail,1021800126,436,204324,Dearica Hamby,1611661324,Minnesota Lynx,3,0,55,Made Shot,Putback Layup Shot,2PT Field Goal,Restricted Area,Center(C),Less Than 8 ft.,0,4,9,1,1,20180713,MIN,LVA,2018,1021800126436,17450,validated,,0,matched,playbyplayv2,1611661319,100915|200671|201480|202632|1628508,complete,playbyplay_inferred,201477|202670|203825|204324|1627669,complete,playbyplay_inferred,1611661319,Las Vegas Aces
Shot Chart Detail,1021800126,439,203825,Kayla McBride,1611661324,Minnesota Lynx,3,0,24,Missed Shot,Jump Shot,3PT Field Goal,Right Corner 3,Right Side(R),24+ ft.,24,240,17,1,0,20180713,MIN,LVA,2018,1021800126439,17760,validated,,0,matched,playbyplayv2,1611661319,100915|200671|201480|202632|1628508,complete,playbyplay_inferred,201477|202670|203825|204324|1627669,complete,playbyplay_inferred,1611661319,Las Vegas Aces
Shot Chart Detail,1021800126,453,201477,Tamera Young,1611661324,Minnesota Lynx,4,9,29,Made Shot,Jump Shot,2PT Field Goal,Mid-Range,Left Side(L),16-24 ft.,19,-193,9,1,1,20180713,MIN,LVA,2018,1021800126453,18310,validated,1627669,1,matched,playbyplayv2,1611661319,100915|101030|201480|1627701|1628508,complete,playbyplay_inferred,201477|202670|204324|1627669|1628932,complete,playbyplay_inferred,1611661319,Las Vegas Aces
Shot Chart Detail,1021800126,456,201477,Tamera Young,1611661324,Minnesota Lynx,4,8,58,Made Shot,Jump Shot,2PT Field Goal,Mid-Range,Right Side(R),16-24 ft.,20,200,-9,1,1,20180713,MIN,LVA,2018,1021800126456,18620,validated,1628932,1,matched,playbyplayv2,1611661319,100915|101030|201480|1627701|1628508,complete,playbyplay_inferred,201477|202670|204324|1627669|1628932,complete,playbyplay_inferred,1611661319,Las Vegas Aces
Shot Chart Detail,1021800126,484,203825,Kayla McBride,1611661324,Minnesota Lynx,4,7,47,Missed Shot,Jump Shot,3PT Field Goal,Above the Break 3,Right Side(R),16-24 ft.,23,195,135,1,0,20180713,MIN,LVA,2018,1021800126484,19330,validated,,0,matched,playbyplayv2,1611661319,100915|101030|201480|202632|1627701,complete,playbyplay_inferred,201477|202670|203825|1627669|1628932,complete,playbyplay_inferred,1611661319,Las Vegas Aces
Shot Chart Detail,1021800126,504,1628276,Kelsey Plum,1611661324,Minnesota Lynx,4,6,23,Missed Shot,Jump Shot,3PT Field Goal,Above the Break 3,Right Side(R),16-24 ft.,23,207,111,1,0,20180713,MIN,LVA,2018,1021800126504,20170,validated,,0,matched,playbyplayv2,1611661319,101030|201480|202632|202658|1627701,complete,playbyplay_inferred,201477|202670|203825|1628276|1628932,complete,playbyplay_inferred,1611661319,Las Vegas Aces
Shot Chart Detail,1021800126,508,1628932,A'ja Wilson,1611661324,Minnesota Lynx,4,6,0,Missed Shot,Layup Shot,2PT Field Goal,In The Paint (Non-RA),Center(C),Less Than 8 ft.,4,31,36,1,0,20180713,MIN,LVA,2018,1021800126508,20400,validated,,0,matched,playbyplayv2,1611661319,101030|201480|202632|202658|1627701,complete,playbyplay_inferred,201477|202670|203825|1628276|1628932,complete,playbyplay_inferred,1611661319,Las Vegas Aces
Shot Chart Detail,1021800126,517,1628276,Kelsey Plum,1611661324,Minnesota Lynx,4,5,37,Missed Shot,Floating Jump shot,2PT Field Goal,In The Paint (Non-RA),Center(C),8-16 ft.,12,-27,123,1,0,20180713,MIN,LVA,2018,1021800126517,20630,validated,,0,matched,playbyplayv2,1611661319,100915|200671|201480|202632|1627701,complete,playbyplay_inferred,201477|202670|203825|1628276|1628932,complete,playbyplay_inferred,1611661319,Las Vegas Aces
Shot Chart Detail,1021800126,523,1628932,A'ja Wilson,1611661324,Minnesota Lynx,4,4,56,Made Shot,Jump Bank Shot,2PT Field Goal,In The Paint (Non-RA),Center(C),Less Than 8 ft.,7,-60,49,1,1,20180713,MIN,LVA,2018,1021800126523,21040,validated,1628276,1,matched,playbyplayv2,1611661319,100915|200671|201480|202632|1627701,complete,playbyplay_inferred,201477|202670|203825|1628276|1628932,complete,playbyplay_inferred,1611661319,Las Vegas Aces
Shot Chart Detail,1021800126,528,1628932,A'ja Wilson,1611661324,Minnesota Lynx,4,4,21,Missed Shot,Jump Bank Shot,2PT Field Goal,In The Paint (Non-RA),Center(C),Less Than 8 ft.,7,-74,27,1,0,20180713,MIN,LVA,2018,1021800126528,21390,validated,,0,matched,playbyplayv2,1611661319,100915|200671|201480|202632|1627701,complete,playbyplay_inferred,201477|202670|203825|1628276|1628932,complete,playbyplay_inferred,1611661319,Las Vegas Aces
Shot Chart Detail,1021800126,532,201477,Tamera Young,1611661324,Minnesota Lynx,4,3,41,Made Shot,Jump Shot,2PT Field Goal,Mid-Range,Left Side(L),16-24 ft.,18,-181,-9,1,1,20180713,MIN,LVA,2018,1021800126532,21790,validated,1628276,1,matched,playbyplayv2,1611661319,100915|200671|201480|202632|1627701,complete,playbyplay_inferred,201477|202670|203825|1628276|1628932,complete,playbyplay_inferred,1611661319,Las Vegas Aces
Shot Chart Detail,1021800126,544,1628276,Kelsey Plum,1611661324,Minnesota Lynx,4,2,49,Missed Shot,Driving Layup Shot,2PT Field Goal,Restricted Area,Center(C),Less Than 8 ft.,1,9,9,1,0,20180713,MIN,LVA,2018,1021800126544,22310,validated,,0,matched,playbyplayv2,1611661319,100915|200671|201480|202632|1627701,complete,playbyplay_inferred,201477|202670|203825|1628276|1628932,complete,playbyplay_inferred,1611661319,Las Vegas Aces
Shot Chart Detail,1021800126,547,201477,Tamera Young,1611661324,Minnesota Lynx,4,2,17,Made Shot,Jump Shot,2PT Field Goal,Mid-Range,Right Side Center(RC),16-24 ft.,18,95,154,1,1,20180713,MIN,LVA,2018,1021800126547,22630,validated,203825,1,matched,playbyplayv2,1611661319,100915|200671|201480|202632|1627701,complete,playbyplay_inferred,201477|202670|203825|1628276|1628932,complete,playbyplay_inferred,1611661319,Las Vegas Aces
Shot Chart Detail,1021800126,550,203825,Kayla McBride,1611661324,Minnesota Lynx,4,1,47,Missed Shot,Jump Shot,2PT Field Goal,Mid-Range,Right Side Center(RC),16-24 ft.,20,103,179,1,0,20180713,MIN,LVA,2018,1021800126550,22930,validated,,0,matched,playbyplayv2,1611661319,100915|200671|201480|202632|1627701,complete,playbyplay_inferred,201477|202670|203825|1628276|1628932,complete,playbyplay_inferred,1611661319,Las Vegas Aces
Shot Chart Detail,1021800126,554,1628932,A'ja Wilson,1611661324,Minnesota Lynx,4,1,11,Missed Shot,Jump Shot,2PT Field Goal,In The Paint (Non-RA),Center(C),8-16 ft.,10,7,106,1,0,20180713,MIN,LVA,2018,1021800126554,23290,validated,,0,matched,playbyplayv2,1611661319,100915|200671|201480|202632|1627701,complete,playbyplay_inferred,201477|202670|203825|1628276|1628932,complete,playbyplay_inferred,1611661319,Las Vegas Aces
Shot Chart Detail,1021800126,565,1628932,A'ja Wilson,1611661324,Minnesota Lynx,4,0,46,Made Shot,Driving Layup Shot,2PT Field Goal,Restricted Area,Center(C),Less Than 8 ft.,1,-11,16,1,1,20180713,MIN,LVA,2018,1021800126565,23540,validated,,0,matched,playbyplayv2,1611661319,100915|200671|201480|202632|1627701,complete,playbyplay_inferred,201477|202670|203825|1628276|1628932,complete,playbyplay_inferred,1611661319,Las Vegas Aces
Shot Chart Detail,1021800126,571,202670,Carolyn Swords,1611661324,Minnesota Lynx,4,0,19,Made Shot,Layup Shot,2PT Field Goal,Restricted Area,Center(C),Less Than 8 ft.,1,-11,9,1,1,20180713,MIN,LVA,2018,1021800126571,23810,validated,203825,1,matched,playbyplayv2,1611661319,100915|200671|201480|202632|1628508,complete,playbyplay_inferred,201477|202670|203825|1628276|1628932,complete,playbyplay_inferred,1611661319,Las Vegas Aces
Shot Chart Detail,1021800132,7,203015,Shekinna Stricklen,1611661324,Minnesota Lynx,1,9,49,Missed Shot,Jump Shot,3PT Field Goal,Left Corner 3,Left Side(L),24+ ft.,23,-230,10,1,0,20180715,MIN,CON,2018,10218001327,110,validated,,0,matched,playbyplayv2,1611661323,100915|200671|201480|202632|1627701,complete,playbyplay_inferred,202662|203015|203823|203826|1627675,complete,playbyplay_inferred,1611661323,Connecticut Sun
Shot Chart Detail,1021800132,9,203823,Chiney Ogwumike,1611661324,Minnesota Lynx,1,9,33,Made Shot,Jump Shot,2PT Field Goal,Mid-Range,Right Side(R),8-16 ft.,13,139,10,1,1,20180715,MIN,CON,2018,10218001329,270,validated,202662,1,matched,playbyplayv2,1611661323,100915|200671|201480|202632|1627701,complete,playbyplay_inferred,202662|203015|203823|203826|1627675,complete,playbyplay_inferred,1611661323,Connecticut Sun
Shot Chart Detail,1021800132,13,202662,Jasmine Thomas,1611661324,Minnesota Lynx,1,9,1,Missed Shot,Jump Shot,2PT Field Goal,Mid-Range,Right Side Center(RC),16-24 ft.,18,129,126,1,0,20180715,MIN,CON,2018,102180013213,590,validated,,0,matched,playbyplayv2,1611661323,100915|200671|201480|202632|1627701,complete,playbyplay_inferred,202662|203015|203823|203826|1627675,complete,playbyplay_inferred,1611661323,Connecticut Sun
Shot Chart Detail,1021800132,15,203826,Alyssa Thomas,1611661324,Minnesota Lynx,1,8,57,Missed Shot,Layup Shot,2PT Field Goal,Restricted Area,Center(C),Less Than 8 ft.,2,23,9,1,0,20180715,MIN,CON,2018,102180013215,630,validated,,0,matched,playbyplayv2,1611661323,100915|200671|201480|202632|1627701,complete,playbyplay_inferred,202662|203015|203823|203826|1627675,complete,playbyplay_inferred,1611661323,Connecticut Sun
Shot Chart Detail,1021800132,17,202662,Jasmine Thomas,1611661324,Minnesota Lynx,1,8,48,Made Shot,Driving Finger Roll Layup Shot,2PT Field Goal,Restricted Area,Center(C),Less Than 8 ft.,1,14,-1,1,1,20180715,MIN,CON,2018,102180013217,720,validated,,0,matched,playbyplayv2,1611661323,100915|200671|201480|202632|1627701,complete,playbyplay_inferred,202662|203015|203823|203826|1627675,complete,playbyplay_inferred,1611661323,Connecticut Sun
Shot Chart Detail,1021800132,20,203823,Chiney Ogwumike,1611661324,Minnesota Lynx,1,8,17,Missed Shot,Jump Shot,2PT Field Goal,Mid-Range,Left Side(L),8-16 ft.,13,-106,87,1,0,20180715,MIN,CON,2018,102180013220,1030,validated,,0,matched,playbyplayv2,1611661323,100915|200671|201480|202632|1627701,complete,playbyplay_inferred,202662|203015|203823|203826|1627675,complete,playbyplay_inferred,1611661323,Connecticut Sun
Shot Chart Detail,1021800132,24,203015,Shekinna Stricklen,1611661324,Minnesota Lynx,1,7,46,Missed Shot,Jump Shot,3PT Field Goal,Above the Break 3,Right Side(R),16-24 ft.,22,203,98,1,0,20180715,MIN,CON,2018,102180013224,1340,validated,,0,matched,playbyplayv2,1611661323,100915|200671|201480|202632|1627701,complete,playbyplay_inferred,202662|203015|203823|203826|1627675,complete,playbyplay_inferred,1611661323,Connecticut Sun
Shot Chart Detail,1021800132,32,202662,Jasmine Thomas,1611661324,Minnesota Lynx,1,7,13,Made Shot,Jump Shot,3PT Field Goal,Above the Break 3,Left Side Center(LC),16-24 ft.,23,-181,145,1,1,20180715,MIN,CON,2018,102180013232,1670,validated,,0,matched,playbyplayv2,1611661323,100915|200671|201480|202632|1627701,complete,playbyplay_inferred,202662|203015|203823|203826|1627675,complete,playbyplay_inferred,1611661323,Connecticut Sun
Shot Chart Detail,1021800132,35,1627675,Courtney Williams,1611661324,Minnesota Lynx,1,6,50,Made Shot,Jump Shot,2PT Field Goal,Mid-Range,Center(C),8-16 ft.,15,28,156,1,1,20180715,MIN,CON,2018,102180013235,1900,validated,,0,matched,playbyplayv2,1611661323,100915|200671|201480|202632|1627701,complete,playbyplay_inferred,202662|203015|203823|203826|1627675,complete,playbyplay_inferred,1611661323,Connecticut Sun
Shot Chart Detail,1021800132,38,1627675,Courtney Williams,1611661324,Minnesota Lynx,1,6,25,Missed Shot,Jump Shot,2PT Field Goal,Mid-Range,Center(C),16-24 ft.,16,-20,166,1,0,20180715,MIN,CON,2018,102180013238,2150,validated,,0,matched,playbyplayv2,1611661323,100915|200671|201480|202632|1627701,complete,playbyplay_inferred,202662|203015|203823|203826|1627675,complete,playbyplay_inferred,1611661323,Connecticut Sun
Shot Chart Detail,1021800132,46,203826,Alyssa Thomas,1611661324,Minnesota Lynx,1,5,54,Missed Shot,Jump Shot,2PT Field Goal,Mid-Range,Left Side(L),8-16 ft.,13,-87,108,1,0,20180715,MIN,CON,2018,102180013246,2460,validated,,0,matched,playbyplayv2,1611661323,100915|200671|201480|202632|1627701,complete,playbyplay_inferred,202662|203015|203826|1627673|1627675,complete,playbyplay_inferred,1611661323,Connecticut Sun
Shot Chart Detail,1021800132,49,1627675,Courtney Williams,1611661324,Minnesota Lynx,1,5,31,Missed Shot,Pullup Jump shot,2PT Field Goal,Mid-Range,Right Side(R),16-24 ft.,18,156,99,1,0,20180715,MIN,CON,2018,102180013249,2690,validated,,0,matched,playbyplayv2,1611661323,100915|200671|201480|202632|1627701,complete,playbyplay_inferred,202662|203015|203826|1627673|1627675,complete,playbyplay_inferred,1611661323,Connecticut Sun
Shot Chart Detail,1021800132,53,1627673,Jonquel Jones,1611661324,Minnesota Lynx,1,5,9,Made Shot,Layup Shot,2PT Field Goal,Restricted Area,Center(C),Less Than 8 ft.,1,14,-11,1,1,20180715,MIN,CON,2018,102180013253,2910,validated,1627675,1,matched,playbyplayv2,1611661323,100915|200671|201480|202632|1627701,complete,playbyplay_inferred,202662|203015|203826|1627673|1627675,complete,playbyplay_inferred,1611661323,Connecticut Sun
Shot Chart Detail,1021800132,60,1627675,Courtney Williams,1611661324,Minnesota Lynx,1,4,16,Made Shot,Jump Shot,2PT Field Goal,Mid-Range,Left Side Center(LC),16-24 ft.,17,-66,165,1,1,20180715,MIN,CON,2018,102180013260,3440,validated,,0,matched,playbyplayv2,1611661323,100915|200671|201480|202632|1627701,complete,playbyplay_inferred,202662|203015|203826|1627673|1627675,complete,playbyplay_inferred,1611661323,Connecticut Sun
Shot Chart Detail,1021800132,63,1627673,Jonquel Jones,1611661324,Minnesota Lynx,1,3,41,Made Shot,Jump Shot,3PT Field Goal,Above the Break 3,Center(C),16-24 ft.,23,-25,232,1,1,20180715,MIN,CON,2018,102180013263,3790,validated,1627675,1,matched,playbyplayv2,1611661323,100915|200671|201480|202632|1627701,complete,playbyplay_inferred,202662|203015|203826|1627673|1627675,complete,playbyplay_inferred,1611661323,Connecticut Sun
Shot Chart Detail,1021800132,82,203826,Alyssa Thomas,1611661324,Minnesota Lynx,1,2,18,Missed Shot,Layup Shot,2PT Field Goal,Restricted Area,Center(C),Less Than 8 ft.,2,8,26,1,0,20180715,MIN,CON,2018,102180013282,4620,validated,,0,matched,playbyplayv2,1611661323,101030|201480|202632|202658|1627701,complete,playbyplay_inferred,202662|203826|1627671|1627673|1627675,complete,playbyplay_inferred,1611661323,Connecticut Sun
Shot Chart Detail,1021800132,86,202662,Jasmine Thomas,1611661324,Minnesota Lynx,1,2,11,Missed Shot,Step Back Jump shot,3PT Field Goal,Above the Break 3,Left Side(L),16-24 ft.,22,-215,63,1,0,20180715,MIN,CON,2018,102180013286,4690,validated,,0,matched,playbyplayv2,1611661323,101030|201480|202658|1627701|1628508,complete,playbyplay_inferred,202662|203826|1627671|1627673|1627675,complete,playbyplay_inferred,1611661323,Connecticut Sun
Shot Chart Detail,1021800132,88,1627675,Courtney Williams,1611661324,Minnesota Lynx,1,2,6,Made Shot,Putback Layup Shot,2PT Field Goal,Restricted Area,Center(C),Less Than 8 ft.,1,18,5,1,1,20180715,MIN,CON,2018,102180013288,4740,validated,,0,matched,playbyplayv2,1611661323,101030|201480|202658|1627701|1628508,complete,playbyplay_inferred,202662|203826|1627671|1627673|1627675,complete,playbyplay_inferred,1611661323,Connecticut Sun
Shot Chart Detail,1021800132,102,1627675,Courtney Williams,1611661324,Minnesota Lynx,1,1,13,Missed Shot,Jump Shot,2PT Field Goal,Mid-Range,Right Side(R),16-24 ft.,16,162,15,1,0,20180715,MIN,CON,2018,1021800132102,5270,validated,,0,matched,playbyplayv2,1611661323,200671|201480|202658|1627701|1628508,complete,playbyplay_inferred,202662|203826|1627671|1627673|1627675,complete,playbyplay_inferred,1611661323,Connecticut Sun
Shot Chart Detail,1021800132,106,1627671,Rachel Banham,1611661324,Minnesota Lynx,1,0,50,Made Shot,Jump Shot,3PT Field Goal,Right Corner 3,Right Side(R),24+ ft.,23,232,27,1,1,20180715,MIN,CON,2018,1021800132106,5500,validated,202662,1,matched,playbyplayv2,1611661323,200671|201480|202658|1627701|1628508,complete,playbyplay_inferred,202662|203826|1627671|1627673|1627675,complete,playbyplay_inferred,1611661323,Connecticut Sun
Shot Chart Detail,1021800132,110,1627671,Rachel Banham,1611661324,Minnesota Lynx,1,0,24,Made Shot,Jump Shot,3PT Field Goal,Above the Break 3,Right Side Center(RC),24+ ft.,24,182,158,1,1,20180715,MIN,CON,2018,1021800132110,5760,validated,202662,1,matched,playbyplayv2,1611661323,200671|201480|202658|1627701|1628508,complete,playbyplay_inferred,202662|203826|1627671|1627673|1627675,complete,playbyplay_inferred,1611661323,Connecticut Sun
Shot Chart Detail,1021800132,113,202662,Jasmine Thomas,1611661324,Minnesota Lynx,1,0,0,Missed Shot,Pullup Jump shot,2PT Field Goal,Mid-Range,Right Side Center(RC),16-24 ft.,18,130,131,1,0,20180715,MIN,CON,2018,1021800132113,6000,validated,,0,matched,playbyplayv2,1611661323,200671|201480|202658|1627701|1628508,complete,playbyplay_inferred,202662|203826|1627671|1627673|1627675,complete,playbyplay_inferred,1611661323,Connecticut Sun
Shot Chart Detail,1021800132,124,1627673,Jonquel Jones,1611661324,Minnesota Lynx,2,9,10,Missed Shot,Jump Shot,3PT Field Goal,Above the Break 3,Center(C),16-24 ft.,23,2,233,1,0,20180715,MIN,CON,2018,1021800132124,6500,validated,,0,matched,playbyplayv2,1611661323,200671|201480|202658|1627701|1628508,complete,playbyplay_inferred,202662|203015|203826|1627671|1627673,complete,playbyplay_inferred,1611661323,Connecticut Sun
Shot Chart Detail,1021800132,128,202662,Jasmine Thomas,1611661324,Minnesota Lynx,2,8,36,Missed Shot,Pullup Jump shot,2PT Field Goal,Mid-Range,Center(C),8-16 ft.,14,14,144,1,0,20180715,MIN,CON,2018,1021800132128,6840,validated,,0,matched,playbyplayv2,1611661323,200671|201480|202658|1627701|1628508,complete,playbyplay_inferred,202662|203015|203826|1627671|1627673,complete,playbyplay_inferred,1611661323,Connecticut Sun
Shot Chart Detail,1021800132,130,202662,Jasmine Thomas,1611661324,Minnesota Lynx,2,8,31,Made Shot,Jump Bank Shot,2PT Field Goal,Mid-Range,Left Side(L),8-16 ft.,12,-122,32,1,1,20180715,MIN,CON,2018,1021800132130,6890,validated,,0,matched,playbyplayv2,1611661323,200671|201480|202658|1627701|1628508,complete,playbyplay_inferred,202662|203015|203826|1627671|1627673,complete,playbyplay_inferred,1611661323,Connecticut Sun
Shot Chart Detail,1021800132,153,203015,Shekinna Stricklen,1611661324,Minnesota Lynx,2,7,21,Made Shot,Pullup Jump shot,2PT Field Goal,Mid-Range,Center(C),16-24 ft.,17,6,170,1,1,20180715,MIN,CON,2018,1021800132153,7590,validated,,0,matched,playbyplayv2,1611661323,100915|200671|201503|202632|1628508,complete,playbyplay_inferred,203015|203406|1627670|1627671|1628280,complete,playbyplay_inferred,1611661323,Connecticut Sun
Shot Chart Detail,1021800132,157,1627671,Rachel Banham,1611661324,Minnesota Lynx,2,6,57,Made Shot,Jump Shot,3PT Field Goal,Above the Break 3,Right Side Center(RC),24+ ft.,27,152,230,1,1,20180715,MIN,CON,2018,1021800132157,7830,validated,203015,1,matched,playbyplayv2,1611661323,100915|200671|201503|202632|1628508,complete,playbyplay_inferred,203015|203406|1627670|1627671|1628280,complete,playbyplay_inferred,1611661323,Connecticut Sun
Shot Chart Detail,1021800132,163,1628280,Brionna Jones,1611661324,Minnesota Lynx,2,6,15,Missed Shot,Layup Shot,2PT Field Goal,Restricted Area,Center(C),Less Than 8 ft.,1,13,4,1,0,20180715,MIN,CON,2018,1021800132163,8250,validated,,0,matched,playbyplayv2,1611661323,100915|200671|201503|202632|1628508,complete,playbyplay_inferred,203015|203406|1627670|1627671|1628280,complete,playbyplay_inferred,1611661323,Connecticut Sun
Shot Chart Detail,1021800132,179,1628280,Brionna Jones,1611661324,Minnesota Lynx,2,5,15,Made Shot,Cutting Layup Shot,2PT Field Goal,Restricted Area,Center(C),Less Than 8 ft.,1,-11,-12,1,1,20180715,MIN,CON,2018,1021800132179,8850,validated,1627671,1,matched,playbyplayv2,1611661323,100915|200671|201503|202632|1628508,complete,playbyplay_inferred,203015|203406|1627670|1627671|1628280,complete,playbyplay_inferred,1611661323,Connecticut Sun
Shot Chart Detail,1021800132,182,1627670,Morgan Tuck,1611661324,Minnesota Lynx,2,4,33,Made Shot,Jump Shot,3PT Field Goal,Above the Break 3,Center(C),24+ ft.,24,8,246,1,1,20180715,MIN,CON,2018,1021800132182,9270,validated,203406,1,matched,playbyplayv2,1611661323,100915|200671|201503|202632|1628508,complete,playbyplay_inferred,203015|203406|1627670|1627671|1628280,complete,playbyplay_inferred,1611661323,Connecticut Sun
Shot Chart Detail,1021800132,195,203406,Layshia Clarendon,1611661324,Minnesota Lynx,2,3,56,Missed Shot,Layup Shot,2PT Field Goal,Restricted Area,Center(C),Less Than 8 ft.,2,-19,7,1,0,20180715,MIN,CON,2018,1021800132195,9640,validated,,0,matched,playbyplayv2,1611661323,100915|200671|201480|202632|1627701,complete,playbyplay_inferred,203015|203406|1627670|1627671|1628280,complete,playbyplay_inferred,1611661323,Connecticut Sun
Shot Chart Detail,1021800132,199,203015,Shekinna Stricklen,1611661324,Minnesota Lynx,2,3,34,Missed Shot,Jump Shot,3PT Field Goal,Above the Break 3,Right Side Center(RC),24+ ft.,24,121,208,1,0,20180715,MIN,CON,2018,1021800132199,9860,validated,,0,matched,playbyplayv2,1611661323,100915|200671|201480|202632|1627701,complete,playbyplay_inferred,203015|203406|1627670|1627671|1628280,complete,playbyplay_inferred,1611661323,Connecticut Sun
Shot Chart Detail,1021800132,217,1627675,Courtney Williams,1611661324,Minnesota Lynx,2,2,35,Missed Shot,Jump Shot,2PT Field Goal,Mid-Range,Left Side(L),8-16 ft.,12,-115,52,1,0,20180715,MIN,CON,2018,1021800132217,10450,validated,,0,matched,playbyplayv2,1611661323,100915|201480|202632|1627701|1628283,complete,playbyplay_inferred,202662|203826|1627670|1627675|1628280,complete,playbyplay_inferred,1611661323,Connecticut Sun
Shot Chart Detail,1021800132,219,1627675,Courtney Williams,1611661324,Minnesota Lynx,2,2,31,Missed Shot,Jump Shot,2PT Field Goal,Restricted Area,Center(C),Less Than 8 ft.,3,-37,7,1,0,20180715,MIN,CON,2018,1021800132219,10490,validated,,0,matched,playbyplayv2,1611661323,100915|201480|202632|1627701|1628283,complete,playbyplay_inferred,202662|203826|1627670|1627675|1628280,complete,playbyplay_inferred,1611661323,Connecticut Sun
Shot Chart Detail,1021800132,223,1627670,Morgan Tuck,1611661324,Minnesota Lynx,2,2,6,Made Shot,Cutting Layup Shot,2PT Field Goal,Restricted Area,Center(C),Less Than 8 ft.,0,-7,1,1,1,20180715,MIN,CON,2018,1021800132223,10740,validated,1628280,1,matched,playbyplayv2,1611661323,100915|201480|202632|1627701|1628283,complete,playbyplay_inferred,202662|203826|1627670|1627675|1628280,complete,playbyplay_inferred,1611661323,Connecticut Sun
Shot Chart Detail,1021800132,235,1627670,Morgan Tuck,1611661324,Minnesota Lynx,2,0,32,Missed Shot,Jump Shot,2PT Field Goal,In The Paint (Non-RA),Center(C),8-16 ft.,11,48,107,1,0,20180715,MIN,CON,2018,1021800132235,11680,validated,,0,matched,playbyplayv2,1611661323,100915|201480|202632|1627701|1628283,complete,playbyplay_inferred,202662|203826|1627670|1627675|1628280,complete,playbyplay_inferred,1611661323,Connecticut Sun
Shot Chart Detail,1021800132,237,1627675,Courtney Williams,1611661324,Minnesota Lynx,2,0,29,Missed Shot,Putback Layup Shot,2PT Field Goal,Restricted Area,Center(C),Less Than 8 ft.,2,-28,-6,1,0,20180715,MIN,CON,2018,1021800132237,11710,validated,,0,matched,playbyplayv2,1611661323,100915|201480|202632|1627701|1628283,complete,playbyplay_inferred,202662|203826|1627670|1627675|1628280,complete,playbyplay_inferred,1611661323,Connecticut Sun
Shot Chart Detail,1021800132,263,1627675,Courtney Williams,1611661324,Minnesota Lynx,3,9,40,Missed Shot,Jump Shot,2PT Field Goal,Mid-Range,Right Side(R),8-16 ft.,10,97,28,1,0,20180715,MIN,CON,2018,1021800132263,12200,validated,,0,matched,playbyplayv2,1611661323,100915|200671|201480|202632|1627701,complete,playbyplay_inferred,202662|203015|203823|203826|1627675,complete,playbyplay_inferred,1611661323,Connecticut Sun
Shot Chart Detail,1021800132,268,203823,Chiney Ogwumike,1611661324,Minnesota Lynx,3,8,43,Missed Shot,Layup Shot,2PT Field Goal,Restricted Area,Center(C),Less Than 8 ft.,2,26,9,1,0,20180715,MIN,CON,2018,1021800132268,12770,validated,,0,matched,playbyplayv2,1611661323,100915|200671|201480|202632|1627701,complete,playbyplay_inferred,202662|203015|203823|203826|1627675,complete,playbyplay_inferred,1611661323,Connecticut Sun
Shot Chart Detail,1021800132,272,203015,Shekinna Stricklen,1611661324,Minnesota Lynx,3,8,26,Missed Shot,Running Layup Shot,2PT Field Goal,Restricted Area,Center(C),Less Than 8 ft.,3,39,8,1,0,20180715,MIN,CON,2018,1021800132272,12940,validated,,0,matched,playbyplayv2,1611661323,100915|200671|201480|202632|1627701,complete,playbyplay_inferred,202662|203015|203823|203826|1627675,complete,playbyplay_inferred,1611661323,Connecticut Sun
Shot Chart Detail,1021800132,279,202662,Jasmine Thomas,1611661324,Minnesota Lynx,3,7,56,Missed Shot,Layup Shot,2PT Field Goal,Restricted Area,Center(C),Less Than 8 ft.,2,24,6,1,0,20180715,MIN,CON,2018,1021800132279,13240,validated,,0,matched,playbyplayv2,1611661323,100915|200671|201480|202632|1627701,complete,playbyplay_inferred,202662|203015|203823|203826|1627675,complete,playbyplay_inferred,1611661323,Connecticut Sun
Shot Chart Detail,1021800132,284,203015,Shekinna Stricklen,1611661324,Minnesota Lynx,3,7,46,Made Shot,Jump Shot,3PT Field Goal,Above the Break 3,Left Side Center(LC),24+ ft.,23,-223,88,1,1,20180715,MIN,CON,2018,1021800132284,13340,validated,203826,1,matched,playbyplayv2,1611661323,100915|200671|201480|202632|1627701,complete,playbyplay_inferred,202662|203015|203823|203826|1627675,complete,playbyplay_inferred,1611661323,Connecticut Sun
Shot Chart Detail,1021800132,293,202662,Jasmine Thomas,1611661324,Minnesota Lynx,3,6,40,Missed Shot,Layup Shot,2PT Field Goal,Restricted Area,Center(C),Less Than 8 ft.,1,-19,4,1,0,20180715,MIN,CON,2018,1021800132293,14000,validated,,0,matched,playbyplayv2,1611661323,100915|200671|201480|202632|1627701,complete,playbyplay_inferred,202662|203015|203823|203826|1627675,complete,playbyplay_inferred,1611661323,Connecticut Sun
Shot Chart Detail,1021800132,301,1627675,Courtney Williams,1611661324,Minnesota Lynx,3,6,12,Made Shot,Jump Shot,2PT Field Goal,Mid-Range,Left Side Center(LC),16-24 ft.,20,-117,174,1,1,20180715,MIN,CON,2018,1021800132301,14280,validated,,0,matched,playbyplayv2,1611661323,200671|201480|202632|202658|1627701,complete,playbyplay_inferred,202662|203015|203823|203826|1627675,complete,playbyplay_inferred,1611661323,Connecticut Sun
Shot Chart Detail,1021800132,306,202662,Jasmine Thomas,1611661324,Minnesota Lynx,3,5,44,Made Shot,Driving Layup Shot,2PT Field Goal,Restricted Area,Center(C),Less Than 8 ft.,0,-9,2,1,1,20180715,MIN,CON,2018,1021800132306,14560,validated,,0,matched,playbyplayv2,1611661323,200671|201480|202632|202658|1627701,complete,playbyplay_inferred,202662|203015|203823|203826|1627675,complete,playbyplay_inferred,1611661323,Connecticut Sun
Shot Chart Detail,1021800132,310,203823,Chiney Ogwumike,1611661324,Minnesota Lynx,3,5,9,Missed Shot,Layup Shot,2PT Field Goal,Restricted Area,Center(C),Less Than 8 ft.,2,-14,22,1,0,20180715,MIN,CON,2018,1021800132310,14910,validated,,0,matched,playbyplayv2,1611661323,200671|201480|202632|202658|1627701,complete,playbyplay_inferred,202662|203015|203823|203826|1627675,complete,playbyplay_inferred,1611661323,Connecticut Sun
Shot Chart Detail,1021800132,313,1627675,Courtney Williams,1611661324,Minnesota Lynx,3,5,2,Made Shot,Jump Shot,2PT Field Goal,Mid-Range,Center(C),16-24 ft.,22,14,224,1,1,20180715,MIN,CON,2018,1021800132313,14980,validated,,0,matched,playbyplayv2,1611661323,200671|201480|202632|202658|1627701,complete,playbyplay_inferred,202662|203015|203823|203826|1627675,complete,playbyplay_inferred,1611661323,Connecticut Sun
Shot Chart Detail,1021800132,317,203015,Shekinna Stricklen,1611661324,Minnesota Lynx,3,4,22,Made Shot,Jump Shot,3PT Field Goal,Left Corner 3,Left Side(L),24+ ft.,23,-231,14,1,1,20180715,MIN,CON,2018,1021800132317,15380,validated,203826,1,matched,playbyplayv2,1611661323,200671|201480|202632|202658|1627701,complete,playbyplay_inferred,202662|203015|203823|203826|1627675,complete,playbyplay_inferred,1611661323,Connecticut Sun
Shot Chart Detail,1021800132,333,202662,Jasmine Thomas,1611661324,Minnesota Lynx,3,3,30,Missed Shot,Jump Shot,3PT Field Goal,Above the Break 3,Left Side Center(LC),24+ ft.,24,-179,167,1,0,20180715,MIN,CON,2018,1021800132333,15900,validated,,0,matched,playbyplayv2,1611661323,101030|201480|202658|1628508|1628866,complete,playbyplay_inferred,202662|203015|203823|1627670|1627675,complete,playbyplay_inferred,1611661323,Connecticut Sun
Shot Chart Detail,1021800132,337,202662,Jasmine Thomas,1611661324,Minnesota Lynx,3,3,10,Made Shot,Driving Layup Shot,2PT Field Goal,Restricted Area,Center(C),Less Than 8 ft.,2,-25,11,1,1,20180715,MIN,CON,2018,1021800132337,16100,validated,,0,matched,playbyplayv2,1611661323,101030|201480|202658|1628508|1628866,complete,playbyplay_inferred,202662|203015|203823|1627670|1627675,complete,playbyplay_inferred,1611661323,Connecticut Sun
Shot Chart Detail,1021800132,340,203015,Shekinna Stricklen,1611661324,Minnesota Lynx,3,2,33,Missed Shot,Jump Shot,3PT Field Goal,Above the Break 3,Center(C),24+ ft.,27,-52,269,1,0,20180715,MIN,CON,2018,1021800132340,16470,validated,,0,matched,playbyplayv2,1611661323,101030|201480|202658|1628508|1628866,complete,playbyplay_inferred,202662|203015|203823|1627670|1627675,complete,playbyplay_inferred,1611661323,Connecticut Sun
Shot Chart Detail,1021800132,344,203015,Shekinna Stricklen,1611661324,Minnesota Lynx,3,1,53,Made Shot,Driving Floating Jump Shot,2PT Field Goal,In The Paint (Non-RA),Center(C),Less Than 8 ft.,5,-50,15,1,1,20180715,MIN,CON,2018,1021800132344,16870,validated,202662,1,matched,playbyplayv2,1611661323,101030|201480|202658|1628508|1628866,complete,playbyplay_inferred,202662|203015|203823|1627670|1627675,complete,playbyplay_inferred,1611661323,Connecticut Sun
Shot Chart Detail,1021800132,360,1627673,Jonquel Jones,1611661324,Minnesota Lynx,3,1,22,Made Shot,Layup Shot,2PT Field Goal,Restricted Area,Center(C),Less Than 8 ft.,3,30,12,1,1,20180715,MIN,CON,2018,1021800132360,17180,validated,1627670,1,matched,playbyplayv2,1611661323,101030|201503|202658|1628508|1628866,complete,playbyplay_inferred,203406|204335|1627670|1627671|1627673,complete,playbyplay_inferred,1611661323,Connecticut Sun
Shot Chart Detail,1021800132,376,1627670,Morgan Tuck,1611661324,Minnesota Lynx,3,0,24,Made Shot,Jump Shot,3PT Field Goal,Above the Break 3,Left Side Center(LC),24+ ft.,24,-173,175,1,1,20180715,MIN,CON,2018,1021800132376,17760,validated,1627671,1,matched,playbyplayv2,1611661323,101030|201503|202658|1628508|1628866,complete,playbyplay_inferred,203406|204335|1627670|1627671|1627673,complete,playbyplay_inferred,1611661323,Connecticut Sun
Shot Chart Detail,1021800132,379,1627671,Rachel Banham,1611661324,Minnesota Lynx,3,0,0,Missed Shot,Jump Shot,3PT Field Goal,Above the Break 3,Right Side Center(RC),24+ ft.,25,110,235,1,0,20180715,MIN,CON,2018,1021800132379,18000,validated,,0,matched,playbyplayv2,1611661323,101030|201503|202658|1628508|1628866,complete,playbyplay_inferred,203406|204335|1627670|1627671|1627673,complete,playbyplay_inferred,1611661323,Connecticut Sun
Shot Chart Detail,1021800132,394,1627671,Rachel Banham,1611661324,Minnesota Lynx,4,9,41,Missed Shot,Jump Shot,3PT Field Goal,Above the Break 3,Center(C),24+ ft.,23,-4,239,1,0,20180715,MIN,CON,2018,1021800132394,18190,validated,,0,matched,playbyplayv2,1611661323,100915|200671|201480|202632|1627701,complete,playbyplay_inferred,203406|204335|1627670|1627671|1627673,complete,playbyplay_inferred,1611661323,Connecticut Sun
Shot Chart Detail,1021800132,398,1627670,Morgan Tuck,1611661324,Minnesota Lynx,4,9,34,Made Shot,Jump Shot,3PT Field Goal,Above the Break 3,Left Side Center(LC),24+ ft.,23,-175,162,1,1,20180715,MIN,CON,2018,1021800132398,18260,validated,203406,1,matched,playbyplayv2,1611661323,100915|200671|201480|202632|1627701,complete,playbyplay_inferred,203406|204335|1627670|1627671|1627673,complete,playbyplay_inferred,1611661323,Connecticut Sun
Shot Chart Detail,1021800132,402,1627670,Morgan Tuck,1611661324,Minnesota Lynx,4,9,6,Made Shot,Jump Shot,3PT Field Goal,Above the Break 3,Right Side(R),24+ ft.,23,224,78,1,1,20180715,MIN,CON,2018,1021800132402,18540,validated,203406,1,matched,playbyplayv2,1611661323,100915|200671|201480|202632|1627701,complete,playbyplay_inferred,203406|204335|1627670|1627671|1627673,complete,playbyplay_inferred,1611661323,Connecticut Sun
Shot Chart Detail,1021800132,405,204335,Betnijah Laney-Hamilton,1611661324,Minnesota Lynx,4,8,30,Missed Shot,Driving Layup Shot,2PT Field Goal,Restricted Area,Center(C),Less Than 8 ft.,1,14,4,1,0,20180715,MIN,CON,2018,1021800132405,18900,validated,,0,matched,playbyplayv2,1611661323,100915|200671|201480|202632|1627701,complete,playbyplay_inferred,203406|204335|1627670|1627671|1627673,complete,playbyplay_inferred,1611661323,Connecticut Sun
Shot Chart Detail,1021800132,411,1627670,Morgan Tuck,1611661324,Minnesota Lynx,4,7,57,Missed Shot,Jump Shot,3PT Field Goal,Above the Break 3,Center(C),24+ ft.,23,-30,238,1,0,20180715,MIN,CON,2018,1021800132411,19230,validated,,0,matched,playbyplayv2,1611661323,100915|200671|201480|202632|1627701,complete,playbyplay_inferred,203406|204335|1627670|1627671|1627673,complete,playbyplay_inferred,1611661323,Connecticut Sun
Shot Chart Detail,1021800132,413,1627673,Jonquel Jones,1611661324,Minnesota Lynx,4,7,46,Made Shot,Cutting Layup Shot,2PT Field Goal,Restricted Area,Center(C),Less Than 8 ft.,1,8,12,1,1,20180715,MIN,CON,2018,1021800132413,19340,validated,203406,1,matched,playbyplayv2,1611661323,100915|200671|201480|202632|1627701,complete,playbyplay_inferred,203406|204335|1627670|1627671|1627673,complete,playbyplay_inferred,1611661323,Connecticut Sun
Shot Chart Detail,1021800132,417,1627670,Morgan Tuck,1611661324,Minnesota Lynx,4,7,0,Missed Shot,Jump Shot,3PT Field Goal,Above the Break 3,Left Side Center(LC),24+ ft.,25,-151,202,1,0,20180715,MIN,CON,2018,1021800132417,19800,validated,,0,matched,playbyplayv2,1611661323,100915|200671|201480|202632|1627701,complete,playbyplay_inferred,203406|204335|1627670|1627671|1627673,complete,playbyplay_inferred,1611661323,Connecticut Sun
Shot Chart Detail,1021800132,434,204335,Betnijah Laney-Hamilton,1611661324,Minnesota Lynx,4,6,30,Made Shot,Driving Layup Shot,2PT Field Goal,Restricted Area,Center(C),Less Than 8 ft.,2,22,7,1,1,20180715,MIN,CON,2018,1021800132434,20100,validated,,0,matched,playbyplayv2,1611661323,101030|201503|1627701|1628283|1628508,complete,playbyplay_inferred,203406|204335|1627670|1627671|1627673,complete,playbyplay_inferred,1611661323,Connecticut Sun
Shot Chart Detail,1021800132,442,1627673,Jonquel Jones,1611661324,Minnesota Lynx,4,6,2,Made Shot,Jump Shot,3PT Field Goal,Above the Break 3,Center(C),24+ ft.,24,-43,243,1,1,20180715,MIN,CON,2018,1021800132442,20380,validated,203406,1,matched,playbyplayv2,1611661323,101030|201503|1628283|1628508|1628866,complete,playbyplay_inferred,203406|204335|1627670|1627671|1627673,complete,playbyplay_inferred,1611661323,Connecticut Sun
Shot Chart Detail,1021800132,448,1627671,Rachel Banham,1611661324,Minnesota Lynx,4,5,26,Made Shot,Pullup Jump shot,2PT Field Goal,Mid-Range,Right Side(R),8-16 ft.,10,96,51,1,1,20180715,MIN,CON,2018,1021800132448,20740,validated,,0,matched,playbyplayv2,1611661323,101030|201503|1628283|1628508|1628866,complete,playbyplay_inferred,203406|204335|1627670|1627671|1627673,complete,playbyplay_inferred,1611661323,Connecticut Sun
Shot Chart Detail,1021800132,456,1627670,Morgan Tuck,1611661324,Minnesota Lynx,4,4,14,Missed Shot,Driving Layup Shot,2PT Field Goal,In The Paint (Non-RA),Center(C),Less Than 8 ft.,6,-15,63,1,0,20180715,MIN,CON,2018,1021800132456,21460,validated,,0,matched,playbyplayv2,1611661323,101030|201503|1628283|1628508|1628866,complete,playbyplay_inferred,203406|204335|1627670|1627671|1627673,complete,playbyplay_inferred,1611661323,Connecticut Sun
Shot Chart Detail,1021800132,459,1627673,Jonquel Jones,1611661324,Minnesota Lynx,4,4,12,Missed Shot,Jump Shot,2PT Field Goal,Mid-Range,Right Side(R),8-16 ft.,15,159,14,1,0,20180715,MIN,CON,2018,1021800132459,21480,validated,,0,matched,playbyplayv2,1611661323,101030|201503|1628283|1628508|1628866,complete,playbyplay_inferred,203406|204335|1627670|1627671|1627673,complete,playbyplay_inferred,1611661323,Connecticut Sun
Shot Chart Detail,1021800132,470,1627673,Jonquel Jones,1611661324,Minnesota Lynx,4,2,52,Missed Shot,Jump Shot,3PT Field Goal,Above the Break 3,Right Side(R),16-24 ft.,23,202,114,1,0,20180715,MIN,CON,2018,1021800132470,22280,validated,,0,matched,playbyplayv2,1611661323,101030|201503|1628283|1628508|1628866,complete,playbyplay_inferred,203406|204335|1627670|1627671|1627673,complete,playbyplay_inferred,1611661323,Connecticut Sun
Shot Chart Detail,1021800132,484,1628280,Brionna Jones,1611661324,Minnesota Lynx,4,1,46,Missed Shot,Jump Shot,2PT Field Goal,Mid-Range,Left Side(L),8-16 ft.,15,-152,-4,1,0,20180715,MIN,CON,2018,1021800132484,22940,validated,,0,matched,playbyplayv2,1611661323,101030|201503|1628283|1628508|1628866,complete,playbyplay_inferred,203406|1627670|1627671|1628280|1628882,complete,playbyplay_inferred,1611661323,Connecticut Sun
Shot Chart Detail,1021800132,495,1628882,Lexie Brown,1611661324,Minnesota Lynx,4,1,3,Missed Shot,Jump Shot,3PT Field Goal,Above the Break 3,Right Side Center(RC),16-24 ft.,23,189,138,1,0,20180715,MIN,CON,2018,1021800132495,23370,validated,,0,matched,playbyplayv2,1611661323,101030|201503|1628283|1628508|1628866,complete,playbyplay_inferred,203406|1627670|1627671|1628280|1628882,complete,playbyplay_inferred,1611661323,Connecticut Sun
Shot Chart Detail,1021800132,501,1628882,Lexie Brown,1611661324,Minnesota Lynx,4,0,29,Missed Shot,Driving Layup Shot,2PT Field Goal,Restricted Area,Center(C),Less Than 8 ft.,1,14,3,1,0,20180715,MIN,CON,2018,1021800132501,23710,validated,,0,matched,playbyplayv2,1611661323,101030|201503|1628283|1628508|1628866,complete,playbyplay_inferred,203406|1627670|1627671|1628280|1628882,complete,playbyplay_inferred,1611661323,Connecticut Sun
Shot Chart Detail,1021800132,503,1627670,Morgan Tuck,1611661324,Minnesota Lynx,4,0,26,Missed Shot,Layup Shot,2PT Field Goal,Restricted Area,Center(C),Less Than 8 ft.,2,-23,12,1,0,20180715,MIN,CON,2018,1021800132503,23740,validated,,0,matched,playbyplayv2,1611661323,101030|201503|1628283|1628508|1628866,complete,playbyplay_inferred,203406|1627670|1627671|1628280|1628882,complete,playbyplay_inferred,1611661323,Connecticut Sun
Shot Chart Detail,1021800136,7,200676,Candice Dupree,1611661324,Minnesota Lynx,1,9,41,Missed Shot,Jump Shot,2PT Field Goal,Mid-Range,Right Side(R),8-16 ft.,15,150,51,1,0,20180718,MIN,IND,2018,10218001367,190,validated,,0,matched,playbyplayv2,1611661325,100915|100944|200671|201480|202632,complete,playbyplay_inferred,200665|200676|203831|204365|1628927,complete,playbyplay_inferred,1611661325,Indiana Fever
Shot Chart Detail,1021800136,18,200676,Candice Dupree,1611661324,Minnesota Lynx,1,8,34,Made Shot,Jump Shot,2PT Field Goal,Mid-Range,Right Side(R),8-16 ft.,11,113,38,1,1,20180718,MIN,IND,2018,102180013618,860,validated,1628927,1,matched,playbyplayv2,1611661325,100915|100944|200671|201480|202632,complete,playbyplay_inferred,200665|200676|203831|204365|1628927,complete,playbyplay_inferred,1611661325,Indiana Fever
Shot Chart Detail,1021800136,24,200665,Cappie Pondexter,1611661324,Minnesota Lynx,1,7,50,Missed Shot,Jump Shot,2PT Field Goal,Mid-Range,Center(C),16-24 ft.,18,2,189,1,0,20180718,MIN,IND,2018,102180013624,1300,validated,,0,matched,playbyplayv2,1611661325,100915|100944|200671|201480|202632,complete,playbyplay_inferred,200665|200676|203831|204365|1628927,complete,playbyplay_inferred,1611661325,Indiana Fever
Shot Chart Detail,1021800136,29,200676,Candice Dupree,1611661324,Minnesota Lynx,1,7,18,Missed Shot,Fadeaway Jump Shot,2PT Field Goal,In The Paint (Non-RA),Right Side(R),8-16 ft.,12,61,105,1,0,20180718,MIN,IND,2018,102180013629,1620,validated,,0,matched,playbyplayv2,1611661325,100915|100944|200671|201480|202632,complete,playbyplay_inferred,200665|200676|203831|204365|1628927,complete,playbyplay_inferred,1611661325,Indiana Fever
Shot Chart Detail,1021800136,34,200665,Cappie Pondexter,1611661324,Minnesota Lynx,1,6,42,Missed Shot,Jump Shot,3PT Field Goal,Above the Break 3,Left Side Center(LC),24+ ft.,23,-108,212,1,0,20180718,MIN,IND,2018,102180013634,1980,validated,,0,matched,playbyplayv2,1611661325,100915|100944|200671|201480|202632,complete,playbyplay_inferred,200665|200676|203831|204365|1628927,complete,playbyplay_inferred,1611661325,Indiana Fever
Shot Chart Detail,1021800136,41,1628927,Victoria Vivians,1611661324,Minnesota Lynx,1,6,4,Made Shot,Jump Shot,3PT Field Goal,Above the Break 3,Right Side Center(RC),16-24 ft.,23,136,188,1,1,20180718,MIN,IND,2018,102180013641,2360,validated,204365,1,matched,playbyplayv2,1611661325,100915|100944|200671|201480|202632,complete,playbyplay_inferred,200665|200676|203831|204365|1628927,complete,playbyplay_inferred,1611661325,Indiana Fever
Shot Chart Detail,1021800136,46,200676,Candice Dupree,1611661324,Minnesota Lynx,1,5,20,Made Shot,Jump Shot,2PT Field Goal,Mid-Range,Right Side(R),16-24 ft.,17,150,86,1,1,20180718,MIN,IND,2018,102180013646,2800,validated,200665,1,matched,playbyplayv2,1611661325,100915|100944|200671|201480|202632,complete,playbyplay_inferred,200665|200676|203831|204365|1628927,complete,playbyplay_inferred,1611661325,Indiana Fever
Shot Chart Detail,1021800136,50,203831,Natalie Achonwa,1611661324,Minnesota Lynx,1,4,58,Missed Shot,Cutting Layup Shot,2PT Field Goal,Restricted Area,Center(C),Less Than 8 ft.,1,13,15,1,0,20180718,MIN,IND,2018,102180013650,3020,validated,,0,matched,playbyplayv2,1611661325,100915|100944|200671|201480|202632,complete,playbyplay_inferred,200665|200676|203831|204365|1628927,complete,playbyplay_inferred,1611661325,Indiana Fever
Shot Chart Detail,1021800136,52,203831,Natalie Achonwa,1611661324,Minnesota Lynx,1,4,53,Missed Shot,Putback Layup Shot,2PT Field Goal,Restricted Area,Center(C),Less Than 8 ft.,1,2,18,1,0,20180718,MIN,IND,2018,102180013652,3070,validated,,0,matched,playbyplayv2,1611661325,100915|100944|200671|201480|202632,complete,playbyplay_inferred,200665|200676|203831|204365|1628927,complete,playbyplay_inferred,1611661325,Indiana Fever
Shot Chart Detail,1021800136,57,200676,Candice Dupree,1611661324,Minnesota Lynx,1,4,25,Made Shot,Jump Shot,2PT Field Goal,Mid-Range,Center(C),16-24 ft.,16,-18,165,1,1,20180718,MIN,IND,2018,102180013657,3350,validated,200665,1,matched,playbyplayv2,1611661325,100915|100944|200671|201480|202632,complete,playbyplay_inferred,200665|200676|203831|204365|1628927,complete,playbyplay_inferred,1611661325,Indiana Fever
Shot Chart Detail,1021800136,62,204365,Erica Wheeler,1611661324,Minnesota Lynx,1,4,3,Missed Shot,Driving Layup Shot,2PT Field Goal,Restricted Area,Center(C),Less Than 8 ft.,2,-8,28,1,0,20180718,MIN,IND,2018,102180013662,3570,validated,,0,matched,playbyplayv2,1611661325,100915|100944|200671|201480|202632,complete,playbyplay_inferred,200665|200676|203831|204365|1628927,complete,playbyplay_inferred,1611661325,Indiana Fever
Shot Chart Detail,1021800136,65,200665,Cappie Pondexter,1611661324,Minnesota Lynx,1,3,59,Made Shot,Jump Shot,2PT Field Goal,Mid-Range,Left Side(L),16-24 ft.,16,-156,37,1,1,20180718,MIN,IND,2018,102180013665,3610,validated,,0,matched,playbyplayv2,1611661325,100915|100944|200671|201480|202632,complete,playbyplay_inferred,200665|200676|203831|204365|1628927,complete,playbyplay_inferred,1611661325,Indiana Fever
Shot Chart Detail,1021800136,86,200665,Cappie Pondexter,1611661324,Minnesota Lynx,1,3,10,Made Shot,Driving Layup Shot,2PT Field Goal,Restricted Area,Center(C),Less Than 8 ft.,1,13,12,1,1,20180718,MIN,IND,2018,102180013686,4100,validated,,0,matched,playbyplayv2,1611661325,100944|101030|201480|202632|202658,complete,playbyplay_inferred,200665|200676|203405|1627676|1628909,complete,playbyplay_inferred,1611661325,Indiana Fever
Shot Chart Detail,1021800136,110,1627676,Tiffany Mitchell,1611661324,Minnesota Lynx,1,2,3,Missed Shot,Pullup Jump shot,2PT Field Goal,In The Paint (Non-RA),Center(C),8-16 ft.,13,-58,125,1,0,20180718,MIN,IND,2018,1021800136110,4770,validated,,0,matched,playbyplayv2,1611661325,101030|201480|201503|202658|1628508,complete,playbyplay_inferred,200676|203405|1627676|1628909|1628927,complete,playbyplay_inferred,1611661325,Indiana Fever
Shot Chart Detail,1021800136,128,200665,Cappie Pondexter,1611661324,Minnesota Lynx,1,0,57,Missed Shot,Jump Shot,2PT Field Goal,Mid-Range,Right Side(R),16-24 ft.,17,174,22,1,0,20180718,MIN,IND,2018,1021800136128,5430,validated,,0,matched,playbyplayv2,1611661325,101030|201503|202658|1627701|1628508,complete,playbyplay_inferred,200665|203405|1627676|1628286|1628909,complete,playbyplay_inferred,1611661325,Indiana Fever
Shot Chart Detail,1021800136,140,200665,Cappie Pondexter,1611661324,Minnesota Lynx,1,0,32,Made Shot,Step Back Jump shot,2PT Field Goal,Mid-Range,Center(C),16-24 ft.,16,19,162,1,1,20180718,MIN,IND,2018,1021800136140,5680,validated,,0,matched,playbyplayv2,1611661325,101030|201503|202658|1627701|1628508,complete,playbyplay_inferred,200665|1627676|1628286|1628906|1628909,complete,playbyplay_inferred,1611661325,Indiana Fever
Shot Chart Detail,1021800136,151,200665,Cappie Pondexter,1611661324,Minnesota Lynx,1,0,3,Made Shot,Step Back Jump shot,2PT Field Goal,Mid-Range,Right Side(R),16-24 ft.,16,137,86,1,1,20180718,MIN,IND,2018,1021800136151,5970,validated,,0,matched,playbyplayv2,1611661325,101030|201503|202658|1627701|1628508,complete,playbyplay_inferred,200665|200676|1628906|1628909|1628927,complete,playbyplay_inferred,1611661325,Indiana Fever
Shot Chart Detail,1021800136,172,1628927,Victoria Vivians,1611661324,Minnesota Lynx,2,8,35,Missed Shot,Fadeaway Jump Shot,2PT Field Goal,Mid-Range,Right Side(R),16-24 ft.,16,135,88,1,0,20180718,MIN,IND,2018,1021800136172,6850,validated,,0,matched,playbyplayv2,1611661325,101030|201480|201503|202658|1628508,complete,playbyplay_inferred,200665|200676|203831|1628909|1628927,complete,playbyplay_inferred,1611661325,Indiana Fever
Shot Chart Detail,1021800136,194,200665,Cappie Pondexter,1611661324,Minnesota Lynx,2,7,18,Missed Shot,Jump Shot,2PT Field Goal,Mid-Range,Right Side Center(RC),16-24 ft.,17,94,151,1,0,20180718,MIN,IND,2018,1021800136194,7620,validated,,0,matched,playbyplayv2,1611661325,100915|200671|201480|201503|202632,complete,playbyplay_inferred,200665|200676|203831|204365|1628927,complete,playbyplay_inferred,1611661325,Indiana Fever
Shot Chart Detail,1021800136,198,204365,Erica Wheeler,1611661324,Minnesota Lynx,2,6,56,Made Shot,Driving Layup Shot,2PT Field Goal,Restricted Area,Center(C),Less Than 8 ft.,1,14,7,1,1,20180718,MIN,IND,2018,1021800136198,7840,validated,,0,matched,playbyplayv2,1611661325,100915|200671|201480|201503|202632,complete,playbyplay_inferred,200665|200676|203831|204365|1628927,complete,playbyplay_inferred,1611661325,Indiana Fever
Shot Chart Detail,1021800136,204,200676,Candice Dupree,1611661324,Minnesota Lynx,2,6,8,Missed Shot,Jump Shot,2PT Field Goal,Mid-Range,Left Side Center(LC),16-24 ft.,16,-113,126,1,0,20180718,MIN,IND,2018,1021800136204,8320,validated,,0,matched,playbyplayv2,1611661325,100915|200671|201480|201503|202632,complete,playbyplay_inferred,200676|203831|204365|1627676|1628927,complete,playbyplay_inferred,1611661325,Indiana Fever
Shot Chart Detail,1021800136,212,1627676,Tiffany Mitchell,1611661324,Minnesota Lynx,2,5,17,Made Shot,Driving Layup Shot,2PT Field Goal,Restricted Area,Center(C),Less Than 8 ft.,1,-11,12,1,1,20180718,MIN,IND,2018,1021800136212,8830,validated,,0,matched,playbyplayv2,1611661325,100915|200671|201480|201503|202632,complete,playbyplay_inferred,200676|203831|204365|1627676|1628927,complete,playbyplay_inferred,1611661325,Indiana Fever
Shot Chart Detail,1021800136,215,1627676,Tiffany Mitchell,1611661324,Minnesota Lynx,2,4,25,Missed Shot,Step Back Jump shot,2PT Field Goal,Mid-Range,Center(C),16-24 ft.,21,-62,207,1,0,20180718,MIN,IND,2018,1021800136215,9350,validated,,0,matched,playbyplayv2,1611661325,100915|200671|201480|201503|202632,complete,playbyplay_inferred,200676|203831|204365|1627676|1628927,complete,playbyplay_inferred,1611661325,Indiana Fever
Shot Chart Detail,1021800136,219,200676,Candice Dupree,1611661324,Minnesota Lynx,2,3,54,Missed Shot,Layup Shot,2PT Field Goal,Restricted Area,Center(C),Less Than 8 ft.,1,-11,12,1,0,20180718,MIN,IND,2018,1021800136219,9660,validated,,0,matched,playbyplayv2,1611661325,100915|200671|201480|201503|202632,complete,playbyplay_inferred,200676|203831|204365|1627676|1628927,complete,playbyplay_inferred,1611661325,Indiana Fever
Shot Chart Detail,1021800136,228,200676,Candice Dupree,1611661324,Minnesota Lynx,2,3,29,Made Shot,Jump Shot,2PT Field Goal,Mid-Range,Right Side(R),16-24 ft.,16,158,27,1,1,20180718,MIN,IND,2018,1021800136228,9910,validated,204365,1,matched,playbyplayv2,1611661325,100915|100944|200671|201480|202632,complete,playbyplay_inferred,200676|203831|204365|1628909|1628927,complete,playbyplay_inferred,1611661325,Indiana Fever
Shot Chart Detail,1021800136,234,1628909,Kelsey Mitchell,1611661324,Minnesota Lynx,2,2,55,Made Shot,Pullup Jump shot,2PT Field Goal,Mid-Range,Center(C),16-24 ft.,21,53,208,1,1,20180718,MIN,IND,2018,1021800136234,10250,validated,,0,matched,playbyplayv2,1611661325,100915|100944|200671|201480|202632,complete,playbyplay_inferred,200676|203831|204365|1628909|1628927,complete,playbyplay_inferred,1611661325,Indiana Fever
Shot Chart Detail,1021800136,237,200676,Candice Dupree,1611661324,Minnesota Lynx,2,2,30,Missed Shot,Layup Shot,2PT Field Goal,Restricted Area,Center(C),Less Than 8 ft.,1,7,12,1,0,20180718,MIN,IND,2018,1021800136237,10500,validated,,0,matched,playbyplayv2,1611661325,100915|100944|200671|201480|202632,complete,playbyplay_inferred,200676|203831|204365|1628909|1628927,complete,playbyplay_inferred,1611661325,Indiana Fever
Shot Chart Detail,1021800136,254,204365,Erica Wheeler,1611661324,Minnesota Lynx,2,1,57,Missed Shot,Driving Layup Shot,2PT Field Goal,Restricted Area,Center(C),Less Than 8 ft.,2,-19,11,1,0,20180718,MIN,IND,2018,1021800136254,10830,validated,,0,matched,playbyplayv2,1611661325,100944|200671|201503|202632|202658,complete,playbyplay_inferred,200676|203831|204365|1628909|1628927,complete,playbyplay_inferred,1611661325,Indiana Fever
Shot Chart Detail,1021800136,267,204365,Erica Wheeler,1611661324,Minnesota Lynx,2,1,6,Made Shot,Running Layup Shot,2PT Field Goal,Restricted Area,Center(C),Less Than 8 ft.,2,20,13,1,1,20180718,MIN,IND,2018,1021800136267,11340,validated,,0,matched,playbyplayv2,1611661325,100944|200671|201503|202632|202658,complete,playbyplay_inferred,200676|203831|204365|1628909|1628927,complete,playbyplay_inferred,1611661325,Indiana Fever
Shot Chart Detail,1021800136,272,1628927,Victoria Vivians,1611661324,Minnesota Lynx,2,0,36,Missed Shot,Floating Jump shot,2PT Field Goal,Restricted Area,Center(C),Less Than 8 ft.,1,7,17,1,0,20180718,MIN,IND,2018,1021800136272,11640,validated,,0,matched,playbyplayv2,1611661325,100944|200671|201503|202632|202658,complete,playbyplay_inferred,200676|203831|204365|1628909|1628927,complete,playbyplay_inferred,1611661325,Indiana Fever
Shot Chart Detail,1021800136,274,204365,Erica Wheeler,1611661324,Minnesota Lynx,2,0,28,Missed Shot,Layup Shot,2PT Field Goal,Restricted Area,Center(C),Less Than 8 ft.,2,21,9,1,0,20180718,MIN,IND,2018,1021800136274,11720,validated,,0,matched,playbyplayv2,1611661325,100944|200671|201503|202632|202658,complete,playbyplay_inferred,200676|203831|204365|1628909|1628927,complete,playbyplay_inferred,1611661325,Indiana Fever
Shot Chart Detail,1021800136,281,203831,Natalie Achonwa,1611661324,Minnesota Lynx,2,0,0,Made Shot,Cutting Layup Shot,2PT Field Goal,Restricted Area,Center(C),Less Than 8 ft.,0,9,4,1,1,20180718,MIN,IND,2018,1021800136281,12000,validated,1628909,1,matched,playbyplayv2,1611661325,100944|200671|201503|202632|202658,complete,playbyplay_inferred,200676|203831|204365|1628909|1628927,complete,playbyplay_inferred,1611661325,Indiana Fever
Shot Chart Detail,1021800136,302,200676,Candice Dupree,1611661324,Minnesota Lynx,3,9,21,Missed Shot,Turnaround Fadeaway shot,2PT Field Goal,Mid-Range,Right Side(R),8-16 ft.,14,109,97,1,0,20180718,MIN,IND,2018,1021800136302,12390,validated,,0,matched,playbyplayv2,1611661325,100915|100944|200671|201480|202632,complete,playbyplay_inferred,200665|200676|203831|204365|1628927,complete,playbyplay_inferred,1611661325,Indiana Fever
Shot Chart Detail,1021800136,307,204365,Erica Wheeler,1611661324,Minnesota Lynx,3,8,50,Missed Shot,Layup Shot,2PT Field Goal,Restricted Area,Center(C),Less Than 8 ft.,2,29,7,1,0,20180718,MIN,IND,2018,1021800136307,12700,validated,,0,matched,playbyplayv2,1611661325,100915|100944|200671|201480|202632,complete,playbyplay_inferred,200665|200676|203831|204365|1628927,complete,playbyplay_inferred,1611661325,Indiana Fever
Shot Chart Detail,1021800136,309,1628927,Victoria Vivians,1611661324,Minnesota Lynx,3,8,44,Missed Shot,Jump Shot,3PT Field Goal,Left Corner 3,Left Side(L),24+ ft.,23,-230,17,1,0,20180718,MIN,IND,2018,1021800136309,12760,validated,,0,matched,playbyplayv2,1611661325,100915|100944|200671|201480|202632,complete,playbyplay_inferred,200665|200676|203831|204365|1628927,complete,playbyplay_inferred,1611661325,Indiana Fever
Shot Chart Detail,1021800136,317,203831,Natalie Achonwa,1611661324,Minnesota Lynx,3,8,10,Made Shot,Layup Shot,2PT Field Goal,Restricted Area,Center(C),Less Than 8 ft.,0,9,-4,1,1,20180718,MIN,IND,2018,1021800136317,13100,validated,204365,1,matched,playbyplayv2,1611661325,100944|200671|201480|202632|202658,complete,playbyplay_inferred,200665|200676|203831|204365|1628927,complete,playbyplay_inferred,1611661325,Indiana Fever
Shot Chart Detail,1021800136,333,204365,Erica Wheeler,1611661324,Minnesota Lynx,3,7,4,Made Shot,Step Back Jump shot,2PT Field Goal,Mid-Range,Left Side(L),8-16 ft.,15,-133,79,1,1,20180718,MIN,IND,2018,1021800136333,13760,validated,,0,matched,playbyplayv2,1611661325,101030|201480|201503|202632|202658,complete,playbyplay_inferred,200665|200676|203831|204365|1628927,complete,playbyplay_inferred,1611661325,Indiana Fever
Shot Chart Detail,1021800136,339,203831,Natalie Achonwa,1611661324,Minnesota Lynx,3,6,7,Made Shot,Cutting Layup Shot,2PT Field Goal,Restricted Area,Center(C),Less Than 8 ft.,1,-5,-9,1,1,20180718,MIN,IND,2018,1021800136339,14330,validated,200665,1,matched,playbyplayv2,1611661325,101030|201480|201503|202632|202658,complete,playbyplay_inferred,200665|200676|203831|204365|1628927,complete,playbyplay_inferred,1611661325,Indiana Fever
Shot Chart Detail,1021800136,345,204365,Erica Wheeler,1611661324,Minnesota Lynx,3,5,27,Missed Shot,Layup Shot,2PT Field Goal,Restricted Area,Center(C),Less Than 8 ft.,3,32,11,1,0,20180718,MIN,IND,2018,1021800136345,14730,validated,,0,matched,playbyplayv2,1611661325,101030|201480|201503|202632|202658,complete,playbyplay_inferred,200665|200676|203831|204365|1628927,complete,playbyplay_inferred,1611661325,Indiana Fever
Shot Chart Detail,1021800136,348,203831,Natalie Achonwa,1611661324,Minnesota Lynx,3,5,25,Made Shot,Cutting Layup Shot,2PT Field Goal,Restricted Area,Center(C),Less Than 8 ft.,1,15,-9,1,1,20180718,MIN,IND,2018,1021800136348,14750,validated,204365,1,matched,playbyplayv2,1611661325,101030|201480|201503|202632|202658,complete,playbyplay_inferred,200665|200676|203831|204365|1628927,complete,playbyplay_inferred,1611661325,Indiana Fever
Shot Chart Detail,1021800136,377,200676,Candice Dupree,1611661324,Minnesota Lynx,3,3,47,Made Shot,Jump Shot,2PT Field Goal,Mid-Range,Right Side Center(RC),16-24 ft.,17,86,156,1,1,20180718,MIN,IND,2018,1021800136377,15730,validated,1628909,1,matched,playbyplayv2,1611661325,100944|101030|201503|202658|1628508,complete,playbyplay_inferred,200665|200676|203405|1628909|1628927,complete,playbyplay_inferred,1611661325,Indiana Fever
Shot Chart Detail,1021800136,388,200665,Cappie Pondexter,1611661324,Minnesota Lynx,3,2,49,Missed Shot,Jump Shot,2PT Field Goal,Mid-Range,Left Side(L),16-24 ft.,16,-156,59,1,0,20180718,MIN,IND,2018,1021800136388,16310,validated,,0,matched,playbyplayv2,1611661325,100944|101030|201503|202658|1628508,complete,playbyplay_inferred,200665|200676|203405|1627676|1628909,complete,playbyplay_inferred,1611661325,Indiana Fever
Shot Chart Detail,1021800136,390,1628909,Kelsey Mitchell,1611661324,Minnesota Lynx,3,2,42,Missed Shot,Jump Shot,3PT Field Goal,Above the Break 3,Right Side Center(RC),24+ ft.,24,218,117,1,0,20180718,MIN,IND,2018,1021800136390,16380,validated,,0,matched,playbyplayv2,1611661325,100944|101030|201503|202658|1628508,complete,playbyplay_inferred,200665|200676|203405|1627676|1628909,complete,playbyplay_inferred,1611661325,Indiana Fever
Shot Chart Detail,1021800136,394,1627676,Tiffany Mitchell,1611661324,Minnesota Lynx,3,2,13,Missed Shot,Driving Floating Jump Shot,2PT Field Goal,In The Paint (Non-RA),Center(C),8-16 ft.,9,-13,92,1,0,20180718,MIN,IND,2018,1021800136394,16670,validated,,0,matched,playbyplayv2,1611661325,100944|101030|201503|202658|1628508,complete,playbyplay_inferred,200665|200676|203405|1627676|1628909,complete,playbyplay_inferred,1611661325,Indiana Fever
Shot Chart Detail,1021800136,405,204365,Erica Wheeler,1611661324,Minnesota Lynx,3,1,33,Made Shot,Driving Layup Shot,2PT Field Goal,Restricted Area,Center(C),Less Than 8 ft.,1,17,4,1,1,20180718,MIN,IND,2018,1021800136405,17070,validated,200676,1,matched,playbyplayv2,1611661325,100944|101030|201503|1628283|1628508,complete,playbyplay_inferred,200665|200676|203405|203859|204365,complete,playbyplay_inferred,1611661325,Indiana Fever
Shot Chart Detail,1021800136,417,200665,Cappie Pondexter,1611661324,Minnesota Lynx,3,0,24,Missed Shot,Jump Shot,2PT Field Goal,Mid-Range,Right Side Center(RC),16-24 ft.,18,141,123,1,0,20180718,MIN,IND,2018,1021800136417,17760,validated,,0,matched,playbyplayv2,1611661325,100944|101030|201503|1628283|1628508,complete,playbyplay_inferred,200665|203405|203859|204365|1628286,complete,playbyplay_inferred,1611661325,Indiana Fever
Shot Chart Detail,1021800136,425,200665,Cappie Pondexter,1611661324,Minnesota Lynx,4,9,42,Missed Shot,Jump Shot,2PT Field Goal,Restricted Area,Center(C),Less Than 8 ft.,3,-32,7,1,0,20180718,MIN,IND,2018,1021800136425,18180,validated,,0,matched,playbyplayv2,1611661325,100944|101030|201480|1628283|1628508,complete,playbyplay_inferred,200665|203405|203859|204365|1628286,complete,playbyplay_inferred,1611661325,Indiana Fever
Shot Chart Detail,1021800136,438,1628286,Erica McCall,1611661324,Minnesota Lynx,4,9,1,Missed Shot,Jump Shot,2PT Field Goal,Mid-Range,Left Side(L),16-24 ft.,19,-164,106,1,0,20180718,MIN,IND,2018,1021800136438,18590,validated,,0,matched,playbyplayv2,1611661325,100944|101030|201480|1628283|1628508,complete,playbyplay_inferred,203831|203859|1627676|1628286|1628909,complete,playbyplay_inferred,1611661325,Indiana Fever
Shot Chart Detail,1021800136,442,1627676,Tiffany Mitchell,1611661324,Minnesota Lynx,4,8,31,Missed Shot,Running Jump Shot,2PT Field Goal,In The Paint (Non-RA),Center(C),8-16 ft.,9,36,87,1,0,20180718,MIN,IND,2018,1021800136442,18890,validated,,0,matched,playbyplayv2,1611661325,100944|101030|201480|1628283|1628508,complete,playbyplay_inferred,203831|203859|1627676|1628286|1628909,complete,playbyplay_inferred,1611661325,Indiana Fever
Shot Chart Detail,1021800136,446,1628286,Erica McCall,1611661324,Minnesota Lynx,4,8,22,Missed Shot,Jump Shot,2PT Field Goal,Mid-Range,Center(C),8-16 ft.,15,13,150,1,0,20180718,MIN,IND,2018,1021800136446,18980,validated,,0,matched,playbyplayv2,1611661325,100944|101030|200671|201480|1628283,complete,playbyplay_inferred,203831|203859|1627676|1628286|1628909,complete,playbyplay_inferred,1611661325,Indiana Fever
Shot Chart Detail,1021800136,454,1628286,Erica McCall,1611661324,Minnesota Lynx,4,7,45,Made Shot,Layup Shot,2PT Field Goal,Restricted Area,Center(C),Less Than 8 ft.,0,3,2,1,1,20180718,MIN,IND,2018,1021800136454,19350,validated,1628909,1,matched,playbyplayv2,1611661325,100944|101030|200671|201480|1628283,complete,playbyplay_inferred,203831|1627676|1628286|1628909|1628927,complete,playbyplay_inferred,1611661325,Indiana Fever
Shot Chart Detail,1021800136,468,200676,Candice Dupree,1611661324,Minnesota Lynx,4,7,8,Missed Shot,Jump Shot,2PT Field Goal,Mid-Range,Right Side Center(RC),16-24 ft.,20,109,178,1,0,20180718,MIN,IND,2018,1021800136468,19720,validated,,0,matched,playbyplayv2,1611661325,200671|201480|201503|202632|202658,complete,playbyplay_inferred,200676|203831|1627676|1628909|1628927,complete,playbyplay_inferred,1611661325,Indiana Fever
Shot Chart Detail,1021800136,472,1628909,Kelsey Mitchell,1611661324,Minnesota Lynx,4,6,45,Made Shot,Driving Layup Shot,2PT Field Goal,Restricted Area,Center(C),Less Than 8 ft.,1,0,13,1,1,20180718,MIN,IND,2018,1021800136472,19950,validated,,0,matched,playbyplayv2,1611661325,200671|201480|201503|202632|202658,complete,playbyplay_inferred,200676|203831|1627676|1628909|1628927,complete,playbyplay_inferred,1611661325,Indiana Fever
Shot Chart Detail,1021800136,475,1628909,Kelsey Mitchell,1611661324,Minnesota Lynx,4,6,21,Missed Shot,Jump Shot,3PT Field Goal,Above the Break 3,Center(C),24+ ft.,24,-66,232,1,0,20180718,MIN,IND,2018,1021800136475,20190,validated,,0,matched,playbyplayv2,1611661325,200671|201480|201503|202632|202658,complete,playbyplay_inferred,200676|203831|1627676|1628909|1628927,complete,playbyplay_inferred,1611661325,Indiana Fever
Shot Chart Detail,1021800136,479,1627676,Tiffany Mitchell,1611661324,Minnesota Lynx,4,5,54,Missed Shot,Driving Layup Shot,2PT Field Goal,Restricted Area,Center(C),Less Than 8 ft.,0,-8,-4,1,0,20180718,MIN,IND,2018,1021800136479,20460,validated,,0,matched,playbyplayv2,1611661325,200671|201480|201503|202632|202658,complete,playbyplay_inferred,200676|203831|1627676|1628909|1628927,complete,playbyplay_inferred,1611661325,Indiana Fever
Shot Chart Detail,1021800136,482,200676,Candice Dupree,1611661324,Minnesota Lynx,4,5,52,Made Shot,Putback Layup Shot,2PT Field Goal,Restricted Area,Center(C),Less Than 8 ft.,1,14,5,1,1,20180718,MIN,IND,2018,1021800136482,20480,validated,,0,matched,playbyplayv2,1611661325,200671|201480|201503|202632|202658,complete,playbyplay_inferred,200676|203831|1627676|1628909|1628927,complete,playbyplay_inferred,1611661325,Indiana Fever
Shot Chart Detail,1021800136,489,1628927,Victoria Vivians,1611661324,Minnesota Lynx,4,5,7,Missed Shot,Jump Shot,2PT Field Goal,Mid-Range,Right Side(R),8-16 ft.,15,143,59,1,0,20180718,MIN,IND,2018,1021800136489,20930,validated,,0,matched,playbyplayv2,1611661325,200671|201480|201503|202632|202658,complete,playbyplay_inferred,200665|200676|1628906|1628909|1628927,complete,playbyplay_inferred,1611661325,Indiana Fever
Shot Chart Detail,1021800136,494,200676,Candice Dupree,1611661324,Minnesota Lynx,4,4,18,Missed Shot,Fadeaway Jump Shot,2PT Field Goal,In The Paint (Non-RA),Center(C),8-16 ft.,8,17,81,1,0,20180718,MIN,IND,2018,1021800136494,21420,validated,,0,matched,playbyplayv2,1611661325,200671|201480|201503|202632|202658,complete,playbyplay_inferred,200665|200676|1628906|1628909|1628927,complete,playbyplay_inferred,1611661325,Indiana Fever
Shot Chart Detail,1021800136,498,1628909,Kelsey Mitchell,1611661324,Minnesota Lynx,4,3,53,Missed Shot,Floating Jump shot,2PT Field Goal,In The Paint (Non-RA),Center(C),8-16 ft.,8,26,86,1,0,20180718,MIN,IND,2018,1021800136498,21670,validated,,0,matched,playbyplayv2,1611661325,200671|201480|201503|202632|202658,complete,playbyplay_inferred,200665|200676|1628906|1628909|1628927,complete,playbyplay_inferred,1611661325,Indiana Fever
Shot Chart Detail,1021800136,503,200676,Candice Dupree,1611661324,Minnesota Lynx,4,3,18,Made Shot,Jump Shot,2PT Field Goal,Mid-Range,Right Side Center(RC),16-24 ft.,18,113,141,1,1,20180718,MIN,IND,2018,1021800136503,22020,validated,200665,1,matched,playbyplayv2,1611661325,200671|201480|201503|202632|202658,complete,playbyplay_inferred,200665|200676|1628906|1628909|1628927,complete,playbyplay_inferred,1611661325,Indiana Fever
Shot Chart Detail,1021800136,511,1628909,Kelsey Mitchell,1611661324,Minnesota Lynx,4,2,1,Made Shot,Jump Shot,2PT Field Goal,Mid-Range,Center(C),16-24 ft.,22,-13,224,1,1,20180718,MIN,IND,2018,1021800136511,22790,validated,,0,matched,playbyplayv2,1611661325,200671|201480|201503|202632|202658,complete,playbyplay_inferred,200665|200676|1628906|1628909|1628927,complete,playbyplay_inferred,1611661325,Indiana Fever
Shot Chart Detail,1021800136,533,1627676,Tiffany Mitchell,1611661324,Minnesota Lynx,4,1,34,Made Shot,Jump Shot,3PT Field Goal,Right Corner 3,Right Side(R),24+ ft.,24,242,21,1,1,20180718,MIN,IND,2018,1021800136533,23060,validated,203859,1,matched,playbyplayv2,1611661325,101030|1627701|1628283|1628508|1628866,complete,playbyplay_inferred,203859|1627676|1628286|1628906|1628909,complete,playbyplay_inferred,1611661325,Indiana Fever
Shot Chart Detail,1021800136,547,1628909,Kelsey Mitchell,1611661324,Minnesota Lynx,4,0,12,Missed Shot,Jump Shot,2PT Field Goal,In The Paint (Non-RA),Center(C),8-16 ft.,10,-19,102,1,0,20180718,MIN,IND,2018,1021800136547,23880,validated,,0,matched,playbyplayv2,1611661325,101030|1627701|1628283|1628508|1628866,complete,playbyplay_inferred,203859|1627676|1628286|1628906|1628909,complete,playbyplay_inferred,1611661325,Indiana Fever
Shot Chart Detail,1021800136,549,1628909,Kelsey Mitchell,1611661324,Minnesota Lynx,4,0,7,Missed Shot,Jump Shot,3PT Field Goal,Above the Break 3,Right Side Center(RC),24+ ft.,24,129,214,1,0,20180718,MIN,IND,2018,1021800136549,23930,validated,,0,matched,playbyplayv2,1611661325,101030|1627701|1628283|1628508|1628866,complete,playbyplay_inferred,203859|1627676|1628286|1628906|1628909,complete,playbyplay_inferred,1611661325,Indiana Fever
Shot Chart Detail,1021800144,7,201896,Briann January,1611661324,Minnesota Lynx,1,9,43,Missed Shot,Jump Shot,3PT Field Goal,Above the Break 3,Left Side Center(LC),24+ ft.,25,-159,196,1,0,20180721,PHO,MIN,2018,10218001447,170,validated,,0,matched,playbyplayv2,1611661317,100915|100944|200671|201480|202632,complete,playbyplay_inferred,100940|201067|201886|201896|203398,complete,playbyplay_inferred,1611661317,Phoenix Mercury
Shot Chart Detail,1021800144,14,203398,Brittney Griner,1611661324,Minnesota Lynx,1,9,12,Made Shot,Jump Shot,2PT Field Goal,Mid-Range,Left Side Center(LC),16-24 ft.,18,-69,173,1,1,20180721,PHO,MIN,2018,102180014414,480,validated,201067,1,matched,playbyplayv2,1611661317,100915|100944|200671|201480|202632,complete,playbyplay_inferred,100940|201067|201886|201896|203398,complete,playbyplay_inferred,1611661317,Phoenix Mercury
Shot Chart Detail,1021800144,17,100940,Diana Taurasi,1611661324,Minnesota Lynx,1,8,40,Made Shot,Driving Layup Shot,2PT Field Goal,Restricted Area,Center(C),Less Than 8 ft.,3,26,25,1,1,20180721,PHO,MIN,2018,102180014417,800,validated,,0,matched,playbyplayv2,1611661317,100915|100944|200671|201480|202632,complete,playbyplay_inferred,100940|201067|201886|201896|203398,complete,playbyplay_inferred,1611661317,Phoenix Mercury
Shot Chart Detail,1021800144,23,201886,DeWanna Bonner,1611661324,Minnesota Lynx,1,8,1,Made Shot,Jump Shot,3PT Field Goal,Above the Break 3,Right Side Center(RC),24+ ft.,27,203,185,1,1,20180721,PHO,MIN,2018,102180014423,1190,validated,100940,1,matched,playbyplayv2,1611661317,100915|100944|200671|201480|202632,complete,playbyplay_inferred,100940|201067|201886|201896|203398,complete,playbyplay_inferred,1611661317,Phoenix Mercury
Shot Chart Detail,1021800144,27,201886,DeWanna Bonner,1611661324,Minnesota Lynx,1,7,32,Missed Shot,Jump Shot,3PT Field Goal,Above the Break 3,Center(C),24+ ft.,31,-1,313,1,0,20180721,PHO,MIN,2018,102180014427,1480,validated,,0,matched,playbyplayv2,1611661317,100915|100944|200671|201480|202632,complete,playbyplay_inferred,100940|201067|201886|201896|203398,complete,playbyplay_inferred,1611661317,Phoenix Mercury
Shot Chart Detail,1021800144,32,201067,Camille Smith,1611661324,Minnesota Lynx,1,6,57,Missed Shot,Fadeaway Jump Shot,2PT Field Goal,In The Paint (Non-RA),Center(C),Less Than 8 ft.,6,65,11,1,0,20180721,PHO,MIN,2018,102180014432,1830,validated,,0,matched,playbyplayv2,1611661317,100915|100944|200671|201480|202632,complete,playbyplay_inferred,100940|201067|201886|201896|203398,complete,playbyplay_inferred,1611661317,Phoenix Mercury
Shot Chart Detail,1021800144,38,201896,Briann January,1611661324,Minnesota Lynx,1,6,41,Missed Shot,Jump Shot,2PT Field Goal,Mid-Range,Right Side(R),8-16 ft.,14,121,72,1,0,20180721,PHO,MIN,2018,102180014438,1990,validated,,0,matched,playbyplayv2,1611661317,100915|100944|200671|201480|202632,complete,playbyplay_inferred,100940|201067|201886|201896|203398,complete,playbyplay_inferred,1611661317,Phoenix Mercury
Shot Chart Detail,1021800144,42,203398,Brittney Griner,1611661324,Minnesota Lynx,1,6,32,Missed Shot,Cutting Layup Shot,2PT Field Goal,In The Paint (Non-RA),Center(C),Less Than 8 ft.,6,60,12,1,0,20180721,PHO,MIN,2018,102180014442,2080,validated,,0,matched,playbyplayv2,1611661317,100944|200671|201480|202632|202658,complete,playbyplay_inferred,100940|201067|201886|201896|203398,complete,playbyplay_inferred,1611661317,Phoenix Mercury
Shot Chart Detail,1021800144,50,100940,Diana Taurasi,1611661324,Minnesota Lynx,1,5,49,Made Shot,Driving Layup Shot,2PT Field Goal,Restricted Area,Center(C),Less Than 8 ft.,3,-23,28,1,1,20180721,PHO,MIN,2018,102180014450,2510,validated,,0,matched,playbyplayv2,1611661317,100944|200671|201480|202632|202658,complete,playbyplay_inferred,100940|201067|201886|201896|203398,complete,playbyplay_inferred,1611661317,Phoenix Mercury
Shot Chart Detail,1021800144,55,100940,Diana Taurasi,1611661324,Minnesota Lynx,1,5,14,Made Shot,Jump Shot,3PT Field Goal,Above the Break 3,Center(C),24+ ft.,30,4,307,1,1,20180721,PHO,MIN,2018,102180014455,2860,validated,201886,1,matched,playbyplayv2,1611661317,100944|200671|201480|202632|202658,complete,playbyplay_inferred,100940|201067|201886|201896|203398,complete,playbyplay_inferred,1611661317,Phoenix Mercury
Shot Chart Detail,1021800144,67,100940,Diana Taurasi,1611661324,Minnesota Lynx,1,4,11,Missed Shot,Jump Shot,2PT Field Goal,Mid-Range,Right Side Center(RC),16-24 ft.,20,145,146,1,0,20180721,PHO,MIN,2018,102180014467,3490,validated,,0,matched,playbyplayv2,1611661317,100944|201480|201503|202632|202658,complete,playbyplay_inferred,100940|201067|201886|201896|203398,complete,playbyplay_inferred,1611661317,Phoenix Mercury
Shot Chart Detail,1021800144,73,100940,Diana Taurasi,1611661324,Minnesota Lynx,1,3,49,Made Shot,Driving Layup Shot,2PT Field Goal,In The Paint (Non-RA),Center(C),8-16 ft.,8,37,79,1,1,20180721,PHO,MIN,2018,102180014473,3710,validated,,0,matched,playbyplayv2,1611661317,100944|201480|201503|202632|202658,complete,playbyplay_inferred,100940|201067|201886|201896|203398,complete,playbyplay_inferred,1611661317,Phoenix Mercury
Shot Chart Detail,1021800144,85,202657,Angel Robinson,1611661324,Minnesota Lynx,1,3,16,Missed Shot,Cutting Layup Shot,2PT Field Goal,In The Paint (Non-RA),Center(C),Less Than 8 ft.,6,-63,13,1,0,20180721,PHO,MIN,2018,102180014485,4040,validated,,0,matched,playbyplayv2,1611661317,100944|101030|201503|202632|202658,complete,playbyplay_inferred,100940|201067|201886|202657|203389,complete,playbyplay_inferred,1611661317,Phoenix Mercury
Shot Chart Detail,1021800144,98,201886,DeWanna Bonner,1611661324,Minnesota Lynx,1,2,52,Missed Shot,Jump Shot,2PT Field Goal,Mid-Range,Left Side(L),16-24 ft.,17,-168,56,1,0,20180721,PHO,MIN,2018,102180014498,4280,validated,,0,matched,playbyplayv2,1611661317,100944|101030|201480|202632|202658,complete,playbyplay_inferred,100940|201886|202657|203389|203398,complete,playbyplay_inferred,1611661317,Phoenix Mercury
Shot Chart Detail,1021800144,107,100940,Diana Taurasi,1611661324,Minnesota Lynx,1,2,18,Missed Shot,Jump Shot,3PT Field Goal,Above the Break 3,Left Side Center(LC),16-24 ft.,23,-171,160,1,0,20180721,PHO,MIN,2018,1021800144107,4620,validated,,0,matched,playbyplayv2,1611661317,100944|101030|202632|202658|1627701,complete,playbyplay_inferred,100940|201886|202657|203389|203398,complete,playbyplay_inferred,1611661317,Phoenix Mercury
Shot Chart Detail,1021800144,113,100940,Diana Taurasi,1611661324,Minnesota Lynx,1,2,0,Missed Shot,Driving Layup Shot,2PT Field Goal,In The Paint (Non-RA),Center(C),8-16 ft.,8,33,83,1,0,20180721,PHO,MIN,2018,1021800144113,4800,validated,,0,matched,playbyplayv2,1611661317,100944|101030|202632|202658|1627701,complete,playbyplay_inferred,100940|201886|202657|203389|203398,complete,playbyplay_inferred,1611661317,Phoenix Mercury
Shot Chart Detail,1021800144,172,100940,Diana Taurasi,1611661324,Minnesota Lynx,2,8,53,Made Shot,Jump Shot,2PT Field Goal,Mid-Range,Left Side Center(LC),16-24 ft.,18,-68,175,1,1,20180721,PHO,MIN,2018,1021800144172,6670,validated,,0,matched,playbyplayv2,1611661317,100915|100944|101030|200671|201480,complete,playbyplay_inferred,100940|201067|201896|203389|203398,complete,playbyplay_inferred,1611661317,Phoenix Mercury
Shot Chart Detail,1021800144,184,201067,Camille Smith,1611661324,Minnesota Lynx,2,7,58,Made Shot,Cutting Layup Shot,2PT Field Goal,Restricted Area,Center(C),Less Than 8 ft.,3,-13,29,1,1,20180721,PHO,MIN,2018,1021800144184,7220,validated,100940,1,matched,playbyplayv2,1611661317,100915|100944|101030|200671|201503,complete,playbyplay_inferred,100940|201067|201896|203389|203398,complete,playbyplay_inferred,1611661317,Phoenix Mercury
Shot Chart Detail,1021800144,194,203398,Brittney Griner,1611661324,Minnesota Lynx,2,7,27,Missed Shot,Cutting Layup Shot,2PT Field Goal,Restricted Area,Center(C),Less Than 8 ft.,2,-4,27,1,0,20180721,PHO,MIN,2018,1021800144194,7530,validated,,0,matched,playbyplayv2,1611661317,100944|200671|201503|202632|202658,complete,playbyplay_inferred,100940|201067|201896|203389|203398,complete,playbyplay_inferred,1611661317,Phoenix Mercury
Shot Chart Detail,1021800144,196,203398,Brittney Griner,1611661324,Minnesota Lynx,2,7,25,Missed Shot,Hook Shot,2PT Field Goal,Restricted Area,Center(C),Less Than 8 ft.,2,-12,19,1,0,20180721,PHO,MIN,2018,1021800144196,7550,validated,,0,matched,playbyplayv2,1611661317,100944|200671|201503|202632|202658,complete,playbyplay_inferred,100940|201067|201896|203389|203398,complete,playbyplay_inferred,1611661317,Phoenix Mercury
Shot Chart Detail,1021800144,208,201896,Briann January,1611661324,Minnesota Lynx,2,6,48,Missed Shot,Jump Shot,3PT Field Goal,Above the Break 3,Left Side(L),24+ ft.,23,-221,66,1,0,20180721,PHO,MIN,2018,1021800144208,7920,validated,,0,matched,playbyplayv2,1611661317,100944|200671|201503|202632|202658,complete,playbyplay_inferred,100940|201067|201896|202657|203389,complete,playbyplay_inferred,1611661317,Phoenix Mercury
Shot Chart Detail,1021800144,212,100940,Diana Taurasi,1611661324,Minnesota Lynx,2,6,18,Missed Shot,Pullup Jump shot,3PT Field Goal,Above the Break 3,Left Side Center(LC),24+ ft.,28,-108,259,1,0,20180721,PHO,MIN,2018,1021800144212,8220,validated,,0,matched,playbyplayv2,1611661317,100944|200671|201503|202632|202658,complete,playbyplay_inferred,100940|201067|201896|202657|203389,complete,playbyplay_inferred,1611661317,Phoenix Mercury
Shot Chart Detail,1021800144,226,203389,Yvonne Turner,1611661324,Minnesota Lynx,2,5,39,Missed Shot,Jump Shot,3PT Field Goal,Above the Break 3,Left Side Center(LC),24+ ft.,25,-108,231,1,0,20180721,PHO,MIN,2018,1021800144226,8610,validated,,0,matched,playbyplayv2,1611661317,200671|201503|202632|202658|1628508,complete,playbyplay_inferred,201067|201896|202657|203389|203855,complete,playbyplay_inferred,1611661317,Phoenix Mercury
Shot Chart Detail,1021800144,236,201896,Briann January,1611661324,Minnesota Lynx,2,4,43,Missed Shot,Driving Layup Shot,2PT Field Goal,In The Paint (Non-RA),Center(C),Less Than 8 ft.,5,36,39,1,0,20180721,PHO,MIN,2018,1021800144236,9170,validated,,0,matched,playbyplayv2,1611661317,200671|201503|202632|202658|1628508,complete,playbyplay_inferred,201067|201896|202657|203389|203855,complete,playbyplay_inferred,1611661317,Phoenix Mercury
Shot Chart Detail,1021800144,241,203389,Yvonne Turner,1611661324,Minnesota Lynx,2,4,16,Missed Shot,Driving Layup Shot,2PT Field Goal,In The Paint (Non-RA),Center(C),Less Than 8 ft.,6,14,63,1,0,20180721,PHO,MIN,2018,1021800144241,9440,validated,,0,matched,playbyplayv2,1611661317,200671|201503|202632|202658|1628508,complete,playbyplay_inferred,201067|201896|202657|203389|203855,complete,playbyplay_inferred,1611661317,Phoenix Mercury
Shot Chart Detail,1021800144,255,201886,DeWanna Bonner,1611661324,Minnesota Lynx,2,3,49,Missed Shot,Jump Shot,3PT Field Goal,Above the Break 3,Center(C),24+ ft.,28,22,283,1,0,20180721,PHO,MIN,2018,1021800144255,9710,validated,,0,matched,playbyplayv2,1611661317,200671|201503|202632|202658|1628508,complete,playbyplay_inferred,201886|201896|203389|203398|203855,complete,playbyplay_inferred,1611661317,Phoenix Mercury
Shot Chart Detail,1021800144,261,203855,Stephanie Talbot,1611661324,Minnesota Lynx,2,3,16,Made Shot,Driving Layup Shot,2PT Field Goal,Restricted Area,Center(C),Less Than 8 ft.,3,25,17,1,1,20180721,PHO,MIN,2018,1021800144261,10040,validated,,0,matched,playbyplayv2,1611661317,200671|201503|202632|202658|1628508,complete,playbyplay_inferred,201886|201896|203389|203398|203855,complete,playbyplay_inferred,1611661317,Phoenix Mercury
Shot Chart Detail,1021800144,281,201886,DeWanna Bonner,1611661324,Minnesota Lynx,2,2,10,Missed Shot,Running Layup Shot,2PT Field Goal,Restricted Area,Center(C),Less Than 8 ft.,3,0,36,1,0,20180721,PHO,MIN,2018,1021800144281,10700,validated,,0,matched,playbyplayv2,1611661317,101030|200671|201503|202632|202658,complete,playbyplay_inferred,201067|201886|201896|203398|203855,complete,playbyplay_inferred,1611661317,Phoenix Mercury
Shot Chart Detail,1021800144,290,201886,DeWanna Bonner,1611661324,Minnesota Lynx,2,1,37,Made Shot,Jump Shot,3PT Field Goal,Above the Break 3,Center(C),24+ ft.,29,5,294,1,1,20180721,PHO,MIN,2018,1021800144290,11030,validated,203855,1,matched,playbyplayv2,1611661317,100944|101030|200671|202632|202658,complete,playbyplay_inferred,201067|201886|201896|203398|203855,complete,playbyplay_inferred,1611661317,Phoenix Mercury
Shot Chart Detail,1021800144,294,201886,DeWanna Bonner,1611661324,Minnesota Lynx,2,1,12,Made Shot,Driving Layup Shot,2PT Field Goal,In The Paint (Non-RA),Center(C),Less Than 8 ft.,4,37,29,1,1,20180721,PHO,MIN,2018,1021800144294,11280,validated,,0,matched,playbyplayv2,1611661317,100944|101030|200671|202632|202658,complete,playbyplay_inferred,201067|201886|201896|203398|203855,complete,playbyplay_inferred,1611661317,Phoenix Mercury
Shot Chart Detail,1021800144,303,201886,DeWanna Bonner,1611661324,Minnesota Lynx,2,0,46,Made Shot,Jump Shot,3PT Field Goal,Above the Break 3,Right Side Center(RC),24+ ft.,25,192,170,1,1,20180721,PHO,MIN,2018,1021800144303,11540,validated,,0,matched,playbyplayv2,1611661317,100944|200671|201503|202632|202658,complete,playbyplay_inferred,201067|201886|201896|203398|203855,complete,playbyplay_inferred,1611661317,Phoenix Mercury
Shot Chart Detail,1021800144,317,203398,Brittney Griner,1611661324,Minnesota Lynx,3,9,28,Missed Shot,Turnaround Jump Shot,2PT Field Goal,Mid-Range,Right Side(R),8-16 ft.,11,106,43,1,0,20180721,PHO,MIN,2018,1021800144317,12320,validated,,0,matched,playbyplayv2,1611661317,100915|100944|200671|201480|202632,complete,playbyplay_inferred,201067|201886|201896|203389|203398,complete,playbyplay_inferred,1611661317,Phoenix Mercury
Shot Chart Detail,1021800144,323,201896,Briann January,1611661324,Minnesota Lynx,3,9,6,Missed Shot,Jump Shot,2PT Field Goal,Mid-Range,Right Side Center(RC),16-24 ft.,20,131,161,1,0,20180721,PHO,MIN,2018,1021800144323,12540,validated,,0,matched,playbyplayv2,1611661317,100915|100944|200671|201480|202632,complete,playbyplay_inferred,201067|201886|201896|203389|203398,complete,playbyplay_inferred,1611661317,Phoenix Mercury
Shot Chart Detail,1021800144,329,201886,DeWanna Bonner,1611661324,Minnesota Lynx,3,8,43,Missed Shot,Jump Shot,3PT Field Goal,Above the Break 3,Right Side Center(RC),24+ ft.,24,195,146,1,0,20180721,PHO,MIN,2018,1021800144329,12770,validated,,0,matched,playbyplayv2,1611661317,100915|100944|200671|201480|202632,complete,playbyplay_inferred,201067|201886|201896|203389|203398,complete,playbyplay_inferred,1611661317,Phoenix Mercury
Shot Chart Detail,1021800144,337,203389,Yvonne Turner,1611661324,Minnesota Lynx,3,7,53,Made Shot,Jump Shot,3PT Field Goal,Above the Break 3,Center(C),24+ ft.,25,46,247,1,1,20180721,PHO,MIN,2018,1021800144337,13270,validated,203398,1,matched,playbyplayv2,1611661317,100915|100944|200671|201480|202632,complete,playbyplay_inferred,201067|201886|201896|203389|203398,complete,playbyplay_inferred,1611661317,Phoenix Mercury
Shot Chart Detail,1021800144,345,201886,DeWanna Bonner,1611661324,Minnesota Lynx,3,7,21,Missed Shot,Driving Layup Shot,2PT Field Goal,In The Paint (Non-RA),Center(C),Less Than 8 ft.,7,-60,43,1,0,20180721,PHO,MIN,2018,1021800144345,13590,validated,,0,matched,playbyplayv2,1611661317,100915|100944|200671|202632|1627701,complete,playbyplay_inferred,201067|201886|201896|203389|203398,complete,playbyplay_inferred,1611661317,Phoenix Mercury
Shot Chart Detail,1021800144,351,203389,Yvonne Turner,1611661324,Minnesota Lynx,3,7,11,Missed Shot,Jump Shot,3PT Field Goal,Above the Break 3,Center(C),24+ ft.,24,75,233,1,0,20180721,PHO,MIN,2018,1021800144351,13690,validated,,0,matched,playbyplayv2,1611661317,100944|200671|202632|202658|1627701,complete,playbyplay_inferred,201067|201886|201896|203389|203398,complete,playbyplay_inferred,1611661317,Phoenix Mercury
Shot Chart Detail,1021800144,364,201067,Camille Smith,1611661324,Minnesota Lynx,3,6,4,Missed Shot,Jump Shot,2PT Field Goal,Mid-Range,Center(C),16-24 ft.,21,-7,213,1,0,20180721,PHO,MIN,2018,1021800144364,14360,validated,,0,matched,playbyplayv2,1611661317,100944|200671|202632|202658|1627701,complete,playbyplay_inferred,201067|201886|201896|203389|203398,complete,playbyplay_inferred,1611661317,Phoenix Mercury
Shot Chart Detail,1021800144,368,201886,DeWanna Bonner,1611661324,Minnesota Lynx,3,5,49,Missed Shot,Step Back Jump shot,3PT Field Goal,Above the Break 3,Center(C),24+ ft.,27,17,276,1,0,20180721,PHO,MIN,2018,1021800144368,14510,validated,,0,matched,playbyplayv2,1611661317,100944|200671|202632|202658|1627701,complete,playbyplay_inferred,201067|201886|201896|203389|203398,complete,playbyplay_inferred,1611661317,Phoenix Mercury
Shot Chart Detail,1021800144,373,201067,Camille Smith,1611661324,Minnesota Lynx,3,5,16,Missed Shot,Jump Shot,2PT Field Goal,In The Paint (Non-RA),Center(C),8-16 ft.,12,12,124,1,0,20180721,PHO,MIN,2018,1021800144373,14840,validated,,0,matched,playbyplayv2,1611661317,100944|200671|202632|202658|1627701,complete,playbyplay_inferred,201067|201886|201896|203389|203398,complete,playbyplay_inferred,1611661317,Phoenix Mercury
Shot Chart Detail,1021800144,377,203389,Yvonne Turner,1611661324,Minnesota Lynx,3,4,49,Missed Shot,Pullup Jump shot,3PT Field Goal,Above the Break 3,Center(C),24+ ft.,24,52,235,1,0,20180721,PHO,MIN,2018,1021800144377,15110,validated,,0,matched,playbyplayv2,1611661317,100944|200671|202632|202658|1627701,complete,playbyplay_inferred,201067|201886|201896|203389|203398,complete,playbyplay_inferred,1611661317,Phoenix Mercury
Shot Chart Detail,1021800144,380,201886,DeWanna Bonner,1611661324,Minnesota Lynx,3,4,19,Made Shot,Driving Layup Shot,2PT Field Goal,In The Paint (Non-RA),Center(C),Less Than 8 ft.,4,43,16,1,1,20180721,PHO,MIN,2018,1021800144380,15410,validated,,0,matched,playbyplayv2,1611661317,100944|200671|202632|202658|1627701,complete,playbyplay_inferred,201067|201886|201896|203389|203398,complete,playbyplay_inferred,1611661317,Phoenix Mercury
Shot Chart Detail,1021800144,395,201886,DeWanna Bonner,1611661324,Minnesota Lynx,3,3,42,Made Shot,Layup Shot,2PT Field Goal,In The Paint (Non-RA),Center(C),Less Than 8 ft.,6,48,40,1,1,20180721,PHO,MIN,2018,1021800144395,15780,validated,,0,matched,playbyplayv2,1611661317,100944|200671|201480|202632|202658,complete,playbyplay_inferred,201886|201896|202657|203398|203855,complete,playbyplay_inferred,1611661317,Phoenix Mercury
Shot Chart Detail,1021800144,411,203398,Brittney Griner,1611661324,Minnesota Lynx,3,2,7,Made Shot,Hook Shot,2PT Field Goal,In The Paint (Non-RA),Center(C),Less Than 8 ft.,7,74,-9,1,1,20180721,PHO,MIN,2018,1021800144411,16730,validated,203855,1,matched,playbyplayv2,1611661317,100944|101030|201480|202632|202658,complete,playbyplay_inferred,201886|202657|203389|203398|203855,complete,playbyplay_inferred,1611661317,Phoenix Mercury
Shot Chart Detail,1021800144,421,203398,Brittney Griner,1611661324,Minnesota Lynx,3,0,47,Made Shot,Turnaround Jump Shot,2PT Field Goal,In The Paint (Non-RA),Center(C),8-16 ft.,12,7,125,1,1,20180721,PHO,MIN,2018,1021800144421,17530,validated,203389,1,matched,playbyplayv2,1611661317,100944|101030|201480|202632|202658,complete,playbyplay_inferred,201886|202657|203389|203398|203855,complete,playbyplay_inferred,1611661317,Phoenix Mercury
Shot Chart Detail,1021800144,427,203855,Stephanie Talbot,1611661324,Minnesota Lynx,3,0,10,Made Shot,Driving Layup Shot,2PT Field Goal,Restricted Area,Center(C),Less Than 8 ft.,2,-11,17,1,1,20180721,PHO,MIN,2018,1021800144427,17900,validated,,0,matched,playbyplayv2,1611661317,100944|101030|201480|202632|202658,complete,playbyplay_inferred,201067|201886|203389|203398|203855,complete,playbyplay_inferred,1611661317,Phoenix Mercury
Shot Chart Detail,1021800144,437,203398,Brittney Griner,1611661324,Minnesota Lynx,4,9,43,Made Shot,Jump Shot,2PT Field Goal,Mid-Range,Right Side(R),8-16 ft.,13,131,29,1,1,20180721,PHO,MIN,2018,1021800144437,18170,validated,203855,1,matched,playbyplayv2,1611661317,100944|101030|200671|201480|202658,complete,playbyplay_inferred,201067|201886|201896|203398|203855,complete,playbyplay_inferred,1611661317,Phoenix Mercury
Shot Chart Detail,1021800144,441,201896,Briann January,1611661324,Minnesota Lynx,4,8,55,Missed Shot,Jump Shot,3PT Field Goal,Above the Break 3,Right Side Center(RC),24+ ft.,25,151,205,1,0,20180721,PHO,MIN,2018,1021800144441,18650,validated,,0,matched,playbyplayv2,1611661317,100944|101030|200671|201480|202658,complete,playbyplay_inferred,201067|201886|201896|203398|203855,complete,playbyplay_inferred,1611661317,Phoenix Mercury
Shot Chart Detail,1021800144,445,201896,Briann January,1611661324,Minnesota Lynx,4,8,24,Made Shot,Driving Reverse Layup Shot,2PT Field Goal,Restricted Area,Center(C),Less Than 8 ft.,2,-10,18,1,1,20180721,PHO,MIN,2018,1021800144445,18960,validated,,0,matched,playbyplayv2,1611661317,100944|101030|200671|201480|202658,complete,playbyplay_inferred,201067|201886|201896|203398|203855,complete,playbyplay_inferred,1611661317,Phoenix Mercury
Shot Chart Detail,1021800144,448,201886,DeWanna Bonner,1611661324,Minnesota Lynx,4,8,2,Missed Shot,Running Layup Shot,2PT Field Goal,Restricted Area,Center(C),Less Than 8 ft.,3,-26,15,1,0,20180721,PHO,MIN,2018,1021800144448,19180,validated,,0,matched,playbyplayv2,1611661317,100944|101030|200671|201480|202658,complete,playbyplay_inferred,201067|201886|201896|203398|203855,complete,playbyplay_inferred,1611661317,Phoenix Mercury
Shot Chart Detail,1021800144,452,203855,Stephanie Talbot,1611661324,Minnesota Lynx,4,7,28,Made Shot,Jump Shot,3PT Field Goal,Above the Break 3,Left Side Center(LC),24+ ft.,24,-144,204,1,1,20180721,PHO,MIN,2018,1021800144452,19520,validated,201886,1,matched,playbyplayv2,1611661317,100944|101030|200671|201480|202658,complete,playbyplay_inferred,201067|201886|201896|203398|203855,complete,playbyplay_inferred,1611661317,Phoenix Mercury
Shot Chart Detail,1021800144,462,201886,DeWanna Bonner,1611661324,Minnesota Lynx,4,6,26,Missed Shot,Running Layup Shot,2PT Field Goal,Restricted Area,Center(C),Less Than 8 ft.,3,-21,27,1,0,20180721,PHO,MIN,2018,1021800144462,20140,validated,,0,matched,playbyplayv2,1611661317,100944|101030|201480|202632|202658,complete,playbyplay_inferred,201067|201886|201896|203398|203855,complete,playbyplay_inferred,1611661317,Phoenix Mercury
Shot Chart Detail,1021800144,464,201886,DeWanna Bonner,1611661324,Minnesota Lynx,4,6,21,Missed Shot,Jump Shot,2PT Field Goal,In The Paint (Non-RA),Center(C),Less Than 8 ft.,7,-5,75,1,0,20180721,PHO,MIN,2018,1021800144464,20190,validated,,0,matched,playbyplayv2,1611661317,100944|101030|201480|202632|202658,complete,playbyplay_inferred,201067|201886|201896|203398|203855,complete,playbyplay_inferred,1611661317,Phoenix Mercury
Shot Chart Detail,1021800144,489,203398,Brittney Griner,1611661324,Minnesota Lynx,4,4,55,Missed Shot,Jump Shot,2PT Field Goal,Mid-Range,Right Side Center(RC),16-24 ft.,17,117,135,1,0,20180721,PHO,MIN,2018,1021800144489,21050,validated,,0,matched,playbyplayv2,1611661317,100944|200671|201503|202632|202658,complete,playbyplay_inferred,201067|201886|201896|203398|203855,complete,playbyplay_inferred,1611661317,Phoenix Mercury
Shot Chart Detail,1021800144,491,201886,DeWanna Bonner,1611661324,Minnesota Lynx,4,4,48,Missed Shot,Jump Shot,3PT Field Goal,Above the Break 3,Center(C),24+ ft.,24,22,248,1,0,20180721,PHO,MIN,2018,1021800144491,21120,validated,,0,matched,playbyplayv2,1611661317,100944|200671|201503|202632|202658,complete,playbyplay_inferred,201067|201886|201896|203398|203855,complete,playbyplay_inferred,1611661317,Phoenix Mercury
Shot Chart Detail,1021800144,493,201067,Camille Smith,1611661324,Minnesota Lynx,4,4,36,Missed Shot,Jump Shot,3PT Field Goal,Above the Break 3,Right Side Center(RC),24+ ft.,26,97,242,1,0,20180721,PHO,MIN,2018,1021800144493,21240,validated,,0,matched,playbyplayv2,1611661317,100944|200671|201503|202632|202658,complete,playbyplay_inferred,201067|201886|201896|203398|203855,complete,playbyplay_inferred,1611661317,Phoenix Mercury
Shot Chart Detail,1021800144,499,201886,DeWanna Bonner,1611661324,Minnesota Lynx,4,3,58,Made Shot,Turnaround Jump Shot,2PT Field Goal,Mid-Range,Right Side(R),8-16 ft.,11,85,77,1,1,20180721,PHO,MIN,2018,1021800144499,21620,validated,,0,matched,playbyplayv2,1611661317,100944|200671|201503|202632|202658,complete,playbyplay_inferred,201067|201886|201896|203398|203855,complete,playbyplay_inferred,1611661317,Phoenix Mercury
Shot Chart Detail,1021800144,503,201886,DeWanna Bonner,1611661324,Minnesota Lynx,4,3,17,Made Shot,Jump Shot,3PT Field Goal,Above the Break 3,Left Side Center(LC),24+ ft.,26,-181,187,1,1,20180721,PHO,MIN,2018,1021800144503,22030,validated,201067,1,matched,playbyplayv2,1611661317,100944|200671|201503|202632|202658,complete,playbyplay_inferred,201067|201886|201896|203398|203855,complete,playbyplay_inferred,1611661317,Phoenix Mercury
Shot Chart Detail,1021800144,506,201886,DeWanna Bonner,1611661324,Minnesota Lynx,4,2,38,Missed Shot,Jump Shot,3PT Field Goal,Above the Break 3,Right Side Center(RC),24+ ft.,27,169,219,1,0,20180721,PHO,MIN,2018,1021800144506,22420,validated,,0,matched,playbyplayv2,1611661317,100944|200671|201503|202632|202658,complete,playbyplay_inferred,201067|201886|201896|203398|203855,complete,playbyplay_inferred,1611661317,Phoenix Mercury
Shot Chart Detail,1021800144,514,201896,Briann January,1611661324,Minnesota Lynx,4,2,10,Missed Shot,Pullup Jump shot,2PT Field Goal,Mid-Range,Left Side(L),8-16 ft.,15,-144,50,1,0,20180721,PHO,MIN,2018,1021800144514,22700,validated,,0,matched,playbyplayv2,1611661317,100944|200671|201503|202632|202658,complete,playbyplay_inferred,201067|201886|201896|203398|203855,complete,playbyplay_inferred,1611661317,Phoenix Mercury
Shot Chart Detail,1021800144,527,203855,Stephanie Talbot,1611661324,Minnesota Lynx,4,1,13,Made Shot,Running Layup Shot,2PT Field Goal,Restricted Area,Center(C),Less Than 8 ft.,2,-21,15,1,1,20180721,PHO,MIN,2018,1021800144527,23270,validated,,0,matched,playbyplayv2,1611661317,100944|200671|201503|202632|202658,complete,playbyplay_inferred,201067|201886|201896|203398|203855,complete,playbyplay_inferred,1611661317,Phoenix Mercury
Shot Chart Detail,1021800144,530,201886,DeWanna Bonner,1611661324,Minnesota Lynx,4,0,48,Missed Shot,Jump Shot,3PT Field Goal,Above the Break 3,Center(C),24+ ft.,32,96,307,1,0,20180721,PHO,MIN,2018,1021800144530,23520,validated,,0,matched,playbyplayv2,1611661317,100944|200671|201503|202632|202658,complete,playbyplay_inferred,201067|201886|201896|203398|203855,complete,playbyplay_inferred,1611661317,Phoenix Mercury
Shot Chart Detail,1021800144,532,203855,Stephanie Talbot,1611661324,Minnesota Lynx,4,0,43,Missed Shot,Putback Layup Shot,2PT Field Goal,Restricted Area,Center(C),Less Than 8 ft.,3,15,27,1,0,20180721,PHO,MIN,2018,1021800144532,23570,validated,,0,matched,playbyplayv2,1611661317,100944|200671|201503|202632|202658,complete,playbyplay_inferred,201067|201886|201896|203398|203855,complete,playbyplay_inferred,1611661317,Phoenix Mercury
Shot Chart Detail,1021800151,7,201913,Kia Vaughn,1611661324,Minnesota Lynx,1,9,35,Made Shot,Cutting Layup Shot,2PT Field Goal,In The Paint (Non-RA),Center(C),Less Than 8 ft.,4,-37,23,1,1,20180724,MIN,NYL,2018,10218001517,250,validated,203411,1,matched,playbyplayv2,1611661313,100915|100944|200671|201480|202632,complete,playbyplay_inferred,201889|201913|202250|203411|204327,complete,playbyplay_inferred,1611661313,New York Liberty
Shot Chart Detail,1021800151,20,202250,Tina Charles,1611661324,Minnesota Lynx,1,8,46,Missed Shot,Jump Shot,2PT Field Goal,Mid-Range,Right Side(R),8-16 ft.,13,125,38,1,0,20180724,MIN,NYL,2018,102180015120,740,validated,,0,matched,playbyplayv2,1611661313,100915|100944|200671|201480|202632,complete,playbyplay_inferred,201889|201913|202250|203411|204327,complete,playbyplay_inferred,1611661313,New York Liberty
Shot Chart Detail,1021800151,24,201889,Marissa Coleman,1611661324,Minnesota Lynx,1,8,17,Made Shot,Jump Shot,3PT Field Goal,Above the Break 3,Left Side(L),24+ ft.,22,-224,30,1,1,20180724,MIN,NYL,2018,102180015124,1030,validated,204327,1,matched,playbyplayv2,1611661313,100915|100944|200671|201480|202632,complete,playbyplay_inferred,201889|201913|202250|203411|204327,complete,playbyplay_inferred,1611661313,New York Liberty
Shot Chart Detail,1021800151,29,201889,Marissa Coleman,1611661324,Minnesota Lynx,1,7,34,Missed Shot,Jump Shot,3PT Field Goal,Above the Break 3,Left Side Center(LC),24+ ft.,24,-208,138,1,0,20180724,MIN,NYL,2018,102180015129,1460,validated,,0,matched,playbyplayv2,1611661313,100915|100944|200671|201480|202632,complete,playbyplay_inferred,201889|201913|202250|203411|204327,complete,playbyplay_inferred,1611661313,New York Liberty
Shot Chart Detail,1021800151,38,203411,Sugar Rodgers,1611661324,Minnesota Lynx,1,6,59,Made Shot,Jump Shot,2PT Field Goal,Mid-Range,Left Side Center(LC),16-24 ft.,21,-152,159,1,1,20180724,MIN,NYL,2018,102180015138,1810,validated,204327,1,matched,playbyplayv2,1611661313,100915|100944|200671|201480|202632,complete,playbyplay_inferred,201889|201913|202250|203411|204327,complete,playbyplay_inferred,1611661313,New York Liberty
Shot Chart Detail,1021800151,42,201913,Kia Vaughn,1611661324,Minnesota Lynx,1,6,32,Missed Shot,Jump Shot,2PT Field Goal,Mid-Range,Left Side(L),16-24 ft.,19,-192,-21,1,0,20180724,MIN,NYL,2018,102180015142,2080,validated,,0,matched,playbyplayv2,1611661313,100915|100944|200671|201480|202632,complete,playbyplay_inferred,201889|201913|202250|203411|204327,complete,playbyplay_inferred,1611661313,New York Liberty
Shot Chart Detail,1021800151,44,202250,Tina Charles,1611661324,Minnesota Lynx,1,6,27,Made Shot,Floating Jump shot,2PT Field Goal,In The Paint (Non-RA),Center(C),Less Than 8 ft.,4,-36,25,1,1,20180724,MIN,NYL,2018,102180015144,2130,validated,,0,matched,playbyplayv2,1611661313,100915|100944|200671|201480|202632,complete,playbyplay_inferred,201889|201913|202250|203411|204327,complete,playbyplay_inferred,1611661313,New York Liberty
Shot Chart Detail,1021800151,66,202250,Tina Charles,1611661324,Minnesota Lynx,1,4,46,Made Shot,Turnaround Fadeaway shot,2PT Field Goal,In The Paint (Non-RA),Center(C),Less Than 8 ft.,6,-62,-12,1,1,20180724,MIN,NYL,2018,102180015166,3140,validated,203829,1,matched,playbyplayv2,1611661313,100944|200671|201480|202632|202658,complete,playbyplay_inferred,201889|201913|202250|203411|203829,complete,playbyplay_inferred,1611661313,New York Liberty
Shot Chart Detail,1021800151,77,204320,Amanda Zahui B,1611661324,Minnesota Lynx,1,4,21,Made Shot,Jump Shot,3PT Field Goal,Above the Break 3,Right Side Center(RC),24+ ft.,24,77,235,1,1,20180724,MIN,NYL,2018,102180015177,3390,validated,203829,1,matched,playbyplayv2,1611661313,100944|200671|201480|202632|202658,complete,playbyplay_inferred,201889|202250|203411|203829|204320,complete,playbyplay_inferred,1611661313,New York Liberty
Shot Chart Detail,1021800151,90,204320,Amanda Zahui B,1611661324,Minnesota Lynx,1,3,24,Missed Shot,Jump Shot,3PT Field Goal,Above the Break 3,Center(C),24+ ft.,26,-78,258,1,0,20180724,MIN,NYL,2018,102180015190,3960,validated,,0,matched,playbyplayv2,1611661313,100944|200671|201480|202632|202658,complete,playbyplay_inferred,201889|202250|203411|203829|204320,complete,playbyplay_inferred,1611661313,New York Liberty
Shot Chart Detail,1021800151,92,202250,Tina Charles,1611661324,Minnesota Lynx,1,3,19,Made Shot,Jump Shot,3PT Field Goal,Above the Break 3,Center(C),24+ ft.,24,71,237,1,1,20180724,MIN,NYL,2018,102180015192,4010,validated,203411,1,matched,playbyplayv2,1611661313,100944|200671|201480|202632|202658,complete,playbyplay_inferred,201889|202250|203411|203829|204320,complete,playbyplay_inferred,1611661313,New York Liberty
Shot Chart Detail,1021800151,108,203829,Bria Hartley,1611661324,Minnesota Lynx,1,2,19,Missed Shot,Jump Shot,3PT Field Goal,Above the Break 3,Right Side Center(RC),24+ ft.,24,137,201,1,0,20180724,MIN,NYL,2018,1021800151108,4610,validated,,0,matched,playbyplayv2,1611661313,101030|201480|201503|202632|202658,complete,playbyplay_inferred,202250|203411|203829|204320|1628915,complete,playbyplay_inferred,1611661313,New York Liberty
Shot Chart Detail,1021800151,110,202250,Tina Charles,1611661324,Minnesota Lynx,1,2,17,Made Shot,Layup Shot,2PT Field Goal,Restricted Area,Center(C),Less Than 8 ft.,2,-12,25,1,1,20180724,MIN,NYL,2018,1021800151110,4630,validated,,0,matched,playbyplayv2,1611661313,101030|201480|201503|202632|202658,complete,playbyplay_inferred,202250|203411|203829|204320|1628915,complete,playbyplay_inferred,1611661313,New York Liberty
Shot Chart Detail,1021800151,120,202250,Tina Charles,1611661324,Minnesota Lynx,1,1,42,Made Shot,Turnaround Jump Shot,2PT Field Goal,In The Paint (Non-RA),Center(C),Less Than 8 ft.,7,75,24,1,1,20180724,MIN,NYL,2018,1021800151120,4980,validated,203829,1,matched,playbyplayv2,1611661313,101030|201480|202632|202658|1628508,complete,playbyplay_inferred,202250|203411|203829|204320|1628915,complete,playbyplay_inferred,1611661313,New York Liberty
Shot Chart Detail,1021800151,131,203411,Sugar Rodgers,1611661324,Minnesota Lynx,1,1,10,Missed Shot,Jump Shot,2PT Field Goal,Mid-Range,Right Side(R),16-24 ft.,20,205,45,1,0,20180724,MIN,NYL,2018,1021800151131,5300,validated,,0,matched,playbyplayv2,1611661313,101030|201480|202632|202658|1628508,complete,playbyplay_inferred,202250|203411|203829|204320|1628915,complete,playbyplay_inferred,1611661313,New York Liberty
Shot Chart Detail,1021800151,133,202250,Tina Charles,1611661324,Minnesota Lynx,1,1,7,Missed Shot,Jump Shot,3PT Field Goal,Above the Break 3,Center(C),24+ ft.,24,63,240,1,0,20180724,MIN,NYL,2018,1021800151133,5330,validated,,0,matched,playbyplayv2,1611661313,101030|201480|202632|202658|1628508,complete,playbyplay_inferred,202250|203411|203829|204320|1628915,complete,playbyplay_inferred,1611661313,New York Liberty
Shot Chart Detail,1021800151,135,204320,Amanda Zahui B,1611661324,Minnesota Lynx,1,0,54,Missed Shot,Jump Shot,3PT Field Goal,Above the Break 3,Right Side(R),24+ ft.,24,227,81,1,0,20180724,MIN,NYL,2018,1021800151135,5460,validated,,0,matched,playbyplayv2,1611661313,101030|201480|202632|202658|1628508,complete,playbyplay_inferred,202250|203411|203829|204320|1628915,complete,playbyplay_inferred,1611661313,New York Liberty
Shot Chart Detail,1021800151,139,203829,Bria Hartley,1611661324,Minnesota Lynx,1,0,40,Missed Shot,Layup Shot,2PT Field Goal,Restricted Area,Center(C),Less Than 8 ft.,3,33,13,1,0,20180724,MIN,NYL,2018,1021800151139,5600,validated,,0,matched,playbyplayv2,1611661313,101030|201480|202632|202658|1628508,complete,playbyplay_inferred,202250|203411|203829|204320|1628915,complete,playbyplay_inferred,1611661313,New York Liberty
Shot Chart Detail,1021800151,147,203829,Bria Hartley,1611661324,Minnesota Lynx,1,0,3,Made Shot,Jump Shot,2PT Field Goal,Mid-Range,Center(C),8-16 ft.,14,19,141,1,1,20180724,MIN,NYL,2018,1021800151147,5970,validated,202250,1,matched,playbyplayv2,1611661313,101030|201480|202632|202658|1628508,complete,playbyplay_inferred,202250|203411|203829|204320|1628915,complete,playbyplay_inferred,1611661313,New York Liberty
Shot Chart Detail,1021800151,164,1628915,Kia Nurse,1611661324,Minnesota Lynx,2,9,27,Made Shot,Jump Shot,2PT Field Goal,In The Paint (Non-RA),Right Side(R),8-16 ft.,13,77,114,1,1,20180724,MIN,NYL,2018,1021800151164,6330,validated,204320,1,matched,playbyplayv2,1611661313,100915|100944|101030|201480|1628508,complete,playbyplay_inferred,203411|203829|204320|204329|1628915,complete,playbyplay_inferred,1611661313,New York Liberty
Shot Chart Detail,1021800151,168,203829,Bria Hartley,1611661324,Minnesota Lynx,2,8,55,Made Shot,Driving Floating Jump Shot,2PT Field Goal,In The Paint (Non-RA),Center(C),8-16 ft.,8,14,84,1,1,20180724,MIN,NYL,2018,1021800151168,6650,validated,203411,1,matched,playbyplayv2,1611661313,100915|100944|101030|201480|1628508,complete,playbyplay_inferred,203411|203829|204320|204329|1628915,complete,playbyplay_inferred,1611661313,New York Liberty
Shot Chart Detail,1021800151,172,1628915,Kia Nurse,1611661324,Minnesota Lynx,2,8,28,Missed Shot,Layup Shot,2PT Field Goal,Restricted Area,Center(C),Less Than 8 ft.,3,28,14,1,0,20180724,MIN,NYL,2018,1021800151172,6920,validated,,0,matched,playbyplayv2,1611661313,100915|100944|101030|201480|1628508,complete,playbyplay_inferred,203411|203829|204320|204329|1628915,complete,playbyplay_inferred,1611661313,New York Liberty
Shot Chart Detail,1021800151,176,204320,Amanda Zahui B,1611661324,Minnesota Lynx,2,8,2,Made Shot,Layup Shot,2PT Field Goal,Restricted Area,Center(C),Less Than 8 ft.,2,25,11,1,1,20180724,MIN,NYL,2018,1021800151176,7180,validated,203411,1,matched,playbyplayv2,1611661313,100915|100944|101030|201480|1628508,complete,playbyplay_inferred,203411|203829|204320|204329|1628915,complete,playbyplay_inferred,1611661313,New York Liberty
Shot Chart Detail,1021800151,201,1628915,Kia Nurse,1611661324,Minnesota Lynx,2,6,53,Made Shot,Jump Shot,3PT Field Goal,Above the Break 3,Left Side Center(LC),24+ ft.,26,-179,190,1,1,20180724,MIN,NYL,2018,1021800151201,7870,validated,202259,1,matched,playbyplayv2,1611661313,100915|100944|101030|201480|1628508,complete,playbyplay_inferred,201913|202250|202259|203829|1628915,complete,playbyplay_inferred,1611661313,New York Liberty
Shot Chart Detail,1021800151,204,203829,Bria Hartley,1611661324,Minnesota Lynx,2,6,22,Missed Shot,Pullup Jump shot,2PT Field Goal,Mid-Range,Center(C),8-16 ft.,15,2,151,1,0,20180724,MIN,NYL,2018,1021800151204,8180,validated,,0,matched,playbyplayv2,1611661313,100915|100944|101030|201480|1628508,complete,playbyplay_inferred,201913|202250|202259|203829|1628915,complete,playbyplay_inferred,1611661313,New York Liberty
Shot Chart Detail,1021800151,207,201913,Kia Vaughn,1611661324,Minnesota Lynx,2,6,0,Missed Shot,Jump Shot,2PT Field Goal,Mid-Range,Left Side(L),8-16 ft.,12,-120,6,1,0,20180724,MIN,NYL,2018,1021800151207,8400,validated,,0,matched,playbyplayv2,1611661313,100915|100944|101030|201480|1628508,complete,playbyplay_inferred,201913|202250|202259|203829|1628915,complete,playbyplay_inferred,1611661313,New York Liberty
Shot Chart Detail,1021800151,220,202250,Tina Charles,1611661324,Minnesota Lynx,2,5,24,Made Shot,Jump Shot,2PT Field Goal,Mid-Range,Left Side Center(LC),16-24 ft.,19,-109,159,1,1,20180724,MIN,NYL,2018,1021800151220,8760,validated,1628915,1,matched,playbyplayv2,1611661313,100915|100944|200671|201480|202632,complete,playbyplay_inferred,201913|202250|202259|204327|1628915,complete,playbyplay_inferred,1611661313,New York Liberty
Shot Chart Detail,1021800151,225,202259,Epiphanny Prince,1611661324,Minnesota Lynx,2,4,57,Made Shot,Jump Shot,2PT Field Goal,Mid-Range,Right Side(R),16-24 ft.,18,189,17,1,1,20180724,MIN,NYL,2018,1021800151225,9030,validated,204327,1,matched,playbyplayv2,1611661313,100915|100944|200671|201480|202632,complete,playbyplay_inferred,201913|202250|202259|204327|1628915,complete,playbyplay_inferred,1611661313,New York Liberty
Shot Chart Detail,1021800151,243,202259,Epiphanny Prince,1611661324,Minnesota Lynx,2,4,13,Missed Shot,Jump Shot,3PT Field Goal,Above the Break 3,Left Side Center(LC),24+ ft.,23,-186,149,1,0,20180724,MIN,NYL,2018,1021800151243,9470,validated,,0,matched,playbyplayv2,1611661313,100915|100944|200671|201480|202632,complete,playbyplay_inferred,202250|202259|204320|204327|1628915,complete,playbyplay_inferred,1611661313,New York Liberty
Shot Chart Detail,1021800151,255,1628915,Kia Nurse,1611661324,Minnesota Lynx,2,3,29,Missed Shot,Jump Shot,3PT Field Goal,Above the Break 3,Left Side(L),16-24 ft.,23,-196,132,1,0,20180724,MIN,NYL,2018,1021800151255,9910,validated,,0,matched,playbyplayv2,1611661313,100915|100944|200671|201480|202632,complete,playbyplay_inferred,202250|202259|204327|204329|1628915,complete,playbyplay_inferred,1611661313,New York Liberty
Shot Chart Detail,1021800151,259,202250,Tina Charles,1611661324,Minnesota Lynx,2,3,16,Made Shot,Driving Layup Shot,2PT Field Goal,Restricted Area,Center(C),Less Than 8 ft.,2,27,11,1,1,20180724,MIN,NYL,2018,1021800151259,10040,validated,,0,matched,playbyplayv2,1611661313,100915|100944|200671|201480|202632,complete,playbyplay_inferred,202250|202259|204327|204329|1628915,complete,playbyplay_inferred,1611661313,New York Liberty
Shot Chart Detail,1021800151,264,1628915,Kia Nurse,1611661324,Minnesota Lynx,2,2,54,Missed Shot,Jump Shot,3PT Field Goal,Above the Break 3,Left Side Center(LC),24+ ft.,24,-217,114,1,0,20180724,MIN,NYL,2018,1021800151264,10260,validated,,0,matched,playbyplayv2,1611661313,100944|200671|201480|202632|202658,complete,playbyplay_inferred,202250|202259|204327|204329|1628915,complete,playbyplay_inferred,1611661313,New York Liberty
Shot Chart Detail,1021800151,266,204327,Brittany Boyd-Jones,1611661324,Minnesota Lynx,2,2,41,Missed Shot,Driving Layup Shot,2PT Field Goal,Restricted Area,Center(C),Less Than 8 ft.,2,27,13,1,0,20180724,MIN,NYL,2018,1021800151266,10390,validated,,0,matched,playbyplayv2,1611661313,100944|200671|201480|202632|202658,complete,playbyplay_inferred,202250|202259|204327|204329|1628915,complete,playbyplay_inferred,1611661313,New York Liberty
Shot Chart Detail,1021800151,270,202250,Tina Charles,1611661324,Minnesota Lynx,2,2,10,Missed Shot,Jump Shot,2PT Field Goal,In The Paint (Non-RA),Center(C),Less Than 8 ft.,7,9,70,1,0,20180724,MIN,NYL,2018,1021800151270,10700,validated,,0,matched,playbyplayv2,1611661313,100944|200671|201480|202632|202658,complete,playbyplay_inferred,202250|202259|204327|204329|1628915,complete,playbyplay_inferred,1611661313,New York Liberty
Shot Chart Detail,1021800151,274,204327,Brittany Boyd-Jones,1611661324,Minnesota Lynx,2,1,50,Made Shot,Driving Layup Shot,2PT Field Goal,Restricted Area,Center(C),Less Than 8 ft.,3,28,14,1,1,20180724,MIN,NYL,2018,1021800151274,10900,validated,,0,matched,playbyplayv2,1611661313,100944|200671|201480|202632|202658,complete,playbyplay_inferred,202250|202259|204327|204329|1628915,complete,playbyplay_inferred,1611661313,New York Liberty
Shot Chart Detail,1021800151,284,204327,Brittany Boyd-Jones,1611661324,Minnesota Lynx,2,1,8,Missed Shot,Jump Shot,3PT Field Goal,Above the Break 3,Right Side Center(RC),24+ ft.,24,174,170,1,0,20180724,MIN,NYL,2018,1021800151284,11320,validated,,0,matched,playbyplayv2,1611661313,100944|200671|201480|202632|202658,complete,playbyplay_inferred,202250|202259|203411|204327|204329,complete,playbyplay_inferred,1611661313,New York Liberty
Shot Chart Detail,1021800151,288,203411,Sugar Rodgers,1611661324,Minnesota Lynx,2,0,51,Missed Shot,Jump Shot,3PT Field Goal,Above the Break 3,Left Side Center(LC),24+ ft.,25,-85,238,1,0,20180724,MIN,NYL,2018,1021800151288,11490,validated,,0,matched,playbyplayv2,1611661313,100944|200671|201480|202632|202658,complete,playbyplay_inferred,202250|202259|203411|204327|204329,complete,playbyplay_inferred,1611661313,New York Liberty
Shot Chart Detail,1021800151,292,202259,Epiphanny Prince,1611661324,Minnesota Lynx,2,0,29,Missed Shot,Jump Shot,3PT Field Goal,Above the Break 3,Left Side Center(LC),24+ ft.,24,-148,195,1,0,20180724,MIN,NYL,2018,1021800151292,11710,validated,,0,matched,playbyplayv2,1611661313,100944|200671|201480|202632|202658,complete,playbyplay_inferred,202250|202259|203411|204327|204329,complete,playbyplay_inferred,1611661313,New York Liberty
Shot Chart Detail,1021800151,294,202250,Tina Charles,1611661324,Minnesota Lynx,2,0,26,Made Shot,Reverse Layup Shot,2PT Field Goal,Restricted Area,Center(C),Less Than 8 ft.,2,-20,20,1,1,20180724,MIN,NYL,2018,1021800151294,11740,validated,,0,matched,playbyplayv2,1611661313,100944|200671|201480|202632|202658,complete,playbyplay_inferred,202250|202259|203411|204327|204329,complete,playbyplay_inferred,1611661313,New York Liberty
Shot Chart Detail,1021800151,296,203411,Sugar Rodgers,1611661324,Minnesota Lynx,2,0,5,Made Shot,Layup Shot,2PT Field Goal,Restricted Area,Center(C),Less Than 8 ft.,2,21,11,1,1,20180724,MIN,NYL,2018,1021800151296,11950,validated,204327,1,matched,playbyplayv2,1611661313,100944|200671|201480|202632|202658,complete,playbyplay_inferred,202250|202259|203411|204327|204329,complete,playbyplay_inferred,1611661313,New York Liberty
Shot Chart Detail,1021800151,314,201889,Marissa Coleman,1611661324,Minnesota Lynx,3,9,22,Missed Shot,Jump Shot,3PT Field Goal,Above the Break 3,Left Side(L),24+ ft.,24,-232,79,1,0,20180724,MIN,NYL,2018,1021800151314,12380,validated,,0,matched,playbyplayv2,1611661313,100915|100944|200671|201480|202632,complete,playbyplay_inferred,201889|202250|203411|204327|204329,complete,playbyplay_inferred,1611661313,New York Liberty
Shot Chart Detail,1021800151,316,203411,Sugar Rodgers,1611661324,Minnesota Lynx,3,9,11,Missed Shot,Jump Shot,3PT Field Goal,Left Corner 3,Left Side(L),24+ ft.,22,-228,10,1,0,20180724,MIN,NYL,2018,1021800151316,12490,validated,,0,matched,playbyplayv2,1611661313,100915|100944|200671|201480|202632,complete,playbyplay_inferred,201889|202250|203411|204327|204329,complete,playbyplay_inferred,1611661313,New York Liberty
Shot Chart Detail,1021800151,330,204329,Kiah Stokes,1611661324,Minnesota Lynx,3,8,4,Missed Shot,Layup Shot,2PT Field Goal,Mid-Range,Left Side(L),8-16 ft.,9,-88,22,1,0,20180724,MIN,NYL,2018,1021800151330,13160,validated,,0,matched,playbyplayv2,1611661313,100915|100944|200671|201480|202632,complete,playbyplay_inferred,201889|202250|203411|204327|204329,complete,playbyplay_inferred,1611661313,New York Liberty
Shot Chart Detail,1021800151,343,204320,Amanda Zahui B,1611661324,Minnesota Lynx,3,7,28,Missed Shot,Layup Shot,2PT Field Goal,In The Paint (Non-RA),Center(C),Less Than 8 ft.,5,48,26,1,0,20180724,MIN,NYL,2018,1021800151343,13520,validated,,0,matched,playbyplayv2,1611661313,100915|100944|200671|201480|202632,complete,playbyplay_inferred,201889|202250|203411|204320|204327,complete,playbyplay_inferred,1611661313,New York Liberty
Shot Chart Detail,1021800151,346,201889,Marissa Coleman,1611661324,Minnesota Lynx,3,7,23,Missed Shot,Jump Shot,2PT Field Goal,Mid-Range,Right Side Center(RC),16-24 ft.,20,137,155,1,0,20180724,MIN,NYL,2018,1021800151346,13570,validated,,0,matched,playbyplayv2,1611661313,100915|100944|200671|201480|202632,complete,playbyplay_inferred,201889|202250|203411|204320|204327,complete,playbyplay_inferred,1611661313,New York Liberty
Shot Chart Detail,1021800151,348,202250,Tina Charles,1611661324,Minnesota Lynx,3,7,14,Missed Shot,Fadeaway Jump Shot,2PT Field Goal,Mid-Range,Left Side Center(LC),16-24 ft.,17,-136,106,1,0,20180724,MIN,NYL,2018,1021800151348,13660,validated,,0,matched,playbyplayv2,1611661313,100915|100944|200671|201480|202632,complete,playbyplay_inferred,201889|202250|203411|204320|204327,complete,playbyplay_inferred,1611661313,New York Liberty
Shot Chart Detail,1021800151,352,204320,Amanda Zahui B,1611661324,Minnesota Lynx,3,6,41,Missed Shot,Jump Shot,2PT Field Goal,Mid-Range,Right Side(R),16-24 ft.,17,170,-15,1,0,20180724,MIN,NYL,2018,1021800151352,13990,validated,,0,matched,playbyplayv2,1611661313,100915|100944|200671|201480|202632,complete,playbyplay_inferred,201889|202250|203411|204320|204327,complete,playbyplay_inferred,1611661313,New York Liberty
Shot Chart Detail,1021800151,354,204327,Brittany Boyd-Jones,1611661324,Minnesota Lynx,3,6,27,Missed Shot,Jump Shot,3PT Field Goal,Above the Break 3,Right Side Center(RC),24+ ft.,24,137,206,1,0,20180724,MIN,NYL,2018,1021800151354,14130,validated,,0,matched,playbyplayv2,1611661313,100915|100944|200671|201480|202632,complete,playbyplay_inferred,201889|202250|203411|204320|204327,complete,playbyplay_inferred,1611661313,New York Liberty
Shot Chart Detail,1021800151,358,204320,Amanda Zahui B,1611661324,Minnesota Lynx,3,6,7,Missed Shot,Cutting Layup Shot,2PT Field Goal,Restricted Area,Center(C),Less Than 8 ft.,2,-27,12,1,0,20180724,MIN,NYL,2018,1021800151358,14330,validated,,0,matched,playbyplayv2,1611661313,100915|100944|200671|201480|202632,complete,playbyplay_inferred,201889|202250|203411|204320|204327,complete,playbyplay_inferred,1611661313,New York Liberty
Shot Chart Detail,1021800151,360,204320,Amanda Zahui B,1611661324,Minnesota Lynx,3,6,1,Missed Shot,Putback Layup Shot,2PT Field Goal,Restricted Area,Center(C),Less Than 8 ft.,0,0,-6,1,0,20180724,MIN,NYL,2018,1021800151360,14390,validated,,0,matched,playbyplayv2,1611661313,100915|100944|200671|201480|202632,complete,playbyplay_inferred,201889|202250|203411|204320|204327,complete,playbyplay_inferred,1611661313,New York Liberty
Shot Chart Detail,1021800151,372,204320,Amanda Zahui B,1611661324,Minnesota Lynx,3,5,24,Made Shot,Cutting Layup Shot,2PT Field Goal,Restricted Area,Center(C),Less Than 8 ft.,3,2,33,1,1,20180724,MIN,NYL,2018,1021800151372,14760,validated,204327,1,matched,playbyplayv2,1611661313,100944|200671|201480|202632|202658,complete,playbyplay_inferred,201889|202250|203411|204320|204327,complete,playbyplay_inferred,1611661313,New York Liberty
Shot Chart Detail,1021800151,386,203829,Bria Hartley,1611661324,Minnesota Lynx,3,4,45,Made Shot,Jump Shot,3PT Field Goal,Above the Break 3,Right Side Center(RC),24+ ft.,24,219,117,1,1,20180724,MIN,NYL,2018,1021800151386,15150,validated,204327,1,matched,playbyplayv2,1611661313,100944|101030|201480|202632|202658,complete,playbyplay_inferred,202250|203829|204320|204327|1628915,complete,playbyplay_inferred,1611661313,New York Liberty
Shot Chart Detail,1021800151,390,204320,Amanda Zahui B,1611661324,Minnesota Lynx,3,4,13,Missed Shot,Jump Shot,3PT Field Goal,Above the Break 3,Center(C),16-24 ft.,23,-26,235,1,0,20180724,MIN,NYL,2018,1021800151390,15470,validated,,0,matched,playbyplayv2,1611661313,100944|101030|201480|202632|202658,complete,playbyplay_inferred,202250|203829|204320|204327|1628915,complete,playbyplay_inferred,1611661313,New York Liberty
Shot Chart Detail,1021800151,394,203829,Bria Hartley,1611661324,Minnesota Lynx,3,3,50,Made Shot,Layup Shot,2PT Field Goal,Restricted Area,Center(C),Less Than 8 ft.,3,37,13,1,1,20180724,MIN,NYL,2018,1021800151394,15700,validated,204327,1,matched,playbyplayv2,1611661313,100944|101030|201480|202632|202658,complete,playbyplay_inferred,202250|203829|204320|204327|1628915,complete,playbyplay_inferred,1611661313,New York Liberty
Shot Chart Detail,1021800151,398,202250,Tina Charles,1611661324,Minnesota Lynx,3,3,19,Made Shot,Pullup Jump shot,2PT Field Goal,Mid-Range,Right Side(R),8-16 ft.,14,137,42,1,1,20180724,MIN,NYL,2018,1021800151398,16010,validated,,0,matched,playbyplayv2,1611661313,100944|101030|201480|202632|202658,complete,playbyplay_inferred,202250|203829|204320|204327|1628915,complete,playbyplay_inferred,1611661313,New York Liberty
Shot Chart Detail,1021800151,410,202250,Tina Charles,1611661324,Minnesota Lynx,3,2,39,Missed Shot,Jump Shot,2PT Field Goal,Mid-Range,Center(C),16-24 ft.,17,-35,176,1,0,20180724,MIN,NYL,2018,1021800151410,16410,validated,,0,matched,playbyplayv2,1611661313,100944|101030|202658|1627701|1628508,complete,playbyplay_inferred,202250|202259|203829|204320|1628915,complete,playbyplay_inferred,1611661313,New York Liberty
Shot Chart Detail,1021800151,438,202250,Tina Charles,1611661324,Minnesota Lynx,3,0,38,Made Shot,Jump Shot,3PT Field Goal,Above the Break 3,Right Side Center(RC),24+ ft.,25,143,209,1,1,20180724,MIN,NYL,2018,1021800151438,17620,validated,202259,1,matched,playbyplayv2,1611661313,101030|201480|202658|1627701|1628508,complete,playbyplay_inferred,202250|202259|203829|204320|1628915,complete,playbyplay_inferred,1611661313,New York Liberty
Shot Chart Detail,1021800151,445,202259,Epiphanny Prince,1611661324,Minnesota Lynx,3,0,0,Missed Shot,Jump Shot,3PT Field Goal,Backcourt,Back Court(BC),Back Court Shot,48,148,461,1,0,20180724,MIN,NYL,2018,1021800151445,18000,validated,,0,matched,playbyplayv2,1611661313,101030|201480|202658|1627701|1628508,complete,playbyplay_inferred,202250|202259|203829|204320|1628915,complete,playbyplay_inferred,1611661313,New York Liberty
Shot Chart Detail,1021800151,457,202259,Epiphanny Prince,1611661324,Minnesota Lynx,4,9,38,Missed Shot,Driving Layup Shot,2PT Field Goal,In The Paint (Non-RA),Center(C),Less Than 8 ft.,4,41,-1,1,0,20180724,MIN,NYL,2018,1021800151457,18220,validated,,0,matched,playbyplayv2,1611661313,100915|100944|200671|201480|202632,complete,playbyplay_inferred,202250|202259|203829|204320|1628915,complete,playbyplay_inferred,1611661313,New York Liberty
Shot Chart Detail,1021800151,472,204320,Amanda Zahui B,1611661324,Minnesota Lynx,4,8,36,Made Shot,Jump Shot,3PT Field Goal,Above the Break 3,Left Side Center(LC),24+ ft.,24,-135,206,1,1,20180724,MIN,NYL,2018,1021800151472,18840,validated,203829,1,matched,playbyplayv2,1611661313,100915|100944|200671|201480|202632,complete,playbyplay_inferred,202250|203411|203829|204320|1628915,complete,playbyplay_inferred,1611661313,New York Liberty
Shot Chart Detail,1021800151,476,202250,Tina Charles,1611661324,Minnesota Lynx,4,7,47,Made Shot,Driving Layup Shot,2PT Field Goal,In The Paint (Non-RA),Center(C),Less Than 8 ft.,4,31,26,1,1,20180724,MIN,NYL,2018,1021800151476,19330,validated,1628915,1,matched,playbyplayv2,1611661313,100915|100944|200671|201480|202632,complete,playbyplay_inferred,202250|203411|203829|204320|1628915,complete,playbyplay_inferred,1611661313,New York Liberty
Shot Chart Detail,1021800151,480,1628915,Kia Nurse,1611661324,Minnesota Lynx,4,7,15,Missed Shot,Layup Shot,2PT Field Goal,Restricted Area,Center(C),Less Than 8 ft.,3,-37,15,1,0,20180724,MIN,NYL,2018,1021800151480,19650,validated,,0,matched,playbyplayv2,1611661313,100915|100944|200671|201480|202632,complete,playbyplay_inferred,202250|203411|203829|204320|1628915,complete,playbyplay_inferred,1611661313,New York Liberty
Shot Chart Detail,1021800151,483,202250,Tina Charles,1611661324,Minnesota Lynx,4,7,9,Missed Shot,Jump Shot,3PT Field Goal,Above the Break 3,Center(C),16-24 ft.,23,12,231,1,0,20180724,MIN,NYL,2018,1021800151483,19710,validated,,0,matched,playbyplayv2,1611661313,100915|100944|200671|201480|202632,complete,playbyplay_inferred,202250|203411|203829|204320|1628915,complete,playbyplay_inferred,1611661313,New York Liberty
Shot Chart Detail,1021800151,500,204320,Amanda Zahui B,1611661324,Minnesota Lynx,4,5,44,Missed Shot,Jump Shot,3PT Field Goal,Above the Break 3,Right Side Center(RC),24+ ft.,24,101,226,1,0,20180724,MIN,NYL,2018,1021800151500,20560,validated,,0,matched,playbyplayv2,1611661313,100915|100944|200671|201480|202632,complete,playbyplay_inferred,202250|203411|203829|204320|1628915,complete,playbyplay_inferred,1611661313,New York Liberty
Shot Chart Detail,1021800151,511,1628915,Kia Nurse,1611661324,Minnesota Lynx,4,5,11,Missed Shot,Jump Shot,3PT Field Goal,Above the Break 3,Left Side Center(LC),24+ ft.,25,-147,208,1,0,20180724,MIN,NYL,2018,1021800151511,20890,validated,,0,matched,playbyplayv2,1611661313,100915|100944|200671|201480|202632,complete,playbyplay_inferred,202250|203829|204320|204327|1628915,complete,playbyplay_inferred,1611661313,New York Liberty
Shot Chart Detail,1021800151,515,204320,Amanda Zahui B,1611661324,Minnesota Lynx,4,4,32,Made Shot,Layup Shot,2PT Field Goal,Restricted Area,Center(C),Less Than 8 ft.,2,-21,-1,1,1,20180724,MIN,NYL,2018,1021800151515,21280,validated,204327,1,matched,playbyplayv2,1611661313,100915|100944|200671|201480|202632,complete,playbyplay_inferred,202250|203829|204320|204327|1628915,complete,playbyplay_inferred,1611661313,New York Liberty
Shot Chart Detail,1021800151,518,1628915,Kia Nurse,1611661324,Minnesota Lynx,4,4,2,Missed Shot,Jump Shot,3PT Field Goal,Above the Break 3,Right Side(R),16-24 ft.,22,193,117,1,0,20180724,MIN,NYL,2018,1021800151518,21580,validated,,0,matched,playbyplayv2,1611661313,100915|100944|200671|201480|202632,complete,playbyplay_inferred,202250|203829|204320|204327|1628915,complete,playbyplay_inferred,1611661313,New York Liberty
Shot Chart Detail,1021800151,526,204327,Brittany Boyd-Jones,1611661324,Minnesota Lynx,4,2,55,Made Shot,Driving Finger Roll Layup Shot,2PT Field Goal,In The Paint (Non-RA),Center(C),Less Than 8 ft.,4,40,1,1,1,20180724,MIN,NYL,2018,1021800151526,22250,validated,,0,matched,playbyplayv2,1611661313,100915|100944|200671|201480|202632,complete,playbyplay_inferred,202250|203829|204320|204327|1628915,complete,playbyplay_inferred,1611661313,New York Liberty
Shot Chart Detail,1021800151,538,202250,Tina Charles,1611661324,Minnesota Lynx,4,1,36,Made Shot,Driving Layup Shot,2PT Field Goal,In The Paint (Non-RA),Center(C),Less Than 8 ft.,5,39,34,1,1,20180724,MIN,NYL,2018,1021800151538,23040,validated,,0,matched,playbyplayv2,1611661313,100944|200671|201480|202632|202658,complete,playbyplay_inferred,202250|203829|204320|204327|1628915,complete,playbyplay_inferred,1611661313,New York Liberty
Shot Chart Detail,1021800151,540,203829,Bria Hartley,1611661324,Minnesota Lynx,4,1,17,Missed Shot,Driving Layup Shot,2PT Field Goal,In The Paint (Non-RA),Center(C),Less Than 8 ft.,4,35,33,1,0,20180724,MIN,NYL,2018,1021800151540,23230,validated,,0,matched,playbyplayv2,1611661313,100944|200671|201480|202632|202658,complete,playbyplay_inferred,202250|203829|204320|204327|1628915,complete,playbyplay_inferred,1611661313,New York Liberty
Shot Chart Detail,1021800151,544,204320,Amanda Zahui B,1611661324,Minnesota Lynx,4,0,42,Made Shot,Jump Shot,3PT Field Goal,Above the Break 3,Left Side Center(LC),24+ ft.,24,-110,217,1,1,20180724,MIN,NYL,2018,1021800151544,23580,validated,204327,1,matched,playbyplayv2,1611661313,100944|200671|201480|202632|202658,complete,playbyplay_inferred,202250|203829|204320|204327|1628915,complete,playbyplay_inferred,1611661313,New York Liberty
Shot Chart Detail,1021800151,560,203411,Sugar Rodgers,1611661324,Minnesota Lynx,4,0,8,Missed Shot,Driving Layup Shot,2PT Field Goal,In The Paint (Non-RA),Center(C),Less Than 8 ft.,5,-49,16,1,0,20180724,MIN,NYL,2018,1021800151560,23920,validated,,0,matched,playbyplayv2,1611661313,100915|100944|200671|201480|202632,complete,playbyplay_inferred,202250|203411|203829|204320|1628915,complete,playbyplay_inferred,1611661313,New York Liberty
Shot Chart Detail,1021800151,580,203829,Bria Hartley,1611661324,Minnesota Lynx,4,0,0,Missed Shot,Jump Shot,3PT Field Goal,Above the Break 3,Center(C),24+ ft.,30,-50,296,1,0,20180724,MIN,NYL,2018,1021800151580,24000,validated,,0,matched,playbyplayv2,1611661313,100915|100944|200671|201480|202632,complete,playbyplay_inferred,202250|203411|203829|204320|1628915,complete,playbyplay_inferred,1611661313,New York Liberty
Shot Chart Detail,1021800160,7,203833,Chelsea Gray,1611661324,Minnesota Lynx,1,9,44,Missed Shot,Jump Shot,3PT Field Goal,Above the Break 3,Right Side Center(RC),24+ ft.,25,150,206,1,0,20180802,LAS,MIN,2018,10218001607,160,validated,,0,matched,playbyplayv2,1611661320,100915|100944|200671|201480|202632,complete,playbyplay_inferred,100949|201496|203014|203824|203833,complete,playbyplay_inferred,1611661320,Los Angeles Sparks
Shot Chart Detail,1021800160,10,203824,Odyssey Sims,1611661324,Minnesota Lynx,1,9,22,Missed Shot,Driving Floating Jump Shot,2PT Field Goal,In The Paint (Non-RA),Center(C),Less Than 8 ft.,5,20,52,1,0,20180802,LAS,MIN,2018,102180016010,380,validated,,0,matched,playbyplayv2,1611661320,100915|100944|200671|201480|202632,complete,playbyplay_inferred,100949|201496|203014|203824|203833,complete,playbyplay_inferred,1611661320,Los Angeles Sparks
Shot Chart Detail,1021800160,18,203833,Chelsea Gray,1611661324,Minnesota Lynx,1,8,49,Made Shot,Driving Floating Bank Jump Shot,2PT Field Goal,In The Paint (Non-RA),Center(C),Less Than 8 ft.,4,22,39,1,1,20180802,LAS,MIN,2018,102180016018,710,validated,203824,1,matched,playbyplayv2,1611661320,100915|100944|200671|201480|202632,complete,playbyplay_inferred,100949|201496|203014|203824|203833,complete,playbyplay_inferred,1611661320,Los Angeles Sparks
Shot Chart Detail,1021800160,22,201496,Candace Parker,1611661324,Minnesota Lynx,1,8,16,Made Shot,Jump Shot,3PT Field Goal,Above the Break 3,Left Side Center(LC),24+ ft.,26,-89,247,1,1,20180802,LAS,MIN,2018,102180016022,1040,validated,203833,1,matched,playbyplayv2,1611661320,100915|100944|200671|201480|202632,complete,playbyplay_inferred,100949|201496|203014|203824|203833,complete,playbyplay_inferred,1611661320,Los Angeles Sparks
Shot Chart Detail,1021800160,26,203824,Odyssey Sims,1611661324,Minnesota Lynx,1,7,55,Missed Shot,Running Layup Shot,2PT Field Goal,Restricted Area,Center(C),Less Than 8 ft.,1,-7,9,1,0,20180802,LAS,MIN,2018,102180016026,1250,validated,,0,matched,playbyplayv2,1611661320,100915|100944|200671|201480|202632,complete,playbyplay_inferred,100949|201496|203014|203824|203833,complete,playbyplay_inferred,1611661320,Los Angeles Sparks
Shot Chart Detail,1021800160,30,201496,Candace Parker,1611661324,Minnesota Lynx,1,7,15,Missed Shot,Turnaround Jump Shot,2PT Field Goal,In The Paint (Non-RA),Center(C),8-16 ft.,14,74,129,1,0,20180802,LAS,MIN,2018,102180016030,1650,validated,,0,matched,playbyplayv2,1611661320,100915|100944|200671|201480|202632,complete,playbyplay_inferred,100949|201496|203014|203824|203833,complete,playbyplay_inferred,1611661320,Los Angeles Sparks
Shot Chart Detail,1021800160,34,201496,Candace Parker,1611661324,Minnesota Lynx,1,6,57,Made Shot,Running Layup Shot,2PT Field Goal,Restricted Area,Center(C),Less Than 8 ft.,0,-5,5,1,1,20180802,LAS,MIN,2018,102180016034,1830,validated,203833,1,matched,playbyplayv2,1611661320,100915|100944|200671|201480|202632,complete,playbyplay_inferred,100949|201496|203014|203824|203833,complete,playbyplay_inferred,1611661320,Los Angeles Sparks
Shot Chart Detail,1021800160,46,201496,Candace Parker,1611661324,Minnesota Lynx,1,5,55,Made Shot,Step Back Jump shot,3PT Field Goal,Above the Break 3,Right Side Center(RC),16-24 ft.,23,145,187,1,1,20180802,LAS,MIN,2018,102180016046,2450,validated,,0,matched,playbyplayv2,1611661320,100915|200671|201480|202632|1627701,complete,playbyplay_inferred,100949|201496|203014|203824|203833,complete,playbyplay_inferred,1611661320,Los Angeles Sparks
Shot Chart Detail,1021800160,56,201496,Candace Parker,1611661324,Minnesota Lynx,1,5,25,Made Shot,Driving Finger Roll Layup Shot,2PT Field Goal,Restricted Area,Center(C),Less Than 8 ft.,3,-2,37,1,1,20180802,LAS,MIN,2018,102180016056,2750,validated,,0,matched,playbyplayv2,1611661320,100915|200671|201480|201503|202632,complete,playbyplay_inferred,100949|201496|203014|203824|203833,complete,playbyplay_inferred,1611661320,Los Angeles Sparks
Shot Chart Detail,1021800160,68,201496,Candace Parker,1611661324,Minnesota Lynx,1,4,58,Missed Shot,Jump Shot,3PT Field Goal,Above the Break 3,Left Side(L),24+ ft.,23,-225,72,1,0,20180802,LAS,MIN,2018,102180016068,3020,validated,,0,matched,playbyplayv2,1611661320,200671|201480|201503|202632|202658,complete,playbyplay_inferred,100949|201496|201502|203014|203833,complete,playbyplay_inferred,1611661320,Los Angeles Sparks
Shot Chart Detail,1021800160,74,203014,Nneka Ogwumike,1611661324,Minnesota Lynx,1,4,21,Missed Shot,Hook Shot,2PT Field Goal,Restricted Area,Center(C),Less Than 8 ft.,3,30,20,1,0,20180802,LAS,MIN,2018,102180016074,3390,validated,,0,matched,playbyplayv2,1611661320,200671|201480|201503|202632|202658,complete,playbyplay_inferred,100949|201496|201502|203014|203833,complete,playbyplay_inferred,1611661320,Los Angeles Sparks
Shot Chart Detail,1021800160,78,203014,Nneka Ogwumike,1611661324,Minnesota Lynx,1,4,4,Made Shot,Driving Layup Shot,2PT Field Goal,Restricted Area,Center(C),Less Than 8 ft.,1,3,15,1,1,20180802,LAS,MIN,2018,102180016078,3560,validated,201496,1,matched,playbyplayv2,1611661320,200671|201480|201503|202632|202658,complete,playbyplay_inferred,100949|201496|201502|203014|203833,complete,playbyplay_inferred,1611661320,Los Angeles Sparks
Shot Chart Detail,1021800160,81,203014,Nneka Ogwumike,1611661324,Minnesota Lynx,1,3,14,Missed Shot,Jump Shot,2PT Field Goal,Mid-Range,Center(C),16-24 ft.,16,-21,162,1,0,20180802,LAS,MIN,2018,102180016081,4060,validated,,0,matched,playbyplayv2,1611661320,200671|201480|201503|202632|202658,complete,playbyplay_inferred,100949|201496|201502|203014|203833,complete,playbyplay_inferred,1611661320,Los Angeles Sparks
Shot Chart Detail,1021800160,89,201502,Essence Carson,1611661324,Minnesota Lynx,1,2,53,Missed Shot,Turnaround Jump Shot,2PT Field Goal,In The Paint (Non-RA),Center(C),Less Than 8 ft.,4,26,38,1,0,20180802,LAS,MIN,2018,102180016089,4270,validated,,0,matched,playbyplayv2,1611661320,101030|201480|201503|202632|202658,complete,playbyplay_inferred,100949|201496|201502|202650|203833,complete,playbyplay_inferred,1611661320,Los Angeles Sparks
Shot Chart Detail,1021800160,93,100949,Alana Beard,1611661324,Minnesota Lynx,1,2,26,Made Shot,Driving Layup Shot,2PT Field Goal,Restricted Area,Center(C),Less Than 8 ft.,1,4,17,1,1,20180802,LAS,MIN,2018,102180016093,4540,validated,203833,1,matched,playbyplayv2,1611661320,101030|201480|201503|202632|202658,complete,playbyplay_inferred,100949|201496|201502|202650|203833,complete,playbyplay_inferred,1611661320,Los Angeles Sparks
Shot Chart Detail,1021800160,106,202650,Jantel Lavender,1611661324,Minnesota Lynx,1,1,36,Missed Shot,Jump Shot,2PT Field Goal,Mid-Range,Left Side Center(LC),16-24 ft.,16,-80,147,1,0,20180802,LAS,MIN,2018,1021800160106,5040,validated,,0,matched,playbyplayv2,1611661320,100944|101030|201503|202658|1628508,complete,playbyplay_inferred,201496|201502|202650|203824|203833,complete,playbyplay_inferred,1611661320,Los Angeles Sparks
Shot Chart Detail,1021800160,124,203833,Chelsea Gray,1611661324,Minnesota Lynx,1,0,6,Made Shot,Step Back Jump shot,2PT Field Goal,In The Paint (Non-RA),Center(C),8-16 ft.,8,9,88,1,1,20180802,LAS,MIN,2018,1021800160124,5940,validated,,0,matched,playbyplayv2,1611661320,101030|201480|202658|1627701|1628508,complete,playbyplay_inferred,201496|201502|202650|203824|203833,complete,playbyplay_inferred,1611661320,Los Angeles Sparks
Shot Chart Detail,1021800160,144,203029,Riquna Williams,1611661324,Minnesota Lynx,2,9,20,Missed Shot,Jump Shot,3PT Field Goal,Above the Break 3,Right Side Center(RC),24+ ft.,25,159,194,1,0,20180802,LAS,MIN,2018,1021800160144,6400,validated,,0,matched,playbyplayv2,1611661320,100915|200671|201480|1627701|1628508,complete,playbyplay_inferred,100949|202650|203014|203029|203824,complete,playbyplay_inferred,1611661320,Los Angeles Sparks
Shot Chart Detail,1021800160,154,203029,Riquna Williams,1611661324,Minnesota Lynx,2,8,16,Missed Shot,Pullup Jump shot,2PT Field Goal,In The Paint (Non-RA),Right Side(R),8-16 ft.,8,46,72,1,0,20180802,LAS,MIN,2018,1021800160154,7040,validated,,0,matched,playbyplayv2,1611661320,100915|200671|201480|202632|1627701,complete,playbyplay_inferred,100949|202650|203014|203029|203824,complete,playbyplay_inferred,1611661320,Los Angeles Sparks
Shot Chart Detail,1021800160,162,203014,Nneka Ogwumike,1611661324,Minnesota Lynx,2,7,46,Made Shot,Layup Shot,2PT Field Goal,Restricted Area,Center(C),Less Than 8 ft.,1,-3,16,1,1,20180802,LAS,MIN,2018,1021800160162,7340,validated,203824,1,matched,playbyplayv2,1611661320,100915|200671|201480|202632|1627701,complete,playbyplay_inferred,100949|201496|203014|203029|203824,complete,playbyplay_inferred,1611661320,Los Angeles Sparks
Shot Chart Detail,1021800160,167,100949,Alana Beard,1611661324,Minnesota Lynx,2,7,14,Missed Shot,Pullup Jump shot,2PT Field Goal,Mid-Range,Center(C),16-24 ft.,18,-37,179,1,0,20180802,LAS,MIN,2018,1021800160167,7660,validated,,0,matched,playbyplayv2,1611661320,100915|200671|201480|202632|1627701,complete,playbyplay_inferred,100949|201496|203014|203824|203833,complete,playbyplay_inferred,1611661320,Los Angeles Sparks
Shot Chart Detail,1021800160,170,201496,Candace Parker,1611661324,Minnesota Lynx,2,6,41,Made Shot,Driving Layup Shot,2PT Field Goal,Restricted Area,Center(C),Less Than 8 ft.,3,0,39,1,1,20180802,LAS,MIN,2018,1021800160170,7990,validated,,0,matched,playbyplayv2,1611661320,100915|200671|201480|202632|1627701,complete,playbyplay_inferred,100949|201496|203014|203824|203833,complete,playbyplay_inferred,1611661320,Los Angeles Sparks
Shot Chart Detail,1021800160,184,201496,Candace Parker,1611661324,Minnesota Lynx,2,6,5,Missed Shot,Step Back Jump shot,2PT Field Goal,Mid-Range,Right Side(R),8-16 ft.,9,96,10,1,0,20180802,LAS,MIN,2018,1021800160184,8350,validated,,0,matched,playbyplayv2,1611661320,100915|100944|200671|201480|202632,complete,playbyplay_inferred,100949|201496|201502|203014|203833,complete,playbyplay_inferred,1611661320,Los Angeles Sparks
Shot Chart Detail,1021800160,186,203014,Nneka Ogwumike,1611661324,Minnesota Lynx,2,5,58,Made Shot,Putback Layup Shot,2PT Field Goal,Restricted Area,Center(C),Less Than 8 ft.,0,0,-6,1,1,20180802,LAS,MIN,2018,1021800160186,8420,validated,,0,matched,playbyplayv2,1611661320,100915|100944|200671|201480|202632,complete,playbyplay_inferred,100949|201496|201502|203014|203833,complete,playbyplay_inferred,1611661320,Los Angeles Sparks
Shot Chart Detail,1021800160,191,100949,Alana Beard,1611661324,Minnesota Lynx,2,5,19,Missed Shot,Jump Shot,2PT Field Goal,Mid-Range,Left Side(L),16-24 ft.,16,-160,50,1,0,20180802,LAS,MIN,2018,1021800160191,8810,validated,,0,matched,playbyplayv2,1611661320,100915|100944|200671|201480|202632,complete,playbyplay_inferred,100949|201496|201502|203014|203833,complete,playbyplay_inferred,1611661320,Los Angeles Sparks
Shot Chart Detail,1021800160,204,203833,Chelsea Gray,1611661324,Minnesota Lynx,2,4,26,Missed Shot,Driving Floating Bank Jump Shot,2PT Field Goal,Restricted Area,Center(C),Less Than 8 ft.,2,6,26,1,0,20180802,LAS,MIN,2018,1021800160204,9340,validated,,0,matched,playbyplayv2,1611661320,100915|101030|200671|201480|202632,complete,playbyplay_inferred,100949|201496|201502|203014|203833,complete,playbyplay_inferred,1611661320,Los Angeles Sparks
Shot Chart Detail,1021800160,206,201496,Candace Parker,1611661324,Minnesota Lynx,2,4,22,Missed Shot,Tip Layup Shot,2PT Field Goal,Restricted Area,Center(C),Less Than 8 ft.,0,0,-6,1,0,20180802,LAS,MIN,2018,1021800160206,9380,validated,,0,matched,playbyplayv2,1611661320,100915|101030|200671|201480|202632,complete,playbyplay_inferred,100949|201496|201502|203014|203833,complete,playbyplay_inferred,1611661320,Los Angeles Sparks
Shot Chart Detail,1021800160,208,201496,Candace Parker,1611661324,Minnesota Lynx,2,4,21,Missed Shot,Tip Layup Shot,2PT Field Goal,Restricted Area,Center(C),Less Than 8 ft.,0,0,-6,1,0,20180802,LAS,MIN,2018,1021800160208,9390,validated,,0,matched,playbyplayv2,1611661320,100915|101030|200671|201480|202632,complete,playbyplay_inferred,100949|201496|201502|203014|203833,complete,playbyplay_inferred,1611661320,Los Angeles Sparks
Shot Chart Detail,1021800160,214,201496,Candace Parker,1611661324,Minnesota Lynx,2,3,38,Made Shot,Cutting Layup Shot,2PT Field Goal,Restricted Area,Center(C),Less Than 8 ft.,3,18,26,1,1,20180802,LAS,MIN,2018,1021800160214,9820,validated,203833,1,matched,playbyplayv2,1611661320,100915|101030|200671|201480|202632,complete,playbyplay_inferred,100949|201496|201502|203014|203833,complete,playbyplay_inferred,1611661320,Los Angeles Sparks
Shot Chart Detail,1021800160,218,203014,Nneka Ogwumike,1611661324,Minnesota Lynx,2,3,20,Made Shot,Cutting Layup Shot,2PT Field Goal,Restricted Area,Center(C),Less Than 8 ft.,3,-4,32,1,1,20180802,LAS,MIN,2018,1021800160218,10000,validated,203833,1,matched,playbyplayv2,1611661320,100915|101030|200671|201480|202632,complete,playbyplay_inferred,100949|201496|201502|203014|203833,complete,playbyplay_inferred,1611661320,Los Angeles Sparks
Shot Chart Detail,1021800160,227,201502,Essence Carson,1611661324,Minnesota Lynx,2,2,41,Made Shot,Jump Shot,3PT Field Goal,Left Corner 3,Left Side(L),24+ ft.,23,-233,20,1,1,20180802,LAS,MIN,2018,1021800160227,10390,validated,201496,1,matched,playbyplayv2,1611661320,101030|200671|201480|202632|202658,complete,playbyplay_inferred,100949|201496|201502|203833|1628926,complete,playbyplay_inferred,1611661320,Los Angeles Sparks
Shot Chart Detail,1021800160,231,203833,Chelsea Gray,1611661324,Minnesota Lynx,2,2,31,Made Shot,Driving Layup Shot,2PT Field Goal,Restricted Area,Center(C),Less Than 8 ft.,1,7,16,1,1,20180802,LAS,MIN,2018,1021800160231,10490,validated,,0,matched,playbyplayv2,1611661320,101030|200671|201480|202632|202658,complete,playbyplay_inferred,100949|201496|201502|203833|1628926,complete,playbyplay_inferred,1611661320,Los Angeles Sparks
Shot Chart Detail,1021800160,236,100949,Alana Beard,1611661324,Minnesota Lynx,2,1,50,Made Shot,Cutting Layup Shot,2PT Field Goal,Restricted Area,Center(C),Less Than 8 ft.,0,1,2,1,1,20180802,LAS,MIN,2018,1021800160236,10900,validated,203833,1,matched,playbyplayv2,1611661320,101030|200671|201480|202632|202658,complete,playbyplay_inferred,100949|201496|201502|203833|1628926,complete,playbyplay_inferred,1611661320,Los Angeles Sparks
Shot Chart Detail,1021800160,248,203014,Nneka Ogwumike,1611661324,Minnesota Lynx,2,1,18,Missed Shot,Reverse Layup Shot,2PT Field Goal,In The Paint (Non-RA),Center(C),Less Than 8 ft.,4,-32,26,1,0,20180802,LAS,MIN,2018,1021800160248,11220,validated,,0,matched,playbyplayv2,1611661320,101030|200671|201480|202632|202658,complete,playbyplay_inferred,100949|201502|202650|203014|203833,complete,playbyplay_inferred,1611661320,Los Angeles Sparks
Shot Chart Detail,1021800160,253,203833,Chelsea Gray,1611661324,Minnesota Lynx,2,0,49,Missed Shot,Jump Shot,2PT Field Goal,Mid-Range,Left Side Center(LC),16-24 ft.,18,-144,122,1,0,20180802,LAS,MIN,2018,1021800160253,11510,validated,,0,matched,playbyplayv2,1611661320,101030|200671|201480|202632|202658,complete,playbyplay_inferred,100949|201502|202650|203014|203833,complete,playbyplay_inferred,1611661320,Los Angeles Sparks
Shot Chart Detail,1021800160,256,203833,Chelsea Gray,1611661324,Minnesota Lynx,2,0,22,Made Shot,Jump Shot,2PT Field Goal,In The Paint (Non-RA),Center(C),Less Than 8 ft.,7,68,34,1,1,20180802,LAS,MIN,2018,1021800160256,11780,validated,203014,1,matched,playbyplayv2,1611661320,101030|200671|201480|202632|202658,complete,playbyplay_inferred,100949|201502|202650|203014|203833,complete,playbyplay_inferred,1611661320,Los Angeles Sparks
Shot Chart Detail,1021800160,260,100949,Alana Beard,1611661324,Minnesota Lynx,2,0,0,Missed Shot,Jump Shot,2PT Field Goal,Mid-Range,Right Side Center(RC),16-24 ft.,20,146,147,1,0,20180802,LAS,MIN,2018,1021800160260,12000,validated,,0,matched,playbyplayv2,1611661320,101030|200671|201480|202632|202658,complete,playbyplay_inferred,100949|201502|202650|203014|203833,complete,playbyplay_inferred,1611661320,Los Angeles Sparks
Shot Chart Detail,1021800160,278,201496,Candace Parker,1611661324,Minnesota Lynx,3,9,14,Made Shot,Step Back Jump shot,2PT Field Goal,Mid-Range,Center(C),16-24 ft.,20,33,199,1,1,20180802,LAS,MIN,2018,1021800160278,12460,validated,203833,1,matched,playbyplayv2,1611661320,100915|100944|200671|201480|202632,complete,playbyplay_inferred,100949|201496|203014|203824|203833,complete,playbyplay_inferred,1611661320,Los Angeles Sparks
Shot Chart Detail,1021800160,289,203824,Odyssey Sims,1611661324,Minnesota Lynx,3,8,16,Missed Shot,Step Back Jump shot,2PT Field Goal,Mid-Range,Left Side(L),8-16 ft.,15,-151,46,1,0,20180802,LAS,MIN,2018,1021800160289,13040,validated,,0,matched,playbyplayv2,1611661320,100915|100944|200671|201480|202632,complete,playbyplay_inferred,100949|201496|203014|203824|203833,complete,playbyplay_inferred,1611661320,Los Angeles Sparks
Shot Chart Detail,1021800160,296,203833,Chelsea Gray,1611661324,Minnesota Lynx,3,7,41,Missed Shot,Layup Shot,2PT Field Goal,Restricted Area,Center(C),Less Than 8 ft.,1,0,18,1,0,20180802,LAS,MIN,2018,1021800160296,13390,validated,,0,matched,playbyplayv2,1611661320,100915|100944|200671|201480|202632,complete,playbyplay_inferred,100949|201496|203014|203824|203833,complete,playbyplay_inferred,1611661320,Los Angeles Sparks
Shot Chart Detail,1021800160,298,201496,Candace Parker,1611661324,Minnesota Lynx,3,7,34,Made Shot,Putback Layup Shot,2PT Field Goal,Restricted Area,Center(C),Less Than 8 ft.,1,2,13,1,1,20180802,LAS,MIN,2018,1021800160298,13460,validated,,0,matched,playbyplayv2,1611661320,100915|100944|200671|201480|202632,complete,playbyplay_inferred,100949|201496|203014|203824|203833,complete,playbyplay_inferred,1611661320,Los Angeles Sparks
Shot Chart Detail,1021800160,317,203833,Chelsea Gray,1611661324,Minnesota Lynx,3,6,16,Missed Shot,Pullup Jump shot,2PT Field Goal,Mid-Range,Center(C),8-16 ft.,14,-9,145,1,0,20180802,LAS,MIN,2018,1021800160317,14240,validated,,0,matched,playbyplayv2,1611661320,100915|100944|200671|201480|202632,complete,playbyplay_inferred,100949|201496|203014|203824|203833,complete,playbyplay_inferred,1611661320,Los Angeles Sparks
Shot Chart Detail,1021800160,321,203014,Nneka Ogwumike,1611661324,Minnesota Lynx,3,5,58,Made Shot,Reverse Layup Shot,2PT Field Goal,Restricted Area,Center(C),Less Than 8 ft.,2,19,14,1,1,20180802,LAS,MIN,2018,1021800160321,14420,validated,203824,1,matched,playbyplayv2,1611661320,100915|100944|200671|201480|202632,complete,playbyplay_inferred,100949|201496|203014|203824|203833,complete,playbyplay_inferred,1611661320,Los Angeles Sparks
Shot Chart Detail,1021800160,325,203824,Odyssey Sims,1611661324,Minnesota Lynx,3,5,29,Made Shot,Driving Layup Shot,2PT Field Goal,Restricted Area,Center(C),Less Than 8 ft.,1,-2,15,1,1,20180802,LAS,MIN,2018,1021800160325,14710,validated,201496,1,matched,playbyplayv2,1611661320,100915|100944|200671|201480|202632,complete,playbyplay_inferred,100949|201496|203014|203824|203833,complete,playbyplay_inferred,1611661320,Los Angeles Sparks
Shot Chart Detail,1021800160,348,201502,Essence Carson,1611661324,Minnesota Lynx,3,3,28,Made Shot,Jump Shot,3PT Field Goal,Above the Break 3,Left Side Center(LC),24+ ft.,24,-141,200,1,1,20180802,LAS,MIN,2018,1021800160348,15920,validated,203833,1,matched,playbyplayv2,1611661320,100944|201480|202632|202658|1628508,complete,playbyplay_inferred,100949|201496|201502|203014|203833,complete,playbyplay_inferred,1611661320,Los Angeles Sparks
Shot Chart Detail,1021800160,355,203014,Nneka Ogwumike,1611661324,Minnesota Lynx,3,2,53,Missed Shot,Jump Shot,2PT Field Goal,Mid-Range,Right Side(R),16-24 ft.,19,197,28,1,0,20180802,LAS,MIN,2018,1021800160355,16270,validated,,0,matched,playbyplayv2,1611661320,100944|201480|202632|202658|1628508,complete,playbyplay_inferred,100949|201496|201502|203014|203833,complete,playbyplay_inferred,1611661320,Los Angeles Sparks
Shot Chart Detail,1021800160,357,203014,Nneka Ogwumike,1611661324,Minnesota Lynx,3,2,42,Made Shot,Jump Shot,2PT Field Goal,Mid-Range,Right Side(R),16-24 ft.,16,160,31,1,1,20180802,LAS,MIN,2018,1021800160357,16380,validated,203833,1,matched,playbyplayv2,1611661320,100944|201480|202632|202658|1628508,complete,playbyplay_inferred,100949|201496|201502|203014|203833,complete,playbyplay_inferred,1611661320,Los Angeles Sparks
Shot Chart Detail,1021800160,362,203833,Chelsea Gray,1611661324,Minnesota Lynx,3,2,0,Made Shot,Jump Shot,3PT Field Goal,Above the Break 3,Left Side Center(LC),24+ ft.,24,-169,178,1,1,20180802,LAS,MIN,2018,1021800160362,16800,validated,201502,1,matched,playbyplayv2,1611661320,100944|201480|202632|202658|1628508,complete,playbyplay_inferred,100949|201496|201502|203014|203833,complete,playbyplay_inferred,1611661320,Los Angeles Sparks
Shot Chart Detail,1021800160,374,201496,Candace Parker,1611661324,Minnesota Lynx,3,1,12,Missed Shot,Driving Floating Jump Shot,2PT Field Goal,In The Paint (Non-RA),Center(C),8-16 ft.,11,11,117,1,0,20180802,LAS,MIN,2018,1021800160374,17280,validated,,0,matched,playbyplayv2,1611661320,100944|201480|202658|1628283|1628508,complete,playbyplay_inferred,201496|201502|203014|203029|203833,complete,playbyplay_inferred,1611661320,Los Angeles Sparks
Shot Chart Detail,1021800160,378,203833,Chelsea Gray,1611661324,Minnesota Lynx,3,1,1,Made Shot,Running Layup Shot,2PT Field Goal,Restricted Area,Center(C),Less Than 8 ft.,0,-4,9,1,1,20180802,LAS,MIN,2018,1021800160378,17390,validated,,0,matched,playbyplayv2,1611661320,100944|201480|202658|1628283|1628508,complete,playbyplay_inferred,201496|201502|203014|203029|203833,complete,playbyplay_inferred,1611661320,Los Angeles Sparks
Shot Chart Detail,1021800160,388,203833,Chelsea Gray,1611661324,Minnesota Lynx,3,0,3,Missed Shot,Jump Shot,3PT Field Goal,Above the Break 3,Right Side Center(RC),16-24 ft.,23,94,217,1,0,20180802,LAS,MIN,2018,1021800160388,17970,validated,,0,matched,playbyplayv2,1611661320,100944|202658|1627701|1628283|1628508,complete,playbyplay_inferred,201502|202650|203014|203029|203833,complete,playbyplay_inferred,1611661320,Los Angeles Sparks
Shot Chart Detail,1021800160,394,203014,Nneka Ogwumike,1611661324,Minnesota Lynx,4,9,43,Made Shot,Driving Bank Hook Shot,2PT Field Goal,Restricted Area,Center(C),Less Than 8 ft.,1,15,13,1,1,20180802,LAS,MIN,2018,1021800160394,18170,validated,203029,1,matched,playbyplayv2,1611661320,100944|202658|1627701|1628283|1628508,complete,playbyplay_inferred,201502|202650|203014|203029|203824,complete,playbyplay_inferred,1611661320,Los Angeles Sparks
Shot Chart Detail,1021800160,405,201502,Essence Carson,1611661324,Minnesota Lynx,4,8,55,Missed Shot,Jump Shot,3PT Field Goal,Above the Break 3,Right Side(R),24+ ft.,23,233,43,1,0,20180802,LAS,MIN,2018,1021800160405,18650,validated,,0,matched,playbyplayv2,1611661320,100944|202658|1627701|1628283|1628508,complete,playbyplay_inferred,201502|202650|203014|203029|203824,complete,playbyplay_inferred,1611661320,Los Angeles Sparks
Shot Chart Detail,1021800160,409,203824,Odyssey Sims,1611661324,Minnesota Lynx,4,8,11,Missed Shot,Jump Shot,3PT Field Goal,Above the Break 3,Left Side Center(LC),24+ ft.,24,-184,169,1,0,20180802,LAS,MIN,2018,1021800160409,19090,validated,,0,matched,playbyplayv2,1611661320,100944|202658|1627701|1628283|1628508,complete,playbyplay_inferred,201502|202650|203014|203029|203824,complete,playbyplay_inferred,1611661320,Los Angeles Sparks
Shot Chart Detail,1021800160,427,100949,Alana Beard,1611661324,Minnesota Lynx,4,7,0,Missed Shot,Jump Shot,2PT Field Goal,Mid-Range,Right Side Center(RC),16-24 ft.,19,102,167,1,0,20180802,LAS,MIN,2018,1021800160427,19800,validated,,0,matched,playbyplayv2,1611661320,201503|202658|1627701|1628283|1628508,complete,playbyplay_inferred,100949|201496|202650|203029|203833,complete,playbyplay_inferred,1611661320,Los Angeles Sparks
Shot Chart Detail,1021800160,431,201496,Candace Parker,1611661324,Minnesota Lynx,4,6,42,Made Shot,Driving Layup Shot,2PT Field Goal,Restricted Area,Center(C),Less Than 8 ft.,1,-7,13,1,1,20180802,LAS,MIN,2018,1021800160431,19980,validated,,0,matched,playbyplayv2,1611661320,201503|202658|1627701|1628283|1628508,complete,playbyplay_inferred,100949|201496|202650|203029|203833,complete,playbyplay_inferred,1611661320,Los Angeles Sparks
Shot Chart Detail,1021800160,446,203029,Riquna Williams,1611661324,Minnesota Lynx,4,6,2,Missed Shot,Jump Shot,3PT Field Goal,Above the Break 3,Center(C),24+ ft.,26,-40,262,1,0,20180802,LAS,MIN,2018,1021800160446,20380,validated,,0,matched,playbyplayv2,1611661320,201503|202658|1628283|1628508|1628866,complete,playbyplay_inferred,100949|201496|202650|203029|203833,complete,playbyplay_inferred,1611661320,Los Angeles Sparks
Shot Chart Detail,1021800160,450,202650,Jantel Lavender,1611661324,Minnesota Lynx,4,5,29,Made Shot,Layup Shot,2PT Field Goal,Restricted Area,Center(C),Less Than 8 ft.,2,7,19,1,1,20180802,LAS,MIN,2018,1021800160450,20710,validated,201496,1,matched,playbyplayv2,1611661320,201503|202658|1628283|1628508|1628866,complete,playbyplay_inferred,100949|201496|202650|203029|203833,complete,playbyplay_inferred,1611661320,Los Angeles Sparks
Shot Chart Detail,1021800160,462,201496,Candace Parker,1611661324,Minnesota Lynx,4,4,43,Missed Shot,Jump Shot,2PT Field Goal,Mid-Range,Right Side(R),16-24 ft.,21,187,104,1,0,20180802,LAS,MIN,2018,1021800160462,21170,validated,,0,matched,playbyplayv2,1611661320,201503|202658|1628283|1628508|1628866,complete,playbyplay_inferred,100949|201496|202650|203029|203833,complete,playbyplay_inferred,1611661320,Los Angeles Sparks
Shot Chart Detail,1021800160,466,203833,Chelsea Gray,1611661324,Minnesota Lynx,4,4,8,Made Shot,Step Back Jump shot,2PT Field Goal,Mid-Range,Right Side(R),8-16 ft.,14,143,30,1,1,20180802,LAS,MIN,2018,1021800160466,21520,validated,,0,matched,playbyplayv2,1611661320,201503|202658|1628283|1628508|1628866,complete,playbyplay_inferred,100949|201496|202650|203029|203833,complete,playbyplay_inferred,1611661320,Los Angeles Sparks
Shot Chart Detail,1021800160,469,203833,Chelsea Gray,1611661324,Minnesota Lynx,4,3,22,Made Shot,Jump Shot,3PT Field Goal,Above the Break 3,Center(C),24+ ft.,24,-52,235,1,1,20180802,LAS,MIN,2018,1021800160469,21980,validated,100949,1,matched,playbyplayv2,1611661320,201503|202658|1628283|1628508|1628866,complete,playbyplay_inferred,100949|201496|202650|203029|203833,complete,playbyplay_inferred,1611661320,Los Angeles Sparks
Shot Chart Detail,1021800160,482,203029,Riquna Williams,1611661324,Minnesota Lynx,4,2,42,Made Shot,Jump Shot,3PT Field Goal,Left Corner 3,Left Side(L),24+ ft.,23,-232,-13,1,1,20180802,LAS,MIN,2018,1021800160482,22380,validated,1628317,1,matched,playbyplayv2,1611661320,202658|1627701|1628283|1628508|1628866,complete,playbyplay_inferred,202650|203029|203824|1628317|1628926,complete,playbyplay_inferred,1611661320,Los Angeles Sparks
Shot Chart Detail,1021800160,490,203029,Riquna Williams,1611661324,Minnesota Lynx,4,2,13,Made Shot,Jump Shot,3PT Field Goal,Above the Break 3,Right Side Center(RC),24+ ft.,27,103,250,1,1,20180802,LAS,MIN,2018,1021800160490,22670,validated,1628317,1,matched,playbyplayv2,1611661320,202658|1627701|1628283|1628508|1628866,complete,playbyplay_inferred,203029|203824|1628282|1628317|1628926,complete,playbyplay_inferred,1611661320,Los Angeles Sparks
Shot Chart Detail,1021800160,494,1628926,Maria Kliundikova,1611661324,Minnesota Lynx,4,1,30,Missed Shot,Turnaround Hook Shot,2PT Field Goal,In The Paint (Non-RA),Center(C),8-16 ft.,12,16,125,1,0,20180802,LAS,MIN,2018,1021800160494,23100,validated,,0,matched,playbyplayv2,1611661320,202658|1627701|1628283|1628508|1628866,complete,playbyplay_inferred,203029|203824|1628282|1628317|1628926,complete,playbyplay_inferred,1611661320,Los Angeles Sparks
Shot Chart Detail,1021800160,499,1628317,Karlie Samuelson,1611661324,Minnesota Lynx,4,1,0,Missed Shot,Jump Shot,3PT Field Goal,Above the Break 3,Left Side Center(LC),24+ ft.,26,-126,228,1,0,20180802,LAS,MIN,2018,1021800160499,23400,validated,,0,matched,playbyplayv2,1611661320,202658|1627701|1628283|1628508|1628866,complete,playbyplay_inferred,203029|203824|1628282|1628317|1628926,complete,playbyplay_inferred,1611661320,Los Angeles Sparks
Shot Chart Detail,1021800163,7,204319,Jewell Loyd,1611661324,Minnesota Lynx,1,9,48,Missed Shot,Jump Shot,3PT Field Goal,Above the Break 3,Left Side Center(LC),24+ ft.,24,-114,221,1,0,20180803,SEA,MIN,2018,10218001637,120,validated,,0,matched,playbyplayv2,1611661328,100915|100944|200671|201480|202632,complete,playbyplay_inferred,100720|202252|203827|204319|1627668,complete,playbyplay_inferred,1611661328,Seattle Storm
Shot Chart Detail,1021800163,11,203827,Natasha Howard,1611661324,Minnesota Lynx,1,9,18,Missed Shot,Jump Shot,2PT Field Goal,Mid-Range,Left Side Center(LC),16-24 ft.,18,-133,133,1,0,20180803,SEA,MIN,2018,102180016311,420,validated,,0,matched,playbyplayv2,1611661328,100915|100944|200671|201480|202632,complete,playbyplay_inferred,100720|202252|203827|204319|1627668,complete,playbyplay_inferred,1611661328,Seattle Storm
Shot Chart Detail,1021800163,18,204319,Jewell Loyd,1611661324,Minnesota Lynx,1,9,2,Made Shot,Running Layup Shot,2PT Field Goal,Restricted Area,Center(C),Less Than 8 ft.,2,-16,15,1,1,20180803,SEA,MIN,2018,102180016318,580,validated,,0,matched,playbyplayv2,1611661328,100915|100944|200671|201480|202632,complete,playbyplay_inferred,100720|202252|203827|204319|1627668,complete,playbyplay_inferred,1611661328,Seattle Storm
Shot Chart Detail,1021800163,20,203827,Natasha Howard,1611661324,Minnesota Lynx,1,8,25,Missed Shot,Jump Shot,3PT Field Goal,Above the Break 3,Right Side Center(RC),16-24 ft.,23,98,214,1,0,20180803,SEA,MIN,2018,102180016320,950,validated,,0,matched,playbyplayv2,1611661328,100915|100944|200671|201480|202632,complete,playbyplay_inferred,100720|202252|203827|204319|1627668,complete,playbyplay_inferred,1611661328,Seattle Storm
Shot Chart Detail,1021800163,23,202252,Alysha Clark,1611661324,Minnesota Lynx,1,8,0,Missed Shot,Jump Shot,3PT Field Goal,Above the Break 3,Left Side Center(LC),24+ ft.,25,-171,184,1,0,20180803,SEA,MIN,2018,102180016323,1200,validated,,0,matched,playbyplayv2,1611661328,100915|100944|200671|201480|202632,complete,playbyplay_inferred,100720|202252|203827|204319|1627668,complete,playbyplay_inferred,1611661328,Seattle Storm
Shot Chart Detail,1021800163,27,204319,Jewell Loyd,1611661324,Minnesota Lynx,1,7,29,Missed Shot,Jump Shot,2PT Field Goal,Mid-Range,Right Side Center(RC),16-24 ft.,17,102,139,1,0,20180803,SEA,MIN,2018,102180016327,1510,validated,,0,matched,playbyplayv2,1611661328,100915|100944|200671|201480|202632,complete,playbyplay_inferred,100720|202252|203827|204319|1627668,complete,playbyplay_inferred,1611661328,Seattle Storm
Shot Chart Detail,1021800163,33,1627668,Breanna Stewart,1611661324,Minnesota Lynx,1,7,3,Made Shot,Jump Shot,3PT Field Goal,Above the Break 3,Center(C),24+ ft.,24,-50,236,1,1,20180803,SEA,MIN,2018,102180016333,1770,validated,100720,1,matched,playbyplayv2,1611661328,100915|100944|200671|201480|202632,complete,playbyplay_inferred,100720|202252|203827|204319|1627668,complete,playbyplay_inferred,1611661328,Seattle Storm
Shot Chart Detail,1021800163,37,100720,Sue Bird,1611661324,Minnesota Lynx,1,6,29,Missed Shot,Pullup Jump shot,2PT Field Goal,Mid-Range,Left Side(L),16-24 ft.,16,-137,88,1,0,20180803,SEA,MIN,2018,102180016337,2110,validated,,0,matched,playbyplayv2,1611661328,100915|100944|200671|201480|202632,complete,playbyplay_inferred,100720|202252|203827|204319|1627668,complete,playbyplay_inferred,1611661328,Seattle Storm
Shot Chart Detail,1021800163,54,203827,Natasha Howard,1611661324,Minnesota Lynx,1,5,13,Made Shot,Jump Shot,3PT Field Goal,Above the Break 3,Left Side Center(LC),24+ ft.,23,-147,187,1,1,20180803,SEA,MIN,2018,102180016354,2870,validated,202252,1,matched,playbyplayv2,1611661328,100944|200671|201480|202632|202658,complete,playbyplay_inferred,100720|202252|203827|204319|1627668,complete,playbyplay_inferred,1611661328,Seattle Storm
Shot Chart Detail,1021800163,58,100720,Sue Bird,1611661324,Minnesota Lynx,1,4,42,Made Shot,Jump Shot,3PT Field Goal,Above the Break 3,Center(C),24+ ft.,23,-37,235,1,1,20180803,SEA,MIN,2018,102180016358,3180,validated,202252,1,matched,playbyplayv2,1611661328,100944|200671|201480|202632|202658,complete,playbyplay_inferred,100720|202252|203827|204319|1627668,complete,playbyplay_inferred,1611661328,Seattle Storm
Shot Chart Detail,1021800163,62,202252,Alysha Clark,1611661324,Minnesota Lynx,1,4,13,Missed Shot,Driving Layup Shot,2PT Field Goal,Restricted Area,Center(C),Less Than 8 ft.,2,-20,17,1,0,20180803,SEA,MIN,2018,102180016362,3470,validated,,0,matched,playbyplayv2,1611661328,100944|200671|201480|202632|202658,complete,playbyplay_inferred,100720|202252|203827|204319|1627668,complete,playbyplay_inferred,1611661328,Seattle Storm
Shot Chart Detail,1021800163,64,203827,Natasha Howard,1611661324,Minnesota Lynx,1,4,9,Made Shot,Putback Layup Shot,2PT Field Goal,Restricted Area,Center(C),Less Than 8 ft.,1,14,12,1,1,20180803,SEA,MIN,2018,102180016364,3510,validated,,0,matched,playbyplayv2,1611661328,100944|200671|201480|202632|202658,complete,playbyplay_inferred,100720|202252|203827|204319|1627668,complete,playbyplay_inferred,1611661328,Seattle Storm
Shot Chart Detail,1021800163,68,1627668,Breanna Stewart,1611661324,Minnesota Lynx,1,3,33,Made Shot,Jump Shot,3PT Field Goal,Above the Break 3,Left Side Center(LC),24+ ft.,26,-108,246,1,1,20180803,SEA,MIN,2018,102180016368,3870,validated,202252,1,matched,playbyplayv2,1611661328,100944|200671|201480|202632|202658,complete,playbyplay_inferred,100720|202252|203827|204319|1627668,complete,playbyplay_inferred,1611661328,Seattle Storm
Shot Chart Detail,1021800163,72,203827,Natasha Howard,1611661324,Minnesota Lynx,1,3,7,Missed Shot,Running Layup Shot,2PT Field Goal,Restricted Area,Center(C),Less Than 8 ft.,2,-11,23,1,0,20180803,SEA,MIN,2018,102180016372,4130,validated,,0,matched,playbyplayv2,1611661328,100944|200671|201480|202632|202658,complete,playbyplay_inferred,100720|202252|203827|204319|1627668,complete,playbyplay_inferred,1611661328,Seattle Storm
Shot Chart Detail,1021800163,75,204319,Jewell Loyd,1611661324,Minnesota Lynx,1,2,43,Missed Shot,Layup Shot,2PT Field Goal,Restricted Area,Center(C),Less Than 8 ft.,3,24,26,1,0,20180803,SEA,MIN,2018,102180016375,4370,validated,,0,matched,playbyplayv2,1611661328,100944|200671|201480|202632|202658,complete,playbyplay_inferred,100720|202252|203827|204319|1627668,complete,playbyplay_inferred,1611661328,Seattle Storm
Shot Chart Detail,1021800163,93,1627668,Breanna Stewart,1611661324,Minnesota Lynx,1,1,55,Missed Shot,Pullup Jump shot,2PT Field Goal,Mid-Range,Right Side(R),8-16 ft.,14,126,75,1,0,20180803,SEA,MIN,2018,102180016393,4850,validated,,0,matched,playbyplayv2,1611661328,100915|101030|201480|201503|202632,complete,playbyplay_inferred,202252|203827|204319|1627668|1628886,complete,playbyplay_inferred,1611661328,Seattle Storm
Shot Chart Detail,1021800163,97,203827,Natasha Howard,1611661324,Minnesota Lynx,1,1,34,Missed Shot,Jump Shot,3PT Field Goal,Above the Break 3,Center(C),24+ ft.,24,-13,247,1,0,20180803,SEA,MIN,2018,102180016397,5060,validated,,0,matched,playbyplayv2,1611661328,100915|101030|201480|201503|202632,complete,playbyplay_inferred,202252|203827|204319|1627668|1628886,complete,playbyplay_inferred,1611661328,Seattle Storm
Shot Chart Detail,1021800163,107,1627668,Breanna Stewart,1611661324,Minnesota Lynx,1,1,8,Missed Shot,Pullup Jump shot,2PT Field Goal,In The Paint (Non-RA),Center(C),8-16 ft.,15,-75,138,1,0,20180803,SEA,MIN,2018,1021800163107,5320,validated,,0,matched,playbyplayv2,1611661328,100915|101030|201480|201503|202632,complete,playbyplay_inferred,201518|202252|204321|1627668|1628886,complete,playbyplay_inferred,1611661328,Seattle Storm
Shot Chart Detail,1021800163,122,1628886,Jordin Canada,1611661324,Minnesota Lynx,1,0,0,Missed Shot,Jump Shot,3PT Field Goal,Above the Break 3,Center(C),24+ ft.,40,64,396,1,0,20180803,SEA,MIN,2018,1021800163122,6000,validated,,0,matched,playbyplayv2,1611661328,100915|101030|201480|201503|1628508,complete,playbyplay_inferred,201518|201907|204321|1628244|1628886,complete,playbyplay_inferred,1611661328,Seattle Storm
Shot Chart Detail,1021800163,129,204321,Kaleena Mosqueda-Lewis,1611661324,Minnesota Lynx,2,9,22,Made Shot,Jump Shot,3PT Field Goal,Left Corner 3,Left Side(L),24+ ft.,23,-230,-6,1,1,20180803,SEA,MIN,2018,1021800163129,6380,validated,1628886,1,matched,playbyplayv2,1611661328,100915|101030|201480|201503|1628508,complete,playbyplay_inferred,201518|201907|204321|1628244|1628886,complete,playbyplay_inferred,1611661328,Seattle Storm
Shot Chart Detail,1021800163,133,201518,Crystal Langhorne,1611661324,Minnesota Lynx,2,8,29,Made Shot,Layup Shot,2PT Field Goal,Restricted Area,Center(C),Less Than 8 ft.,1,15,9,1,1,20180803,SEA,MIN,2018,1021800163133,6910,validated,,0,matched,playbyplayv2,1611661328,100915|101030|201480|201503|1628508,complete,playbyplay_inferred,201518|201907|204321|1628244|1628886,complete,playbyplay_inferred,1611661328,Seattle Storm
Shot Chart Detail,1021800163,136,201518,Crystal Langhorne,1611661324,Minnesota Lynx,2,7,58,Missed Shot,Jump Shot,2PT Field Goal,Mid-Range,Center(C),16-24 ft.,19,2,199,1,0,20180803,SEA,MIN,2018,1021800163136,7220,validated,,0,matched,playbyplayv2,1611661328,100915|101030|201480|201503|1628508,complete,playbyplay_inferred,201518|201907|204321|1628244|1628886,complete,playbyplay_inferred,1611661328,Seattle Storm
Shot Chart Detail,1021800163,151,1628886,Jordin Canada,1611661324,Minnesota Lynx,2,7,11,Made Shot,Jump Shot,3PT Field Goal,Above the Break 3,Center(C),24+ ft.,24,59,236,1,1,20180803,SEA,MIN,2018,1021800163151,7690,validated,,0,matched,playbyplayv2,1611661328,100915|100944|101030|1627701|1628508,complete,playbyplay_inferred,201518|204319|1627668|1628244|1628886,complete,playbyplay_inferred,1611661328,Seattle Storm
Shot Chart Detail,1021800163,155,201518,Crystal Langhorne,1611661324,Minnesota Lynx,2,6,35,Missed Shot,Jump Shot,2PT Field Goal,Restricted Area,Center(C),Less Than 8 ft.,2,-13,20,1,0,20180803,SEA,MIN,2018,1021800163155,8050,validated,,0,matched,playbyplayv2,1611661328,100915|100944|101030|1627701|1628508,complete,playbyplay_inferred,201518|204319|1627668|1628244|1628886,complete,playbyplay_inferred,1611661328,Seattle Storm
Shot Chart Detail,1021800163,164,201518,Crystal Langhorne,1611661324,Minnesota Lynx,2,5,55,Missed Shot,Turnaround Jump Shot,2PT Field Goal,In The Paint (Non-RA),Center(C),8-16 ft.,8,-4,87,1,0,20180803,SEA,MIN,2018,1021800163164,8450,validated,,0,matched,playbyplayv2,1611661328,100944|101030|202658|1627701|1628508,complete,playbyplay_inferred,100720|201518|204319|1627668|1628886,complete,playbyplay_inferred,1611661328,Seattle Storm
Shot Chart Detail,1021800163,189,204319,Jewell Loyd,1611661324,Minnesota Lynx,2,4,54,Missed Shot,Pullup Jump shot,2PT Field Goal,In The Paint (Non-RA),Center(C),8-16 ft.,12,-46,114,1,0,20180803,SEA,MIN,2018,1021800163189,9060,validated,,0,matched,playbyplayv2,1611661328,200671|201480|202632|202658|1627701,complete,playbyplay_inferred,100720|202252|203827|204319|1627668,complete,playbyplay_inferred,1611661328,Seattle Storm
Shot Chart Detail,1021800163,192,1627668,Breanna Stewart,1611661324,Minnesota Lynx,2,4,32,Missed Shot,Jump Shot,2PT Field Goal,Restricted Area,Center(C),Less Than 8 ft.,2,13,17,1,0,20180803,SEA,MIN,2018,1021800163192,9280,validated,,0,matched,playbyplayv2,1611661328,200671|201480|202632|202658|1627701,complete,playbyplay_inferred,100720|202252|203827|204319|1627668,complete,playbyplay_inferred,1611661328,Seattle Storm
Shot Chart Detail,1021800163,197,203827,Natasha Howard,1611661324,Minnesota Lynx,2,4,23,Missed Shot,Floating Jump shot,2PT Field Goal,In The Paint (Non-RA),Center(C),Less Than 8 ft.,6,63,9,1,0,20180803,SEA,MIN,2018,1021800163197,9370,validated,,0,matched,playbyplayv2,1611661328,200671|201480|202632|202658|1627701,complete,playbyplay_inferred,100720|202252|203827|204319|1627668,complete,playbyplay_inferred,1611661328,Seattle Storm
Shot Chart Detail,1021800163,201,1627668,Breanna Stewart,1611661324,Minnesota Lynx,2,4,13,Missed Shot,Pullup Jump shot,3PT Field Goal,Above the Break 3,Right Side Center(RC),24+ ft.,23,170,166,1,0,20180803,SEA,MIN,2018,1021800163201,9470,validated,,0,matched,playbyplayv2,1611661328,200671|201480|202632|202658|1627701,complete,playbyplay_inferred,100720|202252|203827|204319|1627668,complete,playbyplay_inferred,1611661328,Seattle Storm
Shot Chart Detail,1021800163,203,202252,Alysha Clark,1611661324,Minnesota Lynx,2,3,57,Missed Shot,Jump Shot,3PT Field Goal,Above the Break 3,Left Side(L),16-24 ft.,23,-194,134,1,0,20180803,SEA,MIN,2018,1021800163203,9630,validated,,0,matched,playbyplayv2,1611661328,200671|201480|202632|202658|1627701,complete,playbyplay_inferred,100720|202252|203827|204319|1627668,complete,playbyplay_inferred,1611661328,Seattle Storm
Shot Chart Detail,1021800163,212,202252,Alysha Clark,1611661324,Minnesota Lynx,2,3,31,Made Shot,Driving Layup Shot,2PT Field Goal,Restricted Area,Center(C),Less Than 8 ft.,2,-24,1,1,1,20180803,SEA,MIN,2018,1021800163212,9890,validated,204319,1,matched,playbyplayv2,1611661328,100915|100944|200671|202632|1627701,complete,playbyplay_inferred,100720|202252|203827|204319|1627668,complete,playbyplay_inferred,1611661328,Seattle Storm
Shot Chart Detail,1021800163,215,1627668,Breanna Stewart,1611661324,Minnesota Lynx,2,3,3,Missed Shot,Driving Layup Shot,2PT Field Goal,Restricted Area,Center(C),Less Than 8 ft.,3,-27,16,1,0,20180803,SEA,MIN,2018,1021800163215,10170,validated,,0,matched,playbyplayv2,1611661328,100915|100944|200671|202632|1627701,complete,playbyplay_inferred,100720|202252|203827|204319|1627668,complete,playbyplay_inferred,1611661328,Seattle Storm
Shot Chart Detail,1021800163,219,202252,Alysha Clark,1611661324,Minnesota Lynx,2,2,34,Made Shot,Layup Shot,2PT Field Goal,Restricted Area,Center(C),Less Than 8 ft.,1,-9,15,1,1,20180803,SEA,MIN,2018,1021800163219,10460,validated,100720,1,matched,playbyplayv2,1611661328,100915|100944|200671|202632|1627701,complete,playbyplay_inferred,100720|202252|203827|204319|1627668,complete,playbyplay_inferred,1611661328,Seattle Storm
Shot Chart Detail,1021800163,223,202252,Alysha Clark,1611661324,Minnesota Lynx,2,2,4,Missed Shot,Driving Layup Shot,2PT Field Goal,Restricted Area,Center(C),Less Than 8 ft.,2,-2,23,1,0,20180803,SEA,MIN,2018,1021800163223,10760,validated,,0,matched,playbyplayv2,1611661328,100915|100944|200671|202632|1627701,complete,playbyplay_inferred,100720|202252|203827|204319|1627668,complete,playbyplay_inferred,1611661328,Seattle Storm
Shot Chart Detail,1021800163,231,202252,Alysha Clark,1611661324,Minnesota Lynx,2,1,41,Made Shot,Jump Shot,3PT Field Goal,Right Corner 3,Right Side(R),24+ ft.,22,229,16,1,1,20180803,SEA,MIN,2018,1021800163231,10990,validated,1627668,1,matched,playbyplayv2,1611661328,100915|100944|200671|202632|1627701,complete,playbyplay_inferred,100720|202252|203827|204319|1627668,complete,playbyplay_inferred,1611661328,Seattle Storm
Shot Chart Detail,1021800163,241,203827,Natasha Howard,1611661324,Minnesota Lynx,2,1,5,Made Shot,Hook Shot,2PT Field Goal,Restricted Area,Center(C),Less Than 8 ft.,2,-3,26,1,1,20180803,SEA,MIN,2018,1021800163241,11350,validated,100720,1,matched,playbyplayv2,1611661328,100915|100944|200671|202632|1627701,complete,playbyplay_inferred,100720|202252|203827|204319|1627668,complete,playbyplay_inferred,1611661328,Seattle Storm
Shot Chart Detail,1021800163,257,203827,Natasha Howard,1611661324,Minnesota Lynx,2,0,8,Made Shot,Hook Shot,2PT Field Goal,In The Paint (Non-RA),Center(C),Less Than 8 ft.,4,-14,39,1,1,20180803,SEA,MIN,2018,1021800163257,11920,validated,204319,1,matched,playbyplayv2,1611661328,100915|100944|200671|201503|202632,complete,playbyplay_inferred,100720|202252|203827|204319|1627668,complete,playbyplay_inferred,1611661328,Seattle Storm
Shot Chart Detail,1021800163,270,204319,Jewell Loyd,1611661324,Minnesota Lynx,3,9,31,Missed Shot,Pullup Jump shot,2PT Field Goal,Mid-Range,Center(C),8-16 ft.,14,-6,148,1,0,20180803,SEA,MIN,2018,1021800163270,12290,validated,,0,matched,playbyplayv2,1611661328,100915|100944|200671|201480|202632,complete,playbyplay_inferred,100720|202252|203827|204319|1627668,complete,playbyplay_inferred,1611661328,Seattle Storm
Shot Chart Detail,1021800163,274,203827,Natasha Howard,1611661324,Minnesota Lynx,3,8,50,Missed Shot,Driving Layup Shot,2PT Field Goal,Restricted Area,Center(C),Less Than 8 ft.,1,-12,4,1,0,20180803,SEA,MIN,2018,1021800163274,12700,validated,,0,matched,playbyplayv2,1611661328,100915|100944|200671|201480|202632,complete,playbyplay_inferred,100720|202252|203827|204319|1627668,complete,playbyplay_inferred,1611661328,Seattle Storm
Shot Chart Detail,1021800163,280,1627668,Breanna Stewart,1611661324,Minnesota Lynx,3,8,8,Missed Shot,Pullup Jump shot,2PT Field Goal,In The Paint (Non-RA),Center(C),8-16 ft.,13,-12,137,1,0,20180803,SEA,MIN,2018,1021800163280,13120,validated,,0,matched,playbyplayv2,1611661328,100915|100944|200671|201480|202632,complete,playbyplay_inferred,100720|202252|203827|204319|1627668,complete,playbyplay_inferred,1611661328,Seattle Storm
Shot Chart Detail,1021800163,288,100720,Sue Bird,1611661324,Minnesota Lynx,3,7,13,Missed Shot,Pullup Jump shot,2PT Field Goal,Mid-Range,Left Side Center(LC),16-24 ft.,16,-58,154,1,0,20180803,SEA,MIN,2018,1021800163288,13670,validated,,0,matched,playbyplayv2,1611661328,100915|100944|200671|201480|202632,complete,playbyplay_inferred,100720|202252|203827|204319|1627668,complete,playbyplay_inferred,1611661328,Seattle Storm
Shot Chart Detail,1021800163,292,203827,Natasha Howard,1611661324,Minnesota Lynx,3,6,56,Made Shot,Floating Jump shot,2PT Field Goal,In The Paint (Non-RA),Center(C),8-16 ft.,12,-59,114,1,1,20180803,SEA,MIN,2018,1021800163292,13840,validated,100720,1,matched,playbyplayv2,1611661328,100915|100944|200671|201480|202632,complete,playbyplay_inferred,100720|202252|203827|204319|1627668,complete,playbyplay_inferred,1611661328,Seattle Storm
Shot Chart Detail,1021800163,296,1627668,Breanna Stewart,1611661324,Minnesota Lynx,3,6,23,Missed Shot,Layup Shot,2PT Field Goal,Restricted Area,Center(C),Less Than 8 ft.,2,25,2,1,0,20180803,SEA,MIN,2018,1021800163296,14170,validated,,0,matched,playbyplayv2,1611661328,100915|100944|200671|201480|202632,complete,playbyplay_inferred,100720|202252|203827|204319|1627668,complete,playbyplay_inferred,1611661328,Seattle Storm
Shot Chart Detail,1021800163,304,1627668,Breanna Stewart,1611661324,Minnesota Lynx,3,6,0,Made Shot,Layup Shot,2PT Field Goal,Restricted Area,Center(C),Less Than 8 ft.,2,-23,1,1,1,20180803,SEA,MIN,2018,1021800163304,14400,validated,204319,1,matched,playbyplayv2,1611661328,100944|200671|201480|202632|202658,complete,playbyplay_inferred,100720|202252|203827|204319|1627668,complete,playbyplay_inferred,1611661328,Seattle Storm
Shot Chart Detail,1021800163,308,1627668,Breanna Stewart,1611661324,Minnesota Lynx,3,5,39,Made Shot,Driving Layup Shot,2PT Field Goal,Restricted Area,Center(C),Less Than 8 ft.,2,16,12,1,1,20180803,SEA,MIN,2018,1021800163308,14610,validated,,0,matched,playbyplayv2,1611661328,100944|200671|201480|202632|202658,complete,playbyplay_inferred,100720|202252|203827|204319|1627668,complete,playbyplay_inferred,1611661328,Seattle Storm
Shot Chart Detail,1021800163,311,1627668,Breanna Stewart,1611661324,Minnesota Lynx,3,5,19,Made Shot,Driving Layup Shot,2PT Field Goal,Restricted Area,Center(C),Less Than 8 ft.,1,17,-2,1,1,20180803,SEA,MIN,2018,1021800163311,14810,validated,100720,1,matched,playbyplayv2,1611661328,100944|200671|201480|202632|202658,complete,playbyplay_inferred,100720|202252|203827|204319|1627668,complete,playbyplay_inferred,1611661328,Seattle Storm
Shot Chart Detail,1021800163,316,204319,Jewell Loyd,1611661324,Minnesota Lynx,3,5,0,Made Shot,Driving Layup Shot,2PT Field Goal,Restricted Area,Center(C),Less Than 8 ft.,2,-23,13,1,1,20180803,SEA,MIN,2018,1021800163316,15000,validated,,0,matched,playbyplayv2,1611661328,100944|200671|201480|202632|202658,complete,playbyplay_inferred,100720|202252|203827|204319|1627668,complete,playbyplay_inferred,1611661328,Seattle Storm
Shot Chart Detail,1021800163,332,202252,Alysha Clark,1611661324,Minnesota Lynx,3,4,17,Missed Shot,Jump Shot,3PT Field Goal,Left Corner 3,Left Side(L),24+ ft.,23,-232,-12,1,0,20180803,SEA,MIN,2018,1021800163332,15430,validated,,0,matched,playbyplayv2,1611661328,100915|100944|101030|201480|202632,complete,playbyplay_inferred,100720|201518|202252|204319|1627668,complete,playbyplay_inferred,1611661328,Seattle Storm
Shot Chart Detail,1021800163,337,1627668,Breanna Stewart,1611661324,Minnesota Lynx,3,3,46,Missed Shot,Jump Shot,3PT Field Goal,Above the Break 3,Left Side Center(LC),24+ ft.,24,-201,136,1,0,20180803,SEA,MIN,2018,1021800163337,15740,validated,,0,matched,playbyplayv2,1611661328,100915|100944|101030|201480|202632,complete,playbyplay_inferred,100720|201518|202252|204319|1627668,complete,playbyplay_inferred,1611661328,Seattle Storm
Shot Chart Detail,1021800163,341,204319,Jewell Loyd,1611661324,Minnesota Lynx,3,3,24,Made Shot,Jump Shot,3PT Field Goal,Above the Break 3,Left Side Center(LC),24+ ft.,25,-192,163,1,1,20180803,SEA,MIN,2018,1021800163341,15960,validated,100720,1,matched,playbyplayv2,1611661328,100915|100944|101030|201480|202632,complete,playbyplay_inferred,100720|201518|202252|204319|1627668,complete,playbyplay_inferred,1611661328,Seattle Storm
Shot Chart Detail,1021800163,353,100720,Sue Bird,1611661324,Minnesota Lynx,3,2,27,Made Shot,Jump Shot,3PT Field Goal,Above the Break 3,Center(C),24+ ft.,26,-20,262,1,1,20180803,SEA,MIN,2018,1021800163353,16530,validated,1627668,1,matched,playbyplayv2,1611661328,100915|100944|101030|201480|202632,complete,playbyplay_inferred,100720|201518|202252|204319|1627668,complete,playbyplay_inferred,1611661328,Seattle Storm
Shot Chart Detail,1021800163,360,100720,Sue Bird,1611661324,Minnesota Lynx,3,1,52,Missed Shot,Jump Shot,3PT Field Goal,Left Corner 3,Left Side(L),24+ ft.,23,-230,6,1,0,20180803,SEA,MIN,2018,1021800163360,16880,validated,,0,matched,playbyplayv2,1611661328,100915|100944|101030|201480|1628508,complete,playbyplay_inferred,100720|201518|202252|204319|1627668,complete,playbyplay_inferred,1611661328,Seattle Storm
Shot Chart Detail,1021800163,364,1627668,Breanna Stewart,1611661324,Minnesota Lynx,3,1,20,Made Shot,Jump Shot,3PT Field Goal,Above the Break 3,Left Side Center(LC),24+ ft.,24,-167,185,1,1,20180803,SEA,MIN,2018,1021800163364,17200,validated,100720,1,matched,playbyplayv2,1611661328,100915|100944|101030|201480|1628508,complete,playbyplay_inferred,100720|201518|202252|204319|1627668,complete,playbyplay_inferred,1611661328,Seattle Storm
Shot Chart Detail,1021800163,368,100720,Sue Bird,1611661324,Minnesota Lynx,3,0,41,Made Shot,Jump Shot,2PT Field Goal,Mid-Range,Center(C),8-16 ft.,15,44,149,1,1,20180803,SEA,MIN,2018,1021800163368,17590,validated,,0,matched,playbyplayv2,1611661328,100915|100944|101030|201480|1628508,complete,playbyplay_inferred,100720|201518|202252|204319|1627668,complete,playbyplay_inferred,1611661328,Seattle Storm
Shot Chart Detail,1021800163,372,201518,Crystal Langhorne,1611661324,Minnesota Lynx,3,0,5,Made Shot,Jump Shot,2PT Field Goal,Mid-Range,Left Side Center(LC),16-24 ft.,16,-119,114,1,1,20180803,SEA,MIN,2018,1021800163372,17950,validated,100720,1,matched,playbyplayv2,1611661328,100915|100944|101030|201480|1628508,complete,playbyplay_inferred,100720|201518|202252|204319|1627668,complete,playbyplay_inferred,1611661328,Seattle Storm
Shot Chart Detail,1021800163,386,203827,Natasha Howard,1611661324,Minnesota Lynx,4,9,50,Missed Shot,Jump Shot,2PT Field Goal,Mid-Range,Center(C),8-16 ft.,15,41,148,1,0,20180803,SEA,MIN,2018,1021800163386,18100,validated,,0,matched,playbyplayv2,1611661328,100915|100944|101030|201480|202632,complete,playbyplay_inferred,201518|203827|204319|204321|1628886,complete,playbyplay_inferred,1611661328,Seattle Storm
Shot Chart Detail,1021800163,388,203827,Natasha Howard,1611661324,Minnesota Lynx,4,9,45,Missed Shot,Floating Jump shot,2PT Field Goal,In The Paint (Non-RA),Center(C),8-16 ft.,11,37,110,1,0,20180803,SEA,MIN,2018,1021800163388,18150,validated,,0,matched,playbyplayv2,1611661328,100915|100944|101030|201480|202632,complete,playbyplay_inferred,201518|203827|204319|204321|1628886,complete,playbyplay_inferred,1611661328,Seattle Storm
Shot Chart Detail,1021800163,392,204319,Jewell Loyd,1611661324,Minnesota Lynx,4,9,19,Made Shot,Driving Layup Shot,2PT Field Goal,In The Paint (Non-RA),Center(C),Less Than 8 ft.,4,42,18,1,1,20180803,SEA,MIN,2018,1021800163392,18410,validated,,0,matched,playbyplayv2,1611661328,100915|100944|101030|201480|202632,complete,playbyplay_inferred,201518|203827|204319|204321|1628886,complete,playbyplay_inferred,1611661328,Seattle Storm
Shot Chart Detail,1021800163,398,204319,Jewell Loyd,1611661324,Minnesota Lynx,4,9,1,Made Shot,Driving Layup Shot,2PT Field Goal,Restricted Area,Center(C),Less Than 8 ft.,1,13,12,1,1,20180803,SEA,MIN,2018,1021800163398,18590,validated,1628886,1,matched,playbyplayv2,1611661328,100915|100944|101030|201480|202632,complete,playbyplay_inferred,201518|203827|204319|204321|1628886,complete,playbyplay_inferred,1611661328,Seattle Storm
Shot Chart Detail,1021800163,416,100720,Sue Bird,1611661324,Minnesota Lynx,4,8,0,Made Shot,Jump Shot,3PT Field Goal,Left Corner 3,Left Side(L),24+ ft.,23,-230,-9,1,1,20180803,SEA,MIN,2018,1021800163416,19200,validated,204321,1,matched,playbyplayv2,1611661328,100944|200671|201480|202632|202658,complete,playbyplay_inferred,100720|203827|204321|1627668|1628886,complete,playbyplay_inferred,1611661328,Seattle Storm
Shot Chart Detail,1021800163,424,1628886,Jordin Canada,1611661324,Minnesota Lynx,4,7,1,Made Shot,Driving Layup Shot,2PT Field Goal,Restricted Area,Center(C),Less Than 8 ft.,1,-3,12,1,1,20180803,SEA,MIN,2018,1021800163424,19790,validated,,0,matched,playbyplayv2,1611661328,100944|200671|201480|202632|202658,complete,playbyplay_inferred,100720|202252|203827|1627668|1628886,complete,playbyplay_inferred,1611661328,Seattle Storm
Shot Chart Detail,1021800163,438,100720,Sue Bird,1611661324,Minnesota Lynx,4,5,57,Made Shot,Jump Shot,3PT Field Goal,Above the Break 3,Left Side Center(LC),24+ ft.,27,-86,261,1,1,20180803,SEA,MIN,2018,1021800163438,20430,validated,,0,matched,playbyplayv2,1611661328,100944|200671|201480|202632|202658,complete,playbyplay_inferred,100720|202252|203827|204319|1627668,complete,playbyplay_inferred,1611661328,Seattle Storm
Shot Chart Detail,1021800163,441,203827,Natasha Howard,1611661324,Minnesota Lynx,4,5,19,Made Shot,Cutting Layup Shot,2PT Field Goal,Restricted Area,Center(C),Less Than 8 ft.,2,16,13,1,1,20180803,SEA,MIN,2018,1021800163441,20810,validated,100720,1,matched,playbyplayv2,1611661328,100944|200671|201480|202632|202658,complete,playbyplay_inferred,100720|202252|203827|204319|1627668,complete,playbyplay_inferred,1611661328,Seattle Storm
Shot Chart Detail,1021800163,456,1627668,Breanna Stewart,1611661324,Minnesota Lynx,4,4,16,Missed Shot,Jump Bank Shot,2PT Field Goal,Mid-Range,Left Side(L),16-24 ft.,18,-179,52,1,0,20180803,SEA,MIN,2018,1021800163456,21440,validated,,0,matched,playbyplayv2,1611661328,100915|200671|201480|201503|202632,complete,playbyplay_inferred,100720|202252|203827|204319|1627668,complete,playbyplay_inferred,1611661328,Seattle Storm
Shot Chart Detail,1021800163,469,203827,Natasha Howard,1611661324,Minnesota Lynx,4,3,9,Missed Shot,Jump Shot,3PT Field Goal,Above the Break 3,Center(C),16-24 ft.,23,48,232,1,0,20180803,SEA,MIN,2018,1021800163469,22110,validated,,0,matched,playbyplayv2,1611661328,100915|101030|201480|201503|1628508,complete,playbyplay_inferred,100720|202252|203827|204319|1627668,complete,playbyplay_inferred,1611661328,Seattle Storm
Shot Chart Detail,1021800163,474,1627668,Breanna Stewart,1611661324,Minnesota Lynx,4,2,38,Made Shot,Driving Layup Shot,2PT Field Goal,Restricted Area,Center(C),Less Than 8 ft.,1,-7,17,1,1,20180803,SEA,MIN,2018,1021800163474,22420,validated,204319,1,matched,playbyplayv2,1611661328,100915|101030|201480|201503|1628508,complete,playbyplay_inferred,100720|202252|203827|204319|1627668,complete,playbyplay_inferred,1611661328,Seattle Storm
Shot Chart Detail,1021800163,478,1627668,Breanna Stewart,1611661324,Minnesota Lynx,4,1,57,Made Shot,Driving Hook Shot,2PT Field Goal,In The Paint (Non-RA),Center(C),Less Than 8 ft.,4,-14,47,1,1,20180803,SEA,MIN,2018,1021800163478,22830,validated,100720,1,matched,playbyplayv2,1611661328,100915|101030|201480|201503|1628508,complete,playbyplay_inferred,100720|202252|203827|204319|1627668,complete,playbyplay_inferred,1611661328,Seattle Storm
Shot Chart Detail,1021800163,488,203827,Natasha Howard,1611661324,Minnesota Lynx,4,1,25,Made Shot,Driving Layup Shot,2PT Field Goal,Restricted Area,Center(C),Less Than 8 ft.,2,28,9,1,1,20180803,SEA,MIN,2018,1021800163488,23150,validated,100720,1,matched,playbyplayv2,1611661328,101030|201503|202658|1627701|1628508,complete,playbyplay_inferred,100720|202252|203827|204319|1627668,complete,playbyplay_inferred,1611661328,Seattle Storm
Shot Chart Detail,1021800163,506,201907,Courtney Paris,1611661324,Minnesota Lynx,4,0,14,Missed Shot,Layup Shot,2PT Field Goal,In The Paint (Non-RA),Center(C),Less Than 8 ft.,4,-30,34,1,0,20180803,SEA,MIN,2018,1021800163506,23860,validated,,0,matched,playbyplayv2,1611661328,101030|201503|202658|1627701|1628508,complete,playbyplay_inferred,201907|204321|1628244|1628886|1628920,complete,playbyplay_inferred,1611661328,Seattle Storm
Shot Chart Detail,1021800163,511,204321,Kaleena Mosqueda-Lewis,1611661324,Minnesota Lynx,4,0,10,Made Shot,Layup Shot,2PT Field Goal,Restricted Area,Center(C),Less Than 8 ft.,1,9,11,1,1,20180803,SEA,MIN,2018,1021800163511,23900,validated,,0,matched,playbyplayv2,1611661328,101030|201503|202658|1627701|1628508,complete,playbyplay_inferred,201907|204321|1628244|1628886|1628920,complete,playbyplay_inferred,1611661328,Seattle Storm
Shot Chart Detail,1021800163,509,1628244,Sami Whitcomb,1611661324,Minnesota Lynx,4,0,10,Missed Shot,Jump Shot,3PT Field Goal,Above the Break 3,Left Side Center(LC),24+ ft.,25,-104,232,1,0,20180803,SEA,MIN,2018,1021800163509,23900,validated,,0,matched,playbyplayv2,1611661328,101030|201503|202658|1627701|1628508,complete,playbyplay_inferred,201907|204321|1628244|1628886|1628920,complete,playbyplay_inferred,1611661328,Seattle Storm
Shot Chart Detail,1021800168,7,201904,Renee Montgomery,1611661324,Minnesota Lynx,1,9,48,Missed Shot,Jump Shot,3PT Field Goal,Above the Break 3,Right Side Center(RC),24+ ft.,26,152,214,1,0,20180805,MIN,ATL,2018,10218001687,120,validated,,0,matched,playbyplayv2,1611661330,100915|100944|200671|201480|202632,complete,playbyplay_inferred,201881|201904|202638|203026|204322,complete,playbyplay_inferred,1611661330,Atlanta Dream
Shot Chart Detail,1021800168,9,201881,Angel McCoughtry,1611661324,Minnesota Lynx,1,9,45,Made Shot,Putback Layup Shot,2PT Field Goal,Restricted Area,Center(C),Less Than 8 ft.,1,-4,-17,1,1,20180805,MIN,ATL,2018,10218001689,150,validated,,0,matched,playbyplayv2,1611661330,100915|100944|200671|201480|202632,complete,playbyplay_inferred,201881|201904|202638|203026|204322,complete,playbyplay_inferred,1611661330,Atlanta Dream
Shot Chart Detail,1021800168,12,201881,Angel McCoughtry,1611661324,Minnesota Lynx,1,9,19,Missed Shot,Fadeaway Jump Shot,2PT Field Goal,In The Paint (Non-RA),Center(C),8-16 ft.,13,-7,133,1,0,20180805,MIN,ATL,2018,102180016812,410,validated,,0,matched,playbyplayv2,1611661330,100915|100944|200671|201480|202632,complete,playbyplay_inferred,201881|201904|202638|203026|204322,complete,playbyplay_inferred,1611661330,Atlanta Dream
Shot Chart Detail,1021800168,16,203026,Tiffany Hayes,1611661324,Minnesota Lynx,1,8,53,Missed Shot,Driving Layup Shot,2PT Field Goal,Restricted Area,Center(C),Less Than 8 ft.,1,-4,11,1,0,20180805,MIN,ATL,2018,102180016816,670,validated,,0,matched,playbyplayv2,1611661330,100915|100944|200671|201480|202632,complete,playbyplay_inferred,201881|201904|202638|203026|204322,complete,playbyplay_inferred,1611661330,Atlanta Dream
Shot Chart Detail,1021800168,21,201904,Renee Montgomery,1611661324,Minnesota Lynx,1,8,33,Made Shot,Jump Shot,2PT Field Goal,Mid-Range,Right Side Center(RC),16-24 ft.,16,125,103,1,1,20180805,MIN,ATL,2018,102180016821,870,validated,,0,matched,playbyplayv2,1611661330,100915|100944|200671|201480|202632,complete,playbyplay_inferred,201881|201904|202638|203026|204322,complete,playbyplay_inferred,1611661330,Atlanta Dream
Shot Chart Detail,1021800168,24,201881,Angel McCoughtry,1611661324,Minnesota Lynx,1,8,11,Missed Shot,Layup Shot,2PT Field Goal,Restricted Area,Center(C),Less Than 8 ft.,1,-7,-10,1,0,20180805,MIN,ATL,2018,102180016824,1090,validated,,0,matched,playbyplayv2,1611661330,100915|100944|200671|201480|202632,complete,playbyplay_inferred,201881|201904|202638|203026|204322,complete,playbyplay_inferred,1611661330,Atlanta Dream
Shot Chart Detail,1021800168,26,204322,Elizabeth Williams,1611661324,Minnesota Lynx,1,8,1,Made Shot,Reverse Layup Shot,2PT Field Goal,Restricted Area,Center(C),Less Than 8 ft.,0,-9,-3,1,1,20180805,MIN,ATL,2018,102180016826,1190,validated,201904,1,matched,playbyplayv2,1611661330,100915|100944|200671|201480|202632,complete,playbyplay_inferred,201881|201904|202638|203026|204322,complete,playbyplay_inferred,1611661330,Atlanta Dream
Shot Chart Detail,1021800168,30,203026,Tiffany Hayes,1611661324,Minnesota Lynx,1,7,24,Missed Shot,Jump Shot,3PT Field Goal,Above the Break 3,Left Side(L),16-24 ft.,22,-204,101,1,0,20180805,MIN,ATL,2018,102180016830,1560,validated,,0,matched,playbyplayv2,1611661330,100915|100944|200671|201480|202632,complete,playbyplay_inferred,201881|201904|202638|203026|204322,complete,playbyplay_inferred,1611661330,Atlanta Dream
Shot Chart Detail,1021800168,41,203026,Tiffany Hayes,1611661324,Minnesota Lynx,1,6,48,Made Shot,Jump Shot,3PT Field Goal,Above the Break 3,Right Side Center(RC),24+ ft.,24,103,226,1,1,20180805,MIN,ATL,2018,102180016841,1920,validated,,0,matched,playbyplayv2,1611661330,100915|100944|200671|201480|202632,complete,playbyplay_inferred,201881|201904|202638|203026|204322,complete,playbyplay_inferred,1611661330,Atlanta Dream
Shot Chart Detail,1021800168,47,201904,Renee Montgomery,1611661324,Minnesota Lynx,1,6,17,Missed Shot,Pullup Jump shot,3PT Field Goal,Above the Break 3,Center(C),24+ ft.,24,26,246,1,0,20180805,MIN,ATL,2018,102180016847,2230,validated,,0,matched,playbyplayv2,1611661330,100915|100944|200671|201480|202632,complete,playbyplay_inferred,201881|201904|202638|203026|204322,complete,playbyplay_inferred,1611661330,Atlanta Dream
Shot Chart Detail,1021800168,51,201881,Angel McCoughtry,1611661324,Minnesota Lynx,1,5,47,Missed Shot,Driving Layup Shot,2PT Field Goal,Restricted Area,Center(C),Less Than 8 ft.,1,15,-7,1,0,20180805,MIN,ATL,2018,102180016851,2530,validated,,0,matched,playbyplayv2,1611661330,100915|100944|200671|201480|202632,complete,playbyplay_inferred,201881|201904|202638|203026|204322,complete,playbyplay_inferred,1611661330,Atlanta Dream
Shot Chart Detail,1021800168,55,202638,Jessica Breland,1611661324,Minnesota Lynx,1,5,17,Missed Shot,Jump Shot,2PT Field Goal,Mid-Range,Right Side(R),16-24 ft.,19,196,-17,1,0,20180805,MIN,ATL,2018,102180016855,2830,validated,,0,matched,playbyplayv2,1611661330,100915|100944|200671|201480|202632,complete,playbyplay_inferred,201881|201904|202638|203026|204322,complete,playbyplay_inferred,1611661330,Atlanta Dream
Shot Chart Detail,1021800168,59,201881,Angel McCoughtry,1611661324,Minnesota Lynx,1,4,57,Missed Shot,Driving Layup Shot,2PT Field Goal,Restricted Area,Center(C),Less Than 8 ft.,1,-14,-10,1,0,20180805,MIN,ATL,2018,102180016859,3030,validated,,0,matched,playbyplayv2,1611661330,100915|100944|200671|201480|202632,complete,playbyplay_inferred,201881|201904|202638|203026|204322,complete,playbyplay_inferred,1611661330,Atlanta Dream
Shot Chart Detail,1021800168,73,1628279,Brittney Sykes,1611661324,Minnesota Lynx,1,4,55,Missed Shot,Jump Shot,3PT Field Goal,Right Corner 3,Right Side(R),24+ ft.,23,237,17,1,0,20180805,MIN,ATL,2018,102180016873,3050,validated,,0,matched,playbyplayv2,1611661330,101030|201480|201503|202632|202658,complete,playbyplay_inferred,201904|203026|204322|1628279|1628881,complete,playbyplay_inferred,1611661330,Atlanta Dream
Shot Chart Detail,1021800168,75,201904,Renee Montgomery,1611661324,Minnesota Lynx,1,4,39,Missed Shot,Jump Shot,3PT Field Goal,Above the Break 3,Left Side Center(LC),24+ ft.,23,-141,194,1,0,20180805,MIN,ATL,2018,102180016875,3210,validated,,0,matched,playbyplayv2,1611661330,101030|201480|201503|202632|202658,complete,playbyplay_inferred,201904|203026|204322|1628279|1628881,complete,playbyplay_inferred,1611661330,Atlanta Dream
Shot Chart Detail,1021800168,79,203026,Tiffany Hayes,1611661324,Minnesota Lynx,1,4,10,Made Shot,Jump Shot,3PT Field Goal,Above the Break 3,Left Side Center(LC),16-24 ft.,22,-172,150,1,1,20180805,MIN,ATL,2018,102180016879,3500,validated,,0,matched,playbyplayv2,1611661330,101030|201480|201503|202632|202658,complete,playbyplay_inferred,201904|203026|204322|1628279|1628881,complete,playbyplay_inferred,1611661330,Atlanta Dream
Shot Chart Detail,1021800168,82,203026,Tiffany Hayes,1611661324,Minnesota Lynx,1,3,41,Made Shot,Driving Finger Roll Layup Shot,2PT Field Goal,Restricted Area,Center(C),Less Than 8 ft.,2,20,-3,1,1,20180805,MIN,ATL,2018,102180016882,3790,validated,,0,matched,playbyplayv2,1611661330,101030|201480|201503|202632|202658,complete,playbyplay_inferred,201904|203026|204322|1628279|1628881,complete,playbyplay_inferred,1611661330,Atlanta Dream
Shot Chart Detail,1021800168,89,203410,Alex Bentley,1611661324,Minnesota Lynx,1,3,10,Made Shot,Step Back Jump shot,2PT Field Goal,Mid-Range,Left Side(L),8-16 ft.,10,-104,-25,1,1,20180805,MIN,ATL,2018,102180016889,4100,validated,,0,matched,playbyplayv2,1611661330,101030|201503|202632|202658|1627701,complete,playbyplay_inferred,203026|203410|204322|1628279|1628881,complete,playbyplay_inferred,1611661330,Atlanta Dream
Shot Chart Detail,1021800168,92,203026,Tiffany Hayes,1611661324,Minnesota Lynx,1,2,42,Missed Shot,Jump Shot,3PT Field Goal,Above the Break 3,Right Side Center(RC),24+ ft.,25,144,211,1,0,20180805,MIN,ATL,2018,102180016892,4380,validated,,0,matched,playbyplayv2,1611661330,101030|201503|202632|202658|1627701,complete,playbyplay_inferred,203026|203410|204322|1628279|1628881,complete,playbyplay_inferred,1611661330,Atlanta Dream
Shot Chart Detail,1021800168,102,1627677,Imani McGee-Stafford,1611661324,Minnesota Lynx,1,2,5,Made Shot,Hook Shot,2PT Field Goal,In The Paint (Non-RA),Center(C),Less Than 8 ft.,4,8,44,1,1,20180805,MIN,ATL,2018,1021800168102,4750,validated,1628279,1,matched,playbyplayv2,1611661330,101030|201503|202632|202658|1627701,complete,playbyplay_inferred,203026|203410|1627677|1628279|1628881,complete,playbyplay_inferred,1611661330,Atlanta Dream
Shot Chart Detail,1021800168,108,1628279,Brittney Sykes,1611661324,Minnesota Lynx,1,1,27,Missed Shot,Jump Shot,3PT Field Goal,Left Corner 3,Left Side(L),24+ ft.,22,-221,27,1,0,20180805,MIN,ATL,2018,1021800168108,5130,validated,,0,matched,playbyplayv2,1611661330,101030|201503|202632|202658|1627701,complete,playbyplay_inferred,203026|203410|1627677|1628279|1628881,complete,playbyplay_inferred,1611661330,Atlanta Dream
Shot Chart Detail,1021800168,117,203026,Tiffany Hayes,1611661324,Minnesota Lynx,1,1,11,Missed Shot,Jump Shot,2PT Field Goal,Mid-Range,Right Side(R),16-24 ft.,20,189,76,1,0,20180805,MIN,ATL,2018,1021800168117,5290,validated,,0,matched,playbyplayv2,1611661330,201503|202632|202658|1627701|1628508,complete,playbyplay_inferred,203026|203410|1627677|1628279|1628881,complete,playbyplay_inferred,1611661330,Atlanta Dream
Shot Chart Detail,1021800168,137,1628881,Monique Billings,1611661324,Minnesota Lynx,1,0,13,Made Shot,Jump Shot,2PT Field Goal,Mid-Range,Left Side(L),8-16 ft.,13,-133,10,1,1,20180805,MIN,ATL,2018,1021800168137,5870,validated,201881,1,matched,playbyplayv2,1611661330,200671|201503|202658|1627701|1628508,complete,playbyplay_inferred,201881|203410|1627677|1628279|1628881,complete,playbyplay_inferred,1611661330,Atlanta Dream
Shot Chart Detail,1021800168,157,203410,Alex Bentley,1611661324,Minnesota Lynx,2,9,26,Missed Shot,Jump Shot,2PT Field Goal,Mid-Range,Left Side(L),8-16 ft.,12,-107,64,1,0,20180805,MIN,ATL,2018,1021800168157,6340,validated,,0,matched,playbyplayv2,1611661330,100915|100944|200671|201480|1628508,complete,playbyplay_inferred,201881|202638|203410|204322|1628279,complete,playbyplay_inferred,1611661330,Atlanta Dream
Shot Chart Detail,1021800168,162,201881,Angel McCoughtry,1611661324,Minnesota Lynx,2,8,37,Made Shot,Jump Shot,3PT Field Goal,Above the Break 3,Left Side Center(LC),24+ ft.,23,-167,172,1,1,20180805,MIN,ATL,2018,1021800168162,6830,validated,1628279,1,matched,playbyplayv2,1611661330,100915|100944|200671|201480|1628508,complete,playbyplay_inferred,201881|202638|203410|204322|1628279,complete,playbyplay_inferred,1611661330,Atlanta Dream
Shot Chart Detail,1021800168,165,203410,Alex Bentley,1611661324,Minnesota Lynx,2,8,6,Made Shot,Jump Shot,3PT Field Goal,Above the Break 3,Left Side Center(LC),16-24 ft.,22,-102,204,1,1,20180805,MIN,ATL,2018,1021800168165,7140,validated,204322,1,matched,playbyplayv2,1611661330,100915|100944|200671|201480|1628508,complete,playbyplay_inferred,201881|202638|203410|204322|1628279,complete,playbyplay_inferred,1611661330,Atlanta Dream
Shot Chart Detail,1021800168,192,203410,Alex Bentley,1611661324,Minnesota Lynx,2,6,6,Missed Shot,Jump Shot,3PT Field Goal,Above the Break 3,Left Side(L),24+ ft.,23,-221,69,1,0,20180805,MIN,ATL,2018,1021800168192,8340,validated,,0,matched,playbyplayv2,1611661330,100944|200671|201480|202632|202658,complete,playbyplay_inferred,201881|203026|203410|204322|1628279,complete,playbyplay_inferred,1611661330,Atlanta Dream
Shot Chart Detail,1021800168,197,203410,Alex Bentley,1611661324,Minnesota Lynx,2,5,39,Made Shot,Step Back Jump shot,2PT Field Goal,Mid-Range,Right Side Center(RC),16-24 ft.,18,142,118,1,1,20180805,MIN,ATL,2018,1021800168197,8610,validated,,0,matched,playbyplayv2,1611661330,100944|200671|201480|202632|202658,complete,playbyplay_inferred,201881|203026|203410|204322|1628279,complete,playbyplay_inferred,1611661330,Atlanta Dream
Shot Chart Detail,1021800168,201,203410,Alex Bentley,1611661324,Minnesota Lynx,2,4,58,Missed Shot,Jump Shot,3PT Field Goal,Above the Break 3,Right Side Center(RC),24+ ft.,25,84,238,1,0,20180805,MIN,ATL,2018,1021800168201,9020,validated,,0,matched,playbyplayv2,1611661330,100944|200671|201480|202632|202658,complete,playbyplay_inferred,201881|203026|203410|204322|1628279,complete,playbyplay_inferred,1611661330,Atlanta Dream
Shot Chart Detail,1021800168,209,203026,Tiffany Hayes,1611661324,Minnesota Lynx,2,4,42,Made Shot,Layup Shot,2PT Field Goal,Restricted Area,Center(C),Less Than 8 ft.,1,-9,-17,1,1,20180805,MIN,ATL,2018,1021800168209,9180,validated,,0,matched,playbyplayv2,1611661330,100944|200671|201480|202632|202658,complete,playbyplay_inferred,201881|203026|203410|204322|1628279,complete,playbyplay_inferred,1611661330,Atlanta Dream
Shot Chart Detail,1021800168,218,201881,Angel McCoughtry,1611661324,Minnesota Lynx,2,4,14,Made Shot,Jump Shot,3PT Field Goal,Above the Break 3,Center(C),16-24 ft.,22,8,226,1,1,20180805,MIN,ATL,2018,1021800168218,9460,validated,203026,1,matched,playbyplayv2,1611661330,101030|200671|201480|202632|202658,complete,playbyplay_inferred,201881|201904|203026|204322|1628279,complete,playbyplay_inferred,1611661330,Atlanta Dream
Shot Chart Detail,1021800168,224,201904,Renee Montgomery,1611661324,Minnesota Lynx,2,3,28,Made Shot,Driving Floating Bank Jump Shot,2PT Field Goal,Mid-Range,Right Side(R),8-16 ft.,15,140,66,1,1,20180805,MIN,ATL,2018,1021800168224,9920,validated,,0,matched,playbyplayv2,1611661330,101030|200671|201480|202632|202658,complete,playbyplay_inferred,201881|201904|203026|204322|1628279,complete,playbyplay_inferred,1611661330,Atlanta Dream
Shot Chart Detail,1021800168,231,203026,Tiffany Hayes,1611661324,Minnesota Lynx,2,2,51,Made Shot,Jump Shot,3PT Field Goal,Above the Break 3,Center(C),16-24 ft.,22,-60,221,1,1,20180805,MIN,ATL,2018,1021800168231,10290,validated,1628279,1,matched,playbyplayv2,1611661330,100915|101030|200671|201480|202632,complete,playbyplay_inferred,201881|201904|203026|204322|1628279,complete,playbyplay_inferred,1611661330,Atlanta Dream
Shot Chart Detail,1021800168,243,1628279,Brittney Sykes,1611661324,Minnesota Lynx,2,2,13,Made Shot,Jump Shot,3PT Field Goal,Right Corner 3,Right Side(R),24+ ft.,24,240,12,1,1,20180805,MIN,ATL,2018,1021800168243,10670,validated,201904,1,matched,playbyplayv2,1611661330,100915|101030|200671|201480|202632,complete,playbyplay_inferred,201904|202638|203026|1627677|1628279,complete,playbyplay_inferred,1611661330,Atlanta Dream
Shot Chart Detail,1021800168,250,202638,Jessica Breland,1611661324,Minnesota Lynx,2,1,28,Made Shot,Jump Shot,2PT Field Goal,Mid-Range,Center(C),8-16 ft.,15,-19,155,1,1,20180805,MIN,ATL,2018,1021800168250,11120,validated,1628279,1,matched,playbyplayv2,1611661330,100915|101030|200671|201480|202632,complete,playbyplay_inferred,201904|202638|203026|1627677|1628279,complete,playbyplay_inferred,1611661330,Atlanta Dream
Shot Chart Detail,1021800168,259,203026,Tiffany Hayes,1611661324,Minnesota Lynx,2,0,56,Made Shot,Jump Shot,3PT Field Goal,Above the Break 3,Left Side Center(LC),16-24 ft.,23,-185,147,1,1,20180805,MIN,ATL,2018,1021800168259,11440,validated,201904,1,matched,playbyplayv2,1611661330,100915|101030|200671|201480|202632,complete,playbyplay_inferred,201904|202638|203026|1627677|1628279,complete,playbyplay_inferred,1611661330,Atlanta Dream
Shot Chart Detail,1021800168,267,202638,Jessica Breland,1611661324,Minnesota Lynx,2,0,22,Missed Shot,Jump Shot,2PT Field Goal,Mid-Range,Left Side(L),8-16 ft.,14,-124,74,1,0,20180805,MIN,ATL,2018,1021800168267,11780,validated,,0,matched,playbyplayv2,1611661330,101030|200671|201480|202632|202658,complete,playbyplay_inferred,201904|202638|203026|1627677|1628279,complete,playbyplay_inferred,1611661330,Atlanta Dream
Shot Chart Detail,1021800168,295,201881,Angel McCoughtry,1611661324,Minnesota Lynx,3,8,40,Missed Shot,Jump Shot,2PT Field Goal,Mid-Range,Left Side(L),8-16 ft.,12,-91,83,1,0,20180805,MIN,ATL,2018,1021800168295,12800,validated,,0,matched,playbyplayv2,1611661330,100915|200671|201480|201503|202632,complete,playbyplay_inferred,201881|201904|202638|203026|204322,complete,playbyplay_inferred,1611661330,Atlanta Dream
Shot Chart Detail,1021800168,301,201881,Angel McCoughtry,1611661324,Minnesota Lynx,3,8,34,Missed Shot,Jump Shot,2PT Field Goal,Mid-Range,Left Side(L),8-16 ft.,15,-110,105,1,0,20180805,MIN,ATL,2018,1021800168301,12860,validated,,0,matched,playbyplayv2,1611661330,100915|200671|201480|201503|202632,complete,playbyplay_inferred,201881|201904|202638|203026|204322,complete,playbyplay_inferred,1611661330,Atlanta Dream
Shot Chart Detail,1021800168,305,203026,Tiffany Hayes,1611661324,Minnesota Lynx,3,8,16,Missed Shot,Jump Shot,3PT Field Goal,Above the Break 3,Right Side(R),24+ ft.,23,226,66,1,0,20180805,MIN,ATL,2018,1021800168305,13040,validated,,0,matched,playbyplayv2,1611661330,100915|200671|201480|201503|202632,complete,playbyplay_inferred,201881|201904|202638|203026|204322,complete,playbyplay_inferred,1611661330,Atlanta Dream
Shot Chart Detail,1021800168,307,202638,Jessica Breland,1611661324,Minnesota Lynx,3,8,13,Missed Shot,Jump Shot,2PT Field Goal,Mid-Range,Right Side(R),8-16 ft.,10,102,31,1,0,20180805,MIN,ATL,2018,1021800168307,13070,validated,,0,matched,playbyplayv2,1611661330,100915|200671|201480|201503|202632,complete,playbyplay_inferred,201881|201904|202638|203026|204322,complete,playbyplay_inferred,1611661330,Atlanta Dream
Shot Chart Detail,1021800168,310,204322,Elizabeth Williams,1611661324,Minnesota Lynx,3,8,8,Made Shot,Layup Shot,2PT Field Goal,Restricted Area,Center(C),Less Than 8 ft.,2,-13,22,1,1,20180805,MIN,ATL,2018,1021800168310,13120,validated,201904,1,matched,playbyplayv2,1611661330,100915|200671|201480|201503|202632,complete,playbyplay_inferred,201881|201904|202638|203026|204322,complete,playbyplay_inferred,1611661330,Atlanta Dream
Shot Chart Detail,1021800168,334,204322,Elizabeth Williams,1611661324,Minnesota Lynx,3,6,36,Missed Shot,Turnaround Hook Shot,2PT Field Goal,Mid-Range,Right Side(R),8-16 ft.,9,87,31,1,0,20180805,MIN,ATL,2018,1021800168334,14040,validated,,0,matched,playbyplayv2,1611661330,200671|201480|201503|202632|202658,complete,playbyplay_inferred,201881|201904|202638|203026|204322,complete,playbyplay_inferred,1611661330,Atlanta Dream
Shot Chart Detail,1021800168,344,201904,Renee Montgomery,1611661324,Minnesota Lynx,3,5,59,Missed Shot,Pullup Jump shot,3PT Field Goal,Above the Break 3,Right Side Center(RC),24+ ft.,24,109,218,1,0,20180805,MIN,ATL,2018,1021800168344,14410,validated,,0,matched,playbyplayv2,1611661330,200671|201480|201503|202632|202658,complete,playbyplay_inferred,201881|201904|202638|203026|204322,complete,playbyplay_inferred,1611661330,Atlanta Dream
Shot Chart Detail,1021800168,360,203026,Tiffany Hayes,1611661324,Minnesota Lynx,3,4,14,Missed Shot,Jump Shot,3PT Field Goal,Above the Break 3,Right Side(R),24+ ft.,23,226,49,1,0,20180805,MIN,ATL,2018,1021800168360,15460,validated,,0,matched,playbyplayv2,1611661330,200671|201480|202632|202658|1627701,complete,playbyplay_inferred,201904|202638|203026|204322|1628279,complete,playbyplay_inferred,1611661330,Atlanta Dream
Shot Chart Detail,1021800168,370,203026,Tiffany Hayes,1611661324,Minnesota Lynx,3,3,32,Made Shot,Jump Shot,3PT Field Goal,Above the Break 3,Left Side Center(LC),24+ ft.,24,-164,184,1,1,20180805,MIN,ATL,2018,1021800168370,15880,validated,1628279,1,matched,playbyplayv2,1611661330,101030|201480|202632|202658|1627701,complete,playbyplay_inferred,202638|203026|203410|204322|1628279,complete,playbyplay_inferred,1611661330,Atlanta Dream
Shot Chart Detail,1021800168,374,202638,Jessica Breland,1611661324,Minnesota Lynx,3,2,48,Made Shot,Driving Floating Bank Jump Shot,2PT Field Goal,In The Paint (Non-RA),Center(C),Less Than 8 ft.,7,75,22,1,1,20180805,MIN,ATL,2018,1021800168374,16320,validated,1628279,1,matched,playbyplayv2,1611661330,101030|201480|202632|202658|1627701,complete,playbyplay_inferred,202638|203026|203410|204322|1628279,complete,playbyplay_inferred,1611661330,Atlanta Dream
Shot Chart Detail,1021800168,385,203026,Tiffany Hayes,1611661324,Minnesota Lynx,3,2,1,Missed Shot,Driving Layup Shot,2PT Field Goal,In The Paint (Non-RA),Center(C),Less Than 8 ft.,6,11,68,1,0,20180805,MIN,ATL,2018,1021800168385,16790,validated,,0,matched,playbyplayv2,1611661330,101030|201480|202658|1627701|1628508,complete,playbyplay_inferred,201881|203026|203410|1627677|1628279,complete,playbyplay_inferred,1611661330,Atlanta Dream
Shot Chart Detail,1021800168,387,203410,Alex Bentley,1611661324,Minnesota Lynx,3,1,57,Missed Shot,Jump Shot,3PT Field Goal,Above the Break 3,Left Side Center(LC),24+ ft.,26,-154,216,1,0,20180805,MIN,ATL,2018,1021800168387,16830,validated,,0,matched,playbyplayv2,1611661330,101030|201480|202658|1627701|1628508,complete,playbyplay_inferred,201881|203026|203410|1627677|1628279,complete,playbyplay_inferred,1611661330,Atlanta Dream
Shot Chart Detail,1021800168,405,203410,Alex Bentley,1611661324,Minnesota Lynx,3,0,39,Missed Shot,Jump Shot,3PT Field Goal,Above the Break 3,Center(C),24+ ft.,25,-18,255,1,0,20180805,MIN,ATL,2018,1021800168405,17610,validated,,0,matched,playbyplayv2,1611661330,101030|201480|202658|1627701|1628508,complete,playbyplay_inferred,201881|203026|203410|1627677|1628279,complete,playbyplay_inferred,1611661330,Atlanta Dream
Shot Chart Detail,1021800168,407,1627677,Imani McGee-Stafford,1611661324,Minnesota Lynx,3,0,37,Made Shot,Putback Layup Shot,2PT Field Goal,Restricted Area,Center(C),Less Than 8 ft.,2,2,22,1,1,20180805,MIN,ATL,2018,1021800168407,17630,validated,,0,matched,playbyplayv2,1611661330,101030|201480|202658|1627701|1628508,complete,playbyplay_inferred,201881|203026|203410|1627677|1628279,complete,playbyplay_inferred,1611661330,Atlanta Dream
Shot Chart Detail,1021800168,423,201881,Angel McCoughtry,1611661324,Minnesota Lynx,4,9,49,Made Shot,Jump Shot,2PT Field Goal,Mid-Range,Right Side(R),8-16 ft.,12,126,9,1,1,20180805,MIN,ATL,2018,1021800168423,18110,validated,203410,1,matched,playbyplayv2,1611661330,200671|201480|201503|202632|202658,complete,playbyplay_inferred,201881|201904|203410|1627677|1628279,complete,playbyplay_inferred,1611661330,Atlanta Dream
Shot Chart Detail,1021800168,435,201881,Angel McCoughtry,1611661324,Minnesota Lynx,4,8,54,Missed Shot,Jump Shot,2PT Field Goal,Mid-Range,Right Side(R),8-16 ft.,9,99,12,1,0,20180805,MIN,ATL,2018,1021800168435,18660,validated,,0,matched,playbyplayv2,1611661330,200671|201480|201503|202632|202658,complete,playbyplay_inferred,201881|201904|203410|1627677|1628279,complete,playbyplay_inferred,1611661330,Atlanta Dream
Shot Chart Detail,1021800168,437,1627677,Imani McGee-Stafford,1611661324,Minnesota Lynx,4,8,52,Missed Shot,Putback Layup Shot,2PT Field Goal,Restricted Area,Center(C),Less Than 8 ft.,0,0,-6,1,0,20180805,MIN,ATL,2018,1021800168437,18680,validated,,0,matched,playbyplayv2,1611661330,200671|201480|201503|202632|202658,complete,playbyplay_inferred,201881|201904|203410|1627677|1628279,complete,playbyplay_inferred,1611661330,Atlanta Dream
Shot Chart Detail,1021800168,440,203410,Alex Bentley,1611661324,Minnesota Lynx,4,8,24,Made Shot,Jump Shot,2PT Field Goal,Mid-Range,Right Side(R),16-24 ft.,19,172,83,1,1,20180805,MIN,ATL,2018,1021800168440,18960,validated,1627677,1,matched,playbyplayv2,1611661330,200671|201480|201503|202632|202658,complete,playbyplay_inferred,201881|201904|203410|1627677|1628279,complete,playbyplay_inferred,1611661330,Atlanta Dream
Shot Chart Detail,1021800168,449,203410,Alex Bentley,1611661324,Minnesota Lynx,4,7,44,Made Shot,Jump Shot,3PT Field Goal,Above the Break 3,Left Side(L),24+ ft.,23,-230,34,1,1,20180805,MIN,ATL,2018,1021800168449,19360,validated,1627677,1,matched,playbyplayv2,1611661330,101030|200671|201480|201503|202632,complete,playbyplay_inferred,201881|201904|203410|1627677|1628279,complete,playbyplay_inferred,1611661330,Atlanta Dream
Shot Chart Detail,1021800168,456,1628279,Brittney Sykes,1611661324,Minnesota Lynx,4,6,51,Missed Shot,Jump Shot,3PT Field Goal,Above the Break 3,Right Side(R),24+ ft.,22,224,51,1,0,20180805,MIN,ATL,2018,1021800168456,19890,validated,,0,matched,playbyplayv2,1611661330,101030|200671|201480|201503|202632,complete,playbyplay_inferred,201881|201904|203410|1627677|1628279,complete,playbyplay_inferred,1611661330,Atlanta Dream
Shot Chart Detail,1021800168,458,201881,Angel McCoughtry,1611661324,Minnesota Lynx,4,6,36,Missed Shot,Jump Shot,3PT Field Goal,Above the Break 3,Left Side Center(LC),24+ ft.,25,-98,233,1,0,20180805,MIN,ATL,2018,1021800168458,20040,validated,,0,matched,playbyplayv2,1611661330,101030|200671|201480|201503|202632,complete,playbyplay_inferred,201881|201904|203410|1627677|1628279,complete,playbyplay_inferred,1611661330,Atlanta Dream
Shot Chart Detail,1021800168,462,1628279,Brittney Sykes,1611661324,Minnesota Lynx,4,6,18,Made Shot,Running Layup Shot,2PT Field Goal,Restricted Area,Center(C),Less Than 8 ft.,1,14,2,1,1,20180805,MIN,ATL,2018,1021800168462,20220,validated,201904,1,matched,playbyplayv2,1611661330,101030|200671|201480|201503|202632,complete,playbyplay_inferred,201881|201904|203410|1627677|1628279,complete,playbyplay_inferred,1611661330,Atlanta Dream
Shot Chart Detail,1021800168,483,204322,Elizabeth Williams,1611661324,Minnesota Lynx,4,5,24,Missed Shot,Layup Shot,2PT Field Goal,Restricted Area,Center(C),Less Than 8 ft.,1,14,12,1,0,20180805,MIN,ATL,2018,1021800168483,20760,validated,,0,matched,playbyplayv2,1611661330,101030|201480|201503|202632|1628508,complete,playbyplay_inferred,201904|202638|203026|203410|204322,complete,playbyplay_inferred,1611661330,Atlanta Dream
Shot Chart Detail,1021800168,488,203026,Tiffany Hayes,1611661324,Minnesota Lynx,4,4,50,Made Shot,Running Jump Shot,2PT Field Goal,In The Paint (Non-RA),Center(C),Less Than 8 ft.,4,-18,46,1,1,20180805,MIN,ATL,2018,1021800168488,21100,validated,,0,matched,playbyplayv2,1611661330,101030|201480|201503|202632|1628508,complete,playbyplay_inferred,201904|202638|203026|203410|204322,complete,playbyplay_inferred,1611661330,Atlanta Dream
Shot Chart Detail,1021800168,491,203026,Tiffany Hayes,1611661324,Minnesota Lynx,4,4,14,Missed Shot,Jump Shot,3PT Field Goal,Above the Break 3,Right Side(R),24+ ft.,22,226,29,1,0,20180805,MIN,ATL,2018,1021800168491,21460,validated,,0,matched,playbyplayv2,1611661330,101030|201480|201503|202632|1628508,complete,playbyplay_inferred,201904|202638|203026|203410|204322,complete,playbyplay_inferred,1611661330,Atlanta Dream
Shot Chart Detail,1021800168,493,202638,Jessica Breland,1611661324,Minnesota Lynx,4,4,10,Made Shot,Layup Shot,2PT Field Goal,Restricted Area,Center(C),Less Than 8 ft.,2,14,17,1,1,20180805,MIN,ATL,2018,1021800168493,21500,validated,204322,1,matched,playbyplayv2,1611661330,101030|201480|201503|202632|1628508,complete,playbyplay_inferred,201904|202638|203026|203410|204322,complete,playbyplay_inferred,1611661330,Atlanta Dream
Shot Chart Detail,1021800168,504,204322,Elizabeth Williams,1611661324,Minnesota Lynx,4,3,17,Missed Shot,Jump Shot,2PT Field Goal,Mid-Range,Right Side(R),8-16 ft.,14,141,19,1,0,20180805,MIN,ATL,2018,1021800168504,22030,validated,,0,matched,playbyplayv2,1611661330,101030|201503|202632|1627701|1628508,complete,playbyplay_inferred,201881|202638|203026|203410|204322,complete,playbyplay_inferred,1611661330,Atlanta Dream
Shot Chart Detail,1021800168,508,203026,Tiffany Hayes,1611661324,Minnesota Lynx,4,2,44,Made Shot,Jump Shot,3PT Field Goal,Above the Break 3,Left Side(L),16-24 ft.,23,-218,90,1,1,20180805,MIN,ATL,2018,1021800168508,22360,validated,203410,1,matched,playbyplayv2,1611661330,101030|201503|202632|1627701|1628508,complete,playbyplay_inferred,201881|202638|203026|203410|204322,complete,playbyplay_inferred,1611661330,Atlanta Dream
Shot Chart Detail,1021800168,512,203410,Alex Bentley,1611661324,Minnesota Lynx,4,2,16,Made Shot,Pullup Jump shot,2PT Field Goal,Mid-Range,Center(C),8-16 ft.,15,36,149,1,1,20180805,MIN,ATL,2018,1021800168512,22640,validated,,0,matched,playbyplayv2,1611661330,101030|201503|202632|1627701|1628508,complete,playbyplay_inferred,201881|202638|203026|203410|204322,complete,playbyplay_inferred,1611661330,Atlanta Dream
Shot Chart Detail,1021800168,529,203410,Alex Bentley,1611661324,Minnesota Lynx,4,1,44,Made Shot,Driving Floating Bank Jump Shot,2PT Field Goal,Mid-Range,Right Side(R),8-16 ft.,10,97,49,1,1,20180805,MIN,ATL,2018,1021800168529,22960,validated,,0,matched,playbyplayv2,1611661330,101030|1627701|1628283|1628508|1628866,complete,playbyplay_inferred,201881|203410|1627677|1628279|1628881,complete,playbyplay_inferred,1611661330,Atlanta Dream
Shot Chart Detail,1021800168,537,203410,Alex Bentley,1611661324,Minnesota Lynx,4,0,55,Made Shot,Jump Shot,3PT Field Goal,Above the Break 3,Center(C),24+ ft.,25,-54,248,1,1,20180805,MIN,ATL,2018,1021800168537,23450,validated,,0,matched,playbyplayv2,1611661330,101030|1627701|1628283|1628508|1628866,complete,playbyplay_inferred,203410|204355|1627677|1628279|1628881,complete,playbyplay_inferred,1611661330,Atlanta Dream
Shot Chart Detail,1021800168,540,204355,Blake Dietrick,1611661324,Minnesota Lynx,4,0,26,Missed Shot,Jump Shot,2PT Field Goal,Mid-Range,Left Side(L),16-24 ft.,20,-207,-13,1,0,20180805,MIN,ATL,2018,1021800168540,23740,validated,,0,matched,playbyplayv2,1611661330,101030|1627701|1628283|1628508|1628866,complete,playbyplay_inferred,203410|204355|1627677|1628279|1628881,complete,playbyplay_inferred,1611661330,Atlanta Dream
Shot Chart Detail,1021800168,542,1628279,Brittney Sykes,1611661324,Minnesota Lynx,4,0,13,Missed Shot,Jump Shot,3PT Field Goal,Above the Break 3,Right Side Center(RC),24+ ft.,25,97,231,1,0,20180805,MIN,ATL,2018,1021800168542,23870,validated,,0,matched,playbyplayv2,1611661330,101030|1627701|1628283|1628508|1628866,complete,playbyplay_inferred,203410|204355|1627677|1628279|1628881,complete,playbyplay_inferred,1611661330,Atlanta Dream
Shot Chart Detail,1021800172,7,201516,Allie Quigley,1611661324,Minnesota Lynx,1,9,42,Made Shot,Jump Shot,2PT Field Goal,Mid-Range,Right Side Center(RC),16-24 ft.,20,84,184,1,1,20180807,CHI,MIN,2018,10218001727,180,validated,1628931,1,matched,playbyplayv2,1611661329,200671|201480|202632|202658|1628508,complete,playbyplay_inferred,201516|202664|203828|1628890|1628931,complete,playbyplay_inferred,1611661329,Chicago Sky
Shot Chart Detail,1021800172,20,202664,Courtney Vandersloot,1611661324,Minnesota Lynx,1,8,22,Made Shot,Jump Shot,3PT Field Goal,Above the Break 3,Center(C),24+ ft.,24,22,248,1,1,20180807,CHI,MIN,2018,102180017220,980,validated,,0,matched,playbyplayv2,1611661329,200671|201480|202632|202658|1628508,complete,playbyplay_inferred,201516|202664|203828|1628890|1628931,complete,playbyplay_inferred,1611661329,Chicago Sky
Shot Chart Detail,1021800172,22,201516,Allie Quigley,1611661324,Minnesota Lynx,1,7,44,Made Shot,Jump Shot,3PT Field Goal,Above the Break 3,Right Side Center(RC),24+ ft.,25,142,206,1,1,20180807,CHI,MIN,2018,102180017222,1360,validated,203828,1,matched,playbyplayv2,1611661329,200671|201480|202632|202658|1628508,complete,playbyplay_inferred,201516|202664|203828|1628890|1628931,complete,playbyplay_inferred,1611661329,Chicago Sky
Shot Chart Detail,1021800172,25,201516,Allie Quigley,1611661324,Minnesota Lynx,1,7,15,Missed Shot,Jump Shot,2PT Field Goal,Mid-Range,Left Side(L),16-24 ft.,16,-160,10,1,0,20180807,CHI,MIN,2018,102180017225,1650,validated,,0,matched,playbyplayv2,1611661329,200671|201480|202632|202658|1628508,complete,playbyplay_inferred,201516|202664|203828|1628890|1628931,complete,playbyplay_inferred,1611661329,Chicago Sky
Shot Chart Detail,1021800172,31,201516,Allie Quigley,1611661324,Minnesota Lynx,1,6,55,Made Shot,Jump Shot,3PT Field Goal,Above the Break 3,Left Side Center(LC),24+ ft.,25,-135,215,1,1,20180807,CHI,MIN,2018,102180017231,1850,validated,202664,1,matched,playbyplayv2,1611661329,200671|201480|202632|202658|1628508,complete,playbyplay_inferred,201516|202664|203828|1628890|1628931,complete,playbyplay_inferred,1611661329,Chicago Sky
Shot Chart Detail,1021800172,35,201516,Allie Quigley,1611661324,Minnesota Lynx,1,6,27,Missed Shot,Jump Shot,2PT Field Goal,Mid-Range,Center(C),16-24 ft.,18,12,183,1,0,20180807,CHI,MIN,2018,102180017235,2130,validated,,0,matched,playbyplayv2,1611661329,200671|201480|202632|202658|1628508,complete,playbyplay_inferred,201516|202664|203828|1628890|1628931,complete,playbyplay_inferred,1611661329,Chicago Sky
Shot Chart Detail,1021800172,39,202664,Courtney Vandersloot,1611661324,Minnesota Lynx,1,6,8,Missed Shot,Jump Shot,3PT Field Goal,Above the Break 3,Center(C),16-24 ft.,23,2,233,1,0,20180807,CHI,MIN,2018,102180017239,2320,validated,,0,matched,playbyplayv2,1611661329,200671|201480|202632|202658|1628508,complete,playbyplay_inferred,201516|202664|203828|1628890|1628931,complete,playbyplay_inferred,1611661329,Chicago Sky
Shot Chart Detail,1021800172,43,1628890,Diamond DeShields,1611661324,Minnesota Lynx,1,5,47,Missed Shot,Driving Layup Shot,2PT Field Goal,In The Paint (Non-RA),Center(C),Less Than 8 ft.,4,37,20,1,0,20180807,CHI,MIN,2018,102180017243,2530,validated,,0,matched,playbyplayv2,1611661329,200671|201480|202632|202658|1628508,complete,playbyplay_inferred,201516|202664|203828|1628890|1628931,complete,playbyplay_inferred,1611661329,Chicago Sky
Shot Chart Detail,1021800172,70,204323,Cheyenne Parker-Tyus,1611661324,Minnesota Lynx,1,4,11,Made Shot,Cutting Layup Shot,2PT Field Goal,Restricted Area,Center(C),Less Than 8 ft.,1,12,9,1,1,20180807,CHI,MIN,2018,102180017270,3490,validated,202664,1,matched,playbyplayv2,1611661329,101030|201480|202632|202658|1627701,complete,playbyplay_inferred,201516|202664|204323|1628890|1628931,complete,playbyplay_inferred,1611661329,Chicago Sky
Shot Chart Detail,1021800172,77,202664,Courtney Vandersloot,1611661324,Minnesota Lynx,1,3,54,Made Shot,Jump Shot,3PT Field Goal,Above the Break 3,Left Side Center(LC),24+ ft.,24,-223,99,1,1,20180807,CHI,MIN,2018,102180017277,3660,validated,204323,1,matched,playbyplayv2,1611661329,101030|201480|202632|202658|1627701,complete,playbyplay_inferred,201516|202664|204323|1628268|1628890,complete,playbyplay_inferred,1611661329,Chicago Sky
Shot Chart Detail,1021800172,80,201516,Allie Quigley,1611661324,Minnesota Lynx,1,3,20,Made Shot,Jump Shot,2PT Field Goal,Mid-Range,Center(C),16-24 ft.,17,-44,168,1,1,20180807,CHI,MIN,2018,102180017280,4000,validated,,0,matched,playbyplayv2,1611661329,101030|201480|202632|202658|1627701,complete,playbyplay_inferred,201516|202664|204323|1628268|1628890,complete,playbyplay_inferred,1611661329,Chicago Sky
Shot Chart Detail,1021800172,89,1628890,Diamond DeShields,1611661324,Minnesota Lynx,1,2,48,Made Shot,Jump Shot,2PT Field Goal,Mid-Range,Right Side(R),8-16 ft.,12,108,66,1,1,20180807,CHI,MIN,2018,102180017289,4320,validated,,0,matched,playbyplayv2,1611661329,101030|201480|202632|202658|1627701,complete,playbyplay_inferred,202664|204323|1627674|1628268|1628890,complete,playbyplay_inferred,1611661329,Chicago Sky
Shot Chart Detail,1021800172,98,1627674,Kahleah Copper,1611661324,Minnesota Lynx,1,2,7,Missed Shot,Jump Shot,2PT Field Goal,Mid-Range,Right Side(R),8-16 ft.,13,131,28,1,0,20180807,CHI,MIN,2018,102180017298,4730,validated,,0,matched,playbyplayv2,1611661329,101030|201503|202632|202658|1627701,complete,playbyplay_inferred,202664|204323|1627674|1628268|1628890,complete,playbyplay_inferred,1611661329,Chicago Sky
Shot Chart Detail,1021800172,103,1628890,Diamond DeShields,1611661324,Minnesota Lynx,1,2,2,Missed Shot,Jump Shot,2PT Field Goal,Mid-Range,Left Side(L),16-24 ft.,17,-169,36,1,0,20180807,CHI,MIN,2018,1021800172103,4780,validated,,0,matched,playbyplayv2,1611661329,101030|200671|201503|202632|202658,complete,playbyplay_inferred,202664|204323|1627674|1628268|1628890,complete,playbyplay_inferred,1611661329,Chicago Sky
Shot Chart Detail,1021800172,105,1628890,Diamond DeShields,1611661324,Minnesota Lynx,1,1,57,Missed Shot,Jump Shot,2PT Field Goal,Mid-Range,Left Side(L),8-16 ft.,12,-122,22,1,0,20180807,CHI,MIN,2018,1021800172105,4830,validated,,0,matched,playbyplayv2,1611661329,101030|200671|201503|202632|202658,complete,playbyplay_inferred,202664|204323|1627674|1628268|1628890,complete,playbyplay_inferred,1611661329,Chicago Sky
Shot Chart Detail,1021800172,109,1628268,Alaina Coates,1611661324,Minnesota Lynx,1,1,33,Made Shot,Reverse Layup Shot,2PT Field Goal,In The Paint (Non-RA),Center(C),Less Than 8 ft.,4,-44,10,1,1,20180807,CHI,MIN,2018,1021800172109,5070,validated,202664,1,matched,playbyplayv2,1611661329,101030|200671|201503|202632|202658,complete,playbyplay_inferred,202664|204323|1627674|1628268|1628890,complete,playbyplay_inferred,1611661329,Chicago Sky
Shot Chart Detail,1021800172,113,1627674,Kahleah Copper,1611661324,Minnesota Lynx,1,1,3,Missed Shot,Driving Layup Shot,2PT Field Goal,Restricted Area,Center(C),Less Than 8 ft.,1,-2,10,1,0,20180807,CHI,MIN,2018,1021800172113,5370,validated,,0,matched,playbyplayv2,1611661329,101030|200671|201503|202632|202658,complete,playbyplay_inferred,202664|204323|1627674|1628268|1628890,complete,playbyplay_inferred,1611661329,Chicago Sky
Shot Chart Detail,1021800172,118,204323,Cheyenne Parker-Tyus,1611661324,Minnesota Lynx,1,0,38,Missed Shot,Layup Shot,2PT Field Goal,Restricted Area,Center(C),Less Than 8 ft.,1,-2,10,1,0,20180807,CHI,MIN,2018,1021800172118,5620,validated,,0,matched,playbyplayv2,1611661329,101030|200671|201503|202632|202658,complete,playbyplay_inferred,202664|204323|1627674|1628268|1628890,complete,playbyplay_inferred,1611661329,Chicago Sky
Shot Chart Detail,1021800172,120,1628890,Diamond DeShields,1611661324,Minnesota Lynx,1,0,34,Made Shot,Jump Shot,3PT Field Goal,Above the Break 3,Center(C),24+ ft.,24,25,244,1,1,20180807,CHI,MIN,2018,1021800172120,5660,validated,202664,1,matched,playbyplayv2,1611661329,101030|200671|201503|202632|202658,complete,playbyplay_inferred,202664|204323|1627674|1628268|1628890,complete,playbyplay_inferred,1611661329,Chicago Sky
Shot Chart Detail,1021800172,141,201516,Allie Quigley,1611661324,Minnesota Lynx,2,9,24,Missed Shot,Driving Floating Jump Shot,2PT Field Goal,In The Paint (Non-RA),Center(C),Less Than 8 ft.,6,-4,62,1,0,20180807,CHI,MIN,2018,1021800172141,6360,validated,,0,matched,playbyplayv2,1611661329,101030|200671|201503|202632|202658,complete,playbyplay_inferred,201516|203828|1627674|1628897|1628931,complete,playbyplay_inferred,1611661329,Chicago Sky
Shot Chart Detail,1021800172,144,1628897,Linnae Harper,1611661324,Minnesota Lynx,2,8,50,Missed Shot,Driving Layup Shot,2PT Field Goal,Restricted Area,Center(C),Less Than 8 ft.,2,-15,21,1,0,20180807,CHI,MIN,2018,1021800172144,6700,validated,,0,matched,playbyplayv2,1611661329,101030|200671|201503|202632|202658,complete,playbyplay_inferred,201516|203828|1627674|1628897|1628931,complete,playbyplay_inferred,1611661329,Chicago Sky
Shot Chart Detail,1021800172,147,203828,Stefanie Dolson,1611661324,Minnesota Lynx,2,8,29,Missed Shot,Jump Shot,3PT Field Goal,Above the Break 3,Left Side Center(LC),24+ ft.,24,-87,226,1,0,20180807,CHI,MIN,2018,1021800172147,6910,validated,,0,matched,playbyplayv2,1611661329,101030|200671|201503|202632|202658,complete,playbyplay_inferred,201516|203828|1627674|1628897|1628931,complete,playbyplay_inferred,1611661329,Chicago Sky
Shot Chart Detail,1021800172,160,203828,Stefanie Dolson,1611661324,Minnesota Lynx,2,7,52,Missed Shot,Jump Shot,2PT Field Goal,Mid-Range,Center(C),16-24 ft.,20,-24,200,1,0,20180807,CHI,MIN,2018,1021800172160,7280,validated,,0,matched,playbyplayv2,1611661329,101030|200671|201480|202632|1628508,complete,playbyplay_inferred,201516|202664|203828|1627674|1628931,complete,playbyplay_inferred,1611661329,Chicago Sky
Shot Chart Detail,1021800172,166,1628931,Gabby Williams,1611661324,Minnesota Lynx,2,7,12,Missed Shot,Jump Shot,3PT Field Goal,Above the Break 3,Right Side(R),16-24 ft.,23,213,103,1,0,20180807,CHI,MIN,2018,1021800172166,7680,validated,,0,matched,playbyplayv2,1611661329,101030|200671|201480|202632|1628508,complete,playbyplay_inferred,201516|202664|203828|1627674|1628931,complete,playbyplay_inferred,1611661329,Chicago Sky
Shot Chart Detail,1021800172,168,1627674,Kahleah Copper,1611661324,Minnesota Lynx,2,7,9,Missed Shot,Jump Shot,3PT Field Goal,Above the Break 3,Left Side Center(LC),24+ ft.,24,-186,155,1,0,20180807,CHI,MIN,2018,1021800172168,7710,validated,,0,matched,playbyplayv2,1611661329,101030|200671|201480|202632|1628508,complete,playbyplay_inferred,201516|202664|203828|1627674|1628931,complete,playbyplay_inferred,1611661329,Chicago Sky
Shot Chart Detail,1021800172,172,201516,Allie Quigley,1611661324,Minnesota Lynx,2,7,0,Missed Shot,Alley Oop Layup shot,2PT Field Goal,Restricted Area,Center(C),Less Than 8 ft.,2,-26,9,1,0,20180807,CHI,MIN,2018,1021800172172,7800,validated,,0,matched,playbyplayv2,1611661329,101030|200671|201480|202632|1628508,complete,playbyplay_inferred,201516|202664|203828|1627674|1628931,complete,playbyplay_inferred,1611661329,Chicago Sky
Shot Chart Detail,1021800172,174,1628931,Gabby Williams,1611661324,Minnesota Lynx,2,6,56,Made Shot,Putback Layup Shot,2PT Field Goal,Restricted Area,Center(C),Less Than 8 ft.,1,11,13,1,1,20180807,CHI,MIN,2018,1021800172174,7840,validated,,0,matched,playbyplayv2,1611661329,101030|200671|201480|202632|1628508,complete,playbyplay_inferred,201516|202664|203828|1627674|1628931,complete,playbyplay_inferred,1611661329,Chicago Sky
Shot Chart Detail,1021800172,195,202664,Courtney Vandersloot,1611661324,Minnesota Lynx,2,5,36,Missed Shot,Jump Shot,3PT Field Goal,Above the Break 3,Center(C),24+ ft.,25,0,253,1,0,20180807,CHI,MIN,2018,1021800172195,8640,validated,,0,matched,playbyplayv2,1611661329,200671|201480|202658|1627701|1628508,complete,playbyplay_inferred,201516|202664|203828|204323|1627674,complete,playbyplay_inferred,1611661329,Chicago Sky
Shot Chart Detail,1021800172,199,1627674,Kahleah Copper,1611661324,Minnesota Lynx,2,5,9,Made Shot,Layup Shot,2PT Field Goal,Restricted Area,Center(C),Less Than 8 ft.,1,-17,-4,1,1,20180807,CHI,MIN,2018,1021800172199,8910,validated,202664,1,matched,playbyplayv2,1611661329,200671|201480|202658|1627701|1628508,complete,playbyplay_inferred,201516|202664|203828|204323|1627674,complete,playbyplay_inferred,1611661329,Chicago Sky
Shot Chart Detail,1021800172,209,201516,Allie Quigley,1611661324,Minnesota Lynx,2,4,42,Missed Shot,Jump Shot,3PT Field Goal,Above the Break 3,Left Side Center(LC),24+ ft.,25,-181,174,1,0,20180807,CHI,MIN,2018,1021800172209,9180,validated,,0,matched,playbyplayv2,1611661329,201480|202658|1627701|1628283|1628508,complete,playbyplay_inferred,201516|202664|203828|204323|1627674,complete,playbyplay_inferred,1611661329,Chicago Sky
Shot Chart Detail,1021800172,211,204323,Cheyenne Parker-Tyus,1611661324,Minnesota Lynx,2,4,37,Missed Shot,Putback Layup Shot,2PT Field Goal,Restricted Area,Center(C),Less Than 8 ft.,2,8,20,1,0,20180807,CHI,MIN,2018,1021800172211,9230,validated,,0,matched,playbyplayv2,1611661329,201480|202658|1627701|1628283|1628508,complete,playbyplay_inferred,201516|202664|203828|204323|1627674,complete,playbyplay_inferred,1611661329,Chicago Sky
Shot Chart Detail,1021800172,250,202664,Courtney Vandersloot,1611661324,Minnesota Lynx,2,2,10,Missed Shot,Jump Shot,3PT Field Goal,Above the Break 3,Right Side Center(RC),24+ ft.,24,156,194,1,0,20180807,CHI,MIN,2018,1021800172250,10700,validated,,0,matched,playbyplayv2,1611661329,201480|201503|202632|202658|1628508,complete,playbyplay_inferred,201516|202664|203828|204323|1628890,complete,playbyplay_inferred,1611661329,Chicago Sky
Shot Chart Detail,1021800172,254,204323,Cheyenne Parker-Tyus,1611661324,Minnesota Lynx,2,1,41,Made Shot,Layup Shot,2PT Field Goal,Restricted Area,Center(C),Less Than 8 ft.,1,-11,10,1,1,20180807,CHI,MIN,2018,1021800172254,10990,validated,,0,matched,playbyplayv2,1611661329,201480|201503|202632|202658|1628508,complete,playbyplay_inferred,201516|202664|203828|204323|1628890,complete,playbyplay_inferred,1611661329,Chicago Sky
Shot Chart Detail,1021800172,258,202664,Courtney Vandersloot,1611661324,Minnesota Lynx,2,1,13,Missed Shot,Driving Layup Shot,2PT Field Goal,Restricted Area,Center(C),Less Than 8 ft.,1,11,-4,1,0,20180807,CHI,MIN,2018,1021800172258,11270,validated,,0,matched,playbyplayv2,1611661329,200671|201480|202632|202658|1628508,complete,playbyplay_inferred,201516|202664|203828|204323|1628890,complete,playbyplay_inferred,1611661329,Chicago Sky
Shot Chart Detail,1021800172,261,201516,Allie Quigley,1611661324,Minnesota Lynx,2,1,10,Made Shot,Jump Shot,2PT Field Goal,Mid-Range,Left Side(L),8-16 ft.,10,-104,12,1,1,20180807,CHI,MIN,2018,1021800172261,11300,validated,202664,1,matched,playbyplayv2,1611661329,200671|201480|202632|202658|1628508,complete,playbyplay_inferred,201516|202664|203828|204323|1628890,complete,playbyplay_inferred,1611661329,Chicago Sky
Shot Chart Detail,1021800172,273,202664,Courtney Vandersloot,1611661324,Minnesota Lynx,2,0,9,Missed Shot,Jump Shot,2PT Field Goal,Mid-Range,Left Side(L),8-16 ft.,14,-88,120,1,0,20180807,CHI,MIN,2018,1021800172273,11910,validated,,0,matched,playbyplayv2,1611661329,200671|201480|202632|202658|1628508,complete,playbyplay_inferred,201516|202664|203828|1628890|1628931,complete,playbyplay_inferred,1611661329,Chicago Sky
Shot Chart Detail,1021800172,293,203828,Stefanie Dolson,1611661324,Minnesota Lynx,3,8,25,Missed Shot,Jump Shot,2PT Field Goal,In The Paint (Non-RA),Center(C),Less Than 8 ft.,4,0,40,1,0,20180807,CHI,MIN,2018,1021800172293,12950,validated,,0,matched,playbyplayv2,1611661329,200671|201480|202632|202658|1628508,complete,playbyplay_inferred,201516|202664|203828|1628890|1628931,complete,playbyplay_inferred,1611661329,Chicago Sky
Shot Chart Detail,1021800172,303,201516,Allie Quigley,1611661324,Minnesota Lynx,3,8,3,Missed Shot,Jump Shot,3PT Field Goal,Above the Break 3,Right Side Center(RC),24+ ft.,25,110,228,1,0,20180807,CHI,MIN,2018,1021800172303,13170,validated,,0,matched,playbyplayv2,1611661329,200671|201480|202632|202658|1628508,complete,playbyplay_inferred,201516|202664|204323|1628890|1628931,complete,playbyplay_inferred,1611661329,Chicago Sky
Shot Chart Detail,1021800172,312,1628890,Diamond DeShields,1611661324,Minnesota Lynx,3,7,19,Missed Shot,Jump Shot,3PT Field Goal,Above the Break 3,Left Side Center(LC),24+ ft.,24,-96,228,1,0,20180807,CHI,MIN,2018,1021800172312,13610,validated,,0,matched,playbyplayv2,1611661329,200671|201480|202632|202658|1628508,complete,playbyplay_inferred,201516|202664|204323|1628890|1628931,complete,playbyplay_inferred,1611661329,Chicago Sky
Shot Chart Detail,1021800172,319,204323,Cheyenne Parker-Tyus,1611661324,Minnesota Lynx,3,6,48,Missed Shot,Layup Shot,2PT Field Goal,Restricted Area,Center(C),Less Than 8 ft.,2,-22,15,1,0,20180807,CHI,MIN,2018,1021800172319,13920,validated,,0,matched,playbyplayv2,1611661329,200671|201480|202632|202658|1628508,complete,playbyplay_inferred,201516|202664|203828|204323|1628931,complete,playbyplay_inferred,1611661329,Chicago Sky
Shot Chart Detail,1021800172,323,201516,Allie Quigley,1611661324,Minnesota Lynx,3,6,32,Made Shot,Jump Shot,2PT Field Goal,In The Paint (Non-RA),Center(C),Less Than 8 ft.,6,-63,-7,1,1,20180807,CHI,MIN,2018,1021800172323,14080,validated,,0,matched,playbyplayv2,1611661329,200671|201480|202632|202658|1628508,complete,playbyplay_inferred,201516|202664|203828|204323|1628931,complete,playbyplay_inferred,1611661329,Chicago Sky
Shot Chart Detail,1021800172,328,202664,Courtney Vandersloot,1611661324,Minnesota Lynx,3,5,54,Made Shot,Jump Shot,3PT Field Goal,Above the Break 3,Right Side(R),24+ ft.,23,221,66,1,1,20180807,CHI,MIN,2018,1021800172328,14460,validated,204323,1,matched,playbyplayv2,1611661329,200671|201480|202632|202658|1628508,complete,playbyplay_inferred,201516|202664|203828|204323|1628931,complete,playbyplay_inferred,1611661329,Chicago Sky
Shot Chart Detail,1021800172,338,201516,Allie Quigley,1611661324,Minnesota Lynx,3,5,17,Made Shot,Jump Shot,3PT Field Goal,Above the Break 3,Right Side Center(RC),24+ ft.,26,133,227,1,1,20180807,CHI,MIN,2018,1021800172338,14830,validated,,0,matched,playbyplayv2,1611661329,200671|201480|202632|202658|1628508,complete,playbyplay_inferred,201516|202664|203828|204323|1627674,complete,playbyplay_inferred,1611661329,Chicago Sky
Shot Chart Detail,1021800172,355,201516,Allie Quigley,1611661324,Minnesota Lynx,3,3,25,Made Shot,Jump Shot,3PT Field Goal,Above the Break 3,Left Side Center(LC),24+ ft.,24,-112,219,1,1,20180807,CHI,MIN,2018,1021800172355,15950,validated,202664,1,matched,playbyplayv2,1611661329,101030|200671|201480|202632|202658,complete,playbyplay_inferred,201516|202664|203828|1627674|1628931,complete,playbyplay_inferred,1611661329,Chicago Sky
Shot Chart Detail,1021800172,366,203828,Stefanie Dolson,1611661324,Minnesota Lynx,3,2,24,Missed Shot,Jump Shot,2PT Field Goal,Mid-Range,Center(C),16-24 ft.,20,28,203,1,0,20180807,CHI,MIN,2018,1021800172366,16560,validated,,0,matched,playbyplayv2,1611661329,101030|200671|201480|202632|202658,complete,playbyplay_inferred,201516|203828|1627674|1628897|1628931,complete,playbyplay_inferred,1611661329,Chicago Sky
Shot Chart Detail,1021800172,368,1627674,Kahleah Copper,1611661324,Minnesota Lynx,3,2,17,Missed Shot,Layup Shot,2PT Field Goal,Restricted Area,Center(C),Less Than 8 ft.,3,26,23,1,0,20180807,CHI,MIN,2018,1021800172368,16630,validated,,0,matched,playbyplayv2,1611661329,101030|200671|201480|202632|202658,complete,playbyplay_inferred,201516|203828|1627674|1628897|1628931,complete,playbyplay_inferred,1611661329,Chicago Sky
Shot Chart Detail,1021800172,380,1628931,Gabby Williams,1611661324,Minnesota Lynx,3,1,33,Missed Shot,Cutting Layup Shot,2PT Field Goal,In The Paint (Non-RA),Center(C),Less Than 8 ft.,4,35,22,1,0,20180807,CHI,MIN,2018,1021800172380,17070,validated,,0,matched,playbyplayv2,1611661329,101030|200671|201480|202632|1628508,complete,playbyplay_inferred,201516|203828|1627674|1628897|1628931,complete,playbyplay_inferred,1611661329,Chicago Sky
Shot Chart Detail,1021800172,382,1627674,Kahleah Copper,1611661324,Minnesota Lynx,3,1,30,Missed Shot,Jump Shot,2PT Field Goal,Mid-Range,Right Side(R),16-24 ft.,16,150,63,1,0,20180807,CHI,MIN,2018,1021800172382,17100,validated,,0,matched,playbyplayv2,1611661329,101030|200671|201480|202632|1628508,complete,playbyplay_inferred,201516|203828|1627674|1628897|1628931,complete,playbyplay_inferred,1611661329,Chicago Sky
Shot Chart Detail,1021800172,387,203828,Stefanie Dolson,1611661324,Minnesota Lynx,3,0,54,Missed Shot,Jump Shot,2PT Field Goal,Mid-Range,Left Side Center(LC),16-24 ft.,18,-78,163,1,0,20180807,CHI,MIN,2018,1021800172387,17460,validated,,0,matched,playbyplayv2,1611661329,101030|200671|201480|202632|1628508,complete,playbyplay_inferred,201516|203828|1627674|1628897|1628931,complete,playbyplay_inferred,1611661329,Chicago Sky
Shot Chart Detail,1021800172,396,1628890,Diamond DeShields,1611661324,Minnesota Lynx,3,0,22,Missed Shot,Jump Shot,2PT Field Goal,In The Paint (Non-RA),Left Side(L),8-16 ft.,10,-56,84,1,0,20180807,CHI,MIN,2018,1021800172396,17780,validated,,0,matched,playbyplayv2,1611661329,101030|200671|201480|202632|1628508,complete,playbyplay_inferred,201516|203828|1628890|1628897|1628931,complete,playbyplay_inferred,1611661329,Chicago Sky
Shot Chart Detail,1021800172,404,1628890,Diamond DeShields,1611661324,Minnesota Lynx,3,0,0,Missed Shot,Driving Layup Shot,2PT Field Goal,Restricted Area,Center(C),Less Than 8 ft.,2,-22,6,1,0,20180807,CHI,MIN,2018,1021800172404,18000,validated,,0,matched,playbyplayv2,1611661329,101030|200671|201503|202632|1628508,complete,playbyplay_inferred,201516|203828|1628890|1628897|1628931,complete,playbyplay_inferred,1611661329,Chicago Sky
Shot Chart Detail,1021800172,420,1628890,Diamond DeShields,1611661324,Minnesota Lynx,4,9,38,Missed Shot,Jump Shot,2PT Field Goal,In The Paint (Non-RA),Center(C),Less Than 8 ft.,6,-26,63,1,0,20180807,CHI,MIN,2018,1021800172420,18220,validated,,0,matched,playbyplayv2,1611661329,101030|200671|201503|202658|1628508,complete,playbyplay_inferred,202664|1628268|1628890|1628897|1628931,complete,playbyplay_inferred,1611661329,Chicago Sky
Shot Chart Detail,1021800172,425,202664,Courtney Vandersloot,1611661324,Minnesota Lynx,4,9,6,Missed Shot,Jump Shot,3PT Field Goal,Above the Break 3,Right Side Center(RC),24+ ft.,25,136,213,1,0,20180807,CHI,MIN,2018,1021800172425,18540,validated,,0,matched,playbyplayv2,1611661329,101030|200671|201503|202658|1628508,complete,playbyplay_inferred,202664|1627674|1628268|1628897|1628931,complete,playbyplay_inferred,1611661329,Chicago Sky
Shot Chart Detail,1021800172,453,203828,Stefanie Dolson,1611661324,Minnesota Lynx,4,7,41,Missed Shot,Jump Shot,2PT Field Goal,Mid-Range,Right Side Center(RC),16-24 ft.,19,76,179,1,0,20180807,CHI,MIN,2018,1021800172453,19390,validated,,0,matched,playbyplayv2,1611661329,101030|201480|202632|202658|1628508,complete,playbyplay_inferred,201516|202664|203828|1627674|1628931,complete,playbyplay_inferred,1611661329,Chicago Sky
Shot Chart Detail,1021800172,457,201516,Allie Quigley,1611661324,Minnesota Lynx,4,7,28,Missed Shot,Jump Shot,3PT Field Goal,Above the Break 3,Left Side Center(LC),24+ ft.,26,-119,232,1,0,20180807,CHI,MIN,2018,1021800172457,19520,validated,,0,matched,playbyplayv2,1611661329,101030|201480|202632|202658|1628508,complete,playbyplay_inferred,201516|202664|203828|1627674|1628931,complete,playbyplay_inferred,1611661329,Chicago Sky
Shot Chart Detail,1021800172,459,1627674,Kahleah Copper,1611661324,Minnesota Lynx,4,7,22,Missed Shot,Pullup Jump shot,2PT Field Goal,Mid-Range,Right Side(R),8-16 ft.,13,132,34,1,0,20180807,CHI,MIN,2018,1021800172459,19580,validated,,0,matched,playbyplayv2,1611661329,101030|201480|202632|202658|1628508,complete,playbyplay_inferred,201516|202664|203828|1627674|1628931,complete,playbyplay_inferred,1611661329,Chicago Sky
Shot Chart Detail,1021800172,469,1628931,Gabby Williams,1611661324,Minnesota Lynx,4,6,48,Missed Shot,Driving Layup Shot,2PT Field Goal,Restricted Area,Center(C),Less Than 8 ft.,2,-1,29,1,0,20180807,CHI,MIN,2018,1021800172469,19920,validated,,0,matched,playbyplayv2,1611661329,101030|201480|202632|202658|1628508,complete,playbyplay_inferred,201516|202664|204323|1627674|1628931,complete,playbyplay_inferred,1611661329,Chicago Sky
Shot Chart Detail,1021800172,473,204323,Cheyenne Parker-Tyus,1611661324,Minnesota Lynx,4,6,20,Missed Shot,Jump Shot,2PT Field Goal,Mid-Range,Right Side Center(RC),16-24 ft.,19,74,178,1,0,20180807,CHI,MIN,2018,1021800172473,20200,validated,,0,matched,playbyplayv2,1611661329,101030|201480|202632|202658|1628508,complete,playbyplay_inferred,201516|202664|204323|1627674|1628931,complete,playbyplay_inferred,1611661329,Chicago Sky
Shot Chart Detail,1021800172,481,202664,Courtney Vandersloot,1611661324,Minnesota Lynx,4,5,28,Made Shot,Driving Layup Shot,2PT Field Goal,Restricted Area,Center(C),Less Than 8 ft.,1,8,17,1,1,20180807,CHI,MIN,2018,1021800172481,20720,validated,1628931,1,matched,playbyplayv2,1611661329,101030|201480|202632|202658|1628508,complete,playbyplay_inferred,201516|202664|204323|1627674|1628931,complete,playbyplay_inferred,1611661329,Chicago Sky
Shot Chart Detail,1021800172,513,204323,Cheyenne Parker-Tyus,1611661324,Minnesota Lynx,4,3,39,Made Shot,Layup Shot,2PT Field Goal,Restricted Area,Center(C),Less Than 8 ft.,1,10,15,1,1,20180807,CHI,MIN,2018,1021800172513,21810,validated,1627674,1,matched,playbyplayv2,1611661329,101030|200671|201480|201503|202658,complete,playbyplay_inferred,201516|204323|1627674|1628897|1628931,complete,playbyplay_inferred,1611661329,Chicago Sky
Shot Chart Detail,1021800172,524,1628931,Gabby Williams,1611661324,Minnesota Lynx,4,3,7,Missed Shot,Jump Shot,2PT Field Goal,Mid-Range,Right Side(R),8-16 ft.,15,156,30,1,0,20180807,CHI,MIN,2018,1021800172524,22130,validated,,0,matched,playbyplayv2,1611661329,101030|201503|202658|1627701|1628283,complete,playbyplay_inferred,204323|1627674|1628268|1628897|1628931,complete,playbyplay_inferred,1611661329,Chicago Sky
Shot Chart Detail,1021800172,527,1628897,Linnae Harper,1611661324,Minnesota Lynx,4,2,42,Missed Shot,Jump Shot,3PT Field Goal,Above the Break 3,Center(C),24+ ft.,25,70,243,1,0,20180807,CHI,MIN,2018,1021800172527,22380,validated,,0,matched,playbyplayv2,1611661329,101030|201503|202658|1627701|1628283,complete,playbyplay_inferred,204323|1627674|1628268|1628897|1628931,complete,playbyplay_inferred,1611661329,Chicago Sky
Shot Chart Detail,1021800172,531,204323,Cheyenne Parker-Tyus,1611661324,Minnesota Lynx,4,2,19,Made Shot,Cutting Layup Shot,2PT Field Goal,Restricted Area,Center(C),Less Than 8 ft.,1,-4,15,1,1,20180807,CHI,MIN,2018,1021800172531,22610,validated,1628268,1,matched,playbyplayv2,1611661329,101030|201503|202658|1627701|1628283,complete,playbyplay_inferred,204323|1627674|1628268|1628897|1628931,complete,playbyplay_inferred,1611661329,Chicago Sky
Shot Chart Detail,1021800172,539,204323,Cheyenne Parker-Tyus,1611661324,Minnesota Lynx,4,1,42,Made Shot,Driving Layup Shot,2PT Field Goal,Restricted Area,Center(C),Less Than 8 ft.,2,4,22,1,1,20180807,CHI,MIN,2018,1021800172539,22980,validated,,0,matched,playbyplayv2,1611661329,101030|201503|1627701|1628283|1628508,complete,playbyplay_inferred,204323|1627674|1628268|1628897|1628931,complete,playbyplay_inferred,1611661329,Chicago Sky
Shot Chart Detail,1021800172,547,1628897,Linnae Harper,1611661324,Minnesota Lynx,4,1,13,Missed Shot,Jump Shot,2PT Field Goal,Mid-Range,Right Side(R),16-24 ft.,16,149,77,1,0,20180807,CHI,MIN,2018,1021800172547,23270,validated,,0,matched,playbyplayv2,1611661329,101030|1627701|1628283|1628508|1628866,complete,playbyplay_inferred,203838|1627674|1628268|1628897|1628931,complete,playbyplay_inferred,1611661329,Chicago Sky
Shot Chart Detail,1021800172,551,1628897,Linnae Harper,1611661324,Minnesota Lynx,4,0,33,Missed Shot,Jump Shot,3PT Field Goal,Above the Break 3,Left Side Center(LC),24+ ft.,25,-143,211,1,0,20180807,CHI,MIN,2018,1021800172551,23670,validated,,0,matched,playbyplayv2,1611661329,101030|1627701|1628283|1628508|1628866,complete,playbyplay_inferred,203838|1627674|1628268|1628897|1628931,complete,playbyplay_inferred,1611661329,Chicago Sky
Shot Chart Detail,1021800172,555,1628931,Gabby Williams,1611661324,Minnesota Lynx,4,0,11,Made Shot,Running Layup Shot,2PT Field Goal,Restricted Area,Center(C),Less Than 8 ft.,1,-2,14,1,1,20180807,CHI,MIN,2018,1021800172555,23890,validated,,0,matched,playbyplayv2,1611661329,101030|1627701|1628283|1628508|1628866,complete,playbyplay_inferred,203838|1627674|1628268|1628897|1628931,complete,playbyplay_inferred,1611661329,Chicago Sky
Shot Chart Detail,1021800178,7,202670,Carolyn Swords,1611661324,Minnesota Lynx,1,9,46,Missed Shot,Cutting Layup Shot,2PT Field Goal,Mid-Range,Left Side(L),8-16 ft.,11,-110,27,1,0,20180809,LVA,MIN,2018,10218001787,140,validated,,0,matched,playbyplayv2,1611661319,200671|201480|202632|202658|1628508,complete,playbyplay_inferred,201477|202670|203825|1628276|1628932,complete,playbyplay_inferred,1611661319,Las Vegas Aces
Shot Chart Detail,1021800178,13,1628932,A'ja Wilson,1611661324,Minnesota Lynx,1,9,12,Missed Shot,Turnaround Jump Shot,2PT Field Goal,Mid-Range,Right Side(R),8-16 ft.,13,134,32,1,0,20180809,LVA,MIN,2018,102180017813,480,validated,,0,matched,playbyplayv2,1611661319,200671|201480|202632|202658|1628508,complete,playbyplay_inferred,201477|202670|203825|1628276|1628932,complete,playbyplay_inferred,1611661319,Las Vegas Aces
Shot Chart Detail,1021800178,17,201477,Tamera Young,1611661324,Minnesota Lynx,1,8,57,Made Shot,Driving Layup Shot,2PT Field Goal,Restricted Area,Center(C),Less Than 8 ft.,2,-9,18,1,1,20180809,LVA,MIN,2018,102180017817,630,validated,,0,matched,playbyplayv2,1611661319,200671|201480|202632|202658|1628508,complete,playbyplay_inferred,201477|202670|203825|1628276|1628932,complete,playbyplay_inferred,1611661319,Las Vegas Aces
Shot Chart Detail,1021800178,22,202670,Carolyn Swords,1611661324,Minnesota Lynx,1,8,15,Made Shot,Jump Shot,2PT Field Goal,Mid-Range,Right Side(R),8-16 ft.,12,102,65,1,1,20180809,LVA,MIN,2018,102180017822,1050,validated,201477,1,matched,playbyplayv2,1611661319,200671|201480|202632|202658|1628508,complete,playbyplay_inferred,201477|202670|203825|1628276|1628932,complete,playbyplay_inferred,1611661319,Las Vegas Aces
Shot Chart Detail,1021800178,28,203825,Kayla McBride,1611661324,Minnesota Lynx,1,7,30,Missed Shot,Pullup Jump shot,2PT Field Goal,Mid-Range,Left Side Center(LC),16-24 ft.,19,-74,183,1,0,20180809,LVA,MIN,2018,102180017828,1500,validated,,0,matched,playbyplayv2,1611661319,200671|201480|202632|202658|1628508,complete,playbyplay_inferred,201477|202670|203825|1628276|1628932,complete,playbyplay_inferred,1611661319,Las Vegas Aces
Shot Chart Detail,1021800178,39,201477,Tamera Young,1611661324,Minnesota Lynx,1,6,48,Made Shot,Jump Shot,3PT Field Goal,Above the Break 3,Left Side Center(LC),24+ ft.,28,-135,246,1,1,20180809,LVA,MIN,2018,102180017839,1920,validated,1628276,1,matched,playbyplayv2,1611661319,200671|201480|202632|202658|1628508,complete,playbyplay_inferred,201477|202670|203825|1628276|1628932,complete,playbyplay_inferred,1611661319,Las Vegas Aces
Shot Chart Detail,1021800178,54,202670,Carolyn Swords,1611661324,Minnesota Lynx,1,5,55,Missed Shot,Hook Shot,2PT Field Goal,Mid-Range,Left Side(L),8-16 ft.,11,-109,40,1,0,20180809,LVA,MIN,2018,102180017854,2450,validated,,0,matched,playbyplayv2,1611661319,101030|200671|201480|202632|202658,complete,playbyplay_inferred,201477|202670|203825|1628276|1628932,complete,playbyplay_inferred,1611661319,Las Vegas Aces
Shot Chart Detail,1021800178,59,201477,Tamera Young,1611661324,Minnesota Lynx,1,5,24,Missed Shot,Pullup Jump shot,2PT Field Goal,Mid-Range,Left Side Center(LC),16-24 ft.,17,-89,146,1,0,20180809,LVA,MIN,2018,102180017859,2760,validated,,0,matched,playbyplayv2,1611661319,101030|200671|201480|202632|202658,complete,playbyplay_inferred,201477|202670|203825|1628276|1628932,complete,playbyplay_inferred,1611661319,Las Vegas Aces
Shot Chart Detail,1021800178,67,202670,Carolyn Swords,1611661324,Minnesota Lynx,1,4,52,Made Shot,Layup Shot,2PT Field Goal,Mid-Range,Left Side(L),8-16 ft.,9,-89,40,1,1,20180809,LVA,MIN,2018,102180017867,3080,validated,203825,1,matched,playbyplayv2,1611661319,101030|200671|202632|202658|1627701,complete,playbyplay_inferred,201477|202670|203825|1628276|1628932,complete,playbyplay_inferred,1611661319,Las Vegas Aces
Shot Chart Detail,1021800178,71,1628932,A'ja Wilson,1611661324,Minnesota Lynx,1,4,30,Missed Shot,Layup Shot,2PT Field Goal,Mid-Range,Left Side(L),8-16 ft.,13,-132,16,1,0,20180809,LVA,MIN,2018,102180017871,3300,validated,,0,matched,playbyplayv2,1611661319,101030|200671|202632|202658|1627701,complete,playbyplay_inferred,201477|202670|203825|1628276|1628932,complete,playbyplay_inferred,1611661319,Las Vegas Aces
Shot Chart Detail,1021800178,73,1628932,A'ja Wilson,1611661324,Minnesota Lynx,1,4,25,Missed Shot,Layup Shot,2PT Field Goal,Mid-Range,Right Side(R),8-16 ft.,15,143,48,1,0,20180809,LVA,MIN,2018,102180017873,3350,validated,,0,matched,playbyplayv2,1611661319,101030|200671|202632|202658|1627701,complete,playbyplay_inferred,201477|202670|203825|1628276|1628932,complete,playbyplay_inferred,1611661319,Las Vegas Aces
Shot Chart Detail,1021800178,81,1628932,A'ja Wilson,1611661324,Minnesota Lynx,1,4,4,Missed Shot,Driving Layup Shot,2PT Field Goal,In The Paint (Non-RA),Center(C),Less Than 8 ft.,7,-39,64,1,0,20180809,LVA,MIN,2018,102180017881,3560,validated,,0,matched,playbyplayv2,1611661319,101030|200671|202632|202658|1627701,complete,playbyplay_inferred,201477|203825|204324|1628276|1628932,complete,playbyplay_inferred,1611661319,Las Vegas Aces
Shot Chart Detail,1021800178,89,201477,Tamera Young,1611661324,Minnesota Lynx,1,3,38,Made Shot,Pullup Jump shot,2PT Field Goal,Mid-Range,Left Side(L),8-16 ft.,14,-144,32,1,1,20180809,LVA,MIN,2018,102180017889,3820,validated,204324,1,matched,playbyplayv2,1611661319,101030|202632|202658|1627701|1628508,complete,playbyplay_inferred,201477|203825|204324|1628276|1628932,complete,playbyplay_inferred,1611661319,Las Vegas Aces
Shot Chart Detail,1021800178,99,204324,Dearica Hamby,1611661324,Minnesota Lynx,1,2,37,Missed Shot,Driving Layup Shot,2PT Field Goal,Mid-Range,Right Side(R),8-16 ft.,12,102,76,1,0,20180809,LVA,MIN,2018,102180017899,4430,validated,,0,matched,playbyplayv2,1611661319,101030|202632|202658|1627701|1628508,complete,playbyplay_inferred,201477|203825|204324|1628276|1628932,complete,playbyplay_inferred,1611661319,Las Vegas Aces
Shot Chart Detail,1021800178,104,201477,Tamera Young,1611661324,Minnesota Lynx,1,2,14,Made Shot,Jump Shot,2PT Field Goal,Mid-Range,Left Side(L),8-16 ft.,15,-128,91,1,1,20180809,LVA,MIN,2018,1021800178104,4660,validated,203825,1,matched,playbyplayv2,1611661319,101030|202632|202658|1627701|1628508,complete,playbyplay_inferred,201477|203825|204324|1628276|1628932,complete,playbyplay_inferred,1611661319,Las Vegas Aces
Shot Chart Detail,1021800178,111,203825,Kayla McBride,1611661324,Minnesota Lynx,1,0,58,Missed Shot,Jump Shot,3PT Field Goal,Above the Break 3,Left Side Center(LC),24+ ft.,25,-170,185,1,0,20180809,LVA,MIN,2018,1021800178111,5420,validated,,0,matched,playbyplayv2,1611661319,101030|202632|202658|1627701|1628508,complete,playbyplay_inferred,201477|203825|204324|1628276|1628932,complete,playbyplay_inferred,1611661319,Las Vegas Aces
Shot Chart Detail,1021800178,163,1627669,Moriah Jefferson,1611661324,Minnesota Lynx,2,9,5,Missed Shot,Pullup Jump shot,2PT Field Goal,Mid-Range,Left Side Center(LC),16-24 ft.,16,-117,114,1,0,20180809,LVA,MIN,2018,1021800178163,6550,validated,,0,matched,playbyplayv2,1611661319,101030|200671|201480|1627701|1628508,complete,playbyplay_inferred,202670|1627669|1628269|1628276|1628932,complete,playbyplay_inferred,1611661319,Las Vegas Aces
Shot Chart Detail,1021800178,165,1628276,Kelsey Plum,1611661324,Minnesota Lynx,2,8,58,Made Shot,Pullup Jump shot,2PT Field Goal,Mid-Range,Center(C),16-24 ft.,19,3,197,1,1,20180809,LVA,MIN,2018,1021800178165,6620,validated,,0,matched,playbyplayv2,1611661319,101030|200671|201480|1627701|1628508,complete,playbyplay_inferred,202670|1627669|1628269|1628276|1628932,complete,playbyplay_inferred,1611661319,Las Vegas Aces
Shot Chart Detail,1021800178,169,1627669,Moriah Jefferson,1611661324,Minnesota Lynx,2,8,33,Missed Shot,Jump Shot,3PT Field Goal,Above the Break 3,Left Side Center(LC),24+ ft.,26,-181,187,1,0,20180809,LVA,MIN,2018,1021800178169,6870,validated,,0,matched,playbyplayv2,1611661319,101030|200671|201480|1627701|1628508,complete,playbyplay_inferred,202670|1627669|1628269|1628276|1628932,complete,playbyplay_inferred,1611661319,Las Vegas Aces
Shot Chart Detail,1021800178,187,1628276,Kelsey Plum,1611661324,Minnesota Lynx,2,7,29,Made Shot,Driving Layup Shot,2PT Field Goal,In The Paint (Non-RA),Center(C),Less Than 8 ft.,7,72,4,1,1,20180809,LVA,MIN,2018,1021800178187,7510,validated,,0,matched,playbyplayv2,1611661319,200671|201480|202632|202658|1627701,complete,playbyplay_inferred,202670|203825|1628269|1628276|1628932,complete,playbyplay_inferred,1611661319,Las Vegas Aces
Shot Chart Detail,1021800178,190,203825,Kayla McBride,1611661324,Minnesota Lynx,2,7,0,Made Shot,Jump Shot,3PT Field Goal,Above the Break 3,Left Side Center(LC),24+ ft.,27,-181,204,1,1,20180809,LVA,MIN,2018,1021800178190,7800,validated,1628276,1,matched,playbyplayv2,1611661319,200671|201480|202632|202658|1627701,complete,playbyplay_inferred,202670|203825|1628269|1628276|1628932,complete,playbyplay_inferred,1611661319,Las Vegas Aces
Shot Chart Detail,1021800178,194,1628276,Kelsey Plum,1611661324,Minnesota Lynx,2,6,30,Missed Shot,Driving Layup Shot,2PT Field Goal,In The Paint (Non-RA),Center(C),8-16 ft.,12,-48,114,1,0,20180809,LVA,MIN,2018,1021800178194,8100,validated,,0,matched,playbyplayv2,1611661319,200671|201480|202632|202658|1627701,complete,playbyplay_inferred,202670|203825|1628269|1628276|1628932,complete,playbyplay_inferred,1611661319,Las Vegas Aces
Shot Chart Detail,1021800178,198,1628276,Kelsey Plum,1611661324,Minnesota Lynx,2,6,18,Missed Shot,Jump Shot,3PT Field Goal,Above the Break 3,Left Side(L),24+ ft.,23,-235,43,1,0,20180809,LVA,MIN,2018,1021800178198,8220,validated,,0,matched,playbyplayv2,1611661319,200671|201480|202632|202658|1627701,complete,playbyplay_inferred,202670|203825|1628269|1628276|1628932,complete,playbyplay_inferred,1611661319,Las Vegas Aces
Shot Chart Detail,1021800178,213,201477,Tamera Young,1611661324,Minnesota Lynx,2,5,38,Made Shot,Cutting Layup Shot,2PT Field Goal,In The Paint (Non-RA),Center(C),Less Than 8 ft.,7,77,-9,1,1,20180809,LVA,MIN,2018,1021800178213,8620,validated,1628263,1,matched,playbyplayv2,1611661319,101030|200671|201480|202632|1628508,complete,playbyplay_inferred,201477|202670|203825|1628263|1628932,complete,playbyplay_inferred,1611661319,Las Vegas Aces
Shot Chart Detail,1021800178,221,201477,Tamera Young,1611661324,Minnesota Lynx,2,4,40,Missed Shot,Pullup Jump shot,2PT Field Goal,Mid-Range,Left Side(L),8-16 ft.,14,-132,64,1,0,20180809,LVA,MIN,2018,1021800178221,9200,validated,,0,matched,playbyplayv2,1611661319,101030|200671|201480|202632|1628508,complete,playbyplay_inferred,201477|202670|203825|1628263|1628932,complete,playbyplay_inferred,1611661319,Las Vegas Aces
Shot Chart Detail,1021800178,225,203825,Kayla McBride,1611661324,Minnesota Lynx,2,4,33,Missed Shot,Pullup Jump shot,3PT Field Goal,Above the Break 3,Right Side Center(RC),24+ ft.,24,126,215,1,0,20180809,LVA,MIN,2018,1021800178225,9270,validated,,0,matched,playbyplayv2,1611661319,101030|200671|201480|202632|1628508,complete,playbyplay_inferred,201477|202670|203825|1628263|1628932,complete,playbyplay_inferred,1611661319,Las Vegas Aces
Shot Chart Detail,1021800178,227,1628263,Lindsay Allen,1611661324,Minnesota Lynx,2,4,18,Missed Shot,Jump Shot,2PT Field Goal,Mid-Range,Left Side(L),8-16 ft.,14,-141,40,1,0,20180809,LVA,MIN,2018,1021800178227,9420,validated,,0,matched,playbyplayv2,1611661319,101030|200671|201480|202632|1628508,complete,playbyplay_inferred,201477|202670|203825|1628263|1628932,complete,playbyplay_inferred,1611661319,Las Vegas Aces
Shot Chart Detail,1021800178,242,201477,Tamera Young,1611661324,Minnesota Lynx,2,3,23,Missed Shot,Pullup Jump shot,2PT Field Goal,Mid-Range,Right Side Center(RC),16-24 ft.,18,117,145,1,0,20180809,LVA,MIN,2018,1021800178242,9970,validated,,0,matched,playbyplayv2,1611661319,101030|200671|201480|201503|202632,complete,playbyplay_inferred,201477|202670|203825|1627669|1628932,complete,playbyplay_inferred,1611661319,Las Vegas Aces
Shot Chart Detail,1021800178,246,203825,Kayla McBride,1611661324,Minnesota Lynx,2,2,58,Missed Shot,Jump Shot,3PT Field Goal,Above the Break 3,Left Side Center(LC),24+ ft.,26,-85,254,1,0,20180809,LVA,MIN,2018,1021800178246,10220,validated,,0,matched,playbyplayv2,1611661319,101030|200671|201480|201503|202632,complete,playbyplay_inferred,201477|202670|203825|1627669|1628932,complete,playbyplay_inferred,1611661319,Las Vegas Aces
Shot Chart Detail,1021800178,253,1628932,A'ja Wilson,1611661324,Minnesota Lynx,2,2,30,Made Shot,Pullup Jump shot,2PT Field Goal,Mid-Range,Left Side(L),8-16 ft.,15,-120,98,1,1,20180809,LVA,MIN,2018,1021800178253,10500,validated,,0,matched,playbyplayv2,1611661319,101030|200671|201480|201503|202632,complete,playbyplay_inferred,201477|202670|203825|1627669|1628932,complete,playbyplay_inferred,1611661319,Las Vegas Aces
Shot Chart Detail,1021800178,267,201477,Tamera Young,1611661324,Minnesota Lynx,2,1,18,Made Shot,Jump Shot,2PT Field Goal,Mid-Range,Right Side(R),16-24 ft.,17,158,65,1,1,20180809,LVA,MIN,2018,1021800178267,11220,validated,1627669,1,matched,playbyplayv2,1611661319,101030|200671|201480|201503|202632,complete,playbyplay_inferred,201477|202670|203825|1627669|1628932,complete,playbyplay_inferred,1611661319,Las Vegas Aces
Shot Chart Detail,1021800178,277,1628932,A'ja Wilson,1611661324,Minnesota Lynx,2,0,40,Missed Shot,Jump Shot,2PT Field Goal,Mid-Range,Right Side Center(RC),16-24 ft.,16,71,154,1,0,20180809,LVA,MIN,2018,1021800178277,11600,validated,,0,matched,playbyplayv2,1611661319,101030|200671|201480|201503|202632,complete,playbyplay_inferred,202670|203825|1628276|1628913|1628932,complete,playbyplay_inferred,1611661319,Las Vegas Aces
Shot Chart Detail,1021800178,291,1628276,Kelsey Plum,1611661324,Minnesota Lynx,3,9,16,Missed Shot,Jump Shot,3PT Field Goal,Above the Break 3,Center(C),24+ ft.,24,-24,242,1,0,20180809,LVA,MIN,2018,1021800178291,12440,validated,,0,matched,playbyplayv2,1611661319,101030|200671|201480|202632|1628508,complete,playbyplay_inferred,201477|202670|203825|1628276|1628932,complete,playbyplay_inferred,1611661319,Las Vegas Aces
Shot Chart Detail,1021800178,295,203825,Kayla McBride,1611661324,Minnesota Lynx,3,8,54,Missed Shot,Jump Shot,3PT Field Goal,Above the Break 3,Left Side(L),24+ ft.,23,-221,70,1,0,20180809,LVA,MIN,2018,1021800178295,12660,validated,,0,matched,playbyplayv2,1611661319,101030|200671|201480|202632|1628508,complete,playbyplay_inferred,201477|202670|203825|1628276|1628932,complete,playbyplay_inferred,1611661319,Las Vegas Aces
Shot Chart Detail,1021800178,298,202670,Carolyn Swords,1611661324,Minnesota Lynx,3,8,27,Made Shot,Driving Reverse Layup Shot,2PT Field Goal,In The Paint (Non-RA),Center(C),Less Than 8 ft.,7,77,-4,1,1,20180809,LVA,MIN,2018,1021800178298,12930,validated,201477,1,matched,playbyplayv2,1611661319,101030|200671|201480|202632|1628508,complete,playbyplay_inferred,201477|202670|203825|1628276|1628932,complete,playbyplay_inferred,1611661319,Las Vegas Aces
Shot Chart Detail,1021800178,307,202670,Carolyn Swords,1611661324,Minnesota Lynx,3,7,28,Made Shot,Cutting Layup Shot,2PT Field Goal,Mid-Range,Right Side(R),8-16 ft.,11,113,29,1,1,20180809,LVA,MIN,2018,1021800178307,13520,validated,201477,1,matched,playbyplayv2,1611661319,101030|200671|201480|202632|1628508,complete,playbyplay_inferred,201477|202670|203825|1628276|1628932,complete,playbyplay_inferred,1611661319,Las Vegas Aces
Shot Chart Detail,1021800178,311,201477,Tamera Young,1611661324,Minnesota Lynx,3,6,54,Missed Shot,Driving Layup Shot,2PT Field Goal,Mid-Range,Left Side(L),8-16 ft.,13,-135,-13,1,0,20180809,LVA,MIN,2018,1021800178311,13860,validated,,0,matched,playbyplayv2,1611661319,101030|200671|201480|202632|1628508,complete,playbyplay_inferred,201477|202670|203825|1628276|1628932,complete,playbyplay_inferred,1611661319,Las Vegas Aces
Shot Chart Detail,1021800178,316,203825,Kayla McBride,1611661324,Minnesota Lynx,3,6,27,Made Shot,Driving Layup Shot,2PT Field Goal,Mid-Range,Right Side(R),8-16 ft.,14,135,63,1,1,20180809,LVA,MIN,2018,1021800178316,14130,validated,,0,matched,playbyplayv2,1611661319,101030|200671|201480|202632|1628508,complete,playbyplay_inferred,201477|202670|203825|1628276|1628932,complete,playbyplay_inferred,1611661319,Las Vegas Aces
Shot Chart Detail,1021800178,318,1628932,A'ja Wilson,1611661324,Minnesota Lynx,3,5,55,Made Shot,Driving Layup Shot,2PT Field Goal,Mid-Range,Left Side(L),16-24 ft.,18,-167,72,1,1,20180809,LVA,MIN,2018,1021800178318,14450,validated,201477,1,matched,playbyplayv2,1611661319,101030|200671|201480|202632|1628508,complete,playbyplay_inferred,201477|202670|203825|1628276|1628932,complete,playbyplay_inferred,1611661319,Las Vegas Aces
Shot Chart Detail,1021800178,322,1628932,A'ja Wilson,1611661324,Minnesota Lynx,3,5,41,Missed Shot,Driving Layup Shot,2PT Field Goal,Mid-Range,Right Side(R),8-16 ft.,12,119,28,1,0,20180809,LVA,MIN,2018,1021800178322,14590,validated,,0,matched,playbyplayv2,1611661319,101030|200671|201480|202632|1628508,complete,playbyplay_inferred,201477|202670|203825|1628276|1628932,complete,playbyplay_inferred,1611661319,Las Vegas Aces
Shot Chart Detail,1021800178,334,1628932,A'ja Wilson,1611661324,Minnesota Lynx,3,5,10,Missed Shot,Driving Layup Shot,2PT Field Goal,In The Paint (Non-RA),Right Side(R),8-16 ft.,9,72,67,1,0,20180809,LVA,MIN,2018,1021800178334,14900,validated,,0,matched,playbyplayv2,1611661319,101030|200671|201480|201503|202632,complete,playbyplay_inferred,201477|203825|1628276|1628917|1628932,complete,playbyplay_inferred,1611661319,Las Vegas Aces
Shot Chart Detail,1021800178,343,1628932,A'ja Wilson,1611661324,Minnesota Lynx,3,4,40,Made Shot,Jump Shot,2PT Field Goal,Mid-Range,Center(C),16-24 ft.,18,9,180,1,1,20180809,LVA,MIN,2018,1021800178343,15200,validated,203825,1,matched,playbyplayv2,1611661319,101030|200671|201480|201503|202632,complete,playbyplay_inferred,201477|203825|1627669|1628917|1628932,complete,playbyplay_inferred,1611661319,Las Vegas Aces
Shot Chart Detail,1021800178,350,201477,Tamera Young,1611661324,Minnesota Lynx,3,4,2,Missed Shot,Pullup Jump shot,2PT Field Goal,Mid-Range,Right Side Center(RC),16-24 ft.,17,116,137,1,0,20180809,LVA,MIN,2018,1021800178350,15580,validated,,0,matched,playbyplayv2,1611661319,101030|200671|201480|201503|202632,complete,playbyplay_inferred,201477|203825|1627669|1628917|1628932,complete,playbyplay_inferred,1611661319,Las Vegas Aces
Shot Chart Detail,1021800178,354,203825,Kayla McBride,1611661324,Minnesota Lynx,3,3,31,Made Shot,Floating Jump shot,2PT Field Goal,Mid-Range,Right Side(R),8-16 ft.,15,131,90,1,1,20180809,LVA,MIN,2018,1021800178354,15890,validated,,0,matched,playbyplayv2,1611661319,101030|200671|201480|201503|202632,complete,playbyplay_inferred,201477|203825|1627669|1628917|1628932,complete,playbyplay_inferred,1611661319,Las Vegas Aces
Shot Chart Detail,1021800178,356,203825,Kayla McBride,1611661324,Minnesota Lynx,3,3,3,Missed Shot,Jump Shot,2PT Field Goal,Mid-Range,Right Side Center(RC),16-24 ft.,16,75,145,1,0,20180809,LVA,MIN,2018,1021800178356,16170,validated,,0,matched,playbyplayv2,1611661319,101030|200671|201480|201503|202632,complete,playbyplay_inferred,201477|203825|1627669|1628917|1628932,complete,playbyplay_inferred,1611661319,Las Vegas Aces
Shot Chart Detail,1021800178,366,1628932,A'ja Wilson,1611661324,Minnesota Lynx,3,2,31,Missed Shot,Turnaround Jump Shot,2PT Field Goal,Mid-Range,Right Side(R),8-16 ft.,13,121,66,1,0,20180809,LVA,MIN,2018,1021800178366,16490,validated,,0,matched,playbyplayv2,1611661319,101030|201480|201503|202632|1628508,complete,playbyplay_inferred,201477|1627669|1628276|1628917|1628932,complete,playbyplay_inferred,1611661319,Las Vegas Aces
Shot Chart Detail,1021800178,389,1628932,A'ja Wilson,1611661324,Minnesota Lynx,3,0,29,Missed Shot,Jump Shot,2PT Field Goal,Mid-Range,Center(C),16-24 ft.,18,39,181,1,0,20180809,LVA,MIN,2018,1021800178389,17710,validated,,0,matched,playbyplayv2,1611661319,101030|201480|201503|202632|1628508,complete,playbyplay_inferred,204324|1627669|1628269|1628276|1628932,complete,playbyplay_inferred,1611661319,Las Vegas Aces
Shot Chart Detail,1021800178,403,1628276,Kelsey Plum,1611661324,Minnesota Lynx,4,9,43,Made Shot,Step Back Jump shot,3PT Field Goal,Above the Break 3,Left Side Center(LC),24+ ft.,24,-125,211,1,1,20180809,LVA,MIN,2018,1021800178403,18170,validated,,0,matched,playbyplayv2,1611661319,101030|201480|201503|202632|1628508,complete,playbyplay_inferred,202670|203825|204324|1627669|1628276,complete,playbyplay_inferred,1611661319,Las Vegas Aces
Shot Chart Detail,1021800178,406,204324,Dearica Hamby,1611661324,Minnesota Lynx,4,9,11,Made Shot,Jump Shot,3PT Field Goal,Above the Break 3,Center(C),24+ ft.,24,-71,234,1,1,20180809,LVA,MIN,2018,1021800178406,18490,validated,1628276,1,matched,playbyplayv2,1611661319,101030|201480|201503|202632|1628508,complete,playbyplay_inferred,202670|203825|204324|1627669|1628276,complete,playbyplay_inferred,1611661319,Las Vegas Aces
Shot Chart Detail,1021800178,419,204324,Dearica Hamby,1611661324,Minnesota Lynx,4,8,17,Missed Shot,Pullup Jump shot,2PT Field Goal,Mid-Range,Center(C),16-24 ft.,19,55,186,1,0,20180809,LVA,MIN,2018,1021800178419,19030,validated,,0,matched,playbyplayv2,1611661319,101030|201480|201503|202632|1628508,complete,playbyplay_inferred,201477|202670|204324|1627669|1628276,complete,playbyplay_inferred,1611661319,Las Vegas Aces
Shot Chart Detail,1021800178,421,201477,Tamera Young,1611661324,Minnesota Lynx,4,8,0,Missed Shot,Jump Shot,3PT Field Goal,Above the Break 3,Left Side Center(LC),24+ ft.,24,-207,129,1,0,20180809,LVA,MIN,2018,1021800178421,19200,validated,,0,matched,playbyplayv2,1611661319,101030|201480|201503|202632|1628508,complete,playbyplay_inferred,201477|202670|204324|1627669|1628276,complete,playbyplay_inferred,1611661319,Las Vegas Aces
Shot Chart Detail,1021800178,425,1628276,Kelsey Plum,1611661324,Minnesota Lynx,4,7,41,Made Shot,Driving Layup Shot,2PT Field Goal,In The Paint (Non-RA),Center(C),Less Than 8 ft.,5,-20,52,1,1,20180809,LVA,MIN,2018,1021800178425,19390,validated,,0,matched,playbyplayv2,1611661319,101030|201480|201503|202632|1628508,complete,playbyplay_inferred,201477|202670|204324|1627669|1628276,complete,playbyplay_inferred,1611661319,Las Vegas Aces
Shot Chart Detail,1021800178,433,1628932,A'ja Wilson,1611661324,Minnesota Lynx,4,7,4,Made Shot,Cutting Layup Shot,2PT Field Goal,Mid-Range,Left Side(L),8-16 ft.,12,-113,41,1,1,20180809,LVA,MIN,2018,1021800178433,19760,validated,202670,1,matched,playbyplayv2,1611661319,101030|200671|201480|201503|202632,complete,playbyplay_inferred,201477|202670|204324|1628276|1628932,complete,playbyplay_inferred,1611661319,Las Vegas Aces
Shot Chart Detail,1021800178,443,1628932,A'ja Wilson,1611661324,Minnesota Lynx,4,6,17,Missed Shot,Pullup Jump shot,2PT Field Goal,Mid-Range,Center(C),16-24 ft.,17,20,169,1,0,20180809,LVA,MIN,2018,1021800178443,20230,validated,,0,matched,playbyplayv2,1611661319,101030|200671|201480|201503|202632,complete,playbyplay_inferred,201477|202670|204324|1628276|1628932,complete,playbyplay_inferred,1611661319,Las Vegas Aces
Shot Chart Detail,1021800178,451,204324,Dearica Hamby,1611661324,Minnesota Lynx,4,5,40,Missed Shot,Layup Shot,2PT Field Goal,In The Paint (Non-RA),Center(C),Less Than 8 ft.,4,-42,7,1,0,20180809,LVA,MIN,2018,1021800178451,20600,validated,,0,matched,playbyplayv2,1611661319,101030|200671|201480|201503|202632,complete,playbyplay_inferred,201477|202670|204324|1628276|1628932,complete,playbyplay_inferred,1611661319,Las Vegas Aces
Shot Chart Detail,1021800178,456,1628932,A'ja Wilson,1611661324,Minnesota Lynx,4,5,8,Missed Shot,Turnaround Jump Shot,2PT Field Goal,Mid-Range,Right Side(R),8-16 ft.,14,120,86,1,0,20180809,LVA,MIN,2018,1021800178456,20920,validated,,0,matched,playbyplayv2,1611661319,101030|200671|201480|201503|202632,complete,playbyplay_inferred,201477|202670|203825|1628276|1628932,complete,playbyplay_inferred,1611661319,Las Vegas Aces
Shot Chart Detail,1021800178,465,1628276,Kelsey Plum,1611661324,Minnesota Lynx,4,4,20,Made Shot,Jump Shot,2PT Field Goal,Mid-Range,Right Side(R),8-16 ft.,13,119,68,1,1,20180809,LVA,MIN,2018,1021800178465,21400,validated,,0,matched,playbyplayv2,1611661319,101030|200671|201480|201503|202632,complete,playbyplay_inferred,201477|202670|203825|1628276|1628932,complete,playbyplay_inferred,1611661319,Las Vegas Aces
Shot Chart Detail,1021800178,470,201477,Tamera Young,1611661324,Minnesota Lynx,4,3,57,Missed Shot,Layup Shot,2PT Field Goal,Mid-Range,Right Side(R),8-16 ft.,10,100,38,1,0,20180809,LVA,MIN,2018,1021800178470,21630,validated,,0,matched,playbyplayv2,1611661319,101030|200671|201480|201503|202632,complete,playbyplay_inferred,201477|202670|203825|1628276|1628932,complete,playbyplay_inferred,1611661319,Las Vegas Aces
Shot Chart Detail,1021800178,475,1628932,A'ja Wilson,1611661324,Minnesota Lynx,4,3,26,Missed Shot,Jump Shot,2PT Field Goal,Mid-Range,Left Side(L),8-16 ft.,13,-98,97,1,0,20180809,LVA,MIN,2018,1021800178475,21940,validated,,0,matched,playbyplayv2,1611661319,101030|200671|201480|201503|202632,complete,playbyplay_inferred,201477|202670|203825|1628276|1628932,complete,playbyplay_inferred,1611661319,Las Vegas Aces
Shot Chart Detail,1021800178,494,204324,Dearica Hamby,1611661324,Minnesota Lynx,4,2,10,Missed Shot,Jump Shot,3PT Field Goal,Above the Break 3,Left Side Center(LC),24+ ft.,27,-147,234,1,0,20180809,LVA,MIN,2018,1021800178494,22700,validated,,0,matched,playbyplayv2,1611661319,101030|200671|201480|201503|202632,complete,playbyplay_inferred,204324|1628269|1628276|1628913|1628917,complete,playbyplay_inferred,1611661319,Las Vegas Aces
Shot Chart Detail,1021800178,507,1628269,Nia Coffey,1611661324,Minnesota Lynx,4,1,46,Missed Shot,Layup Shot,2PT Field Goal,Mid-Range,Left Side(L),8-16 ft.,11,-113,13,1,0,20180809,LVA,MIN,2018,1021800178507,22940,validated,,0,matched,playbyplayv2,1611661319,101030|201503|1627701|1628283|1628508,complete,playbyplay_inferred,204324|1627669|1628269|1628913|1628917,complete,playbyplay_inferred,1611661319,Las Vegas Aces
Shot Chart Detail,1021800178,509,1628913,Jaime Nared,1611661324,Minnesota Lynx,4,1,38,Made Shot,Jump Shot,3PT Field Goal,Above the Break 3,Right Side Center(RC),24+ ft.,25,169,194,1,1,20180809,LVA,MIN,2018,1021800178509,23020,validated,1628917,1,matched,playbyplayv2,1611661319,101030|201503|1627701|1628283|1628508,complete,playbyplay_inferred,204324|1627669|1628269|1628913|1628917,complete,playbyplay_inferred,1611661319,Las Vegas Aces
Shot Chart Detail,1021800178,515,1628917,JiSu Park,1611661324,Minnesota Lynx,4,0,58,Missed Shot,Jump Shot,2PT Field Goal,In The Paint (Non-RA),Center(C),8-16 ft.,14,49,133,1,0,20180809,LVA,MIN,2018,1021800178515,23420,validated,,0,matched,playbyplayv2,1611661319,101030|201503|1627701|1628283|1628508,complete,playbyplay_inferred,204324|1627669|1628269|1628913|1628917,complete,playbyplay_inferred,1611661319,Las Vegas Aces
Shot Chart Detail,1021800178,519,1627669,Moriah Jefferson,1611661324,Minnesota Lynx,4,0,30,Missed Shot,Pullup Jump shot,2PT Field Goal,In The Paint (Non-RA),Center(C),8-16 ft.,14,58,130,1,0,20180809,LVA,MIN,2018,1021800178519,23700,validated,,0,matched,playbyplayv2,1611661319,101030|201503|1627701|1628283|1628508,complete,playbyplay_inferred,204324|1627669|1628269|1628913|1628917,complete,playbyplay_inferred,1611661319,Las Vegas Aces
Shot Chart Detail,1021800187,7,204319,Jewell Loyd,1611661324,Minnesota Lynx,1,9,41,Missed Shot,Jump Shot,3PT Field Goal,Above the Break 3,Left Side Center(LC),16-24 ft.,23,-108,211,1,0,20180812,MIN,SEA,2018,10218001877,190,validated,,0,matched,playbyplayv2,1611661328,101030|200671|201480|202632|1628508,complete,playbyplay_inferred,100720|202252|203827|204319|1627668,complete,playbyplay_inferred,1611661328,Seattle Storm
Shot Chart Detail,1021800187,9,203827,Natasha Howard,1611661324,Minnesota Lynx,1,9,35,Made Shot,Putback Layup Shot,2PT Field Goal,Restricted Area,Center(C),Less Than 8 ft.,1,-14,-11,1,1,20180812,MIN,SEA,2018,10218001879,250,validated,,0,matched,playbyplayv2,1611661328,101030|200671|201480|202632|1628508,complete,playbyplay_inferred,100720|202252|203827|204319|1627668,complete,playbyplay_inferred,1611661328,Seattle Storm
Shot Chart Detail,1021800187,12,1627668,Breanna Stewart,1611661324,Minnesota Lynx,1,9,9,Made Shot,Running Layup Shot,2PT Field Goal,Restricted Area,Center(C),Less Than 8 ft.,0,-3,9,1,1,20180812,MIN,SEA,2018,102180018712,510,validated,100720,1,matched,playbyplayv2,1611661328,101030|200671|201480|202632|1628508,complete,playbyplay_inferred,100720|202252|203827|204319|1627668,complete,playbyplay_inferred,1611661328,Seattle Storm
Shot Chart Detail,1021800187,17,1627668,Breanna Stewart,1611661324,Minnesota Lynx,1,8,43,Missed Shot,Turnaround Jump Shot,2PT Field Goal,Mid-Range,Left Side Center(LC),16-24 ft.,17,-105,146,1,0,20180812,MIN,SEA,2018,102180018717,770,validated,,0,matched,playbyplayv2,1611661328,101030|200671|201480|202632|1628508,complete,playbyplay_inferred,100720|202252|203827|204319|1627668,complete,playbyplay_inferred,1611661328,Seattle Storm
Shot Chart Detail,1021800187,21,100720,Sue Bird,1611661324,Minnesota Lynx,1,8,11,Made Shot,Jump Shot,3PT Field Goal,Above the Break 3,Right Side Center(RC),24+ ft.,24,215,118,1,1,20180812,MIN,SEA,2018,102180018721,1090,validated,,0,matched,playbyplayv2,1611661328,101030|200671|201480|202632|1628508,complete,playbyplay_inferred,100720|202252|203827|204319|1627668,complete,playbyplay_inferred,1611661328,Seattle Storm
Shot Chart Detail,1021800187,24,1627668,Breanna Stewart,1611661324,Minnesota Lynx,1,7,28,Made Shot,Turnaround Fadeaway shot,2PT Field Goal,Mid-Range,Left Side(L),8-16 ft.,9,-93,-26,1,1,20180812,MIN,SEA,2018,102180018724,1520,validated,202252,1,matched,playbyplayv2,1611661328,101030|200671|201480|202632|1628508,complete,playbyplay_inferred,100720|202252|203827|204319|1627668,complete,playbyplay_inferred,1611661328,Seattle Storm
Shot Chart Detail,1021800187,28,204319,Jewell Loyd,1611661324,Minnesota Lynx,1,7,0,Made Shot,Driving Layup Shot,2PT Field Goal,Restricted Area,Center(C),Less Than 8 ft.,2,26,-4,1,1,20180812,MIN,SEA,2018,102180018728,1800,validated,,0,matched,playbyplayv2,1611661328,101030|200671|201480|202632|1628508,complete,playbyplay_inferred,100720|202252|203827|204319|1627668,complete,playbyplay_inferred,1611661328,Seattle Storm
Shot Chart Detail,1021800187,30,204319,Jewell Loyd,1611661324,Minnesota Lynx,1,6,22,Missed Shot,Jump Shot,2PT Field Goal,Mid-Range,Right Side(R),16-24 ft.,18,182,-30,1,0,20180812,MIN,SEA,2018,102180018730,2180,validated,,0,matched,playbyplayv2,1611661328,101030|200671|201480|202632|1628508,complete,playbyplay_inferred,100720|202252|203827|204319|1627668,complete,playbyplay_inferred,1611661328,Seattle Storm
Shot Chart Detail,1021800187,34,204319,Jewell Loyd,1611661324,Minnesota Lynx,1,5,51,Missed Shot,Step Back Jump shot,2PT Field Goal,Mid-Range,Left Side Center(LC),16-24 ft.,19,-71,183,1,0,20180812,MIN,SEA,2018,102180018734,2490,validated,,0,matched,playbyplayv2,1611661328,101030|200671|201480|202632|1628508,complete,playbyplay_inferred,100720|202252|203827|204319|1627668,complete,playbyplay_inferred,1611661328,Seattle Storm
Shot Chart Detail,1021800187,37,1627668,Breanna Stewart,1611661324,Minnesota Lynx,1,5,34,Missed Shot,Jump Shot,2PT Field Goal,In The Paint (Non-RA),Center(C),8-16 ft.,13,-9,133,1,0,20180812,MIN,SEA,2018,102180018737,2660,validated,,0,matched,playbyplayv2,1611661328,101030|200671|201480|202632|1628508,complete,playbyplay_inferred,100720|202252|203827|204319|1627668,complete,playbyplay_inferred,1611661328,Seattle Storm
Shot Chart Detail,1021800187,65,203827,Natasha Howard,1611661324,Minnesota Lynx,1,3,25,Made Shot,Jump Shot,3PT Field Goal,Above the Break 3,Right Side Center(RC),16-24 ft.,23,174,160,1,1,20180812,MIN,SEA,2018,102180018765,3950,validated,100720,1,matched,playbyplayv2,1611661328,100915|101030|201480|202632|1628508,complete,playbyplay_inferred,100720|202252|203827|204319|1627668,complete,playbyplay_inferred,1611661328,Seattle Storm
Shot Chart Detail,1021800187,69,100720,Sue Bird,1611661324,Minnesota Lynx,1,3,8,Missed Shot,Pullup Jump shot,2PT Field Goal,Mid-Range,Left Side(L),8-16 ft.,9,-82,49,1,0,20180812,MIN,SEA,2018,102180018769,4120,validated,,0,matched,playbyplayv2,1611661328,100915|101030|201480|202632|1628508,complete,playbyplay_inferred,100720|202252|203827|204319|1627668,complete,playbyplay_inferred,1611661328,Seattle Storm
Shot Chart Detail,1021800187,74,204319,Jewell Loyd,1611661324,Minnesota Lynx,1,2,39,Missed Shot,Jump Shot,3PT Field Goal,Above the Break 3,Left Side Center(LC),24+ ft.,24,-206,128,1,0,20180812,MIN,SEA,2018,102180018774,4410,validated,,0,matched,playbyplayv2,1611661328,100915|101030|201480|202632|1628508,complete,playbyplay_inferred,100720|202252|203827|204319|1627668,complete,playbyplay_inferred,1611661328,Seattle Storm
Shot Chart Detail,1021800187,135,1627668,Breanna Stewart,1611661324,Minnesota Lynx,1,1,52,Missed Shot,Floating Jump shot,2PT Field Goal,In The Paint (Non-RA),Center(C),Less Than 8 ft.,7,-52,50,1,0,20180812,MIN,SEA,2018,1021800187135,4880,validated,,0,matched,playbyplayv2,1611661328,100915|200671|201480|201503|202632,complete,playbyplay_inferred,202252|203827|204321|1627668|1628886,complete,playbyplay_inferred,1611661328,Seattle Storm
Shot Chart Detail,1021800187,95,1627668,Breanna Stewart,1611661324,Minnesota Lynx,1,1,45,Made Shot,Hook Shot,2PT Field Goal,In The Paint (Non-RA),Center(C),Less Than 8 ft.,6,25,55,1,1,20180812,MIN,SEA,2018,102180018795,4950,validated,201518,1,matched,playbyplayv2,1611661328,100915|200671|201480|201503|1628283,complete,playbyplay_inferred,201518|202252|204321|1627668|1628886,complete,playbyplay_inferred,1611661328,Seattle Storm
Shot Chart Detail,1021800187,102,204321,Kaleena Mosqueda-Lewis,1611661324,Minnesota Lynx,1,1,4,Missed Shot,Driving Layup Shot,2PT Field Goal,In The Paint (Non-RA),Center(C),Less Than 8 ft.,4,42,9,1,0,20180812,MIN,SEA,2018,1021800187102,5360,validated,,0,matched,playbyplayv2,1611661328,100915|200671|201480|201503|1628283,complete,playbyplay_inferred,201518|202252|204321|1627668|1628886,complete,playbyplay_inferred,1611661328,Seattle Storm
Shot Chart Detail,1021800187,106,204321,Kaleena Mosqueda-Lewis,1611661324,Minnesota Lynx,1,0,40,Missed Shot,Jump Shot,3PT Field Goal,Left Corner 3,Left Side(L),24+ ft.,23,-234,-3,1,0,20180812,MIN,SEA,2018,1021800187106,5600,validated,,0,matched,playbyplayv2,1611661328,100915|200671|201480|201503|1628283,complete,playbyplay_inferred,201518|202252|204321|1627668|1628886,complete,playbyplay_inferred,1611661328,Seattle Storm
Shot Chart Detail,1021800187,110,1628886,Jordin Canada,1611661324,Minnesota Lynx,1,0,4,Made Shot,Driving Layup Shot,2PT Field Goal,In The Paint (Non-RA),Center(C),Less Than 8 ft.,4,-46,6,1,1,20180812,MIN,SEA,2018,1021800187110,5960,validated,,0,matched,playbyplayv2,1611661328,100915|200671|201480|201503|1628283,complete,playbyplay_inferred,201518|202252|204321|1627668|1628886,complete,playbyplay_inferred,1611661328,Seattle Storm
Shot Chart Detail,1021800187,168,1628886,Jordin Canada,1611661324,Minnesota Lynx,2,9,22,Missed Shot,Finger Roll Layup Shot,2PT Field Goal,In The Paint (Non-RA),Center(C),Less Than 8 ft.,6,4,61,1,0,20180812,MIN,SEA,2018,1021800187168,6380,validated,,0,matched,playbyplayv2,1611661328,101030|200671|201503|1627701|1628283,complete,playbyplay_inferred,201518|201907|204321|1628244|1628886,complete,playbyplay_inferred,1611661328,Seattle Storm
Shot Chart Detail,1021800187,128,1628886,Jordin Canada,1611661324,Minnesota Lynx,2,9,7,Missed Shot,Jump Shot,3PT Field Goal,Above the Break 3,Left Side Center(LC),24+ ft.,25,-217,139,1,0,20180812,MIN,SEA,2018,1021800187128,6530,validated,,0,matched,playbyplayv2,1611661328,101030|200671|201503|1627701|1628283,complete,playbyplay_inferred,201518|201907|204321|1628244|1628886,complete,playbyplay_inferred,1611661328,Seattle Storm
Shot Chart Detail,1021800187,132,1628886,Jordin Canada,1611661324,Minnesota Lynx,2,8,51,Made Shot,Driving Layup Shot,2PT Field Goal,Restricted Area,Center(C),Less Than 8 ft.,3,-35,-14,1,1,20180812,MIN,SEA,2018,1021800187132,6690,validated,,0,matched,playbyplayv2,1611661328,101030|200671|201503|1627701|1628283,complete,playbyplay_inferred,201518|201907|204321|1628244|1628886,complete,playbyplay_inferred,1611661328,Seattle Storm
Shot Chart Detail,1021800187,137,1628244,Sami Whitcomb,1611661324,Minnesota Lynx,2,8,21,Missed Shot,Jump Shot,3PT Field Goal,Above the Break 3,Right Side Center(RC),24+ ft.,24,226,90,1,0,20180812,MIN,SEA,2018,1021800187137,6990,validated,,0,matched,playbyplayv2,1611661328,101030|200671|201503|1627701|1628283,complete,playbyplay_inferred,201518|201907|204321|1628244|1628886,complete,playbyplay_inferred,1611661328,Seattle Storm
Shot Chart Detail,1021800187,146,204321,Kaleena Mosqueda-Lewis,1611661324,Minnesota Lynx,2,7,58,Missed Shot,Jump Shot,2PT Field Goal,Mid-Range,Center(C),16-24 ft.,17,13,173,1,0,20180812,MIN,SEA,2018,1021800187146,7220,validated,,0,matched,playbyplayv2,1611661328,101030|200671|201480|201503|202632,complete,playbyplay_inferred,201518|201907|204321|1628244|1628886,complete,playbyplay_inferred,1611661328,Seattle Storm
Shot Chart Detail,1021800187,152,204321,Kaleena Mosqueda-Lewis,1611661324,Minnesota Lynx,2,7,30,Missed Shot,Driving Layup Shot,2PT Field Goal,In The Paint (Non-RA),Center(C),Less Than 8 ft.,6,-64,-3,1,0,20180812,MIN,SEA,2018,1021800187152,7500,validated,,0,matched,playbyplayv2,1611661328,101030|200671|201480|201503|202632,complete,playbyplay_inferred,201518|201907|204321|1628244|1628886,complete,playbyplay_inferred,1611661328,Seattle Storm
Shot Chart Detail,1021800187,159,1628886,Jordin Canada,1611661324,Minnesota Lynx,2,7,18,Missed Shot,Jump Shot,3PT Field Goal,Above the Break 3,Right Side Center(RC),24+ ft.,24,196,140,1,0,20180812,MIN,SEA,2018,1021800187159,7620,validated,,0,matched,playbyplayv2,1611661328,101030|200671|201480|202632|1628508,complete,playbyplay_inferred,201518|201907|202252|1628244|1628886,complete,playbyplay_inferred,1611661328,Seattle Storm
Shot Chart Detail,1021800187,163,1628244,Sami Whitcomb,1611661324,Minnesota Lynx,2,6,41,Missed Shot,Jump Shot,3PT Field Goal,Above the Break 3,Right Side Center(RC),24+ ft.,26,113,242,1,0,20180812,MIN,SEA,2018,1021800187163,7990,validated,,0,matched,playbyplayv2,1611661328,101030|200671|201480|202632|1628508,complete,playbyplay_inferred,201518|201907|202252|1628244|1628886,complete,playbyplay_inferred,1611661328,Seattle Storm
Shot Chart Detail,1021800187,176,202252,Alysha Clark,1611661324,Minnesota Lynx,2,6,8,Missed Shot,Jump Shot,3PT Field Goal,Right Corner 3,Right Side(R),24+ ft.,23,231,-14,1,0,20180812,MIN,SEA,2018,1021800187176,8320,validated,,0,matched,playbyplayv2,1611661328,101030|200671|201480|202632|1628508,complete,playbyplay_inferred,100720|202252|203827|1627668|1628886,complete,playbyplay_inferred,1611661328,Seattle Storm
Shot Chart Detail,1021800187,179,1627668,Breanna Stewart,1611661324,Minnesota Lynx,2,5,40,Missed Shot,Layup Shot,2PT Field Goal,Restricted Area,Center(C),Less Than 8 ft.,2,26,-1,1,0,20180812,MIN,SEA,2018,1021800187179,8600,validated,,0,matched,playbyplayv2,1611661328,101030|200671|201480|202632|1628508,complete,playbyplay_inferred,100720|202252|203827|1627668|1628886,complete,playbyplay_inferred,1611661328,Seattle Storm
Shot Chart Detail,1021800187,188,1627668,Breanna Stewart,1611661324,Minnesota Lynx,2,5,16,Missed Shot,Jump Shot,2PT Field Goal,Mid-Range,Center(C),16-24 ft.,16,-26,162,1,0,20180812,MIN,SEA,2018,1021800187188,8840,validated,,0,matched,playbyplayv2,1611661328,101030|200671|201480|202632|1628508,complete,playbyplay_inferred,100720|202252|203827|204319|1627668,complete,playbyplay_inferred,1611661328,Seattle Storm
Shot Chart Detail,1021800187,192,203827,Natasha Howard,1611661324,Minnesota Lynx,2,4,46,Made Shot,Layup Shot,2PT Field Goal,Restricted Area,Center(C),Less Than 8 ft.,3,-31,21,1,1,20180812,MIN,SEA,2018,1021800187192,9140,validated,100720,1,matched,playbyplayv2,1611661328,101030|200671|201480|202632|1628508,complete,playbyplay_inferred,100720|202252|203827|204319|1627668,complete,playbyplay_inferred,1611661328,Seattle Storm
Shot Chart Detail,1021800187,199,203827,Natasha Howard,1611661324,Minnesota Lynx,2,4,11,Made Shot,Driving Layup Shot,2PT Field Goal,Restricted Area,Center(C),Less Than 8 ft.,2,28,0,1,1,20180812,MIN,SEA,2018,1021800187199,9490,validated,100720,1,matched,playbyplayv2,1611661328,101030|200671|201480|202632|1628508,complete,playbyplay_inferred,100720|202252|203827|204319|1627668,complete,playbyplay_inferred,1611661328,Seattle Storm
Shot Chart Detail,1021800187,211,204319,Jewell Loyd,1611661324,Minnesota Lynx,2,3,31,Made Shot,Pullup Jump shot,3PT Field Goal,Above the Break 3,Right Side Center(RC),24+ ft.,24,175,168,1,1,20180812,MIN,SEA,2018,1021800187211,9890,validated,,0,matched,playbyplayv2,1611661328,101030|200671|201480|202632|1628508,complete,playbyplay_inferred,100720|202252|203827|204319|1627668,complete,playbyplay_inferred,1611661328,Seattle Storm
Shot Chart Detail,1021800187,216,1627668,Breanna Stewart,1611661324,Minnesota Lynx,2,3,4,Missed Shot,Jump Shot,3PT Field Goal,Above the Break 3,Center(C),24+ ft.,23,-65,230,1,0,20180812,MIN,SEA,2018,1021800187216,10160,validated,,0,matched,playbyplayv2,1611661328,101030|200671|201480|202632|1628508,complete,playbyplay_inferred,100720|202252|203827|204319|1627668,complete,playbyplay_inferred,1611661328,Seattle Storm
Shot Chart Detail,1021800187,219,202252,Alysha Clark,1611661324,Minnesota Lynx,2,2,49,Made Shot,Jump Shot,3PT Field Goal,Left Corner 3,Left Side(L),24+ ft.,23,-233,15,1,1,20180812,MIN,SEA,2018,1021800187219,10310,validated,204319,1,matched,playbyplayv2,1611661328,101030|200671|201480|202632|1628508,complete,playbyplay_inferred,100720|202252|203827|204319|1627668,complete,playbyplay_inferred,1611661328,Seattle Storm
Shot Chart Detail,1021800187,223,1627668,Breanna Stewart,1611661324,Minnesota Lynx,2,2,19,Made Shot,Jump Shot,2PT Field Goal,Mid-Range,Left Side(L),8-16 ft.,14,-113,97,1,1,20180812,MIN,SEA,2018,1021800187223,10610,validated,204319,1,matched,playbyplayv2,1611661328,101030|200671|201480|202632|1628508,complete,playbyplay_inferred,100720|202252|203827|204319|1627668,complete,playbyplay_inferred,1611661328,Seattle Storm
Shot Chart Detail,1021800187,229,100720,Sue Bird,1611661324,Minnesota Lynx,2,1,50,Missed Shot,Jump Shot,2PT Field Goal,Mid-Range,Right Side(R),8-16 ft.,11,102,-44,1,0,20180812,MIN,SEA,2018,1021800187229,10900,validated,,0,matched,playbyplayv2,1611661328,101030|200671|201480|202632|1628508,complete,playbyplay_inferred,100720|202252|203827|204319|1627668,complete,playbyplay_inferred,1611661328,Seattle Storm
Shot Chart Detail,1021800187,231,203827,Natasha Howard,1611661324,Minnesota Lynx,2,1,46,Missed Shot,Tip Layup Shot,2PT Field Goal,Restricted Area,Center(C),Less Than 8 ft.,2,25,-7,1,0,20180812,MIN,SEA,2018,1021800187231,10940,validated,,0,matched,playbyplayv2,1611661328,101030|200671|201480|202632|1628508,complete,playbyplay_inferred,100720|202252|203827|204319|1627668,complete,playbyplay_inferred,1611661328,Seattle Storm
Shot Chart Detail,1021800187,237,204319,Jewell Loyd,1611661324,Minnesota Lynx,2,1,28,Made Shot,Cutting Layup Shot,2PT Field Goal,Restricted Area,Center(C),Less Than 8 ft.,3,-32,-3,1,1,20180812,MIN,SEA,2018,1021800187237,11120,validated,202252,1,matched,playbyplayv2,1611661328,101030|200671|201480|202632|1628508,complete,playbyplay_inferred,100720|202252|203827|204319|1627668,complete,playbyplay_inferred,1611661328,Seattle Storm
Shot Chart Detail,1021800187,251,100720,Sue Bird,1611661324,Minnesota Lynx,2,0,2,Missed Shot,Pullup Jump shot,2PT Field Goal,Mid-Range,Right Side Center(RC),16-24 ft.,17,135,115,1,0,20180812,MIN,SEA,2018,1021800187251,11980,validated,,0,matched,playbyplayv2,1611661328,101030|200671|201480|202632|1628508,complete,playbyplay_inferred,100720|202252|203827|204319|1627668,complete,playbyplay_inferred,1611661328,Seattle Storm
Shot Chart Detail,1021800187,253,204319,Jewell Loyd,1611661324,Minnesota Lynx,2,0,0,Missed Shot,Jump Shot,2PT Field Goal,Mid-Range,Left Side(L),8-16 ft.,15,-111,115,1,0,20180812,MIN,SEA,2018,1021800187253,12000,validated,,0,matched,playbyplayv2,1611661328,101030|200671|201480|202632|1628508,complete,playbyplay_inferred,100720|202252|203827|204319|1627668,complete,playbyplay_inferred,1611661328,Seattle Storm
Shot Chart Detail,1021800187,265,204319,Jewell Loyd,1611661324,Minnesota Lynx,3,8,58,Made Shot,Driving Layup Shot,2PT Field Goal,Restricted Area,Center(C),Less Than 8 ft.,2,-1,20,1,1,20180812,MIN,SEA,2018,1021800187265,12620,validated,,0,matched,playbyplayv2,1611661328,101030|200671|201480|202632|1628508,complete,playbyplay_inferred,100720|202252|203827|204319|1627668,complete,playbyplay_inferred,1611661328,Seattle Storm
Shot Chart Detail,1021800187,270,203827,Natasha Howard,1611661324,Minnesota Lynx,3,8,21,Made Shot,Jump Shot,3PT Field Goal,Above the Break 3,Right Side Center(RC),24+ ft.,23,172,167,1,1,20180812,MIN,SEA,2018,1021800187270,12990,validated,204319,1,matched,playbyplayv2,1611661328,101030|200671|201480|202632|1628508,complete,playbyplay_inferred,100720|202252|203827|204319|1627668,complete,playbyplay_inferred,1611661328,Seattle Storm
Shot Chart Detail,1021800187,276,1627668,Breanna Stewart,1611661324,Minnesota Lynx,3,8,2,Missed Shot,Jump Shot,2PT Field Goal,Restricted Area,Center(C),Less Than 8 ft.,2,-7,20,1,0,20180812,MIN,SEA,2018,1021800187276,13180,validated,,0,matched,playbyplayv2,1611661328,101030|200671|201480|202632|1628508,complete,playbyplay_inferred,100720|202252|203827|204319|1627668,complete,playbyplay_inferred,1611661328,Seattle Storm
Shot Chart Detail,1021800187,278,204319,Jewell Loyd,1611661324,Minnesota Lynx,3,7,55,Made Shot,Pullup Jump shot,3PT Field Goal,Above the Break 3,Left Side Center(LC),24+ ft.,24,-102,224,1,1,20180812,MIN,SEA,2018,1021800187278,13250,validated,,0,matched,playbyplayv2,1611661328,101030|200671|201480|202632|1628508,complete,playbyplay_inferred,100720|202252|203827|204319|1627668,complete,playbyplay_inferred,1611661328,Seattle Storm
Shot Chart Detail,1021800187,293,202252,Alysha Clark,1611661324,Minnesota Lynx,3,6,54,Made Shot,Driving Layup Shot,2PT Field Goal,Restricted Area,Center(C),Less Than 8 ft.,2,25,8,1,1,20180812,MIN,SEA,2018,1021800187293,13860,validated,204319,1,matched,playbyplayv2,1611661328,101030|200671|201480|201503|202632,complete,playbyplay_inferred,100720|202252|203827|204319|1627668,complete,playbyplay_inferred,1611661328,Seattle Storm
Shot Chart Detail,1021800187,298,202252,Alysha Clark,1611661324,Minnesota Lynx,3,6,11,Made Shot,Driving Layup Shot,2PT Field Goal,Restricted Area,Center(C),Less Than 8 ft.,1,4,12,1,1,20180812,MIN,SEA,2018,1021800187298,14290,validated,,0,matched,playbyplayv2,1611661328,101030|200671|201480|201503|202632,complete,playbyplay_inferred,100720|202252|203827|204319|1627668,complete,playbyplay_inferred,1611661328,Seattle Storm
Shot Chart Detail,1021800187,310,202252,Alysha Clark,1611661324,Minnesota Lynx,3,5,25,Made Shot,Layup Shot,2PT Field Goal,Restricted Area,Center(C),Less Than 8 ft.,1,3,18,1,1,20180812,MIN,SEA,2018,1021800187310,14750,validated,203827,1,matched,playbyplayv2,1611661328,100915|101030|201480|201503|202632,complete,playbyplay_inferred,100720|202252|203827|204319|1627668,complete,playbyplay_inferred,1611661328,Seattle Storm
Shot Chart Detail,1021800187,314,203827,Natasha Howard,1611661324,Minnesota Lynx,3,5,6,Made Shot,Driving Layup Shot,2PT Field Goal,Restricted Area,Center(C),Less Than 8 ft.,1,5,12,1,1,20180812,MIN,SEA,2018,1021800187314,14940,validated,1627668,1,matched,playbyplayv2,1611661328,100915|101030|201480|201503|202632,complete,playbyplay_inferred,100720|202252|203827|204319|1627668,complete,playbyplay_inferred,1611661328,Seattle Storm
Shot Chart Detail,1021800187,323,100720,Sue Bird,1611661324,Minnesota Lynx,3,3,41,Missed Shot,Jump Shot,3PT Field Goal,Above the Break 3,Right Side Center(RC),24+ ft.,24,193,154,1,0,20180812,MIN,SEA,2018,1021800187323,15790,validated,,0,matched,playbyplayv2,1611661328,100915|101030|201480|201503|202632,complete,playbyplay_inferred,100720|202252|203827|204319|1627668,complete,playbyplay_inferred,1611661328,Seattle Storm
Shot Chart Detail,1021800187,341,204319,Jewell Loyd,1611661324,Minnesota Lynx,3,2,17,Missed Shot,Jump Shot,3PT Field Goal,Left Corner 3,Left Side(L),16-24 ft.,21,-218,12,1,0,20180812,MIN,SEA,2018,1021800187341,16630,validated,,0,matched,playbyplayv2,1611661328,100915|200671|201480|201503|1628508,complete,playbyplay_inferred,100720|203827|204319|1627668|1628886,complete,playbyplay_inferred,1611661328,Seattle Storm
Shot Chart Detail,1021800187,343,203827,Natasha Howard,1611661324,Minnesota Lynx,3,2,13,Made Shot,Layup Shot,2PT Field Goal,Restricted Area,Center(C),Less Than 8 ft.,2,13,27,1,1,20180812,MIN,SEA,2018,1021800187343,16670,validated,1627668,1,matched,playbyplayv2,1611661328,100915|200671|201480|201503|1628508,complete,playbyplay_inferred,100720|203827|204319|1627668|1628886,complete,playbyplay_inferred,1611661328,Seattle Storm
Shot Chart Detail,1021800187,351,204319,Jewell Loyd,1611661324,Minnesota Lynx,3,1,34,Missed Shot,Jump Shot,3PT Field Goal,Above the Break 3,Left Side Center(LC),24+ ft.,24,-111,222,1,0,20180812,MIN,SEA,2018,1021800187351,17060,validated,,0,matched,playbyplayv2,1611661328,100915|200671|201480|201503|1628508,complete,playbyplay_inferred,203827|204319|204321|1627668|1628886,complete,playbyplay_inferred,1611661328,Seattle Storm
Shot Chart Detail,1021800187,359,203827,Natasha Howard,1611661324,Minnesota Lynx,3,0,40,Made Shot,Layup Shot,2PT Field Goal,Restricted Area,Center(C),Less Than 8 ft.,2,11,20,1,1,20180812,MIN,SEA,2018,1021800187359,17600,validated,204321,1,matched,playbyplayv2,1611661328,100915|200671|201480|201503|1628508,complete,playbyplay_inferred,201518|203827|204319|204321|1628886,complete,playbyplay_inferred,1611661328,Seattle Storm
Shot Chart Detail,1021800187,375,203827,Natasha Howard,1611661324,Minnesota Lynx,4,9,46,Made Shot,Cutting Layup Shot,2PT Field Goal,Restricted Area,Center(C),Less Than 8 ft.,2,15,19,1,1,20180812,MIN,SEA,2018,1021800187375,18140,validated,204321,1,matched,playbyplayv2,1611661328,101030|200671|201480|202632|1628508,complete,playbyplay_inferred,201518|202252|203827|204321|1628886,complete,playbyplay_inferred,1611661328,Seattle Storm
Shot Chart Detail,1021800187,381,201518,Crystal Langhorne,1611661324,Minnesota Lynx,4,9,3,Missed Shot,Jump Shot,2PT Field Goal,Restricted Area,Center(C),Less Than 8 ft.,2,-14,25,1,0,20180812,MIN,SEA,2018,1021800187381,18570,validated,,0,matched,playbyplayv2,1611661328,101030|200671|201480|202632|1628508,complete,playbyplay_inferred,201518|202252|203827|204321|1628886,complete,playbyplay_inferred,1611661328,Seattle Storm
Shot Chart Detail,1021800187,386,1628886,Jordin Canada,1611661324,Minnesota Lynx,4,8,13,Made Shot,Jump Shot,2PT Field Goal,Mid-Range,Left Side Center(LC),16-24 ft.,18,-136,120,1,1,20180812,MIN,SEA,2018,1021800187386,19070,validated,202252,1,matched,playbyplayv2,1611661328,101030|200671|201480|202632|1628508,complete,playbyplay_inferred,201518|202252|203827|204321|1628886,complete,playbyplay_inferred,1611661328,Seattle Storm
Shot Chart Detail,1021800187,391,204321,Kaleena Mosqueda-Lewis,1611661324,Minnesota Lynx,4,7,39,Made Shot,Turnaround Jump Shot,2PT Field Goal,Mid-Range,Right Side(R),8-16 ft.,10,88,62,1,1,20180812,MIN,SEA,2018,1021800187391,19410,validated,201518,1,matched,playbyplayv2,1611661328,101030|200671|201480|202632|1628508,complete,playbyplay_inferred,201518|202252|203827|204321|1628886,complete,playbyplay_inferred,1611661328,Seattle Storm
Shot Chart Detail,1021800187,395,204321,Kaleena Mosqueda-Lewis,1611661324,Minnesota Lynx,4,7,7,Missed Shot,Jump Shot,3PT Field Goal,Above the Break 3,Left Side Center(LC),24+ ft.,25,-108,234,1,0,20180812,MIN,SEA,2018,1021800187395,19730,validated,,0,matched,playbyplayv2,1611661328,101030|200671|201480|202632|1628508,complete,playbyplay_inferred,201518|202252|203827|204321|1628886,complete,playbyplay_inferred,1611661328,Seattle Storm
Shot Chart Detail,1021800187,410,1627668,Breanna Stewart,1611661324,Minnesota Lynx,4,6,40,Made Shot,Jump Shot,3PT Field Goal,Above the Break 3,Center(C),24+ ft.,24,28,240,1,1,20180812,MIN,SEA,2018,1021800187410,20000,validated,204319,1,matched,playbyplayv2,1611661328,100915|101030|200671|201503|202632,complete,playbyplay_inferred,100720|201518|202252|204319|1627668,complete,playbyplay_inferred,1611661328,Seattle Storm
Shot Chart Detail,1021800187,414,1627668,Breanna Stewart,1611661324,Minnesota Lynx,4,5,56,Made Shot,Jump Shot,3PT Field Goal,Above the Break 3,Right Side Center(RC),24+ ft.,24,182,162,1,1,20180812,MIN,SEA,2018,1021800187414,20440,validated,204319,1,matched,playbyplayv2,1611661328,100915|101030|200671|201503|202632,complete,playbyplay_inferred,100720|201518|202252|204319|1627668,complete,playbyplay_inferred,1611661328,Seattle Storm
Shot Chart Detail,1021800187,418,100720,Sue Bird,1611661324,Minnesota Lynx,4,5,26,Made Shot,Jump Shot,3PT Field Goal,Above the Break 3,Center(C),24+ ft.,25,-71,243,1,1,20180812,MIN,SEA,2018,1021800187418,20740,validated,,0,matched,playbyplayv2,1611661328,100915|101030|200671|201503|202632,complete,playbyplay_inferred,100720|201518|202252|204319|1627668,complete,playbyplay_inferred,1611661328,Seattle Storm
Shot Chart Detail,1021800187,431,1627668,Breanna Stewart,1611661324,Minnesota Lynx,4,4,26,Missed Shot,Layup Shot,2PT Field Goal,Restricted Area,Center(C),Less Than 8 ft.,2,-9,24,1,0,20180812,MIN,SEA,2018,1021800187431,21340,validated,,0,matched,playbyplayv2,1611661328,100915|101030|200671|201480|202632,complete,playbyplay_inferred,100720|201518|202252|204319|1627668,complete,playbyplay_inferred,1611661328,Seattle Storm
Shot Chart Detail,1021800187,434,204319,Jewell Loyd,1611661324,Minnesota Lynx,4,4,20,Missed Shot,Jump Shot,2PT Field Goal,Mid-Range,Center(C),16-24 ft.,20,-47,195,1,0,20180812,MIN,SEA,2018,1021800187434,21400,validated,,0,matched,playbyplayv2,1611661328,100915|101030|200671|201480|202632,complete,playbyplay_inferred,100720|201518|202252|204319|1627668,complete,playbyplay_inferred,1611661328,Seattle Storm
Shot Chart Detail,1021800187,442,201518,Crystal Langhorne,1611661324,Minnesota Lynx,4,3,53,Made Shot,Jump Shot,2PT Field Goal,Mid-Range,Center(C),16-24 ft.,19,-36,195,1,1,20180812,MIN,SEA,2018,1021800187442,21670,validated,202252,1,matched,playbyplayv2,1611661328,100915|101030|201480|202632|1628508,complete,playbyplay_inferred,100720|201518|202252|204319|1627668,complete,playbyplay_inferred,1611661328,Seattle Storm
Shot Chart Detail,1021800187,447,1627668,Breanna Stewart,1611661324,Minnesota Lynx,4,3,22,Missed Shot,Jump Shot,3PT Field Goal,Above the Break 3,Left Side(L),24+ ft.,22,-221,49,1,0,20180812,MIN,SEA,2018,1021800187447,21980,validated,,0,matched,playbyplayv2,1611661328,100915|101030|201480|202632|1628508,complete,playbyplay_inferred,100720|201518|202252|204319|1627668,complete,playbyplay_inferred,1611661328,Seattle Storm
Shot Chart Detail,1021800187,455,100720,Sue Bird,1611661324,Minnesota Lynx,4,3,12,Made Shot,Jump Shot,3PT Field Goal,Above the Break 3,Left Side(L),16-24 ft.,23,-215,82,1,1,20180812,MIN,SEA,2018,1021800187455,22080,validated,1627668,1,matched,playbyplayv2,1611661328,101030|201503|202632|1627701|1628508,complete,playbyplay_inferred,100720|201518|202252|204319|1627668,complete,playbyplay_inferred,1611661328,Seattle Storm
Shot Chart Detail,1021800187,461,1627668,Breanna Stewart,1611661324,Minnesota Lynx,4,2,35,Missed Shot,Jump Bank Shot,2PT Field Goal,Mid-Range,Right Side(R),8-16 ft.,10,100,31,1,0,20180812,MIN,SEA,2018,1021800187461,22450,validated,,0,matched,playbyplayv2,1611661328,101030|201503|1627701|1628283|1628508,complete,playbyplay_inferred,100720|201518|202252|204319|1627668,complete,playbyplay_inferred,1611661328,Seattle Storm
Shot Chart Detail,1021800187,464,204319,Jewell Loyd,1611661324,Minnesota Lynx,4,1,55,Missed Shot,Jump Shot,2PT Field Goal,Mid-Range,Right Side(R),16-24 ft.,17,177,3,1,0,20180812,MIN,SEA,2018,1021800187464,22850,validated,,0,matched,playbyplayv2,1611661328,101030|201503|1627701|1628283|1628508,complete,playbyplay_inferred,100720|201518|202252|204319|1627668,complete,playbyplay_inferred,1611661328,Seattle Storm
Shot Chart Detail,1021800187,484,204321,Kaleena Mosqueda-Lewis,1611661324,Minnesota Lynx,4,1,17,Made Shot,Jump Shot,3PT Field Goal,Left Corner 3,Left Side(L),24+ ft.,22,-221,24,1,1,20180812,MIN,SEA,2018,1021800187484,23230,validated,1628886,1,matched,playbyplayv2,1611661328,101030|1627701|1628283|1628508|1628866,complete,playbyplay_inferred,201907|204321|1628244|1628886|1628920,complete,playbyplay_inferred,1611661328,Seattle Storm
Shot Chart Detail,1021800187,492,201907,Courtney Paris,1611661324,Minnesota Lynx,4,0,17,Missed Shot,Jump Shot,2PT Field Goal,Mid-Range,Left Side Center(LC),16-24 ft.,16,-75,146,1,0,20180812,MIN,SEA,2018,1021800187492,23830,validated,,0,matched,playbyplayv2,1611661328,101030|1627701|1628283|1628508|1628866,complete,playbyplay_inferred,201907|204321|1628244|1628886|1628920,complete,playbyplay_inferred,1611661328,Seattle Storm
Shot Chart Detail,1021800189,7,203828,Stefanie Dolson,1611661324,Minnesota Lynx,1,9,48,Made Shot,Running Layup Shot,2PT Field Goal,Restricted Area,Center(C),Less Than 8 ft.,1,4,-12,1,1,20180814,MIN,CHI,2018,10218001897,120,validated,202664,1,matched,playbyplayv2,1611661329,101030|200671|201480|202632|1628508,complete,playbyplay_inferred,201516|202664|203828|1628890|1628931,complete,playbyplay_inferred,1611661329,Chicago Sky
Shot Chart Detail,1021800189,14,1628890,Diamond DeShields,1611661324,Minnesota Lynx,1,8,47,Made Shot,Cutting Layup Shot,2PT Field Goal,Restricted Area,Center(C),Less Than 8 ft.,1,-14,-5,1,1,20180814,MIN,CHI,2018,102180018914,730,validated,1628931,1,matched,playbyplayv2,1611661329,101030|200671|201480|202632|1628508,complete,playbyplay_inferred,201516|202664|203828|1628890|1628931,complete,playbyplay_inferred,1611661329,Chicago Sky
Shot Chart Detail,1021800189,21,1628931,Gabby Williams,1611661324,Minnesota Lynx,1,7,47,Made Shot,Layup Shot,2PT Field Goal,Restricted Area,Center(C),Less Than 8 ft.,1,-8,-6,1,1,20180814,MIN,CHI,2018,102180018921,1330,validated,,0,matched,playbyplayv2,1611661329,101030|200671|201480|202632|1628508,complete,playbyplay_inferred,201516|202664|203828|1628890|1628931,complete,playbyplay_inferred,1611661329,Chicago Sky
Shot Chart Detail,1021800189,24,201516,Allie Quigley,1611661324,Minnesota Lynx,1,7,17,Missed Shot,Jump Shot,3PT Field Goal,Right Corner 3,Right Side(R),24+ ft.,22,220,-4,1,0,20180814,MIN,CHI,2018,102180018924,1630,validated,,0,matched,playbyplayv2,1611661329,101030|200671|201480|202632|1628508,complete,playbyplay_inferred,201516|202664|203828|1628890|1628931,complete,playbyplay_inferred,1611661329,Chicago Sky
Shot Chart Detail,1021800189,30,201516,Allie Quigley,1611661324,Minnesota Lynx,1,6,48,Made Shot,Jump Shot,2PT Field Goal,Mid-Range,Right Side Center(RC),16-24 ft.,20,139,154,1,1,20180814,MIN,CHI,2018,102180018930,1920,validated,202664,1,matched,playbyplayv2,1611661329,101030|200671|201480|202632|1628508,complete,playbyplay_inferred,201516|202664|203828|1628890|1628931,complete,playbyplay_inferred,1611661329,Chicago Sky
Shot Chart Detail,1021800189,36,1628931,Gabby Williams,1611661324,Minnesota Lynx,1,6,8,Missed Shot,Jump Shot,3PT Field Goal,Above the Break 3,Right Side Center(RC),16-24 ft.,23,112,206,1,0,20180814,MIN,CHI,2018,102180018936,2320,validated,,0,matched,playbyplayv2,1611661329,101030|200671|201480|202632|1628508,complete,playbyplay_inferred,201516|202664|203828|1628890|1628931,complete,playbyplay_inferred,1611661329,Chicago Sky
Shot Chart Detail,1021800189,40,202664,Courtney Vandersloot,1611661324,Minnesota Lynx,1,5,49,Missed Shot,Driving Layup Shot,2PT Field Goal,In The Paint (Non-RA),Center(C),Less Than 8 ft.,5,2,55,1,0,20180814,MIN,CHI,2018,102180018940,2510,validated,,0,matched,playbyplayv2,1611661329,101030|200671|201480|202632|1628508,complete,playbyplay_inferred,201516|202664|203828|1628890|1628931,complete,playbyplay_inferred,1611661329,Chicago Sky
Shot Chart Detail,1021800189,65,203828,Stefanie Dolson,1611661324,Minnesota Lynx,1,4,39,Made Shot,Jump Shot,2PT Field Goal,Mid-Range,Center(C),16-24 ft.,19,-14,194,1,1,20180814,MIN,CHI,2018,102180018965,3210,validated,201516,1,matched,playbyplayv2,1611661329,100915|101030|201480|201503|202632,complete,playbyplay_inferred,201516|202664|203828|204323|1627674,complete,playbyplay_inferred,1611661329,Chicago Sky
Shot Chart Detail,1021800189,69,203828,Stefanie Dolson,1611661324,Minnesota Lynx,1,3,54,Missed Shot,Layup Shot,2PT Field Goal,Restricted Area,Center(C),Less Than 8 ft.,1,9,-5,1,0,20180814,MIN,CHI,2018,102180018969,3660,validated,,0,matched,playbyplayv2,1611661329,100915|101030|201480|201503|202632,complete,playbyplay_inferred,201516|202664|203828|204323|1627674,complete,playbyplay_inferred,1611661329,Chicago Sky
Shot Chart Detail,1021800189,76,1627674,Kahleah Copper,1611661324,Minnesota Lynx,1,3,52,Missed Shot,Jump Shot,2PT Field Goal,Mid-Range,Right Side(R),16-24 ft.,16,153,58,1,0,20180814,MIN,CHI,2018,102180018976,3680,validated,,0,matched,playbyplayv2,1611661329,100915|101030|201480|201503|202632,complete,playbyplay_inferred,202664|204323|1627674|1628268|1628890,complete,playbyplay_inferred,1611661329,Chicago Sky
Shot Chart Detail,1021800189,90,1628890,Diamond DeShields,1611661324,Minnesota Lynx,1,2,40,Made Shot,Driving Layup Shot,2PT Field Goal,Restricted Area,Center(C),Less Than 8 ft.,1,8,-6,1,1,20180814,MIN,CHI,2018,102180018990,4400,validated,,0,matched,playbyplayv2,1611661329,100915|201480|201503|202632|1628283,complete,playbyplay_inferred,202664|204323|1627674|1628268|1628890,complete,playbyplay_inferred,1611661329,Chicago Sky
Shot Chart Detail,1021800189,97,1627674,Kahleah Copper,1611661324,Minnesota Lynx,1,2,13,Made Shot,Step Back Jump shot,2PT Field Goal,Mid-Range,Left Side(L),8-16 ft.,15,-147,48,1,1,20180814,MIN,CHI,2018,102180018997,4670,validated,,0,matched,playbyplayv2,1611661329,100915|201503|202632|1627701|1628283,complete,playbyplay_inferred,202664|204323|1627674|1628268|1628890,complete,playbyplay_inferred,1611661329,Chicago Sky
Shot Chart Detail,1021800189,101,1628890,Diamond DeShields,1611661324,Minnesota Lynx,1,1,36,Made Shot,Pullup Jump shot,2PT Field Goal,Mid-Range,Center(C),8-16 ft.,15,6,155,1,1,20180814,MIN,CHI,2018,1021800189101,5040,validated,,0,matched,playbyplayv2,1611661329,100915|201503|202632|1627701|1628283,complete,playbyplay_inferred,202664|204323|1627674|1628268|1628890,complete,playbyplay_inferred,1611661329,Chicago Sky
Shot Chart Detail,1021800189,104,204323,Cheyenne Parker-Tyus,1611661324,Minnesota Lynx,1,1,5,Made Shot,Cutting Layup Shot,2PT Field Goal,Restricted Area,Center(C),Less Than 8 ft.,2,-15,-18,1,1,20180814,MIN,CHI,2018,1021800189104,5350,validated,202664,1,matched,playbyplayv2,1611661329,100915|201503|202632|1627701|1628283,complete,playbyplay_inferred,202664|204323|1627674|1628268|1628890,complete,playbyplay_inferred,1611661329,Chicago Sky
Shot Chart Detail,1021800189,130,1628890,Diamond DeShields,1611661324,Minnesota Lynx,2,9,30,Missed Shot,Jump Shot,2PT Field Goal,Mid-Range,Center(C),8-16 ft.,14,25,139,1,0,20180814,MIN,CHI,2018,1021800189130,6300,validated,,0,matched,playbyplayv2,1611661329,101030|201503|1627701|1628283|1628508,complete,playbyplay_inferred,202664|204323|1627674|1628268|1628890,complete,playbyplay_inferred,1611661329,Chicago Sky
Shot Chart Detail,1021800189,135,1627674,Kahleah Copper,1611661324,Minnesota Lynx,2,9,17,Missed Shot,Jump Shot,2PT Field Goal,In The Paint (Non-RA),Left Side(L),8-16 ft.,10,-52,87,1,0,20180814,MIN,CHI,2018,1021800189135,6430,validated,,0,matched,playbyplayv2,1611661329,101030|200671|201503|1627701|1628283,complete,playbyplay_inferred,202664|204323|1627674|1628268|1628890,complete,playbyplay_inferred,1611661329,Chicago Sky
Shot Chart Detail,1021800189,142,1628890,Diamond DeShields,1611661324,Minnesota Lynx,2,8,12,Made Shot,Jump Shot,3PT Field Goal,Above the Break 3,Right Side Center(RC),16-24 ft.,23,101,212,1,1,20180814,MIN,CHI,2018,1021800189142,7080,validated,1628268,1,matched,playbyplayv2,1611661329,101030|200671|201503|1627701|1628283,complete,playbyplay_inferred,202664|204323|1627674|1628268|1628890,complete,playbyplay_inferred,1611661329,Chicago Sky
Shot Chart Detail,1021800189,146,202664,Courtney Vandersloot,1611661324,Minnesota Lynx,2,7,48,Made Shot,Pullup Jump shot,2PT Field Goal,Mid-Range,Right Side Center(RC),16-24 ft.,17,68,166,1,1,20180814,MIN,CHI,2018,1021800189146,7320,validated,,0,matched,playbyplayv2,1611661329,101030|200671|201503|1627701|1628283,complete,playbyplay_inferred,202664|204323|1627674|1628268|1628890,complete,playbyplay_inferred,1611661329,Chicago Sky
Shot Chart Detail,1021800189,161,201516,Allie Quigley,1611661324,Minnesota Lynx,2,6,33,Missed Shot,Jump Shot,3PT Field Goal,Above the Break 3,Left Side Center(LC),24+ ft.,25,-139,215,1,0,20180814,MIN,CHI,2018,1021800189161,8070,validated,,0,matched,playbyplayv2,1611661329,101030|200671|201480|1627701|1628283,complete,playbyplay_inferred,201516|203828|204323|1628890|1628897,complete,playbyplay_inferred,1611661329,Chicago Sky
Shot Chart Detail,1021800189,164,1628890,Diamond DeShields,1611661324,Minnesota Lynx,2,6,9,Made Shot,Jump Shot,3PT Field Goal,Above the Break 3,Left Side(L),16-24 ft.,22,-209,90,1,1,20180814,MIN,CHI,2018,1021800189164,8310,validated,1628897,1,matched,playbyplayv2,1611661329,101030|200671|201480|1627701|1628283,complete,playbyplay_inferred,201516|203828|204323|1628890|1628897,complete,playbyplay_inferred,1611661329,Chicago Sky
Shot Chart Detail,1021800189,168,1628890,Diamond DeShields,1611661324,Minnesota Lynx,2,5,45,Missed Shot,Pullup Jump shot,2PT Field Goal,Mid-Range,Left Side Center(LC),16-24 ft.,20,-76,189,1,0,20180814,MIN,CHI,2018,1021800189168,8550,validated,,0,matched,playbyplayv2,1611661329,101030|200671|201480|1627701|1628283,complete,playbyplay_inferred,201516|203828|204323|1628890|1628897,complete,playbyplay_inferred,1611661329,Chicago Sky
Shot Chart Detail,1021800189,179,204323,Cheyenne Parker-Tyus,1611661324,Minnesota Lynx,2,5,18,Made Shot,Jump Shot,2PT Field Goal,Mid-Range,Right Side Center(RC),16-24 ft.,18,141,115,1,1,20180814,MIN,CHI,2018,1021800189179,8820,validated,201516,1,matched,playbyplayv2,1611661329,101030|200671|201480|202632|1627701,complete,playbyplay_inferred,201516|203828|204323|1628897|1628931,complete,playbyplay_inferred,1611661329,Chicago Sky
Shot Chart Detail,1021800189,189,201516,Allie Quigley,1611661324,Minnesota Lynx,2,4,10,Missed Shot,Jump Shot,2PT Field Goal,Mid-Range,Left Side Center(LC),16-24 ft.,18,-120,138,1,0,20180814,MIN,CHI,2018,1021800189189,9500,validated,,0,matched,playbyplayv2,1611661329,101030|200671|201480|201503|202632,complete,playbyplay_inferred,201516|202664|203828|204323|1628931,complete,playbyplay_inferred,1611661329,Chicago Sky
Shot Chart Detail,1021800189,192,203828,Stefanie Dolson,1611661324,Minnesota Lynx,2,3,46,Missed Shot,Layup Shot,2PT Field Goal,Restricted Area,Center(C),Less Than 8 ft.,1,6,-10,1,0,20180814,MIN,CHI,2018,1021800189192,9740,validated,,0,matched,playbyplayv2,1611661329,101030|200671|201480|201503|202632,complete,playbyplay_inferred,201516|202664|203828|204323|1628931,complete,playbyplay_inferred,1611661329,Chicago Sky
Shot Chart Detail,1021800189,196,203828,Stefanie Dolson,1611661324,Minnesota Lynx,2,3,23,Missed Shot,Jump Shot,2PT Field Goal,Mid-Range,Right Side(R),8-16 ft.,14,146,-10,1,0,20180814,MIN,CHI,2018,1021800189196,9970,validated,,0,matched,playbyplayv2,1611661329,101030|200671|201480|201503|202632,complete,playbyplay_inferred,201516|202664|203828|204323|1628931,complete,playbyplay_inferred,1611661329,Chicago Sky
Shot Chart Detail,1021800189,203,203828,Stefanie Dolson,1611661324,Minnesota Lynx,2,2,52,Missed Shot,Layup Shot,2PT Field Goal,Restricted Area,Center(C),Less Than 8 ft.,1,-5,-11,1,0,20180814,MIN,CHI,2018,1021800189203,10280,validated,,0,matched,playbyplayv2,1611661329,101030|200671|201480|201503|202632,complete,playbyplay_inferred,201516|202664|203828|204323|1627674,complete,playbyplay_inferred,1611661329,Chicago Sky
Shot Chart Detail,1021800189,220,1627674,Kahleah Copper,1611661324,Minnesota Lynx,2,1,50,Made Shot,Jump Shot,3PT Field Goal,Left Corner 3,Left Side(L),24+ ft.,22,-228,22,1,1,20180814,MIN,CHI,2018,1021800189220,10900,validated,1628268,1,matched,playbyplayv2,1611661329,100915|200671|201480|201503|202632,complete,playbyplay_inferred,201516|202664|203828|1627674|1628268,complete,playbyplay_inferred,1611661329,Chicago Sky
Shot Chart Detail,1021800189,223,202664,Courtney Vandersloot,1611661324,Minnesota Lynx,2,1,19,Missed Shot,Jump Shot,3PT Field Goal,Above the Break 3,Center(C),24+ ft.,24,68,236,1,0,20180814,MIN,CHI,2018,1021800189223,11210,validated,,0,matched,playbyplayv2,1611661329,100915|200671|201480|201503|202632,complete,playbyplay_inferred,201516|202664|203828|1627674|1628268,complete,playbyplay_inferred,1611661329,Chicago Sky
Shot Chart Detail,1021800189,232,202664,Courtney Vandersloot,1611661324,Minnesota Lynx,2,0,28,Made Shot,Jump Shot,2PT Field Goal,Mid-Range,Right Side(R),8-16 ft.,15,158,2,1,1,20180814,MIN,CHI,2018,1021800189232,11720,validated,1628268,1,matched,playbyplayv2,1611661329,100915|200671|201480|201503|202632,complete,playbyplay_inferred,201516|202664|203828|1627674|1628268,complete,playbyplay_inferred,1611661329,Chicago Sky
Shot Chart Detail,1021800189,247,203828,Stefanie Dolson,1611661324,Minnesota Lynx,3,9,22,Made Shot,Layup Shot,2PT Field Goal,Restricted Area,Center(C),Less Than 8 ft.,1,15,-2,1,1,20180814,MIN,CHI,2018,1021800189247,12380,validated,202664,1,matched,playbyplayv2,1611661329,101030|200671|201480|202632|1628508,complete,playbyplay_inferred,201516|202664|203828|1628890|1628931,complete,playbyplay_inferred,1611661329,Chicago Sky
Shot Chart Detail,1021800189,251,202664,Courtney Vandersloot,1611661324,Minnesota Lynx,3,8,56,Made Shot,Pullup Jump shot,3PT Field Goal,Above the Break 3,Right Side Center(RC),24+ ft.,24,147,200,1,1,20180814,MIN,CHI,2018,1021800189251,12640,validated,1628890,1,matched,playbyplayv2,1611661329,101030|200671|201480|202632|1628508,complete,playbyplay_inferred,201516|202664|203828|1628890|1628931,complete,playbyplay_inferred,1611661329,Chicago Sky
Shot Chart Detail,1021800189,254,1628931,Gabby Williams,1611661324,Minnesota Lynx,3,8,17,Missed Shot,Reverse Layup Shot,2PT Field Goal,Restricted Area,Center(C),Less Than 8 ft.,1,-11,12,1,0,20180814,MIN,CHI,2018,1021800189254,13030,validated,,0,matched,playbyplayv2,1611661329,101030|200671|201480|202632|1628508,complete,playbyplay_inferred,201516|202664|203828|1628890|1628931,complete,playbyplay_inferred,1611661329,Chicago Sky
Shot Chart Detail,1021800189,259,202664,Courtney Vandersloot,1611661324,Minnesota Lynx,3,7,54,Made Shot,Driving Layup Shot,2PT Field Goal,Restricted Area,Center(C),Less Than 8 ft.,3,3,35,1,1,20180814,MIN,CHI,2018,1021800189259,13260,validated,,0,matched,playbyplayv2,1611661329,101030|200671|201480|202632|1628508,complete,playbyplay_inferred,201516|202664|203828|1628890|1628931,complete,playbyplay_inferred,1611661329,Chicago Sky
Shot Chart Detail,1021800189,269,1628931,Gabby Williams,1611661324,Minnesota Lynx,3,7,22,Missed Shot,Jump Shot,2PT Field Goal,Mid-Range,Center(C),16-24 ft.,19,7,190,1,0,20180814,MIN,CHI,2018,1021800189269,13580,validated,,0,matched,playbyplayv2,1611661329,101030|200671|201480|202632|1628508,complete,playbyplay_inferred,201516|202664|203828|1628890|1628931,complete,playbyplay_inferred,1611661329,Chicago Sky
Shot Chart Detail,1021800189,273,202664,Courtney Vandersloot,1611661324,Minnesota Lynx,3,6,56,Made Shot,Driving Layup Shot,2PT Field Goal,Restricted Area,Center(C),Less Than 8 ft.,2,25,13,1,1,20180814,MIN,CHI,2018,1021800189273,13840,validated,,0,matched,playbyplayv2,1611661329,101030|200671|201480|202632|1628508,complete,playbyplay_inferred,201516|202664|203828|1628890|1628931,complete,playbyplay_inferred,1611661329,Chicago Sky
Shot Chart Detail,1021800189,284,203828,Stefanie Dolson,1611661324,Minnesota Lynx,3,6,25,Missed Shot,Jump Shot,3PT Field Goal,Above the Break 3,Right Side Center(RC),16-24 ft.,23,111,208,1,0,20180814,MIN,CHI,2018,1021800189284,14150,validated,,0,matched,playbyplayv2,1611661329,101030|200671|201480|202632|1628508,complete,playbyplay_inferred,201516|202664|203828|1627674|1628931,complete,playbyplay_inferred,1611661329,Chicago Sky
Shot Chart Detail,1021800189,313,204323,Cheyenne Parker-Tyus,1611661324,Minnesota Lynx,3,4,58,Made Shot,Driving Layup Shot,2PT Field Goal,Restricted Area,Center(C),Less Than 8 ft.,1,-19,2,1,1,20180814,MIN,CHI,2018,1021800189313,15020,validated,,0,matched,playbyplayv2,1611661329,101030|200671|201480|201503|1628283,complete,playbyplay_inferred,202664|204323|1627674|1628268|1628931,complete,playbyplay_inferred,1611661329,Chicago Sky
Shot Chart Detail,1021800189,322,204323,Cheyenne Parker-Tyus,1611661324,Minnesota Lynx,3,4,12,Made Shot,Turnaround Fadeaway shot,2PT Field Goal,In The Paint (Non-RA),Center(C),Less Than 8 ft.,7,-22,71,1,1,20180814,MIN,CHI,2018,1021800189322,15480,validated,,0,matched,playbyplayv2,1611661329,100915|200671|201480|1627701|1628283,complete,playbyplay_inferred,202664|204323|1627674|1628268|1628931,complete,playbyplay_inferred,1611661329,Chicago Sky
Shot Chart Detail,1021800189,332,1628931,Gabby Williams,1611661324,Minnesota Lynx,3,3,43,Made Shot,Jump Shot,2PT Field Goal,Mid-Range,Right Side Center(RC),16-24 ft.,17,120,133,1,1,20180814,MIN,CHI,2018,1021800189332,15770,validated,202664,1,matched,playbyplayv2,1611661329,100915|200671|201480|1627701|1628283,complete,playbyplay_inferred,202664|204323|1628268|1628890|1628931,complete,playbyplay_inferred,1611661329,Chicago Sky
Shot Chart Detail,1021800189,342,1628890,Diamond DeShields,1611661324,Minnesota Lynx,3,3,11,Made Shot,Jump Shot,3PT Field Goal,Left Corner 3,Left Side(L),24+ ft.,22,-220,20,1,1,20180814,MIN,CHI,2018,1021800189342,16090,validated,202664,1,matched,playbyplayv2,1611661329,100915|200671|201480|1627701|1628283,complete,playbyplay_inferred,202664|204323|1628268|1628890|1628931,complete,playbyplay_inferred,1611661329,Chicago Sky
Shot Chart Detail,1021800189,346,1628931,Gabby Williams,1611661324,Minnesota Lynx,3,2,48,Made Shot,Driving Layup Shot,2PT Field Goal,Restricted Area,Center(C),Less Than 8 ft.,1,-11,11,1,1,20180814,MIN,CHI,2018,1021800189346,16320,validated,202664,1,matched,playbyplayv2,1611661329,100915|200671|201480|1627701|1628283,complete,playbyplay_inferred,202664|204323|1628268|1628890|1628931,complete,playbyplay_inferred,1611661329,Chicago Sky
Shot Chart Detail,1021800189,362,1628890,Diamond DeShields,1611661324,Minnesota Lynx,3,2,7,Made Shot,Jump Shot,2PT Field Goal,In The Paint (Non-RA),Center(C),Less Than 8 ft.,5,15,52,1,1,20180814,MIN,CHI,2018,1021800189362,16730,validated,,0,matched,playbyplayv2,1611661329,101030|200671|201480|202632|1628508,complete,playbyplay_inferred,202664|204323|1628268|1628890|1628931,complete,playbyplay_inferred,1611661329,Chicago Sky
Shot Chart Detail,1021800189,380,1627674,Kahleah Copper,1611661324,Minnesota Lynx,3,1,4,Missed Shot,Step Back Jump shot,2PT Field Goal,Mid-Range,Right Side(R),8-16 ft.,11,109,27,1,0,20180814,MIN,CHI,2018,1021800189380,17360,validated,,0,matched,playbyplayv2,1611661329,101030|201480|202632|202641|1628508,complete,playbyplay_inferred,202664|1627674|1628268|1628890|1628931,complete,playbyplay_inferred,1611661329,Chicago Sky
Shot Chart Detail,1021800189,384,1628931,Gabby Williams,1611661324,Minnesota Lynx,3,0,47,Missed Shot,Layup Shot,2PT Field Goal,Restricted Area,Center(C),Less Than 8 ft.,0,9,4,1,0,20180814,MIN,CHI,2018,1021800189384,17530,validated,,0,matched,playbyplayv2,1611661329,101030|201480|202632|202641|1628508,complete,playbyplay_inferred,202664|1627674|1628268|1628890|1628931,complete,playbyplay_inferred,1611661329,Chicago Sky
Shot Chart Detail,1021800189,391,1628931,Gabby Williams,1611661324,Minnesota Lynx,3,0,25,Missed Shot,Jump Shot,3PT Field Goal,Above the Break 3,Left Side Center(LC),24+ ft.,26,-108,245,1,0,20180814,MIN,CHI,2018,1021800189391,17750,validated,,0,matched,playbyplayv2,1611661329,101030|201480|202632|202641|1628508,complete,playbyplay_inferred,202664|1627674|1628268|1628890|1628931,complete,playbyplay_inferred,1611661329,Chicago Sky
Shot Chart Detail,1021800189,395,1628268,Alaina Coates,1611661324,Minnesota Lynx,3,0,5,Missed Shot,Jump Shot,2PT Field Goal,Mid-Range,Center(C),8-16 ft.,15,3,151,1,0,20180814,MIN,CHI,2018,1021800189395,17950,validated,,0,matched,playbyplayv2,1611661329,101030|201480|202632|202641|1628508,complete,playbyplay_inferred,202664|1627674|1628268|1628890|1628931,complete,playbyplay_inferred,1611661329,Chicago Sky
Shot Chart Detail,1021800189,397,1628931,Gabby Williams,1611661324,Minnesota Lynx,3,0,2,Made Shot,Putback Layup Shot,2PT Field Goal,Restricted Area,Center(C),Less Than 8 ft.,0,0,-6,1,1,20180814,MIN,CHI,2018,1021800189397,17980,validated,,0,matched,playbyplayv2,1611661329,101030|201480|202632|202641|1628508,complete,playbyplay_inferred,202664|1627674|1628268|1628890|1628931,complete,playbyplay_inferred,1611661329,Chicago Sky
Shot Chart Detail,1021800189,413,201516,Allie Quigley,1611661324,Minnesota Lynx,4,9,17,Missed Shot,Jump Shot,3PT Field Goal,Above the Break 3,Left Side Center(LC),24+ ft.,24,-134,204,1,0,20180814,MIN,CHI,2018,1021800189413,18430,validated,,0,matched,playbyplayv2,1611661329,101030|201480|202632|202641|1628508,complete,playbyplay_inferred,201516|203828|1628890|1628897|1628931,complete,playbyplay_inferred,1611661329,Chicago Sky
Shot Chart Detail,1021800189,415,201516,Allie Quigley,1611661324,Minnesota Lynx,4,9,11,Made Shot,Jump Shot,3PT Field Goal,Above the Break 3,Right Side Center(RC),24+ ft.,25,93,233,1,1,20180814,MIN,CHI,2018,1021800189415,18490,validated,203828,1,matched,playbyplayv2,1611661329,101030|201480|202632|202641|1628508,complete,playbyplay_inferred,201516|203828|1628890|1628897|1628931,complete,playbyplay_inferred,1611661329,Chicago Sky
Shot Chart Detail,1021800189,426,1628897,Linnae Harper,1611661324,Minnesota Lynx,4,8,41,Missed Shot,Jump Shot,2PT Field Goal,Mid-Range,Right Side(R),8-16 ft.,14,133,46,1,0,20180814,MIN,CHI,2018,1021800189426,18790,validated,,0,matched,playbyplayv2,1611661329,101030|201480|202632|202641|1628508,complete,playbyplay_inferred,201516|203828|1628890|1628897|1628931,complete,playbyplay_inferred,1611661329,Chicago Sky
Shot Chart Detail,1021800189,429,203828,Stefanie Dolson,1611661324,Minnesota Lynx,4,8,39,Missed Shot,Layup Shot,2PT Field Goal,Restricted Area,Center(C),Less Than 8 ft.,1,13,11,1,0,20180814,MIN,CHI,2018,1021800189429,18810,validated,,0,matched,playbyplayv2,1611661329,101030|201480|202632|202641|1628508,complete,playbyplay_inferred,201516|203828|1628890|1628897|1628931,complete,playbyplay_inferred,1611661329,Chicago Sky
Shot Chart Detail,1021800189,435,201516,Allie Quigley,1611661324,Minnesota Lynx,4,8,6,Missed Shot,Jump Shot,2PT Field Goal,Mid-Range,Left Side(L),16-24 ft.,18,-180,46,1,0,20180814,MIN,CHI,2018,1021800189435,19140,validated,,0,matched,playbyplayv2,1611661329,101030|201480|202632|202641|1628508,complete,playbyplay_inferred,201516|203828|1628890|1628897|1628931,complete,playbyplay_inferred,1611661329,Chicago Sky
Shot Chart Detail,1021800189,448,202664,Courtney Vandersloot,1611661324,Minnesota Lynx,4,7,3,Made Shot,Driving Layup Shot,2PT Field Goal,Restricted Area,Center(C),Less Than 8 ft.,1,-12,7,1,1,20180814,MIN,CHI,2018,1021800189448,19770,validated,203828,1,matched,playbyplayv2,1611661329,101030|201480|202632|202641|1628508,complete,playbyplay_inferred,201516|202664|203828|1628890|1628931,complete,playbyplay_inferred,1611661329,Chicago Sky
Shot Chart Detail,1021800189,451,201516,Allie Quigley,1611661324,Minnesota Lynx,4,6,37,Made Shot,Jump Shot,3PT Field Goal,Above the Break 3,Left Side Center(LC),24+ ft.,26,-121,233,1,1,20180814,MIN,CHI,2018,1021800189451,20030,validated,202664,1,matched,playbyplayv2,1611661329,101030|201480|202632|202641|1628508,complete,playbyplay_inferred,201516|202664|203828|1628890|1628931,complete,playbyplay_inferred,1611661329,Chicago Sky
Shot Chart Detail,1021800189,461,1628890,Diamond DeShields,1611661324,Minnesota Lynx,4,6,15,Missed Shot,Pullup Jump shot,2PT Field Goal,Mid-Range,Right Side(R),8-16 ft.,11,111,35,1,0,20180814,MIN,CHI,2018,1021800189461,20250,validated,,0,matched,playbyplayv2,1611661329,101030|200671|201503|202632|202641,complete,playbyplay_inferred,201516|202664|203828|1628890|1628931,complete,playbyplay_inferred,1611661329,Chicago Sky
Shot Chart Detail,1021800189,489,1628890,Diamond DeShields,1611661324,Minnesota Lynx,4,4,4,Made Shot,Cutting Layup Shot,2PT Field Goal,Restricted Area,Center(C),Less Than 8 ft.,2,-8,19,1,1,20180814,MIN,CHI,2018,1021800189489,21560,validated,202664,1,matched,playbyplayv2,1611661329,100915|200671|201480|201503|202632,complete,playbyplay_inferred,201516|202664|204323|1628890|1628931,complete,playbyplay_inferred,1611661329,Chicago Sky
Shot Chart Detail,1021800189,500,1628890,Diamond DeShields,1611661324,Minnesota Lynx,4,3,31,Made Shot,Cutting Layup Shot,2PT Field Goal,Restricted Area,Center(C),Less Than 8 ft.,1,-6,11,1,1,20180814,MIN,CHI,2018,1021800189500,21890,validated,203828,1,matched,playbyplayv2,1611661329,100915|200671|201480|201503|202632,complete,playbyplay_inferred,201516|202664|203828|204323|1628890,complete,playbyplay_inferred,1611661329,Chicago Sky
Shot Chart Detail,1021800189,505,1628890,Diamond DeShields,1611661324,Minnesota Lynx,4,3,0,Made Shot,Driving Floating Bank Jump Shot,2PT Field Goal,Mid-Range,Left Side(L),8-16 ft.,9,-95,23,1,1,20180814,MIN,CHI,2018,1021800189505,22200,validated,202664,1,matched,playbyplayv2,1611661329,100915|200671|201480|201503|202632,complete,playbyplay_inferred,201516|202664|203828|204323|1628890,complete,playbyplay_inferred,1611661329,Chicago Sky
Shot Chart Detail,1021800189,513,1628890,Diamond DeShields,1611661324,Minnesota Lynx,4,2,25,Made Shot,Driving Layup Shot,2PT Field Goal,Restricted Area,Center(C),Less Than 8 ft.,2,16,13,1,1,20180814,MIN,CHI,2018,1021800189513,22550,validated,,0,matched,playbyplayv2,1611661329,100915|200671|201480|201503|202632,complete,playbyplay_inferred,201516|202664|203828|204323|1628890,complete,playbyplay_inferred,1611661329,Chicago Sky
Shot Chart Detail,1021800189,516,1628890,Diamond DeShields,1611661324,Minnesota Lynx,4,2,0,Missed Shot,Jump Shot,2PT Field Goal,In The Paint (Non-RA),Left Side(L),8-16 ft.,11,-70,87,1,0,20180814,MIN,CHI,2018,1021800189516,22800,validated,,0,matched,playbyplayv2,1611661329,100915|200671|201480|201503|202632,complete,playbyplay_inferred,201516|202664|203828|204323|1628890,complete,playbyplay_inferred,1611661329,Chicago Sky
Shot Chart Detail,1021800189,536,201516,Allie Quigley,1611661324,Minnesota Lynx,4,0,57,Made Shot,Driving Floating Jump Shot,2PT Field Goal,In The Paint (Non-RA),Center(C),8-16 ft.,8,-19,81,1,1,20180814,MIN,CHI,2018,1021800189536,23430,validated,,0,matched,playbyplayv2,1611661329,100915|101030|200671|201480|201503,complete,playbyplay_inferred,201516|202664|203828|204323|1628890,complete,playbyplay_inferred,1611661329,Chicago Sky
Shot Chart Detail,1021800189,539,204323,Cheyenne Parker-Tyus,1611661324,Minnesota Lynx,4,0,22,Missed Shot,Jump Shot,3PT Field Goal,Above the Break 3,Center(C),24+ ft.,24,-26,246,1,0,20180814,MIN,CHI,2018,1021800189539,23780,validated,,0,matched,playbyplayv2,1611661329,100915|101030|200671|201480|201503,complete,playbyplay_inferred,201516|202664|203828|204323|1628890,complete,playbyplay_inferred,1611661329,Chicago Sky
Shot Chart Detail,1021800193,7,203826,Alyssa Thomas,1611661324,Minnesota Lynx,1,9,39,Made Shot,Cutting Layup Shot,2PT Field Goal,Restricted Area,Center(C),Less Than 8 ft.,2,25,3,1,1,20180817,CON,MIN,2018,10218001937,210,validated,202662,1,matched,playbyplayv2,1611661323,101030|200671|201480|202632|1628508,complete,playbyplay_inferred,202662|203015|203826|1627673|1627675,complete,playbyplay_inferred,1611661323,Connecticut Sun
Shot Chart Detail,1021800193,11,203015,Shekinna Stricklen,1611661324,Minnesota Lynx,1,9,23,Missed Shot,Jump Shot,3PT Field Goal,Above the Break 3,Right Side Center(RC),24+ ft.,23,187,150,1,0,20180817,CON,MIN,2018,102180019311,370,validated,,0,matched,playbyplayv2,1611661323,101030|200671|201480|202632|1628508,complete,playbyplay_inferred,202662|203015|203826|1627673|1627675,complete,playbyplay_inferred,1611661323,Connecticut Sun
Shot Chart Detail,1021800193,15,203826,Alyssa Thomas,1611661324,Minnesota Lynx,1,8,47,Made Shot,Turnaround Fadeaway Bank Jump Shot,2PT Field Goal,In The Paint (Non-RA),Center(C),Less Than 8 ft.,7,72,11,1,1,20180817,CON,MIN,2018,102180019315,730,validated,202662,1,matched,playbyplayv2,1611661323,101030|200671|201480|202632|1628508,complete,playbyplay_inferred,202662|203015|203826|1627673|1627675,complete,playbyplay_inferred,1611661323,Connecticut Sun
Shot Chart Detail,1021800193,26,1627675,Courtney Williams,1611661324,Minnesota Lynx,1,7,38,Made Shot,Turnaround Jump Shot,2PT Field Goal,Mid-Range,Left Side Center(LC),16-24 ft.,18,-79,172,1,1,20180817,CON,MIN,2018,102180019326,1420,validated,202662,1,matched,playbyplayv2,1611661323,101030|200671|201480|202632|1628508,complete,playbyplay_inferred,202662|203015|203826|1627673|1627675,complete,playbyplay_inferred,1611661323,Connecticut Sun
Shot Chart Detail,1021800193,35,202662,Jasmine Thomas,1611661324,Minnesota Lynx,1,6,56,Made Shot,Pullup Jump shot,2PT Field Goal,Mid-Range,Center(C),16-24 ft.,18,-6,184,1,1,20180817,CON,MIN,2018,102180019335,1840,validated,,0,matched,playbyplayv2,1611661323,100915|200671|201480|202632|1628508,complete,playbyplay_inferred,202662|203015|203826|1627673|1627675,complete,playbyplay_inferred,1611661323,Connecticut Sun
Shot Chart Detail,1021800193,40,1627673,Jonquel Jones,1611661324,Minnesota Lynx,1,6,28,Missed Shot,Jump Shot,2PT Field Goal,Mid-Range,Left Side Center(LC),16-24 ft.,16,-129,95,1,0,20180817,CON,MIN,2018,102180019340,2120,validated,,0,matched,playbyplayv2,1611661323,100915|200671|201480|202632|1628508,complete,playbyplay_inferred,202662|203015|203826|1627673|1627675,complete,playbyplay_inferred,1611661323,Connecticut Sun
Shot Chart Detail,1021800193,42,203826,Alyssa Thomas,1611661324,Minnesota Lynx,1,6,16,Missed Shot,Turnaround Fadeaway Bank Jump Shot,2PT Field Goal,In The Paint (Non-RA),Center(C),Less Than 8 ft.,5,55,-9,1,0,20180817,CON,MIN,2018,102180019342,2240,validated,,0,matched,playbyplayv2,1611661323,100915|200671|201480|202632|1628508,complete,playbyplay_inferred,202662|203015|203826|1627673|1627675,complete,playbyplay_inferred,1611661323,Connecticut Sun
Shot Chart Detail,1021800193,48,1627675,Courtney Williams,1611661324,Minnesota Lynx,1,5,49,Made Shot,Jump Shot,2PT Field Goal,Mid-Range,Right Side(R),8-16 ft.,14,148,23,1,1,20180817,CON,MIN,2018,102180019348,2510,validated,203826,1,matched,playbyplayv2,1611661323,100915|200671|201480|202632|1628508,complete,playbyplay_inferred,202662|203015|203826|1627673|1627675,complete,playbyplay_inferred,1611661323,Connecticut Sun
Shot Chart Detail,1021800193,52,202662,Jasmine Thomas,1611661324,Minnesota Lynx,1,5,25,Made Shot,Driving Finger Roll Layup Shot,2PT Field Goal,Restricted Area,Center(C),Less Than 8 ft.,1,13,6,1,1,20180817,CON,MIN,2018,102180019352,2750,validated,,0,matched,playbyplayv2,1611661323,100915|200671|201480|202632|1628508,complete,playbyplay_inferred,202662|203015|203826|1627673|1627675,complete,playbyplay_inferred,1611661323,Connecticut Sun
Shot Chart Detail,1021800193,55,1627675,Courtney Williams,1611661324,Minnesota Lynx,1,4,57,Missed Shot,Pullup Jump shot,2PT Field Goal,Mid-Range,Right Side(R),16-24 ft.,17,149,87,1,0,20180817,CON,MIN,2018,102180019355,3030,validated,,0,matched,playbyplayv2,1611661323,100915|200671|201480|202632|1628508,complete,playbyplay_inferred,202662|203015|203826|1627673|1627675,complete,playbyplay_inferred,1611661323,Connecticut Sun
Shot Chart Detail,1021800193,64,203015,Shekinna Stricklen,1611661324,Minnesota Lynx,1,4,32,Made Shot,Jump Shot,3PT Field Goal,Above the Break 3,Right Side Center(RC),16-24 ft.,23,124,202,1,1,20180817,CON,MIN,2018,102180019364,3280,validated,202662,1,matched,playbyplayv2,1611661323,100915|200671|201480|202632|1628508,complete,playbyplay_inferred,202662|203015|203826|1627675|1628280,complete,playbyplay_inferred,1611661323,Connecticut Sun
Shot Chart Detail,1021800193,67,1627675,Courtney Williams,1611661324,Minnesota Lynx,1,4,1,Made Shot,Jump Shot,3PT Field Goal,Above the Break 3,Right Side(R),16-24 ft.,23,203,117,1,1,20180817,CON,MIN,2018,102180019367,3590,validated,203826,1,matched,playbyplayv2,1611661323,100915|200671|201480|202632|1628508,complete,playbyplay_inferred,202662|203015|203826|1627675|1628280,complete,playbyplay_inferred,1611661323,Connecticut Sun
Shot Chart Detail,1021800193,75,1627675,Courtney Williams,1611661324,Minnesota Lynx,1,2,54,Missed Shot,Jump Shot,2PT Field Goal,Mid-Range,Left Side(L),16-24 ft.,16,-160,33,1,0,20180817,CON,MIN,2018,102180019375,4260,validated,,0,matched,playbyplayv2,1611661323,100915|200671|201480|202632|1628508,complete,playbyplay_inferred,202662|203015|203826|1627675|1628280,complete,playbyplay_inferred,1611661323,Connecticut Sun
Shot Chart Detail,1021800193,79,203015,Shekinna Stricklen,1611661324,Minnesota Lynx,1,2,24,Missed Shot,Jump Shot,3PT Field Goal,Above the Break 3,Right Side Center(RC),24+ ft.,25,172,188,1,0,20180817,CON,MIN,2018,102180019379,4560,validated,,0,matched,playbyplayv2,1611661323,100915|200671|201480|202632|1628508,complete,playbyplay_inferred,202662|203015|203826|1627675|1628280,complete,playbyplay_inferred,1611661323,Connecticut Sun
Shot Chart Detail,1021800193,83,203826,Alyssa Thomas,1611661324,Minnesota Lynx,1,1,50,Made Shot,Driving Layup Shot,2PT Field Goal,Restricted Area,Center(C),Less Than 8 ft.,2,16,12,1,1,20180817,CON,MIN,2018,102180019383,4900,validated,,0,matched,playbyplayv2,1611661323,100915|200671|201480|202632|1628508,complete,playbyplay_inferred,202662|203015|203826|1627675|1628280,complete,playbyplay_inferred,1611661323,Connecticut Sun
Shot Chart Detail,1021800193,104,204335,Betnijah Laney-Hamilton,1611661324,Minnesota Lynx,1,0,47,Missed Shot,Turnaround Jump Shot,2PT Field Goal,Mid-Range,Right Side Center(RC),16-24 ft.,16,97,135,1,0,20180817,CON,MIN,2018,1021800193104,5530,validated,,0,matched,playbyplayv2,1611661323,201480|201503|202632|202641|1628283,complete,playbyplay_inferred,202662|203406|203826|204335|1627673,complete,playbyplay_inferred,1611661323,Connecticut Sun
Shot Chart Detail,1021800193,120,202662,Jasmine Thomas,1611661324,Minnesota Lynx,1,0,0,Missed Shot,Pullup Jump shot,3PT Field Goal,Above the Break 3,Left Side Center(LC),24+ ft.,25,-190,164,1,0,20180817,CON,MIN,2018,1021800193120,6000,validated,,0,matched,playbyplayv2,1611661323,201503|202632|202641|1627701|1628283,complete,playbyplay_inferred,202662|203406|203826|204335|1627673,complete,playbyplay_inferred,1611661323,Connecticut Sun
Shot Chart Detail,1021800193,130,203406,Layshia Clarendon,1611661324,Minnesota Lynx,2,9,42,Made Shot,Layup Shot,2PT Field Goal,Restricted Area,Center(C),Less Than 8 ft.,2,24,6,1,1,20180817,CON,MIN,2018,1021800193130,6180,validated,203826,1,matched,playbyplayv2,1611661323,201503|202632|202641|1627701|1628283,complete,playbyplay_inferred,203406|203826|1627670|1627673|1627675,complete,playbyplay_inferred,1611661323,Connecticut Sun
Shot Chart Detail,1021800193,135,1627675,Courtney Williams,1611661324,Minnesota Lynx,2,9,7,Missed Shot,Jump Shot,2PT Field Goal,Mid-Range,Right Side(R),8-16 ft.,15,130,77,1,0,20180817,CON,MIN,2018,1021800193135,6530,validated,,0,matched,playbyplayv2,1611661323,201503|202632|202641|1627701|1628283,complete,playbyplay_inferred,203406|203826|1627670|1627673|1627675,complete,playbyplay_inferred,1611661323,Connecticut Sun
Shot Chart Detail,1021800193,139,1627673,Jonquel Jones,1611661324,Minnesota Lynx,2,8,40,Made Shot,Step Back Jump shot,3PT Field Goal,Above the Break 3,Center(C),16-24 ft.,23,-6,237,1,1,20180817,CON,MIN,2018,1021800193139,6800,validated,203406,1,matched,playbyplayv2,1611661323,201503|202632|202641|1627701|1628283,complete,playbyplay_inferred,203406|203826|1627670|1627673|1627675,complete,playbyplay_inferred,1611661323,Connecticut Sun
Shot Chart Detail,1021800193,141,1627670,Morgan Tuck,1611661324,Minnesota Lynx,2,8,2,Missed Shot,Pullup Jump shot,2PT Field Goal,Mid-Range,Center(C),16-24 ft.,18,-8,188,1,0,20180817,CON,MIN,2018,1021800193141,7180,validated,,0,matched,playbyplayv2,1611661323,201503|202632|202641|1627701|1628283,complete,playbyplay_inferred,203406|203826|1627670|1627673|1627675,complete,playbyplay_inferred,1611661323,Connecticut Sun
Shot Chart Detail,1021800193,159,203406,Layshia Clarendon,1611661324,Minnesota Lynx,2,6,41,Made Shot,Driving Layup Shot,2PT Field Goal,Restricted Area,Center(C),Less Than 8 ft.,1,-3,13,1,1,20180817,CON,MIN,2018,1021800193159,7990,validated,1627673,1,matched,playbyplayv2,1611661323,200671|201503|1627701|1628283|1628508,complete,playbyplay_inferred,203406|203826|1627670|1627673|1627675,complete,playbyplay_inferred,1611661323,Connecticut Sun
Shot Chart Detail,1021800193,167,203406,Layshia Clarendon,1611661324,Minnesota Lynx,2,6,16,Missed Shot,Driving Reverse Layup Shot,2PT Field Goal,Restricted Area,Center(C),Less Than 8 ft.,2,-1,27,1,0,20180817,CON,MIN,2018,1021800193167,8240,validated,,0,matched,playbyplayv2,1611661323,101030|200671|201480|201503|1628508,complete,playbyplay_inferred,203406|203826|1627670|1627673|1627675,complete,playbyplay_inferred,1611661323,Connecticut Sun
Shot Chart Detail,1021800193,172,1627670,Morgan Tuck,1611661324,Minnesota Lynx,2,5,40,Made Shot,Hook Shot,2PT Field Goal,Restricted Area,Center(C),Less Than 8 ft.,1,-1,12,1,1,20180817,CON,MIN,2018,1021800193172,8600,validated,1627675,1,matched,playbyplayv2,1611661323,101030|200671|201480|201503|1628508,complete,playbyplay_inferred,203406|203826|1627670|1627673|1627675,complete,playbyplay_inferred,1611661323,Connecticut Sun
Shot Chart Detail,1021800193,178,1627673,Jonquel Jones,1611661324,Minnesota Lynx,2,5,10,Missed Shot,Jump Shot,3PT Field Goal,Above the Break 3,Right Side Center(RC),24+ ft.,23,220,93,1,0,20180817,CON,MIN,2018,1021800193178,8900,validated,,0,matched,playbyplayv2,1611661323,101030|200671|201480|202632|1628508,complete,playbyplay_inferred,203406|203826|1627670|1627673|1627675,complete,playbyplay_inferred,1611661323,Connecticut Sun
Shot Chart Detail,1021800193,206,203406,Layshia Clarendon,1611661324,Minnesota Lynx,2,3,38,Made Shot,Driving Layup Shot,2PT Field Goal,Restricted Area,Center(C),Less Than 8 ft.,1,13,6,1,1,20180817,CON,MIN,2018,1021800193206,9820,validated,,0,matched,playbyplayv2,1611661323,101030|200671|202632|1627701|1628508,complete,playbyplay_inferred,202662|203406|203826|1627675|1628280,complete,playbyplay_inferred,1611661323,Connecticut Sun
Shot Chart Detail,1021800193,212,1627675,Courtney Williams,1611661324,Minnesota Lynx,2,2,58,Made Shot,Driving Floating Bank Jump Shot,2PT Field Goal,Mid-Range,Right Side(R),8-16 ft.,10,102,27,1,1,20180817,CON,MIN,2018,1021800193212,10220,validated,202662,1,matched,playbyplayv2,1611661323,101030|200671|202632|1627701|1628508,complete,playbyplay_inferred,202662|203406|203826|1627675|1628280,complete,playbyplay_inferred,1611661323,Connecticut Sun
Shot Chart Detail,1021800193,217,1627675,Courtney Williams,1611661324,Minnesota Lynx,2,2,32,Missed Shot,Pullup Jump shot,2PT Field Goal,Mid-Range,Center(C),16-24 ft.,21,4,211,1,0,20180817,CON,MIN,2018,1021800193217,10480,validated,,0,matched,playbyplayv2,1611661323,101030|200671|202632|1627701|1628508,complete,playbyplay_inferred,202662|203406|203826|1627675|1628280,complete,playbyplay_inferred,1611661323,Connecticut Sun
Shot Chart Detail,1021800193,221,203406,Layshia Clarendon,1611661324,Minnesota Lynx,2,2,12,Made Shot,Driving Floating Jump Shot,2PT Field Goal,Mid-Range,Center(C),8-16 ft.,15,-47,152,1,1,20180817,CON,MIN,2018,1021800193221,10680,validated,,0,matched,playbyplayv2,1611661323,101030|200671|202632|1627701|1628508,complete,playbyplay_inferred,202662|203406|203826|1627675|1628280,complete,playbyplay_inferred,1611661323,Connecticut Sun
Shot Chart Detail,1021800193,224,203406,Layshia Clarendon,1611661324,Minnesota Lynx,2,1,29,Made Shot,Cutting Finger Roll Layup Shot,2PT Field Goal,Restricted Area,Center(C),Less Than 8 ft.,1,-19,2,1,1,20180817,CON,MIN,2018,1021800193224,11110,validated,203826,1,matched,playbyplayv2,1611661323,101030|200671|202632|1627701|1628508,complete,playbyplay_inferred,202662|203406|203826|1627675|1628280,complete,playbyplay_inferred,1611661323,Connecticut Sun
Shot Chart Detail,1021800193,228,203406,Layshia Clarendon,1611661324,Minnesota Lynx,2,0,51,Missed Shot,Jump Shot,3PT Field Goal,Above the Break 3,Left Side Center(LC),24+ ft.,24,-167,175,1,0,20180817,CON,MIN,2018,1021800193228,11490,validated,,0,matched,playbyplayv2,1611661323,101030|200671|202632|1627701|1628508,complete,playbyplay_inferred,202662|203406|203826|1627675|1628280,complete,playbyplay_inferred,1611661323,Connecticut Sun
Shot Chart Detail,1021800193,258,202662,Jasmine Thomas,1611661324,Minnesota Lynx,3,9,34,Made Shot,Driving Finger Roll Layup Shot,2PT Field Goal,Restricted Area,Center(C),Less Than 8 ft.,1,8,16,1,1,20180817,CON,MIN,2018,1021800193258,12260,validated,,0,matched,playbyplayv2,1611661323,101030|200671|201480|202632|1628508,complete,playbyplay_inferred,202662|203015|203826|1627673|1627675,complete,playbyplay_inferred,1611661323,Connecticut Sun
Shot Chart Detail,1021800193,261,202662,Jasmine Thomas,1611661324,Minnesota Lynx,3,8,57,Missed Shot,Jump Shot,3PT Field Goal,Above the Break 3,Right Side Center(RC),24+ ft.,24,135,206,1,0,20180817,CON,MIN,2018,1021800193261,12630,validated,,0,matched,playbyplayv2,1611661323,101030|200671|201480|202632|1628508,complete,playbyplay_inferred,202662|203015|203826|1627673|1627675,complete,playbyplay_inferred,1611661323,Connecticut Sun
Shot Chart Detail,1021800193,263,203826,Alyssa Thomas,1611661324,Minnesota Lynx,3,8,55,Made Shot,Putback Layup Shot,2PT Field Goal,Restricted Area,Center(C),Less Than 8 ft.,2,18,13,1,1,20180817,CON,MIN,2018,1021800193263,12650,validated,,0,matched,playbyplayv2,1611661323,101030|200671|201480|202632|1628508,complete,playbyplay_inferred,202662|203015|203826|1627673|1627675,complete,playbyplay_inferred,1611661323,Connecticut Sun
Shot Chart Detail,1021800193,266,203826,Alyssa Thomas,1611661324,Minnesota Lynx,3,8,14,Missed Shot,Driving Layup Shot,2PT Field Goal,Restricted Area,Center(C),Less Than 8 ft.,2,-17,17,1,0,20180817,CON,MIN,2018,1021800193266,13060,validated,,0,matched,playbyplayv2,1611661323,101030|200671|201480|202632|1628508,complete,playbyplay_inferred,202662|203015|203826|1627673|1627675,complete,playbyplay_inferred,1611661323,Connecticut Sun
Shot Chart Detail,1021800193,270,1627675,Courtney Williams,1611661324,Minnesota Lynx,3,7,42,Missed Shot,Pullup Jump shot,2PT Field Goal,In The Paint (Non-RA),Center(C),Less Than 8 ft.,7,58,40,1,0,20180817,CON,MIN,2018,1021800193270,13380,validated,,0,matched,playbyplayv2,1611661323,101030|200671|201480|202632|1628508,complete,playbyplay_inferred,202662|203015|203826|1627673|1627675,complete,playbyplay_inferred,1611661323,Connecticut Sun
Shot Chart Detail,1021800193,274,202662,Jasmine Thomas,1611661324,Minnesota Lynx,3,7,24,Missed Shot,Jump Shot,2PT Field Goal,Mid-Range,Left Side Center(LC),16-24 ft.,17,-66,166,1,0,20180817,CON,MIN,2018,1021800193274,13560,validated,,0,matched,playbyplayv2,1611661323,101030|200671|201480|202632|1628508,complete,playbyplay_inferred,202662|203015|203826|1627673|1627675,complete,playbyplay_inferred,1611661323,Connecticut Sun
Shot Chart Detail,1021800193,278,1627673,Jonquel Jones,1611661324,Minnesota Lynx,3,6,54,Made Shot,Step Back Jump shot,3PT Field Goal,Above the Break 3,Right Side Center(RC),24+ ft.,25,111,228,1,1,20180817,CON,MIN,2018,1021800193278,13860,validated,1627675,1,matched,playbyplayv2,1611661323,101030|200671|201480|202632|1628508,complete,playbyplay_inferred,202662|203015|203826|1627673|1627675,complete,playbyplay_inferred,1611661323,Connecticut Sun
Shot Chart Detail,1021800193,282,203826,Alyssa Thomas,1611661324,Minnesota Lynx,3,6,27,Made Shot,Driving Layup Shot,2PT Field Goal,Restricted Area,Center(C),Less Than 8 ft.,1,-2,16,1,1,20180817,CON,MIN,2018,1021800193282,14130,validated,,0,matched,playbyplayv2,1611661323,101030|200671|201480|202632|1628508,complete,playbyplay_inferred,202662|203015|203826|1627673|1627675,complete,playbyplay_inferred,1611661323,Connecticut Sun
Shot Chart Detail,1021800193,285,1627673,Jonquel Jones,1611661324,Minnesota Lynx,3,5,54,Made Shot,Cutting Layup Shot,2PT Field Goal,Restricted Area,Center(C),Less Than 8 ft.,1,-3,18,1,1,20180817,CON,MIN,2018,1021800193285,14460,validated,203826,1,matched,playbyplayv2,1611661323,101030|200671|201480|202632|1628508,complete,playbyplay_inferred,202662|203015|203826|1627673|1627675,complete,playbyplay_inferred,1611661323,Connecticut Sun
Shot Chart Detail,1021800193,291,203826,Alyssa Thomas,1611661324,Minnesota Lynx,3,5,20,Made Shot,Driving Finger Roll Layup Shot,2PT Field Goal,Restricted Area,Center(C),Less Than 8 ft.,1,15,12,1,1,20180817,CON,MIN,2018,1021800193291,14800,validated,,0,matched,playbyplayv2,1611661323,101030|200671|201480|202632|1628508,complete,playbyplay_inferred,202662|203015|203826|1627673|1627675,complete,playbyplay_inferred,1611661323,Connecticut Sun
Shot Chart Detail,1021800193,304,203826,Alyssa Thomas,1611661324,Minnesota Lynx,3,4,43,Made Shot,Cutting Layup Shot,2PT Field Goal,Restricted Area,Center(C),Less Than 8 ft.,1,6,17,1,1,20180817,CON,MIN,2018,1021800193304,15170,validated,202662,1,matched,playbyplayv2,1611661323,101030|200671|201480|202632|1628508,complete,playbyplay_inferred,202662|203015|203826|1627671|1628280,complete,playbyplay_inferred,1611661323,Connecticut Sun
Shot Chart Detail,1021800193,314,203015,Shekinna Stricklen,1611661324,Minnesota Lynx,3,3,44,Made Shot,Jump Shot,3PT Field Goal,Left Corner 3,Left Side(L),24+ ft.,23,-230,18,1,1,20180817,CON,MIN,2018,1021800193314,15760,validated,203826,1,matched,playbyplayv2,1611661323,101030|200671|201480|202632|1628508,complete,playbyplay_inferred,202662|203015|203826|1627671|1628280,complete,playbyplay_inferred,1611661323,Connecticut Sun
Shot Chart Detail,1021800193,318,203015,Shekinna Stricklen,1611661324,Minnesota Lynx,3,3,3,Missed Shot,Jump Shot,2PT Field Goal,Mid-Range,Right Side Center(RC),16-24 ft.,20,87,187,1,0,20180817,CON,MIN,2018,1021800193318,16170,validated,,0,matched,playbyplayv2,1611661323,101030|200671|201480|202632|1628508,complete,playbyplay_inferred,202662|203015|203826|1627671|1628280,complete,playbyplay_inferred,1611661323,Connecticut Sun
Shot Chart Detail,1021800193,327,203015,Shekinna Stricklen,1611661324,Minnesota Lynx,3,2,26,Missed Shot,Jump Shot,3PT Field Goal,Above the Break 3,Right Side Center(RC),24+ ft.,24,196,147,1,0,20180817,CON,MIN,2018,1021800193327,16540,validated,,0,matched,playbyplayv2,1611661323,100915|200671|201480|202632|1628508,complete,playbyplay_inferred,202662|203015|203826|1627671|1628280,complete,playbyplay_inferred,1611661323,Connecticut Sun
Shot Chart Detail,1021800193,332,202662,Jasmine Thomas,1611661324,Minnesota Lynx,3,2,1,Missed Shot,Jump Shot,3PT Field Goal,Above the Break 3,Center(C),16-24 ft.,23,-9,233,1,0,20180817,CON,MIN,2018,1021800193332,16790,validated,,0,matched,playbyplayv2,1611661323,100915|200671|201480|202632|1628508,complete,playbyplay_inferred,202662|203015|203826|1627671|1628280,complete,playbyplay_inferred,1611661323,Connecticut Sun
Shot Chart Detail,1021800193,344,1627673,Jonquel Jones,1611661324,Minnesota Lynx,3,1,37,Made Shot,Jump Shot,3PT Field Goal,Above the Break 3,Center(C),24+ ft.,25,-60,243,1,1,20180817,CON,MIN,2018,1021800193344,17030,validated,203406,1,matched,playbyplayv2,1611661323,100915|200671|201480|202632|1628508,complete,playbyplay_inferred,202662|203406|203826|1627671|1627673,complete,playbyplay_inferred,1611661323,Connecticut Sun
Shot Chart Detail,1021800193,354,203826,Alyssa Thomas,1611661324,Minnesota Lynx,3,0,38,Made Shot,Driving Floating Bank Jump Shot,2PT Field Goal,Restricted Area,Center(C),Less Than 8 ft.,1,-4,13,1,1,20180817,CON,MIN,2018,1021800193354,17620,validated,202662,1,matched,playbyplayv2,1611661323,100915|200671|201480|202632|1628508,complete,playbyplay_inferred,202662|203406|203826|1627671|1627673,complete,playbyplay_inferred,1611661323,Connecticut Sun
Shot Chart Detail,1021800193,358,1627673,Jonquel Jones,1611661324,Minnesota Lynx,3,0,19,Missed Shot,Jump Shot,3PT Field Goal,Above the Break 3,Left Side Center(LC),24+ ft.,23,-98,219,1,0,20180817,CON,MIN,2018,1021800193358,17810,validated,,0,matched,playbyplayv2,1611661323,100915|200671|201480|202632|1628508,complete,playbyplay_inferred,202662|203406|203826|1627671|1627673,complete,playbyplay_inferred,1611661323,Connecticut Sun
Shot Chart Detail,1021800193,378,203406,Layshia Clarendon,1611661324,Minnesota Lynx,4,9,39,Missed Shot,Jump Shot,2PT Field Goal,Mid-Range,Left Side(L),8-16 ft.,14,-121,79,1,0,20180817,CON,MIN,2018,1021800193378,18210,validated,,0,matched,playbyplayv2,1611661323,100915|101030|201480|201503|202632,complete,playbyplay_inferred,202662|203406|1627670|1627671|1627673,complete,playbyplay_inferred,1611661323,Connecticut Sun
Shot Chart Detail,1021800193,380,202662,Jasmine Thomas,1611661324,Minnesota Lynx,4,9,26,Missed Shot,Jump Shot,2PT Field Goal,Mid-Range,Center(C),16-24 ft.,21,-58,204,1,0,20180817,CON,MIN,2018,1021800193380,18340,validated,,0,matched,playbyplayv2,1611661323,100915|101030|201480|201503|202632,complete,playbyplay_inferred,202662|203406|1627670|1627671|1627673,complete,playbyplay_inferred,1611661323,Connecticut Sun
Shot Chart Detail,1021800193,382,203406,Layshia Clarendon,1611661324,Minnesota Lynx,4,9,13,Made Shot,Cutting Layup Shot,2PT Field Goal,Restricted Area,Center(C),Less Than 8 ft.,1,1,13,1,1,20180817,CON,MIN,2018,1021800193382,18470,validated,1627670,1,matched,playbyplayv2,1611661323,100915|101030|201480|201503|202632,complete,playbyplay_inferred,202662|203406|1627670|1627671|1627673,complete,playbyplay_inferred,1611661323,Connecticut Sun
Shot Chart Detail,1021800193,386,202662,Jasmine Thomas,1611661324,Minnesota Lynx,4,8,31,Missed Shot,Jump Shot,2PT Field Goal,Mid-Range,Left Side(L),16-24 ft.,20,-203,37,1,0,20180817,CON,MIN,2018,1021800193386,18890,validated,,0,matched,playbyplayv2,1611661323,100915|101030|201480|201503|202632,complete,playbyplay_inferred,202662|203406|1627670|1627671|1627673,complete,playbyplay_inferred,1611661323,Connecticut Sun
Shot Chart Detail,1021800193,393,1627673,Jonquel Jones,1611661324,Minnesota Lynx,4,7,56,Made Shot,Step Back Jump shot,3PT Field Goal,Above the Break 3,Center(C),24+ ft.,24,48,243,1,1,20180817,CON,MIN,2018,1021800193393,19240,validated,203406,1,matched,playbyplayv2,1611661323,100915|101030|201480|201503|202632,complete,playbyplay_inferred,202662|203406|1627670|1627671|1627673,complete,playbyplay_inferred,1611661323,Connecticut Sun
Shot Chart Detail,1021800193,410,1627673,Jonquel Jones,1611661324,Minnesota Lynx,4,6,49,Made Shot,Cutting Layup Shot,2PT Field Goal,Restricted Area,Center(C),Less Than 8 ft.,0,4,9,1,1,20180817,CON,MIN,2018,1021800193410,19910,validated,1627670,1,matched,playbyplayv2,1611661323,101030|201480|201503|202641|1628508,complete,playbyplay_inferred,202662|203406|1627670|1627671|1627673,complete,playbyplay_inferred,1611661323,Connecticut Sun
Shot Chart Detail,1021800193,421,1627670,Morgan Tuck,1611661324,Minnesota Lynx,4,6,0,Missed Shot,Jump Shot,3PT Field Goal,Above the Break 3,Left Side Center(LC),24+ ft.,23,-102,215,1,0,20180817,CON,MIN,2018,1021800193421,20400,validated,,0,matched,playbyplayv2,1611661323,101030|200671|202641|1627701|1628508,complete,playbyplay_inferred,202662|203406|1627670|1627671|1627673,complete,playbyplay_inferred,1611661323,Connecticut Sun
Shot Chart Detail,1021800193,439,202662,Jasmine Thomas,1611661324,Minnesota Lynx,4,4,39,Missed Shot,Pullup Jump shot,2PT Field Goal,Mid-Range,Right Side(R),16-24 ft.,18,181,23,1,0,20180817,CON,MIN,2018,1021800193439,21210,validated,,0,matched,playbyplayv2,1611661323,101030|200671|202641|1627701|1628508,complete,playbyplay_inferred,202662|203406|1627670|1627673|1627675,complete,playbyplay_inferred,1611661323,Connecticut Sun
Shot Chart Detail,1021800193,450,1627675,Courtney Williams,1611661324,Minnesota Lynx,4,3,43,Made Shot,Driving Hook Shot,2PT Field Goal,Restricted Area,Center(C),Less Than 8 ft.,2,13,16,1,1,20180817,CON,MIN,2018,1021800193450,21770,validated,203826,1,matched,playbyplayv2,1611661323,101030|202641|1627701|1628283|1628508,complete,playbyplay_inferred,202662|203406|203826|1627673|1627675,complete,playbyplay_inferred,1611661323,Connecticut Sun
Shot Chart Detail,1021800193,457,1627673,Jonquel Jones,1611661324,Minnesota Lynx,4,3,7,Made Shot,Jump Shot,3PT Field Goal,Above the Break 3,Center(C),24+ ft.,23,7,238,1,1,20180817,CON,MIN,2018,1021800193457,22130,validated,203406,1,matched,playbyplayv2,1611661323,101030|202641|1627701|1628283|1628508,complete,playbyplay_inferred,202662|203406|203826|1627673|1627675,complete,playbyplay_inferred,1611661323,Connecticut Sun
Shot Chart Detail,1021800193,466,1627675,Courtney Williams,1611661324,Minnesota Lynx,4,2,3,Made Shot,Jump Shot,2PT Field Goal,Mid-Range,Right Side(R),16-24 ft.,17,162,75,1,1,20180817,CON,MIN,2018,1021800193466,22770,validated,203406,1,matched,playbyplayv2,1611661323,101030|202641|1627701|1628283|1628508,complete,playbyplay_inferred,202662|203406|203826|1627673|1627675,complete,playbyplay_inferred,1611661323,Connecticut Sun
Shot Chart Detail,1021800193,473,1627673,Jonquel Jones,1611661324,Minnesota Lynx,4,1,33,Made Shot,Layup Shot,2PT Field Goal,In The Paint (Non-RA),Center(C),Less Than 8 ft.,6,3,65,1,1,20180817,CON,MIN,2018,1021800193473,23070,validated,203826,1,matched,playbyplayv2,1611661323,101030|202641|1627701|1628283|1628508,complete,playbyplay_inferred,202662|203406|203826|1627673|1627675,complete,playbyplay_inferred,1611661323,Connecticut Sun
Shot Chart Detail,1021800193,491,1628882,Lexie Brown,1611661324,Minnesota Lynx,4,0,47,Missed Shot,Layup Shot,2PT Field Goal,In The Paint (Non-RA),Center(C),Less Than 8 ft.,4,46,15,1,0,20180817,CON,MIN,2018,1021800193491,23530,validated,,0,matched,playbyplayv2,1611661323,101030|202641|1627701|1628283|1628508,complete,playbyplay_inferred,203406|204335|1627670|1628280|1628882,complete,playbyplay_inferred,1611661323,Connecticut Sun
Shot Chart Detail,1021800193,495,204335,Betnijah Laney-Hamilton,1611661324,Minnesota Lynx,4,0,29,Made Shot,Driving Layup Shot,2PT Field Goal,Restricted Area,Center(C),Less Than 8 ft.,3,14,27,1,1,20180817,CON,MIN,2018,1021800193495,23710,validated,,0,matched,playbyplayv2,1611661323,101030|202641|1627701|1628283|1628508,complete,playbyplay_inferred,203406|204335|1627670|1628280|1628882,complete,playbyplay_inferred,1611661323,Connecticut Sun
Shot Chart Detail,1021800204,7,201506,LaToya Sanders,1611661324,Minnesota Lynx,1,9,42,Missed Shot,Pullup Jump shot,2PT Field Goal,Mid-Range,Right Side(R),8-16 ft.,13,136,14,1,0,20180819,MIN,WAS,2018,10218002047,180,validated,,0,matched,playbyplayv2,1611661322,100915|200671|201480|202632|1628508,complete,playbyplay_inferred,201506|201911|203399|204333|1628878,complete,playbyplay_inferred,1611661322,Washington Mystics
Shot Chart Detail,1021800204,11,203399,Elena Delle Donne,1611661324,Minnesota Lynx,1,9,12,Missed Shot,Turnaround Jump Shot,2PT Field Goal,Mid-Range,Right Side(R),8-16 ft.,9,96,12,1,0,20180819,MIN,WAS,2018,102180020411,480,validated,,0,matched,playbyplayv2,1611661322,100915|200671|201480|202632|1628508,complete,playbyplay_inferred,201506|201911|203399|204333|1628878,complete,playbyplay_inferred,1611661322,Washington Mystics
Shot Chart Detail,1021800204,13,1628878,Ariel Atkins,1611661324,Minnesota Lynx,1,9,7,Made Shot,Tip Layup Shot,2PT Field Goal,Restricted Area,Center(C),Less Than 8 ft.,0,0,-6,1,1,20180819,MIN,WAS,2018,102180020413,530,validated,,0,matched,playbyplayv2,1611661322,100915|200671|201480|202632|1628508,complete,playbyplay_inferred,201506|201911|203399|204333|1628878,complete,playbyplay_inferred,1611661322,Washington Mystics
Shot Chart Detail,1021800204,16,204333,Natasha Cloud,1611661324,Minnesota Lynx,1,8,38,Missed Shot,Step Back Jump shot,2PT Field Goal,In The Paint (Non-RA),Right Side(R),8-16 ft.,9,55,77,1,0,20180819,MIN,WAS,2018,102180020416,820,validated,,0,matched,playbyplayv2,1611661322,100915|200671|201480|202632|1628508,complete,playbyplay_inferred,201506|201911|203399|204333|1628878,complete,playbyplay_inferred,1611661322,Washington Mystics
Shot Chart Detail,1021800204,33,203399,Elena Delle Donne,1611661324,Minnesota Lynx,1,7,40,Made Shot,Fadeaway Jump Shot,2PT Field Goal,Mid-Range,Right Side(R),8-16 ft.,9,98,7,1,1,20180819,MIN,WAS,2018,102180020433,1400,validated,,0,matched,playbyplayv2,1611661322,100915|200671|201480|202632|1628508,complete,playbyplay_inferred,201506|201911|203399|204333|1628878,complete,playbyplay_inferred,1611661322,Washington Mystics
Shot Chart Detail,1021800204,41,203399,Elena Delle Donne,1611661324,Minnesota Lynx,1,6,39,Made Shot,Fadeaway Jump Shot,2PT Field Goal,Mid-Range,Left Side(L),8-16 ft.,13,-119,60,1,1,20180819,MIN,WAS,2018,102180020441,2010,validated,,0,matched,playbyplayv2,1611661322,100915|200671|201480|202632|1628508,complete,playbyplay_inferred,201506|201911|203399|204333|1628878,complete,playbyplay_inferred,1611661322,Washington Mystics
Shot Chart Detail,1021800204,44,1628878,Ariel Atkins,1611661324,Minnesota Lynx,1,6,13,Made Shot,Driving Layup Shot,2PT Field Goal,Restricted Area,Center(C),Less Than 8 ft.,1,2,14,1,1,20180819,MIN,WAS,2018,102180020444,2270,validated,203399,1,matched,playbyplayv2,1611661322,100915|200671|201480|202632|1628508,complete,playbyplay_inferred,201506|201911|203399|204333|1628878,complete,playbyplay_inferred,1611661322,Washington Mystics
Shot Chart Detail,1021800204,49,204333,Natasha Cloud,1611661324,Minnesota Lynx,1,5,33,Missed Shot,Jump Shot,3PT Field Goal,Above the Break 3,Left Side(L),16-24 ft.,23,-204,121,1,0,20180819,MIN,WAS,2018,102180020449,2670,validated,,0,matched,playbyplayv2,1611661322,101030|200671|201480|202632|1628508,complete,playbyplay_inferred,201506|201911|203399|204333|1628878,complete,playbyplay_inferred,1611661322,Washington Mystics
Shot Chart Detail,1021800204,52,203399,Elena Delle Donne,1611661324,Minnesota Lynx,1,5,18,Made Shot,Jump Shot,3PT Field Goal,Above the Break 3,Left Side Center(LC),24+ ft.,25,-100,234,1,1,20180819,MIN,WAS,2018,102180020452,2820,validated,204333,1,matched,playbyplayv2,1611661322,101030|200671|201480|202632|1628508,complete,playbyplay_inferred,201506|201911|203399|204333|1628878,complete,playbyplay_inferred,1611661322,Washington Mystics
Shot Chart Detail,1021800204,56,201911,Kristi Toliver,1611661324,Minnesota Lynx,1,4,44,Missed Shot,Reverse Layup Shot,2PT Field Goal,Restricted Area,Center(C),Less Than 8 ft.,1,4,18,1,0,20180819,MIN,WAS,2018,102180020456,3160,validated,,0,matched,playbyplayv2,1611661322,101030|200671|201480|202632|1628508,complete,playbyplay_inferred,201506|201911|203399|204333|1628878,complete,playbyplay_inferred,1611661322,Washington Mystics
Shot Chart Detail,1021800204,75,201911,Kristi Toliver,1611661324,Minnesota Lynx,1,3,33,Missed Shot,Layup Shot,2PT Field Goal,Restricted Area,Center(C),Less Than 8 ft.,3,16,34,1,0,20180819,MIN,WAS,2018,102180020475,3870,validated,,0,matched,playbyplayv2,1611661322,101030|200671|201480|202632|1628508,complete,playbyplay_inferred,200673|201911|202663|203399|203437,complete,playbyplay_inferred,1611661322,Washington Mystics
Shot Chart Detail,1021800204,79,203399,Elena Delle Donne,1611661324,Minnesota Lynx,1,3,4,Missed Shot,Jump Shot,2PT Field Goal,In The Paint (Non-RA),Center(C),8-16 ft.,11,41,109,1,0,20180819,MIN,WAS,2018,102180020479,4160,validated,,0,matched,playbyplayv2,1611661322,101030|200671|201480|202632|1628508,complete,playbyplay_inferred,200673|201911|202663|203399|203437,complete,playbyplay_inferred,1611661322,Washington Mystics
Shot Chart Detail,1021800204,83,201911,Kristi Toliver,1611661324,Minnesota Lynx,1,2,42,Missed Shot,Pullup Jump shot,2PT Field Goal,Mid-Range,Center(C),16-24 ft.,20,2,200,1,0,20180819,MIN,WAS,2018,102180020483,4380,validated,,0,matched,playbyplayv2,1611661322,101030|200671|201480|202632|1628508,complete,playbyplay_inferred,200673|201911|202663|203399|203437,complete,playbyplay_inferred,1611661322,Washington Mystics
Shot Chart Detail,1021800204,85,201911,Kristi Toliver,1611661324,Minnesota Lynx,1,2,33,Made Shot,Jump Shot,3PT Field Goal,Above the Break 3,Left Side Center(LC),24+ ft.,24,-121,215,1,1,20180819,MIN,WAS,2018,102180020485,4470,validated,203437,1,matched,playbyplayv2,1611661322,101030|200671|201480|202632|1628508,complete,playbyplay_inferred,200673|201911|202663|203399|203437,complete,playbyplay_inferred,1611661322,Washington Mystics
Shot Chart Detail,1021800204,89,203399,Elena Delle Donne,1611661324,Minnesota Lynx,1,1,59,Made Shot,Fadeaway Jump Shot,2PT Field Goal,Mid-Range,Right Side(R),8-16 ft.,10,93,41,1,1,20180819,MIN,WAS,2018,102180020489,4810,validated,,0,matched,playbyplayv2,1611661322,101030|200671|201480|202632|1628508,complete,playbyplay_inferred,200673|201911|202663|203399|203437,complete,playbyplay_inferred,1611661322,Washington Mystics
Shot Chart Detail,1021800204,100,200673,Monique Currie,1611661324,Minnesota Lynx,1,1,21,Made Shot,Turnaround Fadeaway shot,2PT Field Goal,Mid-Range,Left Side Center(LC),16-24 ft.,18,-95,154,1,1,20180819,MIN,WAS,2018,1021800204100,5190,validated,203403,1,matched,playbyplayv2,1611661322,101030|201480|202632|1627701|1628283,complete,playbyplay_inferred,200673|202663|203403|203437|1627672,complete,playbyplay_inferred,1611661322,Washington Mystics
Shot Chart Detail,1021800204,104,200673,Monique Currie,1611661324,Minnesota Lynx,1,0,45,Missed Shot,Turnaround Jump Shot,2PT Field Goal,Mid-Range,Left Side(L),8-16 ft.,15,-119,93,1,0,20180819,MIN,WAS,2018,1021800204104,5550,validated,,0,matched,playbyplayv2,1611661322,101030|201480|202632|1627701|1628283,complete,playbyplay_inferred,200673|202663|203403|203437|1627672,complete,playbyplay_inferred,1611661322,Washington Mystics
Shot Chart Detail,1021800204,107,202663,Krystal Thomas,1611661324,Minnesota Lynx,1,0,19,Made Shot,Jump Shot,2PT Field Goal,Mid-Range,Center(C),16-24 ft.,16,30,160,1,1,20180819,MIN,WAS,2018,1021800204107,5810,validated,200673,1,matched,playbyplayv2,1611661322,101030|201480|202632|1627701|1628283,complete,playbyplay_inferred,200673|202663|203403|203437|1627672,complete,playbyplay_inferred,1611661322,Washington Mystics
Shot Chart Detail,1021800204,114,203437,Tierra Ruffin-Pratt,1611661324,Minnesota Lynx,1,0,0,Missed Shot,Pullup Jump shot,3PT Field Goal,Above the Break 3,Center(C),24+ ft.,25,4,250,1,0,20180819,MIN,WAS,2018,1021800204114,6000,validated,,0,matched,playbyplayv2,1611661322,101030|201480|202632|1627701|1628283,complete,playbyplay_inferred,200673|202663|203403|203437|1627672,complete,playbyplay_inferred,1611661322,Washington Mystics
Shot Chart Detail,1021800204,129,1627672,Aerial Powers,1611661324,Minnesota Lynx,2,9,22,Made Shot,Jump Shot,3PT Field Goal,Above the Break 3,Right Side Center(RC),24+ ft.,25,158,194,1,1,20180819,MIN,WAS,2018,1021800204129,6380,validated,204333,1,matched,playbyplayv2,1611661322,100915|101030|201480|1627701|1628508,complete,playbyplay_inferred,201506|203403|203437|204333|1627672,complete,playbyplay_inferred,1611661322,Washington Mystics
Shot Chart Detail,1021800204,136,1627672,Aerial Powers,1611661324,Minnesota Lynx,2,8,33,Made Shot,Jump Shot,2PT Field Goal,In The Paint (Non-RA),Center(C),Less Than 8 ft.,5,15,49,1,1,20180819,MIN,WAS,2018,1021800204136,6870,validated,,0,matched,playbyplayv2,1611661322,100915|101030|201480|1627701|1628508,complete,playbyplay_inferred,201506|203403|203437|204333|1627672,complete,playbyplay_inferred,1611661322,Washington Mystics
Shot Chart Detail,1021800204,139,203403,Tianna Hawkins,1611661324,Minnesota Lynx,2,8,6,Made Shot,Jump Shot,2PT Field Goal,Restricted Area,Center(C),Less Than 8 ft.,1,3,19,1,1,20180819,MIN,WAS,2018,1021800204139,7140,validated,204333,1,matched,playbyplayv2,1611661322,100915|101030|201480|1627701|1628508,complete,playbyplay_inferred,201506|203403|203437|204333|1627672,complete,playbyplay_inferred,1611661322,Washington Mystics
Shot Chart Detail,1021800204,143,204333,Natasha Cloud,1611661324,Minnesota Lynx,2,7,27,Missed Shot,Jump Shot,3PT Field Goal,Above the Break 3,Right Side Center(RC),24+ ft.,25,166,190,1,0,20180819,MIN,WAS,2018,1021800204143,7530,validated,,0,matched,playbyplayv2,1611661322,100915|101030|201480|1627701|1628508,complete,playbyplay_inferred,201506|203403|203437|204333|1627672,complete,playbyplay_inferred,1611661322,Washington Mystics
Shot Chart Detail,1021800204,147,1627672,Aerial Powers,1611661324,Minnesota Lynx,2,6,58,Missed Shot,Jump Shot,3PT Field Goal,Above the Break 3,Right Side(R),16-24 ft.,23,213,95,1,0,20180819,MIN,WAS,2018,1021800204147,7820,validated,,0,matched,playbyplayv2,1611661322,100915|101030|201480|1627701|1628508,complete,playbyplay_inferred,201506|203403|203437|204333|1627672,complete,playbyplay_inferred,1611661322,Washington Mystics
Shot Chart Detail,1021800204,164,203399,Elena Delle Donne,1611661324,Minnesota Lynx,2,6,19,Made Shot,Fadeaway Jump Shot,2PT Field Goal,In The Paint (Non-RA),Center(C),8-16 ft.,8,-26,77,1,1,20180819,MIN,WAS,2018,1021800204164,8210,validated,1628878,1,matched,playbyplayv2,1611661322,100915|200671|202632|1627701|1628508,complete,playbyplay_inferred,201506|201911|203399|204333|1628878,complete,playbyplay_inferred,1611661322,Washington Mystics
Shot Chart Detail,1021800204,168,1628878,Ariel Atkins,1611661324,Minnesota Lynx,2,5,58,Missed Shot,Jump Shot,3PT Field Goal,Left Corner 3,Left Side(L),24+ ft.,22,-226,-18,1,0,20180819,MIN,WAS,2018,1021800204168,8420,validated,,0,matched,playbyplayv2,1611661322,100915|200671|202632|1627701|1628508,complete,playbyplay_inferred,201506|201911|203399|204333|1628878,complete,playbyplay_inferred,1611661322,Washington Mystics
Shot Chart Detail,1021800204,177,201911,Kristi Toliver,1611661324,Minnesota Lynx,2,4,49,Missed Shot,Jump Shot,3PT Field Goal,Above the Break 3,Left Side Center(LC),24+ ft.,26,-141,221,1,0,20180819,MIN,WAS,2018,1021800204177,9110,validated,,0,matched,playbyplayv2,1611661322,100915|200671|201480|202632|1628508,complete,playbyplay_inferred,201506|201911|203399|204333|1628878,complete,playbyplay_inferred,1611661322,Washington Mystics
Shot Chart Detail,1021800204,181,204333,Natasha Cloud,1611661324,Minnesota Lynx,2,4,17,Made Shot,Step Back Jump shot,2PT Field Goal,Mid-Range,Center(C),16-24 ft.,18,-23,179,1,1,20180819,MIN,WAS,2018,1021800204181,9430,validated,,0,matched,playbyplayv2,1611661322,100915|200671|201480|202632|1628508,complete,playbyplay_inferred,201506|201911|203399|204333|1628878,complete,playbyplay_inferred,1611661322,Washington Mystics
Shot Chart Detail,1021800204,184,201911,Kristi Toliver,1611661324,Minnesota Lynx,2,3,47,Made Shot,Layup Shot,2PT Field Goal,Restricted Area,Center(C),Less Than 8 ft.,2,15,22,1,1,20180819,MIN,WAS,2018,1021800204184,9730,validated,203399,1,matched,playbyplayv2,1611661322,100915|200671|201480|202632|1628508,complete,playbyplay_inferred,201506|201911|203399|204333|1628878,complete,playbyplay_inferred,1611661322,Washington Mystics
Shot Chart Detail,1021800204,195,204333,Natasha Cloud,1611661324,Minnesota Lynx,2,2,53,Made Shot,Jump Shot,3PT Field Goal,Above the Break 3,Left Side Center(LC),24+ ft.,24,-203,138,1,1,20180819,MIN,WAS,2018,1021800204195,10270,validated,201911,1,matched,playbyplayv2,1611661322,100915|200671|201480|202632|1628508,complete,playbyplay_inferred,201506|201911|203399|204333|1628878,complete,playbyplay_inferred,1611661322,Washington Mystics
Shot Chart Detail,1021800204,199,203399,Elena Delle Donne,1611661324,Minnesota Lynx,2,2,20,Missed Shot,Jump Shot,3PT Field Goal,Above the Break 3,Right Side Center(RC),24+ ft.,24,160,188,1,0,20180819,MIN,WAS,2018,1021800204199,10600,validated,,0,matched,playbyplayv2,1611661322,100915|200671|201480|202632|1628508,complete,playbyplay_inferred,201506|201911|203399|204333|1628878,complete,playbyplay_inferred,1611661322,Washington Mystics
Shot Chart Detail,1021800204,206,201911,Kristi Toliver,1611661324,Minnesota Lynx,2,1,36,Missed Shot,Layup Shot,2PT Field Goal,In The Paint (Non-RA),Center(C),8-16 ft.,10,-35,94,1,0,20180819,MIN,WAS,2018,1021800204206,11040,validated,,0,matched,playbyplayv2,1611661322,101030|200671|201480|202632|1628508,complete,playbyplay_inferred,201506|201911|203399|204333|1628878,complete,playbyplay_inferred,1611661322,Washington Mystics
Shot Chart Detail,1021800204,208,201506,LaToya Sanders,1611661324,Minnesota Lynx,2,1,33,Missed Shot,Jump Shot,2PT Field Goal,Restricted Area,Center(C),Less Than 8 ft.,2,17,20,1,0,20180819,MIN,WAS,2018,1021800204208,11070,validated,,0,matched,playbyplayv2,1611661322,101030|200671|201480|202632|1628508,complete,playbyplay_inferred,201506|201911|203399|204333|1628878,complete,playbyplay_inferred,1611661322,Washington Mystics
Shot Chart Detail,1021800204,212,201911,Kristi Toliver,1611661324,Minnesota Lynx,2,1,10,Missed Shot,Jump Shot,2PT Field Goal,Mid-Range,Right Side(R),8-16 ft.,10,98,35,1,0,20180819,MIN,WAS,2018,1021800204212,11300,validated,,0,matched,playbyplayv2,1611661322,101030|200671|201480|202632|1628508,complete,playbyplay_inferred,201506|201911|203399|204333|1628878,complete,playbyplay_inferred,1611661322,Washington Mystics
Shot Chart Detail,1021800204,221,1628878,Ariel Atkins,1611661324,Minnesota Lynx,2,0,45,Missed Shot,Jump Shot,3PT Field Goal,Above the Break 3,Right Side Center(RC),24+ ft.,23,189,145,1,0,20180819,MIN,WAS,2018,1021800204221,11550,validated,,0,matched,playbyplayv2,1611661322,101030|200671|201480|202632|1628508,complete,playbyplay_inferred,201506|201911|203399|204333|1628878,complete,playbyplay_inferred,1611661322,Washington Mystics
Shot Chart Detail,1021800204,225,201911,Kristi Toliver,1611661324,Minnesota Lynx,2,0,7,Made Shot,Jump Shot,3PT Field Goal,Above the Break 3,Left Side Center(LC),24+ ft.,24,-186,153,1,1,20180819,MIN,WAS,2018,1021800204225,11930,validated,201506,1,matched,playbyplayv2,1611661322,101030|200671|201480|202632|1628508,complete,playbyplay_inferred,201506|201911|203399|204333|1628878,complete,playbyplay_inferred,1611661322,Washington Mystics
Shot Chart Detail,1021800204,243,204333,Natasha Cloud,1611661324,Minnesota Lynx,3,8,57,Missed Shot,Driving Layup Shot,2PT Field Goal,Restricted Area,Center(C),Less Than 8 ft.,2,20,15,1,0,20180819,MIN,WAS,2018,1021800204243,12630,validated,,0,matched,playbyplayv2,1611661322,100915|200671|201480|202632|1628508,complete,playbyplay_inferred,201506|201911|203399|204333|1628878,complete,playbyplay_inferred,1611661322,Washington Mystics
Shot Chart Detail,1021800204,247,201506,LaToya Sanders,1611661324,Minnesota Lynx,3,8,20,Made Shot,Layup Shot,2PT Field Goal,Restricted Area,Center(C),Less Than 8 ft.,0,-4,6,1,1,20180819,MIN,WAS,2018,1021800204247,13000,validated,201911,1,matched,playbyplayv2,1611661322,100915|200671|201480|202632|1628508,complete,playbyplay_inferred,201506|201911|203399|204333|1628878,complete,playbyplay_inferred,1611661322,Washington Mystics
Shot Chart Detail,1021800204,253,201911,Kristi Toliver,1611661324,Minnesota Lynx,3,7,43,Made Shot,Driving Layup Shot,2PT Field Goal,In The Paint (Non-RA),Center(C),Less Than 8 ft.,5,-43,32,1,1,20180819,MIN,WAS,2018,1021800204253,13370,validated,,0,matched,playbyplayv2,1611661322,100915|200671|201480|202632|1628508,complete,playbyplay_inferred,201506|201911|203399|204333|1628878,complete,playbyplay_inferred,1611661322,Washington Mystics
Shot Chart Detail,1021800204,261,1628878,Ariel Atkins,1611661324,Minnesota Lynx,3,7,16,Made Shot,Jump Shot,3PT Field Goal,Above the Break 3,Left Side Center(LC),16-24 ft.,23,-180,146,1,1,20180819,MIN,WAS,2018,1021800204261,13640,validated,201911,1,matched,playbyplayv2,1611661322,100915|200671|201480|202632|1628508,complete,playbyplay_inferred,201506|201911|203399|204333|1628878,complete,playbyplay_inferred,1611661322,Washington Mystics
Shot Chart Detail,1021800204,270,201506,LaToya Sanders,1611661324,Minnesota Lynx,3,6,26,Missed Shot,Jump Shot,2PT Field Goal,Mid-Range,Left Side Center(LC),16-24 ft.,16,-64,157,1,0,20180819,MIN,WAS,2018,1021800204270,14140,validated,,0,matched,playbyplayv2,1611661322,100915|200671|201480|202632|1628508,complete,playbyplay_inferred,201506|201911|203399|204333|1628878,complete,playbyplay_inferred,1611661322,Washington Mystics
Shot Chart Detail,1021800204,275,201911,Kristi Toliver,1611661324,Minnesota Lynx,3,5,56,Made Shot,Driving Layup Shot,2PT Field Goal,Restricted Area,Center(C),Less Than 8 ft.,1,-11,6,1,1,20180819,MIN,WAS,2018,1021800204275,14440,validated,,0,matched,playbyplayv2,1611661322,100915|200671|201480|202632|1628508,complete,playbyplay_inferred,201506|201911|203399|204333|1628878,complete,playbyplay_inferred,1611661322,Washington Mystics
Shot Chart Detail,1021800204,283,204333,Natasha Cloud,1611661324,Minnesota Lynx,3,5,21,Missed Shot,Pullup Jump shot,2PT Field Goal,Mid-Range,Center(C),16-24 ft.,18,18,187,1,0,20180819,MIN,WAS,2018,1021800204283,14790,validated,,0,matched,playbyplayv2,1611661322,101030|200671|201480|202632|1628508,complete,playbyplay_inferred,201506|201911|203403|204333|1628878,complete,playbyplay_inferred,1611661322,Washington Mystics
Shot Chart Detail,1021800204,286,201911,Kristi Toliver,1611661324,Minnesota Lynx,3,5,0,Made Shot,Driving Floating Jump Shot,2PT Field Goal,In The Paint (Non-RA),Center(C),Less Than 8 ft.,7,7,72,1,1,20180819,MIN,WAS,2018,1021800204286,15000,validated,,0,matched,playbyplayv2,1611661322,101030|200671|201480|202632|1628508,complete,playbyplay_inferred,201506|201911|203403|204333|1628878,complete,playbyplay_inferred,1611661322,Washington Mystics
Shot Chart Detail,1021800204,289,203403,Tianna Hawkins,1611661324,Minnesota Lynx,3,4,22,Made Shot,Layup Shot,2PT Field Goal,Restricted Area,Center(C),Less Than 8 ft.,0,-4,-3,1,1,20180819,MIN,WAS,2018,1021800204289,15380,validated,,0,matched,playbyplayv2,1611661322,101030|200671|201480|202632|1628508,complete,playbyplay_inferred,201506|201911|203403|204333|1628878,complete,playbyplay_inferred,1611661322,Washington Mystics
Shot Chart Detail,1021800204,293,201506,LaToya Sanders,1611661324,Minnesota Lynx,3,3,55,Made Shot,Jump Shot,2PT Field Goal,Mid-Range,Left Side Center(LC),16-24 ft.,16,-100,131,1,1,20180819,MIN,WAS,2018,1021800204293,15650,validated,201911,1,matched,playbyplayv2,1611661322,101030|200671|201480|202632|1628508,complete,playbyplay_inferred,201506|201911|203403|204333|1628878,complete,playbyplay_inferred,1611661322,Washington Mystics
Shot Chart Detail,1021800204,303,1628878,Ariel Atkins,1611661324,Minnesota Lynx,3,3,24,Missed Shot,Jump Shot,3PT Field Goal,Above the Break 3,Left Side Center(LC),16-24 ft.,23,-172,156,1,0,20180819,MIN,WAS,2018,1021800204303,15960,validated,,0,matched,playbyplayv2,1611661322,101030|200671|201480|202632|1628508,complete,playbyplay_inferred,200673|202663|203403|204333|1628878,complete,playbyplay_inferred,1611661322,Washington Mystics
Shot Chart Detail,1021800204,305,203403,Tianna Hawkins,1611661324,Minnesota Lynx,3,3,21,Made Shot,Putback Layup Shot,2PT Field Goal,Restricted Area,Center(C),Less Than 8 ft.,1,-13,-5,1,1,20180819,MIN,WAS,2018,1021800204305,15990,validated,,0,matched,playbyplayv2,1611661322,101030|200671|201480|202632|1628508,complete,playbyplay_inferred,200673|202663|203403|204333|1628878,complete,playbyplay_inferred,1611661322,Washington Mystics
Shot Chart Detail,1021800204,311,204333,Natasha Cloud,1611661324,Minnesota Lynx,3,2,39,Missed Shot,Jump Shot,3PT Field Goal,Above the Break 3,Center(C),24+ ft.,24,19,242,1,0,20180819,MIN,WAS,2018,1021800204311,16410,validated,,0,matched,playbyplayv2,1611661322,101030|201480|202632|1627701|1628508,complete,playbyplay_inferred,200673|202663|203403|204333|1627672,complete,playbyplay_inferred,1611661322,Washington Mystics
Shot Chart Detail,1021800204,317,1627672,Aerial Powers,1611661324,Minnesota Lynx,3,2,1,Missed Shot,Jump Shot,2PT Field Goal,Mid-Range,Center(C),16-24 ft.,18,40,185,1,0,20180819,MIN,WAS,2018,1021800204317,16790,validated,,0,matched,playbyplayv2,1611661322,101030|201480|202632|1627701|1628508,complete,playbyplay_inferred,200673|202663|203403|204333|1627672,complete,playbyplay_inferred,1611661322,Washington Mystics
Shot Chart Detail,1021800204,327,1627672,Aerial Powers,1611661324,Minnesota Lynx,3,1,30,Made Shot,Driving Layup Shot,2PT Field Goal,Restricted Area,Center(C),Less Than 8 ft.,2,-16,15,1,1,20180819,MIN,WAS,2018,1021800204327,17100,validated,,0,matched,playbyplayv2,1611661322,100915|101030|201480|202632|1627701,complete,playbyplay_inferred,200673|202663|203403|204333|1627672,complete,playbyplay_inferred,1611661322,Washington Mystics
Shot Chart Detail,1021800204,331,203437,Tierra Ruffin-Pratt,1611661324,Minnesota Lynx,3,1,3,Missed Shot,Jump Shot,3PT Field Goal,Above the Break 3,Left Side Center(LC),16-24 ft.,23,-183,146,1,0,20180819,MIN,WAS,2018,1021800204331,17370,validated,,0,matched,playbyplayv2,1611661322,100915|101030|201480|202632|1627701,complete,playbyplay_inferred,200673|202663|203403|203437|1627672,complete,playbyplay_inferred,1611661322,Washington Mystics
Shot Chart Detail,1021800204,341,203403,Tianna Hawkins,1611661324,Minnesota Lynx,3,0,22,Missed Shot,Layup Shot,2PT Field Goal,Restricted Area,Center(C),Less Than 8 ft.,1,-7,13,1,0,20180819,MIN,WAS,2018,1021800204341,17780,validated,,0,matched,playbyplayv2,1611661322,100915|101030|201480|202632|1627701,complete,playbyplay_inferred,200673|202663|203403|203437|1627672,complete,playbyplay_inferred,1611661322,Washington Mystics
Shot Chart Detail,1021800204,343,202663,Krystal Thomas,1611661324,Minnesota Lynx,3,0,21,Made Shot,Tip Layup Shot,2PT Field Goal,Restricted Area,Center(C),Less Than 8 ft.,0,0,-6,1,1,20180819,MIN,WAS,2018,1021800204343,17790,validated,,0,matched,playbyplayv2,1611661322,100915|101030|201480|202632|1627701,complete,playbyplay_inferred,200673|202663|203403|203437|1627672,complete,playbyplay_inferred,1611661322,Washington Mystics
Shot Chart Detail,1021800204,360,200673,Monique Currie,1611661324,Minnesota Lynx,4,9,43,Made Shot,Pullup Jump shot,2PT Field Goal,In The Paint (Non-RA),Center(C),8-16 ft.,12,-54,115,1,1,20180819,MIN,WAS,2018,1021800204360,18170,validated,1627672,1,matched,playbyplayv2,1611661322,100915|101030|201480|1627701|1628508,complete,playbyplay_inferred,200673|202663|203403|203437|1627672,complete,playbyplay_inferred,1611661322,Washington Mystics
Shot Chart Detail,1021800204,364,200673,Monique Currie,1611661324,Minnesota Lynx,4,9,2,Missed Shot,Jump Shot,2PT Field Goal,Mid-Range,Left Side Center(LC),16-24 ft.,19,-128,149,1,0,20180819,MIN,WAS,2018,1021800204364,18580,validated,,0,matched,playbyplayv2,1611661322,100915|101030|201480|1627701|1628508,complete,playbyplay_inferred,200673|202663|203403|203437|1627672,complete,playbyplay_inferred,1611661322,Washington Mystics
Shot Chart Detail,1021800204,382,202663,Krystal Thomas,1611661324,Minnesota Lynx,4,6,41,Missed Shot,Layup Shot,2PT Field Goal,Restricted Area,Center(C),Less Than 8 ft.,0,-7,7,1,0,20180819,MIN,WAS,2018,1021800204382,19990,validated,,0,matched,playbyplayv2,1611661322,100915|200671|201480|1627701|1628508,complete,playbyplay_inferred,200673|202663|203403|203437|1627672,complete,playbyplay_inferred,1611661322,Washington Mystics
Shot Chart Detail,1021800204,397,200673,Monique Currie,1611661324,Minnesota Lynx,4,5,24,Missed Shot,Jump Shot,2PT Field Goal,Mid-Range,Left Side Center(LC),16-24 ft.,16,-128,98,1,0,20180819,MIN,WAS,2018,1021800204397,20760,validated,,0,matched,playbyplayv2,1611661322,100915|200671|201480|1627701|1628508,complete,playbyplay_inferred,200673|203403|203437|1627672|1628899,complete,playbyplay_inferred,1611661322,Washington Mystics
Shot Chart Detail,1021800204,408,1628278,Shatori Walker-Kimbrough,1611661324,Minnesota Lynx,4,5,1,Made Shot,Driving Layup Shot,2PT Field Goal,Restricted Area,Center(C),Less Than 8 ft.,1,-5,-11,1,1,20180819,MIN,WAS,2018,1021800204408,20990,validated,,0,matched,playbyplayv2,1611661322,100915|200671|201480|1627701|1628508,complete,playbyplay_inferred,200673|203403|1627672|1628278|1628899,complete,playbyplay_inferred,1611661322,Washington Mystics
Shot Chart Detail,1021800204,413,1627672,Aerial Powers,1611661324,Minnesota Lynx,4,4,10,Missed Shot,Jump Shot,3PT Field Goal,Above the Break 3,Left Side Center(LC),16-24 ft.,23,-113,204,1,0,20180819,MIN,WAS,2018,1021800204413,21500,validated,,0,matched,playbyplayv2,1611661322,100915|200671|201480|1627701|1628508,complete,playbyplay_inferred,200673|203403|1627672|1628278|1628899,complete,playbyplay_inferred,1611661322,Washington Mystics
Shot Chart Detail,1021800204,418,1628278,Shatori Walker-Kimbrough,1611661324,Minnesota Lynx,4,3,33,Made Shot,Pullup Jump shot,2PT Field Goal,Mid-Range,Center(C),16-24 ft.,20,40,197,1,1,20180819,MIN,WAS,2018,1021800204418,21870,validated,,0,matched,playbyplayv2,1611661322,100915|200671|201480|1627701|1628508,complete,playbyplay_inferred,200673|203403|1627672|1628278|1628899,complete,playbyplay_inferred,1611661322,Washington Mystics
Shot Chart Detail,1021800204,420,1628278,Shatori Walker-Kimbrough,1611661324,Minnesota Lynx,4,2,52,Missed Shot,Jump Shot,2PT Field Goal,Mid-Range,Center(C),8-16 ft.,14,20,142,1,0,20180819,MIN,WAS,2018,1021800204420,22280,validated,,0,matched,playbyplayv2,1611661322,100915|200671|201480|1627701|1628508,complete,playbyplay_inferred,200673|203403|1627672|1628278|1628899,complete,playbyplay_inferred,1611661322,Washington Mystics
Shot Chart Detail,1021800204,432,203403,Tianna Hawkins,1611661324,Minnesota Lynx,4,2,1,Made Shot,Layup Shot,2PT Field Goal,Restricted Area,Center(C),Less Than 8 ft.,1,-4,17,1,1,20180819,MIN,WAS,2018,1021800204432,22790,validated,1628899,1,matched,playbyplayv2,1611661322,100915|101030|201503|1627701|1628508,complete,playbyplay_inferred,200673|203403|1627672|1628278|1628899,complete,playbyplay_inferred,1611661322,Washington Mystics
Shot Chart Detail,1021800204,436,1628899,Myisha Hines-Allen,1611661324,Minnesota Lynx,4,1,23,Made Shot,Jump Shot,2PT Field Goal,Mid-Range,Left Side Center(LC),16-24 ft.,18,-137,123,1,1,20180819,MIN,WAS,2018,1021800204436,23170,validated,1627672,1,matched,playbyplayv2,1611661322,100915|101030|201503|1627701|1628508,complete,playbyplay_inferred,200673|203403|1627672|1628278|1628899,complete,playbyplay_inferred,1611661322,Washington Mystics
Shot Chart Detail,1021800204,443,1627672,Aerial Powers,1611661324,Minnesota Lynx,4,0,51,Made Shot,Turnaround Jump Shot,2PT Field Goal,Mid-Range,Left Side(L),8-16 ft.,9,-87,25,1,1,20180819,MIN,WAS,2018,1021800204443,23490,validated,,0,matched,playbyplayv2,1611661322,101030|201503|1627701|1628283|1628508,complete,playbyplay_inferred,200673|203403|1627672|1628278|1628899,complete,playbyplay_inferred,1611661322,Washington Mystics
Shot Chart Detail,1021800204,446,1628899,Myisha Hines-Allen,1611661324,Minnesota Lynx,4,0,33,Made Shot,Jump Shot,3PT Field Goal,Above the Break 3,Right Side(R),24+ ft.,23,225,48,1,1,20180819,MIN,WAS,2018,1021800204446,23670,validated,200673,1,matched,playbyplayv2,1611661322,101030|201503|1627701|1628283|1628508,complete,playbyplay_inferred,200673|203403|1627672|1628278|1628899,complete,playbyplay_inferred,1611661322,Washington Mystics
Shot Chart Detail,1021800204,454,1628899,Myisha Hines-Allen,1611661324,Minnesota Lynx,4,0,5,Missed Shot,Jump Shot,3PT Field Goal,Above the Break 3,Right Side Center(RC),16-24 ft.,23,97,215,1,0,20180819,MIN,WAS,2018,1021800204454,23950,validated,,0,matched,playbyplayv2,1611661322,101030|201503|1627701|1628283|1628508,complete,playbyplay_inferred,200673|203403|1627672|1628278|1628899,complete,playbyplay_inferred,1611661322,Washington Mystics
