GRID_TYPE,GAME_ID,GAME_EVENT_ID,PLAYER_ID,PLAYER_NAME,TEAM_ID,TEAM_NAME,PERIOD,MINUTES_REMAINING,SECONDS_REMAINING,EVENT_TYPE,ACTION_TYPE,SHOT_TYPE,SHOT_ZONE_BASIC,SHOT_ZONE_AREA,SHOT_ZONE_RANGE,SHOT_DISTANCE,LOC_X,LOC_Y,SHOT_ATTEMPTED_FLAG,SHOT_MADE_FLAG,GAME_DATE,HTM,VTM,SEASON,SHOT_ID,time,SHOT_DATA_STATUS,ASSIST_ID,assisted,ASSIST_STATUS,PBP_SOURCE,OPP_TEAM_ID,PLAYERS_ON,LINEUP_STATUS,LINEUP_SOURCE,OPP_PLAYERS_ON,OPP_LINEUP_STATUS,OPP_LINEUP_SOURCE,SHOOTING_TEAM_ID,SHOOTING_TEAM_NAME
Shot Chart Detail,1021800007,7,1628931,Gabby Williams,1611661313,New York Liberty,1,9,40,Made Shot,Driving Layup Shot,2PT Field Goal,Restricted Area,Center(C),Less Than 8 ft.,2,-15,15,1,1,20180520,CHI,NYL,2018,10218000077,200,validated,1628890,1,matched,playbyplayv2,1611661329,201889|201919|202250|203411|203829,complete,playbyplay_inferred,201516|203563|203828|1628890|1628931,complete,playbyplay_inferred,1611661329,Chicago Sky
Shot Chart Detail,1021800007,11,201516,Allie Quigley,1611661313,New York Liberty,1,9,0,Made Shot,Driving Layup Shot,2PT Field Goal,Restricted Area,Center(C),Less Than 8 ft.,2,-26,10,1,1,20180520,CHI,NYL,2018,102180000711,600,validated,,0,matched,playbyplayv2,1611661329,201889|201919|202250|203411|203829,complete,playbyplay_inferred,201516|203563|203828|1628890|1628931,complete,playbyplay_inferred,1611661329,Chicago Sky
Shot Chart Detail,1021800007,14,1628890,Diamond DeShields,1611661313,New York Liberty,1,8,37,Missed Shot,Jump Shot,2PT Field Goal,Mid-Range,Center(C),8-16 ft.,15,-13,155,1,0,20180520,CHI,NYL,2018,102180000714,830,validated,,0,matched,playbyplayv2,1611661329,201889|201919|202250|203411|203829,complete,playbyplay_inferred,201516|203563|203828|1628890|1628931,complete,playbyplay_inferred,1611661329,Chicago Sky
Shot Chart Detail,1021800007,18,203828,Stefanie Dolson,1611661313,New York Liberty,1,8,20,Made Shot,Jump Shot,3PT Field Goal,Above the Break 3,Center(C),16-24 ft.,23,12,231,1,1,20180520,CHI,NYL,2018,102180000718,1000,validated,203563,1,matched,playbyplayv2,1611661329,201889|201919|202250|203411|203829,complete,playbyplay_inferred,201516|203563|203828|1628890|1628931,complete,playbyplay_inferred,1611661329,Chicago Sky
Shot Chart Detail,1021800007,25,203828,Stefanie Dolson,1611661313,New York Liberty,1,7,26,Missed Shot,Jump Shot,2PT Field Goal,Restricted Area,Center(C),Less Than 8 ft.,3,12,38,1,0,20180520,CHI,NYL,2018,102180000725,1540,validated,,0,matched,playbyplayv2,1611661329,201889|201919|202250|203411|203829,complete,playbyplay_inferred,201516|203563|203828|1628890|1628931,complete,playbyplay_inferred,1611661329,Chicago Sky
Shot Chart Detail,1021800007,35,1628890,Diamond DeShields,1611661313,New York Liberty,1,6,33,Missed Shot,Jump Shot,3PT Field Goal,Above the Break 3,Right Side Center(RC),24+ ft.,25,179,178,1,0,20180520,CHI,NYL,2018,102180000735,2070,validated,,0,matched,playbyplayv2,1611661329,201889|201919|202250|203411|203829,complete,playbyplay_inferred,201516|203563|203828|1628890|1628931,complete,playbyplay_inferred,1611661329,Chicago Sky
Shot Chart Detail,1021800007,43,201516,Allie Quigley,1611661313,New York Liberty,1,6,8,Made Shot,Jump Shot,3PT Field Goal,Above the Break 3,Left Side Center(LC),24+ ft.,24,-125,206,1,1,20180520,CHI,NYL,2018,102180000743,2320,validated,203857,1,matched,playbyplayv2,1611661329,201889|201919|202250|203411|203829,complete,playbyplay_inferred,201516|203828|203857|1628890|1628931,complete,playbyplay_inferred,1611661329,Chicago Sky
Shot Chart Detail,1021800007,63,203857,Jamierra Faulkner,1611661313,New York Liberty,1,5,3,Made Shot,Running Layup Shot,2PT Field Goal,Restricted Area,Center(C),Less Than 8 ft.,2,-24,10,1,1,20180520,CHI,NYL,2018,102180000763,2970,validated,,0,matched,playbyplayv2,1611661329,201889|201919|202250|203411|203829,complete,playbyplay_inferred,202652|203857|204323|1627674|1628268,complete,playbyplay_inferred,1611661329,Chicago Sky
Shot Chart Detail,1021800007,69,1628268,Alaina Coates,1611661313,New York Liberty,1,4,35,Made Shot,Driving Layup Shot,2PT Field Goal,Restricted Area,Center(C),Less Than 8 ft.,1,-17,-1,1,1,20180520,CHI,NYL,2018,102180000769,3250,validated,204323,1,matched,playbyplayv2,1611661329,201889|201919|202250|203411|203829,complete,playbyplay_inferred,202652|203857|204323|1627674|1628268,complete,playbyplay_inferred,1611661329,Chicago Sky
Shot Chart Detail,1021800007,73,1628268,Alaina Coates,1611661313,New York Liberty,1,3,58,Made Shot,Driving Layup Shot,2PT Field Goal,Restricted Area,Center(C),Less Than 8 ft.,1,-11,6,1,1,20180520,CHI,NYL,2018,102180000773,3620,validated,202652,1,matched,playbyplayv2,1611661329,201889|201919|202250|203411|203829,complete,playbyplay_inferred,202652|203857|204323|1627674|1628268,complete,playbyplay_inferred,1611661329,Chicago Sky
Shot Chart Detail,1021800007,83,203857,Jamierra Faulkner,1611661313,New York Liberty,1,3,42,Made Shot,Driving Floating Jump Shot,2PT Field Goal,In The Paint (Non-RA),Center(C),Less Than 8 ft.,6,18,59,1,1,20180520,CHI,NYL,2018,102180000783,3780,validated,,0,matched,playbyplayv2,1611661329,201889|201919|203829|204320|1628915,complete,playbyplay_inferred,202652|203857|204323|1627674|1628268,complete,playbyplay_inferred,1611661329,Chicago Sky
Shot Chart Detail,1021800007,90,1627674,Kahleah Copper,1611661313,New York Liberty,1,2,54,Made Shot,Pullup Jump shot,2PT Field Goal,Mid-Range,Right Side(R),8-16 ft.,13,132,-4,1,1,20180520,CHI,NYL,2018,102180000790,4260,validated,203857,1,matched,playbyplayv2,1611661329,201889|203829|204320|1628915|1628920,complete,playbyplay_inferred,202652|203857|204323|1627674|1628268,complete,playbyplay_inferred,1611661329,Chicago Sky
Shot Chart Detail,1021800007,108,1628931,Gabby Williams,1611661313,New York Liberty,1,2,24,Missed Shot,Driving Layup Shot,2PT Field Goal,Restricted Area,Center(C),Less Than 8 ft.,2,11,20,1,0,20180520,CHI,NYL,2018,1021800007108,4560,validated,,0,matched,playbyplayv2,1611661329,201889|203829|204320|1628915|1628920,complete,playbyplay_inferred,201516|203563|203828|1628890|1628931,complete,playbyplay_inferred,1611661329,Chicago Sky
Shot Chart Detail,1021800007,116,1628890,Diamond DeShields,1611661313,New York Liberty,1,1,49,Missed Shot,Jump Shot,2PT Field Goal,Mid-Range,Left Side(L),8-16 ft.,11,-114,36,1,0,20180520,CHI,NYL,2018,1021800007116,4910,validated,,0,matched,playbyplayv2,1611661329,201889|203829|204320|1628915|1628920,complete,playbyplay_inferred,201516|203563|203828|1628890|1628931,complete,playbyplay_inferred,1611661329,Chicago Sky
Shot Chart Detail,1021800007,129,1628931,Gabby Williams,1611661313,New York Liberty,1,0,37,Made Shot,Layup Shot,2PT Field Goal,Restricted Area,Center(C),Less Than 8 ft.,1,11,-3,1,1,20180520,CHI,NYL,2018,1021800007129,5630,validated,203563,1,matched,playbyplayv2,1611661329,201889|203829|204320|1628915|1628920,complete,playbyplay_inferred,201516|203563|203828|1627674|1628931,complete,playbyplay_inferred,1611661329,Chicago Sky
Shot Chart Detail,1021800007,133,201516,Allie Quigley,1611661313,New York Liberty,1,0,6,Missed Shot,Driving Floating Jump Shot,2PT Field Goal,In The Paint (Non-RA),Center(C),8-16 ft.,12,45,115,1,0,20180520,CHI,NYL,2018,1021800007133,5940,validated,,0,matched,playbyplayv2,1611661329,201889|203829|204320|1628915|1628920,complete,playbyplay_inferred,201516|203563|203828|1627674|1628931,complete,playbyplay_inferred,1611661329,Chicago Sky
Shot Chart Detail,1021800007,147,203828,Stefanie Dolson,1611661313,New York Liberty,2,8,59,Missed Shot,Layup Shot,2PT Field Goal,Restricted Area,Center(C),Less Than 8 ft.,1,6,9,1,0,20180520,CHI,NYL,2018,1021800007147,6610,validated,,0,matched,playbyplayv2,1611661329,201889|203829|204320|1628915|1628920,complete,playbyplay_inferred,201516|203563|203828|1628890|1628931,complete,playbyplay_inferred,1611661329,Chicago Sky
Shot Chart Detail,1021800007,161,201516,Allie Quigley,1611661313,New York Liberty,2,8,13,Missed Shot,Jump Shot,3PT Field Goal,Above the Break 3,Right Side Center(RC),16-24 ft.,22,75,216,1,0,20180520,CHI,NYL,2018,1021800007161,7070,validated,,0,matched,playbyplayv2,1611661329,202250|203411|204296|204320|1628915,complete,playbyplay_inferred,201516|203563|203828|1628890|1628931,complete,playbyplay_inferred,1611661329,Chicago Sky
Shot Chart Detail,1021800007,165,1628931,Gabby Williams,1611661313,New York Liberty,2,7,56,Made Shot,Layup Shot,2PT Field Goal,Restricted Area,Center(C),Less Than 8 ft.,1,9,10,1,1,20180520,CHI,NYL,2018,1021800007165,7240,validated,203563,1,matched,playbyplayv2,1611661329,202250|203411|204296|204320|1628915,complete,playbyplay_inferred,201516|203563|203828|1628890|1628931,complete,playbyplay_inferred,1611661329,Chicago Sky
Shot Chart Detail,1021800007,169,201516,Allie Quigley,1611661313,New York Liberty,2,7,24,Missed Shot,Jump Shot,2PT Field Goal,Mid-Range,Center(C),8-16 ft.,14,-26,142,1,0,20180520,CHI,NYL,2018,1021800007169,7560,validated,,0,matched,playbyplayv2,1611661329,202250|203411|204296|204320|1628915,complete,playbyplay_inferred,201516|203563|203828|1628890|1628931,complete,playbyplay_inferred,1611661329,Chicago Sky
Shot Chart Detail,1021800007,171,203828,Stefanie Dolson,1611661313,New York Liberty,2,7,12,Missed Shot,Jump Shot,3PT Field Goal,Left Corner 3,Left Side(L),24+ ft.,23,-231,-5,1,0,20180520,CHI,NYL,2018,1021800007171,7680,validated,,0,matched,playbyplayv2,1611661329,202250|203411|204296|204320|1628915,complete,playbyplay_inferred,201516|203563|203828|1628890|1628931,complete,playbyplay_inferred,1611661329,Chicago Sky
Shot Chart Detail,1021800007,190,1627674,Kahleah Copper,1611661313,New York Liberty,2,6,19,Made Shot,Driving Layup Shot,2PT Field Goal,Restricted Area,Center(C),Less Than 8 ft.,1,-14,9,1,1,20180520,CHI,NYL,2018,1021800007190,8210,validated,,0,matched,playbyplayv2,1611661329,202250|203411|204296|204320|1628915,complete,playbyplay_inferred,202652|203857|204323|1627674|1628268,complete,playbyplay_inferred,1611661329,Chicago Sky
Shot Chart Detail,1021800007,203,203857,Jamierra Faulkner,1611661313,New York Liberty,2,5,37,Made Shot,Jump Shot,3PT Field Goal,Above the Break 3,Right Side Center(RC),24+ ft.,26,153,222,1,1,20180520,CHI,NYL,2018,1021800007203,8630,validated,204323,1,matched,playbyplayv2,1611661329,202250|203411|204296|204320|1628915,complete,playbyplay_inferred,202652|203857|204323|1627674|1628268,complete,playbyplay_inferred,1611661329,Chicago Sky
Shot Chart Detail,1021800007,210,1627674,Kahleah Copper,1611661313,New York Liberty,2,5,16,Missed Shot,Jump Shot,2PT Field Goal,Mid-Range,Left Side(L),8-16 ft.,13,-127,42,1,0,20180520,CHI,NYL,2018,1021800007210,8840,validated,,0,matched,playbyplayv2,1611661329,202250|203411|204296|204320|1628915,complete,playbyplay_inferred,202652|203857|204323|1627674|1628268,complete,playbyplay_inferred,1611661329,Chicago Sky
Shot Chart Detail,1021800007,213,204323,Cheyenne Parker-Tyus,1611661313,New York Liberty,2,4,48,Missed Shot,Driving Layup Shot,2PT Field Goal,In The Paint (Non-RA),Center(C),Less Than 8 ft.,6,18,58,1,0,20180520,CHI,NYL,2018,1021800007213,9120,validated,,0,matched,playbyplayv2,1611661329,202250|203411|204296|204320|1628915,complete,playbyplay_inferred,202652|203857|204323|1627674|1628268,complete,playbyplay_inferred,1611661329,Chicago Sky
Shot Chart Detail,1021800007,215,1628268,Alaina Coates,1611661313,New York Liberty,2,4,45,Made Shot,Putback Layup Shot,2PT Field Goal,Restricted Area,Center(C),Less Than 8 ft.,1,-3,10,1,1,20180520,CHI,NYL,2018,1021800007215,9150,validated,,0,matched,playbyplayv2,1611661329,202250|203411|204296|204320|1628915,complete,playbyplay_inferred,202652|203857|204323|1627674|1628268,complete,playbyplay_inferred,1611661329,Chicago Sky
Shot Chart Detail,1021800007,235,202652,Alex Montgomery,1611661313,New York Liberty,2,3,21,Missed Shot,Pullup Jump shot,2PT Field Goal,Mid-Range,Left Side(L),16-24 ft.,17,-152,95,1,0,20180520,CHI,NYL,2018,1021800007235,9990,validated,,0,matched,playbyplayv2,1611661329,202250|203411|204296|1628915|1628920,complete,playbyplay_inferred,202652|203857|204323|1627674|1628268,complete,playbyplay_inferred,1611661329,Chicago Sky
Shot Chart Detail,1021800007,242,203857,Jamierra Faulkner,1611661313,New York Liberty,2,2,50,Made Shot,Jump Shot,3PT Field Goal,Above the Break 3,Left Side Center(LC),24+ ft.,25,-195,157,1,1,20180520,CHI,NYL,2018,1021800007242,10300,validated,202652,1,matched,playbyplayv2,1611661329,202250|203411|204296|1628915|1628920,complete,playbyplay_inferred,202652|203857|204323|1627674|1628268,complete,playbyplay_inferred,1611661329,Chicago Sky
Shot Chart Detail,1021800007,254,204323,Cheyenne Parker-Tyus,1611661313,New York Liberty,2,1,41,Missed Shot,Jump Shot,2PT Field Goal,Mid-Range,Left Side(L),16-24 ft.,16,-169,5,1,0,20180520,CHI,NYL,2018,1021800007254,10990,validated,,0,matched,playbyplayv2,1611661329,201889|202250|203411|1628915|1628920,complete,playbyplay_inferred,202652|203857|204323|1627674|1628268,complete,playbyplay_inferred,1611661329,Chicago Sky
Shot Chart Detail,1021800007,260,203857,Jamierra Faulkner,1611661313,New York Liberty,2,1,9,Made Shot,Jump Shot,2PT Field Goal,Mid-Range,Right Side(R),8-16 ft.,12,120,-18,1,1,20180520,CHI,NYL,2018,1021800007260,11310,validated,,0,matched,playbyplayv2,1611661329,201889|202250|203411|1628915|1628920,complete,playbyplay_inferred,202652|203857|204323|1627674|1628268,complete,playbyplay_inferred,1611661329,Chicago Sky
Shot Chart Detail,1021800007,267,1627674,Kahleah Copper,1611661313,New York Liberty,2,0,20,Missed Shot,Jump Shot,3PT Field Goal,Above the Break 3,Left Side Center(LC),24+ ft.,23,-198,133,1,0,20180520,CHI,NYL,2018,1021800007267,11800,validated,,0,matched,playbyplayv2,1611661329,201889|202250|203411|1628915|1628920,complete,playbyplay_inferred,202652|203857|204323|1627674|1628268,complete,playbyplay_inferred,1611661329,Chicago Sky
Shot Chart Detail,1021800007,293,1628931,Gabby Williams,1611661313,New York Liberty,3,8,58,Made Shot,Jump Shot,2PT Field Goal,Mid-Range,Center(C),16-24 ft.,21,-61,201,1,1,20180520,CHI,NYL,2018,1021800007293,12620,validated,203828,1,matched,playbyplayv2,1611661329,201889|201919|202250|203411|203829,complete,playbyplay_inferred,201516|203563|203828|1628890|1628931,complete,playbyplay_inferred,1611661329,Chicago Sky
Shot Chart Detail,1021800007,297,203828,Stefanie Dolson,1611661313,New York Liberty,3,8,30,Missed Shot,Jump Shot,2PT Field Goal,Mid-Range,Center(C),16-24 ft.,21,-6,213,1,0,20180520,CHI,NYL,2018,1021800007297,12900,validated,,0,matched,playbyplayv2,1611661329,201889|201919|202250|203411|203829,complete,playbyplay_inferred,201516|203563|203828|1628890|1628931,complete,playbyplay_inferred,1611661329,Chicago Sky
Shot Chart Detail,1021800007,302,201516,Allie Quigley,1611661313,New York Liberty,3,8,13,Missed Shot,Jump Shot,2PT Field Goal,Mid-Range,Right Side Center(RC),16-24 ft.,20,75,188,1,0,20180520,CHI,NYL,2018,1021800007302,13070,validated,,0,matched,playbyplayv2,1611661329,201889|201919|202250|203411|203829,complete,playbyplay_inferred,201516|203563|203828|1628890|1628931,complete,playbyplay_inferred,1611661329,Chicago Sky
Shot Chart Detail,1021800007,309,201516,Allie Quigley,1611661313,New York Liberty,3,7,41,Made Shot,Pullup Jump shot,2PT Field Goal,In The Paint (Non-RA),Center(C),Less Than 8 ft.,7,-4,71,1,1,20180520,CHI,NYL,2018,1021800007309,13390,validated,1628890,1,matched,playbyplayv2,1611661329,201889|201919|202250|203411|203829,complete,playbyplay_inferred,201516|203563|203828|1628890|1628931,complete,playbyplay_inferred,1611661329,Chicago Sky
Shot Chart Detail,1021800007,313,203563,Chelsea Hopkins,1611661313,New York Liberty,3,7,20,Missed Shot,Driving Layup Shot,2PT Field Goal,Restricted Area,Center(C),Less Than 8 ft.,2,24,13,1,0,20180520,CHI,NYL,2018,1021800007313,13600,validated,,0,matched,playbyplayv2,1611661329,201889|201919|202250|203411|203829,complete,playbyplay_inferred,201516|203563|203828|1628890|1628931,complete,playbyplay_inferred,1611661329,Chicago Sky
Shot Chart Detail,1021800007,320,201516,Allie Quigley,1611661313,New York Liberty,3,6,57,Missed Shot,Jump Shot,3PT Field Goal,Above the Break 3,Right Side Center(RC),24+ ft.,23,109,212,1,0,20180520,CHI,NYL,2018,1021800007320,13830,validated,,0,matched,playbyplayv2,1611661329,201889|201919|202250|203411|203829,complete,playbyplay_inferred,201516|203563|203828|1628890|1628931,complete,playbyplay_inferred,1611661329,Chicago Sky
Shot Chart Detail,1021800007,322,1628890,Diamond DeShields,1611661313,New York Liberty,3,6,52,Missed Shot,Jump Shot,2PT Field Goal,Restricted Area,Center(C),Less Than 8 ft.,2,-17,20,1,0,20180520,CHI,NYL,2018,1021800007322,13880,validated,,0,matched,playbyplayv2,1611661329,201889|201919|202250|203411|203829,complete,playbyplay_inferred,201516|203563|203828|1628890|1628931,complete,playbyplay_inferred,1611661329,Chicago Sky
Shot Chart Detail,1021800007,327,203563,Chelsea Hopkins,1611661313,New York Liberty,3,6,31,Made Shot,Driving Floating Jump Shot,2PT Field Goal,In The Paint (Non-RA),Center(C),Less Than 8 ft.,4,-1,41,1,1,20180520,CHI,NYL,2018,1021800007327,14090,validated,203828,1,matched,playbyplayv2,1611661329,201889|201919|202250|203411|203829,complete,playbyplay_inferred,201516|203563|203828|1628890|1628931,complete,playbyplay_inferred,1611661329,Chicago Sky
Shot Chart Detail,1021800007,373,204323,Cheyenne Parker-Tyus,1611661313,New York Liberty,3,3,32,Missed Shot,Jump Shot,2PT Field Goal,Mid-Range,Right Side Center(RC),16-24 ft.,18,88,167,1,0,20180520,CHI,NYL,2018,1021800007373,15880,validated,,0,matched,playbyplayv2,1611661329,201919|202250|203829|204320|1628915,complete,playbyplay_inferred,202652|203857|204323|1627674|1628268,complete,playbyplay_inferred,1611661329,Chicago Sky
Shot Chart Detail,1021800007,378,1628268,Alaina Coates,1611661313,New York Liberty,3,3,3,Made Shot,Turnaround Jump Shot,2PT Field Goal,Restricted Area,Center(C),Less Than 8 ft.,1,-9,7,1,1,20180520,CHI,NYL,2018,1021800007378,16170,validated,203857,1,matched,playbyplayv2,1611661329,201919|202250|203829|204320|1628915,complete,playbyplay_inferred,202652|203857|204323|1627674|1628268,complete,playbyplay_inferred,1611661329,Chicago Sky
Shot Chart Detail,1021800007,382,203857,Jamierra Faulkner,1611661313,New York Liberty,3,2,21,Missed Shot,Jump Bank Shot,2PT Field Goal,Restricted Area,Center(C),Less Than 8 ft.,2,-7,24,1,0,20180520,CHI,NYL,2018,1021800007382,16590,validated,,0,matched,playbyplayv2,1611661329,201919|202250|203829|204320|1628915,complete,playbyplay_inferred,202652|203857|204323|1627674|1628268,complete,playbyplay_inferred,1611661329,Chicago Sky
Shot Chart Detail,1021800007,384,202652,Alex Montgomery,1611661313,New York Liberty,3,2,18,Missed Shot,Pullup Jump shot,2PT Field Goal,In The Paint (Non-RA),Center(C),8-16 ft.,9,-14,90,1,0,20180520,CHI,NYL,2018,1021800007384,16620,validated,,0,matched,playbyplayv2,1611661329,201919|202250|203829|204320|1628915,complete,playbyplay_inferred,202652|203857|204323|1627674|1628268,complete,playbyplay_inferred,1611661329,Chicago Sky
Shot Chart Detail,1021800007,388,204323,Cheyenne Parker-Tyus,1611661313,New York Liberty,3,1,40,Missed Shot,Layup Shot,2PT Field Goal,In The Paint (Non-RA),Center(C),Less Than 8 ft.,7,-68,41,1,0,20180520,CHI,NYL,2018,1021800007388,17000,validated,,0,matched,playbyplayv2,1611661329,201919|202250|203829|204320|1628915,complete,playbyplay_inferred,202652|203857|204323|1627674|1628268,complete,playbyplay_inferred,1611661329,Chicago Sky
Shot Chart Detail,1021800007,401,1628931,Gabby Williams,1611661313,New York Liberty,3,1,21,Made Shot,Jump Shot,2PT Field Goal,Mid-Range,Center(C),16-24 ft.,19,-47,190,1,1,20180520,CHI,NYL,2018,1021800007401,17190,validated,201516,1,matched,playbyplayv2,1611661329,201919|202250|203829|204320|1628915,complete,playbyplay_inferred,201516|203563|203828|1628890|1628931,complete,playbyplay_inferred,1611661329,Chicago Sky
Shot Chart Detail,1021800007,406,1628890,Diamond DeShields,1611661313,New York Liberty,3,0,46,Made Shot,Jump Shot,2PT Field Goal,Restricted Area,Center(C),Less Than 8 ft.,1,-14,7,1,1,20180520,CHI,NYL,2018,1021800007406,17540,validated,,0,matched,playbyplayv2,1611661329,201919|202250|203829|204320|1628915,complete,playbyplay_inferred,201516|203563|203828|1628890|1628931,complete,playbyplay_inferred,1611661329,Chicago Sky
Shot Chart Detail,1021800007,424,1628931,Gabby Williams,1611661313,New York Liberty,4,9,39,Missed Shot,Pullup Jump shot,2PT Field Goal,Mid-Range,Center(C),8-16 ft.,15,-30,156,1,0,20180520,CHI,NYL,2018,1021800007424,18210,validated,,0,matched,playbyplayv2,1611661329,203411|203829|204320|1628915|1628920,complete,playbyplay_inferred,201516|203563|203828|1628890|1628931,complete,playbyplay_inferred,1611661329,Chicago Sky
Shot Chart Detail,1021800007,428,201516,Allie Quigley,1611661313,New York Liberty,4,9,10,Made Shot,Jump Shot,2PT Field Goal,Mid-Range,Center(C),16-24 ft.,17,-42,165,1,1,20180520,CHI,NYL,2018,1021800007428,18500,validated,1628890,1,matched,playbyplayv2,1611661329,203411|203829|204320|1628915|1628920,complete,playbyplay_inferred,201516|203563|203828|1628890|1628931,complete,playbyplay_inferred,1611661329,Chicago Sky
Shot Chart Detail,1021800007,435,201516,Allie Quigley,1611661313,New York Liberty,4,8,44,Made Shot,Jump Shot,2PT Field Goal,Mid-Range,Left Side Center(LC),16-24 ft.,20,-71,194,1,1,20180520,CHI,NYL,2018,1021800007435,18760,validated,1628890,1,matched,playbyplayv2,1611661329,203411|203829|204320|1628915|1628920,complete,playbyplay_inferred,201516|203563|203828|1628890|1628931,complete,playbyplay_inferred,1611661329,Chicago Sky
Shot Chart Detail,1021800007,445,1628890,Diamond DeShields,1611661313,New York Liberty,4,8,18,Missed Shot,Pullup Jump shot,2PT Field Goal,Mid-Range,Right Side Center(RC),16-24 ft.,17,106,140,1,0,20180520,CHI,NYL,2018,1021800007445,19020,validated,,0,matched,playbyplayv2,1611661329,203411|203829|204320|1628915|1628920,complete,playbyplay_inferred,201516|203828|203857|1628890|1628931,complete,playbyplay_inferred,1611661329,Chicago Sky
Shot Chart Detail,1021800007,473,1628890,Diamond DeShields,1611661313,New York Liberty,4,6,56,Made Shot,Jump Shot,3PT Field Goal,Left Corner 3,Left Side(L),24+ ft.,22,-229,8,1,1,20180520,CHI,NYL,2018,1021800007473,19840,validated,203857,1,matched,playbyplayv2,1611661329,203411|203829|204320|1628915|1628920,complete,playbyplay_inferred,201516|203857|204323|1628268|1628890,complete,playbyplay_inferred,1611661329,Chicago Sky
Shot Chart Detail,1021800007,480,201516,Allie Quigley,1611661313,New York Liberty,4,6,15,Made Shot,Jump Shot,3PT Field Goal,Above the Break 3,Left Side Center(LC),24+ ft.,24,-109,215,1,1,20180520,CHI,NYL,2018,1021800007480,20250,validated,,0,matched,playbyplayv2,1611661329,203411|203829|204320|1628915|1628920,complete,playbyplay_inferred,201516|203857|204323|1628268|1628890,complete,playbyplay_inferred,1611661329,Chicago Sky
Shot Chart Detail,1021800007,483,204323,Cheyenne Parker-Tyus,1611661313,New York Liberty,4,5,41,Missed Shot,Layup Shot,2PT Field Goal,Restricted Area,Center(C),Less Than 8 ft.,1,0,15,1,0,20180520,CHI,NYL,2018,1021800007483,20590,validated,,0,matched,playbyplayv2,1611661329,203411|203829|204320|1628915|1628920,complete,playbyplay_inferred,201516|203857|204323|1628268|1628890,complete,playbyplay_inferred,1611661329,Chicago Sky
Shot Chart Detail,1021800007,504,203828,Stefanie Dolson,1611661313,New York Liberty,4,5,37,Missed Shot,Jump Shot,2PT Field Goal,Mid-Range,Center(C),16-24 ft.,21,-58,202,1,0,20180520,CHI,NYL,2018,1021800007504,20630,validated,,0,matched,playbyplayv2,1611661329,201889|202250|203829|204320|1628915,complete,playbyplay_inferred,201516|203828|203857|204323|1628890,complete,playbyplay_inferred,1611661329,Chicago Sky
Shot Chart Detail,1021800007,513,203828,Stefanie Dolson,1611661313,New York Liberty,4,5,3,Missed Shot,Jump Shot,2PT Field Goal,In The Paint (Non-RA),Center(C),8-16 ft.,12,2,120,1,0,20180520,CHI,NYL,2018,1021800007513,20970,validated,,0,matched,playbyplayv2,1611661329,201889|202250|203829|204320|1628915,complete,playbyplay_inferred,201516|203828|203857|204323|1628890,complete,playbyplay_inferred,1611661329,Chicago Sky
Shot Chart Detail,1021800007,515,204323,Cheyenne Parker-Tyus,1611661313,New York Liberty,4,4,56,Made Shot,Layup Shot,2PT Field Goal,Restricted Area,Center(C),Less Than 8 ft.,3,0,31,1,1,20180520,CHI,NYL,2018,1021800007515,21040,validated,1628890,1,matched,playbyplayv2,1611661329,201889|202250|203829|204320|1628915,complete,playbyplay_inferred,201516|203828|203857|204323|1628890,complete,playbyplay_inferred,1611661329,Chicago Sky
Shot Chart Detail,1021800007,522,201516,Allie Quigley,1611661313,New York Liberty,4,4,25,Made Shot,Layup Shot,2PT Field Goal,Restricted Area,Center(C),Less Than 8 ft.,1,16,6,1,1,20180520,CHI,NYL,2018,1021800007522,21350,validated,203857,1,matched,playbyplayv2,1611661329,201889|202250|203829|204320|1628915,complete,playbyplay_inferred,201516|203828|203857|204323|1628890,complete,playbyplay_inferred,1611661329,Chicago Sky
Shot Chart Detail,1021800007,551,203857,Jamierra Faulkner,1611661313,New York Liberty,4,2,24,Missed Shot,Jump Shot,2PT Field Goal,Mid-Range,Right Side Center(RC),16-24 ft.,20,121,163,1,0,20180520,CHI,NYL,2018,1021800007551,22560,validated,,0,matched,playbyplayv2,1611661329,201889|202250|203411|203829|1628915,complete,playbyplay_inferred,201516|203828|203857|204323|1627674,complete,playbyplay_inferred,1611661329,Chicago Sky
Shot Chart Detail,1021800007,556,201516,Allie Quigley,1611661313,New York Liberty,4,2,5,Missed Shot,Pullup Jump shot,2PT Field Goal,Mid-Range,Right Side(R),8-16 ft.,14,111,95,1,0,20180520,CHI,NYL,2018,1021800007556,22750,validated,,0,matched,playbyplayv2,1611661329,201889|202250|203411|203829|1628915,complete,playbyplay_inferred,201516|203828|203857|204323|1627674,complete,playbyplay_inferred,1611661329,Chicago Sky
Shot Chart Detail,1021800007,558,204323,Cheyenne Parker-Tyus,1611661313,New York Liberty,4,2,3,Made Shot,Reverse Layup Shot,2PT Field Goal,Restricted Area,Center(C),Less Than 8 ft.,1,-8,15,1,1,20180520,CHI,NYL,2018,1021800007558,22770,validated,,0,matched,playbyplayv2,1611661329,201889|202250|203411|203829|1628915,complete,playbyplay_inferred,201516|203828|203857|204323|1627674,complete,playbyplay_inferred,1611661329,Chicago Sky
Shot Chart Detail,1021800007,561,1627674,Kahleah Copper,1611661313,New York Liberty,4,1,26,Missed Shot,Jump Shot,3PT Field Goal,Above the Break 3,Left Side(L),16-24 ft.,22,-219,58,1,0,20180520,CHI,NYL,2018,1021800007561,23140,validated,,0,matched,playbyplayv2,1611661329,201889|202250|203411|203829|1628915,complete,playbyplay_inferred,201516|203828|203857|204323|1627674,complete,playbyplay_inferred,1611661329,Chicago Sky
Shot Chart Detail,1021800007,577,203857,Jamierra Faulkner,1611661313,New York Liberty,4,0,46,Made Shot,Jump Shot,2PT Field Goal,Mid-Range,Right Side(R),8-16 ft.,9,93,29,1,1,20180520,CHI,NYL,2018,1021800007577,23540,validated,,0,matched,playbyplayv2,1611661329,201919|202250|203829|204320|1628915,complete,playbyplay_inferred,201516|203828|203857|204323|1627674,complete,playbyplay_inferred,1611661329,Chicago Sky
Shot Chart Detail,1021800007,580,203857,Jamierra Faulkner,1611661313,New York Liberty,4,0,11,Missed Shot,Pullup Jump shot,3PT Field Goal,Above the Break 3,Right Side Center(RC),16-24 ft.,23,132,195,1,0,20180520,CHI,NYL,2018,1021800007580,23890,validated,,0,matched,playbyplayv2,1611661329,201919|202250|203829|204320|1628915,complete,playbyplay_inferred,201516|203828|203857|204323|1627674,complete,playbyplay_inferred,1611661329,Chicago Sky
Shot Chart Detail,1021800016,16,200671,Seimone Augustus,1611661313,New York Liberty,1,8,54,Made Shot,Jump Shot,2PT Field Goal,Mid-Range,Right Side Center(RC),16-24 ft.,17,71,157,1,1,20180525,NYL,MIN,2018,102180001616,660,validated,100915,1,matched,playbyplayv2,1611661324,201889|201919|202250|203829|204329,complete,playbyplay_inferred,100915|100944|200671|201480|202632,complete,playbyplay_inferred,1611661324,Minnesota Lynx
Shot Chart Detail,1021800016,20,200671,Seimone Augustus,1611661313,New York Liberty,1,8,19,Made Shot,Jump Shot,2PT Field Goal,Mid-Range,Right Side Center(RC),16-24 ft.,16,80,140,1,1,20180525,NYL,MIN,2018,102180001620,1010,validated,,0,matched,playbyplayv2,1611661324,201889|201919|202250|203829|204329,complete,playbyplay_inferred,100915|100944|200671|201480|202632,complete,playbyplay_inferred,1611661324,Minnesota Lynx
Shot Chart Detail,1021800016,27,201480,Sylvia Fowles,1611661313,New York Liberty,1,7,2,Made Shot,Layup Shot,2PT Field Goal,Restricted Area,Center(C),Less Than 8 ft.,2,-13,18,1,1,20180525,NYL,MIN,2018,102180001627,1780,validated,202632,1,matched,playbyplayv2,1611661324,201889|201919|202250|203829|204329,complete,playbyplay_inferred,100915|100944|200671|201480|202632,complete,playbyplay_inferred,1611661324,Minnesota Lynx
Shot Chart Detail,1021800016,38,100944,Rebekkah Brunson,1611661313,New York Liberty,1,6,6,Missed Shot,Jump Shot,3PT Field Goal,Above the Break 3,Left Side Center(LC),24+ ft.,24,-99,221,1,0,20180525,NYL,MIN,2018,102180001638,2340,validated,,0,matched,playbyplayv2,1611661324,201889|201919|202250|203829|204329,complete,playbyplay_inferred,100915|100944|200671|201480|202632,complete,playbyplay_inferred,1611661324,Minnesota Lynx
Shot Chart Detail,1021800016,46,202632,Maya Moore,1611661313,New York Liberty,1,5,41,Missed Shot,Jump Shot,3PT Field Goal,Above the Break 3,Right Side Center(RC),24+ ft.,24,95,226,1,0,20180525,NYL,MIN,2018,102180001646,2590,validated,,0,matched,playbyplayv2,1611661324,201919|202250|203829|204329|1628915,complete,playbyplay_inferred,100915|100944|200671|201480|202632,complete,playbyplay_inferred,1611661324,Minnesota Lynx
Shot Chart Detail,1021800016,51,200671,Seimone Augustus,1611661313,New York Liberty,1,5,10,Missed Shot,Jump Shot,2PT Field Goal,Mid-Range,Left Side Center(LC),16-24 ft.,16,-124,114,1,0,20180525,NYL,MIN,2018,102180001651,2900,validated,,0,matched,playbyplayv2,1611661324,201919|202250|203829|204329|1628915,complete,playbyplay_inferred,100915|100944|200671|201480|202632,complete,playbyplay_inferred,1611661324,Minnesota Lynx
Shot Chart Detail,1021800016,74,203041,Lynetta Kizer,1611661313,New York Liberty,1,4,5,Missed Shot,Layup Shot,2PT Field Goal,Restricted Area,Center(C),Less Than 8 ft.,2,7,23,1,0,20180525,NYL,MIN,2018,102180001674,3550,validated,,0,matched,playbyplayv2,1611661324,201919|202250|203829|204329|1628915,complete,playbyplay_inferred,101030|201480|202632|202658|203041,complete,playbyplay_inferred,1611661324,Minnesota Lynx
Shot Chart Detail,1021800016,81,202658,Danielle Robinson,1611661313,New York Liberty,1,3,51,Missed Shot,Running Layup Shot,2PT Field Goal,Restricted Area,Center(C),Less Than 8 ft.,3,25,27,1,0,20180525,NYL,MIN,2018,102180001681,3690,validated,,0,matched,playbyplayv2,1611661324,201919|202250|203829|204329|1628915,complete,playbyplay_inferred,101030|201480|202632|202658|203041,complete,playbyplay_inferred,1611661324,Minnesota Lynx
Shot Chart Detail,1021800016,83,201480,Sylvia Fowles,1611661313,New York Liberty,1,3,47,Made Shot,Layup Shot,2PT Field Goal,Restricted Area,Center(C),Less Than 8 ft.,2,11,21,1,1,20180525,NYL,MIN,2018,102180001683,3730,validated,,0,matched,playbyplayv2,1611661324,201919|202250|203829|204329|1628915,complete,playbyplay_inferred,101030|201480|202632|202658|203041,complete,playbyplay_inferred,1611661324,Minnesota Lynx
Shot Chart Detail,1021800016,86,202632,Maya Moore,1611661313,New York Liberty,1,3,21,Missed Shot,Jump Shot,3PT Field Goal,Above the Break 3,Right Side Center(RC),24+ ft.,24,113,215,1,0,20180525,NYL,MIN,2018,102180001686,3990,validated,,0,matched,playbyplayv2,1611661324,201919|202250|203829|204329|1628915,complete,playbyplay_inferred,101030|201480|202632|202658|203041,complete,playbyplay_inferred,1611661324,Minnesota Lynx
Shot Chart Detail,1021800016,93,101030,Tanisha Wright,1611661313,New York Liberty,1,2,53,Missed Shot,Layup Shot,2PT Field Goal,Restricted Area,Center(C),Less Than 8 ft.,3,-2,33,1,0,20180525,NYL,MIN,2018,102180001693,4270,validated,,0,matched,playbyplayv2,1611661324,201889|202250|203829|204329|1628915,complete,playbyplay_inferred,101030|200671|201480|202658|203041,complete,playbyplay_inferred,1611661324,Minnesota Lynx
Shot Chart Detail,1021800016,99,202658,Danielle Robinson,1611661313,New York Liberty,1,2,43,Made Shot,Layup Shot,2PT Field Goal,Restricted Area,Center(C),Less Than 8 ft.,1,-13,9,1,1,20180525,NYL,MIN,2018,102180001699,4370,validated,,0,matched,playbyplayv2,1611661324,201889|202250|203829|204329|1628915,complete,playbyplay_inferred,101030|200671|201480|202658|203041,complete,playbyplay_inferred,1611661324,Minnesota Lynx
Shot Chart Detail,1021800016,102,203041,Lynetta Kizer,1611661313,New York Liberty,1,2,15,Missed Shot,Jump Shot,2PT Field Goal,Mid-Range,Center(C),16-24 ft.,17,45,171,1,0,20180525,NYL,MIN,2018,1021800016102,4650,validated,,0,matched,playbyplayv2,1611661324,201889|202250|203829|204329|1628915,complete,playbyplay_inferred,101030|200671|201480|202658|203041,complete,playbyplay_inferred,1611661324,Minnesota Lynx
Shot Chart Detail,1021800016,114,202658,Danielle Robinson,1611661313,New York Liberty,1,1,42,Missed Shot,Jump Shot,2PT Field Goal,Mid-Range,Right Side(R),8-16 ft.,15,154,2,1,0,20180525,NYL,MIN,2018,1021800016114,4980,validated,,0,matched,playbyplayv2,1611661324,201889|202250|203829|204320|1628915,complete,playbyplay_inferred,101030|200671|202632|202658|203041,complete,playbyplay_inferred,1611661324,Minnesota Lynx
Shot Chart Detail,1021800016,118,202632,Maya Moore,1611661313,New York Liberty,1,1,25,Made Shot,Layup Shot,2PT Field Goal,Restricted Area,Center(C),Less Than 8 ft.,1,-10,2,1,1,20180525,NYL,MIN,2018,1021800016118,5150,validated,,0,matched,playbyplayv2,1611661324,201889|202250|203829|204320|1628915,complete,playbyplay_inferred,101030|200671|202632|202658|203041,complete,playbyplay_inferred,1611661324,Minnesota Lynx
Shot Chart Detail,1021800016,121,202632,Maya Moore,1611661313,New York Liberty,1,0,48,Made Shot,Jump Shot,2PT Field Goal,Mid-Range,Center(C),16-24 ft.,17,-9,171,1,1,20180525,NYL,MIN,2018,1021800016121,5520,validated,,0,matched,playbyplayv2,1611661324,201889|202250|203829|204320|1628915,complete,playbyplay_inferred,101030|200671|202632|202658|203041,complete,playbyplay_inferred,1611661324,Minnesota Lynx
Shot Chart Detail,1021800016,134,202632,Maya Moore,1611661313,New York Liberty,1,0,10,Made Shot,Jump Shot,3PT Field Goal,Above the Break 3,Left Side Center(LC),24+ ft.,25,-142,211,1,1,20180525,NYL,MIN,2018,1021800016134,5900,validated,203041,1,matched,playbyplayv2,1611661324,201889|202250|203829|204320|1628915,complete,playbyplay_inferred,101030|200671|202632|202658|203041,complete,playbyplay_inferred,1611661324,Minnesota Lynx
Shot Chart Detail,1021800016,138,200671,Seimone Augustus,1611661313,New York Liberty,1,0,0,Missed Shot,Jump Shot,3PT Field Goal,Above the Break 3,Left Side Center(LC),24+ ft.,27,-136,237,1,0,20180525,NYL,MIN,2018,1021800016138,6000,validated,,0,matched,playbyplayv2,1611661324,201889|202250|203829|204320|1628915,complete,playbyplay_inferred,101030|200671|202632|202658|203041,complete,playbyplay_inferred,1611661324,Minnesota Lynx
Shot Chart Detail,1021800016,154,202658,Danielle Robinson,1611661313,New York Liberty,2,9,40,Made Shot,Driving Finger Roll Layup Shot,2PT Field Goal,Restricted Area,Center(C),Less Than 8 ft.,2,-4,27,1,1,20180525,NYL,MIN,2018,1021800016154,6200,validated,,0,matched,playbyplayv2,1611661324,201889|202250|203829|204320|1628915,complete,playbyplay_inferred,100944|201480|202632|202658|1628283,complete,playbyplay_inferred,1611661324,Minnesota Lynx
Shot Chart Detail,1021800016,157,202658,Danielle Robinson,1611661313,New York Liberty,2,9,10,Made Shot,Jump Shot,2PT Field Goal,Mid-Range,Left Side Center(LC),16-24 ft.,16,-86,139,1,1,20180525,NYL,MIN,2018,1021800016157,6500,validated,202632,1,matched,playbyplayv2,1611661324,201889|202250|203829|204320|1628915,complete,playbyplay_inferred,100944|201480|202632|202658|1628283,complete,playbyplay_inferred,1611661324,Minnesota Lynx
Shot Chart Detail,1021800016,162,202658,Danielle Robinson,1611661313,New York Liberty,2,8,37,Missed Shot,Jump Shot,2PT Field Goal,Mid-Range,Right Side Center(RC),16-24 ft.,16,75,150,1,0,20180525,NYL,MIN,2018,1021800016162,6830,validated,,0,matched,playbyplayv2,1611661324,201889|202250|203829|204320|1628915,complete,playbyplay_inferred,100944|201480|202632|202658|1628283,complete,playbyplay_inferred,1611661324,Minnesota Lynx
Shot Chart Detail,1021800016,166,100944,Rebekkah Brunson,1611661313,New York Liberty,2,8,29,Made Shot,Jump Shot,2PT Field Goal,Mid-Range,Left Side Center(LC),16-24 ft.,19,-83,172,1,1,20180525,NYL,MIN,2018,1021800016166,6910,validated,202658,1,matched,playbyplayv2,1611661324,201889|202250|203829|204320|1628915,complete,playbyplay_inferred,100944|201480|202632|202658|1628283,complete,playbyplay_inferred,1611661324,Minnesota Lynx
Shot Chart Detail,1021800016,170,202632,Maya Moore,1611661313,New York Liberty,2,8,4,Missed Shot,Pullup Jump shot,2PT Field Goal,Mid-Range,Right Side(R),8-16 ft.,11,118,15,1,0,20180525,NYL,MIN,2018,1021800016170,7160,validated,,0,matched,playbyplayv2,1611661324,201889|202250|203829|204320|1628915,complete,playbyplay_inferred,100944|201480|202632|202658|1628283,complete,playbyplay_inferred,1611661324,Minnesota Lynx
Shot Chart Detail,1021800016,179,1628283,Alexis Jones,1611661313,New York Liberty,2,7,27,Missed Shot,Jump Shot,3PT Field Goal,Above the Break 3,Left Side Center(LC),24+ ft.,24,-143,203,1,0,20180525,NYL,MIN,2018,1021800016179,7530,validated,,0,matched,playbyplayv2,1611661324,201889|204296|204320|1628915|1628920,complete,playbyplay_inferred,100944|201480|202632|202658|1628283,complete,playbyplay_inferred,1611661324,Minnesota Lynx
Shot Chart Detail,1021800016,191,100915,Lindsay Whalen,1611661313,New York Liberty,2,6,27,Missed Shot,Driving Finger Roll Layup Shot,2PT Field Goal,In The Paint (Non-RA),Center(C),Less Than 8 ft.,4,23,39,1,0,20180525,NYL,MIN,2018,1021800016191,8130,validated,,0,matched,playbyplayv2,1611661324,201889|204296|204320|1628915|1628920,complete,playbyplay_inferred,100915|100944|201480|202632|1628283,complete,playbyplay_inferred,1611661324,Minnesota Lynx
Shot Chart Detail,1021800016,214,200671,Seimone Augustus,1611661313,New York Liberty,2,4,45,Made Shot,Jump Shot,2PT Field Goal,Mid-Range,Center(C),16-24 ft.,20,-46,197,1,1,20180525,NYL,MIN,2018,1021800016214,9150,validated,,0,matched,playbyplayv2,1611661324,201889|204296|204320|1628915|1628920,complete,playbyplay_inferred,100915|100944|200671|201480|202632,complete,playbyplay_inferred,1611661324,Minnesota Lynx
Shot Chart Detail,1021800016,217,202632,Maya Moore,1611661313,New York Liberty,2,4,22,Made Shot,Jump Shot,2PT Field Goal,Mid-Range,Left Side(L),8-16 ft.,14,-121,83,1,1,20180525,NYL,MIN,2018,1021800016217,9380,validated,,0,matched,playbyplayv2,1611661324,201889|204296|204320|1628915|1628920,complete,playbyplay_inferred,100915|100944|200671|201480|202632,complete,playbyplay_inferred,1611661324,Minnesota Lynx
Shot Chart Detail,1021800016,224,200671,Seimone Augustus,1611661313,New York Liberty,2,3,55,Made Shot,Fadeaway Jump Shot,2PT Field Goal,Mid-Range,Left Side(L),8-16 ft.,11,-99,61,1,1,20180525,NYL,MIN,2018,1021800016224,9650,validated,,0,matched,playbyplayv2,1611661324,201889|204296|204320|1628915|1628920,complete,playbyplay_inferred,100915|100944|200671|201480|202632,complete,playbyplay_inferred,1611661324,Minnesota Lynx
Shot Chart Detail,1021800016,232,100944,Rebekkah Brunson,1611661313,New York Liberty,2,3,17,Missed Shot,Jump Shot,3PT Field Goal,Right Corner 3,Right Side(R),24+ ft.,23,230,20,1,0,20180525,NYL,MIN,2018,1021800016232,10030,validated,,0,matched,playbyplayv2,1611661324,201889|202250|204296|1628915|1628920,complete,playbyplay_inferred,100915|100944|200671|201480|202632,complete,playbyplay_inferred,1611661324,Minnesota Lynx
Shot Chart Detail,1021800016,244,200671,Seimone Augustus,1611661313,New York Liberty,2,2,31,Missed Shot,Jump Shot,3PT Field Goal,Left Corner 3,Left Side(L),24+ ft.,23,-233,-1,1,0,20180525,NYL,MIN,2018,1021800016244,10490,validated,,0,matched,playbyplayv2,1611661324,201889|202250|204296|204329|1628915,complete,playbyplay_inferred,100915|100944|200671|201480|202632,complete,playbyplay_inferred,1611661324,Minnesota Lynx
Shot Chart Detail,1021800016,249,201480,Sylvia Fowles,1611661313,New York Liberty,2,2,4,Missed Shot,Turnaround Jump Shot,2PT Field Goal,In The Paint (Non-RA),Center(C),Less Than 8 ft.,4,19,40,1,0,20180525,NYL,MIN,2018,1021800016249,10760,validated,,0,matched,playbyplayv2,1611661324,201889|202250|204296|204329|1628915,complete,playbyplay_inferred,100915|100944|200671|201480|202632,complete,playbyplay_inferred,1611661324,Minnesota Lynx
Shot Chart Detail,1021800016,252,100915,Lindsay Whalen,1611661313,New York Liberty,2,1,28,Missed Shot,Jump Shot,3PT Field Goal,Above the Break 3,Left Side Center(LC),24+ ft.,24,-147,197,1,0,20180525,NYL,MIN,2018,1021800016252,11120,validated,,0,matched,playbyplayv2,1611661324,201889|202250|204296|204329|1628915,complete,playbyplay_inferred,100915|100944|200671|201480|202632,complete,playbyplay_inferred,1611661324,Minnesota Lynx
Shot Chart Detail,1021800016,256,200671,Seimone Augustus,1611661313,New York Liberty,2,1,17,Missed Shot,Jump Shot,3PT Field Goal,Above the Break 3,Right Side(R),24+ ft.,24,232,64,1,0,20180525,NYL,MIN,2018,1021800016256,11230,validated,,0,matched,playbyplayv2,1611661324,201889|202250|204296|204329|1628915,complete,playbyplay_inferred,100944|200671|201480|202632|202658,complete,playbyplay_inferred,1611661324,Minnesota Lynx
Shot Chart Detail,1021800016,260,202658,Danielle Robinson,1611661313,New York Liberty,2,0,52,Made Shot,Layup Shot,2PT Field Goal,Restricted Area,Center(C),Less Than 8 ft.,1,-3,16,1,1,20180525,NYL,MIN,2018,1021800016260,11480,validated,,0,matched,playbyplayv2,1611661324,201889|202250|204296|204329|1628915,complete,playbyplay_inferred,100944|200671|201480|202632|202658,complete,playbyplay_inferred,1611661324,Minnesota Lynx
Shot Chart Detail,1021800016,270,202632,Maya Moore,1611661313,New York Liberty,2,0,0,Missed Shot,Jump Shot,3PT Field Goal,Backcourt,Back Court(BC),Back Court Shot,45,-117,441,1,0,20180525,NYL,MIN,2018,1021800016270,12000,validated,,0,matched,playbyplayv2,1611661324,201889|202250|204296|204329|1628915,complete,playbyplay_inferred,100944|200671|201480|202632|202658,complete,playbyplay_inferred,1611661324,Minnesota Lynx
Shot Chart Detail,1021800016,286,202632,Maya Moore,1611661313,New York Liberty,3,9,10,Made Shot,Jump Shot,2PT Field Goal,Mid-Range,Right Side(R),16-24 ft.,16,158,56,1,1,20180525,NYL,MIN,2018,1021800016286,12500,validated,,0,matched,playbyplayv2,1611661324,201889|201919|202250|203829|204329,complete,playbyplay_inferred,100915|100944|200671|201480|202632,complete,playbyplay_inferred,1611661324,Minnesota Lynx
Shot Chart Detail,1021800016,291,202632,Maya Moore,1611661313,New York Liberty,3,8,41,Missed Shot,Fadeaway Jump Shot,2PT Field Goal,Mid-Range,Left Side(L),8-16 ft.,12,-126,-2,1,0,20180525,NYL,MIN,2018,1021800016291,12790,validated,,0,matched,playbyplayv2,1611661324,201889|201919|202250|203829|204329,complete,playbyplay_inferred,100915|100944|200671|201480|202632,complete,playbyplay_inferred,1611661324,Minnesota Lynx
Shot Chart Detail,1021800016,303,202632,Maya Moore,1611661313,New York Liberty,3,7,29,Missed Shot,Turnaround Jump Shot,2PT Field Goal,Mid-Range,Left Side(L),8-16 ft.,12,-121,-23,1,0,20180525,NYL,MIN,2018,1021800016303,13510,validated,,0,matched,playbyplayv2,1611661324,201889|202250|203829|204329|1628915,complete,playbyplay_inferred,100915|100944|200671|201480|202632,complete,playbyplay_inferred,1611661324,Minnesota Lynx
Shot Chart Detail,1021800016,311,100915,Lindsay Whalen,1611661313,New York Liberty,3,6,39,Missed Shot,Jump Shot,2PT Field Goal,Mid-Range,Left Side(L),16-24 ft.,21,-217,-4,1,0,20180525,NYL,MIN,2018,1021800016311,14010,validated,,0,matched,playbyplayv2,1611661324,201889|202250|203829|204329|1628915,complete,playbyplay_inferred,100915|100944|200671|201480|202632,complete,playbyplay_inferred,1611661324,Minnesota Lynx
Shot Chart Detail,1021800016,320,200671,Seimone Augustus,1611661313,New York Liberty,3,6,16,Made Shot,Jump Shot,2PT Field Goal,Mid-Range,Center(C),16-24 ft.,20,-56,194,1,1,20180525,NYL,MIN,2018,1021800016320,14240,validated,202658,1,matched,playbyplayv2,1611661324,201889|202250|203829|204329|1628915,complete,playbyplay_inferred,200671|201480|202632|202658|203041,complete,playbyplay_inferred,1611661324,Minnesota Lynx
Shot Chart Detail,1021800016,330,203041,Lynetta Kizer,1611661313,New York Liberty,3,4,52,Missed Shot,Jump Shot,3PT Field Goal,Above the Break 3,Center(C),24+ ft.,24,0,246,1,0,20180525,NYL,MIN,2018,1021800016330,15080,validated,,0,matched,playbyplayv2,1611661324,201889|202250|203829|204329|1628915,complete,playbyplay_inferred,200671|201480|202632|202658|203041,complete,playbyplay_inferred,1611661324,Minnesota Lynx
Shot Chart Detail,1021800016,332,202658,Danielle Robinson,1611661313,New York Liberty,3,4,43,Missed Shot,Driving Layup Shot,2PT Field Goal,Restricted Area,Center(C),Less Than 8 ft.,3,32,18,1,0,20180525,NYL,MIN,2018,1021800016332,15170,validated,,0,matched,playbyplayv2,1611661324,201889|202250|203829|204329|1628915,complete,playbyplay_inferred,200671|201480|202632|202658|203041,complete,playbyplay_inferred,1611661324,Minnesota Lynx
Shot Chart Detail,1021800016,334,203041,Lynetta Kizer,1611661313,New York Liberty,3,4,41,Missed Shot,Putback Layup Shot,2PT Field Goal,Restricted Area,Center(C),Less Than 8 ft.,1,-3,17,1,0,20180525,NYL,MIN,2018,1021800016334,15190,validated,,0,matched,playbyplayv2,1611661324,201889|202250|203829|204329|1628915,complete,playbyplay_inferred,200671|201480|202632|202658|203041,complete,playbyplay_inferred,1611661324,Minnesota Lynx
Shot Chart Detail,1021800016,337,203041,Lynetta Kizer,1611661313,New York Liberty,3,4,29,Missed Shot,Jump Shot,2PT Field Goal,In The Paint (Non-RA),Center(C),Less Than 8 ft.,6,60,4,1,0,20180525,NYL,MIN,2018,1021800016337,15310,validated,,0,matched,playbyplayv2,1611661324,201889|202250|203829|204329|1628915,complete,playbyplay_inferred,200671|201480|202632|202658|203041,complete,playbyplay_inferred,1611661324,Minnesota Lynx
Shot Chart Detail,1021800016,339,202632,Maya Moore,1611661313,New York Liberty,3,4,27,Missed Shot,Putback Layup Shot,2PT Field Goal,Restricted Area,Center(C),Less Than 8 ft.,2,17,13,1,0,20180525,NYL,MIN,2018,1021800016339,15330,validated,,0,matched,playbyplayv2,1611661324,201889|202250|203829|204329|1628915,complete,playbyplay_inferred,200671|201480|202632|202658|203041,complete,playbyplay_inferred,1611661324,Minnesota Lynx
Shot Chart Detail,1021800016,341,203041,Lynetta Kizer,1611661313,New York Liberty,3,4,19,Missed Shot,Jump Shot,2PT Field Goal,Mid-Range,Right Side Center(RC),16-24 ft.,17,83,157,1,0,20180525,NYL,MIN,2018,1021800016341,15410,validated,,0,matched,playbyplayv2,1611661324,201889|202250|203829|204329|1628915,complete,playbyplay_inferred,200671|201480|202632|202658|203041,complete,playbyplay_inferred,1611661324,Minnesota Lynx
Shot Chart Detail,1021800016,359,202658,Danielle Robinson,1611661313,New York Liberty,3,3,59,Missed Shot,Driving Layup Shot,2PT Field Goal,Restricted Area,Center(C),Less Than 8 ft.,1,-9,13,1,0,20180525,NYL,MIN,2018,1021800016359,15610,validated,,0,matched,playbyplayv2,1611661324,203829|204296|204320|1628915|1628920,complete,playbyplay_inferred,101030|202632|202658|203041|1628283,complete,playbyplay_inferred,1611661324,Minnesota Lynx
Shot Chart Detail,1021800016,365,202632,Maya Moore,1611661313,New York Liberty,3,3,30,Made Shot,Jump Shot,3PT Field Goal,Above the Break 3,Left Side Center(LC),24+ ft.,24,-168,185,1,1,20180525,NYL,MIN,2018,1021800016365,15900,validated,101030,1,matched,playbyplayv2,1611661324,203829|204296|204320|1628915|1628920,complete,playbyplay_inferred,101030|202632|202658|203041|1628283,complete,playbyplay_inferred,1611661324,Minnesota Lynx
Shot Chart Detail,1021800016,371,202632,Maya Moore,1611661313,New York Liberty,3,3,1,Missed Shot,Driving Floating Jump Shot,2PT Field Goal,Mid-Range,Left Side(L),8-16 ft.,9,-96,0,1,0,20180525,NYL,MIN,2018,1021800016371,16190,validated,,0,matched,playbyplayv2,1611661324,203829|204296|204320|1628915|1628920,complete,playbyplay_inferred,101030|202632|202658|203041|1628283,complete,playbyplay_inferred,1611661324,Minnesota Lynx
Shot Chart Detail,1021800016,375,202658,Danielle Robinson,1611661313,New York Liberty,3,2,20,Made Shot,Jump Shot,2PT Field Goal,Mid-Range,Right Side(R),8-16 ft.,15,154,-3,1,1,20180525,NYL,MIN,2018,1021800016375,16600,validated,202632,1,matched,playbyplayv2,1611661324,203829|204296|204320|1628915|1628920,complete,playbyplay_inferred,101030|202632|202658|203041|1628283,complete,playbyplay_inferred,1611661324,Minnesota Lynx
Shot Chart Detail,1021800016,384,1628283,Alexis Jones,1611661313,New York Liberty,3,1,51,Missed Shot,Jump Shot,2PT Field Goal,Mid-Range,Left Side(L),8-16 ft.,11,-104,57,1,0,20180525,NYL,MIN,2018,1021800016384,16890,validated,,0,matched,playbyplayv2,1611661324,201919|204296|204320|1628915|1628920,complete,playbyplay_inferred,101030|202658|203041|1627701|1628283,complete,playbyplay_inferred,1611661324,Minnesota Lynx
Shot Chart Detail,1021800016,397,203041,Lynetta Kizer,1611661313,New York Liberty,3,0,55,Missed Shot,Jump Shot,3PT Field Goal,Right Corner 3,Right Side(R),24+ ft.,22,226,2,1,0,20180525,NYL,MIN,2018,1021800016397,17450,validated,,0,matched,playbyplayv2,1611661324,201919|204296|204320|1628915|1628920,complete,playbyplay_inferred,101030|202658|203041|1627701|1628283,complete,playbyplay_inferred,1611661324,Minnesota Lynx
Shot Chart Detail,1021800016,401,203041,Lynetta Kizer,1611661313,New York Liberty,3,0,33,Made Shot,Jump Shot,2PT Field Goal,Mid-Range,Left Side Center(LC),16-24 ft.,19,-121,158,1,1,20180525,NYL,MIN,2018,1021800016401,17670,validated,202658,1,matched,playbyplayv2,1611661324,201919|204296|204320|1628915|1628920,complete,playbyplay_inferred,101030|202658|203041|1627701|1628283,complete,playbyplay_inferred,1611661324,Minnesota Lynx
Shot Chart Detail,1021800016,406,1628283,Alexis Jones,1611661313,New York Liberty,3,0,1,Missed Shot,Jump Shot,2PT Field Goal,Mid-Range,Left Side Center(LC),16-24 ft.,21,-163,135,1,0,20180525,NYL,MIN,2018,1021800016406,17990,validated,,0,matched,playbyplayv2,1611661324,201919|204296|204320|1628915|1628920,complete,playbyplay_inferred,101030|202658|203041|1627701|1628283,complete,playbyplay_inferred,1611661324,Minnesota Lynx
Shot Chart Detail,1021800016,427,200671,Seimone Augustus,1611661313,New York Liberty,4,9,41,Made Shot,Jump Bank Shot,2PT Field Goal,Mid-Range,Center(C),16-24 ft.,20,0,200,1,1,20180525,NYL,MIN,2018,1021800016427,18190,validated,100915,1,matched,playbyplayv2,1611661324,201919|204296|204320|1628915|1628920,complete,playbyplay_inferred,100915|100944|200671|201480|202632,complete,playbyplay_inferred,1611661324,Minnesota Lynx
Shot Chart Detail,1021800016,433,201480,Sylvia Fowles,1611661313,New York Liberty,4,9,13,Made Shot,Cutting Layup Shot,2PT Field Goal,Restricted Area,Center(C),Less Than 8 ft.,1,-3,13,1,1,20180525,NYL,MIN,2018,1021800016433,18470,validated,100944,1,matched,playbyplayv2,1611661324,201919|204296|204320|1628915|1628920,complete,playbyplay_inferred,100915|100944|200671|201480|202632,complete,playbyplay_inferred,1611661324,Minnesota Lynx
Shot Chart Detail,1021800016,437,201480,Sylvia Fowles,1611661313,New York Liberty,4,8,33,Missed Shot,Turnaround Jump Shot,2PT Field Goal,Restricted Area,Center(C),Less Than 8 ft.,3,-23,20,1,0,20180525,NYL,MIN,2018,1021800016437,18870,validated,,0,matched,playbyplayv2,1611661324,201919|204296|204320|1628915|1628920,complete,playbyplay_inferred,100915|100944|200671|201480|202632,complete,playbyplay_inferred,1611661324,Minnesota Lynx
Shot Chart Detail,1021800016,455,100944,Rebekkah Brunson,1611661313,New York Liberty,4,7,4,Missed Shot,Jump Shot,3PT Field Goal,Above the Break 3,Right Side Center(RC),24+ ft.,23,155,180,1,0,20180525,NYL,MIN,2018,1021800016455,19760,validated,,0,matched,playbyplayv2,1611661324,201919|202250|204296|1628915|1628920,complete,playbyplay_inferred,100915|100944|200671|201480|202632,complete,playbyplay_inferred,1611661324,Minnesota Lynx
Shot Chart Detail,1021800016,462,100915,Lindsay Whalen,1611661313,New York Liberty,4,6,30,Missed Shot,Jump Shot,2PT Field Goal,In The Paint (Non-RA),Center(C),Less Than 8 ft.,6,58,35,1,0,20180525,NYL,MIN,2018,1021800016462,20100,validated,,0,matched,playbyplayv2,1611661324,201919|202250|204296|1628915|1628920,complete,playbyplay_inferred,100915|100944|101030|201480|1628283,complete,playbyplay_inferred,1611661324,Minnesota Lynx
Shot Chart Detail,1021800016,474,202632,Maya Moore,1611661313,New York Liberty,4,5,8,Missed Shot,Turnaround Jump Shot,2PT Field Goal,In The Paint (Non-RA),Center(C),8-16 ft.,15,-65,136,1,0,20180525,NYL,MIN,2018,1021800016474,20920,validated,,0,matched,playbyplayv2,1611661324,201919|202250|204296|1628915|1628920,complete,playbyplay_inferred,100944|101030|201480|202632|202658,complete,playbyplay_inferred,1611661324,Minnesota Lynx
Shot Chart Detail,1021800016,484,200671,Seimone Augustus,1611661313,New York Liberty,4,4,46,Made Shot,Jump Shot,2PT Field Goal,Mid-Range,Left Side Center(LC),16-24 ft.,17,-102,136,1,1,20180525,NYL,MIN,2018,1021800016484,21140,validated,,0,matched,playbyplayv2,1611661324,201889|201919|202250|1628915|1628920,complete,playbyplay_inferred,100944|101030|200671|201480|202658,complete,playbyplay_inferred,1611661324,Minnesota Lynx
Shot Chart Detail,1021800016,487,101030,Tanisha Wright,1611661313,New York Liberty,4,4,13,Missed Shot,Jump Shot,3PT Field Goal,Left Corner 3,Left Side(L),24+ ft.,23,-234,-13,1,0,20180525,NYL,MIN,2018,1021800016487,21470,validated,,0,matched,playbyplayv2,1611661324,201889|201919|202250|1628915|1628920,complete,playbyplay_inferred,100944|101030|200671|201480|202658,complete,playbyplay_inferred,1611661324,Minnesota Lynx
Shot Chart Detail,1021800016,493,200671,Seimone Augustus,1611661313,New York Liberty,4,3,55,Made Shot,Jump Shot,2PT Field Goal,Mid-Range,Left Side Center(LC),16-24 ft.,17,-134,120,1,1,20180525,NYL,MIN,2018,1021800016493,21650,validated,,0,matched,playbyplayv2,1611661324,201889|201919|202250|1628915|1628920,complete,playbyplay_inferred,100944|101030|200671|201480|202658,complete,playbyplay_inferred,1611661324,Minnesota Lynx
Shot Chart Detail,1021800016,498,200671,Seimone Augustus,1611661313,New York Liberty,4,3,14,Missed Shot,Jump Shot,2PT Field Goal,Mid-Range,Left Side Center(LC),16-24 ft.,20,-73,196,1,0,20180525,NYL,MIN,2018,1021800016498,22060,validated,,0,matched,playbyplayv2,1611661324,201889|201919|202250|1628915|1628920,complete,playbyplay_inferred,100944|101030|200671|201480|202658,complete,playbyplay_inferred,1611661324,Minnesota Lynx
Shot Chart Detail,1021800016,502,101030,Tanisha Wright,1611661313,New York Liberty,4,2,48,Made Shot,Layup Shot,2PT Field Goal,Restricted Area,Center(C),Less Than 8 ft.,1,0,12,1,1,20180525,NYL,MIN,2018,1021800016502,22320,validated,202658,1,matched,playbyplayv2,1611661324,201889|201919|202250|1628915|1628920,complete,playbyplay_inferred,100944|101030|200671|201480|202658,complete,playbyplay_inferred,1611661324,Minnesota Lynx
Shot Chart Detail,1021800016,515,100944,Rebekkah Brunson,1611661313,New York Liberty,4,1,46,Missed Shot,Jump Shot,2PT Field Goal,Mid-Range,Left Side(L),8-16 ft.,12,-123,31,1,0,20180525,NYL,MIN,2018,1021800016515,22940,validated,,0,matched,playbyplayv2,1611661324,201919|202250|203829|1628915|1628920,complete,playbyplay_inferred,100944|101030|200671|201480|202658,complete,playbyplay_inferred,1611661324,Minnesota Lynx
Shot Chart Detail,1021800016,522,200671,Seimone Augustus,1611661313,New York Liberty,4,1,16,Made Shot,Jump Shot,3PT Field Goal,Left Corner 3,Left Side(L),24+ ft.,23,-231,-12,1,1,20180525,NYL,MIN,2018,1021800016522,23240,validated,202658,1,matched,playbyplayv2,1611661324,201919|202250|203829|1628915|1628920,complete,playbyplay_inferred,100944|101030|200671|201480|202658,complete,playbyplay_inferred,1611661324,Minnesota Lynx
Shot Chart Detail,1021800016,531,202632,Maya Moore,1611661313,New York Liberty,4,0,37,Missed Shot,Jump Shot,2PT Field Goal,In The Paint (Non-RA),Center(C),8-16 ft.,11,48,104,1,0,20180525,NYL,MIN,2018,1021800016531,23630,validated,,0,matched,playbyplayv2,1611661324,201919|202250|203829|1628915|1628920,complete,playbyplay_inferred,100944|200671|201480|202632|202658,complete,playbyplay_inferred,1611661324,Minnesota Lynx
Shot Chart Detail,1021800016,548,202632,Maya Moore,1611661313,New York Liberty,4,0,19,Made Shot,Jump Shot,3PT Field Goal,Above the Break 3,Center(C),24+ ft.,24,14,240,1,1,20180525,NYL,MIN,2018,1021800016548,23810,validated,,0,matched,playbyplayv2,1611661324,201919|202250|203829|204329|1628915,complete,playbyplay_inferred,100915|100944|200671|201480|202632,complete,playbyplay_inferred,1611661324,Minnesota Lynx
Shot Chart Detail,1021800024,7,203866,Kayla Thornton,1611661313,New York Liberty,1,9,37,Missed Shot,Jump Shot,3PT Field Goal,Above the Break 3,Right Side Center(RC),24+ ft.,23,120,205,1,0,20180529,NYL,DAL,2018,10218000247,230,validated,,0,matched,playbyplayv2,1611661321,201889|201919|202250|203829|204329,complete,playbyplay_inferred,202633|202640|203400|203866|1628277,complete,playbyplay_inferred,1611661321,Dallas Wings
Shot Chart Detail,1021800024,10,203400,Skylar Diggins,1611661313,New York Liberty,1,9,13,Made Shot,Jump Shot,3PT Field Goal,Above the Break 3,Center(C),16-24 ft.,22,36,227,1,1,20180529,NYL,DAL,2018,102180002410,470,validated,203866,1,matched,playbyplayv2,1611661321,201889|201919|202250|203829|204329,complete,playbyplay_inferred,202633|202640|203400|203866|1628277,complete,playbyplay_inferred,1611661321,Dallas Wings
Shot Chart Detail,1021800024,16,202633,Liz Cambage,1611661313,New York Liberty,1,8,36,Made Shot,Jump Shot,2PT Field Goal,In The Paint (Non-RA),Right Side(R),8-16 ft.,9,68,66,1,1,20180529,NYL,DAL,2018,102180002416,840,validated,203400,1,matched,playbyplayv2,1611661321,201889|201919|202250|203829|204329,complete,playbyplay_inferred,202633|202640|203400|203866|1628277,complete,playbyplay_inferred,1611661321,Dallas Wings
Shot Chart Detail,1021800024,24,203400,Skylar Diggins,1611661313,New York Liberty,1,8,7,Made Shot,Jump Shot,3PT Field Goal,Left Corner 3,Left Side(L),24+ ft.,23,-230,-23,1,1,20180529,NYL,DAL,2018,102180002424,1130,validated,202640,1,matched,playbyplayv2,1611661321,201889|201919|202250|203829|204329,complete,playbyplay_inferred,202633|202640|203400|203866|1628277,complete,playbyplay_inferred,1611661321,Dallas Wings
Shot Chart Detail,1021800024,34,203400,Skylar Diggins,1611661313,New York Liberty,1,7,23,Made Shot,Jump Shot,3PT Field Goal,Above the Break 3,Left Side Center(LC),24+ ft.,26,-136,224,1,1,20180529,NYL,DAL,2018,102180002434,1570,validated,,0,matched,playbyplayv2,1611661321,201889|201919|202250|203829|204329,complete,playbyplay_inferred,202633|202640|203400|203866|1628277,complete,playbyplay_inferred,1611661321,Dallas Wings
Shot Chart Detail,1021800024,38,203866,Kayla Thornton,1611661313,New York Liberty,1,6,43,Made Shot,Jump Shot,3PT Field Goal,Above the Break 3,Center(C),16-24 ft.,23,-70,224,1,1,20180529,NYL,DAL,2018,102180002438,1970,validated,203400,1,matched,playbyplayv2,1611661321,201889|201919|202250|203829|204329,complete,playbyplay_inferred,202633|202640|203400|203866|1628277,complete,playbyplay_inferred,1611661321,Dallas Wings
Shot Chart Detail,1021800024,42,203400,Skylar Diggins,1611661313,New York Liberty,1,6,10,Made Shot,Jump Shot,3PT Field Goal,Right Corner 3,Right Side(R),24+ ft.,22,226,2,1,1,20180529,NYL,DAL,2018,102180002442,2300,validated,,0,matched,playbyplayv2,1611661321,201889|201919|202250|203829|204329,complete,playbyplay_inferred,202633|202640|203400|203866|1628277,complete,playbyplay_inferred,1611661321,Dallas Wings
Shot Chart Detail,1021800024,44,202640,Karima Christmas-Kelly,1611661313,New York Liberty,1,5,32,Missed Shot,Jump Shot,3PT Field Goal,Right Corner 3,Right Side(R),24+ ft.,23,230,4,1,0,20180529,NYL,DAL,2018,102180002444,2680,validated,,0,matched,playbyplayv2,1611661321,201889|201919|202250|203829|204329,complete,playbyplay_inferred,202633|202640|203400|203866|1628277,complete,playbyplay_inferred,1611661321,Dallas Wings
Shot Chart Detail,1021800024,51,203866,Kayla Thornton,1611661313,New York Liberty,1,5,17,Made Shot,Layup Shot,2PT Field Goal,Restricted Area,Center(C),Less Than 8 ft.,1,8,10,1,1,20180529,NYL,DAL,2018,102180002451,2830,validated,,0,matched,playbyplayv2,1611661321,201889|201919|202250|204329|1628915,complete,playbyplay_inferred,202633|202640|203400|203866|1628277,complete,playbyplay_inferred,1611661321,Dallas Wings
Shot Chart Detail,1021800024,54,203400,Skylar Diggins,1611661313,New York Liberty,1,4,41,Missed Shot,Jump Shot,3PT Field Goal,Above the Break 3,Right Side Center(RC),24+ ft.,24,160,187,1,0,20180529,NYL,DAL,2018,102180002454,3190,validated,,0,matched,playbyplayv2,1611661321,201889|201919|202250|204329|1628915,complete,playbyplay_inferred,202633|202640|203400|203866|1628277,complete,playbyplay_inferred,1611661321,Dallas Wings
Shot Chart Detail,1021800024,62,203866,Kayla Thornton,1611661313,New York Liberty,1,4,20,Made Shot,Jump Shot,3PT Field Goal,Above the Break 3,Right Side Center(RC),16-24 ft.,22,141,181,1,1,20180529,NYL,DAL,2018,102180002462,3400,validated,1628267,1,matched,playbyplayv2,1611661321,201889|201919|202250|204329|1628915,complete,playbyplay_inferred,202633|202640|203866|1628267|1628277,complete,playbyplay_inferred,1611661321,Dallas Wings
Shot Chart Detail,1021800024,75,203866,Kayla Thornton,1611661313,New York Liberty,1,3,11,Missed Shot,Jump Shot,3PT Field Goal,Above the Break 3,Center(C),24+ ft.,24,30,240,1,0,20180529,NYL,DAL,2018,102180002475,4090,validated,,0,matched,playbyplayv2,1611661321,201889|201919|202250|204329|1628915,complete,playbyplay_inferred,202633|202640|203866|1628267|1628277,complete,playbyplay_inferred,1611661321,Dallas Wings
Shot Chart Detail,1021800024,83,203866,Kayla Thornton,1611661313,New York Liberty,1,2,22,Missed Shot,Jump Shot,3PT Field Goal,Above the Break 3,Right Side(R),24+ ft.,23,229,34,1,0,20180529,NYL,DAL,2018,102180002483,4580,validated,,0,matched,playbyplayv2,1611661321,201889|201919|202250|204329|1628915,complete,playbyplay_inferred,202633|202640|203866|1628267|1628277,complete,playbyplay_inferred,1611661321,Dallas Wings
Shot Chart Detail,1021800024,103,1628922,Azurá Stevens,1611661313,New York Liberty,1,1,46,Made Shot,Jump Shot,3PT Field Goal,Above the Break 3,Center(C),24+ ft.,24,67,235,1,1,20180529,NYL,DAL,2018,1021800024103,4940,validated,202633,1,matched,playbyplayv2,1611661321,201889|201913|203829|204320|1628915,complete,playbyplay_inferred,202633|202640|1628267|1628273|1628922,complete,playbyplay_inferred,1611661321,Dallas Wings
Shot Chart Detail,1021800024,127,202633,Liz Cambage,1611661313,New York Liberty,1,0,18,Made Shot,Layup Shot,2PT Field Goal,Restricted Area,Center(C),Less Than 8 ft.,1,3,15,1,1,20180529,NYL,DAL,2018,1021800024127,5820,validated,,0,matched,playbyplayv2,1611661321,201889|201913|203829|204320|1628915,complete,playbyplay_inferred,202633|202640|1628267|1628273|1628922,complete,playbyplay_inferred,1611661321,Dallas Wings
Shot Chart Detail,1021800024,133,202633,Liz Cambage,1611661313,New York Liberty,1,0,0,Missed Shot,Running Jump Shot,3PT Field Goal,Backcourt,Back Court(BC),Back Court Shot,46,11,468,1,0,20180529,NYL,DAL,2018,1021800024133,6000,validated,,0,matched,playbyplayv2,1611661321,201889|201913|203829|204320|1628915,complete,playbyplay_inferred,202633|202640|1628267|1628273|1628922,complete,playbyplay_inferred,1611661321,Dallas Wings
Shot Chart Detail,1021800024,152,1628273,Kaela Davis,1611661313,New York Liberty,2,8,57,Made Shot,Pullup Jump shot,2PT Field Goal,In The Paint (Non-RA),Center(C),8-16 ft.,12,-10,125,1,1,20180529,NYL,DAL,2018,1021800024152,6630,validated,,0,matched,playbyplayv2,1611661321,201913|201919|202250|203829|1628915,complete,playbyplay_inferred,202640|1628267|1628273|1628292|1628922,complete,playbyplay_inferred,1611661321,Dallas Wings
Shot Chart Detail,1021800024,155,1628922,Azurá Stevens,1611661313,New York Liberty,2,8,18,Made Shot,Turnaround Hook Shot,2PT Field Goal,In The Paint (Non-RA),Center(C),8-16 ft.,8,-41,76,1,1,20180529,NYL,DAL,2018,1021800024155,7020,validated,,0,matched,playbyplayv2,1611661321,201913|201919|202250|203829|1628915,complete,playbyplay_inferred,202640|1628267|1628273|1628292|1628922,complete,playbyplay_inferred,1611661321,Dallas Wings
Shot Chart Detail,1021800024,169,203400,Skylar Diggins,1611661313,New York Liberty,2,7,45,Missed Shot,Driving Floating Jump Shot,2PT Field Goal,Mid-Range,Center(C),8-16 ft.,14,-9,146,1,0,20180529,NYL,DAL,2018,1021800024169,7350,validated,,0,matched,playbyplayv2,1611661321,201913|201919|202250|203829|1628915,complete,playbyplay_inferred,203400|1628273|1628277|1628292|1628922,complete,playbyplay_inferred,1611661321,Dallas Wings
Shot Chart Detail,1021800024,178,202633,Liz Cambage,1611661313,New York Liberty,2,7,15,Missed Shot,Turnaround Jump Shot,2PT Field Goal,In The Paint (Non-RA),Center(C),Less Than 8 ft.,6,61,15,1,0,20180529,NYL,DAL,2018,1021800024178,7650,validated,,0,matched,playbyplayv2,1611661321,201913|201919|202250|203829|1628915,complete,playbyplay_inferred,202633|203400|203866|1628273|1628277,complete,playbyplay_inferred,1611661321,Dallas Wings
Shot Chart Detail,1021800024,187,202633,Liz Cambage,1611661313,New York Liberty,2,6,36,Missed Shot,Jump Shot,3PT Field Goal,Above the Break 3,Left Side Center(LC),24+ ft.,24,-152,188,1,0,20180529,NYL,DAL,2018,1021800024187,8040,validated,,0,matched,playbyplayv2,1611661321,201913|201919|202250|203829|1628915,complete,playbyplay_inferred,202633|203400|203866|1628273|1628277,complete,playbyplay_inferred,1611661321,Dallas Wings
Shot Chart Detail,1021800024,194,1628273,Kaela Davis,1611661313,New York Liberty,2,6,7,Missed Shot,Driving Layup Shot,2PT Field Goal,In The Paint (Non-RA),Center(C),Less Than 8 ft.,4,-7,43,1,0,20180529,NYL,DAL,2018,1021800024194,8330,validated,,0,matched,playbyplayv2,1611661321,201913|201919|202250|203829|1628915,complete,playbyplay_inferred,202633|203400|203866|1628273|1628277,complete,playbyplay_inferred,1611661321,Dallas Wings
Shot Chart Detail,1021800024,205,202633,Liz Cambage,1611661313,New York Liberty,2,5,21,Missed Shot,Jump Shot,2PT Field Goal,In The Paint (Non-RA),Center(C),Less Than 8 ft.,5,49,16,1,0,20180529,NYL,DAL,2018,1021800024205,8790,validated,,0,matched,playbyplayv2,1611661321,201889|201919|202250|204329|1628915,complete,playbyplay_inferred,202633|203400|203866|1628273|1628277,complete,playbyplay_inferred,1611661321,Dallas Wings
Shot Chart Detail,1021800024,220,1628277,Allisha Gray,1611661313,New York Liberty,2,4,57,Missed Shot,Jump Shot,3PT Field Goal,Right Corner 3,Right Side(R),24+ ft.,22,226,17,1,0,20180529,NYL,DAL,2018,1021800024220,9030,validated,,0,matched,playbyplayv2,1611661321,201889|201919|202250|203829|204329,complete,playbyplay_inferred,202633|203400|203866|1628273|1628277,complete,playbyplay_inferred,1611661321,Dallas Wings
Shot Chart Detail,1021800024,232,1628277,Allisha Gray,1611661313,New York Liberty,2,3,23,Missed Shot,Jump Shot,3PT Field Goal,Left Corner 3,Left Side(L),24+ ft.,23,-233,-11,1,0,20180529,NYL,DAL,2018,1021800024232,9970,validated,,0,matched,playbyplayv2,1611661321,201889|201919|202250|203829|204329,complete,playbyplay_inferred,202633|203400|203866|1628273|1628277,complete,playbyplay_inferred,1611661321,Dallas Wings
Shot Chart Detail,1021800024,248,203400,Skylar Diggins,1611661313,New York Liberty,2,2,18,Made Shot,Step Back Jump shot,2PT Field Goal,Mid-Range,Left Side Center(LC),16-24 ft.,18,-87,163,1,1,20180529,NYL,DAL,2018,1021800024248,10620,validated,,0,matched,playbyplayv2,1611661321,201919|202250|203829|204296|204329,complete,playbyplay_inferred,202633|202640|203400|203866|1628273,complete,playbyplay_inferred,1611661321,Dallas Wings
Shot Chart Detail,1021800024,251,203400,Skylar Diggins,1611661313,New York Liberty,2,1,41,Missed Shot,Jump Shot,3PT Field Goal,Above the Break 3,Left Side Center(LC),24+ ft.,28,-169,226,1,0,20180529,NYL,DAL,2018,1021800024251,10990,validated,,0,matched,playbyplayv2,1611661321,201919|202250|203829|204296|204329,complete,playbyplay_inferred,202633|202640|203400|203866|1628273,complete,playbyplay_inferred,1611661321,Dallas Wings
Shot Chart Detail,1021800024,266,202633,Liz Cambage,1611661313,New York Liberty,2,0,56,Made Shot,Layup Shot,2PT Field Goal,Restricted Area,Center(C),Less Than 8 ft.,2,12,18,1,1,20180529,NYL,DAL,2018,1021800024266,11440,validated,203400,1,matched,playbyplayv2,1611661321,201889|201919|202250|204296|204329,complete,playbyplay_inferred,202633|202640|203400|203866|1628273,complete,playbyplay_inferred,1611661321,Dallas Wings
Shot Chart Detail,1021800024,272,202633,Liz Cambage,1611661313,New York Liberty,2,0,34,Missed Shot,Layup Shot,2PT Field Goal,Restricted Area,Center(C),Less Than 8 ft.,1,6,17,1,0,20180529,NYL,DAL,2018,1021800024272,11660,validated,,0,matched,playbyplayv2,1611661321,201889|201919|202250|204296|204329,complete,playbyplay_inferred,202633|202640|203400|203866|1628273,complete,playbyplay_inferred,1611661321,Dallas Wings
Shot Chart Detail,1021800024,274,202633,Liz Cambage,1611661313,New York Liberty,2,0,31,Made Shot,Putback Layup Shot,2PT Field Goal,Restricted Area,Center(C),Less Than 8 ft.,2,9,18,1,1,20180529,NYL,DAL,2018,1021800024274,11690,validated,,0,matched,playbyplayv2,1611661321,201889|201919|202250|204296|204329,complete,playbyplay_inferred,202633|202640|203400|203866|1628273,complete,playbyplay_inferred,1611661321,Dallas Wings
Shot Chart Detail,1021800024,277,203866,Kayla Thornton,1611661313,New York Liberty,2,0,0,Missed Shot,Jump Shot,3PT Field Goal,Above the Break 3,Right Side Center(RC),24+ ft.,25,82,237,1,0,20180529,NYL,DAL,2018,1021800024277,12000,validated,,0,matched,playbyplayv2,1611661321,201889|201919|202250|204296|204329,complete,playbyplay_inferred,202633|202640|203400|203866|1628273,complete,playbyplay_inferred,1611661321,Dallas Wings
Shot Chart Detail,1021800024,288,202640,Karima Christmas-Kelly,1611661313,New York Liberty,3,9,29,Made Shot,Jump Shot,3PT Field Goal,Above the Break 3,Right Side Center(RC),24+ ft.,24,169,181,1,1,20180529,NYL,DAL,2018,1021800024288,12310,validated,202633,1,matched,playbyplayv2,1611661321,201889|201919|202250|203829|204329,complete,playbyplay_inferred,202633|202640|203400|203866|1628277,complete,playbyplay_inferred,1611661321,Dallas Wings
Shot Chart Detail,1021800024,299,203400,Skylar Diggins,1611661313,New York Liberty,3,8,20,Missed Shot,Driving Floating Bank Jump Shot,2PT Field Goal,In The Paint (Non-RA),Center(C),Less Than 8 ft.,7,-51,55,1,0,20180529,NYL,DAL,2018,1021800024299,13000,validated,,0,matched,playbyplayv2,1611661321,201889|201919|202250|203829|204329,complete,playbyplay_inferred,202633|202640|203400|203866|1628277,complete,playbyplay_inferred,1611661321,Dallas Wings
Shot Chart Detail,1021800024,303,1628277,Allisha Gray,1611661313,New York Liberty,3,7,51,Made Shot,Jump Shot,3PT Field Goal,Above the Break 3,Right Side Center(RC),24+ ft.,24,163,181,1,1,20180529,NYL,DAL,2018,1021800024303,13290,validated,203400,1,matched,playbyplayv2,1611661321,201889|201919|202250|203829|204329,complete,playbyplay_inferred,202633|202640|203400|203866|1628277,complete,playbyplay_inferred,1611661321,Dallas Wings
Shot Chart Detail,1021800024,307,203866,Kayla Thornton,1611661313,New York Liberty,3,7,26,Made Shot,Layup Shot,2PT Field Goal,Restricted Area,Center(C),Less Than 8 ft.,1,10,12,1,1,20180529,NYL,DAL,2018,1021800024307,13540,validated,203400,1,matched,playbyplayv2,1611661321,201889|201919|202250|203829|204329,complete,playbyplay_inferred,202633|202640|203400|203866|1628277,complete,playbyplay_inferred,1611661321,Dallas Wings
Shot Chart Detail,1021800024,334,203400,Skylar Diggins,1611661313,New York Liberty,3,7,3,Missed Shot,Layup Shot,2PT Field Goal,Restricted Area,Center(C),Less Than 8 ft.,2,-14,19,1,0,20180529,NYL,DAL,2018,1021800024334,13770,validated,,0,matched,playbyplayv2,1611661321,201913|201919|202250|203829|204296,complete,playbyplay_inferred,202633|202640|203400|203866|1628277,complete,playbyplay_inferred,1611661321,Dallas Wings
Shot Chart Detail,1021800024,340,202633,Liz Cambage,1611661313,New York Liberty,3,6,31,Made Shot,Layup Shot,2PT Field Goal,Restricted Area,Center(C),Less Than 8 ft.,1,-8,13,1,1,20180529,NYL,DAL,2018,1021800024340,14090,validated,202640,1,matched,playbyplayv2,1611661321,201913|201919|202250|203829|204296,complete,playbyplay_inferred,202633|202640|203400|203866|1628277,complete,playbyplay_inferred,1611661321,Dallas Wings
Shot Chart Detail,1021800024,351,203400,Skylar Diggins,1611661313,New York Liberty,3,5,39,Missed Shot,Jump Shot,3PT Field Goal,Above the Break 3,Right Side Center(RC),16-24 ft.,23,72,221,1,0,20180529,NYL,DAL,2018,1021800024351,14610,validated,,0,matched,playbyplayv2,1611661321,201913|201919|202250|203829|204296,complete,playbyplay_inferred,202633|202640|203400|203866|1628277,complete,playbyplay_inferred,1611661321,Dallas Wings
Shot Chart Detail,1021800024,358,202633,Liz Cambage,1611661313,New York Liberty,3,5,18,Missed Shot,Layup Shot,2PT Field Goal,Restricted Area,Center(C),Less Than 8 ft.,2,21,4,1,0,20180529,NYL,DAL,2018,1021800024358,14820,validated,,0,matched,playbyplayv2,1611661321,201913|201919|202250|203829|204296,complete,playbyplay_inferred,202633|202640|203400|203866|1628277,complete,playbyplay_inferred,1611661321,Dallas Wings
Shot Chart Detail,1021800024,370,203866,Kayla Thornton,1611661313,New York Liberty,3,4,51,Missed Shot,Jump Shot,3PT Field Goal,Above the Break 3,Left Side Center(LC),24+ ft.,25,-156,199,1,0,20180529,NYL,DAL,2018,1021800024370,15090,validated,,0,matched,playbyplayv2,1611661321,201889|201913|202250|203829|204296,complete,playbyplay_inferred,202633|202640|203400|203866|1628277,complete,playbyplay_inferred,1611661321,Dallas Wings
Shot Chart Detail,1021800024,374,202640,Karima Christmas-Kelly,1611661313,New York Liberty,3,4,17,Made Shot,Jump Shot,3PT Field Goal,Above the Break 3,Right Side Center(RC),16-24 ft.,23,121,203,1,1,20180529,NYL,DAL,2018,1021800024374,15430,validated,,0,matched,playbyplayv2,1611661321,201889|201913|202250|203829|204296,complete,playbyplay_inferred,202633|202640|203400|203866|1628277,complete,playbyplay_inferred,1611661321,Dallas Wings
Shot Chart Detail,1021800024,379,202633,Liz Cambage,1611661313,New York Liberty,3,3,31,Made Shot,Layup Shot,2PT Field Goal,Restricted Area,Center(C),Less Than 8 ft.,1,11,13,1,1,20180529,NYL,DAL,2018,1021800024379,15890,validated,203866,1,matched,playbyplayv2,1611661321,201889|201913|202250|203829|204296,complete,playbyplay_inferred,202633|202640|203400|203866|1628277,complete,playbyplay_inferred,1611661321,Dallas Wings
Shot Chart Detail,1021800024,391,202633,Liz Cambage,1611661313,New York Liberty,3,2,11,Made Shot,Turnaround Jump Shot,2PT Field Goal,In The Paint (Non-RA),Center(C),Less Than 8 ft.,7,74,18,1,1,20180529,NYL,DAL,2018,1021800024391,16690,validated,202640,1,matched,playbyplayv2,1611661321,201889|201913|202250|203829|204296,complete,playbyplay_inferred,202633|202640|203400|1628273|1628922,complete,playbyplay_inferred,1611661321,Dallas Wings
Shot Chart Detail,1021800024,409,202640,Karima Christmas-Kelly,1611661313,New York Liberty,3,0,50,Missed Shot,Driving Floating Jump Shot,2PT Field Goal,In The Paint (Non-RA),Center(C),Less Than 8 ft.,5,-26,52,1,0,20180529,NYL,DAL,2018,1021800024409,17500,validated,,0,matched,playbyplayv2,1611661321,201889|201913|202250|203829|204296,complete,playbyplay_inferred,202640|1628267|1628273|1628292|1628922,complete,playbyplay_inferred,1611661321,Dallas Wings
Shot Chart Detail,1021800024,423,202640,Karima Christmas-Kelly,1611661313,New York Liberty,4,9,37,Made Shot,Jump Shot,3PT Field Goal,Above the Break 3,Right Side(R),16-24 ft.,22,219,62,1,1,20180529,NYL,DAL,2018,1021800024423,18230,validated,1628267,1,matched,playbyplayv2,1611661321,201889|201919|202250|204296|1628915,complete,playbyplay_inferred,202640|1628267|1628273|1628292|1628922,complete,playbyplay_inferred,1611661321,Dallas Wings
Shot Chart Detail,1021800024,427,1628267,Saniya Chong,1611661313,New York Liberty,4,9,11,Missed Shot,Jump Shot,3PT Field Goal,Above the Break 3,Right Side Center(RC),24+ ft.,23,167,172,1,0,20180529,NYL,DAL,2018,1021800024427,18490,validated,,0,matched,playbyplayv2,1611661321,201889|201919|202250|204296|1628915,complete,playbyplay_inferred,202640|1628267|1628273|1628292|1628922,complete,playbyplay_inferred,1611661321,Dallas Wings
Shot Chart Detail,1021800024,445,203400,Skylar Diggins,1611661313,New York Liberty,4,8,13,Missed Shot,Layup Shot,2PT Field Goal,Restricted Area,Center(C),Less Than 8 ft.,1,-14,13,1,0,20180529,NYL,DAL,2018,1021800024445,19070,validated,,0,matched,playbyplayv2,1611661321,201889|201919|202250|204296|1628915,complete,playbyplay_inferred,202633|203400|203866|1628273|1628922,complete,playbyplay_inferred,1611661321,Dallas Wings
Shot Chart Detail,1021800024,449,1628273,Kaela Davis,1611661313,New York Liberty,4,7,57,Missed Shot,Jump Shot,3PT Field Goal,Above the Break 3,Left Side Center(LC),24+ ft.,25,-164,196,1,0,20180529,NYL,DAL,2018,1021800024449,19230,validated,,0,matched,playbyplayv2,1611661321,201889|201919|202250|204296|1628915,complete,playbyplay_inferred,202633|203400|203866|1628273|1628922,complete,playbyplay_inferred,1611661321,Dallas Wings
Shot Chart Detail,1021800024,451,202633,Liz Cambage,1611661313,New York Liberty,4,7,35,Missed Shot,Layup Shot,2PT Field Goal,Restricted Area,Center(C),Less Than 8 ft.,1,3,13,1,0,20180529,NYL,DAL,2018,1021800024451,19450,validated,,0,matched,playbyplayv2,1611661321,201889|201919|202250|204296|1628915,complete,playbyplay_inferred,202633|203400|203866|1628273|1628922,complete,playbyplay_inferred,1611661321,Dallas Wings
Shot Chart Detail,1021800024,453,202633,Liz Cambage,1611661313,New York Liberty,4,7,31,Made Shot,Putback Layup Shot,2PT Field Goal,Restricted Area,Center(C),Less Than 8 ft.,2,-8,19,1,1,20180529,NYL,DAL,2018,1021800024453,19490,validated,,0,matched,playbyplayv2,1611661321,201889|201919|202250|204296|1628915,complete,playbyplay_inferred,202633|203400|203866|1628273|1628922,complete,playbyplay_inferred,1611661321,Dallas Wings
Shot Chart Detail,1021800024,458,203400,Skylar Diggins,1611661313,New York Liberty,4,7,0,Missed Shot,Jump Shot,3PT Field Goal,Above the Break 3,Right Side Center(RC),24+ ft.,24,82,233,1,0,20180529,NYL,DAL,2018,1021800024458,19800,validated,,0,matched,playbyplayv2,1611661321,201889|201919|202250|204296|1628915,complete,playbyplay_inferred,202633|203400|203866|1628273|1628922,complete,playbyplay_inferred,1611661321,Dallas Wings
Shot Chart Detail,1021800024,466,202633,Liz Cambage,1611661313,New York Liberty,4,6,37,Made Shot,Layup Shot,2PT Field Goal,Restricted Area,Center(C),Less Than 8 ft.,1,-11,14,1,1,20180529,NYL,DAL,2018,1021800024466,20030,validated,203400,1,matched,playbyplayv2,1611661321,201889|201919|202250|204296|1628915,complete,playbyplay_inferred,202633|203400|203866|1628273|1628922,complete,playbyplay_inferred,1611661321,Dallas Wings
Shot Chart Detail,1021800024,508,1628922,Azurá Stevens,1611661313,New York Liberty,4,3,0,Made Shot,Jump Shot,3PT Field Goal,Above the Break 3,Center(C),24+ ft.,24,-4,242,1,1,20180529,NYL,DAL,2018,1021800024508,22200,validated,202633,1,matched,playbyplayv2,1611661321,201889|201919|202250|204296|1628915,complete,playbyplay_inferred,202633|203400|203866|1628273|1628922,complete,playbyplay_inferred,1611661321,Dallas Wings
Shot Chart Detail,1021800024,514,203400,Skylar Diggins,1611661313,New York Liberty,4,2,23,Missed Shot,Driving Floating Jump Shot,2PT Field Goal,In The Paint (Non-RA),Center(C),Less Than 8 ft.,4,-19,45,1,0,20180529,NYL,DAL,2018,1021800024514,22570,validated,,0,matched,playbyplayv2,1611661321,201889|201919|202250|204296|1628915,complete,playbyplay_inferred,202633|203400|203866|1628273|1628922,complete,playbyplay_inferred,1611661321,Dallas Wings
Shot Chart Detail,1021800024,524,202633,Liz Cambage,1611661313,New York Liberty,4,1,33,Made Shot,Layup Shot,2PT Field Goal,Restricted Area,Center(C),Less Than 8 ft.,0,-3,7,1,1,20180529,NYL,DAL,2018,1021800024524,23070,validated,203400,1,matched,playbyplayv2,1611661321,201889|201919|202250|204296|1628915,complete,playbyplay_inferred,202633|203400|203866|1628273|1628922,complete,playbyplay_inferred,1611661321,Dallas Wings
Shot Chart Detail,1021800024,527,1628273,Kaela Davis,1611661313,New York Liberty,4,1,12,Missed Shot,Layup Shot,2PT Field Goal,Restricted Area,Center(C),Less Than 8 ft.,0,-8,4,1,0,20180529,NYL,DAL,2018,1021800024527,23280,validated,,0,matched,playbyplayv2,1611661321,201889|201919|202250|204296|1628915,complete,playbyplay_inferred,202633|203400|203866|1628273|1628922,complete,playbyplay_inferred,1611661321,Dallas Wings
Shot Chart Detail,1021800024,560,203400,Skylar Diggins,1611661313,New York Liberty,4,0,19,Made Shot,Jump Shot,3PT Field Goal,Above the Break 3,Left Side Center(LC),24+ ft.,25,-106,227,1,1,20180529,NYL,DAL,2018,1021800024560,23810,validated,202633,1,matched,playbyplayv2,1611661321,201889|201919|202250|204296|1628915,complete,playbyplay_inferred,202633|202640|203400|203866|1628922,complete,playbyplay_inferred,1611661321,Dallas Wings
Shot Chart Detail,1021800024,568,1628922,Azurá Stevens,1611661313,New York Liberty,4,0,6,Missed Shot,Jump Shot,3PT Field Goal,Above the Break 3,Center(C),24+ ft.,25,50,246,1,0,20180529,NYL,DAL,2018,1021800024568,23940,validated,,0,matched,playbyplayv2,1611661321,201889|201919|202250|204296|1628915,complete,playbyplay_inferred,202633|202640|203400|203866|1628922,complete,playbyplay_inferred,1611661321,Dallas Wings
Shot Chart Detail,1021800024,575,203400,Skylar Diggins,1611661313,New York Liberty,4,0,0,Missed Shot,Jump Shot,3PT Field Goal,Backcourt,Back Court(BC),Back Court Shot,53,-32,534,1,0,20180529,NYL,DAL,2018,1021800024575,24000,validated,,0,matched,playbyplayv2,1611661321,201889|201919|202250|204296|1628915,complete,playbyplay_inferred,202633|202640|203400|203866|1628922,complete,playbyplay_inferred,1611661321,Dallas Wings
Shot Chart Detail,1021800031,14,200676,Candice Dupree,1611661313,New York Liberty,1,9,13,Made Shot,Jump Shot,2PT Field Goal,Mid-Range,Right Side Center(RC),16-24 ft.,18,71,168,1,1,20180602,IND,NYL,2018,102180003114,470,validated,204365,1,matched,playbyplayv2,1611661325,201889|201919|202250|203829|204329,complete,playbyplay_inferred,200676|203831|204365|1627676|1628909,complete,playbyplay_inferred,1611661325,Indiana Fever
Shot Chart Detail,1021800031,17,203831,Natalie Achonwa,1611661313,New York Liberty,1,8,47,Made Shot,Jump Shot,2PT Field Goal,Mid-Range,Center(C),16-24 ft.,19,-9,196,1,1,20180602,IND,NYL,2018,102180003117,730,validated,1628909,1,matched,playbyplayv2,1611661325,201889|201919|202250|203829|204329,complete,playbyplay_inferred,200676|203831|204365|1627676|1628909,complete,playbyplay_inferred,1611661325,Indiana Fever
Shot Chart Detail,1021800031,20,1627676,Tiffany Mitchell,1611661313,New York Liberty,1,8,11,Made Shot,Pullup Jump shot,2PT Field Goal,Mid-Range,Left Side(L),8-16 ft.,11,-108,45,1,1,20180602,IND,NYL,2018,102180003120,1090,validated,200676,1,matched,playbyplayv2,1611661325,201889|201919|202250|203829|204329,complete,playbyplay_inferred,200676|203831|204365|1627676|1628909,complete,playbyplay_inferred,1611661325,Indiana Fever
Shot Chart Detail,1021800031,26,200676,Candice Dupree,1611661313,New York Liberty,1,7,51,Missed Shot,Jump Shot,2PT Field Goal,Mid-Range,Center(C),16-24 ft.,20,-41,196,1,0,20180602,IND,NYL,2018,102180003126,1290,validated,,0,matched,playbyplayv2,1611661325,201889|201919|202250|204329|1628915,complete,playbyplay_inferred,200676|203831|204365|1627676|1628909,complete,playbyplay_inferred,1611661325,Indiana Fever
Shot Chart Detail,1021800031,31,200676,Candice Dupree,1611661313,New York Liberty,1,7,27,Missed Shot,Pullup Jump shot,2PT Field Goal,In The Paint (Non-RA),Right Side(R),8-16 ft.,12,70,105,1,0,20180602,IND,NYL,2018,102180003131,1530,validated,,0,matched,playbyplayv2,1611661325,201889|201919|202250|204329|1628915,complete,playbyplay_inferred,200676|203831|204365|1627676|1628909,complete,playbyplay_inferred,1611661325,Indiana Fever
Shot Chart Detail,1021800031,34,1627676,Tiffany Mitchell,1611661313,New York Liberty,1,7,6,Made Shot,Driving Layup Shot,2PT Field Goal,Restricted Area,Center(C),Less Than 8 ft.,1,-3,13,1,1,20180602,IND,NYL,2018,102180003134,1740,validated,,0,matched,playbyplayv2,1611661325,201889|201919|202250|204329|1628915,complete,playbyplay_inferred,200676|203831|204365|1627676|1628909,complete,playbyplay_inferred,1611661325,Indiana Fever
Shot Chart Detail,1021800031,39,204365,Erica Wheeler,1611661313,New York Liberty,1,6,44,Made Shot,Pullup Jump shot,2PT Field Goal,Mid-Range,Right Side Center(RC),16-24 ft.,18,139,120,1,1,20180602,IND,NYL,2018,102180003139,1960,validated,,0,matched,playbyplayv2,1611661325,201889|201919|202250|204329|1628915,complete,playbyplay_inferred,200676|203831|204365|1627676|1628909,complete,playbyplay_inferred,1611661325,Indiana Fever
Shot Chart Detail,1021800031,42,203831,Natalie Achonwa,1611661313,New York Liberty,1,6,23,Made Shot,Layup Shot,2PT Field Goal,Restricted Area,Center(C),Less Than 8 ft.,1,-3,17,1,1,20180602,IND,NYL,2018,102180003142,2170,validated,204365,1,matched,playbyplayv2,1611661325,201889|201919|202250|204329|1628915,complete,playbyplay_inferred,200676|203831|204365|1627676|1628909,complete,playbyplay_inferred,1611661325,Indiana Fever
Shot Chart Detail,1021800031,47,203831,Natalie Achonwa,1611661313,New York Liberty,1,5,49,Missed Shot,Jump Shot,2PT Field Goal,Mid-Range,Right Side Center(RC),16-24 ft.,17,89,149,1,0,20180602,IND,NYL,2018,102180003147,2510,validated,,0,matched,playbyplayv2,1611661325,201889|201919|202250|204329|1628915,complete,playbyplay_inferred,200676|203831|204365|1627676|1628909,complete,playbyplay_inferred,1611661325,Indiana Fever
Shot Chart Detail,1021800031,51,1628909,Kelsey Mitchell,1611661313,New York Liberty,1,5,14,Made Shot,Jump Shot,3PT Field Goal,Above the Break 3,Left Side Center(LC),24+ ft.,27,-153,224,1,1,20180602,IND,NYL,2018,102180003151,2860,validated,1627676,1,matched,playbyplayv2,1611661325,201889|201919|202250|204329|1628915,complete,playbyplay_inferred,200676|203831|204365|1627676|1628909,complete,playbyplay_inferred,1611661325,Indiana Fever
Shot Chart Detail,1021800031,57,1628909,Kelsey Mitchell,1611661313,New York Liberty,1,4,49,Missed Shot,Pullup Jump shot,2PT Field Goal,Mid-Range,Left Side Center(LC),16-24 ft.,21,-118,179,1,0,20180602,IND,NYL,2018,102180003157,3110,validated,,0,matched,playbyplayv2,1611661325,201889|201919|202250|204329|1628915,complete,playbyplay_inferred,200676|203831|204365|1627676|1628909,complete,playbyplay_inferred,1611661325,Indiana Fever
Shot Chart Detail,1021800031,59,200676,Candice Dupree,1611661313,New York Liberty,1,4,43,Missed Shot,Jump Shot,2PT Field Goal,Mid-Range,Right Side(R),16-24 ft.,16,160,1,1,0,20180602,IND,NYL,2018,102180003159,3170,validated,,0,matched,playbyplayv2,1611661325,201889|201919|202250|204329|1628915,complete,playbyplay_inferred,200676|203831|204365|1627676|1628909,complete,playbyplay_inferred,1611661325,Indiana Fever
Shot Chart Detail,1021800031,63,1628909,Kelsey Mitchell,1611661313,New York Liberty,1,4,16,Missed Shot,Jump Shot,3PT Field Goal,Above the Break 3,Left Side Center(LC),24+ ft.,26,-200,167,1,0,20180602,IND,NYL,2018,102180003163,3440,validated,,0,matched,playbyplayv2,1611661325,201889|201919|202250|204329|1628915,complete,playbyplay_inferred,200676|203831|204365|1627676|1628909,complete,playbyplay_inferred,1611661325,Indiana Fever
Shot Chart Detail,1021800031,87,1628868,Hind Ben Abdelkader,1611661313,New York Liberty,1,3,14,Missed Shot,Pullup Jump shot,3PT Field Goal,Above the Break 3,Right Side Center(RC),24+ ft.,25,170,184,1,0,20180602,IND,NYL,2018,102180003187,4060,validated,,0,matched,playbyplayv2,1611661325,201889|201913|202250|204296|1628915,complete,playbyplay_inferred,200676|203405|1627681|1628868|1628927,complete,playbyplay_inferred,1611661325,Indiana Fever
Shot Chart Detail,1021800031,98,204365,Erica Wheeler,1611661313,New York Liberty,1,2,35,Missed Shot,Pullup Jump shot,2PT Field Goal,In The Paint (Non-RA),Left Side(L),8-16 ft.,12,-71,99,1,0,20180602,IND,NYL,2018,102180003198,4450,validated,,0,matched,playbyplayv2,1611661325,201913|202250|203829|204296|1628915,complete,playbyplay_inferred,200676|203405|204365|1627681|1628927,complete,playbyplay_inferred,1611661325,Indiana Fever
Shot Chart Detail,1021800031,104,204365,Erica Wheeler,1611661313,New York Liberty,1,2,6,Made Shot,Pullup Jump shot,2PT Field Goal,Mid-Range,Center(C),16-24 ft.,17,-3,170,1,1,20180602,IND,NYL,2018,1021800031104,4740,validated,,0,matched,playbyplayv2,1611661325,201913|202250|203829|204296|1628915,complete,playbyplay_inferred,200676|203405|204365|1627681|1628927,complete,playbyplay_inferred,1611661325,Indiana Fever
Shot Chart Detail,1021800031,113,204365,Erica Wheeler,1611661313,New York Liberty,1,1,35,Made Shot,Pullup Jump shot,2PT Field Goal,Mid-Range,Left Side(L),16-24 ft.,19,-189,33,1,1,20180602,IND,NYL,2018,1021800031113,5050,validated,,0,matched,playbyplayv2,1611661325,201913|202250|203829|204296|1628915,complete,playbyplay_inferred,203405|204365|1627681|1628286|1628927,complete,playbyplay_inferred,1611661325,Indiana Fever
Shot Chart Detail,1021800031,116,1628927,Victoria Vivians,1611661313,New York Liberty,1,0,45,Missed Shot,Layup Shot,2PT Field Goal,Restricted Area,Center(C),Less Than 8 ft.,3,-17,27,1,0,20180602,IND,NYL,2018,1021800031116,5550,validated,,0,matched,playbyplayv2,1611661325,201913|202250|203829|204296|1628915,complete,playbyplay_inferred,203405|204365|1627681|1628286|1628927,complete,playbyplay_inferred,1611661325,Indiana Fever
Shot Chart Detail,1021800031,121,204365,Erica Wheeler,1611661313,New York Liberty,1,0,12,Missed Shot,Jump Shot,3PT Field Goal,Above the Break 3,Center(C),24+ ft.,25,-8,258,1,0,20180602,IND,NYL,2018,1021800031121,5880,validated,,0,matched,playbyplayv2,1611661325,201913|202250|203829|204296|1628915,complete,playbyplay_inferred,203405|204365|1627681|1628286|1628927,complete,playbyplay_inferred,1611661325,Indiana Fever
Shot Chart Detail,1021800031,129,1628927,Victoria Vivians,1611661313,New York Liberty,2,9,44,Missed Shot,Jump Shot,3PT Field Goal,Above the Break 3,Right Side Center(RC),24+ ft.,26,171,206,1,0,20180602,IND,NYL,2018,1021800031129,6160,validated,,0,matched,playbyplayv2,1611661325,201913|203829|204296|204320|1628915,complete,playbyplay_inferred,203405|204365|1627681|1628286|1628927,complete,playbyplay_inferred,1611661325,Indiana Fever
Shot Chart Detail,1021800031,133,1627681,Jazmon Gwathmey,1611661313,New York Liberty,2,9,16,Missed Shot,Jump Shot,3PT Field Goal,Above the Break 3,Right Side(R),24+ ft.,23,237,29,1,0,20180602,IND,NYL,2018,1021800031133,6440,validated,,0,matched,playbyplayv2,1611661325,201913|203829|204296|204320|1628915,complete,playbyplay_inferred,203405|204365|1627681|1628286|1628927,complete,playbyplay_inferred,1611661325,Indiana Fever
Shot Chart Detail,1021800031,135,204365,Erica Wheeler,1611661313,New York Liberty,2,9,3,Missed Shot,Fadeaway Jump Shot,2PT Field Goal,Mid-Range,Center(C),16-24 ft.,19,-8,195,1,0,20180602,IND,NYL,2018,1021800031135,6570,validated,,0,matched,playbyplayv2,1611661325,201913|203829|204296|204320|1628915,complete,playbyplay_inferred,203405|204365|1627681|1628286|1628927,complete,playbyplay_inferred,1611661325,Indiana Fever
Shot Chart Detail,1021800031,154,1628909,Kelsey Mitchell,1611661313,New York Liberty,2,7,34,Missed Shot,Pullup Jump shot,2PT Field Goal,Mid-Range,Left Side(L),16-24 ft.,20,-168,116,1,0,20180602,IND,NYL,2018,1021800031154,7460,validated,,0,matched,playbyplayv2,1611661325,201913|203829|204296|204320|1628915,complete,playbyplay_inferred,203831|1627676|1628286|1628909|1628927,complete,playbyplay_inferred,1611661325,Indiana Fever
Shot Chart Detail,1021800031,158,1628909,Kelsey Mitchell,1611661313,New York Liberty,2,7,4,Missed Shot,Floating Jump shot,2PT Field Goal,In The Paint (Non-RA),Center(C),8-16 ft.,8,-11,81,1,0,20180602,IND,NYL,2018,1021800031158,7760,validated,,0,matched,playbyplayv2,1611661325,201913|203829|204296|204320|1628915,complete,playbyplay_inferred,203831|1627676|1628286|1628909|1628927,complete,playbyplay_inferred,1611661325,Indiana Fever
Shot Chart Detail,1021800031,170,203831,Natalie Achonwa,1611661313,New York Liberty,2,6,32,Missed Shot,Jump Shot,2PT Field Goal,Mid-Range,Left Side Center(LC),16-24 ft.,18,-101,159,1,0,20180602,IND,NYL,2018,1021800031170,8080,validated,,0,matched,playbyplayv2,1611661325,203829|204296|204320|204329|1628915,complete,playbyplay_inferred,200676|203831|1627676|1627681|1628909,complete,playbyplay_inferred,1611661325,Indiana Fever
Shot Chart Detail,1021800031,178,1627681,Jazmon Gwathmey,1611661313,New York Liberty,2,6,4,Missed Shot,Pullup Jump shot,2PT Field Goal,Mid-Range,Right Side Center(RC),16-24 ft.,17,128,114,1,0,20180602,IND,NYL,2018,1021800031178,8360,validated,,0,matched,playbyplayv2,1611661325,203829|204296|204320|204329|1628915,complete,playbyplay_inferred,200676|203831|204365|1627676|1627681,complete,playbyplay_inferred,1611661325,Indiana Fever
Shot Chart Detail,1021800031,188,1627676,Tiffany Mitchell,1611661313,New York Liberty,2,5,28,Missed Shot,Pullup Jump shot,2PT Field Goal,Mid-Range,Center(C),16-24 ft.,16,-4,164,1,0,20180602,IND,NYL,2018,1021800031188,8720,validated,,0,matched,playbyplayv2,1611661325,203829|204296|204320|204329|1628915,complete,playbyplay_inferred,200676|203831|204365|1627676|1628909,complete,playbyplay_inferred,1611661325,Indiana Fever
Shot Chart Detail,1021800031,198,204365,Erica Wheeler,1611661313,New York Liberty,2,4,52,Missed Shot,Pullup Jump shot,2PT Field Goal,Mid-Range,Left Side Center(LC),16-24 ft.,18,-126,141,1,0,20180602,IND,NYL,2018,1021800031198,9080,validated,,0,matched,playbyplayv2,1611661325,201919|204296|204320|204329|1628915,complete,playbyplay_inferred,200676|203831|204365|1628909|1628927,complete,playbyplay_inferred,1611661325,Indiana Fever
Shot Chart Detail,1021800031,203,1628909,Kelsey Mitchell,1611661313,New York Liberty,2,4,31,Made Shot,Jump Shot,3PT Field Goal,Above the Break 3,Left Side Center(LC),24+ ft.,27,-126,249,1,1,20180602,IND,NYL,2018,1021800031203,9290,validated,204365,1,matched,playbyplayv2,1611661325,201889|201919|204320|204329|1628915,complete,playbyplay_inferred,200676|203831|204365|1628909|1628927,complete,playbyplay_inferred,1611661325,Indiana Fever
Shot Chart Detail,1021800031,207,1628909,Kelsey Mitchell,1611661313,New York Liberty,2,3,51,Made Shot,Jump Shot,3PT Field Goal,Above the Break 3,Right Side Center(RC),24+ ft.,31,163,264,1,1,20180602,IND,NYL,2018,1021800031207,9690,validated,,0,matched,playbyplayv2,1611661325,201889|201919|204320|204329|1628915,complete,playbyplay_inferred,200676|203831|204365|1628909|1628927,complete,playbyplay_inferred,1611661325,Indiana Fever
Shot Chart Detail,1021800031,227,200676,Candice Dupree,1611661313,New York Liberty,2,2,47,Made Shot,Jump Shot,2PT Field Goal,Mid-Range,Left Side(L),16-24 ft.,17,-171,17,1,1,20180602,IND,NYL,2018,1021800031227,10330,validated,204365,1,matched,playbyplayv2,1611661325,201889|201919|202250|204329|1628915,complete,playbyplay_inferred,200676|203831|204365|1628909|1628927,complete,playbyplay_inferred,1611661325,Indiana Fever
Shot Chart Detail,1021800031,232,1628927,Victoria Vivians,1611661313,New York Liberty,2,2,5,Missed Shot,Jump Shot,3PT Field Goal,Above the Break 3,Right Side Center(RC),24+ ft.,27,109,248,1,0,20180602,IND,NYL,2018,1021800031232,10750,validated,,0,matched,playbyplayv2,1611661325,201889|201919|202250|204329|1628915,complete,playbyplay_inferred,200676|203831|204365|1628909|1628927,complete,playbyplay_inferred,1611661325,Indiana Fever
Shot Chart Detail,1021800031,237,1628909,Kelsey Mitchell,1611661313,New York Liberty,2,1,38,Missed Shot,Driving Layup Shot,2PT Field Goal,In The Paint (Non-RA),Center(C),Less Than 8 ft.,6,-62,27,1,0,20180602,IND,NYL,2018,1021800031237,11020,validated,,0,matched,playbyplayv2,1611661325,201889|201919|202250|204329|1628915,complete,playbyplay_inferred,200676|203831|204365|1628909|1628927,complete,playbyplay_inferred,1611661325,Indiana Fever
Shot Chart Detail,1021800031,244,200676,Candice Dupree,1611661313,New York Liberty,2,1,22,Missed Shot,Pullup Jump shot,2PT Field Goal,Mid-Range,Left Side(L),8-16 ft.,12,-128,15,1,0,20180602,IND,NYL,2018,1021800031244,11180,validated,,0,matched,playbyplayv2,1611661325,201889|201919|202250|204329|1628915,complete,playbyplay_inferred,200676|203831|204365|1628909|1628927,complete,playbyplay_inferred,1611661325,Indiana Fever
Shot Chart Detail,1021800031,248,1628909,Kelsey Mitchell,1611661313,New York Liberty,2,0,56,Missed Shot,Jump Shot,3PT Field Goal,Above the Break 3,Center(C),24+ ft.,26,-3,267,1,0,20180602,IND,NYL,2018,1021800031248,11440,validated,,0,matched,playbyplayv2,1611661325,201889|201919|202250|204329|1628915,complete,playbyplay_inferred,200676|203831|204365|1628909|1628927,complete,playbyplay_inferred,1611661325,Indiana Fever
Shot Chart Detail,1021800031,271,204365,Erica Wheeler,1611661313,New York Liberty,3,9,51,Missed Shot,Floating Jump shot,2PT Field Goal,In The Paint (Non-RA),Center(C),Less Than 8 ft.,4,4,49,1,0,20180602,IND,NYL,2018,1021800031271,12090,validated,,0,matched,playbyplayv2,1611661325,201889|201919|202250|203829|204329,complete,playbyplay_inferred,200676|203831|204365|1627676|1628909,complete,playbyplay_inferred,1611661325,Indiana Fever
Shot Chart Detail,1021800031,279,200676,Candice Dupree,1611661313,New York Liberty,3,9,8,Made Shot,Jump Shot,2PT Field Goal,Mid-Range,Left Side(L),16-24 ft.,16,-160,-9,1,1,20180602,IND,NYL,2018,1021800031279,12520,validated,203831,1,matched,playbyplayv2,1611661325,201889|201919|202250|203829|204329,complete,playbyplay_inferred,200676|203831|204365|1627676|1628909,complete,playbyplay_inferred,1611661325,Indiana Fever
Shot Chart Detail,1021800031,287,200676,Candice Dupree,1611661313,New York Liberty,3,8,36,Missed Shot,Jump Shot,2PT Field Goal,Mid-Range,Left Side Center(LC),16-24 ft.,17,-74,156,1,0,20180602,IND,NYL,2018,1021800031287,12840,validated,,0,matched,playbyplayv2,1611661325,201889|201919|202250|203829|204329,complete,playbyplay_inferred,200676|203831|204365|1627676|1628909,complete,playbyplay_inferred,1611661325,Indiana Fever
Shot Chart Detail,1021800031,290,1627676,Tiffany Mitchell,1611661313,New York Liberty,3,8,6,Missed Shot,Pullup Jump shot,2PT Field Goal,Mid-Range,Right Side(R),8-16 ft.,14,147,29,1,0,20180602,IND,NYL,2018,1021800031290,13140,validated,,0,matched,playbyplayv2,1611661325,201889|201919|202250|203829|204329,complete,playbyplay_inferred,200676|203831|204365|1627676|1628909,complete,playbyplay_inferred,1611661325,Indiana Fever
Shot Chart Detail,1021800031,305,200676,Candice Dupree,1611661313,New York Liberty,3,6,54,Made Shot,Pullup Jump shot,2PT Field Goal,In The Paint (Non-RA),Center(C),8-16 ft.,10,6,101,1,1,20180602,IND,NYL,2018,1021800031305,13860,validated,204365,1,matched,playbyplayv2,1611661325,201889|202250|203829|204329|1628915,complete,playbyplay_inferred,200676|203831|204365|1627676|1628927,complete,playbyplay_inferred,1611661325,Indiana Fever
Shot Chart Detail,1021800031,311,1627676,Tiffany Mitchell,1611661313,New York Liberty,3,6,26,Made Shot,Floating Jump shot,2PT Field Goal,In The Paint (Non-RA),Center(C),Less Than 8 ft.,4,1,43,1,1,20180602,IND,NYL,2018,1021800031311,14140,validated,203831,1,matched,playbyplayv2,1611661325,201889|202250|203829|204329|1628915,complete,playbyplay_inferred,200676|203831|204365|1627676|1628927,complete,playbyplay_inferred,1611661325,Indiana Fever
Shot Chart Detail,1021800031,326,1627676,Tiffany Mitchell,1611661313,New York Liberty,3,5,25,Missed Shot,Pullup Jump shot,2PT Field Goal,Mid-Range,Left Side Center(LC),16-24 ft.,16,-58,157,1,0,20180602,IND,NYL,2018,1021800031326,14750,validated,,0,matched,playbyplayv2,1611661325,201889|202250|203829|204329|1628915,complete,playbyplay_inferred,200676|203831|1627676|1628868|1628927,complete,playbyplay_inferred,1611661325,Indiana Fever
Shot Chart Detail,1021800031,332,200676,Candice Dupree,1611661313,New York Liberty,3,4,55,Made Shot,Hook Shot,2PT Field Goal,In The Paint (Non-RA),Center(C),Less Than 8 ft.,7,-8,72,1,1,20180602,IND,NYL,2018,1021800031332,15050,validated,1628868,1,matched,playbyplayv2,1611661325,201889|202250|203829|204329|1628915,complete,playbyplay_inferred,200676|203831|1627676|1628868|1628927,complete,playbyplay_inferred,1611661325,Indiana Fever
Shot Chart Detail,1021800031,336,1627676,Tiffany Mitchell,1611661313,New York Liberty,3,4,42,Made Shot,Running Layup Shot,2PT Field Goal,Restricted Area,Center(C),Less Than 8 ft.,0,3,9,1,1,20180602,IND,NYL,2018,1021800031336,15180,validated,,0,matched,playbyplayv2,1611661325,201889|202250|203829|204329|1628915,complete,playbyplay_inferred,200676|203831|1627676|1628868|1628927,complete,playbyplay_inferred,1611661325,Indiana Fever
Shot Chart Detail,1021800031,339,1628868,Hind Ben Abdelkader,1611661313,New York Liberty,3,4,13,Missed Shot,Jump Shot,3PT Field Goal,Left Corner 3,Left Side(L),24+ ft.,22,-221,-22,1,0,20180602,IND,NYL,2018,1021800031339,15470,validated,,0,matched,playbyplayv2,1611661325,201889|202250|203829|204329|1628915,complete,playbyplay_inferred,200676|203831|1627676|1628868|1628927,complete,playbyplay_inferred,1611661325,Indiana Fever
Shot Chart Detail,1021800031,359,1628927,Victoria Vivians,1611661313,New York Liberty,3,3,31,Missed Shot,Jump Shot,3PT Field Goal,Above the Break 3,Right Side Center(RC),24+ ft.,26,186,188,1,0,20180602,IND,NYL,2018,1021800031359,15890,validated,,0,matched,playbyplayv2,1611661325,201913|201919|204296|204320|1628915,complete,playbyplay_inferred,200676|1627676|1628868|1628906|1628927,complete,playbyplay_inferred,1611661325,Indiana Fever
Shot Chart Detail,1021800031,363,1628927,Victoria Vivians,1611661313,New York Liberty,3,3,20,Made Shot,Pullup Jump shot,2PT Field Goal,Mid-Range,Left Side Center(LC),16-24 ft.,16,-93,136,1,1,20180602,IND,NYL,2018,1021800031363,16000,validated,1628906,1,matched,playbyplayv2,1611661325,201913|201919|204296|204320|1628915,complete,playbyplay_inferred,200676|1627676|1628868|1628906|1628927,complete,playbyplay_inferred,1611661325,Indiana Fever
Shot Chart Detail,1021800031,366,1628906,Stephanie Mavunga,1611661313,New York Liberty,3,2,52,Missed Shot,Jump Shot,2PT Field Goal,Restricted Area,Center(C),Less Than 8 ft.,0,-5,1,1,0,20180602,IND,NYL,2018,1021800031366,16280,validated,,0,matched,playbyplayv2,1611661325,201913|201919|204296|204320|1628915,complete,playbyplay_inferred,200676|1627676|1628868|1628906|1628927,complete,playbyplay_inferred,1611661325,Indiana Fever
Shot Chart Detail,1021800031,371,1628868,Hind Ben Abdelkader,1611661313,New York Liberty,3,2,28,Made Shot,Pullup Jump shot,3PT Field Goal,Above the Break 3,Right Side Center(RC),24+ ft.,25,175,185,1,1,20180602,IND,NYL,2018,1021800031371,16520,validated,,0,matched,playbyplayv2,1611661325,201913|201919|204296|204320|1628915,complete,playbyplay_inferred,200676|1627676|1628868|1628906|1628927,complete,playbyplay_inferred,1611661325,Indiana Fever
Shot Chart Detail,1021800031,381,1628868,Hind Ben Abdelkader,1611661313,New York Liberty,3,1,57,Missed Shot,Jump Shot,2PT Field Goal,In The Paint (Non-RA),Center(C),8-16 ft.,10,47,99,1,0,20180602,IND,NYL,2018,1021800031381,16830,validated,,0,matched,playbyplayv2,1611661325,201919|202250|204296|204329|1628915,complete,playbyplay_inferred,200676|1627676|1628868|1628906|1628927,complete,playbyplay_inferred,1611661325,Indiana Fever
Shot Chart Detail,1021800031,394,1627676,Tiffany Mitchell,1611661313,New York Liberty,3,1,10,Made Shot,Pullup Jump shot,2PT Field Goal,Mid-Range,Left Side(L),16-24 ft.,19,-181,77,1,1,20180602,IND,NYL,2018,1021800031394,17300,validated,,0,matched,playbyplayv2,1611661325,201919|202250|204296|204329|1628915,complete,playbyplay_inferred,200676|204365|1627676|1628906|1628927,complete,playbyplay_inferred,1611661325,Indiana Fever
Shot Chart Detail,1021800031,402,204365,Erica Wheeler,1611661313,New York Liberty,3,0,44,Missed Shot,Pullup Jump shot,2PT Field Goal,Mid-Range,Right Side Center(RC),16-24 ft.,18,117,140,1,0,20180602,IND,NYL,2018,1021800031402,17560,validated,,0,matched,playbyplayv2,1611661325,201919|202250|204296|204329|1628915,complete,playbyplay_inferred,200676|204365|1627676|1628906|1628927,complete,playbyplay_inferred,1611661325,Indiana Fever
Shot Chart Detail,1021800031,404,1628906,Stephanie Mavunga,1611661313,New York Liberty,3,0,41,Missed Shot,Jump Shot,2PT Field Goal,Restricted Area,Center(C),Less Than 8 ft.,2,24,10,1,0,20180602,IND,NYL,2018,1021800031404,17590,validated,,0,matched,playbyplayv2,1611661325,201919|202250|204296|204329|1628915,complete,playbyplay_inferred,200676|204365|1627676|1628906|1628927,complete,playbyplay_inferred,1611661325,Indiana Fever
Shot Chart Detail,1021800031,424,1628927,Victoria Vivians,1611661313,New York Liberty,4,9,23,Missed Shot,Jump Shot,2PT Field Goal,Mid-Range,Right Side Center(RC),16-24 ft.,19,126,147,1,0,20180602,IND,NYL,2018,1021800031424,18370,validated,,0,matched,playbyplayv2,1611661325,201889|202250|203829|204296|1628915,complete,playbyplay_inferred,200676|1627681|1628906|1628909|1628927,complete,playbyplay_inferred,1611661325,Indiana Fever
Shot Chart Detail,1021800031,432,1628909,Kelsey Mitchell,1611661313,New York Liberty,4,8,47,Made Shot,Step Back Jump shot,2PT Field Goal,Mid-Range,Center(C),16-24 ft.,19,-5,199,1,1,20180602,IND,NYL,2018,1021800031432,18730,validated,,0,matched,playbyplayv2,1611661325,201889|202250|203829|204296|1628915,complete,playbyplay_inferred,200676|1627681|1628286|1628909|1628927,complete,playbyplay_inferred,1611661325,Indiana Fever
Shot Chart Detail,1021800031,434,200676,Candice Dupree,1611661313,New York Liberty,4,8,17,Made Shot,Pullup Jump shot,2PT Field Goal,Mid-Range,Left Side(L),8-16 ft.,10,-106,1,1,1,20180602,IND,NYL,2018,1021800031434,19030,validated,1628909,1,matched,playbyplayv2,1611661325,201889|202250|203829|204296|1628915,complete,playbyplay_inferred,200676|1627681|1628286|1628909|1628927,complete,playbyplay_inferred,1611661325,Indiana Fever
Shot Chart Detail,1021800031,449,1628286,Erica McCall,1611661313,New York Liberty,4,7,35,Missed Shot,Jump Shot,3PT Field Goal,Above the Break 3,Center(C),24+ ft.,27,29,276,1,0,20180602,IND,NYL,2018,1021800031449,19450,validated,,0,matched,playbyplayv2,1611661325,201889|202250|203829|204296|1628915,complete,playbyplay_inferred,200676|1627676|1628286|1628909|1628927,complete,playbyplay_inferred,1611661325,Indiana Fever
Shot Chart Detail,1021800031,451,1628909,Kelsey Mitchell,1611661313,New York Liberty,4,7,23,Made Shot,Step Back Jump shot,3PT Field Goal,Above the Break 3,Right Side Center(RC),24+ ft.,24,175,174,1,1,20180602,IND,NYL,2018,1021800031451,19570,validated,,0,matched,playbyplayv2,1611661325,201889|202250|203829|204296|1628915,complete,playbyplay_inferred,200676|1627676|1628286|1628909|1628927,complete,playbyplay_inferred,1611661325,Indiana Fever
Shot Chart Detail,1021800031,462,1628927,Victoria Vivians,1611661313,New York Liberty,4,6,16,Missed Shot,Jump Shot,3PT Field Goal,Above the Break 3,Left Side Center(LC),24+ ft.,29,-130,264,1,0,20180602,IND,NYL,2018,1021800031462,20240,validated,,0,matched,playbyplayv2,1611661325,201889|201919|202250|203829|1628915,complete,playbyplay_inferred,200676|1627676|1628286|1628909|1628927,complete,playbyplay_inferred,1611661325,Indiana Fever
Shot Chart Detail,1021800031,468,1628927,Victoria Vivians,1611661313,New York Liberty,4,5,48,Missed Shot,Jump Shot,3PT Field Goal,Above the Break 3,Left Side Center(LC),24+ ft.,24,-108,221,1,0,20180602,IND,NYL,2018,1021800031468,20520,validated,,0,matched,playbyplayv2,1611661325,201889|201919|202250|203829|1628915,complete,playbyplay_inferred,200676|1627676|1628286|1628909|1628927,complete,playbyplay_inferred,1611661325,Indiana Fever
Shot Chart Detail,1021800031,472,1628286,Erica McCall,1611661313,New York Liberty,4,5,21,Made Shot,Layup Shot,2PT Field Goal,Restricted Area,Center(C),Less Than 8 ft.,1,8,15,1,1,20180602,IND,NYL,2018,1021800031472,20790,validated,1627676,1,matched,playbyplayv2,1611661325,201889|201919|202250|203829|1628915,complete,playbyplay_inferred,200676|1627676|1628286|1628909|1628927,complete,playbyplay_inferred,1611661325,Indiana Fever
Shot Chart Detail,1021800031,479,204365,Erica Wheeler,1611661313,New York Liberty,4,4,34,Made Shot,Pullup Jump shot,3PT Field Goal,Above the Break 3,Center(C),24+ ft.,25,-21,254,1,1,20180602,IND,NYL,2018,1021800031479,21260,validated,,0,matched,playbyplayv2,1611661325,201889|201919|202250|203829|1628915,complete,playbyplay_inferred,200676|204365|1627676|1628286|1628909,complete,playbyplay_inferred,1611661325,Indiana Fever
Shot Chart Detail,1021800031,482,204365,Erica Wheeler,1611661313,New York Liberty,4,3,48,Missed Shot,Driving Layup Shot,2PT Field Goal,In The Paint (Non-RA),Center(C),Less Than 8 ft.,7,-38,70,1,0,20180602,IND,NYL,2018,1021800031482,21720,validated,,0,matched,playbyplayv2,1611661325,201889|201919|202250|203829|1628915,complete,playbyplay_inferred,200676|204365|1627676|1628286|1628909,complete,playbyplay_inferred,1611661325,Indiana Fever
Shot Chart Detail,1021800031,484,200676,Candice Dupree,1611661313,New York Liberty,4,3,36,Missed Shot,Driving Layup Shot,2PT Field Goal,Restricted Area,Center(C),Less Than 8 ft.,1,8,11,1,0,20180602,IND,NYL,2018,1021800031484,21840,validated,,0,matched,playbyplayv2,1611661325,201889|201919|202250|203829|1628915,complete,playbyplay_inferred,200676|204365|1627676|1628286|1628909,complete,playbyplay_inferred,1611661325,Indiana Fever
Shot Chart Detail,1021800031,509,1628286,Erica McCall,1611661313,New York Liberty,4,1,56,Missed Shot,Jump Shot,2PT Field Goal,Mid-Range,Right Side(R),16-24 ft.,17,174,-7,1,0,20180602,IND,NYL,2018,1021800031509,22840,validated,,0,matched,playbyplayv2,1611661325,201919|202250|203829|204329|1628915,complete,playbyplay_inferred,200676|204365|1627676|1628286|1628909,complete,playbyplay_inferred,1611661325,Indiana Fever
Shot Chart Detail,1021800031,516,200676,Candice Dupree,1611661313,New York Liberty,4,1,15,Made Shot,Reverse Layup Shot,2PT Field Goal,Restricted Area,Center(C),Less Than 8 ft.,1,7,15,1,1,20180602,IND,NYL,2018,1021800031516,23250,validated,,0,matched,playbyplayv2,1611661325,201919|202250|203829|204329|1628915,complete,playbyplay_inferred,200676|204365|1627676|1628286|1628909,complete,playbyplay_inferred,1611661325,Indiana Fever
Shot Chart Detail,1021800031,523,200676,Candice Dupree,1611661313,New York Liberty,4,0,43,Missed Shot,Pullup Jump shot,2PT Field Goal,In The Paint (Non-RA),Right Side(R),8-16 ft.,13,74,117,1,0,20180602,IND,NYL,2018,1021800031523,23570,validated,,0,matched,playbyplayv2,1611661325,201919|202250|203829|204329|1628915,complete,playbyplay_inferred,200676|204365|1627676|1628286|1628909,complete,playbyplay_inferred,1611661325,Indiana Fever
Shot Chart Detail,1021800031,535,1628909,Kelsey Mitchell,1611661313,New York Liberty,4,0,12,Made Shot,Running Finger Roll Layup Shot,2PT Field Goal,Restricted Area,Center(C),Less Than 8 ft.,1,-7,9,1,1,20180602,IND,NYL,2018,1021800031535,23880,validated,204365,1,matched,playbyplayv2,1611661325,201889|201919|202250|203829|1628915,complete,playbyplay_inferred,200676|204365|1627676|1628286|1628909,complete,playbyplay_inferred,1611661325,Indiana Fever
Shot Chart Detail,1021800031,547,1628909,Kelsey Mitchell,1611661313,New York Liberty,4,0,3,Missed Shot,Jump Shot,3PT Field Goal,Above the Break 3,Left Side Center(LC),24+ ft.,25,-144,215,1,0,20180602,IND,NYL,2018,1021800031547,23970,validated,,0,matched,playbyplayv2,1611661325,201889|201919|202250|203829|1628915,complete,playbyplay_inferred,200676|204365|1627676|1628286|1628909,complete,playbyplay_inferred,1611661325,Indiana Fever
Shot Chart Detail,1021800031,560,200676,Candice Dupree,1611661313,New York Liberty,5,4,22,Missed Shot,Fadeaway Jump Shot,2PT Field Goal,In The Paint (Non-RA),Right Side(R),8-16 ft.,14,80,122,1,0,20180602,IND,NYL,2018,1021800031560,24380,validated,,0,matched,playbyplayv2,1611661325,201919|202250|203829|204329|1628915,complete,playbyplay_inferred,200676|204365|1627676|1628286|1628909,complete,playbyplay_inferred,1611661325,Indiana Fever
Shot Chart Detail,1021800031,565,204365,Erica Wheeler,1611661313,New York Liberty,5,3,54,Missed Shot,Jump Shot,3PT Field Goal,Above the Break 3,Left Side Center(LC),24+ ft.,24,-214,113,1,0,20180602,IND,NYL,2018,1021800031565,24660,validated,,0,matched,playbyplayv2,1611661325,201919|202250|203829|204329|1628915,complete,playbyplay_inferred,200676|204365|1627676|1628286|1628909,complete,playbyplay_inferred,1611661325,Indiana Fever
Shot Chart Detail,1021800031,569,200676,Candice Dupree,1611661313,New York Liberty,5,3,17,Made Shot,Jump Shot,2PT Field Goal,Mid-Range,Center(C),16-24 ft.,18,3,189,1,1,20180602,IND,NYL,2018,1021800031569,25030,validated,204365,1,matched,playbyplayv2,1611661325,201919|202250|203829|204329|1628915,complete,playbyplay_inferred,200676|204365|1627676|1628286|1628909,complete,playbyplay_inferred,1611661325,Indiana Fever
Shot Chart Detail,1021800031,573,1628909,Kelsey Mitchell,1611661313,New York Liberty,5,2,42,Made Shot,Jump Shot,3PT Field Goal,Above the Break 3,Left Side Center(LC),24+ ft.,24,-174,172,1,1,20180602,IND,NYL,2018,1021800031573,25380,validated,,0,matched,playbyplayv2,1611661325,201919|202250|203829|204329|1628915,complete,playbyplay_inferred,200676|204365|1627676|1628286|1628909,complete,playbyplay_inferred,1611661325,Indiana Fever
Shot Chart Detail,1021800031,582,200676,Candice Dupree,1611661313,New York Liberty,5,2,4,Missed Shot,Layup Shot,2PT Field Goal,Restricted Area,Center(C),Less Than 8 ft.,0,7,1,1,0,20180602,IND,NYL,2018,1021800031582,25760,validated,,0,matched,playbyplayv2,1611661325,201889|201919|202250|203829|1628915,complete,playbyplay_inferred,200676|1627676|1628286|1628909|1628927,complete,playbyplay_inferred,1611661325,Indiana Fever
Shot Chart Detail,1021800031,590,1628909,Kelsey Mitchell,1611661313,New York Liberty,5,1,35,Made Shot,Driving Layup Shot,2PT Field Goal,Restricted Area,Center(C),Less Than 8 ft.,0,-8,4,1,1,20180602,IND,NYL,2018,1021800031590,26050,validated,,0,matched,playbyplayv2,1611661325,201889|201919|202250|203829|1628915,complete,playbyplay_inferred,200676|1627676|1628286|1628909|1628927,complete,playbyplay_inferred,1611661325,Indiana Fever
Shot Chart Detail,1021800031,599,1628909,Kelsey Mitchell,1611661313,New York Liberty,5,0,53,Missed Shot,Jump Shot,3PT Field Goal,Above the Break 3,Right Side Center(RC),24+ ft.,25,81,246,1,0,20180602,IND,NYL,2018,1021800031599,26470,validated,,0,matched,playbyplayv2,1611661325,201889|201919|202250|203829|1628915,complete,playbyplay_inferred,200676|204365|1627676|1628286|1628909,complete,playbyplay_inferred,1611661325,Indiana Fever
Shot Chart Detail,1021800031,605,1627676,Tiffany Mitchell,1611661313,New York Liberty,5,0,23,Missed Shot,Layup Shot,2PT Field Goal,Restricted Area,Center(C),Less Than 8 ft.,2,3,25,1,0,20180602,IND,NYL,2018,1021800031605,26770,validated,,0,matched,playbyplayv2,1611661325,201889|201919|202250|203829|1628915,complete,playbyplay_inferred,200676|204365|1627676|1628286|1628909,complete,playbyplay_inferred,1611661325,Indiana Fever
Shot Chart Detail,1021800031,617,1628909,Kelsey Mitchell,1611661313,New York Liberty,5,0,14,Made Shot,Driving Finger Roll Layup Shot,2PT Field Goal,Restricted Area,Center(C),Less Than 8 ft.,1,-5,15,1,1,20180602,IND,NYL,2018,1021800031617,26860,validated,1627676,1,matched,playbyplayv2,1611661325,201889|201919|202250|203829|1628915,complete,playbyplay_inferred,200676|1627676|1628286|1628909|1628927,complete,playbyplay_inferred,1611661325,Indiana Fever
Shot Chart Detail,1021800031,623,200676,Candice Dupree,1611661313,New York Liberty,5,0,4,Missed Shot,Jump Shot,3PT Field Goal,Above the Break 3,Right Side Center(RC),24+ ft.,25,142,214,1,0,20180602,IND,NYL,2018,1021800031623,26960,validated,,0,matched,playbyplayv2,1611661325,201889|201919|202250|203829|1628915,complete,playbyplay_inferred,200676|1627676|1628286|1628909|1628927,complete,playbyplay_inferred,1611661325,Indiana Fever
Shot Chart Detail,1021800037,12,203398,Brittney Griner,1611661313,New York Liberty,1,9,11,Made Shot,Turnaround Jump Shot,2PT Field Goal,In The Paint (Non-RA),Left Side(L),8-16 ft.,9,-74,60,1,1,20180605,NYL,PHO,2018,102180003712,490,validated,201896,1,matched,playbyplayv2,1611661317,201889|201913|201919|202250|203829,complete,playbyplay_inferred,100940|101023|201886|201896|203398,complete,playbyplay_inferred,1611661317,Phoenix Mercury
Shot Chart Detail,1021800037,16,101023,Sancho Lyttle,1611661313,New York Liberty,1,8,41,Missed Shot,Jump Shot,2PT Field Goal,Mid-Range,Center(C),16-24 ft.,19,-28,194,1,0,20180605,NYL,PHO,2018,102180003716,790,validated,,0,matched,playbyplayv2,1611661317,201889|201913|201919|202250|203829,complete,playbyplay_inferred,100940|101023|201886|201896|203398,complete,playbyplay_inferred,1611661317,Phoenix Mercury
Shot Chart Detail,1021800037,23,201886,DeWanna Bonner,1611661313,New York Liberty,1,8,8,Made Shot,Jump Shot,3PT Field Goal,Above the Break 3,Left Side(L),16-24 ft.,22,-209,85,1,1,20180605,NYL,PHO,2018,102180003723,1120,validated,101023,1,matched,playbyplayv2,1611661317,201889|201913|201919|202250|203829,complete,playbyplay_inferred,100940|101023|201886|201896|203398,complete,playbyplay_inferred,1611661317,Phoenix Mercury
Shot Chart Detail,1021800037,28,100940,Diana Taurasi,1611661313,New York Liberty,1,7,38,Missed Shot,Jump Shot,3PT Field Goal,Above the Break 3,Left Side(L),16-24 ft.,23,-216,97,1,0,20180605,NYL,PHO,2018,102180003728,1420,validated,,0,matched,playbyplayv2,1611661317,201889|201913|201919|202250|203829,complete,playbyplay_inferred,100940|101023|201886|201896|203398,complete,playbyplay_inferred,1611661317,Phoenix Mercury
Shot Chart Detail,1021800037,33,203398,Brittney Griner,1611661313,New York Liberty,1,6,54,Made Shot,Jump Shot,3PT Field Goal,Above the Break 3,Left Side Center(LC),24+ ft.,24,-106,219,1,1,20180605,NYL,PHO,2018,102180003733,1860,validated,100940,1,matched,playbyplayv2,1611661317,201889|201913|201919|202250|203829,complete,playbyplay_inferred,100940|101023|201886|201896|203398,complete,playbyplay_inferred,1611661317,Phoenix Mercury
Shot Chart Detail,1021800037,37,101023,Sancho Lyttle,1611661313,New York Liberty,1,6,25,Made Shot,Jump Shot,2PT Field Goal,Mid-Range,Right Side Center(RC),16-24 ft.,17,63,165,1,1,20180605,NYL,PHO,2018,102180003737,2150,validated,201896,1,matched,playbyplayv2,1611661317,201889|201913|201919|202250|203829,complete,playbyplay_inferred,100940|101023|201886|201896|203398,complete,playbyplay_inferred,1611661317,Phoenix Mercury
Shot Chart Detail,1021800037,56,100940,Diana Taurasi,1611661313,New York Liberty,1,5,10,Made Shot,Driving Layup Shot,2PT Field Goal,Restricted Area,Center(C),Less Than 8 ft.,1,9,15,1,1,20180605,NYL,PHO,2018,102180003756,2900,validated,,0,matched,playbyplayv2,1611661317,201889|201919|202250|203829|204320,complete,playbyplay_inferred,100940|101023|201886|201896|203398,complete,playbyplay_inferred,1611661317,Phoenix Mercury
Shot Chart Detail,1021800037,62,101023,Sancho Lyttle,1611661313,New York Liberty,1,4,34,Missed Shot,Jump Shot,2PT Field Goal,Mid-Range,Left Side Center(LC),16-24 ft.,19,-154,125,1,0,20180605,NYL,PHO,2018,102180003762,3260,validated,,0,matched,playbyplayv2,1611661317,201889|201919|202250|203829|204320,complete,playbyplay_inferred,100940|101023|201886|201896|203398,complete,playbyplay_inferred,1611661317,Phoenix Mercury
Shot Chart Detail,1021800037,70,203398,Brittney Griner,1611661313,New York Liberty,1,4,3,Made Shot,Turnaround Jump Shot,2PT Field Goal,In The Paint (Non-RA),Right Side(R),8-16 ft.,9,80,43,1,1,20180605,NYL,PHO,2018,102180003770,3570,validated,,0,matched,playbyplayv2,1611661317,201889|201919|202250|203829|204320,complete,playbyplay_inferred,100940|201067|201886|201896|203398,complete,playbyplay_inferred,1611661317,Phoenix Mercury
Shot Chart Detail,1021800037,73,203398,Brittney Griner,1611661313,New York Liberty,1,3,40,Made Shot,Reverse Layup Shot,2PT Field Goal,Restricted Area,Center(C),Less Than 8 ft.,1,-7,13,1,1,20180605,NYL,PHO,2018,102180003773,3800,validated,100940,1,matched,playbyplayv2,1611661317,201889|201919|202250|203829|204320,complete,playbyplay_inferred,100940|201067|201886|201896|203398,complete,playbyplay_inferred,1611661317,Phoenix Mercury
Shot Chart Detail,1021800037,83,201067,Camille Smith,1611661313,New York Liberty,1,2,36,Missed Shot,Jump Shot,2PT Field Goal,Restricted Area,Center(C),Less Than 8 ft.,3,36,12,1,0,20180605,NYL,PHO,2018,102180003783,4440,validated,,0,matched,playbyplayv2,1611661317,201889|201919|202250|203829|204320,complete,playbyplay_inferred,201067|201886|201896|203398|203855,complete,playbyplay_inferred,1611661317,Phoenix Mercury
Shot Chart Detail,1021800037,96,201886,DeWanna Bonner,1611661313,New York Liberty,1,1,29,Missed Shot,Jump Shot,3PT Field Goal,Above the Break 3,Left Side Center(LC),24+ ft.,26,-170,197,1,0,20180605,NYL,PHO,2018,102180003796,5110,validated,,0,matched,playbyplayv2,1611661317,201919|202250|203829|204320|1628915,complete,playbyplay_inferred,201067|201507|201886|203398|203855,complete,playbyplay_inferred,1611661317,Phoenix Mercury
Shot Chart Detail,1021800037,120,201507,Leilani Mitchell,1611661313,New York Liberty,1,0,28,Made Shot,Jump Shot,3PT Field Goal,Above the Break 3,Left Side Center(LC),24+ ft.,24,-125,208,1,1,20180605,NYL,PHO,2018,1021800037120,5720,validated,100940,1,matched,playbyplayv2,1611661317,201919|202250|203829|204320|1628915,complete,playbyplay_inferred,100940|201067|201507|203855|1628895,complete,playbyplay_inferred,1611661317,Phoenix Mercury
Shot Chart Detail,1021800037,122,201507,Leilani Mitchell,1611661313,New York Liberty,1,0,2,Missed Shot,Jump Shot,3PT Field Goal,Above the Break 3,Left Side Center(LC),24+ ft.,25,-153,200,1,0,20180605,NYL,PHO,2018,1021800037122,5980,validated,,0,matched,playbyplayv2,1611661317,201919|202250|203829|204320|1628915,complete,playbyplay_inferred,100940|201067|201507|203855|1628895,complete,playbyplay_inferred,1611661317,Phoenix Mercury
Shot Chart Detail,1021800037,143,203389,Yvonne Turner,1611661313,New York Liberty,2,9,17,Missed Shot,Jump Shot,3PT Field Goal,Above the Break 3,Right Side Center(RC),24+ ft.,24,207,128,1,0,20180605,NYL,PHO,2018,1021800037143,6430,validated,,0,matched,playbyplayv2,1611661317,201913|204296|204320|204327|1628915,complete,playbyplay_inferred,100940|101023|201067|201507|203389,complete,playbyplay_inferred,1611661317,Phoenix Mercury
Shot Chart Detail,1021800037,154,100940,Diana Taurasi,1611661313,New York Liberty,2,8,24,Made Shot,Driving Layup Shot,2PT Field Goal,Restricted Area,Center(C),Less Than 8 ft.,2,-14,18,1,1,20180605,NYL,PHO,2018,1021800037154,6960,validated,,0,matched,playbyplayv2,1611661317,201913|204296|204320|204327|1628915,complete,playbyplay_inferred,100940|101023|201067|201507|203389,complete,playbyplay_inferred,1611661317,Phoenix Mercury
Shot Chart Detail,1021800037,166,100940,Diana Taurasi,1611661313,New York Liberty,2,7,42,Made Shot,Jump Shot,3PT Field Goal,Above the Break 3,Left Side(L),24+ ft.,23,-237,28,1,1,20180605,NYL,PHO,2018,1021800037166,7380,validated,201507,1,matched,playbyplayv2,1611661317,201913|204296|204320|204327|1628915,complete,playbyplay_inferred,100940|101023|201507|203389|203398,complete,playbyplay_inferred,1611661317,Phoenix Mercury
Shot Chart Detail,1021800037,175,203398,Brittney Griner,1611661313,New York Liberty,2,6,56,Made Shot,Jump Shot,2PT Field Goal,Mid-Range,Right Side(R),8-16 ft.,10,91,58,1,1,20180605,NYL,PHO,2018,1021800037175,7840,validated,,0,matched,playbyplayv2,1611661317,201913|204296|204320|204327|1628915,complete,playbyplay_inferred,100940|101023|201507|201886|203398,complete,playbyplay_inferred,1611661317,Phoenix Mercury
Shot Chart Detail,1021800037,182,100940,Diana Taurasi,1611661313,New York Liberty,2,6,19,Made Shot,Jump Shot,2PT Field Goal,Mid-Range,Right Side Center(RC),16-24 ft.,17,87,155,1,1,20180605,NYL,PHO,2018,1021800037182,8210,validated,,0,matched,playbyplayv2,1611661317,202250|204296|204320|204327|1628915,complete,playbyplay_inferred,100940|101023|201507|201886|203398,complete,playbyplay_inferred,1611661317,Phoenix Mercury
Shot Chart Detail,1021800037,195,101023,Sancho Lyttle,1611661313,New York Liberty,2,5,44,Missed Shot,Jump Shot,2PT Field Goal,Mid-Range,Left Side(L),16-24 ft.,16,-161,-15,1,0,20180605,NYL,PHO,2018,1021800037195,8560,validated,,0,matched,playbyplayv2,1611661317,202250|203829|204296|204320|1628915,complete,playbyplay_inferred,100940|101023|201507|201886|203398,complete,playbyplay_inferred,1611661317,Phoenix Mercury
Shot Chart Detail,1021800037,199,203398,Brittney Griner,1611661313,New York Liberty,2,5,17,Made Shot,Layup Shot,2PT Field Goal,Restricted Area,Center(C),Less Than 8 ft.,0,-2,9,1,1,20180605,NYL,PHO,2018,1021800037199,8830,validated,100940,1,matched,playbyplayv2,1611661317,202250|203829|204296|204320|1628915,complete,playbyplay_inferred,100940|101023|201507|201886|203398,complete,playbyplay_inferred,1611661317,Phoenix Mercury
Shot Chart Detail,1021800037,203,101023,Sancho Lyttle,1611661313,New York Liberty,2,4,51,Made Shot,Jump Shot,2PT Field Goal,Mid-Range,Center(C),16-24 ft.,20,-16,203,1,1,20180605,NYL,PHO,2018,1021800037203,9090,validated,201507,1,matched,playbyplayv2,1611661317,202250|203829|204296|204320|1628915,complete,playbyplay_inferred,100940|101023|201507|201886|203398,complete,playbyplay_inferred,1611661317,Phoenix Mercury
Shot Chart Detail,1021800037,207,203398,Brittney Griner,1611661313,New York Liberty,2,4,18,Missed Shot,Hook Shot,2PT Field Goal,Mid-Range,Right Side(R),8-16 ft.,8,87,4,1,0,20180605,NYL,PHO,2018,1021800037207,9420,validated,,0,matched,playbyplayv2,1611661317,202250|203829|204296|204320|1628915,complete,playbyplay_inferred,100940|101023|201507|201886|203398,complete,playbyplay_inferred,1611661317,Phoenix Mercury
Shot Chart Detail,1021800037,216,100940,Diana Taurasi,1611661313,New York Liberty,2,3,46,Missed Shot,Jump Shot,3PT Field Goal,Above the Break 3,Left Side Center(LC),24+ ft.,24,-203,139,1,0,20180605,NYL,PHO,2018,1021800037216,9740,validated,,0,matched,playbyplayv2,1611661317,201889|202250|203411|203829|1628915,complete,playbyplay_inferred,100940|101023|201507|201886|203398,complete,playbyplay_inferred,1611661317,Phoenix Mercury
Shot Chart Detail,1021800037,223,203398,Brittney Griner,1611661313,New York Liberty,2,3,7,Made Shot,Layup Shot,2PT Field Goal,Restricted Area,Center(C),Less Than 8 ft.,1,-2,16,1,1,20180605,NYL,PHO,2018,1021800037223,10130,validated,100940,1,matched,playbyplayv2,1611661317,201889|202250|203411|203829|1628915,complete,playbyplay_inferred,100940|101023|201886|201896|203398,complete,playbyplay_inferred,1611661317,Phoenix Mercury
Shot Chart Detail,1021800037,226,201886,DeWanna Bonner,1611661313,New York Liberty,2,2,39,Made Shot,Layup Shot,2PT Field Goal,Restricted Area,Center(C),Less Than 8 ft.,1,6,9,1,1,20180605,NYL,PHO,2018,1021800037226,10410,validated,100940,1,matched,playbyplayv2,1611661317,201889|202250|203411|203829|1628915,complete,playbyplay_inferred,100940|101023|201886|201896|203398,complete,playbyplay_inferred,1611661317,Phoenix Mercury
Shot Chart Detail,1021800037,232,201886,DeWanna Bonner,1611661313,New York Liberty,2,2,6,Made Shot,Layup Shot,2PT Field Goal,Restricted Area,Center(C),Less Than 8 ft.,1,-7,16,1,1,20180605,NYL,PHO,2018,1021800037232,10740,validated,201896,1,matched,playbyplayv2,1611661317,201889|202250|203411|203829|1628915,complete,playbyplay_inferred,100940|101023|201886|201896|203398,complete,playbyplay_inferred,1611661317,Phoenix Mercury
Shot Chart Detail,1021800037,240,203398,Brittney Griner,1611661313,New York Liberty,2,1,19,Missed Shot,Layup Shot,2PT Field Goal,Restricted Area,Center(C),Less Than 8 ft.,2,-25,7,1,0,20180605,NYL,PHO,2018,1021800037240,11210,validated,,0,matched,playbyplayv2,1611661317,201889|202250|203411|203829|1628915,complete,playbyplay_inferred,100940|101023|201886|201896|203398,complete,playbyplay_inferred,1611661317,Phoenix Mercury
Shot Chart Detail,1021800037,242,203398,Brittney Griner,1611661313,New York Liberty,2,1,14,Made Shot,Tip Layup Shot,2PT Field Goal,Restricted Area,Center(C),Less Than 8 ft.,0,0,-6,1,1,20180605,NYL,PHO,2018,1021800037242,11260,validated,,0,matched,playbyplayv2,1611661317,201889|202250|203411|203829|1628915,complete,playbyplay_inferred,100940|101023|201886|201896|203398,complete,playbyplay_inferred,1611661317,Phoenix Mercury
Shot Chart Detail,1021800037,246,203398,Brittney Griner,1611661313,New York Liberty,2,0,47,Missed Shot,Turnaround Jump Shot,2PT Field Goal,Mid-Range,Left Side(L),8-16 ft.,10,-102,-4,1,0,20180605,NYL,PHO,2018,1021800037246,11530,validated,,0,matched,playbyplayv2,1611661317,201889|202250|203411|203829|1628915,complete,playbyplay_inferred,100940|101023|201886|201896|203398,complete,playbyplay_inferred,1611661317,Phoenix Mercury
Shot Chart Detail,1021800037,250,201886,DeWanna Bonner,1611661313,New York Liberty,2,0,0,Missed Shot,Driving Floating Jump Shot,2PT Field Goal,Mid-Range,Center(C),8-16 ft.,14,36,141,1,0,20180605,NYL,PHO,2018,1021800037250,12000,validated,,0,matched,playbyplayv2,1611661317,201889|202250|203411|203829|1628915,complete,playbyplay_inferred,100940|101023|201886|201896|203398,complete,playbyplay_inferred,1611661317,Phoenix Mercury
Shot Chart Detail,1021800037,262,100940,Diana Taurasi,1611661313,New York Liberty,3,9,8,Missed Shot,Jump Shot,3PT Field Goal,Above the Break 3,Left Side Center(LC),24+ ft.,25,-212,140,1,0,20180605,NYL,PHO,2018,1021800037262,12520,validated,,0,matched,playbyplayv2,1611661317,201889|201919|202250|203829|204320,complete,playbyplay_inferred,100940|101023|201886|201896|203398,complete,playbyplay_inferred,1611661317,Phoenix Mercury
Shot Chart Detail,1021800037,265,101023,Sancho Lyttle,1611661313,New York Liberty,3,8,48,Made Shot,Jump Bank Shot,2PT Field Goal,Mid-Range,Left Side(L),8-16 ft.,10,-98,27,1,1,20180605,NYL,PHO,2018,1021800037265,12720,validated,201886,1,matched,playbyplayv2,1611661317,201889|201919|202250|203829|204320,complete,playbyplay_inferred,100940|101023|201886|201896|203398,complete,playbyplay_inferred,1611661317,Phoenix Mercury
Shot Chart Detail,1021800037,269,100940,Diana Taurasi,1611661313,New York Liberty,3,8,17,Missed Shot,Step Back Jump shot,2PT Field Goal,Mid-Range,Left Side(L),8-16 ft.,11,-115,12,1,0,20180605,NYL,PHO,2018,1021800037269,13030,validated,,0,matched,playbyplayv2,1611661317,201889|201919|202250|203829|204320,complete,playbyplay_inferred,100940|101023|201886|201896|203398,complete,playbyplay_inferred,1611661317,Phoenix Mercury
Shot Chart Detail,1021800037,276,100940,Diana Taurasi,1611661313,New York Liberty,3,7,27,Missed Shot,Jump Shot,3PT Field Goal,Above the Break 3,Left Side Center(LC),24+ ft.,27,-143,238,1,0,20180605,NYL,PHO,2018,1021800037276,13530,validated,,0,matched,playbyplayv2,1611661317,201889|201919|202250|203829|204320,complete,playbyplay_inferred,100940|101023|201886|201896|203398,complete,playbyplay_inferred,1611661317,Phoenix Mercury
Shot Chart Detail,1021800037,281,203398,Brittney Griner,1611661313,New York Liberty,3,7,0,Made Shot,Layup Shot,2PT Field Goal,Restricted Area,Center(C),Less Than 8 ft.,0,-4,9,1,1,20180605,NYL,PHO,2018,1021800037281,13800,validated,201886,1,matched,playbyplayv2,1611661317,201889|201919|202250|203829|204320,complete,playbyplay_inferred,100940|101023|201886|201896|203398,complete,playbyplay_inferred,1611661317,Phoenix Mercury
Shot Chart Detail,1021800037,300,100940,Diana Taurasi,1611661313,New York Liberty,3,6,4,Missed Shot,Jump Shot,3PT Field Goal,Above the Break 3,Left Side Center(LC),24+ ft.,24,-123,216,1,0,20180605,NYL,PHO,2018,1021800037300,14360,validated,,0,matched,playbyplayv2,1611661317,201889|201919|202250|204320|1628915,complete,playbyplay_inferred,100940|201067|201886|201896|203398,complete,playbyplay_inferred,1611661317,Phoenix Mercury
Shot Chart Detail,1021800037,302,203398,Brittney Griner,1611661313,New York Liberty,3,6,2,Missed Shot,Tip Layup Shot,2PT Field Goal,Restricted Area,Center(C),Less Than 8 ft.,0,0,-6,1,0,20180605,NYL,PHO,2018,1021800037302,14380,validated,,0,matched,playbyplayv2,1611661317,201889|201919|202250|204320|1628915,complete,playbyplay_inferred,100940|201067|201886|201896|203398,complete,playbyplay_inferred,1611661317,Phoenix Mercury
Shot Chart Detail,1021800037,312,201886,DeWanna Bonner,1611661313,New York Liberty,3,5,25,Missed Shot,Layup Shot,2PT Field Goal,Restricted Area,Center(C),Less Than 8 ft.,2,5,25,1,0,20180605,NYL,PHO,2018,1021800037312,14750,validated,,0,matched,playbyplayv2,1611661317,201889|201913|201919|202250|1628915,complete,playbyplay_inferred,100940|201067|201886|201896|203398,complete,playbyplay_inferred,1611661317,Phoenix Mercury
Shot Chart Detail,1021800037,318,203398,Brittney Griner,1611661313,New York Liberty,3,4,55,Made Shot,Layup Shot,2PT Field Goal,Restricted Area,Center(C),Less Than 8 ft.,1,-6,13,1,1,20180605,NYL,PHO,2018,1021800037318,15050,validated,201067,1,matched,playbyplayv2,1611661317,201889|201913|201919|202250|1628915,complete,playbyplay_inferred,100940|201067|201886|201896|203398,complete,playbyplay_inferred,1611661317,Phoenix Mercury
Shot Chart Detail,1021800037,322,201067,Camille Smith,1611661313,New York Liberty,3,4,0,Missed Shot,Pullup Jump shot,2PT Field Goal,In The Paint (Non-RA),Center(C),Less Than 8 ft.,4,-34,33,1,0,20180605,NYL,PHO,2018,1021800037322,15600,validated,,0,matched,playbyplayv2,1611661317,201889|201913|201919|202250|1628915,complete,playbyplay_inferred,100940|201067|201886|201896|203398,complete,playbyplay_inferred,1611661317,Phoenix Mercury
Shot Chart Detail,1021800037,352,201886,DeWanna Bonner,1611661313,New York Liberty,3,2,12,Missed Shot,Jump Shot,3PT Field Goal,Above the Break 3,Center(C),24+ ft.,25,-9,254,1,0,20180605,NYL,PHO,2018,1021800037352,16680,validated,,0,matched,playbyplayv2,1611661317,201913|201919|202250|203829|1628915,complete,playbyplay_inferred,201067|201507|201886|201896|203398,complete,playbyplay_inferred,1611661317,Phoenix Mercury
Shot Chart Detail,1021800037,356,201507,Leilani Mitchell,1611661313,New York Liberty,3,1,41,Made Shot,Driving Finger Roll Layup Shot,2PT Field Goal,Restricted Area,Center(C),Less Than 8 ft.,1,-8,14,1,1,20180605,NYL,PHO,2018,1021800037356,16990,validated,,0,matched,playbyplayv2,1611661317,201913|201919|202250|203829|1628915,complete,playbyplay_inferred,201067|201507|201886|201896|203398,complete,playbyplay_inferred,1611661317,Phoenix Mercury
Shot Chart Detail,1021800037,365,201507,Leilani Mitchell,1611661313,New York Liberty,3,0,54,Missed Shot,Jump Shot,3PT Field Goal,Above the Break 3,Right Side Center(RC),24+ ft.,26,163,212,1,0,20180605,NYL,PHO,2018,1021800037365,17460,validated,,0,matched,playbyplayv2,1611661317,201913|202250|203411|203829|1628915,complete,playbyplay_inferred,101023|201507|201886|201896|203398,complete,playbyplay_inferred,1611661317,Phoenix Mercury
Shot Chart Detail,1021800037,380,201507,Leilani Mitchell,1611661313,New York Liberty,4,9,35,Made Shot,Jump Shot,3PT Field Goal,Above the Break 3,Right Side Center(RC),24+ ft.,24,141,201,1,1,20180605,NYL,PHO,2018,1021800037380,18250,validated,101023,1,matched,playbyplayv2,1611661317,201913|202250|203411|203829|1628915,complete,playbyplay_inferred,100940|101023|201507|201896|203398,complete,playbyplay_inferred,1611661317,Phoenix Mercury
Shot Chart Detail,1021800037,387,203398,Brittney Griner,1611661313,New York Liberty,4,8,44,Made Shot,Jump Shot,2PT Field Goal,Mid-Range,Center(C),16-24 ft.,17,15,176,1,1,20180605,NYL,PHO,2018,1021800037387,18760,validated,100940,1,matched,playbyplayv2,1611661317,201913|202250|203411|203829|1628915,complete,playbyplay_inferred,100940|101023|201507|201896|203398,complete,playbyplay_inferred,1611661317,Phoenix Mercury
Shot Chart Detail,1021800037,396,203398,Brittney Griner,1611661313,New York Liberty,4,7,25,Missed Shot,Jump Shot,3PT Field Goal,Above the Break 3,Center(C),24+ ft.,24,-52,242,1,0,20180605,NYL,PHO,2018,1021800037396,19550,validated,,0,matched,playbyplayv2,1611661317,201913|202250|203411|203829|1628915,complete,playbyplay_inferred,100940|101023|201507|201896|203398,complete,playbyplay_inferred,1611661317,Phoenix Mercury
Shot Chart Detail,1021800037,400,100940,Diana Taurasi,1611661313,New York Liberty,4,6,56,Missed Shot,Jump Shot,3PT Field Goal,Above the Break 3,Center(C),24+ ft.,24,-58,237,1,0,20180605,NYL,PHO,2018,1021800037400,19840,validated,,0,matched,playbyplayv2,1611661317,201913|202250|203411|203829|1628915,complete,playbyplay_inferred,100940|101023|201507|201896|203398,complete,playbyplay_inferred,1611661317,Phoenix Mercury
Shot Chart Detail,1021800037,413,100940,Diana Taurasi,1611661313,New York Liberty,4,5,57,Made Shot,Driving Finger Roll Layup Shot,2PT Field Goal,Restricted Area,Center(C),Less Than 8 ft.,1,-11,15,1,1,20180605,NYL,PHO,2018,1021800037413,20430,validated,101023,1,matched,playbyplayv2,1611661317,201913|202250|203411|203829|1628915,complete,playbyplay_inferred,100940|101023|201886|201896|203398,complete,playbyplay_inferred,1611661317,Phoenix Mercury
Shot Chart Detail,1021800037,426,201896,Briann January,1611661313,New York Liberty,4,5,5,Missed Shot,Jump Shot,3PT Field Goal,Above the Break 3,Right Side Center(RC),24+ ft.,24,160,181,1,0,20180605,NYL,PHO,2018,1021800037426,20950,validated,,0,matched,playbyplayv2,1611661317,201913|201919|202250|203411|203829,complete,playbyplay_inferred,100940|101023|201886|201896|203398,complete,playbyplay_inferred,1611661317,Phoenix Mercury
Shot Chart Detail,1021800037,430,100940,Diana Taurasi,1611661313,New York Liberty,4,4,35,Missed Shot,Step Back Jump shot,3PT Field Goal,Above the Break 3,Left Side Center(LC),24+ ft.,24,-179,169,1,0,20180605,NYL,PHO,2018,1021800037430,21250,validated,,0,matched,playbyplayv2,1611661317,201913|201919|202250|203411|203829,complete,playbyplay_inferred,100940|101023|201886|201896|203398,complete,playbyplay_inferred,1611661317,Phoenix Mercury
Shot Chart Detail,1021800037,434,201886,DeWanna Bonner,1611661313,New York Liberty,4,3,55,Made Shot,Jump Shot,3PT Field Goal,Left Corner 3,Left Side(L),24+ ft.,23,-236,13,1,1,20180605,NYL,PHO,2018,1021800037434,21650,validated,100940,1,matched,playbyplayv2,1611661317,201913|201919|202250|203411|203829,complete,playbyplay_inferred,100940|101023|201886|201896|203398,complete,playbyplay_inferred,1611661317,Phoenix Mercury
Shot Chart Detail,1021800037,458,201886,DeWanna Bonner,1611661313,New York Liberty,4,2,16,Made Shot,Jump Shot,3PT Field Goal,Left Corner 3,Left Side(L),24+ ft.,23,-231,3,1,1,20180605,NYL,PHO,2018,1021800037458,22640,validated,201896,1,matched,playbyplayv2,1611661317,201889|201919|202250|203411|203829,complete,playbyplay_inferred,100940|101023|201886|201896|203398,complete,playbyplay_inferred,1611661317,Phoenix Mercury
Shot Chart Detail,1021800037,465,201886,DeWanna Bonner,1611661313,New York Liberty,4,1,35,Missed Shot,Step Back Jump shot,3PT Field Goal,Above the Break 3,Right Side Center(RC),24+ ft.,25,145,210,1,0,20180605,NYL,PHO,2018,1021800037465,23050,validated,,0,matched,playbyplayv2,1611661317,201889|201919|202250|203411|203829,complete,playbyplay_inferred,100940|101023|201886|201896|203398,complete,playbyplay_inferred,1611661317,Phoenix Mercury
Shot Chart Detail,1021800037,467,100940,Diana Taurasi,1611661313,New York Liberty,4,1,19,Missed Shot,Jump Shot,3PT Field Goal,Above the Break 3,Center(C),24+ ft.,27,-1,276,1,0,20180605,NYL,PHO,2018,1021800037467,23210,validated,,0,matched,playbyplayv2,1611661317,201889|201919|202250|203411|203829,complete,playbyplay_inferred,100940|101023|201886|201896|203398,complete,playbyplay_inferred,1611661317,Phoenix Mercury
Shot Chart Detail,1021800037,471,203398,Brittney Griner,1611661313,New York Liberty,4,0,40,Made Shot,Turnaround Jump Shot,2PT Field Goal,Mid-Range,Right Side(R),8-16 ft.,13,132,11,1,1,20180605,NYL,PHO,2018,1021800037471,23600,validated,201886,1,matched,playbyplayv2,1611661317,201889|201919|202250|203411|203829,complete,playbyplay_inferred,100940|101023|201886|201896|203398,complete,playbyplay_inferred,1611661317,Phoenix Mercury
Shot Chart Detail,1021800039,7,203826,Alyssa Thomas,1611661313,New York Liberty,1,9,40,Made Shot,Cutting Layup Shot,2PT Field Goal,Restricted Area,Center(C),Less Than 8 ft.,0,-3,9,1,1,20180607,NYL,CON,2018,10218000397,200,validated,202662,1,matched,playbyplayv2,1611661323,201889|201913|201919|202250|203829,complete,playbyplay_inferred,202662|203823|203826|1627673|1627675,complete,playbyplay_inferred,1611661323,Connecticut Sun
Shot Chart Detail,1021800039,11,203823,Chiney Ogwumike,1611661313,New York Liberty,1,8,57,Made Shot,Layup Shot,2PT Field Goal,Restricted Area,Center(C),Less Than 8 ft.,1,14,1,1,1,20180607,NYL,CON,2018,102180003911,630,validated,1627675,1,matched,playbyplayv2,1611661323,201889|201913|201919|202250|203829,complete,playbyplay_inferred,202662|203823|203826|1627673|1627675,complete,playbyplay_inferred,1611661323,Connecticut Sun
Shot Chart Detail,1021800039,22,202662,Jasmine Thomas,1611661313,New York Liberty,1,8,31,Made Shot,Driving Layup Shot,2PT Field Goal,Restricted Area,Center(C),Less Than 8 ft.,1,-11,11,1,1,20180607,NYL,CON,2018,102180003922,890,validated,,0,matched,playbyplayv2,1611661323,201889|201913|201919|202250|203829,complete,playbyplay_inferred,202662|203823|1627670|1627673|1627675,complete,playbyplay_inferred,1611661323,Connecticut Sun
Shot Chart Detail,1021800039,26,202662,Jasmine Thomas,1611661313,New York Liberty,1,7,48,Missed Shot,Jump Shot,2PT Field Goal,Mid-Range,Right Side(R),8-16 ft.,11,116,8,1,0,20180607,NYL,CON,2018,102180003926,1320,validated,,0,matched,playbyplayv2,1611661323,201889|201913|201919|202250|203829,complete,playbyplay_inferred,202662|203823|1627670|1627673|1627675,complete,playbyplay_inferred,1611661323,Connecticut Sun
Shot Chart Detail,1021800039,29,1627675,Courtney Williams,1611661313,New York Liberty,1,7,19,Missed Shot,Jump Shot,2PT Field Goal,Mid-Range,Right Side Center(RC),16-24 ft.,18,110,147,1,0,20180607,NYL,CON,2018,102180003929,1610,validated,,0,matched,playbyplayv2,1611661323,201889|201913|201919|202250|203829,complete,playbyplay_inferred,202662|203823|1627670|1627673|1627675,complete,playbyplay_inferred,1611661323,Connecticut Sun
Shot Chart Detail,1021800039,40,203823,Chiney Ogwumike,1611661313,New York Liberty,1,6,34,Missed Shot,Layup Shot,2PT Field Goal,Restricted Area,Center(C),Less Than 8 ft.,1,16,2,1,0,20180607,NYL,CON,2018,102180003940,2060,validated,,0,matched,playbyplayv2,1611661323,201889|201913|201919|202250|203829,complete,playbyplay_inferred,202662|203015|203823|1627673|1627675,complete,playbyplay_inferred,1611661323,Connecticut Sun
Shot Chart Detail,1021800039,42,1627673,Jonquel Jones,1611661313,New York Liberty,1,6,34,Made Shot,Putback Layup Shot,2PT Field Goal,Restricted Area,Center(C),Less Than 8 ft.,1,9,9,1,1,20180607,NYL,CON,2018,102180003942,2060,validated,,0,matched,playbyplayv2,1611661323,201889|201913|201919|202250|203829,complete,playbyplay_inferred,202662|203015|203823|1627673|1627675,complete,playbyplay_inferred,1611661323,Connecticut Sun
Shot Chart Detail,1021800039,52,203015,Shekinna Stricklen,1611661313,New York Liberty,1,6,11,Missed Shot,Jump Shot,3PT Field Goal,Above the Break 3,Left Side Center(LC),24+ ft.,25,-209,147,1,0,20180607,NYL,CON,2018,102180003952,2290,validated,,0,matched,playbyplayv2,1611661323,201889|201913|201919|202250|203829,complete,playbyplay_inferred,202662|203015|203823|1627673|1627675,complete,playbyplay_inferred,1611661323,Connecticut Sun
Shot Chart Detail,1021800039,54,202662,Jasmine Thomas,1611661313,New York Liberty,1,6,2,Missed Shot,Jump Shot,3PT Field Goal,Above the Break 3,Left Side Center(LC),24+ ft.,25,-104,232,1,0,20180607,NYL,CON,2018,102180003954,2380,validated,,0,matched,playbyplayv2,1611661323,201889|201913|201919|202250|203829,complete,playbyplay_inferred,202662|203015|203823|1627673|1627675,complete,playbyplay_inferred,1611661323,Connecticut Sun
Shot Chart Detail,1021800039,58,1627675,Courtney Williams,1611661313,New York Liberty,1,5,31,Missed Shot,Jump Shot,3PT Field Goal,Above the Break 3,Right Side Center(RC),16-24 ft.,23,110,210,1,0,20180607,NYL,CON,2018,102180003958,2690,validated,,0,matched,playbyplayv2,1611661323,201889|201913|201919|202250|203829,complete,playbyplay_inferred,202662|203015|203823|1627673|1627675,complete,playbyplay_inferred,1611661323,Connecticut Sun
Shot Chart Detail,1021800039,64,203823,Chiney Ogwumike,1611661313,New York Liberty,1,4,57,Made Shot,Jump Shot,3PT Field Goal,Above the Break 3,Center(C),24+ ft.,24,28,243,1,1,20180607,NYL,CON,2018,102180003964,3030,validated,202662,1,matched,playbyplayv2,1611661323,201889|201913|201919|202250|203829,complete,playbyplay_inferred,202662|203015|203823|1627673|1627675,complete,playbyplay_inferred,1611661323,Connecticut Sun
Shot Chart Detail,1021800039,68,1627673,Jonquel Jones,1611661313,New York Liberty,1,4,28,Made Shot,Cutting Layup Shot,2PT Field Goal,Restricted Area,Center(C),Less Than 8 ft.,1,-6,9,1,1,20180607,NYL,CON,2018,102180003968,3320,validated,202662,1,matched,playbyplayv2,1611661323,201889|201913|201919|202250|203829,complete,playbyplay_inferred,202662|203015|203823|1627673|1627675,complete,playbyplay_inferred,1611661323,Connecticut Sun
Shot Chart Detail,1021800039,72,1627673,Jonquel Jones,1611661313,New York Liberty,1,4,3,Missed Shot,Jump Shot,3PT Field Goal,Above the Break 3,Center(C),24+ ft.,24,-73,234,1,0,20180607,NYL,CON,2018,102180003972,3570,validated,,0,matched,playbyplayv2,1611661323,201889|201913|201919|202250|203829,complete,playbyplay_inferred,202662|203015|203823|1627673|1627675,complete,playbyplay_inferred,1611661323,Connecticut Sun
Shot Chart Detail,1021800039,76,1627675,Courtney Williams,1611661313,New York Liberty,1,3,46,Missed Shot,Layup Shot,2PT Field Goal,Restricted Area,Center(C),Less Than 8 ft.,3,24,27,1,0,20180607,NYL,CON,2018,102180003976,3740,validated,,0,matched,playbyplayv2,1611661323,201889|201913|201919|202250|203829,complete,playbyplay_inferred,202662|203015|203823|1627673|1627675,complete,playbyplay_inferred,1611661323,Connecticut Sun
Shot Chart Detail,1021800039,80,203823,Chiney Ogwumike,1611661313,New York Liberty,1,3,13,Missed Shot,Layup Shot,2PT Field Goal,Restricted Area,Center(C),Less Than 8 ft.,0,9,1,1,0,20180607,NYL,CON,2018,102180003980,4070,validated,,0,matched,playbyplayv2,1611661323,201889|201913|201919|202250|203829,complete,playbyplay_inferred,202662|203015|203823|1627673|1627675,complete,playbyplay_inferred,1611661323,Connecticut Sun
Shot Chart Detail,1021800039,96,202662,Jasmine Thomas,1611661313,New York Liberty,1,2,25,Missed Shot,Jump Shot,2PT Field Goal,Mid-Range,Center(C),16-24 ft.,21,-13,212,1,0,20180607,NYL,CON,2018,102180003996,4550,validated,,0,matched,playbyplayv2,1611661323,201889|202250|204320|204327|1628915,complete,playbyplay_inferred,202662|203015|203410|203823|1628280,complete,playbyplay_inferred,1611661323,Connecticut Sun
Shot Chart Detail,1021800039,100,1628280,Brionna Jones,1611661313,New York Liberty,1,2,9,Missed Shot,Layup Shot,2PT Field Goal,Restricted Area,Center(C),Less Than 8 ft.,2,21,11,1,0,20180607,NYL,CON,2018,1021800039100,4710,validated,,0,matched,playbyplayv2,1611661323,201889|202250|204320|204327|1628915,complete,playbyplay_inferred,202662|203015|203410|203823|1628280,complete,playbyplay_inferred,1611661323,Connecticut Sun
Shot Chart Detail,1021800039,104,203015,Shekinna Stricklen,1611661313,New York Liberty,1,1,52,Made Shot,Jump Shot,2PT Field Goal,Mid-Range,Left Side(L),8-16 ft.,12,-129,-10,1,1,20180607,NYL,CON,2018,1021800039104,4880,validated,203410,1,matched,playbyplayv2,1611661323,201889|202250|204320|204327|1628915,complete,playbyplay_inferred,202662|203015|203410|203823|1628280,complete,playbyplay_inferred,1611661323,Connecticut Sun
Shot Chart Detail,1021800039,107,203410,Alex Bentley,1611661313,New York Liberty,1,1,19,Missed Shot,Jump Shot,3PT Field Goal,Above the Break 3,Center(C),24+ ft.,25,78,246,1,0,20180607,NYL,CON,2018,1021800039107,5210,validated,,0,matched,playbyplayv2,1611661323,201889|202250|204320|204327|1628915,complete,playbyplay_inferred,202662|203015|203410|203823|1628280,complete,playbyplay_inferred,1611661323,Connecticut Sun
Shot Chart Detail,1021800039,136,1627670,Morgan Tuck,1611661313,New York Liberty,1,0,9,Made Shot,Jump Shot,2PT Field Goal,Mid-Range,Left Side Center(LC),16-24 ft.,21,-95,195,1,1,20180607,NYL,CON,2018,1021800039136,5910,validated,1627671,1,matched,playbyplayv2,1611661323,203411|204296|204320|204327|1628915,complete,playbyplay_inferred,203015|1627670|1627671|1628280|1628882,complete,playbyplay_inferred,1611661323,Connecticut Sun
Shot Chart Detail,1021800039,144,203015,Shekinna Stricklen,1611661313,New York Liberty,2,9,31,Missed Shot,Jump Shot,3PT Field Goal,Above the Break 3,Right Side Center(RC),24+ ft.,23,119,208,1,0,20180607,NYL,CON,2018,1021800039144,6290,validated,,0,matched,playbyplayv2,1611661323,203411|204296|204320|204327|1628915,complete,playbyplay_inferred,203015|1627670|1627671|1628280|1628882,complete,playbyplay_inferred,1611661323,Connecticut Sun
Shot Chart Detail,1021800039,149,1628882,Lexie Brown,1611661313,New York Liberty,2,9,9,Made Shot,Jump Shot,3PT Field Goal,Above the Break 3,Right Side Center(RC),24+ ft.,23,203,127,1,1,20180607,NYL,CON,2018,1021800039149,6510,validated,1627671,1,matched,playbyplayv2,1611661323,203411|204296|204320|204327|1628915,complete,playbyplay_inferred,203015|1627670|1627671|1628280|1628882,complete,playbyplay_inferred,1611661323,Connecticut Sun
Shot Chart Detail,1021800039,154,1627671,Rachel Banham,1611661313,New York Liberty,2,8,38,Made Shot,Jump Shot,3PT Field Goal,Above the Break 3,Left Side Center(LC),24+ ft.,25,-203,159,1,1,20180607,NYL,CON,2018,1021800039154,6820,validated,1628882,1,matched,playbyplayv2,1611661323,203411|204296|204320|204327|1628915,complete,playbyplay_inferred,203015|1627670|1627671|1628280|1628882,complete,playbyplay_inferred,1611661323,Connecticut Sun
Shot Chart Detail,1021800039,162,203826,Alyssa Thomas,1611661313,New York Liberty,2,8,10,Missed Shot,Layup Shot,2PT Field Goal,Restricted Area,Center(C),Less Than 8 ft.,1,10,11,1,0,20180607,NYL,CON,2018,1021800039162,7100,validated,,0,matched,playbyplayv2,1611661323,202250|203411|204296|204327|1628915,complete,playbyplay_inferred,203015|203826|1627671|1628280|1628882,complete,playbyplay_inferred,1611661323,Connecticut Sun
Shot Chart Detail,1021800039,169,1627671,Rachel Banham,1611661313,New York Liberty,2,7,41,Missed Shot,Jump Shot,3PT Field Goal,Above the Break 3,Left Side Center(LC),24+ ft.,25,-111,234,1,0,20180607,NYL,CON,2018,1021800039169,7390,validated,,0,matched,playbyplayv2,1611661323,201919|202250|204320|204327|1628915,complete,playbyplay_inferred,203015|203826|1627671|1628280|1628882,complete,playbyplay_inferred,1611661323,Connecticut Sun
Shot Chart Detail,1021800039,179,203015,Shekinna Stricklen,1611661313,New York Liberty,2,7,26,Made Shot,Layup Shot,2PT Field Goal,Restricted Area,Center(C),Less Than 8 ft.,1,-9,13,1,1,20180607,NYL,CON,2018,1021800039179,7540,validated,203826,1,matched,playbyplayv2,1611661323,201919|202250|204320|204327|1628915,complete,playbyplay_inferred,203015|203826|1627671|1628280|1628882,complete,playbyplay_inferred,1611661323,Connecticut Sun
Shot Chart Detail,1021800039,195,1628882,Lexie Brown,1611661313,New York Liberty,2,6,42,Missed Shot,Jump Shot,2PT Field Goal,Mid-Range,Right Side(R),16-24 ft.,18,155,109,1,0,20180607,NYL,CON,2018,1021800039195,7980,validated,,0,matched,playbyplayv2,1611661323,201919|202250|203829|204320|1628915,complete,playbyplay_inferred,203015|203823|203826|1627671|1628882,complete,playbyplay_inferred,1611661323,Connecticut Sun
Shot Chart Detail,1021800039,206,202662,Jasmine Thomas,1611661313,New York Liberty,2,6,17,Made Shot,Jump Shot,3PT Field Goal,Above the Break 3,Left Side Center(LC),24+ ft.,24,-207,125,1,1,20180607,NYL,CON,2018,1021800039206,8230,validated,203826,1,matched,playbyplayv2,1611661323,201919|202250|203829|204320|1628915,complete,playbyplay_inferred,202662|203015|203823|203826|1627675,complete,playbyplay_inferred,1611661323,Connecticut Sun
Shot Chart Detail,1021800039,210,203823,Chiney Ogwumike,1611661313,New York Liberty,2,5,55,Made Shot,Layup Shot,2PT Field Goal,Restricted Area,Center(C),Less Than 8 ft.,2,20,13,1,1,20180607,NYL,CON,2018,1021800039210,8450,validated,202662,1,matched,playbyplayv2,1611661323,201919|202250|203829|204320|1628915,complete,playbyplay_inferred,202662|203015|203823|203826|1627675,complete,playbyplay_inferred,1611661323,Connecticut Sun
Shot Chart Detail,1021800039,214,203015,Shekinna Stricklen,1611661313,New York Liberty,2,5,22,Made Shot,Jump Shot,3PT Field Goal,Above the Break 3,Center(C),24+ ft.,24,-71,239,1,1,20180607,NYL,CON,2018,1021800039214,8780,validated,203826,1,matched,playbyplayv2,1611661323,201919|202250|203829|204320|1628915,complete,playbyplay_inferred,202662|203015|203823|203826|1627675,complete,playbyplay_inferred,1611661323,Connecticut Sun
Shot Chart Detail,1021800039,226,203826,Alyssa Thomas,1611661313,New York Liberty,2,4,46,Missed Shot,Layup Shot,2PT Field Goal,Restricted Area,Center(C),Less Than 8 ft.,2,24,12,1,0,20180607,NYL,CON,2018,1021800039226,9140,validated,,0,matched,playbyplayv2,1611661323,201889|201919|202250|203829|1628915,complete,playbyplay_inferred,202662|203015|203826|1627673|1627675,complete,playbyplay_inferred,1611661323,Connecticut Sun
Shot Chart Detail,1021800039,233,1627673,Jonquel Jones,1611661313,New York Liberty,2,3,45,Missed Shot,Layup Shot,2PT Field Goal,Restricted Area,Center(C),Less Than 8 ft.,2,21,11,1,0,20180607,NYL,CON,2018,1021800039233,9750,validated,,0,matched,playbyplayv2,1611661323,201889|201919|202250|203829|1628915,complete,playbyplay_inferred,202662|203015|203826|1627673|1627675,complete,playbyplay_inferred,1611661323,Connecticut Sun
Shot Chart Detail,1021800039,244,202662,Jasmine Thomas,1611661313,New York Liberty,2,3,1,Made Shot,Jump Shot,3PT Field Goal,Above the Break 3,Right Side Center(RC),24+ ft.,24,154,186,1,1,20180607,NYL,CON,2018,1021800039244,10190,validated,1627673,1,matched,playbyplayv2,1611661323,201889|201919|202250|203829|1628915,complete,playbyplay_inferred,202662|203015|203826|1627673|1627675,complete,playbyplay_inferred,1611661323,Connecticut Sun
Shot Chart Detail,1021800039,257,203826,Alyssa Thomas,1611661313,New York Liberty,2,1,49,Missed Shot,Layup Shot,2PT Field Goal,In The Paint (Non-RA),Center(C),Less Than 8 ft.,5,-57,17,1,0,20180607,NYL,CON,2018,1021800039257,10910,validated,,0,matched,playbyplayv2,1611661323,201889|201919|202250|203829|1628915,complete,playbyplay_inferred,202662|203015|203826|1627673|1627675,complete,playbyplay_inferred,1611661323,Connecticut Sun
Shot Chart Detail,1021800039,259,1627673,Jonquel Jones,1611661313,New York Liberty,2,1,46,Missed Shot,Layup Shot,2PT Field Goal,Restricted Area,Center(C),Less Than 8 ft.,1,10,12,1,0,20180607,NYL,CON,2018,1021800039259,10940,validated,,0,matched,playbyplayv2,1611661323,201889|201919|202250|203829|1628915,complete,playbyplay_inferred,202662|203015|203826|1627673|1627675,complete,playbyplay_inferred,1611661323,Connecticut Sun
Shot Chart Detail,1021800039,264,202662,Jasmine Thomas,1611661313,New York Liberty,2,1,19,Missed Shot,Jump Shot,2PT Field Goal,Mid-Range,Right Side Center(RC),16-24 ft.,16,76,146,1,0,20180607,NYL,CON,2018,1021800039264,11210,validated,,0,matched,playbyplayv2,1611661323,201889|201919|202250|203829|1628915,complete,playbyplay_inferred,202662|203015|203826|1627673|1627675,complete,playbyplay_inferred,1611661323,Connecticut Sun
Shot Chart Detail,1021800039,268,1627675,Courtney Williams,1611661313,New York Liberty,2,1,0,Missed Shot,Jump Shot,2PT Field Goal,Mid-Range,Center(C),8-16 ft.,14,-23,147,1,0,20180607,NYL,CON,2018,1021800039268,11400,validated,,0,matched,playbyplayv2,1611661323,201889|201919|202250|203829|1628915,complete,playbyplay_inferred,202662|203015|203826|1627673|1627675,complete,playbyplay_inferred,1611661323,Connecticut Sun
Shot Chart Detail,1021800039,280,203826,Alyssa Thomas,1611661313,New York Liberty,2,0,1,Made Shot,Reverse Layup Shot,2PT Field Goal,Restricted Area,Center(C),Less Than 8 ft.,1,-11,4,1,1,20180607,NYL,CON,2018,1021800039280,11990,validated,202662,1,matched,playbyplayv2,1611661323,201889|201919|202250|203829|1628915,complete,playbyplay_inferred,202662|203015|203823|203826|1627675,complete,playbyplay_inferred,1611661323,Connecticut Sun
Shot Chart Detail,1021800039,286,203823,Chiney Ogwumike,1611661313,New York Liberty,2,0,0,Missed Shot,Fadeaway Jump Shot,2PT Field Goal,Mid-Range,Center(C),8-16 ft.,14,-2,147,1,0,20180607,NYL,CON,2018,1021800039286,12000,validated,,0,matched,playbyplayv2,1611661323,201889|201919|202250|203829|1628915,complete,playbyplay_inferred,202662|203015|203823|203826|1627675,complete,playbyplay_inferred,1611661323,Connecticut Sun
Shot Chart Detail,1021800039,295,1627673,Jonquel Jones,1611661313,New York Liberty,3,9,30,Missed Shot,Jump Shot,3PT Field Goal,Left Corner 3,Left Side(L),24+ ft.,23,-234,-18,1,0,20180607,NYL,CON,2018,1021800039295,12300,validated,,0,matched,playbyplayv2,1611661323,201889|201913|201919|202250|203829,complete,playbyplay_inferred,202662|203823|203826|1627673|1627675,complete,playbyplay_inferred,1611661323,Connecticut Sun
Shot Chart Detail,1021800039,297,1627675,Courtney Williams,1611661313,New York Liberty,3,9,26,Made Shot,Jump Shot,2PT Field Goal,Restricted Area,Center(C),Less Than 8 ft.,2,-3,27,1,1,20180607,NYL,CON,2018,1021800039297,12340,validated,,0,matched,playbyplayv2,1611661323,201889|201913|201919|202250|203829,complete,playbyplay_inferred,202662|203823|203826|1627673|1627675,complete,playbyplay_inferred,1611661323,Connecticut Sun
Shot Chart Detail,1021800039,304,1627673,Jonquel Jones,1611661313,New York Liberty,3,8,33,Missed Shot,Jump Shot,3PT Field Goal,Above the Break 3,Left Side Center(LC),16-24 ft.,23,-130,195,1,0,20180607,NYL,CON,2018,1021800039304,12870,validated,,0,matched,playbyplayv2,1611661323,201889|201913|201919|202250|203829,complete,playbyplay_inferred,202662|203823|203826|1627673|1627675,complete,playbyplay_inferred,1611661323,Connecticut Sun
Shot Chart Detail,1021800039,308,202662,Jasmine Thomas,1611661313,New York Liberty,3,8,3,Made Shot,Driving Layup Shot,2PT Field Goal,Restricted Area,Center(C),Less Than 8 ft.,1,4,16,1,1,20180607,NYL,CON,2018,1021800039308,13170,validated,1627675,1,matched,playbyplayv2,1611661323,201889|201913|201919|202250|203829,complete,playbyplay_inferred,202662|203823|203826|1627673|1627675,complete,playbyplay_inferred,1611661323,Connecticut Sun
Shot Chart Detail,1021800039,314,203823,Chiney Ogwumike,1611661313,New York Liberty,3,7,35,Made Shot,Turnaround Jump Shot,2PT Field Goal,In The Paint (Non-RA),Center(C),Less Than 8 ft.,6,-27,64,1,1,20180607,NYL,CON,2018,1021800039314,13450,validated,1627675,1,matched,playbyplayv2,1611661323,201889|201913|201919|202250|203829,complete,playbyplay_inferred,202662|203823|203826|1627673|1627675,complete,playbyplay_inferred,1611661323,Connecticut Sun
Shot Chart Detail,1021800039,329,203826,Alyssa Thomas,1611661313,New York Liberty,3,6,25,Missed Shot,Jump Shot,2PT Field Goal,In The Paint (Non-RA),Center(C),Less Than 8 ft.,5,-5,58,1,0,20180607,NYL,CON,2018,1021800039329,14150,validated,,0,matched,playbyplayv2,1611661323,201889|201913|201919|202250|203829,complete,playbyplay_inferred,202662|203823|203826|1627673|1627675,complete,playbyplay_inferred,1611661323,Connecticut Sun
Shot Chart Detail,1021800039,331,1627675,Courtney Williams,1611661313,New York Liberty,3,6,19,Missed Shot,Jump Shot,2PT Field Goal,In The Paint (Non-RA),Center(C),Less Than 8 ft.,5,2,50,1,0,20180607,NYL,CON,2018,1021800039331,14210,validated,,0,matched,playbyplayv2,1611661323,201889|201913|201919|202250|203829,complete,playbyplay_inferred,202662|203823|203826|1627673|1627675,complete,playbyplay_inferred,1611661323,Connecticut Sun
Shot Chart Detail,1021800039,333,203823,Chiney Ogwumike,1611661313,New York Liberty,3,6,17,Made Shot,Layup Shot,2PT Field Goal,Restricted Area,Center(C),Less Than 8 ft.,1,0,17,1,1,20180607,NYL,CON,2018,1021800039333,14230,validated,,0,matched,playbyplayv2,1611661323,201889|201913|201919|202250|203829,complete,playbyplay_inferred,202662|203823|203826|1627673|1627675,complete,playbyplay_inferred,1611661323,Connecticut Sun
Shot Chart Detail,1021800039,336,203826,Alyssa Thomas,1611661313,New York Liberty,3,5,58,Missed Shot,Layup Shot,2PT Field Goal,Restricted Area,Center(C),Less Than 8 ft.,3,-9,38,1,0,20180607,NYL,CON,2018,1021800039336,14420,validated,,0,matched,playbyplayv2,1611661323,201889|201913|201919|202250|203829,complete,playbyplay_inferred,202662|203823|203826|1627673|1627675,complete,playbyplay_inferred,1611661323,Connecticut Sun
Shot Chart Detail,1021800039,338,1627675,Courtney Williams,1611661313,New York Liberty,3,5,49,Made Shot,Driving Reverse Layup Shot,2PT Field Goal,Restricted Area,Center(C),Less Than 8 ft.,1,-13,7,1,1,20180607,NYL,CON,2018,1021800039338,14510,validated,1627673,1,matched,playbyplayv2,1611661323,201889|201913|201919|202250|203829,complete,playbyplay_inferred,202662|203823|203826|1627673|1627675,complete,playbyplay_inferred,1611661323,Connecticut Sun
Shot Chart Detail,1021800039,344,202662,Jasmine Thomas,1611661313,New York Liberty,3,5,17,Made Shot,Driving Layup Shot,2PT Field Goal,Restricted Area,Center(C),Less Than 8 ft.,2,-13,16,1,1,20180607,NYL,CON,2018,1021800039344,14830,validated,,0,matched,playbyplayv2,1611661323,201889|201919|202250|203829|204320,complete,playbyplay_inferred,202662|203823|203826|1627673|1627675,complete,playbyplay_inferred,1611661323,Connecticut Sun
Shot Chart Detail,1021800039,347,202662,Jasmine Thomas,1611661313,New York Liberty,3,4,49,Made Shot,Layup Shot,2PT Field Goal,Restricted Area,Center(C),Less Than 8 ft.,1,-9,12,1,1,20180607,NYL,CON,2018,1021800039347,15110,validated,,0,matched,playbyplayv2,1611661323,201889|201919|202250|203829|204320,complete,playbyplay_inferred,202662|203823|203826|1627673|1627675,complete,playbyplay_inferred,1611661323,Connecticut Sun
Shot Chart Detail,1021800039,352,202662,Jasmine Thomas,1611661313,New York Liberty,3,4,29,Missed Shot,Jump Shot,3PT Field Goal,Above the Break 3,Left Side Center(LC),24+ ft.,24,-171,171,1,0,20180607,NYL,CON,2018,1021800039352,15310,validated,,0,matched,playbyplayv2,1611661323,201889|201919|202250|203829|204320,complete,playbyplay_inferred,202662|203823|203826|1627673|1627675,complete,playbyplay_inferred,1611661323,Connecticut Sun
Shot Chart Detail,1021800039,354,1627675,Courtney Williams,1611661313,New York Liberty,3,4,23,Made Shot,Jump Shot,2PT Field Goal,Mid-Range,Left Side(L),8-16 ft.,11,-115,0,1,1,20180607,NYL,CON,2018,1021800039354,15370,validated,1627673,1,matched,playbyplayv2,1611661323,201889|201919|202250|203829|204320,complete,playbyplay_inferred,202662|203823|203826|1627673|1627675,complete,playbyplay_inferred,1611661323,Connecticut Sun
Shot Chart Detail,1021800039,370,1627673,Jonquel Jones,1611661313,New York Liberty,3,2,52,Missed Shot,Jump Shot,2PT Field Goal,In The Paint (Non-RA),Center(C),8-16 ft.,10,36,97,1,0,20180607,NYL,CON,2018,1021800039370,16280,validated,,0,matched,playbyplayv2,1611661323,201889|202250|203829|204320|1628915,complete,playbyplay_inferred,202662|203410|203823|203826|1627673,complete,playbyplay_inferred,1611661323,Connecticut Sun
Shot Chart Detail,1021800039,372,203826,Alyssa Thomas,1611661313,New York Liberty,3,2,47,Missed Shot,Layup Shot,2PT Field Goal,Restricted Area,Center(C),Less Than 8 ft.,3,23,28,1,0,20180607,NYL,CON,2018,1021800039372,16330,validated,,0,matched,playbyplayv2,1611661323,201889|202250|203829|204320|1628915,complete,playbyplay_inferred,202662|203410|203823|203826|1627673,complete,playbyplay_inferred,1611661323,Connecticut Sun
Shot Chart Detail,1021800039,377,202662,Jasmine Thomas,1611661313,New York Liberty,3,2,32,Missed Shot,Layup Shot,2PT Field Goal,Restricted Area,Center(C),Less Than 8 ft.,1,-15,13,1,0,20180607,NYL,CON,2018,1021800039377,16480,validated,,0,matched,playbyplayv2,1611661323,201889|202250|203829|204320|1628915,complete,playbyplay_inferred,202662|203410|203823|203826|1627673,complete,playbyplay_inferred,1611661323,Connecticut Sun
Shot Chart Detail,1021800039,379,203823,Chiney Ogwumike,1611661313,New York Liberty,3,2,30,Made Shot,Layup Shot,2PT Field Goal,Restricted Area,Center(C),Less Than 8 ft.,1,-10,11,1,1,20180607,NYL,CON,2018,1021800039379,16500,validated,,0,matched,playbyplayv2,1611661323,201889|202250|203829|204320|1628915,complete,playbyplay_inferred,202662|203410|203823|203826|1627673,complete,playbyplay_inferred,1611661323,Connecticut Sun
Shot Chart Detail,1021800039,382,203826,Alyssa Thomas,1611661313,New York Liberty,3,2,8,Made Shot,Driving Layup Shot,2PT Field Goal,Restricted Area,Center(C),Less Than 8 ft.,1,-2,15,1,1,20180607,NYL,CON,2018,1021800039382,16720,validated,202662,1,matched,playbyplayv2,1611661323,201889|202250|203829|204320|1628915,complete,playbyplay_inferred,202662|203410|203823|203826|1627673,complete,playbyplay_inferred,1611661323,Connecticut Sun
Shot Chart Detail,1021800039,393,203410,Alex Bentley,1611661313,New York Liberty,3,1,41,Missed Shot,Jump Shot,2PT Field Goal,In The Paint (Non-RA),Center(C),8-16 ft.,12,-53,109,1,0,20180607,NYL,CON,2018,1021800039393,16990,validated,,0,matched,playbyplayv2,1611661323,201889|202250|204320|204327|1628915,complete,playbyplay_inferred,202662|203015|203410|203823|203826,complete,playbyplay_inferred,1611661323,Connecticut Sun
Shot Chart Detail,1021800039,397,203823,Chiney Ogwumike,1611661313,New York Liberty,3,1,24,Missed Shot,Layup Shot,2PT Field Goal,Restricted Area,Center(C),Less Than 8 ft.,1,2,17,1,0,20180607,NYL,CON,2018,1021800039397,17160,validated,,0,matched,playbyplayv2,1611661323,201889|202250|204320|204327|1628915,complete,playbyplay_inferred,202662|203015|203410|203823|203826,complete,playbyplay_inferred,1611661323,Connecticut Sun
Shot Chart Detail,1021800039,401,203410,Alex Bentley,1611661313,New York Liberty,3,1,8,Missed Shot,Pullup Jump shot,3PT Field Goal,Above the Break 3,Center(C),24+ ft.,23,31,236,1,0,20180607,NYL,CON,2018,1021800039401,17320,validated,,0,matched,playbyplayv2,1611661323,201889|202250|204320|204327|1628915,complete,playbyplay_inferred,202662|203015|203410|203823|203826,complete,playbyplay_inferred,1611661323,Connecticut Sun
Shot Chart Detail,1021800039,439,203410,Alex Bentley,1611661313,New York Liberty,3,0,0,Made Shot,Jump Shot,3PT Field Goal,Above the Break 3,Center(C),24+ ft.,23,-42,235,1,1,20180607,NYL,CON,2018,1021800039439,18000,validated,,0,matched,playbyplayv2,1611661323,201913|202250|203829|204296|1628915,complete,playbyplay_inferred,203015|203410|203823|203826|1627675,complete,playbyplay_inferred,1611661323,Connecticut Sun
Shot Chart Detail,1021800039,451,203410,Alex Bentley,1611661313,New York Liberty,4,9,16,Made Shot,Jump Shot,2PT Field Goal,Mid-Range,Left Side(L),8-16 ft.,14,-145,23,1,1,20180607,NYL,CON,2018,1021800039451,18440,validated,203826,1,matched,playbyplayv2,1611661323,201913|202250|203829|204296|1628915,complete,playbyplay_inferred,203015|203410|203823|203826|1627675,complete,playbyplay_inferred,1611661323,Connecticut Sun
Shot Chart Detail,1021800039,456,203410,Alex Bentley,1611661313,New York Liberty,4,8,54,Missed Shot,Jump Shot,2PT Field Goal,In The Paint (Non-RA),Right Side(R),8-16 ft.,11,79,88,1,0,20180607,NYL,CON,2018,1021800039456,18660,validated,,0,matched,playbyplayv2,1611661323,201913|201919|202250|203829|1628915,complete,playbyplay_inferred,203015|203410|203823|203826|1627675,complete,playbyplay_inferred,1611661323,Connecticut Sun
Shot Chart Detail,1021800039,480,203410,Alex Bentley,1611661313,New York Liberty,4,7,30,Missed Shot,Jump Shot,3PT Field Goal,Left Corner 3,Left Side(L),24+ ft.,23,-232,2,1,0,20180607,NYL,CON,2018,1021800039480,19500,validated,,0,matched,playbyplayv2,1611661323,201913|201919|202250|204327|1628915,complete,playbyplay_inferred,203410|203823|203826|1627673|1627675,complete,playbyplay_inferred,1611661323,Connecticut Sun
Shot Chart Detail,1021800039,484,1627673,Jonquel Jones,1611661313,New York Liberty,4,7,0,Missed Shot,Layup Shot,2PT Field Goal,Restricted Area,Center(C),Less Than 8 ft.,2,14,16,1,0,20180607,NYL,CON,2018,1021800039484,19800,validated,,0,matched,playbyplayv2,1611661323,201913|201919|202250|204327|1628915,complete,playbyplay_inferred,203410|203823|203826|1627673|1627675,complete,playbyplay_inferred,1611661323,Connecticut Sun
Shot Chart Detail,1021800039,493,1627673,Jonquel Jones,1611661313,New York Liberty,4,6,46,Missed Shot,Jump Shot,3PT Field Goal,Above the Break 3,Left Side Center(LC),16-24 ft.,23,-160,173,1,0,20180607,NYL,CON,2018,1021800039493,19940,validated,,0,matched,playbyplayv2,1611661323,201913|201919|202250|204327|1628915,complete,playbyplay_inferred,202662|203823|203826|1627673|1627675,complete,playbyplay_inferred,1611661323,Connecticut Sun
Shot Chart Detail,1021800039,516,203826,Alyssa Thomas,1611661313,New York Liberty,4,5,28,Made Shot,Driving Layup Shot,2PT Field Goal,Restricted Area,Center(C),Less Than 8 ft.,2,-14,17,1,1,20180607,NYL,CON,2018,1021800039516,20720,validated,,0,matched,playbyplayv2,1611661323,201889|201919|202250|204327|1628915,complete,playbyplay_inferred,202662|203823|203826|1627673|1627675,complete,playbyplay_inferred,1611661323,Connecticut Sun
Shot Chart Detail,1021800039,519,202662,Jasmine Thomas,1611661313,New York Liberty,4,4,58,Made Shot,Layup Shot,2PT Field Goal,Restricted Area,Center(C),Less Than 8 ft.,1,-11,1,1,1,20180607,NYL,CON,2018,1021800039519,21020,validated,,0,matched,playbyplayv2,1611661323,201889|201919|202250|204327|1628915,complete,playbyplay_inferred,202662|203823|203826|1627673|1627675,complete,playbyplay_inferred,1611661323,Connecticut Sun
Shot Chart Detail,1021800039,527,202662,Jasmine Thomas,1611661313,New York Liberty,4,4,10,Missed Shot,Jump Shot,3PT Field Goal,Above the Break 3,Center(C),24+ ft.,23,29,236,1,0,20180607,NYL,CON,2018,1021800039527,21500,validated,,0,matched,playbyplayv2,1611661323,201889|201919|202250|204327|1628915,complete,playbyplay_inferred,202662|203823|203826|1627673|1627675,complete,playbyplay_inferred,1611661323,Connecticut Sun
Shot Chart Detail,1021800039,531,1627675,Courtney Williams,1611661313,New York Liberty,4,3,51,Missed Shot,Driving Floating Jump Shot,2PT Field Goal,In The Paint (Non-RA),Center(C),Less Than 8 ft.,7,-77,-6,1,0,20180607,NYL,CON,2018,1021800039531,21690,validated,,0,matched,playbyplayv2,1611661323,201889|201919|202250|204327|1628915,complete,playbyplay_inferred,202662|203823|203826|1627673|1627675,complete,playbyplay_inferred,1611661323,Connecticut Sun
Shot Chart Detail,1021800039,533,1627673,Jonquel Jones,1611661313,New York Liberty,4,3,46,Missed Shot,Jump Shot,3PT Field Goal,Above the Break 3,Right Side(R),16-24 ft.,22,209,86,1,0,20180607,NYL,CON,2018,1021800039533,21740,validated,,0,matched,playbyplayv2,1611661323,201889|201919|202250|204327|1628915,complete,playbyplay_inferred,202662|203823|203826|1627673|1627675,complete,playbyplay_inferred,1611661323,Connecticut Sun
Shot Chart Detail,1021800039,542,202662,Jasmine Thomas,1611661313,New York Liberty,4,3,6,Missed Shot,Jump Shot,3PT Field Goal,Above the Break 3,Center(C),24+ ft.,23,36,235,1,0,20180607,NYL,CON,2018,1021800039542,22140,validated,,0,matched,playbyplayv2,1611661323,201889|201919|202250|203829|1628915,complete,playbyplay_inferred,202662|203823|203826|1627673|1627675,complete,playbyplay_inferred,1611661323,Connecticut Sun
Shot Chart Detail,1021800039,544,203826,Alyssa Thomas,1611661313,New York Liberty,4,2,56,Missed Shot,Layup Shot,2PT Field Goal,Restricted Area,Center(C),Less Than 8 ft.,2,-27,5,1,0,20180607,NYL,CON,2018,1021800039544,22240,validated,,0,matched,playbyplayv2,1611661323,201889|201919|202250|203829|1628915,complete,playbyplay_inferred,202662|203823|203826|1627673|1627675,complete,playbyplay_inferred,1611661323,Connecticut Sun
Shot Chart Detail,1021800039,547,203826,Alyssa Thomas,1611661313,New York Liberty,4,2,54,Missed Shot,Reverse Layup Shot,2PT Field Goal,Restricted Area,Center(C),Less Than 8 ft.,0,-5,6,1,0,20180607,NYL,CON,2018,1021800039547,22260,validated,,0,matched,playbyplayv2,1611661323,201889|201919|202250|203829|1628915,complete,playbyplay_inferred,202662|203823|203826|1627673|1627675,complete,playbyplay_inferred,1611661323,Connecticut Sun
Shot Chart Detail,1021800039,549,1627675,Courtney Williams,1611661313,New York Liberty,4,2,51,Made Shot,Jump Shot,2PT Field Goal,Mid-Range,Right Side(R),16-24 ft.,17,170,-1,1,1,20180607,NYL,CON,2018,1021800039549,22290,validated,202662,1,matched,playbyplayv2,1611661323,201889|201919|202250|203829|1628915,complete,playbyplay_inferred,202662|203823|203826|1627673|1627675,complete,playbyplay_inferred,1611661323,Connecticut Sun
Shot Chart Detail,1021800039,557,1627675,Courtney Williams,1611661313,New York Liberty,4,1,56,Missed Shot,Jump Shot,3PT Field Goal,Above the Break 3,Right Side(R),24+ ft.,24,232,65,1,0,20180607,NYL,CON,2018,1021800039557,22840,validated,,0,matched,playbyplayv2,1611661323,201889|201919|202250|203829|1628915,complete,playbyplay_inferred,202662|203823|203826|1627673|1627675,complete,playbyplay_inferred,1611661323,Connecticut Sun
Shot Chart Detail,1021800039,566,203826,Alyssa Thomas,1611661313,New York Liberty,4,1,2,Missed Shot,Jump Shot,2PT Field Goal,In The Paint (Non-RA),Center(C),8-16 ft.,10,0,101,1,0,20180607,NYL,CON,2018,1021800039566,23380,validated,,0,matched,playbyplayv2,1611661323,201889|201919|202250|203829|1628915,complete,playbyplay_inferred,202662|203823|203826|1627673|1627675,complete,playbyplay_inferred,1611661323,Connecticut Sun
Shot Chart Detail,1021800039,568,1627673,Jonquel Jones,1611661313,New York Liberty,4,1,1,Made Shot,Hook Shot,2PT Field Goal,Restricted Area,Center(C),Less Than 8 ft.,0,-4,7,1,1,20180607,NYL,CON,2018,1021800039568,23390,validated,,0,matched,playbyplayv2,1611661323,201889|201919|202250|203829|1628915,complete,playbyplay_inferred,202662|203823|203826|1627673|1627675,complete,playbyplay_inferred,1611661323,Connecticut Sun
Shot Chart Detail,1021800039,592,202662,Jasmine Thomas,1611661313,New York Liberty,4,0,22,Missed Shot,Driving Layup Shot,2PT Field Goal,Restricted Area,Center(C),Less Than 8 ft.,1,-15,13,1,0,20180607,NYL,CON,2018,1021800039592,23780,validated,,0,matched,playbyplayv2,1611661323,201913|201919|202250|203829|1628915,complete,playbyplay_inferred,202662|203823|203826|1627673|1627675,complete,playbyplay_inferred,1611661323,Connecticut Sun
Shot Chart Detail,1021800039,597,203826,Alyssa Thomas,1611661313,New York Liberty,4,0,8,Missed Shot,Jump Shot,2PT Field Goal,In The Paint (Non-RA),Center(C),Less Than 8 ft.,7,4,76,1,0,20180607,NYL,CON,2018,1021800039597,23920,validated,,0,matched,playbyplayv2,1611661323,201913|201919|202250|203829|1628915,complete,playbyplay_inferred,202662|203823|203826|1627673|1627675,complete,playbyplay_inferred,1611661323,Connecticut Sun
Shot Chart Detail,1021800039,605,203015,Shekinna Stricklen,1611661313,New York Liberty,4,0,0,Made Shot,Jump Shot,3PT Field Goal,Above the Break 3,Right Side(R),24+ ft.,23,234,40,1,1,20180607,NYL,CON,2018,1021800039605,24000,validated,202662,1,matched,playbyplayv2,1611661323,201913|201919|202250|203829|1628915,complete,playbyplay_inferred,202662|203015|203823|203826|1627675,complete,playbyplay_inferred,1611661323,Connecticut Sun
Shot Chart Detail,1021800046,15,1627676,Tiffany Mitchell,1611661313,New York Liberty,1,8,54,Missed Shot,Layup Shot,2PT Field Goal,Restricted Area,Center(C),Less Than 8 ft.,2,17,18,1,0,20180610,NYL,IND,2018,102180004615,660,validated,,0,matched,playbyplayv2,1611661325,201889|201913|201919|202250|203829,complete,playbyplay_inferred,203831|204365|1627676|1628286|1628909,complete,playbyplay_inferred,1611661325,Indiana Fever
Shot Chart Detail,1021800046,20,1627676,Tiffany Mitchell,1611661313,New York Liberty,1,8,49,Made Shot,Jump Shot,2PT Field Goal,Mid-Range,Right Side(R),8-16 ft.,15,90,124,1,1,20180610,NYL,IND,2018,102180004620,710,validated,1628286,1,matched,playbyplayv2,1611661325,201889|201913|201919|202250|203829,complete,playbyplay_inferred,203831|204365|1627676|1628286|1628909,complete,playbyplay_inferred,1611661325,Indiana Fever
Shot Chart Detail,1021800046,27,203831,Natalie Achonwa,1611661313,New York Liberty,1,7,54,Made Shot,Jump Shot,2PT Field Goal,Mid-Range,Left Side(L),8-16 ft.,15,-116,98,1,1,20180610,NYL,IND,2018,102180004627,1260,validated,1627676,1,matched,playbyplayv2,1611661325,201889|201913|201919|202250|203829,complete,playbyplay_inferred,203831|204365|1627676|1628286|1628909,complete,playbyplay_inferred,1611661325,Indiana Fever
Shot Chart Detail,1021800046,40,1627676,Tiffany Mitchell,1611661313,New York Liberty,1,7,15,Missed Shot,Layup Shot,2PT Field Goal,Restricted Area,Center(C),Less Than 8 ft.,0,1,7,1,0,20180610,NYL,IND,2018,102180004640,1650,validated,,0,matched,playbyplayv2,1611661325,201889|201913|201919|202250|203829,complete,playbyplay_inferred,203831|204365|1627676|1628286|1628909,complete,playbyplay_inferred,1611661325,Indiana Fever
Shot Chart Detail,1021800046,43,203831,Natalie Achonwa,1611661313,New York Liberty,1,7,3,Missed Shot,Layup Shot,2PT Field Goal,Restricted Area,Center(C),Less Than 8 ft.,1,11,16,1,0,20180610,NYL,IND,2018,102180004643,1770,validated,,0,matched,playbyplayv2,1611661325,201889|201913|201919|202250|203829,complete,playbyplay_inferred,203831|204365|1627676|1628286|1628909,complete,playbyplay_inferred,1611661325,Indiana Fever
Shot Chart Detail,1021800046,48,203831,Natalie Achonwa,1611661313,New York Liberty,1,6,26,Missed Shot,Jump Shot,2PT Field Goal,Mid-Range,Left Side(L),8-16 ft.,12,-91,88,1,0,20180610,NYL,IND,2018,102180004648,2140,validated,,0,matched,playbyplayv2,1611661325,201889|201913|201919|202250|203829,complete,playbyplay_inferred,203831|204365|1627676|1628286|1628909,complete,playbyplay_inferred,1611661325,Indiana Fever
Shot Chart Detail,1021800046,53,1628286,Erica McCall,1611661313,New York Liberty,1,5,31,Missed Shot,Turnaround Jump Shot,2PT Field Goal,In The Paint (Non-RA),Center(C),8-16 ft.,9,47,87,1,0,20180610,NYL,IND,2018,102180004653,2690,validated,,0,matched,playbyplayv2,1611661325,201889|201913|201919|202250|203829,complete,playbyplay_inferred,203831|204365|1627676|1628286|1628909,complete,playbyplay_inferred,1611661325,Indiana Fever
Shot Chart Detail,1021800046,57,203831,Natalie Achonwa,1611661313,New York Liberty,1,5,9,Missed Shot,Jump Shot,2PT Field Goal,Mid-Range,Left Side Center(LC),16-24 ft.,20,-96,176,1,0,20180610,NYL,IND,2018,102180004657,2910,validated,,0,matched,playbyplayv2,1611661325,201889|201913|201919|202250|203829,complete,playbyplay_inferred,203831|204365|1627676|1628286|1628909,complete,playbyplay_inferred,1611661325,Indiana Fever
Shot Chart Detail,1021800046,65,1627676,Tiffany Mitchell,1611661313,New York Liberty,1,4,48,Missed Shot,Jump Shot,2PT Field Goal,Mid-Range,Center(C),16-24 ft.,21,-15,214,1,0,20180610,NYL,IND,2018,102180004665,3120,validated,,0,matched,playbyplayv2,1611661325,201889|201919|202250|203829|204320,complete,playbyplay_inferred,203831|204365|1627676|1628286|1628909,complete,playbyplay_inferred,1611661325,Indiana Fever
Shot Chart Detail,1021800046,67,1628286,Erica McCall,1611661313,New York Liberty,1,4,36,Missed Shot,Jump Shot,2PT Field Goal,Mid-Range,Center(C),16-24 ft.,18,-27,185,1,0,20180610,NYL,IND,2018,102180004667,3240,validated,,0,matched,playbyplayv2,1611661325,201889|201919|202250|203829|204320,complete,playbyplay_inferred,203831|204365|1627676|1628286|1628909,complete,playbyplay_inferred,1611661325,Indiana Fever
Shot Chart Detail,1021800046,80,1628286,Erica McCall,1611661313,New York Liberty,1,3,43,Missed Shot,Hook Shot,2PT Field Goal,In The Paint (Non-RA),Center(C),Less Than 8 ft.,4,1,48,1,0,20180610,NYL,IND,2018,102180004680,3770,validated,,0,matched,playbyplayv2,1611661325,201889|202250|203829|204320|1628915,complete,playbyplay_inferred,203831|204365|1627676|1628286|1628909,complete,playbyplay_inferred,1611661325,Indiana Fever
Shot Chart Detail,1021800046,84,203831,Natalie Achonwa,1611661313,New York Liberty,1,3,21,Made Shot,Jump Shot,2PT Field Goal,Mid-Range,Left Side(L),16-24 ft.,16,-160,27,1,1,20180610,NYL,IND,2018,102180004684,3990,validated,1627676,1,matched,playbyplayv2,1611661325,201889|202250|203829|204320|1628915,complete,playbyplay_inferred,203831|204365|1627676|1628286|1628909,complete,playbyplay_inferred,1611661325,Indiana Fever
Shot Chart Detail,1021800046,97,1627676,Tiffany Mitchell,1611661313,New York Liberty,1,2,35,Missed Shot,Layup Shot,2PT Field Goal,Restricted Area,Center(C),Less Than 8 ft.,2,-15,15,1,0,20180610,NYL,IND,2018,102180004697,4450,validated,,0,matched,playbyplayv2,1611661325,202250|203411|204320|204327|1628915,complete,playbyplay_inferred,203831|1627676|1628286|1628909|1628927,complete,playbyplay_inferred,1611661325,Indiana Fever
Shot Chart Detail,1021800046,104,1628909,Kelsey Mitchell,1611661313,New York Liberty,1,2,20,Made Shot,Driving Layup Shot,2PT Field Goal,Restricted Area,Center(C),Less Than 8 ft.,0,3,4,1,1,20180610,NYL,IND,2018,1021800046104,4600,validated,1627676,1,matched,playbyplayv2,1611661325,202250|203411|204320|204327|1628915,complete,playbyplay_inferred,203831|1627676|1628286|1628909|1628927,complete,playbyplay_inferred,1611661325,Indiana Fever
Shot Chart Detail,1021800046,114,1628909,Kelsey Mitchell,1611661313,New York Liberty,1,1,43,Made Shot,Jump Shot,2PT Field Goal,Mid-Range,Left Side Center(LC),16-24 ft.,18,-127,128,1,1,20180610,NYL,IND,2018,1021800046114,4970,validated,,0,matched,playbyplayv2,1611661325,202250|203411|204320|204327|1628915,complete,playbyplay_inferred,1627676|1628286|1628906|1628909|1628927,complete,playbyplay_inferred,1611661325,Indiana Fever
Shot Chart Detail,1021800046,125,1628909,Kelsey Mitchell,1611661313,New York Liberty,1,0,39,Made Shot,Jump Shot,3PT Field Goal,Above the Break 3,Right Side Center(RC),24+ ft.,24,111,224,1,1,20180610,NYL,IND,2018,1021800046125,5610,validated,1627681,1,matched,playbyplayv2,1611661325,202250|203411|204320|204327|1628915,complete,playbyplay_inferred,1627681|1628286|1628906|1628909|1628927,complete,playbyplay_inferred,1611661325,Indiana Fever
Shot Chart Detail,1021800046,130,1628927,Victoria Vivians,1611661313,New York Liberty,1,0,13,Made Shot,Jump Shot,2PT Field Goal,Mid-Range,Right Side(R),8-16 ft.,15,158,15,1,1,20180610,NYL,IND,2018,1021800046130,5870,validated,1628286,1,matched,playbyplayv2,1611661325,202250|203411|204320|204327|1628915,complete,playbyplay_inferred,1627681|1628286|1628906|1628909|1628927,complete,playbyplay_inferred,1611661325,Indiana Fever
Shot Chart Detail,1021800046,137,1628927,Victoria Vivians,1611661313,New York Liberty,2,9,43,Missed Shot,Jump Shot,3PT Field Goal,Above the Break 3,Right Side Center(RC),24+ ft.,25,189,170,1,0,20180610,NYL,IND,2018,1021800046137,6170,validated,,0,matched,playbyplayv2,1611661325,201913|203411|204320|204327|1628915,complete,playbyplay_inferred,1627681|1628286|1628906|1628909|1628927,complete,playbyplay_inferred,1611661325,Indiana Fever
Shot Chart Detail,1021800046,139,1627681,Jazmon Gwathmey,1611661313,New York Liberty,2,9,32,Missed Shot,Running Jump Shot,2PT Field Goal,In The Paint (Non-RA),Center(C),8-16 ft.,10,2,106,1,0,20180610,NYL,IND,2018,1021800046139,6280,validated,,0,matched,playbyplayv2,1611661325,201913|203411|204320|204327|1628915,complete,playbyplay_inferred,1627681|1628286|1628906|1628909|1628927,complete,playbyplay_inferred,1611661325,Indiana Fever
Shot Chart Detail,1021800046,143,1628909,Kelsey Mitchell,1611661313,New York Liberty,2,8,58,Missed Shot,Jump Shot,3PT Field Goal,Above the Break 3,Right Side Center(RC),24+ ft.,24,181,170,1,0,20180610,NYL,IND,2018,1021800046143,6620,validated,,0,matched,playbyplayv2,1611661325,201913|203411|204320|204327|1628915,complete,playbyplay_inferred,1627681|1628286|1628906|1628909|1628927,complete,playbyplay_inferred,1611661325,Indiana Fever
Shot Chart Detail,1021800046,145,1628909,Kelsey Mitchell,1611661313,New York Liberty,2,8,49,Missed Shot,Jump Shot,3PT Field Goal,Above the Break 3,Center(C),24+ ft.,24,12,246,1,0,20180610,NYL,IND,2018,1021800046145,6710,validated,,0,matched,playbyplayv2,1611661325,201913|203411|204320|204327|1628915,complete,playbyplay_inferred,1627681|1628286|1628906|1628909|1628927,complete,playbyplay_inferred,1611661325,Indiana Fever
Shot Chart Detail,1021800046,151,204365,Erica Wheeler,1611661313,New York Liberty,2,8,15,Made Shot,Jump Shot,2PT Field Goal,In The Paint (Non-RA),Center(C),8-16 ft.,10,15,101,1,1,20180610,NYL,IND,2018,1021800046151,7050,validated,,0,matched,playbyplayv2,1611661325,201913|203411|203829|204320|1628915,complete,playbyplay_inferred,203831|204365|1627681|1628906|1628927,complete,playbyplay_inferred,1611661325,Indiana Fever
Shot Chart Detail,1021800046,156,1628906,Stephanie Mavunga,1611661313,New York Liberty,2,7,49,Made Shot,Layup Shot,2PT Field Goal,Restricted Area,Center(C),Less Than 8 ft.,1,-3,15,1,1,20180610,NYL,IND,2018,1021800046156,7310,validated,1627681,1,matched,playbyplayv2,1611661325,201913|203411|203829|204320|1628915,complete,playbyplay_inferred,203831|204365|1627681|1628906|1628927,complete,playbyplay_inferred,1611661325,Indiana Fever
Shot Chart Detail,1021800046,165,1628906,Stephanie Mavunga,1611661313,New York Liberty,2,7,23,Made Shot,Fadeaway Jump Shot,2PT Field Goal,In The Paint (Non-RA),Right Side(R),8-16 ft.,9,63,69,1,1,20180610,NYL,IND,2018,1021800046165,7570,validated,204365,1,matched,playbyplayv2,1611661325,201913|203411|203829|204320|1628915,complete,playbyplay_inferred,203405|204365|1627681|1628906|1628927,complete,playbyplay_inferred,1611661325,Indiana Fever
Shot Chart Detail,1021800046,170,1627681,Jazmon Gwathmey,1611661313,New York Liberty,2,6,51,Missed Shot,Jump Shot,3PT Field Goal,Right Corner 3,Right Side(R),24+ ft.,24,240,15,1,0,20180610,NYL,IND,2018,1021800046170,7890,validated,,0,matched,playbyplayv2,1611661325,201913|203411|203829|204320|1628915,complete,playbyplay_inferred,203405|204365|1627681|1628906|1628927,complete,playbyplay_inferred,1611661325,Indiana Fever
Shot Chart Detail,1021800046,183,1628906,Stephanie Mavunga,1611661313,New York Liberty,2,6,18,Missed Shot,Layup Shot,2PT Field Goal,Restricted Area,Center(C),Less Than 8 ft.,2,-20,11,1,0,20180610,NYL,IND,2018,1021800046183,8220,validated,,0,matched,playbyplayv2,1611661325,201913|201919|202250|203829|1628915,complete,playbyplay_inferred,203405|204365|1627681|1628906|1628927,complete,playbyplay_inferred,1611661325,Indiana Fever
Shot Chart Detail,1021800046,185,204365,Erica Wheeler,1611661313,New York Liberty,2,6,5,Missed Shot,Jump Shot,2PT Field Goal,Mid-Range,Center(C),16-24 ft.,19,-26,197,1,0,20180610,NYL,IND,2018,1021800046185,8350,validated,,0,matched,playbyplayv2,1611661325,201913|201919|202250|203829|1628915,complete,playbyplay_inferred,203405|204365|1627681|1628906|1628927,complete,playbyplay_inferred,1611661325,Indiana Fever
Shot Chart Detail,1021800046,189,1628906,Stephanie Mavunga,1611661313,New York Liberty,2,5,47,Missed Shot,Jump Shot,3PT Field Goal,Above the Break 3,Center(C),24+ ft.,24,-53,235,1,0,20180610,NYL,IND,2018,1021800046189,8530,validated,,0,matched,playbyplayv2,1611661325,201913|201919|202250|203829|1628915,complete,playbyplay_inferred,203405|204365|1627681|1628906|1628927,complete,playbyplay_inferred,1611661325,Indiana Fever
Shot Chart Detail,1021800046,193,204365,Erica Wheeler,1611661313,New York Liberty,2,5,13,Missed Shot,Jump Shot,2PT Field Goal,Mid-Range,Center(C),16-24 ft.,19,-19,199,1,0,20180610,NYL,IND,2018,1021800046193,8870,validated,,0,matched,playbyplayv2,1611661325,201913|201919|202250|203829|1628915,complete,playbyplay_inferred,203405|204365|1627681|1628906|1628927,complete,playbyplay_inferred,1611661325,Indiana Fever
Shot Chart Detail,1021800046,240,1627681,Jazmon Gwathmey,1611661313,New York Liberty,2,2,56,Made Shot,Driving Layup Shot,2PT Field Goal,Restricted Area,Center(C),Less Than 8 ft.,1,11,12,1,1,20180610,NYL,IND,2018,1021800046240,10240,validated,,0,matched,playbyplayv2,1611661325,201889|201919|202250|203829|1628915,complete,playbyplay_inferred,203405|1627681|1628286|1628868|1628909,complete,playbyplay_inferred,1611661325,Indiana Fever
Shot Chart Detail,1021800046,243,1627681,Jazmon Gwathmey,1611661313,New York Liberty,2,2,16,Missed Shot,Jump Shot,3PT Field Goal,Above the Break 3,Right Side Center(RC),24+ ft.,25,153,203,1,0,20180610,NYL,IND,2018,1021800046243,10640,validated,,0,matched,playbyplayv2,1611661325,201889|201919|202250|203829|1628915,complete,playbyplay_inferred,203405|1627681|1628286|1628868|1628909,complete,playbyplay_inferred,1611661325,Indiana Fever
Shot Chart Detail,1021800046,248,1628909,Kelsey Mitchell,1611661313,New York Liberty,2,2,4,Missed Shot,Jump Shot,3PT Field Goal,Above the Break 3,Center(C),24+ ft.,23,37,237,1,0,20180610,NYL,IND,2018,1021800046248,10760,validated,,0,matched,playbyplayv2,1611661325,201889|201913|202250|203829|1628915,complete,playbyplay_inferred,203405|1627681|1628286|1628868|1628909,complete,playbyplay_inferred,1611661325,Indiana Fever
Shot Chart Detail,1021800046,262,1628906,Stephanie Mavunga,1611661313,New York Liberty,2,1,2,Made Shot,Cutting Layup Shot,2PT Field Goal,Restricted Area,Center(C),Less Than 8 ft.,1,6,9,1,1,20180610,NYL,IND,2018,1021800046262,11380,validated,1627681,1,matched,playbyplayv2,1611661325,201889|201913|202250|203829|1628915,complete,playbyplay_inferred,1627676|1627681|1628286|1628906|1628909,complete,playbyplay_inferred,1611661325,Indiana Fever
Shot Chart Detail,1021800046,266,1628286,Erica McCall,1611661313,New York Liberty,2,0,28,Made Shot,Jump Shot,3PT Field Goal,Left Corner 3,Left Side(L),24+ ft.,22,-226,-6,1,1,20180610,NYL,IND,2018,1021800046266,11720,validated,1627681,1,matched,playbyplayv2,1611661325,201889|201913|202250|203829|1628915,complete,playbyplay_inferred,1627676|1627681|1628286|1628906|1628909,complete,playbyplay_inferred,1611661325,Indiana Fever
Shot Chart Detail,1021800046,271,1627676,Tiffany Mitchell,1611661313,New York Liberty,2,0,0,Missed Shot,Running Jump Shot,2PT Field Goal,In The Paint (Non-RA),Center(C),8-16 ft.,9,-4,97,1,0,20180610,NYL,IND,2018,1021800046271,12000,validated,,0,matched,playbyplayv2,1611661325,201889|201913|202250|203829|1628915,complete,playbyplay_inferred,1627676|1627681|1628286|1628906|1628909,complete,playbyplay_inferred,1611661325,Indiana Fever
Shot Chart Detail,1021800046,303,203831,Natalie Achonwa,1611661313,New York Liberty,3,9,42,Made Shot,Driving Layup Shot,2PT Field Goal,Restricted Area,Center(C),Less Than 8 ft.,1,-1,17,1,1,20180610,NYL,IND,2018,1021800046303,12180,validated,1628909,1,matched,playbyplayv2,1611661325,201889|201913|201919|202250|203829,complete,playbyplay_inferred,203831|204365|1627676|1628286|1628909,complete,playbyplay_inferred,1611661325,Indiana Fever
Shot Chart Detail,1021800046,288,1628909,Kelsey Mitchell,1611661313,New York Liberty,3,8,11,Made Shot,Layup Shot,2PT Field Goal,Restricted Area,Center(C),Less Than 8 ft.,1,-2,12,1,1,20180610,NYL,IND,2018,1021800046288,13090,validated,203831,1,matched,playbyplayv2,1611661325,201889|201913|201919|202250|203829,complete,playbyplay_inferred,203831|204365|1627676|1628286|1628909,complete,playbyplay_inferred,1611661325,Indiana Fever
Shot Chart Detail,1021800046,299,1628909,Kelsey Mitchell,1611661313,New York Liberty,3,7,13,Made Shot,Layup Shot,2PT Field Goal,Restricted Area,Center(C),Less Than 8 ft.,1,-3,12,1,1,20180610,NYL,IND,2018,1021800046299,13670,validated,,0,matched,playbyplayv2,1611661325,201889|201913|201919|202250|203829,complete,playbyplay_inferred,203831|204365|1627676|1628286|1628909,complete,playbyplay_inferred,1611661325,Indiana Fever
Shot Chart Detail,1021800046,466,1628286,Erica McCall,1611661313,New York Liberty,3,6,31,Missed Shot,Fadeaway Jump Shot,2PT Field Goal,Mid-Range,Right Side Center(RC),16-24 ft.,17,75,158,1,0,20180610,NYL,IND,2018,1021800046466,14090,validated,,0,matched,playbyplayv2,1611661325,201889|201913|201919|202250|203829,complete,playbyplay_inferred,203831|204365|1627676|1628286|1628909,complete,playbyplay_inferred,1611661325,Indiana Fever
Shot Chart Detail,1021800046,312,1627676,Tiffany Mitchell,1611661313,New York Liberty,3,5,58,Missed Shot,Jump Shot,3PT Field Goal,Above the Break 3,Left Side Center(LC),24+ ft.,26,-140,222,1,0,20180610,NYL,IND,2018,1021800046312,14420,validated,,0,matched,playbyplayv2,1611661325,201889|201913|201919|202250|203829,complete,playbyplay_inferred,203831|204365|1627676|1628286|1628909,complete,playbyplay_inferred,1611661325,Indiana Fever
Shot Chart Detail,1021800046,324,1627676,Tiffany Mitchell,1611661313,New York Liberty,3,5,28,Made Shot,Running Pull-Up Jump Shot,2PT Field Goal,Mid-Range,Right Side(R),16-24 ft.,19,160,111,1,1,20180610,NYL,IND,2018,1021800046324,14720,validated,1628909,1,matched,playbyplayv2,1611661325,201889|201913|201919|202250|203829,complete,playbyplay_inferred,203831|1627676|1627681|1628286|1628909,complete,playbyplay_inferred,1611661325,Indiana Fever
Shot Chart Detail,1021800046,330,203831,Natalie Achonwa,1611661313,New York Liberty,3,4,49,Made Shot,Turnaround Jump Shot,2PT Field Goal,In The Paint (Non-RA),Center(C),8-16 ft.,14,-36,138,1,1,20180610,NYL,IND,2018,1021800046330,15110,validated,,0,matched,playbyplayv2,1611661325,201889|201913|201919|202250|203829,complete,playbyplay_inferred,203831|1627676|1627681|1628286|1628909,complete,playbyplay_inferred,1611661325,Indiana Fever
Shot Chart Detail,1021800046,332,1628909,Kelsey Mitchell,1611661313,New York Liberty,3,4,17,Made Shot,Jump Shot,2PT Field Goal,Mid-Range,Center(C),8-16 ft.,14,25,142,1,1,20180610,NYL,IND,2018,1021800046332,15430,validated,1627676,1,matched,playbyplayv2,1611661325,201889|201913|201919|202250|203829,complete,playbyplay_inferred,203831|1627676|1627681|1628286|1628909,complete,playbyplay_inferred,1611661325,Indiana Fever
Shot Chart Detail,1021800046,337,1627676,Tiffany Mitchell,1611661313,New York Liberty,3,3,47,Missed Shot,Layup Shot,2PT Field Goal,Restricted Area,Center(C),Less Than 8 ft.,2,-2,29,1,0,20180610,NYL,IND,2018,1021800046337,15730,validated,,0,matched,playbyplayv2,1611661325,201889|201913|201919|202250|203829,complete,playbyplay_inferred,203831|1627676|1627681|1628286|1628909,complete,playbyplay_inferred,1611661325,Indiana Fever
Shot Chart Detail,1021800046,339,1628909,Kelsey Mitchell,1611661313,New York Liberty,3,3,33,Made Shot,Jump Shot,3PT Field Goal,Above the Break 3,Left Side Center(LC),24+ ft.,25,-100,233,1,1,20180610,NYL,IND,2018,1021800046339,15870,validated,1627676,1,matched,playbyplayv2,1611661325,201919|202250|203829|204320|1628915,complete,playbyplay_inferred,1627676|1627681|1628286|1628906|1628909,complete,playbyplay_inferred,1611661325,Indiana Fever
Shot Chart Detail,1021800046,365,1627681,Jazmon Gwathmey,1611661313,New York Liberty,3,2,22,Made Shot,Jump Shot,2PT Field Goal,Mid-Range,Left Side(L),8-16 ft.,11,-112,-12,1,1,20180610,NYL,IND,2018,1021800046365,16580,validated,1628909,1,matched,playbyplayv2,1611661325,202250|203411|204320|204327|1628915,complete,playbyplay_inferred,203831|1627676|1627681|1628906|1628909,complete,playbyplay_inferred,1611661325,Indiana Fever
Shot Chart Detail,1021800046,386,203831,Natalie Achonwa,1611661313,New York Liberty,3,0,50,Missed Shot,Jump Shot,2PT Field Goal,Mid-Range,Left Side(L),8-16 ft.,15,-82,135,1,0,20180610,NYL,IND,2018,1021800046386,17500,validated,,0,matched,playbyplayv2,1611661325,202250|203411|204320|204327|1628915,complete,playbyplay_inferred,203831|1627676|1627681|1628906|1628909,complete,playbyplay_inferred,1611661325,Indiana Fever
Shot Chart Detail,1021800046,391,1628909,Kelsey Mitchell,1611661313,New York Liberty,3,0,20,Missed Shot,Layup Shot,2PT Field Goal,Restricted Area,Center(C),Less Than 8 ft.,2,-23,19,1,0,20180610,NYL,IND,2018,1021800046391,17800,validated,,0,matched,playbyplayv2,1611661325,202250|203411|204320|204327|1628915,complete,playbyplay_inferred,203831|1627676|1627681|1628906|1628909,complete,playbyplay_inferred,1611661325,Indiana Fever
Shot Chart Detail,1021800046,395,1628909,Kelsey Mitchell,1611661313,New York Liberty,3,0,0,Missed Shot,Running Jump Shot,3PT Field Goal,Backcourt,Back Court(BC),Back Court Shot,47,-3,475,1,0,20180610,NYL,IND,2018,1021800046395,18000,validated,,0,matched,playbyplayv2,1611661325,202250|203411|204320|204327|1628915,complete,playbyplay_inferred,203831|1627676|1627681|1628906|1628909,complete,playbyplay_inferred,1611661325,Indiana Fever
Shot Chart Detail,1021800046,414,1627681,Jazmon Gwathmey,1611661313,New York Liberty,4,9,4,Missed Shot,Jump Shot,2PT Field Goal,Mid-Range,Right Side(R),8-16 ft.,13,131,0,1,0,20180610,NYL,IND,2018,1021800046414,18560,validated,,0,matched,playbyplayv2,1611661325,201913|203411|204320|204327|1628915,complete,playbyplay_inferred,203831|204365|1627676|1627681|1628906,complete,playbyplay_inferred,1611661325,Indiana Fever
Shot Chart Detail,1021800046,416,1627676,Tiffany Mitchell,1611661313,New York Liberty,4,8,56,Made Shot,Jump Shot,3PT Field Goal,Above the Break 3,Center(C),24+ ft.,24,31,246,1,1,20180610,NYL,IND,2018,1021800046416,18640,validated,,0,matched,playbyplayv2,1611661325,201913|203411|204320|204327|1628915,complete,playbyplay_inferred,203831|204365|1627676|1627681|1628906,complete,playbyplay_inferred,1611661325,Indiana Fever
Shot Chart Detail,1021800046,434,203831,Natalie Achonwa,1611661313,New York Liberty,4,7,41,Missed Shot,Jump Shot,2PT Field Goal,Mid-Range,Left Side(L),8-16 ft.,14,-148,11,1,0,20180610,NYL,IND,2018,1021800046434,19390,validated,,0,matched,playbyplayv2,1611661325,201913|203411|204320|204327|1628915,complete,playbyplay_inferred,203831|204365|1627676|1627681|1628906,complete,playbyplay_inferred,1611661325,Indiana Fever
Shot Chart Detail,1021800046,443,204365,Erica Wheeler,1611661313,New York Liberty,4,7,9,Missed Shot,Jump Shot,2PT Field Goal,Mid-Range,Right Side Center(RC),16-24 ft.,16,128,97,1,0,20180610,NYL,IND,2018,1021800046443,19710,validated,,0,matched,playbyplayv2,1611661325,202250|203411|204320|204327|1628915,complete,playbyplay_inferred,203831|204365|1627676|1627681|1628906,complete,playbyplay_inferred,1611661325,Indiana Fever
Shot Chart Detail,1021800046,465,1627676,Tiffany Mitchell,1611661313,New York Liberty,4,5,18,Made Shot,Pullup Jump shot,2PT Field Goal,Mid-Range,Right Side(R),16-24 ft.,17,156,73,1,1,20180610,NYL,IND,2018,1021800046465,20820,validated,,0,matched,playbyplayv2,1611661325,202250|203411|203829|204320|1628915,complete,playbyplay_inferred,203831|1627676|1628286|1628909|1628927,complete,playbyplay_inferred,1611661325,Indiana Fever
Shot Chart Detail,1021800046,472,1628286,Erica McCall,1611661313,New York Liberty,4,4,41,Missed Shot,Jump Shot,2PT Field Goal,Mid-Range,Right Side(R),16-24 ft.,17,171,9,1,0,20180610,NYL,IND,2018,1021800046472,21190,validated,,0,matched,playbyplayv2,1611661325,202250|203411|203829|204320|1628915,complete,playbyplay_inferred,203831|1627676|1628286|1628909|1628927,complete,playbyplay_inferred,1611661325,Indiana Fever
Shot Chart Detail,1021800046,474,1628927,Victoria Vivians,1611661313,New York Liberty,4,4,37,Missed Shot,Layup Shot,2PT Field Goal,Restricted Area,Center(C),Less Than 8 ft.,1,15,11,1,0,20180610,NYL,IND,2018,1021800046474,21230,validated,,0,matched,playbyplayv2,1611661325,202250|203411|203829|204320|1628915,complete,playbyplay_inferred,203831|1627676|1628286|1628909|1628927,complete,playbyplay_inferred,1611661325,Indiana Fever
Shot Chart Detail,1021800046,477,1628286,Erica McCall,1611661313,New York Liberty,4,4,28,Missed Shot,Jump Shot,3PT Field Goal,Above the Break 3,Left Side Center(LC),24+ ft.,25,-208,149,1,0,20180610,NYL,IND,2018,1021800046477,21320,validated,,0,matched,playbyplayv2,1611661325,202250|203411|203829|204320|1628915,complete,playbyplay_inferred,203831|1627676|1628286|1628909|1628927,complete,playbyplay_inferred,1611661325,Indiana Fever
Shot Chart Detail,1021800046,486,1628927,Victoria Vivians,1611661313,New York Liberty,4,4,2,Made Shot,Jump Shot,3PT Field Goal,Above the Break 3,Center(C),24+ ft.,24,-2,246,1,1,20180610,NYL,IND,2018,1021800046486,21580,validated,1627676,1,matched,playbyplayv2,1611661325,202250|203411|203829|204320|1628915,complete,playbyplay_inferred,203831|1627676|1628286|1628909|1628927,complete,playbyplay_inferred,1611661325,Indiana Fever
Shot Chart Detail,1021800046,490,1627676,Tiffany Mitchell,1611661313,New York Liberty,4,3,35,Made Shot,Layup Shot,2PT Field Goal,Restricted Area,Center(C),Less Than 8 ft.,1,-9,12,1,1,20180610,NYL,IND,2018,1021800046490,21850,validated,,0,matched,playbyplayv2,1611661325,202250|203411|203829|204320|1628915,complete,playbyplay_inferred,203831|1627676|1628286|1628909|1628927,complete,playbyplay_inferred,1611661325,Indiana Fever
Shot Chart Detail,1021800046,499,1628909,Kelsey Mitchell,1611661313,New York Liberty,4,3,1,Missed Shot,Jump Shot,2PT Field Goal,Mid-Range,Right Side(R),8-16 ft.,15,154,3,1,0,20180610,NYL,IND,2018,1021800046499,22190,validated,,0,matched,playbyplayv2,1611661325,201913|201919|202250|203829|1628915,complete,playbyplay_inferred,203831|1627676|1628286|1628909|1628927,complete,playbyplay_inferred,1611661325,Indiana Fever
Shot Chart Detail,1021800046,501,1628927,Victoria Vivians,1611661313,New York Liberty,4,2,56,Missed Shot,Jump Shot,3PT Field Goal,Above the Break 3,Left Side Center(LC),24+ ft.,25,-129,223,1,0,20180610,NYL,IND,2018,1021800046501,22240,validated,,0,matched,playbyplayv2,1611661325,201913|201919|202250|203829|1628915,complete,playbyplay_inferred,203831|1627676|1628286|1628909|1628927,complete,playbyplay_inferred,1611661325,Indiana Fever
Shot Chart Detail,1021800046,533,1628286,Erica McCall,1611661313,New York Liberty,4,2,53,Missed Shot,Putback Layup Shot,2PT Field Goal,Restricted Area,Center(C),Less Than 8 ft.,2,-19,12,1,0,20180610,NYL,IND,2018,1021800046533,22270,validated,,0,matched,playbyplayv2,1611661325,201913|201919|202250|203829|1628915,complete,playbyplay_inferred,203831|1627676|1628286|1628909|1628927,complete,playbyplay_inferred,1611661325,Indiana Fever
Shot Chart Detail,1021800046,504,203831,Natalie Achonwa,1611661313,New York Liberty,4,2,46,Made Shot,Cutting Layup Shot,2PT Field Goal,Restricted Area,Center(C),Less Than 8 ft.,1,8,7,1,1,20180610,NYL,IND,2018,1021800046504,22340,validated,1627676,1,matched,playbyplayv2,1611661325,201913|201919|202250|203829|1628915,complete,playbyplay_inferred,203831|1627676|1628286|1628909|1628927,complete,playbyplay_inferred,1611661325,Indiana Fever
Shot Chart Detail,1021800046,516,1627676,Tiffany Mitchell,1611661313,New York Liberty,4,1,43,Missed Shot,Jump Shot,3PT Field Goal,Above the Break 3,Left Side Center(LC),24+ ft.,23,-174,165,1,0,20180610,NYL,IND,2018,1021800046516,22970,validated,,0,matched,playbyplayv2,1611661325,201913|201919|202250|203829|1628915,complete,playbyplay_inferred,203831|1627676|1628286|1628909|1628927,complete,playbyplay_inferred,1611661325,Indiana Fever
Shot Chart Detail,1021800046,531,1628927,Victoria Vivians,1611661313,New York Liberty,4,0,33,Made Shot,Jump Shot,3PT Field Goal,Above the Break 3,Left Side Center(LC),24+ ft.,25,-202,162,1,1,20180610,NYL,IND,2018,1021800046531,23670,validated,1628909,1,matched,playbyplayv2,1611661325,201913|201919|202250|203829|1628915,complete,playbyplay_inferred,203831|1627676|1628286|1628909|1628927,complete,playbyplay_inferred,1611661325,Indiana Fever
Shot Chart Detail,1021800046,542,1628909,Kelsey Mitchell,1611661313,New York Liberty,4,0,1,Missed Shot,Jump Shot,3PT Field Goal,Above the Break 3,Right Side Center(RC),24+ ft.,24,115,221,1,0,20180610,NYL,IND,2018,1021800046542,23990,validated,,0,matched,playbyplayv2,1611661325,201889|201919|202250|203829|1628915,complete,playbyplay_inferred,203831|1627676|1628286|1628909|1628927,complete,playbyplay_inferred,1611661325,Indiana Fever
Shot Chart Detail,1021800055,7,203825,Kayla McBride,1611661313,New York Liberty,1,9,47,Made Shot,Cutting Layup Shot,2PT Field Goal,Restricted Area,Center(C),Less Than 8 ft.,1,1,15,1,1,20180613,NYL,LVA,2018,10218000557,130,validated,1628917,1,matched,playbyplayv2,1611661319,201889|201913|201919|202250|203829,complete,playbyplay_inferred,201477|203825|1628276|1628917|1628932,complete,playbyplay_inferred,1611661319,Las Vegas Aces
Shot Chart Detail,1021800055,11,201477,Tamera Young,1611661313,New York Liberty,1,9,24,Made Shot,Jump Shot,2PT Field Goal,In The Paint (Non-RA),Center(C),8-16 ft.,14,58,136,1,1,20180613,NYL,LVA,2018,102180005511,360,validated,,0,matched,playbyplayv2,1611661319,201889|201913|201919|202250|203829,complete,playbyplay_inferred,201477|203825|1628276|1628917|1628932,complete,playbyplay_inferred,1611661319,Las Vegas Aces
Shot Chart Detail,1021800055,14,1628917,JiSu Park,1611661313,New York Liberty,1,8,54,Made Shot,Jump Shot,2PT Field Goal,Mid-Range,Center(C),16-24 ft.,18,32,182,1,1,20180613,NYL,LVA,2018,102180005514,660,validated,203825,1,matched,playbyplayv2,1611661319,201889|201913|201919|202250|203829,complete,playbyplay_inferred,201477|203825|1628276|1628917|1628932,complete,playbyplay_inferred,1611661319,Las Vegas Aces
Shot Chart Detail,1021800055,18,203825,Kayla McBride,1611661313,New York Liberty,1,8,31,Missed Shot,Jump Shot,3PT Field Goal,Above the Break 3,Right Side Center(RC),24+ ft.,24,220,109,1,0,20180613,NYL,LVA,2018,102180005518,890,validated,,0,matched,playbyplayv2,1611661319,201889|201913|201919|202250|203829,complete,playbyplay_inferred,201477|203825|1628276|1628917|1628932,complete,playbyplay_inferred,1611661319,Las Vegas Aces
Shot Chart Detail,1021800055,22,1628932,A'ja Wilson,1611661313,New York Liberty,1,7,57,Made Shot,Finger Roll Layup Shot,2PT Field Goal,Restricted Area,Center(C),Less Than 8 ft.,2,-19,12,1,1,20180613,NYL,LVA,2018,102180005522,1230,validated,,0,matched,playbyplayv2,1611661319,201889|201913|201919|202250|203829,complete,playbyplay_inferred,201477|203825|1628276|1628917|1628932,complete,playbyplay_inferred,1611661319,Las Vegas Aces
Shot Chart Detail,1021800055,26,1628917,JiSu Park,1611661313,New York Liberty,1,7,21,Made Shot,Cutting Layup Shot,2PT Field Goal,Restricted Area,Center(C),Less Than 8 ft.,1,2,16,1,1,20180613,NYL,LVA,2018,102180005526,1590,validated,201477,1,matched,playbyplayv2,1611661319,201889|201913|201919|202250|203829,complete,playbyplay_inferred,201477|203825|1628276|1628917|1628932,complete,playbyplay_inferred,1611661319,Las Vegas Aces
Shot Chart Detail,1021800055,39,1628276,Kelsey Plum,1611661313,New York Liberty,1,5,43,Missed Shot,Jump Shot,3PT Field Goal,Above the Break 3,Left Side(L),24+ ft.,23,-224,54,1,0,20180613,NYL,LVA,2018,102180005539,2570,validated,,0,matched,playbyplayv2,1611661319,201889|201913|201919|202250|203829,complete,playbyplay_inferred,201477|203825|1628276|1628917|1628932,complete,playbyplay_inferred,1611661319,Las Vegas Aces
Shot Chart Detail,1021800055,43,1628932,A'ja Wilson,1611661313,New York Liberty,1,5,17,Missed Shot,Jump Shot,2PT Field Goal,In The Paint (Non-RA),Center(C),8-16 ft.,12,39,124,1,0,20180613,NYL,LVA,2018,102180005543,2830,validated,,0,matched,playbyplayv2,1611661319,201889|201913|201919|202250|203829,complete,playbyplay_inferred,201477|203825|1628276|1628917|1628932,complete,playbyplay_inferred,1611661319,Las Vegas Aces
Shot Chart Detail,1021800055,47,1628917,JiSu Park,1611661313,New York Liberty,1,4,59,Missed Shot,Jump Shot,2PT Field Goal,Mid-Range,Center(C),16-24 ft.,17,-48,173,1,0,20180613,NYL,LVA,2018,102180005547,3010,validated,,0,matched,playbyplayv2,1611661319,201889|201913|201919|202250|203829,complete,playbyplay_inferred,201477|203825|1628276|1628917|1628932,complete,playbyplay_inferred,1611661319,Las Vegas Aces
Shot Chart Detail,1021800055,51,1628917,JiSu Park,1611661313,New York Liberty,1,4,33,Made Shot,Cutting Layup Shot,2PT Field Goal,Restricted Area,Center(C),Less Than 8 ft.,1,-8,13,1,1,20180613,NYL,LVA,2018,102180005551,3270,validated,1628276,1,matched,playbyplayv2,1611661319,201889|201913|201919|202250|203829,complete,playbyplay_inferred,201477|203825|1628276|1628917|1628932,complete,playbyplay_inferred,1611661319,Las Vegas Aces
Shot Chart Detail,1021800055,55,1628932,A'ja Wilson,1611661313,New York Liberty,1,4,0,Missed Shot,Jump Shot,2PT Field Goal,Mid-Range,Center(C),8-16 ft.,15,59,145,1,0,20180613,NYL,LVA,2018,102180005555,3600,validated,,0,matched,playbyplayv2,1611661319,201889|201913|201919|202250|203829,complete,playbyplay_inferred,201477|203825|1628276|1628917|1628932,complete,playbyplay_inferred,1611661319,Las Vegas Aces
Shot Chart Detail,1021800055,76,1628263,Lindsay Allen,1611661313,New York Liberty,1,3,25,Missed Shot,Layup Shot,2PT Field Goal,Restricted Area,Center(C),Less Than 8 ft.,1,1,17,1,0,20180613,NYL,LVA,2018,102180005576,3950,validated,,0,matched,playbyplayv2,1611661319,201919|202250|204320|204327|1628915,complete,playbyplay_inferred,201477|204324|1628263|1628913|1628932,complete,playbyplay_inferred,1611661319,Las Vegas Aces
Shot Chart Detail,1021800055,78,204324,Dearica Hamby,1611661313,New York Liberty,1,3,18,Made Shot,Jump Shot,2PT Field Goal,In The Paint (Non-RA),Center(C),Less Than 8 ft.,6,-10,65,1,1,20180613,NYL,LVA,2018,102180005578,4020,validated,,0,matched,playbyplayv2,1611661319,201919|202250|204320|204327|1628915,complete,playbyplay_inferred,201477|204324|1628263|1628913|1628932,complete,playbyplay_inferred,1611661319,Las Vegas Aces
Shot Chart Detail,1021800055,82,1628932,A'ja Wilson,1611661313,New York Liberty,1,2,51,Made Shot,Pullup Jump shot,2PT Field Goal,Mid-Range,Left Side(L),8-16 ft.,8,-82,23,1,1,20180613,NYL,LVA,2018,102180005582,4290,validated,1628263,1,matched,playbyplayv2,1611661319,201919|202250|204320|204327|1628915,complete,playbyplay_inferred,201477|204324|1628263|1628913|1628932,complete,playbyplay_inferred,1611661319,Las Vegas Aces
Shot Chart Detail,1021800055,85,204324,Dearica Hamby,1611661313,New York Liberty,1,2,29,Made Shot,Layup Shot,2PT Field Goal,Restricted Area,Center(C),Less Than 8 ft.,1,-11,11,1,1,20180613,NYL,LVA,2018,102180005585,4510,validated,1628263,1,matched,playbyplayv2,1611661319,201919|202250|204320|204327|1628915,complete,playbyplay_inferred,201477|204324|1628263|1628913|1628932,complete,playbyplay_inferred,1611661319,Las Vegas Aces
Shot Chart Detail,1021800055,89,201477,Tamera Young,1611661313,New York Liberty,1,1,55,Missed Shot,Layup Shot,2PT Field Goal,Restricted Area,Center(C),Less Than 8 ft.,2,13,16,1,0,20180613,NYL,LVA,2018,102180005589,4850,validated,,0,matched,playbyplayv2,1611661319,201919|202250|204320|204327|1628915,complete,playbyplay_inferred,201477|204324|1628263|1628913|1628932,complete,playbyplay_inferred,1611661319,Las Vegas Aces
Shot Chart Detail,1021800055,93,201477,Tamera Young,1611661313,New York Liberty,1,1,35,Made Shot,Driving Layup Shot,2PT Field Goal,Restricted Area,Center(C),Less Than 8 ft.,1,3,15,1,1,20180613,NYL,LVA,2018,102180005593,5050,validated,,0,matched,playbyplayv2,1611661319,201919|202250|204320|204327|1628915,complete,playbyplay_inferred,201477|204324|1628263|1628913|1628932,complete,playbyplay_inferred,1611661319,Las Vegas Aces
Shot Chart Detail,1021800055,105,1628913,Jaime Nared,1611661313,New York Liberty,1,1,5,Missed Shot,Jump Shot,3PT Field Goal,Above the Break 3,Right Side Center(RC),24+ ft.,25,152,206,1,0,20180613,NYL,LVA,2018,1021800055105,5350,validated,,0,matched,playbyplayv2,1611661319,203411|204320|204327|204329|1628915,complete,playbyplay_inferred,201530|203402|204324|1628263|1628913,complete,playbyplay_inferred,1611661319,Las Vegas Aces
Shot Chart Detail,1021800055,116,1628913,Jaime Nared,1611661313,New York Liberty,1,0,33,Made Shot,Jump Shot,3PT Field Goal,Above the Break 3,Left Side(L),16-24 ft.,23,-192,139,1,1,20180613,NYL,LVA,2018,1021800055116,5670,validated,1628263,1,matched,playbyplayv2,1611661319,203411|204320|204327|204329|1628915,complete,playbyplay_inferred,201530|203402|204324|1628263|1628913,complete,playbyplay_inferred,1611661319,Las Vegas Aces
Shot Chart Detail,1021800055,119,1628263,Lindsay Allen,1611661313,New York Liberty,1,0,0,Missed Shot,Jump Shot,3PT Field Goal,Above the Break 3,Right Side Center(RC),24+ ft.,24,145,199,1,0,20180613,NYL,LVA,2018,1021800055119,6000,validated,,0,matched,playbyplayv2,1611661319,203411|204320|204327|204329|1628915,complete,playbyplay_inferred,201530|203402|204324|1628263|1628913,complete,playbyplay_inferred,1611661319,Las Vegas Aces
Shot Chart Detail,1021800055,125,204324,Dearica Hamby,1611661313,New York Liberty,2,9,29,Missed Shot,Jump Shot,2PT Field Goal,In The Paint (Non-RA),Center(C),Less Than 8 ft.,7,25,66,1,0,20180613,NYL,LVA,2018,1021800055125,6310,validated,,0,matched,playbyplayv2,1611661319,203411|204320|204327|204329|1628915,complete,playbyplay_inferred,201530|203402|204324|1628263|1628913,complete,playbyplay_inferred,1611661319,Las Vegas Aces
Shot Chart Detail,1021800055,127,201530,Sequoia Holmes,1611661313,New York Liberty,2,9,23,Missed Shot,Layup Shot,2PT Field Goal,Restricted Area,Center(C),Less Than 8 ft.,2,-16,15,1,0,20180613,NYL,LVA,2018,1021800055127,6370,validated,,0,matched,playbyplayv2,1611661319,203411|204320|204327|204329|1628915,complete,playbyplay_inferred,201530|203402|204324|1628263|1628913,complete,playbyplay_inferred,1611661319,Las Vegas Aces
Shot Chart Detail,1021800055,131,201530,Sequoia Holmes,1611661313,New York Liberty,2,9,19,Made Shot,Jump Shot,2PT Field Goal,Mid-Range,Left Side(L),16-24 ft.,16,-163,-3,1,1,20180613,NYL,LVA,2018,1021800055131,6410,validated,1628913,1,matched,playbyplayv2,1611661319,203411|204320|204327|204329|1628915,complete,playbyplay_inferred,201530|203402|204324|1628263|1628913,complete,playbyplay_inferred,1611661319,Las Vegas Aces
Shot Chart Detail,1021800055,134,204324,Dearica Hamby,1611661313,New York Liberty,2,8,49,Missed Shot,Jump Shot,3PT Field Goal,Above the Break 3,Right Side(R),24+ ft.,23,229,49,1,0,20180613,NYL,LVA,2018,1021800055134,6710,validated,,0,matched,playbyplayv2,1611661319,203411|204320|204327|204329|1628915,complete,playbyplay_inferred,201530|203402|204324|1628263|1628913,complete,playbyplay_inferred,1611661319,Las Vegas Aces
Shot Chart Detail,1021800055,146,1628913,Jaime Nared,1611661313,New York Liberty,2,8,8,Made Shot,Jump Shot,2PT Field Goal,Mid-Range,Right Side Center(RC),16-24 ft.,21,162,138,1,1,20180613,NYL,LVA,2018,1021800055146,7120,validated,1628263,1,matched,playbyplayv2,1611661319,202250|203411|204327|204329|1628915,complete,playbyplay_inferred,201530|1628263|1628913|1628917|1628932,complete,playbyplay_inferred,1611661319,Las Vegas Aces
Shot Chart Detail,1021800055,159,1628917,JiSu Park,1611661313,New York Liberty,2,6,48,Missed Shot,Jump Shot,2PT Field Goal,In The Paint (Non-RA),Right Side(R),8-16 ft.,9,74,52,1,0,20180613,NYL,LVA,2018,1021800055159,7920,validated,,0,matched,playbyplayv2,1611661319,201919|202250|204327|204329|1628915,complete,playbyplay_inferred,203825|1628263|1628913|1628917|1628932,complete,playbyplay_inferred,1611661319,Las Vegas Aces
Shot Chart Detail,1021800055,165,203825,Kayla McBride,1611661313,New York Liberty,2,6,39,Missed Shot,Floating Jump shot,2PT Field Goal,In The Paint (Non-RA),Center(C),Less Than 8 ft.,7,-72,15,1,0,20180613,NYL,LVA,2018,1021800055165,8010,validated,,0,matched,playbyplayv2,1611661319,201889|201919|202250|204327|204329,complete,playbyplay_inferred,203825|1628263|1628913|1628917|1628932,complete,playbyplay_inferred,1611661319,Las Vegas Aces
Shot Chart Detail,1021800055,178,201477,Tamera Young,1611661313,New York Liberty,2,6,0,Made Shot,Jump Shot,2PT Field Goal,Mid-Range,Center(C),8-16 ft.,14,-44,140,1,1,20180613,NYL,LVA,2018,1021800055178,8400,validated,,0,matched,playbyplayv2,1611661319,201889|202250|202259|203829|204329,complete,playbyplay_inferred,201477|203825|1628276|1628917|1628932,complete,playbyplay_inferred,1611661319,Las Vegas Aces
Shot Chart Detail,1021800055,181,1628932,A'ja Wilson,1611661313,New York Liberty,2,5,34,Missed Shot,Step Back Jump shot,2PT Field Goal,In The Paint (Non-RA),Center(C),8-16 ft.,13,-14,136,1,0,20180613,NYL,LVA,2018,1021800055181,8660,validated,,0,matched,playbyplayv2,1611661319,201889|202250|202259|203829|204329,complete,playbyplay_inferred,201477|203825|1628276|1628917|1628932,complete,playbyplay_inferred,1611661319,Las Vegas Aces
Shot Chart Detail,1021800055,193,1628932,A'ja Wilson,1611661313,New York Liberty,2,5,1,Made Shot,Driving Layup Shot,2PT Field Goal,Restricted Area,Center(C),Less Than 8 ft.,2,-16,16,1,1,20180613,NYL,LVA,2018,1021800055193,8990,validated,203825,1,matched,playbyplayv2,1611661319,201889|202250|202259|203829|204329,complete,playbyplay_inferred,201477|203825|1628276|1628917|1628932,complete,playbyplay_inferred,1611661319,Las Vegas Aces
Shot Chart Detail,1021800055,197,1628276,Kelsey Plum,1611661313,New York Liberty,2,4,19,Missed Shot,Layup Shot,2PT Field Goal,Restricted Area,Center(C),Less Than 8 ft.,1,-11,12,1,0,20180613,NYL,LVA,2018,1021800055197,9410,validated,,0,matched,playbyplayv2,1611661319,201889|202250|202259|203829|204329,complete,playbyplay_inferred,201477|203825|1628276|1628917|1628932,complete,playbyplay_inferred,1611661319,Las Vegas Aces
Shot Chart Detail,1021800055,211,203825,Kayla McBride,1611661313,New York Liberty,2,3,19,Missed Shot,Jump Shot,3PT Field Goal,Left Corner 3,Left Side(L),24+ ft.,23,-233,-7,1,0,20180613,NYL,LVA,2018,1021800055211,10010,validated,,0,matched,playbyplayv2,1611661319,201889|201913|202250|202259|203829,complete,playbyplay_inferred,201477|203825|1628276|1628917|1628932,complete,playbyplay_inferred,1611661319,Las Vegas Aces
Shot Chart Detail,1021800055,215,1628932,A'ja Wilson,1611661313,New York Liberty,2,2,47,Missed Shot,Turnaround Jump Shot,2PT Field Goal,In The Paint (Non-RA),Right Side(R),8-16 ft.,11,57,98,1,0,20180613,NYL,LVA,2018,1021800055215,10330,validated,,0,matched,playbyplayv2,1611661319,201889|201913|202250|202259|203829,complete,playbyplay_inferred,201477|203825|1628276|1628917|1628932,complete,playbyplay_inferred,1611661319,Las Vegas Aces
Shot Chart Detail,1021800055,231,1628932,A'ja Wilson,1611661313,New York Liberty,2,2,4,Missed Shot,Layup Shot,2PT Field Goal,Restricted Area,Center(C),Less Than 8 ft.,0,-2,6,1,0,20180613,NYL,LVA,2018,1021800055231,10760,validated,,0,matched,playbyplayv2,1611661319,201889|201913|201919|202250|203829,complete,playbyplay_inferred,201477|203825|204324|1628263|1628932,complete,playbyplay_inferred,1611661319,Las Vegas Aces
Shot Chart Detail,1021800055,235,204324,Dearica Hamby,1611661313,New York Liberty,2,1,31,Missed Shot,Jump Shot,3PT Field Goal,Above the Break 3,Left Side Center(LC),16-24 ft.,23,-78,222,1,0,20180613,NYL,LVA,2018,1021800055235,11090,validated,,0,matched,playbyplayv2,1611661319,201889|201913|201919|202250|203829,complete,playbyplay_inferred,201477|203825|204324|1628263|1628932,complete,playbyplay_inferred,1611661319,Las Vegas Aces
Shot Chart Detail,1021800055,261,204324,Dearica Hamby,1611661313,New York Liberty,2,0,0,Made Shot,Layup Shot,2PT Field Goal,Restricted Area,Center(C),Less Than 8 ft.,2,-24,16,1,1,20180613,NYL,LVA,2018,1021800055261,12000,validated,1628263,1,matched,playbyplayv2,1611661319,201889|201913|201919|203829|204329,complete,playbyplay_inferred,203825|204324|1628263|1628276|1628932,complete,playbyplay_inferred,1611661319,Las Vegas Aces
Shot Chart Detail,1021800055,273,203825,Kayla McBride,1611661313,New York Liberty,3,9,34,Made Shot,Cutting Layup Shot,2PT Field Goal,Restricted Area,Center(C),Less Than 8 ft.,1,16,1,1,1,20180613,NYL,LVA,2018,1021800055273,12260,validated,1628917,1,matched,playbyplayv2,1611661319,201889|201913|201919|202250|203829,complete,playbyplay_inferred,201477|203825|1628276|1628917|1628932,complete,playbyplay_inferred,1611661319,Las Vegas Aces
Shot Chart Detail,1021800055,280,1628276,Kelsey Plum,1611661313,New York Liberty,3,9,3,Made Shot,Jump Shot,3PT Field Goal,Above the Break 3,Left Side Center(LC),24+ ft.,24,-106,219,1,1,20180613,NYL,LVA,2018,1021800055280,12570,validated,203825,1,matched,playbyplayv2,1611661319,201889|201913|201919|202250|203829,complete,playbyplay_inferred,201477|203825|1628276|1628917|1628932,complete,playbyplay_inferred,1611661319,Las Vegas Aces
Shot Chart Detail,1021800055,285,1628932,A'ja Wilson,1611661313,New York Liberty,3,8,16,Missed Shot,Jump Shot,2PT Field Goal,In The Paint (Non-RA),Left Side(L),8-16 ft.,8,-76,36,1,0,20180613,NYL,LVA,2018,1021800055285,13040,validated,,0,matched,playbyplayv2,1611661319,201889|201913|201919|202250|203829,complete,playbyplay_inferred,201477|203825|1628276|1628917|1628932,complete,playbyplay_inferred,1611661319,Las Vegas Aces
Shot Chart Detail,1021800055,294,201477,Tamera Young,1611661313,New York Liberty,3,7,25,Made Shot,Step Back Jump shot,2PT Field Goal,Mid-Range,Right Side(R),8-16 ft.,14,133,49,1,1,20180613,NYL,LVA,2018,1021800055294,13550,validated,,0,matched,playbyplayv2,1611661319,201889|201913|201919|202250|203829,complete,playbyplay_inferred,201477|203825|1628276|1628917|1628932,complete,playbyplay_inferred,1611661319,Las Vegas Aces
Shot Chart Detail,1021800055,307,1628932,A'ja Wilson,1611661313,New York Liberty,3,6,31,Missed Shot,Running Layup Shot,2PT Field Goal,Restricted Area,Center(C),Less Than 8 ft.,2,10,28,1,0,20180613,NYL,LVA,2018,1021800055307,14090,validated,,0,matched,playbyplayv2,1611661319,201889|201913|202250|204327|1628915,complete,playbyplay_inferred,201477|203825|1628276|1628917|1628932,complete,playbyplay_inferred,1611661319,Las Vegas Aces
Shot Chart Detail,1021800055,313,1628932,A'ja Wilson,1611661313,New York Liberty,3,6,3,Missed Shot,Running Layup Shot,2PT Field Goal,Restricted Area,Center(C),Less Than 8 ft.,3,33,11,1,0,20180613,NYL,LVA,2018,1021800055313,14370,validated,,0,matched,playbyplayv2,1611661319,201889|201913|202250|204327|1628915,complete,playbyplay_inferred,201477|203825|1628276|1628917|1628932,complete,playbyplay_inferred,1611661319,Las Vegas Aces
Shot Chart Detail,1021800055,317,203825,Kayla McBride,1611661313,New York Liberty,3,5,26,Made Shot,Driving Floating Bank Jump Shot,2PT Field Goal,In The Paint (Non-RA),Center(C),Less Than 8 ft.,5,-31,43,1,1,20180613,NYL,LVA,2018,1021800055317,14740,validated,,0,matched,playbyplayv2,1611661319,201889|201913|202250|204327|1628915,complete,playbyplay_inferred,201477|203825|1628276|1628917|1628932,complete,playbyplay_inferred,1611661319,Las Vegas Aces
Shot Chart Detail,1021800055,320,201477,Tamera Young,1611661313,New York Liberty,3,4,48,Made Shot,Jump Shot,2PT Field Goal,Mid-Range,Center(C),16-24 ft.,18,-34,185,1,1,20180613,NYL,LVA,2018,1021800055320,15120,validated,,0,matched,playbyplayv2,1611661319,201889|201913|202250|204327|1628915,complete,playbyplay_inferred,201477|203825|1628276|1628917|1628932,complete,playbyplay_inferred,1611661319,Las Vegas Aces
Shot Chart Detail,1021800055,328,201477,Tamera Young,1611661313,New York Liberty,3,4,7,Missed Shot,Jump Shot,2PT Field Goal,In The Paint (Non-RA),Center(C),8-16 ft.,14,-61,135,1,0,20180613,NYL,LVA,2018,1021800055328,15530,validated,,0,matched,playbyplayv2,1611661319,201913|202250|204296|204327|1628915,complete,playbyplay_inferred,201477|203402|204324|1628263|1628913,complete,playbyplay_inferred,1611661319,Las Vegas Aces
Shot Chart Detail,1021800055,348,201477,Tamera Young,1611661313,New York Liberty,3,3,24,Missed Shot,Layup Shot,2PT Field Goal,Restricted Area,Center(C),Less Than 8 ft.,1,-13,14,1,0,20180613,NYL,LVA,2018,1021800055348,15960,validated,,0,matched,playbyplayv2,1611661319,202250|204296|204327|204329|1628915,complete,playbyplay_inferred,201477|203402|204324|1628263|1628913,complete,playbyplay_inferred,1611661319,Las Vegas Aces
Shot Chart Detail,1021800055,356,201477,Tamera Young,1611661313,New York Liberty,3,2,50,Missed Shot,Jump Shot,2PT Field Goal,In The Paint (Non-RA),Center(C),8-16 ft.,14,39,135,1,0,20180613,NYL,LVA,2018,1021800055356,16300,validated,,0,matched,playbyplayv2,1611661319,202250|204296|204327|204329|1628915,complete,playbyplay_inferred,201477|203402|204324|1628263|1628913,complete,playbyplay_inferred,1611661319,Las Vegas Aces
Shot Chart Detail,1021800055,358,201477,Tamera Young,1611661313,New York Liberty,3,2,48,Missed Shot,Layup Shot,2PT Field Goal,Restricted Area,Center(C),Less Than 8 ft.,1,-8,14,1,0,20180613,NYL,LVA,2018,1021800055358,16320,validated,,0,matched,playbyplayv2,1611661319,202250|204296|204327|204329|1628915,complete,playbyplay_inferred,201477|203402|204324|1628263|1628913,complete,playbyplay_inferred,1611661319,Las Vegas Aces
Shot Chart Detail,1021800055,369,204324,Dearica Hamby,1611661313,New York Liberty,3,2,5,Made Shot,Pullup Jump shot,2PT Field Goal,Mid-Range,Center(C),16-24 ft.,18,-1,185,1,1,20180613,NYL,LVA,2018,1021800055369,16750,validated,1628913,1,matched,playbyplayv2,1611661319,202250|204296|204327|204329|1628915,complete,playbyplay_inferred,201477|202670|204324|1628263|1628913,complete,playbyplay_inferred,1611661319,Las Vegas Aces
Shot Chart Detail,1021800055,378,1628263,Lindsay Allen,1611661313,New York Liberty,3,1,35,Made Shot,Layup Shot,2PT Field Goal,Restricted Area,Center(C),Less Than 8 ft.,2,24,12,1,1,20180613,NYL,LVA,2018,1021800055378,17050,validated,,0,matched,playbyplayv2,1611661319,202250|203411|203829|204296|204329,complete,playbyplay_inferred,201477|202670|204324|1628263|1628913,complete,playbyplay_inferred,1611661319,Las Vegas Aces
Shot Chart Detail,1021800055,383,202670,Carolyn Swords,1611661313,New York Liberty,3,0,56,Missed Shot,Driving Hook Shot,2PT Field Goal,Restricted Area,Center(C),Less Than 8 ft.,2,21,13,1,0,20180613,NYL,LVA,2018,1021800055383,17440,validated,,0,matched,playbyplayv2,1611661319,202250|203411|203829|204296|204329,complete,playbyplay_inferred,201477|202670|204324|1628263|1628913,complete,playbyplay_inferred,1611661319,Las Vegas Aces
Shot Chart Detail,1021800055,390,201477,Tamera Young,1611661313,New York Liberty,3,0,24,Missed Shot,Jump Shot,2PT Field Goal,Mid-Range,Right Side Center(RC),16-24 ft.,17,132,119,1,0,20180613,NYL,LVA,2018,1021800055390,17760,validated,,0,matched,playbyplayv2,1611661319,202250|203411|203829|204296|204329,complete,playbyplay_inferred,201477|202670|204324|1628263|1628913,complete,playbyplay_inferred,1611661319,Las Vegas Aces
Shot Chart Detail,1021800055,415,204324,Dearica Hamby,1611661313,New York Liberty,4,9,43,Made Shot,Driving Layup Shot,2PT Field Goal,Restricted Area,Center(C),Less Than 8 ft.,1,8,11,1,1,20180613,NYL,LVA,2018,1021800055415,18170,validated,,0,matched,playbyplayv2,1611661319,201889|203411|203829|204296|204320,complete,playbyplay_inferred,203825|204324|1628263|1628913|1628932,complete,playbyplay_inferred,1611661319,Las Vegas Aces
Shot Chart Detail,1021800055,426,203825,Kayla McBride,1611661313,New York Liberty,4,8,32,Made Shot,Jump Shot,2PT Field Goal,Mid-Range,Left Side Center(LC),16-24 ft.,19,-74,185,1,1,20180613,NYL,LVA,2018,1021800055426,18880,validated,1628932,1,matched,playbyplayv2,1611661319,201913|203411|203829|204296|204320,complete,playbyplay_inferred,203825|204324|1628263|1628913|1628932,complete,playbyplay_inferred,1611661319,Las Vegas Aces
Shot Chart Detail,1021800055,438,204324,Dearica Hamby,1611661313,New York Liberty,4,7,46,Missed Shot,Jump Shot,3PT Field Goal,Above the Break 3,Center(C),24+ ft.,23,67,228,1,0,20180613,NYL,LVA,2018,1021800055438,19340,validated,,0,matched,playbyplayv2,1611661319,201913|201919|202250|203829|204296,complete,playbyplay_inferred,203825|204324|1628263|1628913|1628932,complete,playbyplay_inferred,1611661319,Las Vegas Aces
Shot Chart Detail,1021800055,444,203825,Kayla McBride,1611661313,New York Liberty,4,7,39,Missed Shot,Jump Shot,2PT Field Goal,Mid-Range,Right Side Center(RC),16-24 ft.,20,141,151,1,0,20180613,NYL,LVA,2018,1021800055444,19410,validated,,0,matched,playbyplayv2,1611661319,201913|201919|202250|202259|203829,complete,playbyplay_inferred,203825|204324|1628263|1628913|1628932,complete,playbyplay_inferred,1611661319,Las Vegas Aces
Shot Chart Detail,1021800055,448,203825,Kayla McBride,1611661313,New York Liberty,4,7,7,Made Shot,Driving Floating Jump Shot,2PT Field Goal,In The Paint (Non-RA),Center(C),8-16 ft.,15,-67,138,1,1,20180613,NYL,LVA,2018,1021800055448,19730,validated,1628263,1,matched,playbyplayv2,1611661319,201913|201919|202250|202259|203829,complete,playbyplay_inferred,203825|204324|1628263|1628913|1628932,complete,playbyplay_inferred,1611661319,Las Vegas Aces
Shot Chart Detail,1021800055,452,204324,Dearica Hamby,1611661313,New York Liberty,4,6,30,Made Shot,Cutting Layup Shot,2PT Field Goal,Restricted Area,Center(C),Less Than 8 ft.,1,13,8,1,1,20180613,NYL,LVA,2018,1021800055452,20100,validated,203825,1,matched,playbyplayv2,1611661319,201913|201919|202250|202259|203829,complete,playbyplay_inferred,203825|204324|1628263|1628913|1628932,complete,playbyplay_inferred,1611661319,Las Vegas Aces
Shot Chart Detail,1021800055,478,203825,Kayla McBride,1611661313,New York Liberty,4,5,9,Made Shot,Layup Shot,2PT Field Goal,Restricted Area,Center(C),Less Than 8 ft.,2,19,8,1,1,20180613,NYL,LVA,2018,1021800055478,20910,validated,204324,1,matched,playbyplayv2,1611661319,201913|202250|202259|203829|1628915,complete,playbyplay_inferred,203825|204324|1628263|1628913|1628932,complete,playbyplay_inferred,1611661319,Las Vegas Aces
Shot Chart Detail,1021800055,484,203825,Kayla McBride,1611661313,New York Liberty,4,4,7,Made Shot,Jump Shot,2PT Field Goal,Mid-Range,Left Side Center(LC),16-24 ft.,20,-154,137,1,1,20180613,NYL,LVA,2018,1021800055484,21530,validated,204324,1,matched,playbyplayv2,1611661319,201913|202250|202259|203829|1628915,complete,playbyplay_inferred,203825|204324|1628263|1628913|1628932,complete,playbyplay_inferred,1611661319,Las Vegas Aces
Shot Chart Detail,1021800055,490,203825,Kayla McBride,1611661313,New York Liberty,4,3,36,Missed Shot,Jump Shot,2PT Field Goal,In The Paint (Non-RA),Center(C),8-16 ft.,13,11,136,1,0,20180613,NYL,LVA,2018,1021800055490,21840,validated,,0,matched,playbyplayv2,1611661319,201913|202250|203411|203829|1628915,complete,playbyplay_inferred,203825|204324|1628263|1628913|1628932,complete,playbyplay_inferred,1611661319,Las Vegas Aces
Shot Chart Detail,1021800055,514,204324,Dearica Hamby,1611661313,New York Liberty,4,2,57,Made Shot,Step Back Jump shot,3PT Field Goal,Above the Break 3,Center(C),16-24 ft.,23,-39,234,1,1,20180613,NYL,LVA,2018,1021800055514,22230,validated,1628263,1,matched,playbyplayv2,1611661319,201913|203411|204320|204327|1628915,complete,playbyplay_inferred,203402|203825|204324|1628263|1628913,complete,playbyplay_inferred,1611661319,Las Vegas Aces
Shot Chart Detail,1021800055,540,202670,Carolyn Swords,1611661313,New York Liberty,4,1,14,Missed Shot,Jump Shot,2PT Field Goal,Mid-Range,Right Side Center(RC),16-24 ft.,17,126,126,1,0,20180613,NYL,LVA,2018,1021800055540,23260,validated,,0,matched,playbyplayv2,1611661319,201913|204296|204320|204327|1628915,complete,playbyplay_inferred,201530|202670|203402|1628263|1628276,complete,playbyplay_inferred,1611661319,Las Vegas Aces
Shot Chart Detail,1021800055,549,1628276,Kelsey Plum,1611661313,New York Liberty,4,0,41,Missed Shot,Jump Shot,2PT Field Goal,Mid-Range,Center(C),16-24 ft.,16,-19,159,1,0,20180613,NYL,LVA,2018,1021800055549,23590,validated,,0,matched,playbyplayv2,1611661319,201913|204296|204320|204327|1628915,complete,playbyplay_inferred,201530|202670|203402|1628263|1628276,complete,playbyplay_inferred,1611661319,Las Vegas Aces
Shot Chart Detail,1021800055,559,1628276,Kelsey Plum,1611661313,New York Liberty,4,0,17,Missed Shot,Jump Shot,3PT Field Goal,Above the Break 3,Left Side Center(LC),24+ ft.,25,-179,188,1,0,20180613,NYL,LVA,2018,1021800055559,23830,validated,,0,matched,playbyplayv2,1611661319,201913|204296|204320|204327|1628915,complete,playbyplay_inferred,201530|202670|203402|1628263|1628276,complete,playbyplay_inferred,1611661319,Las Vegas Aces
Shot Chart Detail,1021800061,9,202632,Maya Moore,1611661313,New York Liberty,1,9,29,Made Shot,Running Layup Shot,2PT Field Goal,In The Paint (Non-RA),Center(C),Less Than 8 ft.,7,76,20,1,1,20180616,MIN,NYL,2018,10218000619,310,validated,,0,matched,playbyplayv2,1611661324,201889|201913|201919|202250|203829,complete,playbyplay_inferred,100915|100944|101030|201480|202632,complete,playbyplay_inferred,1611661324,Minnesota Lynx
Shot Chart Detail,1021800061,12,100915,Lindsay Whalen,1611661313,New York Liberty,1,8,52,Made Shot,Jump Bank Shot,2PT Field Goal,In The Paint (Non-RA),Center(C),Less Than 8 ft.,5,4,52,1,1,20180616,MIN,NYL,2018,102180006112,680,validated,,0,matched,playbyplayv2,1611661324,201889|201913|201919|202250|203829,complete,playbyplay_inferred,100915|100944|101030|201480|202632,complete,playbyplay_inferred,1611661324,Minnesota Lynx
Shot Chart Detail,1021800061,14,201480,Sylvia Fowles,1611661313,New York Liberty,1,8,17,Made Shot,Turnaround Jump Shot,2PT Field Goal,Mid-Range,Left Side(L),8-16 ft.,9,-94,-6,1,1,20180616,MIN,NYL,2018,102180006114,1030,validated,202632,1,matched,playbyplayv2,1611661324,201889|201913|201919|202250|203829,complete,playbyplay_inferred,100915|100944|101030|201480|202632,complete,playbyplay_inferred,1611661324,Minnesota Lynx
Shot Chart Detail,1021800061,18,100915,Lindsay Whalen,1611661313,New York Liberty,1,7,52,Missed Shot,Pullup Jump shot,2PT Field Goal,Mid-Range,Right Side Center(RC),16-24 ft.,16,74,145,1,0,20180616,MIN,NYL,2018,102180006118,1280,validated,,0,matched,playbyplayv2,1611661324,201889|201913|201919|202250|203829,complete,playbyplay_inferred,100915|100944|101030|201480|202632,complete,playbyplay_inferred,1611661324,Minnesota Lynx
Shot Chart Detail,1021800061,23,100944,Rebekkah Brunson,1611661313,New York Liberty,1,7,14,Missed Shot,Jump Shot,2PT Field Goal,Mid-Range,Right Side Center(RC),16-24 ft.,20,63,193,1,0,20180616,MIN,NYL,2018,102180006123,1660,validated,,0,matched,playbyplayv2,1611661324,201889|201913|201919|202250|203829,complete,playbyplay_inferred,100915|100944|101030|201480|202632,complete,playbyplay_inferred,1611661324,Minnesota Lynx
Shot Chart Detail,1021800061,27,101030,Tanisha Wright,1611661313,New York Liberty,1,6,39,Made Shot,Driving Layup Shot,2PT Field Goal,Restricted Area,Center(C),Less Than 8 ft.,2,-2,20,1,1,20180616,MIN,NYL,2018,102180006127,2010,validated,100915,1,matched,playbyplayv2,1611661324,201889|201913|201919|202250|203829,complete,playbyplay_inferred,100915|100944|101030|201480|202632,complete,playbyplay_inferred,1611661324,Minnesota Lynx
Shot Chart Detail,1021800061,31,201480,Sylvia Fowles,1611661313,New York Liberty,1,6,9,Made Shot,Driving Reverse Layup Shot,2PT Field Goal,Restricted Area,Center(C),Less Than 8 ft.,2,-25,4,1,1,20180616,MIN,NYL,2018,102180006131,2310,validated,100915,1,matched,playbyplayv2,1611661324,201889|201913|201919|202250|203829,complete,playbyplay_inferred,100915|100944|101030|201480|202632,complete,playbyplay_inferred,1611661324,Minnesota Lynx
Shot Chart Detail,1021800061,38,101030,Tanisha Wright,1611661313,New York Liberty,1,5,16,Missed Shot,Jump Shot,2PT Field Goal,In The Paint (Non-RA),Center(C),Less Than 8 ft.,7,7,77,1,0,20180616,MIN,NYL,2018,102180006138,2840,validated,,0,matched,playbyplayv2,1611661324,201889|201913|201919|202250|203829,complete,playbyplay_inferred,100944|101030|201480|202632|202658,complete,playbyplay_inferred,1611661324,Minnesota Lynx
Shot Chart Detail,1021800061,40,101030,Tanisha Wright,1611661313,New York Liberty,1,5,10,Missed Shot,Jump Shot,2PT Field Goal,Mid-Range,Center(C),8-16 ft.,15,9,150,1,0,20180616,MIN,NYL,2018,102180006140,2900,validated,,0,matched,playbyplayv2,1611661324,201889|201913|201919|202250|203829,complete,playbyplay_inferred,100944|101030|201480|202632|202658,complete,playbyplay_inferred,1611661324,Minnesota Lynx
Shot Chart Detail,1021800061,42,201480,Sylvia Fowles,1611661313,New York Liberty,1,5,6,Made Shot,Putback Layup Shot,2PT Field Goal,Restricted Area,Center(C),Less Than 8 ft.,2,-2,29,1,1,20180616,MIN,NYL,2018,102180006142,2940,validated,,0,matched,playbyplayv2,1611661324,201889|201913|201919|202250|203829,complete,playbyplay_inferred,100944|101030|201480|202632|202658,complete,playbyplay_inferred,1611661324,Minnesota Lynx
Shot Chart Detail,1021800061,55,100944,Rebekkah Brunson,1611661313,New York Liberty,1,4,30,Missed Shot,Jump Shot,3PT Field Goal,Above the Break 3,Center(C),24+ ft.,24,71,230,1,0,20180616,MIN,NYL,2018,102180006155,3300,validated,,0,matched,playbyplayv2,1611661324,201913|201919|202250|204327|1628915,complete,playbyplay_inferred,100944|201480|202632|202658|1628283,complete,playbyplay_inferred,1611661324,Minnesota Lynx
Shot Chart Detail,1021800061,59,100944,Rebekkah Brunson,1611661313,New York Liberty,1,4,10,Made Shot,Finger Roll Layup Shot,2PT Field Goal,In The Paint (Non-RA),Center(C),Less Than 8 ft.,5,0,58,1,1,20180616,MIN,NYL,2018,102180006159,3500,validated,202658,1,matched,playbyplayv2,1611661324,201913|201919|202250|204327|1628915,complete,playbyplay_inferred,100944|201480|202632|202658|1628283,complete,playbyplay_inferred,1611661324,Minnesota Lynx
Shot Chart Detail,1021800061,63,1628283,Alexis Jones,1611661313,New York Liberty,1,3,39,Missed Shot,Driving Layup Shot,2PT Field Goal,Restricted Area,Center(C),Less Than 8 ft.,2,-27,12,1,0,20180616,MIN,NYL,2018,102180006163,3810,validated,,0,matched,playbyplayv2,1611661324,201913|201919|202250|204327|1628915,complete,playbyplay_inferred,100944|201480|202632|202658|1628283,complete,playbyplay_inferred,1611661324,Minnesota Lynx
Shot Chart Detail,1021800061,73,202632,Maya Moore,1611661313,New York Liberty,1,3,11,Made Shot,Driving Floating Bank Jump Shot,2PT Field Goal,In The Paint (Non-RA),Center(C),Less Than 8 ft.,5,-48,29,1,1,20180616,MIN,NYL,2018,102180006173,4090,validated,,0,matched,playbyplayv2,1611661324,202250|202259|204327|204329|1628915,complete,playbyplay_inferred,100944|201480|202632|202658|1628283,complete,playbyplay_inferred,1611661324,Minnesota Lynx
Shot Chart Detail,1021800061,76,201480,Sylvia Fowles,1611661313,New York Liberty,1,2,44,Made Shot,Layup Shot,2PT Field Goal,Restricted Area,Center(C),Less Than 8 ft.,1,-8,15,1,1,20180616,MIN,NYL,2018,102180006176,4360,validated,202658,1,matched,playbyplayv2,1611661324,202250|202259|204327|204329|1628915,complete,playbyplay_inferred,100944|201480|202632|202658|1628283,complete,playbyplay_inferred,1611661324,Minnesota Lynx
Shot Chart Detail,1021800061,92,203041,Lynetta Kizer,1611661313,New York Liberty,1,1,58,Missed Shot,Jump Shot,2PT Field Goal,Mid-Range,Left Side Center(LC),16-24 ft.,16,-119,118,1,0,20180616,MIN,NYL,2018,102180006192,4820,validated,,0,matched,playbyplayv2,1611661324,202250|202259|204327|204329|1628915,complete,playbyplay_inferred,201480|202658|203041|1628283|1628508,complete,playbyplay_inferred,1611661324,Minnesota Lynx
Shot Chart Detail,1021800061,99,203041,Lynetta Kizer,1611661313,New York Liberty,1,1,43,Missed Shot,Jump Shot,2PT Field Goal,Mid-Range,Left Side Center(LC),16-24 ft.,16,-70,154,1,0,20180616,MIN,NYL,2018,102180006199,4970,validated,,0,matched,playbyplayv2,1611661324,202259|204320|204327|204329|1628915,complete,playbyplay_inferred,201480|202658|203041|1628283|1628508,complete,playbyplay_inferred,1611661324,Minnesota Lynx
Shot Chart Detail,1021800061,101,201480,Sylvia Fowles,1611661313,New York Liberty,1,1,40,Made Shot,Layup Shot,2PT Field Goal,Restricted Area,Center(C),Less Than 8 ft.,1,1,17,1,1,20180616,MIN,NYL,2018,1021800061101,5000,validated,,0,matched,playbyplayv2,1611661324,202259|204320|204327|204329|1628915,complete,playbyplay_inferred,201480|202658|203041|1628283|1628508,complete,playbyplay_inferred,1611661324,Minnesota Lynx
Shot Chart Detail,1021800061,106,1628508,Cecilia Zandalasini,1611661313,New York Liberty,1,0,58,Missed Shot,Jump Shot,3PT Field Goal,Right Corner 3,Right Side(R),24+ ft.,23,230,23,1,0,20180616,MIN,NYL,2018,1021800061106,5420,validated,,0,matched,playbyplayv2,1611661324,202259|204320|204327|204329|1628915,complete,playbyplay_inferred,201480|202658|203041|1628283|1628508,complete,playbyplay_inferred,1611661324,Minnesota Lynx
Shot Chart Detail,1021800061,110,1628508,Cecilia Zandalasini,1611661313,New York Liberty,1,0,41,Made Shot,Jump Shot,2PT Field Goal,Mid-Range,Left Side(L),8-16 ft.,14,-147,7,1,1,20180616,MIN,NYL,2018,1021800061110,5590,validated,202658,1,matched,playbyplayv2,1611661324,202259|204320|204327|204329|1628915,complete,playbyplay_inferred,202658|203041|1627701|1628283|1628508,complete,playbyplay_inferred,1611661324,Minnesota Lynx
Shot Chart Detail,1021800061,114,1628283,Alexis Jones,1611661313,New York Liberty,1,0,2,Made Shot,Driving Layup Shot,2PT Field Goal,Restricted Area,Center(C),Less Than 8 ft.,2,-3,22,1,1,20180616,MIN,NYL,2018,1021800061114,5980,validated,,0,matched,playbyplayv2,1611661324,202259|204320|204327|204329|1628915,complete,playbyplay_inferred,202658|203041|1627701|1628283|1628508,complete,playbyplay_inferred,1611661324,Minnesota Lynx
Shot Chart Detail,1021800061,118,1628508,Cecilia Zandalasini,1611661313,New York Liberty,1,0,0,Made Shot,Jump Shot,2PT Field Goal,Mid-Range,Left Side(L),8-16 ft.,14,-125,66,1,1,20180616,MIN,NYL,2018,1021800061118,6000,validated,,0,matched,playbyplayv2,1611661324,202259|204320|204327|204329|1628915,complete,playbyplay_inferred,202658|203041|1627701|1628283|1628508,complete,playbyplay_inferred,1611661324,Minnesota Lynx
Shot Chart Detail,1021800061,131,1627701,Temi Fágbénlé,1611661313,New York Liberty,2,9,43,Made Shot,Layup Shot,2PT Field Goal,Restricted Area,Center(C),Less Than 8 ft.,2,-4,20,1,1,20180616,MIN,NYL,2018,1021800061131,6170,validated,100944,1,matched,playbyplayv2,1611661324,202250|202259|203829|204320|1628915,complete,playbyplay_inferred,100915|100944|1627701|1628283|1628508,complete,playbyplay_inferred,1611661324,Minnesota Lynx
Shot Chart Detail,1021800061,138,1627701,Temi Fágbénlé,1611661313,New York Liberty,2,9,2,Made Shot,Cutting Finger Roll Layup Shot,2PT Field Goal,Restricted Area,Center(C),Less Than 8 ft.,1,-10,15,1,1,20180616,MIN,NYL,2018,1021800061138,6580,validated,1628508,1,matched,playbyplayv2,1611661324,202250|202259|203829|204320|1628915,complete,playbyplay_inferred,100915|100944|1627701|1628283|1628508,complete,playbyplay_inferred,1611661324,Minnesota Lynx
Shot Chart Detail,1021800061,147,1627701,Temi Fágbénlé,1611661313,New York Liberty,2,8,39,Missed Shot,Jump Shot,2PT Field Goal,Mid-Range,Right Side Center(RC),16-24 ft.,16,73,152,1,0,20180616,MIN,NYL,2018,1021800061147,6810,validated,,0,matched,playbyplayv2,1611661324,202250|202259|203411|203829|204320,complete,playbyplay_inferred,100915|100944|1627701|1628283|1628508,complete,playbyplay_inferred,1611661324,Minnesota Lynx
Shot Chart Detail,1021800061,151,101030,Tanisha Wright,1611661313,New York Liberty,2,8,22,Missed Shot,Jump Shot,2PT Field Goal,Mid-Range,Left Side(L),8-16 ft.,15,-87,131,1,0,20180616,MIN,NYL,2018,1021800061151,6980,validated,,0,matched,playbyplayv2,1611661324,202250|202259|203411|203829|204320,complete,playbyplay_inferred,100915|100944|101030|1627701|1628508,complete,playbyplay_inferred,1611661324,Minnesota Lynx
Shot Chart Detail,1021800061,153,100915,Lindsay Whalen,1611661313,New York Liberty,2,8,14,Missed Shot,Driving Layup Shot,2PT Field Goal,Restricted Area,Center(C),Less Than 8 ft.,1,-3,17,1,0,20180616,MIN,NYL,2018,1021800061153,7060,validated,,0,matched,playbyplayv2,1611661324,202250|202259|203411|203829|204320,complete,playbyplay_inferred,100915|100944|101030|1627701|1628508,complete,playbyplay_inferred,1611661324,Minnesota Lynx
Shot Chart Detail,1021800061,155,100944,Rebekkah Brunson,1611661313,New York Liberty,2,8,10,Made Shot,Jump Shot,2PT Field Goal,In The Paint (Non-RA),Center(C),Less Than 8 ft.,5,3,59,1,1,20180616,MIN,NYL,2018,1021800061155,7100,validated,,0,matched,playbyplayv2,1611661324,202250|202259|203411|203829|204320,complete,playbyplay_inferred,100915|100944|101030|1627701|1628508,complete,playbyplay_inferred,1611661324,Minnesota Lynx
Shot Chart Detail,1021800061,158,1627701,Temi Fágbénlé,1611661313,New York Liberty,2,7,38,Made Shot,Layup Shot,2PT Field Goal,Restricted Area,Center(C),Less Than 8 ft.,2,7,23,1,1,20180616,MIN,NYL,2018,1021800061158,7420,validated,,0,matched,playbyplayv2,1611661324,202250|202259|203411|203829|204320,complete,playbyplay_inferred,100915|100944|101030|1627701|1628508,complete,playbyplay_inferred,1611661324,Minnesota Lynx
Shot Chart Detail,1021800061,162,100944,Rebekkah Brunson,1611661313,New York Liberty,2,7,16,Made Shot,Jump Shot,3PT Field Goal,Above the Break 3,Left Side Center(LC),24+ ft.,23,-86,222,1,1,20180616,MIN,NYL,2018,1021800061162,7640,validated,100915,1,matched,playbyplayv2,1611661324,202250|202259|203411|203829|204320,complete,playbyplay_inferred,100915|100944|101030|1627701|1628508,complete,playbyplay_inferred,1611661324,Minnesota Lynx
Shot Chart Detail,1021800061,192,202632,Maya Moore,1611661313,New York Liberty,2,5,26,Missed Shot,Jump Shot,3PT Field Goal,Above the Break 3,Right Side Center(RC),24+ ft.,24,125,206,1,0,20180616,MIN,NYL,2018,1021800061192,8740,validated,,0,matched,playbyplayv2,1611661324,201913|201919|202250|203411|203829,complete,playbyplay_inferred,100944|101030|201480|202632|202658,complete,playbyplay_inferred,1611661324,Minnesota Lynx
Shot Chart Detail,1021800061,204,201480,Sylvia Fowles,1611661313,New York Liberty,2,4,49,Made Shot,Layup Shot,2PT Field Goal,Restricted Area,Center(C),Less Than 8 ft.,2,0,23,1,1,20180616,MIN,NYL,2018,1021800061204,9110,validated,202632,1,matched,playbyplayv2,1611661324,201919|202250|203411|203829|204329,complete,playbyplay_inferred,100944|101030|201480|202632|202658,complete,playbyplay_inferred,1611661324,Minnesota Lynx
Shot Chart Detail,1021800061,212,100944,Rebekkah Brunson,1611661313,New York Liberty,2,3,57,Missed Shot,Jump Shot,3PT Field Goal,Above the Break 3,Center(C),16-24 ft.,23,-42,232,1,0,20180616,MIN,NYL,2018,1021800061212,9630,validated,,0,matched,playbyplayv2,1611661324,201919|202250|203411|203829|204329,complete,playbyplay_inferred,100944|101030|201480|202632|202658,complete,playbyplay_inferred,1611661324,Minnesota Lynx
Shot Chart Detail,1021800061,218,202632,Maya Moore,1611661313,New York Liberty,2,3,22,Made Shot,Step Back Jump shot,2PT Field Goal,Mid-Range,Right Side Center(RC),16-24 ft.,19,73,182,1,1,20180616,MIN,NYL,2018,1021800061218,9980,validated,,0,matched,playbyplayv2,1611661324,201919|202250|203411|203829|204329,complete,playbyplay_inferred,101030|201480|202632|202658|1628508,complete,playbyplay_inferred,1611661324,Minnesota Lynx
Shot Chart Detail,1021800061,225,202658,Danielle Robinson,1611661313,New York Liberty,2,2,34,Made Shot,Driving Layup Shot,2PT Field Goal,Restricted Area,Center(C),Less Than 8 ft.,1,8,10,1,1,20180616,MIN,NYL,2018,1021800061225,10460,validated,,0,matched,playbyplayv2,1611661324,201919|202250|203411|203829|204329,complete,playbyplay_inferred,101030|201480|202632|202658|1628508,complete,playbyplay_inferred,1611661324,Minnesota Lynx
Shot Chart Detail,1021800061,228,201480,Sylvia Fowles,1611661313,New York Liberty,2,2,4,Missed Shot,Layup Shot,2PT Field Goal,Restricted Area,Center(C),Less Than 8 ft.,1,0,13,1,0,20180616,MIN,NYL,2018,1021800061228,10760,validated,,0,matched,playbyplayv2,1611661324,201919|202250|203411|203829|204329,complete,playbyplay_inferred,101030|201480|202632|202658|1628508,complete,playbyplay_inferred,1611661324,Minnesota Lynx
Shot Chart Detail,1021800061,244,202632,Maya Moore,1611661313,New York Liberty,2,1,36,Missed Shot,Jump Shot,3PT Field Goal,Right Corner 3,Right Side(R),24+ ft.,23,230,10,1,0,20180616,MIN,NYL,2018,1021800061244,11040,validated,,0,matched,playbyplayv2,1611661324,201889|203411|203829|204320|204329,complete,playbyplay_inferred,101030|201480|202632|1628283|1628508,complete,playbyplay_inferred,1611661324,Minnesota Lynx
Shot Chart Detail,1021800061,251,202632,Maya Moore,1611661313,New York Liberty,2,0,46,Made Shot,Driving Layup Shot,2PT Field Goal,Restricted Area,Center(C),Less Than 8 ft.,1,0,10,1,1,20180616,MIN,NYL,2018,1021800061251,11540,validated,1628283,1,matched,playbyplayv2,1611661324,201889|203829|204320|204329|1628915,complete,playbyplay_inferred,101030|201480|202632|1628283|1628508,complete,playbyplay_inferred,1611661324,Minnesota Lynx
Shot Chart Detail,1021800061,259,1628283,Alexis Jones,1611661313,New York Liberty,2,0,29,Missed Shot,Step Back Jump shot,2PT Field Goal,Mid-Range,Center(C),8-16 ft.,15,-48,145,1,0,20180616,MIN,NYL,2018,1021800061259,11710,validated,,0,matched,playbyplayv2,1611661324,201889|203829|204320|204329|1628915,complete,playbyplay_inferred,101030|201480|202632|1628283|1628508,complete,playbyplay_inferred,1611661324,Minnesota Lynx
Shot Chart Detail,1021800061,269,1628508,Cecilia Zandalasini,1611661313,New York Liberty,2,0,1,Made Shot,Jump Shot,2PT Field Goal,Mid-Range,Left Side(L),16-24 ft.,19,-197,7,1,1,20180616,MIN,NYL,2018,1021800061269,11990,validated,202658,1,matched,playbyplayv2,1611661324,201889|203829|204320|204329|1628915,complete,playbyplay_inferred,101030|201480|202632|202658|1628508,complete,playbyplay_inferred,1611661324,Minnesota Lynx
Shot Chart Detail,1021800061,284,100915,Lindsay Whalen,1611661313,New York Liberty,3,9,45,Made Shot,Jump Shot,2PT Field Goal,Mid-Range,Left Side(L),16-24 ft.,17,-169,23,1,1,20180616,MIN,NYL,2018,1021800061284,12150,validated,202632,1,matched,playbyplayv2,1611661324,201889|201913|201919|202250|203829,complete,playbyplay_inferred,100915|100944|101030|201480|202632,complete,playbyplay_inferred,1611661324,Minnesota Lynx
Shot Chart Detail,1021800061,303,201480,Sylvia Fowles,1611661313,New York Liberty,3,7,58,Made Shot,Reverse Layup Shot,2PT Field Goal,Restricted Area,Center(C),Less Than 8 ft.,1,5,9,1,1,20180616,MIN,NYL,2018,1021800061303,13220,validated,101030,1,matched,playbyplayv2,1611661324,201889|201913|201919|202250|203829,complete,playbyplay_inferred,100915|100944|101030|201480|202632,complete,playbyplay_inferred,1611661324,Minnesota Lynx
Shot Chart Detail,1021800061,307,202632,Maya Moore,1611661313,New York Liberty,3,7,17,Missed Shot,Pullup Jump shot,2PT Field Goal,Mid-Range,Left Side Center(LC),16-24 ft.,21,-95,188,1,0,20180616,MIN,NYL,2018,1021800061307,13630,validated,,0,matched,playbyplayv2,1611661324,201889|201913|201919|202250|203829,complete,playbyplay_inferred,100915|100944|101030|201480|202632,complete,playbyplay_inferred,1611661324,Minnesota Lynx
Shot Chart Detail,1021800061,315,201480,Sylvia Fowles,1611661313,New York Liberty,3,6,27,Missed Shot,Layup Shot,2PT Field Goal,Restricted Area,Center(C),Less Than 8 ft.,1,7,14,1,0,20180616,MIN,NYL,2018,1021800061315,14130,validated,,0,matched,playbyplayv2,1611661324,201889|201913|201919|202250|203829,complete,playbyplay_inferred,100915|100944|101030|201480|202632,complete,playbyplay_inferred,1611661324,Minnesota Lynx
Shot Chart Detail,1021800061,319,100915,Lindsay Whalen,1611661313,New York Liberty,3,6,4,Missed Shot,Driving Layup Shot,2PT Field Goal,Restricted Area,Center(C),Less Than 8 ft.,2,-16,13,1,0,20180616,MIN,NYL,2018,1021800061319,14360,validated,,0,matched,playbyplayv2,1611661324,201889|201913|201919|202250|203829,complete,playbyplay_inferred,100915|100944|101030|201480|202632,complete,playbyplay_inferred,1611661324,Minnesota Lynx
Shot Chart Detail,1021800061,348,202632,Maya Moore,1611661313,New York Liberty,3,4,59,Made Shot,Jump Shot,3PT Field Goal,Above the Break 3,Center(C),24+ ft.,24,-68,235,1,1,20180616,MIN,NYL,2018,1021800061348,15010,validated,202658,1,matched,playbyplayv2,1611661324,201889|202259|204320|204327|204329,complete,playbyplay_inferred,100944|201480|202632|202658|1628508,complete,playbyplay_inferred,1611661324,Minnesota Lynx
Shot Chart Detail,1021800061,352,201480,Sylvia Fowles,1611661313,New York Liberty,3,4,32,Made Shot,Cutting Layup Shot,2PT Field Goal,Restricted Area,Center(C),Less Than 8 ft.,3,11,30,1,1,20180616,MIN,NYL,2018,1021800061352,15280,validated,202658,1,matched,playbyplayv2,1611661324,201889|202259|204320|204327|204329,complete,playbyplay_inferred,100944|201480|202632|202658|1628508,complete,playbyplay_inferred,1611661324,Minnesota Lynx
Shot Chart Detail,1021800061,380,202632,Maya Moore,1611661313,New York Liberty,3,3,17,Missed Shot,Jump Shot,3PT Field Goal,Above the Break 3,Left Side Center(LC),16-24 ft.,23,-109,211,1,0,20180616,MIN,NYL,2018,1021800061380,16030,validated,,0,matched,playbyplayv2,1611661324,202250|202259|204320|204327|1628915,complete,playbyplay_inferred,201480|202632|202658|1627701|1628508,complete,playbyplay_inferred,1611661324,Minnesota Lynx
Shot Chart Detail,1021800061,386,202632,Maya Moore,1611661313,New York Liberty,3,3,11,Made Shot,Jump Shot,2PT Field Goal,Mid-Range,Right Side Center(RC),16-24 ft.,17,124,122,1,1,20180616,MIN,NYL,2018,1021800061386,16090,validated,202658,1,matched,playbyplayv2,1611661324,202250|202259|204320|204327|1628915,complete,playbyplay_inferred,201480|202632|202658|1627701|1628508,complete,playbyplay_inferred,1611661324,Minnesota Lynx
Shot Chart Detail,1021800061,392,202632,Maya Moore,1611661313,New York Liberty,3,2,33,Missed Shot,Turnaround Jump Shot,2PT Field Goal,Mid-Range,Right Side(R),8-16 ft.,10,108,1,1,0,20180616,MIN,NYL,2018,1021800061392,16470,validated,,0,matched,playbyplayv2,1611661324,202250|202259|204320|204327|1628915,complete,playbyplay_inferred,201480|202632|202658|1627701|1628508,complete,playbyplay_inferred,1611661324,Minnesota Lynx
Shot Chart Detail,1021800061,396,202632,Maya Moore,1611661313,New York Liberty,3,1,58,Missed Shot,Jump Shot,3PT Field Goal,Above the Break 3,Right Side(R),16-24 ft.,23,219,79,1,0,20180616,MIN,NYL,2018,1021800061396,16820,validated,,0,matched,playbyplayv2,1611661324,202250|202259|204320|204327|1628915,complete,playbyplay_inferred,201480|202632|202658|1627701|1628508,complete,playbyplay_inferred,1611661324,Minnesota Lynx
Shot Chart Detail,1021800061,408,201480,Sylvia Fowles,1611661313,New York Liberty,3,1,37,Made Shot,Layup Shot,2PT Field Goal,Restricted Area,Center(C),Less Than 8 ft.,1,-11,13,1,1,20180616,MIN,NYL,2018,1021800061408,17030,validated,1627701,1,matched,playbyplayv2,1611661324,202250|203411|204296|204327|1628915,complete,playbyplay_inferred,201480|202658|1627701|1628283|1628508,complete,playbyplay_inferred,1611661324,Minnesota Lynx
Shot Chart Detail,1021800061,412,202658,Danielle Robinson,1611661313,New York Liberty,3,1,10,Missed Shot,Driving Layup Shot,2PT Field Goal,Restricted Area,Center(C),Less Than 8 ft.,1,10,7,1,0,20180616,MIN,NYL,2018,1021800061412,17300,validated,,0,matched,playbyplayv2,1611661324,202250|203411|204296|204327|1628915,complete,playbyplay_inferred,201480|202658|1627701|1628283|1628508,complete,playbyplay_inferred,1611661324,Minnesota Lynx
Shot Chart Detail,1021800061,419,1628508,Cecilia Zandalasini,1611661313,New York Liberty,3,0,42,Made Shot,Jump Shot,3PT Field Goal,Above the Break 3,Right Side Center(RC),24+ ft.,24,149,189,1,1,20180616,MIN,NYL,2018,1021800061419,17580,validated,202658,1,matched,playbyplayv2,1611661324,202250|203411|204296|204327|1628915,complete,playbyplay_inferred,202658|1627701|1628283|1628508|1628866,complete,playbyplay_inferred,1611661324,Minnesota Lynx
Shot Chart Detail,1021800061,423,1628283,Alexis Jones,1611661313,New York Liberty,3,0,15,Missed Shot,Jump Shot,2PT Field Goal,Mid-Range,Left Side Center(LC),16-24 ft.,19,-91,176,1,0,20180616,MIN,NYL,2018,1021800061423,17850,validated,,0,matched,playbyplayv2,1611661324,202250|203411|204296|204327|1628915,complete,playbyplay_inferred,202658|1627701|1628283|1628508|1628866,complete,playbyplay_inferred,1611661324,Minnesota Lynx
Shot Chart Detail,1021800061,429,202658,Danielle Robinson,1611661313,New York Liberty,3,0,0,Missed Shot,Jump Shot,3PT Field Goal,Backcourt,Back Court(BC),Back Court Shot,58,-156,568,1,0,20180616,MIN,NYL,2018,1021800061429,18000,validated,,0,matched,playbyplayv2,1611661324,202250|203411|204296|204327|1628915,complete,playbyplay_inferred,202658|1627701|1628283|1628508|1628866,complete,playbyplay_inferred,1611661324,Minnesota Lynx
Shot Chart Detail,1021800061,445,202632,Maya Moore,1611661313,New York Liberty,4,9,2,Made Shot,Jump Shot,3PT Field Goal,Above the Break 3,Center(C),16-24 ft.,23,-29,235,1,1,20180616,MIN,NYL,2018,1021800061445,18580,validated,1628283,1,matched,playbyplayv2,1611661324,202250|203411|204296|204327|1628915,complete,playbyplay_inferred,202632|202658|1627701|1628283|1628508,complete,playbyplay_inferred,1611661324,Minnesota Lynx
Shot Chart Detail,1021800061,448,202632,Maya Moore,1611661313,New York Liberty,4,8,29,Missed Shot,Jump Shot,3PT Field Goal,Above the Break 3,Center(C),16-24 ft.,23,-8,235,1,0,20180616,MIN,NYL,2018,1021800061448,18910,validated,,0,matched,playbyplayv2,1611661324,202250|203411|204296|204327|1628915,complete,playbyplay_inferred,202632|202658|1627701|1628283|1628508,complete,playbyplay_inferred,1611661324,Minnesota Lynx
Shot Chart Detail,1021800061,452,1628283,Alexis Jones,1611661313,New York Liberty,4,7,54,Missed Shot,Jump Shot,3PT Field Goal,Above the Break 3,Center(C),24+ ft.,24,-47,239,1,0,20180616,MIN,NYL,2018,1021800061452,19260,validated,,0,matched,playbyplayv2,1611661324,202250|203411|204296|204327|1628915,complete,playbyplay_inferred,202632|202658|1627701|1628283|1628508,complete,playbyplay_inferred,1611661324,Minnesota Lynx
Shot Chart Detail,1021800061,464,101030,Tanisha Wright,1611661313,New York Liberty,4,7,18,Missed Shot,Jump Shot,3PT Field Goal,Above the Break 3,Left Side Center(LC),24+ ft.,24,-76,233,1,0,20180616,MIN,NYL,2018,1021800061464,19620,validated,,0,matched,playbyplayv2,1611661324,202250|203411|204296|204327|1628915,complete,playbyplay_inferred,101030|201480|202632|1628283|1628508,complete,playbyplay_inferred,1611661324,Minnesota Lynx
Shot Chart Detail,1021800061,474,101030,Tanisha Wright,1611661313,New York Liberty,4,6,38,Missed Shot,Jump Shot,2PT Field Goal,Mid-Range,Left Side Center(LC),16-24 ft.,20,-108,170,1,0,20180616,MIN,NYL,2018,1021800061474,20020,validated,,0,matched,playbyplayv2,1611661324,202250|203411|203829|204296|1628915,complete,playbyplay_inferred,100944|101030|201480|202632|1628283,complete,playbyplay_inferred,1611661324,Minnesota Lynx
Shot Chart Detail,1021800061,480,202632,Maya Moore,1611661313,New York Liberty,4,6,24,Missed Shot,Pullup Jump shot,2PT Field Goal,Mid-Range,Left Side Center(LC),16-24 ft.,19,-67,186,1,0,20180616,MIN,NYL,2018,1021800061480,20160,validated,,0,matched,playbyplayv2,1611661324,202250|203411|203829|204296|1628915,complete,playbyplay_inferred,100944|101030|201480|202632|202658,complete,playbyplay_inferred,1611661324,Minnesota Lynx
Shot Chart Detail,1021800061,484,202632,Maya Moore,1611661313,New York Liberty,4,5,50,Missed Shot,Driving Layup Shot,2PT Field Goal,In The Paint (Non-RA),Center(C),Less Than 8 ft.,7,-6,73,1,0,20180616,MIN,NYL,2018,1021800061484,20500,validated,,0,matched,playbyplayv2,1611661324,202250|203411|203829|204296|1628915,complete,playbyplay_inferred,100944|101030|201480|202632|202658,complete,playbyplay_inferred,1611661324,Minnesota Lynx
Shot Chart Detail,1021800061,502,100944,Rebekkah Brunson,1611661313,New York Liberty,4,4,27,Missed Shot,Jump Shot,2PT Field Goal,Mid-Range,Right Side(R),8-16 ft.,12,119,20,1,0,20180616,MIN,NYL,2018,1021800061502,21330,validated,,0,matched,playbyplayv2,1611661324,202250|203411|203829|204296|1628915,complete,playbyplay_inferred,100944|201480|202632|202658|1628508,complete,playbyplay_inferred,1611661324,Minnesota Lynx
Shot Chart Detail,1021800061,530,201480,Sylvia Fowles,1611661313,New York Liberty,4,3,4,Made Shot,Layup Shot,2PT Field Goal,Restricted Area,Center(C),Less Than 8 ft.,1,3,12,1,1,20180616,MIN,NYL,2018,1021800061530,22160,validated,202632,1,matched,playbyplayv2,1611661324,202259|203411|204296|204320|204327,complete,playbyplay_inferred,100915|100944|201480|202632|1628508,complete,playbyplay_inferred,1611661324,Minnesota Lynx
Shot Chart Detail,1021800061,539,201480,Sylvia Fowles,1611661313,New York Liberty,4,2,22,Missed Shot,Turnaround Fadeaway Bank Jump Shot,2PT Field Goal,Restricted Area,Center(C),Less Than 8 ft.,3,-34,14,1,0,20180616,MIN,NYL,2018,1021800061539,22580,validated,,0,matched,playbyplayv2,1611661324,202259|203411|204296|204320|204327,complete,playbyplay_inferred,100915|100944|201480|202632|1628508,complete,playbyplay_inferred,1611661324,Minnesota Lynx
Shot Chart Detail,1021800061,544,202632,Maya Moore,1611661313,New York Liberty,4,1,56,Made Shot,Jump Shot,3PT Field Goal,Right Corner 3,Right Side(R),24+ ft.,23,232,17,1,1,20180616,MIN,NYL,2018,1021800061544,22840,validated,1628508,1,matched,playbyplayv2,1611661324,202259|203411|204296|204320|204327,complete,playbyplay_inferred,100915|100944|201480|202632|1628508,complete,playbyplay_inferred,1611661324,Minnesota Lynx
Shot Chart Detail,1021800061,547,100944,Rebekkah Brunson,1611661313,New York Liberty,4,1,27,Missed Shot,Jump Shot,3PT Field Goal,Above the Break 3,Center(C),24+ ft.,23,-22,237,1,0,20180616,MIN,NYL,2018,1021800061547,23130,validated,,0,matched,playbyplayv2,1611661324,202259|203411|204296|204320|204327,complete,playbyplay_inferred,100915|100944|201480|202632|1628508,complete,playbyplay_inferred,1611661324,Minnesota Lynx
Shot Chart Detail,1021800061,551,100944,Rebekkah Brunson,1611661313,New York Liberty,4,1,1,Missed Shot,Jump Shot,2PT Field Goal,Mid-Range,Left Side(L),16-24 ft.,21,-200,70,1,0,20180616,MIN,NYL,2018,1021800061551,23390,validated,,0,matched,playbyplayv2,1611661324,202259|203411|204296|204320|204327,complete,playbyplay_inferred,100915|100944|201480|202632|1628508,complete,playbyplay_inferred,1611661324,Minnesota Lynx
Shot Chart Detail,1021800061,553,1628508,Cecilia Zandalasini,1611661313,New York Liberty,4,0,48,Made Shot,Jump Shot,3PT Field Goal,Left Corner 3,Left Side(L),24+ ft.,22,-223,3,1,1,20180616,MIN,NYL,2018,1021800061553,23520,validated,100915,1,matched,playbyplayv2,1611661324,202259|203411|204296|204320|204327,complete,playbyplay_inferred,100915|100944|201480|202632|1628508,complete,playbyplay_inferred,1611661324,Minnesota Lynx
Shot Chart Detail,1021800065,11,201904,Renee Montgomery,1611661313,New York Liberty,1,9,9,Missed Shot,Jump Shot,3PT Field Goal,Above the Break 3,Right Side Center(RC),24+ ft.,25,113,226,1,0,20180619,NYL,ATL,2018,102180006511,510,validated,,0,matched,playbyplayv2,1611661330,201889|201913|201919|202250|203829,complete,playbyplay_inferred,201881|201904|202638|203406|204322,complete,playbyplay_inferred,1611661330,Atlanta Dream
Shot Chart Detail,1021800065,14,203406,Layshia Clarendon,1611661313,New York Liberty,1,8,47,Missed Shot,Jump Shot,2PT Field Goal,Mid-Range,Left Side Center(LC),16-24 ft.,18,-86,162,1,0,20180619,NYL,ATL,2018,102180006514,730,validated,,0,matched,playbyplayv2,1611661330,201889|201913|201919|202250|203829,complete,playbyplay_inferred,201881|201904|202638|203406|204322,complete,playbyplay_inferred,1611661330,Atlanta Dream
Shot Chart Detail,1021800065,18,201881,Angel McCoughtry,1611661313,New York Liberty,1,8,11,Missed Shot,Jump Shot,2PT Field Goal,Mid-Range,Left Side Center(LC),16-24 ft.,17,-129,124,1,0,20180619,NYL,ATL,2018,102180006518,1090,validated,,0,matched,playbyplayv2,1611661330,201889|201913|201919|202250|203829,complete,playbyplay_inferred,201881|201904|202638|203406|204322,complete,playbyplay_inferred,1611661330,Atlanta Dream
Shot Chart Detail,1021800065,23,201881,Angel McCoughtry,1611661313,New York Liberty,1,7,42,Missed Shot,Jump Shot,2PT Field Goal,Mid-Range,Right Side Center(RC),16-24 ft.,20,156,136,1,0,20180619,NYL,ATL,2018,102180006523,1380,validated,,0,matched,playbyplayv2,1611661330,201889|201913|201919|202250|203829,complete,playbyplay_inferred,201881|201904|202638|203406|204322,complete,playbyplay_inferred,1611661330,Atlanta Dream
Shot Chart Detail,1021800065,27,203406,Layshia Clarendon,1611661313,New York Liberty,1,7,25,Made Shot,Layup Shot,2PT Field Goal,Restricted Area,Center(C),Less Than 8 ft.,1,11,7,1,1,20180619,NYL,ATL,2018,102180006527,1550,validated,201881,1,matched,playbyplayv2,1611661330,201889|201913|201919|202250|203829,complete,playbyplay_inferred,201881|201904|202638|203406|204322,complete,playbyplay_inferred,1611661330,Atlanta Dream
Shot Chart Detail,1021800065,33,201881,Angel McCoughtry,1611661313,New York Liberty,1,6,35,Missed Shot,Turnaround Jump Shot,2PT Field Goal,In The Paint (Non-RA),Center(C),Less Than 8 ft.,5,49,33,1,0,20180619,NYL,ATL,2018,102180006533,2050,validated,,0,matched,playbyplayv2,1611661330,201889|201913|201919|202250|203829,complete,playbyplay_inferred,201881|201904|202638|203406|204322,complete,playbyplay_inferred,1611661330,Atlanta Dream
Shot Chart Detail,1021800065,42,201904,Renee Montgomery,1611661313,New York Liberty,1,5,37,Missed Shot,Jump Shot,3PT Field Goal,Above the Break 3,Right Side Center(RC),24+ ft.,26,94,245,1,0,20180619,NYL,ATL,2018,102180006542,2630,validated,,0,matched,playbyplayv2,1611661330,201889|201913|201919|202250|203829,complete,playbyplay_inferred,201881|201904|202638|203406|204322,complete,playbyplay_inferred,1611661330,Atlanta Dream
Shot Chart Detail,1021800065,53,201881,Angel McCoughtry,1611661313,New York Liberty,1,4,48,Missed Shot,Turnaround Fadeaway Bank Jump Shot,2PT Field Goal,Mid-Range,Left Side(L),8-16 ft.,9,-98,13,1,0,20180619,NYL,ATL,2018,102180006553,3120,validated,,0,matched,playbyplayv2,1611661330,201889|201913|201919|202250|203829,complete,playbyplay_inferred,201881|201904|202638|203406|204322,complete,playbyplay_inferred,1611661330,Atlanta Dream
Shot Chart Detail,1021800065,61,202638,Jessica Breland,1611661313,New York Liberty,1,4,25,Missed Shot,Jump Shot,2PT Field Goal,Mid-Range,Center(C),16-24 ft.,19,-6,194,1,0,20180619,NYL,ATL,2018,102180006561,3350,validated,,0,matched,playbyplayv2,1611661330,201889|201913|201919|202250|204327,complete,playbyplay_inferred,201881|201904|202638|203406|204322,complete,playbyplay_inferred,1611661330,Atlanta Dream
Shot Chart Detail,1021800065,65,201881,Angel McCoughtry,1611661313,New York Liberty,1,3,44,Missed Shot,Jump Bank Shot,2PT Field Goal,Mid-Range,Left Side Center(LC),16-24 ft.,20,-162,129,1,0,20180619,NYL,ATL,2018,102180006565,3760,validated,,0,matched,playbyplayv2,1611661330,201889|201913|201919|202250|204327,complete,playbyplay_inferred,201881|201904|202638|203406|204322,complete,playbyplay_inferred,1611661330,Atlanta Dream
Shot Chart Detail,1021800065,69,201881,Angel McCoughtry,1611661313,New York Liberty,1,3,20,Made Shot,Hook Shot,2PT Field Goal,In The Paint (Non-RA),Center(C),Less Than 8 ft.,4,25,35,1,1,20180619,NYL,ATL,2018,102180006569,4000,validated,204322,1,matched,playbyplayv2,1611661330,201889|201913|201919|202250|204327,complete,playbyplay_inferred,201881|201904|202638|203406|204322,complete,playbyplay_inferred,1611661330,Atlanta Dream
Shot Chart Detail,1021800065,73,201904,Renee Montgomery,1611661313,New York Liberty,1,2,52,Missed Shot,Jump Shot,3PT Field Goal,Above the Break 3,Right Side Center(RC),24+ ft.,24,111,222,1,0,20180619,NYL,ATL,2018,102180006573,4280,validated,,0,matched,playbyplayv2,1611661330,201889|201913|201919|202250|204327,complete,playbyplay_inferred,201881|201904|202638|203406|204322,complete,playbyplay_inferred,1611661330,Atlanta Dream
Shot Chart Detail,1021800065,78,204322,Elizabeth Williams,1611661313,New York Liberty,1,2,28,Missed Shot,Layup Shot,2PT Field Goal,Restricted Area,Center(C),Less Than 8 ft.,2,-1,20,1,0,20180619,NYL,ATL,2018,102180006578,4520,validated,,0,matched,playbyplayv2,1611661330,202250|203411|204327|204329|1628915,complete,playbyplay_inferred,201904|203024|203406|203843|204322,complete,playbyplay_inferred,1611661330,Atlanta Dream
Shot Chart Detail,1021800065,93,203024,Damiris Dantas,1611661313,New York Liberty,1,1,49,Missed Shot,Jump Shot,3PT Field Goal,Above the Break 3,Center(C),24+ ft.,24,8,249,1,0,20180619,NYL,ATL,2018,102180006593,4910,validated,,0,matched,playbyplayv2,1611661330,202250|203411|204327|204329|1628915,complete,playbyplay_inferred,201904|203024|203406|203843|204322,complete,playbyplay_inferred,1611661330,Atlanta Dream
Shot Chart Detail,1021800065,124,201904,Renee Montgomery,1611661313,New York Liberty,2,9,43,Missed Shot,Jump Shot,2PT Field Goal,Mid-Range,Center(C),16-24 ft.,18,-15,184,1,0,20180619,NYL,ATL,2018,1021800065124,6170,validated,,0,matched,playbyplayv2,1611661330,203411|203829|204320|204329|1628915,complete,playbyplay_inferred,201904|203024|203406|203843|1627677,complete,playbyplay_inferred,1611661330,Atlanta Dream
Shot Chart Detail,1021800065,140,1627677,Imani McGee-Stafford,1611661313,New York Liberty,2,8,55,Missed Shot,Jump Shot,2PT Field Goal,Mid-Range,Center(C),16-24 ft.,18,-9,185,1,0,20180619,NYL,ATL,2018,1021800065140,6650,validated,,0,matched,playbyplayv2,1611661330,202250|203411|203829|204329|1628915,complete,playbyplay_inferred,201904|203024|203406|203843|1627677,complete,playbyplay_inferred,1611661330,Atlanta Dream
Shot Chart Detail,1021800065,160,201881,Angel McCoughtry,1611661313,New York Liberty,2,7,57,Made Shot,Layup Shot,2PT Field Goal,Restricted Area,Center(C),Less Than 8 ft.,1,13,8,1,1,20180619,NYL,ATL,2018,1021800065160,7230,validated,1627677,1,matched,playbyplayv2,1611661330,202250|203411|203829|204329|1628915,complete,playbyplay_inferred,201881|201904|203024|204355|1627677,complete,playbyplay_inferred,1611661330,Atlanta Dream
Shot Chart Detail,1021800065,166,201881,Angel McCoughtry,1611661313,New York Liberty,2,7,28,Made Shot,Jump Shot,3PT Field Goal,Above the Break 3,Left Side Center(LC),24+ ft.,26,-168,199,1,1,20180619,NYL,ATL,2018,1021800065166,7520,validated,203024,1,matched,playbyplayv2,1611661330,202250|203411|203829|204329|1628915,complete,playbyplay_inferred,201881|201904|203024|204355|1627677,complete,playbyplay_inferred,1611661330,Atlanta Dream
Shot Chart Detail,1021800065,170,1627677,Imani McGee-Stafford,1611661313,New York Liberty,2,7,0,Missed Shot,Jump Shot,2PT Field Goal,Mid-Range,Right Side(R),16-24 ft.,19,195,-4,1,0,20180619,NYL,ATL,2018,1021800065170,7800,validated,,0,matched,playbyplayv2,1611661330,202250|203411|203829|204329|1628915,complete,playbyplay_inferred,201881|201904|203024|204355|1627677,complete,playbyplay_inferred,1611661330,Atlanta Dream
Shot Chart Detail,1021800065,203,204355,Blake Dietrick,1611661313,New York Liberty,2,5,8,Made Shot,Jump Shot,3PT Field Goal,Above the Break 3,Left Side Center(LC),24+ ft.,25,-202,157,1,1,20180619,NYL,ATL,2018,1021800065203,8920,validated,201881,1,matched,playbyplayv2,1611661330,201913|201919|202250|203829|1628915,complete,playbyplay_inferred,201881|201904|202638|204322|204355,complete,playbyplay_inferred,1611661330,Atlanta Dream
Shot Chart Detail,1021800065,213,204322,Elizabeth Williams,1611661313,New York Liberty,2,4,7,Missed Shot,Layup Shot,2PT Field Goal,Restricted Area,Center(C),Less Than 8 ft.,1,14,9,1,0,20180619,NYL,ATL,2018,1021800065213,9530,validated,,0,matched,playbyplayv2,1611661330,201913|201919|202250|203829|1628915,complete,playbyplay_inferred,201881|201904|202638|204322|204355,complete,playbyplay_inferred,1611661330,Atlanta Dream
Shot Chart Detail,1021800065,231,204355,Blake Dietrick,1611661313,New York Liberty,2,2,54,Missed Shot,Jump Shot,3PT Field Goal,Right Corner 3,Right Side(R),24+ ft.,22,228,6,1,0,20180619,NYL,ATL,2018,1021800065231,10260,validated,,0,matched,playbyplayv2,1611661330,201889|201913|201919|203829|1628915,complete,playbyplay_inferred,201881|202638|203406|204322|204355,complete,playbyplay_inferred,1611661330,Atlanta Dream
Shot Chart Detail,1021800065,233,201881,Angel McCoughtry,1611661313,New York Liberty,2,2,43,Missed Shot,Jump Shot,2PT Field Goal,Mid-Range,Left Side(L),16-24 ft.,19,-197,27,1,0,20180619,NYL,ATL,2018,1021800065233,10370,validated,,0,matched,playbyplayv2,1611661330,201889|201913|201919|203829|1628915,complete,playbyplay_inferred,201881|202638|203406|204322|204355,complete,playbyplay_inferred,1611661330,Atlanta Dream
Shot Chart Detail,1021800065,237,201881,Angel McCoughtry,1611661313,New York Liberty,2,2,14,Missed Shot,Jump Shot,2PT Field Goal,Mid-Range,Left Side Center(LC),16-24 ft.,20,-114,168,1,0,20180619,NYL,ATL,2018,1021800065237,10660,validated,,0,matched,playbyplayv2,1611661330,201889|201913|201919|203829|1628915,complete,playbyplay_inferred,201881|202638|203406|204322|204355,complete,playbyplay_inferred,1611661330,Atlanta Dream
Shot Chart Detail,1021800065,271,201881,Angel McCoughtry,1611661313,New York Liberty,2,0,35,Made Shot,Layup Shot,2PT Field Goal,Restricted Area,Center(C),Less Than 8 ft.,1,-2,11,1,1,20180619,NYL,ATL,2018,1021800065271,11650,validated,,0,matched,playbyplayv2,1611661330,201889|201913|201919|204327|1628915,complete,playbyplay_inferred,201881|202638|203406|204322|204355,complete,playbyplay_inferred,1611661330,Atlanta Dream
Shot Chart Detail,1021800065,277,202638,Jessica Breland,1611661313,New York Liberty,2,0,13,Made Shot,Driving Layup Shot,2PT Field Goal,Restricted Area,Center(C),Less Than 8 ft.,1,-13,9,1,1,20180619,NYL,ATL,2018,1021800065277,11870,validated,201881,1,matched,playbyplayv2,1611661330,201889|201913|201919|204327|1628915,complete,playbyplay_inferred,201881|202638|203406|204322|204355,complete,playbyplay_inferred,1611661330,Atlanta Dream
Shot Chart Detail,1021800065,289,201904,Renee Montgomery,1611661313,New York Liberty,3,9,47,Missed Shot,Jump Shot,3PT Field Goal,Above the Break 3,Right Side Center(RC),24+ ft.,25,202,156,1,0,20180619,NYL,ATL,2018,1021800065289,12130,validated,,0,matched,playbyplayv2,1611661330,201889|201913|201919|202250|203829,complete,playbyplay_inferred,201881|201904|202638|203406|204322,complete,playbyplay_inferred,1611661330,Atlanta Dream
Shot Chart Detail,1021800065,300,203406,Layshia Clarendon,1611661313,New York Liberty,3,9,11,Made Shot,Jump Shot,2PT Field Goal,Mid-Range,Center(C),8-16 ft.,15,71,140,1,1,20180619,NYL,ATL,2018,1021800065300,12490,validated,,0,matched,playbyplayv2,1611661330,201889|201913|201919|202250|203829,complete,playbyplay_inferred,201881|201904|202638|203406|204322,complete,playbyplay_inferred,1611661330,Atlanta Dream
Shot Chart Detail,1021800065,303,202638,Jessica Breland,1611661313,New York Liberty,3,8,36,Missed Shot,Jump Shot,2PT Field Goal,Mid-Range,Center(C),16-24 ft.,19,-35,189,1,0,20180619,NYL,ATL,2018,1021800065303,12840,validated,,0,matched,playbyplayv2,1611661330,201889|201913|201919|202250|203829,complete,playbyplay_inferred,201881|201904|202638|203406|204322,complete,playbyplay_inferred,1611661330,Atlanta Dream
Shot Chart Detail,1021800065,309,201904,Renee Montgomery,1611661313,New York Liberty,3,8,26,Made Shot,Jump Shot,2PT Field Goal,Mid-Range,Left Side(L),8-16 ft.,8,-86,11,1,1,20180619,NYL,ATL,2018,1021800065309,12940,validated,,0,matched,playbyplayv2,1611661330,201889|201913|201919|202250|203829,complete,playbyplay_inferred,201881|201904|202638|203406|204322,complete,playbyplay_inferred,1611661330,Atlanta Dream
Shot Chart Detail,1021800065,312,201881,Angel McCoughtry,1611661313,New York Liberty,3,7,46,Made Shot,Jump Shot,3PT Field Goal,Right Corner 3,Right Side(R),24+ ft.,23,230,6,1,1,20180619,NYL,ATL,2018,1021800065312,13340,validated,201904,1,matched,playbyplayv2,1611661330,201889|201913|201919|202250|203829,complete,playbyplay_inferred,201881|201904|202638|203406|204322,complete,playbyplay_inferred,1611661330,Atlanta Dream
Shot Chart Detail,1021800065,316,203406,Layshia Clarendon,1611661313,New York Liberty,3,7,29,Missed Shot,Layup Shot,2PT Field Goal,Restricted Area,Center(C),Less Than 8 ft.,1,-13,5,1,0,20180619,NYL,ATL,2018,1021800065316,13510,validated,,0,matched,playbyplayv2,1611661330,201889|201913|201919|202250|203829,complete,playbyplay_inferred,201881|201904|202638|203406|204322,complete,playbyplay_inferred,1611661330,Atlanta Dream
Shot Chart Detail,1021800065,320,201881,Angel McCoughtry,1611661313,New York Liberty,3,7,8,Missed Shot,Jump Shot,2PT Field Goal,Mid-Range,Left Side(L),8-16 ft.,15,-122,99,1,0,20180619,NYL,ATL,2018,1021800065320,13720,validated,,0,matched,playbyplayv2,1611661330,201889|201913|201919|202250|203829,complete,playbyplay_inferred,201881|201904|202638|203406|204322,complete,playbyplay_inferred,1611661330,Atlanta Dream
Shot Chart Detail,1021800065,330,201881,Angel McCoughtry,1611661313,New York Liberty,3,6,24,Missed Shot,Driving Layup Shot,2PT Field Goal,Restricted Area,Center(C),Less Than 8 ft.,2,-13,17,1,0,20180619,NYL,ATL,2018,1021800065330,14160,validated,,0,matched,playbyplayv2,1611661330,201889|201913|201919|202250|203829,complete,playbyplay_inferred,201881|201904|202638|203406|204322,complete,playbyplay_inferred,1611661330,Atlanta Dream
Shot Chart Detail,1021800065,333,201881,Angel McCoughtry,1611661313,New York Liberty,3,5,54,Made Shot,Layup Shot,2PT Field Goal,Restricted Area,Center(C),Less Than 8 ft.,1,-11,15,1,1,20180619,NYL,ATL,2018,1021800065333,14460,validated,,0,matched,playbyplayv2,1611661330,201889|201913|201919|202250|203829,complete,playbyplay_inferred,201881|201904|202638|203406|204322,complete,playbyplay_inferred,1611661330,Atlanta Dream
Shot Chart Detail,1021800065,351,202638,Jessica Breland,1611661313,New York Liberty,3,5,25,Missed Shot,Layup Shot,2PT Field Goal,Restricted Area,Center(C),Less Than 8 ft.,1,-14,13,1,0,20180619,NYL,ATL,2018,1021800065351,14750,validated,,0,matched,playbyplayv2,1611661330,201889|201913|202250|203829|1628915,complete,playbyplay_inferred,201881|201904|202638|204322|204355,complete,playbyplay_inferred,1611661330,Atlanta Dream
Shot Chart Detail,1021800065,357,201881,Angel McCoughtry,1611661313,New York Liberty,3,4,44,Made Shot,Jump Shot,2PT Field Goal,Mid-Range,Left Side(L),8-16 ft.,14,-133,68,1,1,20180619,NYL,ATL,2018,1021800065357,15160,validated,,0,matched,playbyplayv2,1611661330,201889|201913|202250|203829|1628915,complete,playbyplay_inferred,201881|201904|202638|204322|204355,complete,playbyplay_inferred,1611661330,Atlanta Dream
Shot Chart Detail,1021800065,372,204355,Blake Dietrick,1611661313,New York Liberty,3,3,48,Missed Shot,Jump Shot,3PT Field Goal,Right Corner 3,Right Side(R),24+ ft.,22,226,-1,1,0,20180619,NYL,ATL,2018,1021800065372,15720,validated,,0,matched,playbyplayv2,1611661330,201913|201919|202250|203829|1628915,complete,playbyplay_inferred,201881|201904|202638|204322|204355,complete,playbyplay_inferred,1611661330,Atlanta Dream
Shot Chart Detail,1021800065,381,201904,Renee Montgomery,1611661313,New York Liberty,3,3,11,Missed Shot,Jump Shot,3PT Field Goal,Above the Break 3,Right Side Center(RC),24+ ft.,24,176,172,1,0,20180619,NYL,ATL,2018,1021800065381,16090,validated,,0,matched,playbyplayv2,1611661330,201919|202250|203829|204296|1628915,complete,playbyplay_inferred,201881|201904|202638|204322|204355,complete,playbyplay_inferred,1611661330,Atlanta Dream
Shot Chart Detail,1021800065,383,204355,Blake Dietrick,1611661313,New York Liberty,3,2,51,Missed Shot,Jump Shot,2PT Field Goal,Mid-Range,Left Side(L),8-16 ft.,11,-109,16,1,0,20180619,NYL,ATL,2018,1021800065383,16290,validated,,0,matched,playbyplayv2,1611661330,201919|202250|203829|204296|1628915,complete,playbyplay_inferred,201881|201904|202638|204322|204355,complete,playbyplay_inferred,1611661330,Atlanta Dream
Shot Chart Detail,1021800065,385,201881,Angel McCoughtry,1611661313,New York Liberty,3,2,47,Missed Shot,Putback Layup Shot,2PT Field Goal,Restricted Area,Center(C),Less Than 8 ft.,2,12,16,1,0,20180619,NYL,ATL,2018,1021800065385,16330,validated,,0,matched,playbyplayv2,1611661330,201919|202250|203829|204296|1628915,complete,playbyplay_inferred,201881|201904|202638|204322|204355,complete,playbyplay_inferred,1611661330,Atlanta Dream
Shot Chart Detail,1021800065,389,204322,Elizabeth Williams,1611661313,New York Liberty,3,2,26,Made Shot,Hook Shot,2PT Field Goal,Restricted Area,Center(C),Less Than 8 ft.,2,-2,25,1,1,20180619,NYL,ATL,2018,1021800065389,16540,validated,204355,1,matched,playbyplayv2,1611661330,201919|202250|203829|204296|1628915,complete,playbyplay_inferred,201881|201904|202638|204322|204355,complete,playbyplay_inferred,1611661330,Atlanta Dream
Shot Chart Detail,1021800065,393,202638,Jessica Breland,1611661313,New York Liberty,3,1,53,Made Shot,Layup Shot,2PT Field Goal,Restricted Area,Center(C),Less Than 8 ft.,2,0,23,1,1,20180619,NYL,ATL,2018,1021800065393,16870,validated,,0,matched,playbyplayv2,1611661330,201919|202250|203829|204296|1628915,complete,playbyplay_inferred,201881|201904|202638|204322|204355,complete,playbyplay_inferred,1611661330,Atlanta Dream
Shot Chart Detail,1021800065,407,201881,Angel McCoughtry,1611661313,New York Liberty,3,1,10,Missed Shot,Jump Shot,3PT Field Goal,Above the Break 3,Left Side Center(LC),24+ ft.,24,-86,230,1,0,20180619,NYL,ATL,2018,1021800065407,17300,validated,,0,matched,playbyplayv2,1611661330,201919|202250|204327|204329|1628915,complete,playbyplay_inferred,201881|201904|202638|203024|204355,complete,playbyplay_inferred,1611661330,Atlanta Dream
Shot Chart Detail,1021800065,425,203024,Damiris Dantas,1611661313,New York Liberty,3,0,37,Made Shot,Cutting Layup Shot,2PT Field Goal,Restricted Area,Center(C),Less Than 8 ft.,1,8,13,1,1,20180619,NYL,ATL,2018,1021800065425,17630,validated,201881,1,matched,playbyplayv2,1611661330,201919|202250|204327|204329|1628915,complete,playbyplay_inferred,201881|203024|203406|204355|1628881,complete,playbyplay_inferred,1611661330,Atlanta Dream
Shot Chart Detail,1021800065,432,203406,Layshia Clarendon,1611661313,New York Liberty,3,0,5,Missed Shot,Jump Shot,3PT Field Goal,Right Corner 3,Right Side(R),24+ ft.,23,237,11,1,0,20180619,NYL,ATL,2018,1021800065432,17950,validated,,0,matched,playbyplayv2,1611661330,201919|202250|204327|204329|1628915,complete,playbyplay_inferred,201881|203024|203406|204355|1628881,complete,playbyplay_inferred,1611661330,Atlanta Dream
Shot Chart Detail,1021800065,450,204355,Blake Dietrick,1611661313,New York Liberty,4,9,17,Missed Shot,Jump Shot,3PT Field Goal,Above the Break 3,Left Side Center(LC),24+ ft.,24,-163,185,1,0,20180619,NYL,ATL,2018,1021800065450,18430,validated,,0,matched,playbyplayv2,1611661330,202250|203411|204327|204329|1628915,complete,playbyplay_inferred,201881|203024|203406|204355|1628881,complete,playbyplay_inferred,1611661330,Atlanta Dream
Shot Chart Detail,1021800065,452,203024,Damiris Dantas,1611661313,New York Liberty,4,9,5,Missed Shot,Jump Shot,2PT Field Goal,Mid-Range,Center(C),16-24 ft.,18,-44,181,1,0,20180619,NYL,ATL,2018,1021800065452,18550,validated,,0,matched,playbyplayv2,1611661330,202250|203411|204327|204329|1628915,complete,playbyplay_inferred,201881|203024|203406|204355|1628881,complete,playbyplay_inferred,1611661330,Atlanta Dream
Shot Chart Detail,1021800065,460,203406,Layshia Clarendon,1611661313,New York Liberty,4,8,11,Missed Shot,Jump Shot,3PT Field Goal,Above the Break 3,Left Side Center(LC),24+ ft.,23,-152,184,1,0,20180619,NYL,ATL,2018,1021800065460,19090,validated,,0,matched,playbyplayv2,1611661330,202250|203411|204327|204329|1628915,complete,playbyplay_inferred,201881|203024|203406|204355|1628881,complete,playbyplay_inferred,1611661330,Atlanta Dream
Shot Chart Detail,1021800065,482,204355,Blake Dietrick,1611661313,New York Liberty,4,6,48,Missed Shot,Jump Shot,3PT Field Goal,Left Corner 3,Left Side(L),24+ ft.,23,-234,-21,1,0,20180619,NYL,ATL,2018,1021800065482,19920,validated,,0,matched,playbyplayv2,1611661330,201913|202250|203411|204327|1628915,complete,playbyplay_inferred,201881|201904|202638|203024|204355,complete,playbyplay_inferred,1611661330,Atlanta Dream
Shot Chart Detail,1021800065,493,201904,Renee Montgomery,1611661313,New York Liberty,4,6,27,Missed Shot,Jump Shot,3PT Field Goal,Above the Break 3,Left Side(L),16-24 ft.,23,-191,138,1,0,20180619,NYL,ATL,2018,1021800065493,20130,validated,,0,matched,playbyplayv2,1611661330,201913|202250|203411|204327|1628915,complete,playbyplay_inferred,201881|201904|202638|203843|204322,complete,playbyplay_inferred,1611661330,Atlanta Dream
Shot Chart Detail,1021800065,499,201904,Renee Montgomery,1611661313,New York Liberty,4,6,6,Missed Shot,Jump Shot,3PT Field Goal,Above the Break 3,Right Side Center(RC),24+ ft.,24,84,228,1,0,20180619,NYL,ATL,2018,1021800065499,20340,validated,,0,matched,playbyplayv2,1611661330,201913|202250|203411|204327|1628915,complete,playbyplay_inferred,201881|201904|202638|203843|204322,complete,playbyplay_inferred,1611661330,Atlanta Dream
Shot Chart Detail,1021800065,501,201881,Angel McCoughtry,1611661313,New York Liberty,4,6,0,Made Shot,Layup Shot,2PT Field Goal,Restricted Area,Center(C),Less Than 8 ft.,2,-19,11,1,1,20180619,NYL,ATL,2018,1021800065501,20400,validated,,0,matched,playbyplayv2,1611661330,201913|202250|203411|204327|1628915,complete,playbyplay_inferred,201881|201904|202638|203843|204322,complete,playbyplay_inferred,1611661330,Atlanta Dream
Shot Chart Detail,1021800065,510,201904,Renee Montgomery,1611661313,New York Liberty,4,5,3,Made Shot,Jump Shot,2PT Field Goal,Mid-Range,Center(C),16-24 ft.,20,-2,201,1,1,20180619,NYL,ATL,2018,1021800065510,20970,validated,,0,matched,playbyplayv2,1611661330,201913|202250|203411|204327|1628915,complete,playbyplay_inferred,201881|201904|202638|203843|204322,complete,playbyplay_inferred,1611661330,Atlanta Dream
Shot Chart Detail,1021800065,516,201904,Renee Montgomery,1611661313,New York Liberty,4,4,12,Made Shot,Jump Shot,3PT Field Goal,Above the Break 3,Right Side Center(RC),16-24 ft.,23,136,194,1,1,20180619,NYL,ATL,2018,1021800065516,21480,validated,,0,matched,playbyplayv2,1611661330,201913|202250|203411|204327|1628915,complete,playbyplay_inferred,201881|201904|202638|203843|204322,complete,playbyplay_inferred,1611661330,Atlanta Dream
Shot Chart Detail,1021800065,519,201904,Renee Montgomery,1611661313,New York Liberty,4,3,52,Missed Shot,Jump Shot,3PT Field Goal,Above the Break 3,Right Side Center(RC),24+ ft.,24,176,165,1,0,20180619,NYL,ATL,2018,1021800065519,21680,validated,,0,matched,playbyplayv2,1611661330,201913|202250|203411|204327|1628915,complete,playbyplay_inferred,201881|201904|202638|203843|204322,complete,playbyplay_inferred,1611661330,Atlanta Dream
Shot Chart Detail,1021800065,521,203843,Maggie Lucas,1611661313,New York Liberty,4,3,46,Missed Shot,Jump Shot,3PT Field Goal,Above the Break 3,Left Side(L),24+ ft.,23,-224,82,1,0,20180619,NYL,ATL,2018,1021800065521,21740,validated,,0,matched,playbyplayv2,1611661330,201913|202250|203411|204327|1628915,complete,playbyplay_inferred,201881|201904|202638|203843|204322,complete,playbyplay_inferred,1611661330,Atlanta Dream
Shot Chart Detail,1021800065,530,203843,Maggie Lucas,1611661313,New York Liberty,4,3,16,Missed Shot,Jump Shot,3PT Field Goal,Above the Break 3,Left Side Center(LC),24+ ft.,23,-121,206,1,0,20180619,NYL,ATL,2018,1021800065530,22040,validated,,0,matched,playbyplayv2,1611661330,201913|202250|203411|204327|1628915,complete,playbyplay_inferred,201881|201904|202638|203843|204322,complete,playbyplay_inferred,1611661330,Atlanta Dream
Shot Chart Detail,1021800065,547,201904,Renee Montgomery,1611661313,New York Liberty,4,2,28,Made Shot,Jump Shot,3PT Field Goal,Above the Break 3,Left Side Center(LC),24+ ft.,24,-91,224,1,1,20180619,NYL,ATL,2018,1021800065547,22520,validated,203406,1,matched,playbyplayv2,1611661330,201913|202250|203411|204327|1628915,complete,playbyplay_inferred,201881|201904|202638|203406|204322,complete,playbyplay_inferred,1611661330,Atlanta Dream
Shot Chart Detail,1021800065,554,201904,Renee Montgomery,1611661313,New York Liberty,4,2,4,Missed Shot,Step Back Jump shot,3PT Field Goal,Above the Break 3,Left Side Center(LC),24+ ft.,24,-166,181,1,0,20180619,NYL,ATL,2018,1021800065554,22760,validated,,0,matched,playbyplayv2,1611661330,201913|202250|203411|203829|1628915,complete,playbyplay_inferred,201881|201904|202638|203406|204322,complete,playbyplay_inferred,1611661330,Atlanta Dream
Shot Chart Detail,1021800065,564,202638,Jessica Breland,1611661313,New York Liberty,4,1,38,Missed Shot,Jump Shot,2PT Field Goal,Mid-Range,Right Side Center(RC),16-24 ft.,17,100,138,1,0,20180619,NYL,ATL,2018,1021800065564,23020,validated,,0,matched,playbyplayv2,1611661330,201913|202250|203411|203829|1628915,complete,playbyplay_inferred,201881|201904|202638|203406|204322,complete,playbyplay_inferred,1611661330,Atlanta Dream
Shot Chart Detail,1021800065,578,201904,Renee Montgomery,1611661313,New York Liberty,4,1,0,Missed Shot,Jump Shot,3PT Field Goal,Above the Break 3,Left Side Center(LC),24+ ft.,25,-125,222,1,0,20180619,NYL,ATL,2018,1021800065578,23400,validated,,0,matched,playbyplayv2,1611661330,201913|201919|202250|203829|1628915,complete,playbyplay_inferred,201881|201904|202638|203406|204322,complete,playbyplay_inferred,1611661330,Atlanta Dream
Shot Chart Detail,1021800065,589,201881,Angel McCoughtry,1611661313,New York Liberty,4,0,45,Missed Shot,Jump Shot,3PT Field Goal,Above the Break 3,Left Side(L),16-24 ft.,22,-197,117,1,0,20180619,NYL,ATL,2018,1021800065589,23550,validated,,0,matched,playbyplayv2,1611661330,201913|201919|202250|203829|1628915,complete,playbyplay_inferred,201881|201904|202638|203406|204322,complete,playbyplay_inferred,1611661330,Atlanta Dream
Shot Chart Detail,1021800065,592,202638,Jessica Breland,1611661313,New York Liberty,4,0,42,Missed Shot,Jump Shot,2PT Field Goal,Mid-Range,Right Side(R),16-24 ft.,19,178,72,1,0,20180619,NYL,ATL,2018,1021800065592,23580,validated,,0,matched,playbyplayv2,1611661330,201913|201919|202250|203829|1628915,complete,playbyplay_inferred,201881|201904|202638|203406|204322,complete,playbyplay_inferred,1611661330,Atlanta Dream
Shot Chart Detail,1021800065,606,201904,Renee Montgomery,1611661313,New York Liberty,4,0,26,Missed Shot,Jump Shot,2PT Field Goal,Mid-Range,Center(C),16-24 ft.,19,14,199,1,0,20180619,NYL,ATL,2018,1021800065606,23740,validated,,0,matched,playbyplayv2,1611661330,201913|201919|202250|203829|1628915,complete,playbyplay_inferred,201881|201904|202638|203406|204322,complete,playbyplay_inferred,1611661330,Atlanta Dream
Shot Chart Detail,1021800065,614,201881,Angel McCoughtry,1611661313,New York Liberty,4,0,18,Missed Shot,Jump Shot,3PT Field Goal,Above the Break 3,Left Side(L),16-24 ft.,23,-197,131,1,0,20180619,NYL,ATL,2018,1021800065614,23820,validated,,0,matched,playbyplayv2,1611661330,201913|201919|202250|203829|1628915,complete,playbyplay_inferred,201881|201904|202638|203406|204322,complete,playbyplay_inferred,1611661330,Atlanta Dream
Shot Chart Detail,1021800065,616,201881,Angel McCoughtry,1611661313,New York Liberty,4,0,17,Made Shot,Layup Shot,2PT Field Goal,Restricted Area,Center(C),Less Than 8 ft.,2,-13,17,1,1,20180619,NYL,ATL,2018,1021800065616,23830,validated,,0,matched,playbyplayv2,1611661330,201913|201919|202250|203829|1628915,complete,playbyplay_inferred,201881|201904|202638|203406|204322,complete,playbyplay_inferred,1611661330,Atlanta Dream
Shot Chart Detail,1021800073,7,203825,Kayla McBride,1611661313,New York Liberty,1,9,46,Missed Shot,Jump Shot,2PT Field Goal,Mid-Range,Right Side Center(RC),16-24 ft.,20,121,160,1,0,20180622,LVA,NYL,2018,10218000737,140,validated,,0,matched,playbyplayv2,1611661319,201889|201913|202250|203411|203829,complete,playbyplay_inferred,203825|1628269|1628276|1628917|1628932,complete,playbyplay_inferred,1611661319,Las Vegas Aces
Shot Chart Detail,1021800073,11,1628932,A'ja Wilson,1611661313,New York Liberty,1,9,8,Missed Shot,Jump Shot,2PT Field Goal,Mid-Range,Left Side(L),8-16 ft.,13,-131,23,1,0,20180622,LVA,NYL,2018,102180007311,520,validated,,0,matched,playbyplayv2,1611661319,201889|201913|202250|203411|203829,complete,playbyplay_inferred,203825|1628269|1628276|1628917|1628932,complete,playbyplay_inferred,1611661319,Las Vegas Aces
Shot Chart Detail,1021800073,20,1628917,JiSu Park,1611661313,New York Liberty,1,8,18,Missed Shot,Jump Shot,2PT Field Goal,In The Paint (Non-RA),Center(C),8-16 ft.,12,-10,124,1,0,20180622,LVA,NYL,2018,102180007320,1020,validated,,0,matched,playbyplayv2,1611661319,201889|201913|202250|203411|203829,complete,playbyplay_inferred,203825|1628269|1628276|1628917|1628932,complete,playbyplay_inferred,1611661319,Las Vegas Aces
Shot Chart Detail,1021800073,24,1628917,JiSu Park,1611661313,New York Liberty,1,7,49,Made Shot,Jump Shot,2PT Field Goal,Mid-Range,Right Side Center(RC),16-24 ft.,19,101,162,1,1,20180622,LVA,NYL,2018,102180007324,1310,validated,1628932,1,matched,playbyplayv2,1611661319,201889|201913|202250|203411|203829,complete,playbyplay_inferred,203825|1628269|1628276|1628917|1628932,complete,playbyplay_inferred,1611661319,Las Vegas Aces
Shot Chart Detail,1021800073,28,1628932,A'ja Wilson,1611661313,New York Liberty,1,7,16,Missed Shot,Jump Shot,2PT Field Goal,Mid-Range,Left Side(L),8-16 ft.,12,-109,58,1,0,20180622,LVA,NYL,2018,102180007328,1640,validated,,0,matched,playbyplayv2,1611661319,201889|201913|202250|203411|203829,complete,playbyplay_inferred,203825|1628269|1628276|1628917|1628932,complete,playbyplay_inferred,1611661319,Las Vegas Aces
Shot Chart Detail,1021800073,30,203825,Kayla McBride,1611661313,New York Liberty,1,7,10,Made Shot,Jump Shot,3PT Field Goal,Above the Break 3,Right Side Center(RC),24+ ft.,25,146,211,1,1,20180622,LVA,NYL,2018,102180007330,1700,validated,1628269,1,matched,playbyplayv2,1611661319,201889|201913|202250|203411|203829,complete,playbyplay_inferred,203825|1628269|1628276|1628917|1628932,complete,playbyplay_inferred,1611661319,Las Vegas Aces
Shot Chart Detail,1021800073,33,203825,Kayla McBride,1611661313,New York Liberty,1,6,40,Missed Shot,Jump Shot,2PT Field Goal,Mid-Range,Left Side(L),8-16 ft.,13,-133,15,1,0,20180622,LVA,NYL,2018,102180007333,2000,validated,,0,matched,playbyplayv2,1611661319,201889|201913|202250|203411|203829,complete,playbyplay_inferred,203825|1628269|1628276|1628917|1628932,complete,playbyplay_inferred,1611661319,Las Vegas Aces
Shot Chart Detail,1021800073,41,203825,Kayla McBride,1611661313,New York Liberty,1,6,15,Made Shot,Running Layup Shot,2PT Field Goal,Mid-Range,Right Side(R),8-16 ft.,10,108,-7,1,1,20180622,LVA,NYL,2018,102180007341,2250,validated,1628276,1,matched,playbyplayv2,1611661319,201889|201913|202250|203411|203829,complete,playbyplay_inferred,203825|1628269|1628276|1628917|1628932,complete,playbyplay_inferred,1611661319,Las Vegas Aces
Shot Chart Detail,1021800073,47,1628276,Kelsey Plum,1611661313,New York Liberty,1,5,47,Missed Shot,Jump Shot,2PT Field Goal,Mid-Range,Center(C),16-24 ft.,16,-35,163,1,0,20180622,LVA,NYL,2018,102180007347,2530,validated,,0,matched,playbyplayv2,1611661319,201889|201913|202250|203411|203829,complete,playbyplay_inferred,203825|1628269|1628276|1628917|1628932,complete,playbyplay_inferred,1611661319,Las Vegas Aces
Shot Chart Detail,1021800073,51,203825,Kayla McBride,1611661313,New York Liberty,1,5,17,Missed Shot,Layup Shot,2PT Field Goal,Mid-Range,Right Side(R),8-16 ft.,15,98,115,1,0,20180622,LVA,NYL,2018,102180007351,2830,validated,,0,matched,playbyplayv2,1611661319,201889|201913|202250|203411|203829,complete,playbyplay_inferred,203825|1628269|1628276|1628917|1628932,complete,playbyplay_inferred,1611661319,Las Vegas Aces
Shot Chart Detail,1021800073,53,1628917,JiSu Park,1611661313,New York Liberty,1,5,12,Missed Shot,Jump Shot,2PT Field Goal,Mid-Range,Center(C),16-24 ft.,19,41,189,1,0,20180622,LVA,NYL,2018,102180007353,2880,validated,,0,matched,playbyplayv2,1611661319,201889|201913|202250|203411|203829,complete,playbyplay_inferred,203825|1628269|1628276|1628917|1628932,complete,playbyplay_inferred,1611661319,Las Vegas Aces
Shot Chart Detail,1021800073,57,1628932,A'ja Wilson,1611661313,New York Liberty,1,4,53,Made Shot,Jump Shot,2PT Field Goal,In The Paint (Non-RA),Right Side(R),8-16 ft.,13,74,114,1,1,20180622,LVA,NYL,2018,102180007357,3070,validated,1628269,1,matched,playbyplayv2,1611661319,201889|201913|202250|203411|203829,complete,playbyplay_inferred,203825|1628269|1628276|1628917|1628932,complete,playbyplay_inferred,1611661319,Las Vegas Aces
Shot Chart Detail,1021800073,71,1628932,A'ja Wilson,1611661313,New York Liberty,1,4,7,Missed Shot,Running Layup Shot,2PT Field Goal,Mid-Range,Right Side(R),8-16 ft.,11,82,75,1,0,20180622,LVA,NYL,2018,102180007371,3530,validated,,0,matched,playbyplayv2,1611661319,201889|201913|202250|202259|203829,complete,playbyplay_inferred,201477|203825|1628276|1628917|1628932,complete,playbyplay_inferred,1611661319,Las Vegas Aces
Shot Chart Detail,1021800073,73,203825,Kayla McBride,1611661313,New York Liberty,1,4,2,Missed Shot,Jump Shot,3PT Field Goal,Above the Break 3,Center(C),24+ ft.,26,73,256,1,0,20180622,LVA,NYL,2018,102180007373,3580,validated,,0,matched,playbyplayv2,1611661319,201889|201913|202250|202259|203829,complete,playbyplay_inferred,201477|203825|1628276|1628917|1628932,complete,playbyplay_inferred,1611661319,Las Vegas Aces
Shot Chart Detail,1021800073,81,1628276,Kelsey Plum,1611661313,New York Liberty,1,3,33,Missed Shot,Pullup Jump shot,2PT Field Goal,Mid-Range,Right Side Center(RC),16-24 ft.,16,97,136,1,0,20180622,LVA,NYL,2018,102180007381,3870,validated,,0,matched,playbyplayv2,1611661319,201889|202250|202259|203829|204329,complete,playbyplay_inferred,201477|203825|1628276|1628917|1628932,complete,playbyplay_inferred,1611661319,Las Vegas Aces
Shot Chart Detail,1021800073,122,201477,Tamera Young,1611661313,New York Liberty,1,1,21,Missed Shot,Pullup Jump shot,2PT Field Goal,Mid-Range,Right Side Center(RC),16-24 ft.,16,115,114,1,0,20180622,LVA,NYL,2018,1021800073122,5190,validated,,0,matched,playbyplayv2,1611661319,202259|204320|204327|204329|1628915,complete,playbyplay_inferred,201477|203402|203825|1628263|1628932,complete,playbyplay_inferred,1611661319,Las Vegas Aces
Shot Chart Detail,1021800073,124,1628263,Lindsay Allen,1611661313,New York Liberty,1,1,15,Missed Shot,Jump Shot,2PT Field Goal,Mid-Range,Left Side(L),8-16 ft.,13,-133,16,1,0,20180622,LVA,NYL,2018,1021800073124,5250,validated,,0,matched,playbyplayv2,1611661319,202259|204320|204327|204329|1628915,complete,playbyplay_inferred,201477|203402|203825|1628263|1628932,complete,playbyplay_inferred,1611661319,Las Vegas Aces
Shot Chart Detail,1021800073,126,1628932,A'ja Wilson,1611661313,New York Liberty,1,1,6,Made Shot,Putback Layup Shot,2PT Field Goal,Restricted Area,Center(C),Less Than 8 ft.,0,0,-6,1,1,20180622,LVA,NYL,2018,1021800073126,5340,validated,,0,matched,playbyplayv2,1611661319,202259|204320|204327|204329|1628915,complete,playbyplay_inferred,201477|203402|203825|1628263|1628932,complete,playbyplay_inferred,1611661319,Las Vegas Aces
Shot Chart Detail,1021800073,129,201477,Tamera Young,1611661313,New York Liberty,1,0,53,Missed Shot,Jump Shot,3PT Field Goal,Above the Break 3,Right Side Center(RC),24+ ft.,28,200,197,1,0,20180622,LVA,NYL,2018,1021800073129,5470,validated,,0,matched,playbyplayv2,1611661319,202259|204320|204327|204329|1628915,complete,playbyplay_inferred,201477|203402|203825|1628263|1628932,complete,playbyplay_inferred,1611661319,Las Vegas Aces
Shot Chart Detail,1021800073,139,203825,Kayla McBride,1611661313,New York Liberty,1,0,3,Missed Shot,Cutting Layup Shot,2PT Field Goal,Mid-Range,Left Side(L),8-16 ft.,12,-108,64,1,0,20180622,LVA,NYL,2018,1021800073139,5970,validated,,0,matched,playbyplayv2,1611661319,202259|204320|204327|204329|1628915,complete,playbyplay_inferred,201477|203402|203825|1628263|1628932,complete,playbyplay_inferred,1611661319,Las Vegas Aces
Shot Chart Detail,1021800073,153,204324,Dearica Hamby,1611661313,New York Liberty,2,9,41,Made Shot,Driving Layup Shot,2PT Field Goal,Mid-Range,Right Side(R),8-16 ft.,11,103,40,1,1,20180622,LVA,NYL,2018,1021800073153,6190,validated,,0,matched,playbyplayv2,1611661319,203411|204320|204327|204329|1628915,complete,playbyplay_inferred,201477|203402|204324|1628263|1628913,complete,playbyplay_inferred,1611661319,Las Vegas Aces
Shot Chart Detail,1021800073,156,203402,Kelsey Bone,1611661313,New York Liberty,2,9,21,Made Shot,Finger Roll Layup Shot,2PT Field Goal,Mid-Range,Right Side(R),8-16 ft.,10,101,15,1,1,20180622,LVA,NYL,2018,1021800073156,6390,validated,1628263,1,matched,playbyplayv2,1611661319,203411|204320|204327|204329|1628915,complete,playbyplay_inferred,201477|203402|204324|1628263|1628913,complete,playbyplay_inferred,1611661319,Las Vegas Aces
Shot Chart Detail,1021800073,185,201477,Tamera Young,1611661313,New York Liberty,2,7,40,Missed Shot,Jump Shot,2PT Field Goal,Mid-Range,Left Side(L),8-16 ft.,10,-93,49,1,0,20180622,LVA,NYL,2018,1021800073185,7400,validated,,0,matched,playbyplayv2,1611661319,202250|203411|204327|204329|1628915,complete,playbyplay_inferred,201477|204324|1628263|1628913|1628932,complete,playbyplay_inferred,1611661319,Las Vegas Aces
Shot Chart Detail,1021800073,199,1628932,A'ja Wilson,1611661313,New York Liberty,2,7,15,Missed Shot,Turnaround Jump Shot,2PT Field Goal,Mid-Range,Right Side(R),8-16 ft.,12,121,17,1,0,20180622,LVA,NYL,2018,1021800073199,7650,validated,,0,matched,playbyplayv2,1611661319,202250|203411|203829|204329|1628915,complete,playbyplay_inferred,201477|204324|1628276|1628913|1628932,complete,playbyplay_inferred,1611661319,Las Vegas Aces
Shot Chart Detail,1021800073,204,204324,Dearica Hamby,1611661313,New York Liberty,2,6,46,Missed Shot,Driving Layup Shot,2PT Field Goal,Mid-Range,Right Side(R),8-16 ft.,14,113,88,1,0,20180622,LVA,NYL,2018,1021800073204,7940,validated,,0,matched,playbyplayv2,1611661319,202250|203411|203829|204329|1628915,complete,playbyplay_inferred,201477|204324|1628276|1628913|1628932,complete,playbyplay_inferred,1611661319,Las Vegas Aces
Shot Chart Detail,1021800073,240,201477,Tamera Young,1611661313,New York Liberty,2,4,58,Missed Shot,Jump Shot,2PT Field Goal,Mid-Range,Right Side(R),16-24 ft.,16,160,2,1,0,20180622,LVA,NYL,2018,1021800073240,9020,validated,,0,matched,playbyplayv2,1611661319,201913|202250|203411|203829|1628915,complete,playbyplay_inferred,201477|203825|1628276|1628917|1628932,complete,playbyplay_inferred,1611661319,Las Vegas Aces
Shot Chart Detail,1021800073,242,203825,Kayla McBride,1611661313,New York Liberty,2,4,42,Made Shot,Pullup Jump shot,2PT Field Goal,Mid-Range,Center(C),16-24 ft.,18,-27,185,1,1,20180622,LVA,NYL,2018,1021800073242,9180,validated,,0,matched,playbyplayv2,1611661319,201913|202250|203411|203829|1628915,complete,playbyplay_inferred,201477|203825|1628276|1628917|1628932,complete,playbyplay_inferred,1611661319,Las Vegas Aces
Shot Chart Detail,1021800073,245,1628932,A'ja Wilson,1611661313,New York Liberty,2,4,8,Made Shot,Cutting Layup Shot,2PT Field Goal,Mid-Range,Right Side(R),8-16 ft.,9,84,33,1,1,20180622,LVA,NYL,2018,1021800073245,9520,validated,203825,1,matched,playbyplayv2,1611661319,201913|202250|203411|203829|1628915,complete,playbyplay_inferred,201477|203825|1628276|1628917|1628932,complete,playbyplay_inferred,1611661319,Las Vegas Aces
Shot Chart Detail,1021800073,257,203825,Kayla McBride,1611661313,New York Liberty,2,3,46,Made Shot,Pullup Jump shot,3PT Field Goal,Above the Break 3,Left Side Center(LC),24+ ft.,27,-86,257,1,1,20180622,LVA,NYL,2018,1021800073257,9740,validated,,0,matched,playbyplayv2,1611661319,201913|202250|202259|203829|1628915,complete,playbyplay_inferred,201477|203825|1628263|1628917|1628932,complete,playbyplay_inferred,1611661319,Las Vegas Aces
Shot Chart Detail,1021800073,263,1628932,A'ja Wilson,1611661313,New York Liberty,2,3,10,Missed Shot,Step Back Jump shot,2PT Field Goal,Mid-Range,Right Side(R),8-16 ft.,14,132,63,1,0,20180622,LVA,NYL,2018,1021800073263,10100,validated,,0,matched,playbyplayv2,1611661319,201889|201913|202250|202259|203829,complete,playbyplay_inferred,201477|203825|1628263|1628917|1628932,complete,playbyplay_inferred,1611661319,Las Vegas Aces
Shot Chart Detail,1021800073,284,201477,Tamera Young,1611661313,New York Liberty,2,1,49,Missed Shot,Driving Layup Shot,2PT Field Goal,Mid-Range,Right Side(R),8-16 ft.,11,101,58,1,0,20180622,LVA,NYL,2018,1021800073284,10910,validated,,0,matched,playbyplayv2,1611661319,201889|201913|202250|202259|203829,complete,playbyplay_inferred,201477|203825|1628263|1628917|1628932,complete,playbyplay_inferred,1611661319,Las Vegas Aces
Shot Chart Detail,1021800073,292,1628917,JiSu Park,1611661313,New York Liberty,2,0,48,Missed Shot,Layup Shot,2PT Field Goal,In The Paint (Non-RA),Center(C),Less Than 8 ft.,7,-64,37,1,0,20180622,LVA,NYL,2018,1021800073292,11520,validated,,0,matched,playbyplayv2,1611661319,201889|201913|202250|202259|203829,complete,playbyplay_inferred,201477|203825|1628263|1628917|1628932,complete,playbyplay_inferred,1611661319,Las Vegas Aces
Shot Chart Detail,1021800073,316,1628269,Nia Coffey,1611661313,New York Liberty,3,9,27,Missed Shot,Jump Shot,2PT Field Goal,Mid-Range,Left Side Center(LC),16-24 ft.,17,-132,113,1,0,20180622,LVA,NYL,2018,1021800073316,12330,validated,,0,matched,playbyplayv2,1611661319,201889|201913|202250|203411|203829,complete,playbyplay_inferred,203825|1628269|1628276|1628917|1628932,complete,playbyplay_inferred,1611661319,Las Vegas Aces
Shot Chart Detail,1021800073,320,1628917,JiSu Park,1611661313,New York Liberty,3,9,0,Missed Shot,Jump Shot,2PT Field Goal,Mid-Range,Left Side(L),8-16 ft.,15,-146,61,1,0,20180622,LVA,NYL,2018,1021800073320,12600,validated,,0,matched,playbyplayv2,1611661319,201889|201913|202250|203411|203829,complete,playbyplay_inferred,203825|1628269|1628276|1628917|1628932,complete,playbyplay_inferred,1611661319,Las Vegas Aces
Shot Chart Detail,1021800073,324,1628917,JiSu Park,1611661313,New York Liberty,3,8,30,Missed Shot,Jump Shot,2PT Field Goal,Mid-Range,Center(C),8-16 ft.,15,15,156,1,0,20180622,LVA,NYL,2018,1021800073324,12900,validated,,0,matched,playbyplayv2,1611661319,201889|201913|202250|203411|203829,complete,playbyplay_inferred,203825|1628269|1628276|1628917|1628932,complete,playbyplay_inferred,1611661319,Las Vegas Aces
Shot Chart Detail,1021800073,328,203825,Kayla McBride,1611661313,New York Liberty,3,8,6,Made Shot,Pullup Jump shot,3PT Field Goal,Above the Break 3,Left Side Center(LC),24+ ft.,26,-167,202,1,1,20180622,LVA,NYL,2018,1021800073328,13140,validated,1628917,1,matched,playbyplayv2,1611661319,201889|201913|202250|203411|203829,complete,playbyplay_inferred,203825|1628269|1628276|1628917|1628932,complete,playbyplay_inferred,1611661319,Las Vegas Aces
Shot Chart Detail,1021800073,335,1628269,Nia Coffey,1611661313,New York Liberty,3,7,26,Made Shot,Cutting Layup Shot,2PT Field Goal,In The Paint (Non-RA),Center(C),Less Than 8 ft.,7,69,14,1,1,20180622,LVA,NYL,2018,1021800073335,13540,validated,1628932,1,matched,playbyplayv2,1611661319,201889|201913|202250|203411|203829,complete,playbyplay_inferred,203825|1628269|1628276|1628917|1628932,complete,playbyplay_inferred,1611661319,Las Vegas Aces
Shot Chart Detail,1021800073,358,203825,Kayla McBride,1611661313,New York Liberty,3,5,7,Made Shot,Floating Jump shot,2PT Field Goal,In The Paint (Non-RA),Center(C),8-16 ft.,10,-1,103,1,1,20180622,LVA,NYL,2018,1021800073358,14930,validated,,0,matched,playbyplayv2,1611661319,201889|201913|202250|203411|203829,complete,playbyplay_inferred,203825|1628269|1628276|1628917|1628932,complete,playbyplay_inferred,1611661319,Las Vegas Aces
Shot Chart Detail,1021800073,376,1628263,Lindsay Allen,1611661313,New York Liberty,3,4,20,Missed Shot,Jump Shot,2PT Field Goal,Mid-Range,Left Side(L),16-24 ft.,16,-135,88,1,0,20180622,LVA,NYL,2018,1021800073376,15400,validated,,0,matched,playbyplayv2,1611661319,201889|202250|203411|203829|204329,complete,playbyplay_inferred,201477|203825|204324|1628263|1628932,complete,playbyplay_inferred,1611661319,Las Vegas Aces
Shot Chart Detail,1021800073,380,1628932,A'ja Wilson,1611661313,New York Liberty,3,3,51,Missed Shot,Driving Layup Shot,2PT Field Goal,Mid-Range,Left Side(L),8-16 ft.,13,-123,54,1,0,20180622,LVA,NYL,2018,1021800073380,15690,validated,,0,matched,playbyplayv2,1611661319,201889|202250|203411|203829|204329,complete,playbyplay_inferred,201477|203825|204324|1628263|1628932,complete,playbyplay_inferred,1611661319,Las Vegas Aces
Shot Chart Detail,1021800073,384,204324,Dearica Hamby,1611661313,New York Liberty,3,3,20,Made Shot,Jump Shot,3PT Field Goal,Above the Break 3,Left Side Center(LC),24+ ft.,26,-157,208,1,1,20180622,LVA,NYL,2018,1021800073384,16000,validated,201477,1,matched,playbyplayv2,1611661319,201889|202250|203411|203829|204329,complete,playbyplay_inferred,201477|203825|204324|1628263|1628932,complete,playbyplay_inferred,1611661319,Las Vegas Aces
Shot Chart Detail,1021800073,392,204324,Dearica Hamby,1611661313,New York Liberty,3,2,18,Made Shot,Jump Shot,2PT Field Goal,Mid-Range,Left Side(L),8-16 ft.,12,-126,14,1,1,20180622,LVA,NYL,2018,1021800073392,16620,validated,,0,matched,playbyplayv2,1611661319,202259|204320|204327|204329|1628915,complete,playbyplay_inferred,201477|203825|204324|1628276|1628932,complete,playbyplay_inferred,1611661319,Las Vegas Aces
Shot Chart Detail,1021800073,394,204324,Dearica Hamby,1611661313,New York Liberty,3,1,54,Missed Shot,Jump Shot,3PT Field Goal,Above the Break 3,Left Side Center(LC),24+ ft.,28,-168,233,1,0,20180622,LVA,NYL,2018,1021800073394,16860,validated,,0,matched,playbyplayv2,1611661319,202259|204320|204327|204329|1628915,complete,playbyplay_inferred,201477|203825|204324|1628276|1628932,complete,playbyplay_inferred,1611661319,Las Vegas Aces
Shot Chart Detail,1021800073,406,1628932,A'ja Wilson,1611661313,New York Liberty,3,1,30,Missed Shot,Jump Shot,2PT Field Goal,Mid-Range,Right Side Center(RC),16-24 ft.,17,106,145,1,0,20180622,LVA,NYL,2018,1021800073406,17100,validated,,0,matched,playbyplayv2,1611661319,202259|204320|204327|204329|1628915,complete,playbyplay_inferred,201477|203825|204324|1628276|1628932,complete,playbyplay_inferred,1611661319,Las Vegas Aces
Shot Chart Detail,1021800073,408,204324,Dearica Hamby,1611661313,New York Liberty,3,1,24,Made Shot,Jump Shot,2PT Field Goal,In The Paint (Non-RA),Center(C),Less Than 8 ft.,6,52,34,1,1,20180622,LVA,NYL,2018,1021800073408,17160,validated,1628932,1,matched,playbyplayv2,1611661319,202259|204320|204327|204329|1628915,complete,playbyplay_inferred,201477|203825|204324|1628276|1628932,complete,playbyplay_inferred,1611661319,Las Vegas Aces
Shot Chart Detail,1021800073,414,203825,Kayla McBride,1611661313,New York Liberty,3,0,52,Missed Shot,Floating Jump shot,2PT Field Goal,In The Paint (Non-RA),Right Side(R),8-16 ft.,8,72,35,1,0,20180622,LVA,NYL,2018,1021800073414,17480,validated,,0,matched,playbyplayv2,1611661319,202259|204320|204327|204329|1628915,complete,playbyplay_inferred,201477|203825|204324|1628276|1628932,complete,playbyplay_inferred,1611661319,Las Vegas Aces
Shot Chart Detail,1021800073,428,203402,Kelsey Bone,1611661313,New York Liberty,3,0,26,Made Shot,Layup Shot,2PT Field Goal,Mid-Range,Right Side(R),8-16 ft.,10,81,65,1,1,20180622,LVA,NYL,2018,1021800073428,17740,validated,201477,1,matched,playbyplayv2,1611661319,201913|202259|204320|204327|1628915,complete,playbyplay_inferred,201477|203402|204324|1628276|1628913,complete,playbyplay_inferred,1611661319,Las Vegas Aces
Shot Chart Detail,1021800073,440,201477,Tamera Young,1611661313,New York Liberty,4,9,9,Made Shot,Pullup Jump shot,2PT Field Goal,Mid-Range,Left Side(L),8-16 ft.,14,-97,105,1,1,20180622,LVA,NYL,2018,1021800073440,18510,validated,203402,1,matched,playbyplayv2,1611661319,201913|202259|204320|204327|1628915,complete,playbyplay_inferred,201477|203402|204324|1628276|1628913,complete,playbyplay_inferred,1611661319,Las Vegas Aces
Shot Chart Detail,1021800073,443,204324,Dearica Hamby,1611661313,New York Liberty,4,8,35,Missed Shot,Jump Shot,3PT Field Goal,Above the Break 3,Left Side Center(LC),24+ ft.,28,-118,256,1,0,20180622,LVA,NYL,2018,1021800073443,18850,validated,,0,matched,playbyplayv2,1611661319,201913|202259|204320|204327|1628915,complete,playbyplay_inferred,201477|203402|204324|1628276|1628913,complete,playbyplay_inferred,1611661319,Las Vegas Aces
Shot Chart Detail,1021800073,447,201477,Tamera Young,1611661313,New York Liberty,4,8,22,Missed Shot,Pullup Jump shot,2PT Field Goal,Mid-Range,Left Side Center(LC),16-24 ft.,19,-93,167,1,0,20180622,LVA,NYL,2018,1021800073447,18980,validated,,0,matched,playbyplayv2,1611661319,201913|202259|204320|204327|1628915,complete,playbyplay_inferred,201477|203402|204324|1628276|1628913,complete,playbyplay_inferred,1611661319,Las Vegas Aces
Shot Chart Detail,1021800073,449,1628276,Kelsey Plum,1611661313,New York Liberty,4,8,15,Made Shot,Jump Shot,3PT Field Goal,Above the Break 3,Right Side Center(RC),24+ ft.,25,180,183,1,1,20180622,LVA,NYL,2018,1021800073449,19050,validated,204324,1,matched,playbyplayv2,1611661319,201913|202259|204320|204327|1628915,complete,playbyplay_inferred,201477|203402|204324|1628276|1628913,complete,playbyplay_inferred,1611661319,Las Vegas Aces
Shot Chart Detail,1021800073,453,201477,Tamera Young,1611661313,New York Liberty,4,7,53,Missed Shot,Layup Shot,2PT Field Goal,In The Paint (Non-RA),Center(C),Less Than 8 ft.,4,28,35,1,0,20180622,LVA,NYL,2018,1021800073453,19270,validated,,0,matched,playbyplayv2,1611661319,201913|202259|204320|204327|1628915,complete,playbyplay_inferred,201477|203402|204324|1628276|1628913,complete,playbyplay_inferred,1611661319,Las Vegas Aces
Shot Chart Detail,1021800073,461,204324,Dearica Hamby,1611661313,New York Liberty,4,7,35,Made Shot,Cutting Layup Shot,2PT Field Goal,Mid-Range,Right Side(R),8-16 ft.,10,99,23,1,1,20180622,LVA,NYL,2018,1021800073461,19450,validated,,0,matched,playbyplayv2,1611661319,201913|202259|204320|204327|1628915,complete,playbyplay_inferred,203402|203825|204324|1628276|1628913,complete,playbyplay_inferred,1611661319,Las Vegas Aces
Shot Chart Detail,1021800073,471,1628932,A'ja Wilson,1611661313,New York Liberty,4,7,9,Made Shot,Running Finger Roll Layup Shot,2PT Field Goal,Restricted Area,Center(C),Less Than 8 ft.,3,-12,29,1,1,20180622,LVA,NYL,2018,1021800073471,19710,validated,,0,matched,playbyplayv2,1611661319,202250|202259|204320|204327|1628915,complete,playbyplay_inferred,203825|1628276|1628913|1628917|1628932,complete,playbyplay_inferred,1611661319,Las Vegas Aces
Shot Chart Detail,1021800073,478,203825,Kayla McBride,1611661313,New York Liberty,4,6,56,Made Shot,Jump Shot,3PT Field Goal,Above the Break 3,Center(C),24+ ft.,27,-11,272,1,1,20180622,LVA,NYL,2018,1021800073478,19840,validated,,0,matched,playbyplayv2,1611661319,202250|202259|204320|204327|1628915,complete,playbyplay_inferred,203825|1628263|1628913|1628917|1628932,complete,playbyplay_inferred,1611661319,Las Vegas Aces
Shot Chart Detail,1021800073,483,1628932,A'ja Wilson,1611661313,New York Liberty,4,6,14,Missed Shot,Jump Shot,2PT Field Goal,In The Paint (Non-RA),Right Side(R),8-16 ft.,10,58,92,1,0,20180622,LVA,NYL,2018,1021800073483,20260,validated,,0,matched,playbyplayv2,1611661319,202250|202259|204320|204327|1628915,complete,playbyplay_inferred,203825|1628263|1628913|1628917|1628932,complete,playbyplay_inferred,1611661319,Las Vegas Aces
Shot Chart Detail,1021800073,489,203825,Kayla McBride,1611661313,New York Liberty,4,5,46,Missed Shot,Driving Layup Shot,2PT Field Goal,Mid-Range,Left Side(L),8-16 ft.,10,-92,40,1,0,20180622,LVA,NYL,2018,1021800073489,20540,validated,,0,matched,playbyplayv2,1611661319,202250|202259|204320|204327|1628915,complete,playbyplay_inferred,203825|1628263|1628913|1628917|1628932,complete,playbyplay_inferred,1611661319,Las Vegas Aces
Shot Chart Detail,1021800073,491,203825,Kayla McBride,1611661313,New York Liberty,4,5,45,Made Shot,Putback Layup Shot,2PT Field Goal,In The Paint (Non-RA),Center(C),Less Than 8 ft.,5,50,20,1,1,20180622,LVA,NYL,2018,1021800073491,20550,validated,,0,matched,playbyplayv2,1611661319,202250|203411|204320|204327|1628915,complete,playbyplay_inferred,203825|1628263|1628913|1628917|1628932,complete,playbyplay_inferred,1611661319,Las Vegas Aces
Shot Chart Detail,1021800073,531,201477,Tamera Young,1611661313,New York Liberty,4,3,59,Missed Shot,Pullup Jump shot,2PT Field Goal,In The Paint (Non-RA),Right Side(R),8-16 ft.,12,65,111,1,0,20180622,LVA,NYL,2018,1021800073531,21610,validated,,0,matched,playbyplayv2,1611661319,202250|203411|204320|204327|1628915,complete,playbyplay_inferred,201477|203825|204324|1628263|1628932,complete,playbyplay_inferred,1611661319,Las Vegas Aces
Shot Chart Detail,1021800073,535,1628263,Lindsay Allen,1611661313,New York Liberty,4,3,46,Made Shot,Cutting Layup Shot,2PT Field Goal,In The Paint (Non-RA),Center(C),Less Than 8 ft.,5,44,38,1,1,20180622,LVA,NYL,2018,1021800073535,21740,validated,201477,1,matched,playbyplayv2,1611661319,202250|203411|204320|204327|1628915,complete,playbyplay_inferred,201477|203825|204324|1628263|1628932,complete,playbyplay_inferred,1611661319,Las Vegas Aces
Shot Chart Detail,1021800073,542,1628932,A'ja Wilson,1611661313,New York Liberty,4,3,10,Missed Shot,Jump Shot,2PT Field Goal,In The Paint (Non-RA),Left Side(L),8-16 ft.,15,-80,135,1,0,20180622,LVA,NYL,2018,1021800073542,22100,validated,,0,matched,playbyplayv2,1611661319,202250|203411|204320|204327|1628915,complete,playbyplay_inferred,201477|203825|204324|1628263|1628932,complete,playbyplay_inferred,1611661319,Las Vegas Aces
Shot Chart Detail,1021800073,563,201477,Tamera Young,1611661313,New York Liberty,4,2,10,Made Shot,Jump Shot,2PT Field Goal,Mid-Range,Right Side(R),8-16 ft.,12,128,3,1,1,20180622,LVA,NYL,2018,1021800073563,22700,validated,1628932,1,matched,playbyplayv2,1611661319,202250|203411|204320|204327|1628915,complete,playbyplay_inferred,201477|203825|204324|1628276|1628932,complete,playbyplay_inferred,1611661319,Las Vegas Aces
Shot Chart Detail,1021800073,566,1628932,A'ja Wilson,1611661313,New York Liberty,4,1,37,Made Shot,Jump Shot,2PT Field Goal,Mid-Range,Right Side(R),8-16 ft.,15,110,116,1,1,20180622,LVA,NYL,2018,1021800073566,23030,validated,1628276,1,matched,playbyplayv2,1611661319,202250|203411|204320|204327|1628915,complete,playbyplay_inferred,201477|203825|204324|1628276|1628932,complete,playbyplay_inferred,1611661319,Las Vegas Aces
Shot Chart Detail,1021800073,605,204324,Dearica Hamby,1611661313,New York Liberty,4,0,10,Made Shot,Finger Roll Layup Shot,2PT Field Goal,In The Paint (Non-RA),Center(C),Less Than 8 ft.,6,-63,24,1,1,20180622,LVA,NYL,2018,1021800073605,23900,validated,,0,matched,playbyplayv2,1611661319,202250|203411|203829|204320|1628915,complete,playbyplay_inferred,201477|203402|204324|1628263|1628913,complete,playbyplay_inferred,1611661319,Las Vegas Aces
Shot Chart Detail,1021800077,7,100949,Alana Beard,1611661313,New York Liberty,1,9,43,Missed Shot,Jump Shot,2PT Field Goal,Mid-Range,Left Side(L),16-24 ft.,19,-182,61,1,0,20180624,LAS,NYL,2018,10218000777,170,validated,,0,matched,playbyplayv2,1611661320,201913|201919|202250|202259|203829,complete,playbyplay_inferred,100949|201496|201502|203014|203833,complete,playbyplay_inferred,1611661320,Los Angeles Sparks
Shot Chart Detail,1021800077,12,201496,Candace Parker,1611661313,New York Liberty,1,9,14,Made Shot,Driving Floating Bank Jump Shot,2PT Field Goal,In The Paint (Non-RA),Center(C),8-16 ft.,14,59,133,1,1,20180624,LAS,NYL,2018,102180007712,460,validated,,0,matched,playbyplayv2,1611661320,201913|201919|202250|202259|203829,complete,playbyplay_inferred,100949|201496|201502|203014|203833,complete,playbyplay_inferred,1611661320,Los Angeles Sparks
Shot Chart Detail,1021800077,17,201496,Candace Parker,1611661313,New York Liberty,1,8,34,Made Shot,Driving Layup Shot,2PT Field Goal,Restricted Area,Center(C),Less Than 8 ft.,3,-21,25,1,1,20180624,LAS,NYL,2018,102180007717,860,validated,203833,1,matched,playbyplayv2,1611661320,201913|201919|202250|202259|203829,complete,playbyplay_inferred,100949|201496|201502|203014|203833,complete,playbyplay_inferred,1611661320,Los Angeles Sparks
Shot Chart Detail,1021800077,21,203014,Nneka Ogwumike,1611661313,New York Liberty,1,8,16,Made Shot,Running Layup Shot,2PT Field Goal,Restricted Area,Center(C),Less Than 8 ft.,2,-3,23,1,1,20180624,LAS,NYL,2018,102180007721,1040,validated,,0,matched,playbyplayv2,1611661320,201913|201919|202250|202259|203829,complete,playbyplay_inferred,100949|201496|201502|203014|203833,complete,playbyplay_inferred,1611661320,Los Angeles Sparks
Shot Chart Detail,1021800077,23,203833,Chelsea Gray,1611661313,New York Liberty,1,7,45,Missed Shot,Jump Shot,3PT Field Goal,Above the Break 3,Right Side Center(RC),24+ ft.,25,121,228,1,0,20180624,LAS,NYL,2018,102180007723,1350,validated,,0,matched,playbyplayv2,1611661320,201913|201919|202250|202259|203829,complete,playbyplay_inferred,100949|201496|201502|203014|203833,complete,playbyplay_inferred,1611661320,Los Angeles Sparks
Shot Chart Detail,1021800077,27,203014,Nneka Ogwumike,1611661313,New York Liberty,1,7,24,Made Shot,Cutting Layup Shot,2PT Field Goal,Restricted Area,Center(C),Less Than 8 ft.,2,-4,21,1,1,20180624,LAS,NYL,2018,102180007727,1560,validated,203833,1,matched,playbyplayv2,1611661320,201913|201919|202250|202259|203829,complete,playbyplay_inferred,100949|201496|201502|203014|203833,complete,playbyplay_inferred,1611661320,Los Angeles Sparks
Shot Chart Detail,1021800077,33,203014,Nneka Ogwumike,1611661313,New York Liberty,1,6,48,Missed Shot,Jump Shot,3PT Field Goal,Above the Break 3,Center(C),24+ ft.,25,-28,251,1,0,20180624,LAS,NYL,2018,102180007733,1920,validated,,0,matched,playbyplayv2,1611661320,201913|201919|202250|202259|203829,complete,playbyplay_inferred,100949|201496|201502|203014|203833,complete,playbyplay_inferred,1611661320,Los Angeles Sparks
Shot Chart Detail,1021800077,46,201502,Essence Carson,1611661313,New York Liberty,1,5,51,Made Shot,Jump Shot,2PT Field Goal,Mid-Range,Right Side Center(RC),16-24 ft.,21,84,196,1,1,20180624,LAS,NYL,2018,102180007746,2490,validated,201496,1,matched,playbyplayv2,1611661320,201913|201919|202250|202259|204327,complete,playbyplay_inferred,100949|201496|201502|203014|203833,complete,playbyplay_inferred,1611661320,Los Angeles Sparks
Shot Chart Detail,1021800077,52,201496,Candace Parker,1611661313,New York Liberty,1,5,20,Missed Shot,Step Back Jump shot,2PT Field Goal,Mid-Range,Left Side(L),16-24 ft.,16,-161,38,1,0,20180624,LAS,NYL,2018,102180007752,2800,validated,,0,matched,playbyplayv2,1611661320,201913|201919|202250|202259|204327,complete,playbyplay_inferred,100949|201496|201502|203014|203833,complete,playbyplay_inferred,1611661320,Los Angeles Sparks
Shot Chart Detail,1021800077,56,201496,Candace Parker,1611661313,New York Liberty,1,4,33,Made Shot,Driving Hook Shot,2PT Field Goal,In The Paint (Non-RA),Center(C),Less Than 8 ft.,5,0,56,1,1,20180624,LAS,NYL,2018,102180007756,3270,validated,,0,matched,playbyplayv2,1611661320,201913|201919|202250|202259|204327,complete,playbyplay_inferred,100949|201496|201502|203014|203833,complete,playbyplay_inferred,1611661320,Los Angeles Sparks
Shot Chart Detail,1021800077,59,203833,Chelsea Gray,1611661313,New York Liberty,1,4,4,Missed Shot,Jump Shot,3PT Field Goal,Above the Break 3,Left Side Center(LC),24+ ft.,25,-88,241,1,0,20180624,LAS,NYL,2018,102180007759,3560,validated,,0,matched,playbyplayv2,1611661320,201913|201919|202250|202259|204327,complete,playbyplay_inferred,100949|201496|201502|203014|203833,complete,playbyplay_inferred,1611661320,Los Angeles Sparks
Shot Chart Detail,1021800077,63,203833,Chelsea Gray,1611661313,New York Liberty,1,3,28,Missed Shot,Driving Layup Shot,2PT Field Goal,Restricted Area,Center(C),Less Than 8 ft.,3,19,26,1,0,20180624,LAS,NYL,2018,102180007763,3920,validated,,0,matched,playbyplayv2,1611661320,201913|201919|202250|202259|204327,complete,playbyplay_inferred,100949|201496|201502|203014|203833,complete,playbyplay_inferred,1611661320,Los Angeles Sparks
Shot Chart Detail,1021800077,80,202650,Jantel Lavender,1611661313,New York Liberty,1,2,51,Missed Shot,Jump Shot,2PT Field Goal,Mid-Range,Left Side(L),16-24 ft.,19,-191,48,1,0,20180624,LAS,NYL,2018,102180007780,4290,validated,,0,matched,playbyplayv2,1611661320,201919|203411|204320|204327|204329,complete,playbyplay_inferred,100949|201496|202650|203824|203833,complete,playbyplay_inferred,1611661320,Los Angeles Sparks
Shot Chart Detail,1021800077,84,203833,Chelsea Gray,1611661313,New York Liberty,1,2,34,Made Shot,Cutting Layup Shot,2PT Field Goal,Restricted Area,Center(C),Less Than 8 ft.,2,-3,27,1,1,20180624,LAS,NYL,2018,102180007784,4460,validated,201496,1,matched,playbyplayv2,1611661320,201919|203411|204320|204327|204329,complete,playbyplay_inferred,100949|201496|202650|203824|203833,complete,playbyplay_inferred,1611661320,Los Angeles Sparks
Shot Chart Detail,1021800077,88,202650,Jantel Lavender,1611661313,New York Liberty,1,2,2,Missed Shot,Jump Shot,3PT Field Goal,Above the Break 3,Right Side Center(RC),24+ ft.,25,80,246,1,0,20180624,LAS,NYL,2018,102180007788,4780,validated,,0,matched,playbyplayv2,1611661320,201919|203411|204320|204327|204329,complete,playbyplay_inferred,100949|201496|202650|203824|203833,complete,playbyplay_inferred,1611661320,Los Angeles Sparks
Shot Chart Detail,1021800077,113,203014,Nneka Ogwumike,1611661313,New York Liberty,1,0,38,Made Shot,Jump Shot,2PT Field Goal,In The Paint (Non-RA),Center(C),8-16 ft.,13,-65,114,1,1,20180624,LAS,NYL,2018,1021800077113,5620,validated,203833,1,matched,playbyplayv2,1611661320,203411|204320|204327|204329|1628915,complete,playbyplay_inferred,200665|202650|203014|203824|203833,complete,playbyplay_inferred,1611661320,Los Angeles Sparks
Shot Chart Detail,1021800077,122,202650,Jantel Lavender,1611661313,New York Liberty,2,9,25,Made Shot,Jump Shot,2PT Field Goal,Mid-Range,Right Side Center(RC),16-24 ft.,20,102,179,1,1,20180624,LAS,NYL,2018,1021800077122,6350,validated,203833,1,matched,playbyplayv2,1611661320,202250|203411|204320|204327|1628915,complete,playbyplay_inferred,200665|202650|203014|203824|203833,complete,playbyplay_inferred,1611661320,Los Angeles Sparks
Shot Chart Detail,1021800077,125,202650,Jantel Lavender,1611661313,New York Liberty,2,8,55,Made Shot,Jump Shot,2PT Field Goal,Mid-Range,Right Side Center(RC),16-24 ft.,20,85,187,1,1,20180624,LAS,NYL,2018,1021800077125,6650,validated,203833,1,matched,playbyplayv2,1611661320,202250|203411|204320|204327|1628915,complete,playbyplay_inferred,200665|202650|203014|203824|203833,complete,playbyplay_inferred,1611661320,Los Angeles Sparks
Shot Chart Detail,1021800077,139,203014,Nneka Ogwumike,1611661313,New York Liberty,2,8,16,Made Shot,Cutting Layup Shot,2PT Field Goal,Restricted Area,Center(C),Less Than 8 ft.,3,8,38,1,1,20180624,LAS,NYL,2018,1021800077139,7040,validated,100949,1,matched,playbyplayv2,1611661320,202250|203411|203829|204320|1628915,complete,playbyplay_inferred,100949|201496|203014|203029|203824,complete,playbyplay_inferred,1611661320,Los Angeles Sparks
Shot Chart Detail,1021800077,145,201496,Candace Parker,1611661313,New York Liberty,2,7,31,Missed Shot,Jump Shot,3PT Field Goal,Above the Break 3,Left Side Center(LC),24+ ft.,25,-78,238,1,0,20180624,LAS,NYL,2018,1021800077145,7490,validated,,0,matched,playbyplayv2,1611661320,202250|203411|203829|204320|1628915,complete,playbyplay_inferred,100949|201496|203014|203029|203824,complete,playbyplay_inferred,1611661320,Los Angeles Sparks
Shot Chart Detail,1021800077,173,203833,Chelsea Gray,1611661313,New York Liberty,2,5,46,Missed Shot,Jump Shot,2PT Field Goal,Mid-Range,Right Side(R),16-24 ft.,17,168,29,1,0,20180624,LAS,NYL,2018,1021800077173,8540,validated,,0,matched,playbyplayv2,1611661320,201889|202250|202259|203411|203829,complete,playbyplay_inferred,100949|201496|201502|203014|203833,complete,playbyplay_inferred,1611661320,Los Angeles Sparks
Shot Chart Detail,1021800077,177,201496,Candace Parker,1611661313,New York Liberty,2,5,17,Made Shot,Layup Shot,2PT Field Goal,Restricted Area,Center(C),Less Than 8 ft.,1,2,16,1,1,20180624,LAS,NYL,2018,1021800077177,8830,validated,203833,1,matched,playbyplayv2,1611661320,201889|202250|202259|203411|203829,complete,playbyplay_inferred,100949|201496|201502|203014|203833,complete,playbyplay_inferred,1611661320,Los Angeles Sparks
Shot Chart Detail,1021800077,182,201502,Essence Carson,1611661313,New York Liberty,2,4,49,Made Shot,Jump Shot,2PT Field Goal,Mid-Range,Right Side(R),16-24 ft.,19,175,82,1,1,20180624,LAS,NYL,2018,1021800077182,9110,validated,201496,1,matched,playbyplayv2,1611661320,201889|202250|202259|203411|203829,complete,playbyplay_inferred,100949|201496|201502|203014|203833,complete,playbyplay_inferred,1611661320,Los Angeles Sparks
Shot Chart Detail,1021800077,191,203029,Riquna Williams,1611661313,New York Liberty,2,4,23,Made Shot,Jump Shot,3PT Field Goal,Above the Break 3,Left Side Center(LC),24+ ft.,24,-124,214,1,1,20180624,LAS,NYL,2018,1021800077191,9370,validated,201496,1,matched,playbyplayv2,1611661320,201889|202250|202259|203411|203829,complete,playbyplay_inferred,100949|201496|203014|203029|203833,complete,playbyplay_inferred,1611661320,Los Angeles Sparks
Shot Chart Detail,1021800077,203,203029,Riquna Williams,1611661313,New York Liberty,2,3,32,Made Shot,Jump Shot,3PT Field Goal,Above the Break 3,Right Side Center(RC),24+ ft.,24,169,178,1,1,20180624,LAS,NYL,2018,1021800077203,9880,validated,201496,1,matched,playbyplayv2,1611661320,201889|202250|202259|203411|204327,complete,playbyplay_inferred,100949|201496|203014|203029|203833,complete,playbyplay_inferred,1611661320,Los Angeles Sparks
Shot Chart Detail,1021800077,213,203029,Riquna Williams,1611661313,New York Liberty,2,2,59,Missed Shot,Jump Shot,3PT Field Goal,Above the Break 3,Center(C),24+ ft.,24,74,236,1,0,20180624,LAS,NYL,2018,1021800077213,10210,validated,,0,matched,playbyplayv2,1611661320,201889|201913|202250|202259|204327,complete,playbyplay_inferred,100949|201496|203014|203029|203833,complete,playbyplay_inferred,1611661320,Los Angeles Sparks
Shot Chart Detail,1021800077,217,100949,Alana Beard,1611661313,New York Liberty,2,2,30,Missed Shot,Jump Shot,2PT Field Goal,In The Paint (Non-RA),Center(C),Less Than 8 ft.,6,-61,1,1,0,20180624,LAS,NYL,2018,1021800077217,10500,validated,,0,matched,playbyplayv2,1611661320,201889|201913|202250|202259|204327,complete,playbyplay_inferred,100949|201496|203014|203029|203833,complete,playbyplay_inferred,1611661320,Los Angeles Sparks
Shot Chart Detail,1021800077,221,201496,Candace Parker,1611661313,New York Liberty,2,2,4,Missed Shot,Jump Shot,3PT Field Goal,Above the Break 3,Left Side Center(LC),24+ ft.,24,-141,204,1,0,20180624,LAS,NYL,2018,1021800077221,10760,validated,,0,matched,playbyplayv2,1611661320,201889|201913|202250|202259|204327,complete,playbyplay_inferred,100949|201496|203014|203029|203833,complete,playbyplay_inferred,1611661320,Los Angeles Sparks
Shot Chart Detail,1021800077,241,202650,Jantel Lavender,1611661313,New York Liberty,2,1,28,Made Shot,Jump Shot,2PT Field Goal,Mid-Range,Left Side(L),16-24 ft.,20,-207,18,1,1,20180624,LAS,NYL,2018,1021800077241,11120,validated,201496,1,matched,playbyplayv2,1611661320,201919|202250|202259|203829|204320,complete,playbyplay_inferred,201496|202650|203029|203824|203833,complete,playbyplay_inferred,1611661320,Los Angeles Sparks
Shot Chart Detail,1021800077,244,201496,Candace Parker,1611661313,New York Liberty,2,1,3,Missed Shot,Jump Shot,3PT Field Goal,Above the Break 3,Left Side Center(LC),24+ ft.,23,-111,211,1,0,20180624,LAS,NYL,2018,1021800077244,11370,validated,,0,matched,playbyplayv2,1611661320,201919|202250|202259|203829|204320,complete,playbyplay_inferred,201496|202650|203029|203824|203833,complete,playbyplay_inferred,1611661320,Los Angeles Sparks
Shot Chart Detail,1021800077,249,203029,Riquna Williams,1611661313,New York Liberty,2,0,40,Made Shot,Jump Shot,3PT Field Goal,Above the Break 3,Left Side(L),24+ ft.,24,-234,63,1,1,20180624,LAS,NYL,2018,1021800077249,11600,validated,203833,1,matched,playbyplayv2,1611661320,201919|202250|202259|203829|204320,complete,playbyplay_inferred,201496|202650|203029|203824|203833,complete,playbyplay_inferred,1611661320,Los Angeles Sparks
Shot Chart Detail,1021800077,252,203029,Riquna Williams,1611661313,New York Liberty,2,0,0,Made Shot,Jump Shot,3PT Field Goal,Above the Break 3,Left Side Center(LC),24+ ft.,24,-222,97,1,1,20180624,LAS,NYL,2018,1021800077252,12000,validated,203833,1,matched,playbyplayv2,1611661320,201919|202250|202259|203829|204320,complete,playbyplay_inferred,201496|202650|203029|203824|203833,complete,playbyplay_inferred,1611661320,Los Angeles Sparks
Shot Chart Detail,1021800077,271,203833,Chelsea Gray,1611661313,New York Liberty,3,9,18,Missed Shot,Pullup Jump shot,2PT Field Goal,Mid-Range,Right Side Center(RC),16-24 ft.,18,148,116,1,0,20180624,LAS,NYL,2018,1021800077271,12420,validated,,0,matched,playbyplayv2,1611661320,201913|201919|202250|202259|203829,complete,playbyplay_inferred,100949|201496|201502|203014|203833,complete,playbyplay_inferred,1611661320,Los Angeles Sparks
Shot Chart Detail,1021800077,275,203014,Nneka Ogwumike,1611661313,New York Liberty,3,8,47,Missed Shot,Floating Jump shot,2PT Field Goal,In The Paint (Non-RA),Center(C),Less Than 8 ft.,6,-19,63,1,0,20180624,LAS,NYL,2018,1021800077275,12730,validated,,0,matched,playbyplayv2,1611661320,201913|201919|202250|202259|203829,complete,playbyplay_inferred,100949|201496|201502|203014|203833,complete,playbyplay_inferred,1611661320,Los Angeles Sparks
Shot Chart Detail,1021800077,281,203833,Chelsea Gray,1611661313,New York Liberty,3,8,4,Made Shot,Cutting Layup Shot,2PT Field Goal,Restricted Area,Center(C),Less Than 8 ft.,2,-7,28,1,1,20180624,LAS,NYL,2018,1021800077281,13160,validated,203014,1,matched,playbyplayv2,1611661320,201913|201919|202250|202259|203829,complete,playbyplay_inferred,100949|201496|201502|203014|203833,complete,playbyplay_inferred,1611661320,Los Angeles Sparks
Shot Chart Detail,1021800077,287,203014,Nneka Ogwumike,1611661313,New York Liberty,3,7,48,Made Shot,Cutting Layup Shot,2PT Field Goal,Restricted Area,Center(C),Less Than 8 ft.,1,19,6,1,1,20180624,LAS,NYL,2018,1021800077287,13320,validated,203833,1,matched,playbyplayv2,1611661320,201913|201919|202250|202259|203829,complete,playbyplay_inferred,100949|201496|201502|203014|203833,complete,playbyplay_inferred,1611661320,Los Angeles Sparks
Shot Chart Detail,1021800077,291,201502,Essence Carson,1611661313,New York Liberty,3,7,22,Missed Shot,Jump Shot,3PT Field Goal,Above the Break 3,Left Side(L),16-24 ft.,23,-215,94,1,0,20180624,LAS,NYL,2018,1021800077291,13580,validated,,0,matched,playbyplayv2,1611661320,201913|201919|202250|202259|203829,complete,playbyplay_inferred,100949|201496|201502|203014|203833,complete,playbyplay_inferred,1611661320,Los Angeles Sparks
Shot Chart Detail,1021800077,295,201496,Candace Parker,1611661313,New York Liberty,3,6,51,Missed Shot,Turnaround Jump Shot,2PT Field Goal,Mid-Range,Right Side(R),8-16 ft.,13,99,98,1,0,20180624,LAS,NYL,2018,1021800077295,13890,validated,,0,matched,playbyplayv2,1611661320,201913|201919|202250|202259|203829,complete,playbyplay_inferred,100949|201496|201502|203014|203833,complete,playbyplay_inferred,1611661320,Los Angeles Sparks
Shot Chart Detail,1021800077,299,201502,Essence Carson,1611661313,New York Liberty,3,6,11,Made Shot,Driving Floating Bank Jump Shot,2PT Field Goal,In The Paint (Non-RA),Center(C),Less Than 8 ft.,6,-14,63,1,1,20180624,LAS,NYL,2018,1021800077299,14290,validated,203833,1,matched,playbyplayv2,1611661320,201913|201919|202250|202259|203829,complete,playbyplay_inferred,100949|201496|201502|203014|203833,complete,playbyplay_inferred,1611661320,Los Angeles Sparks
Shot Chart Detail,1021800077,313,203014,Nneka Ogwumike,1611661313,New York Liberty,3,5,26,Made Shot,Cutting Layup Shot,2PT Field Goal,Restricted Area,Center(C),Less Than 8 ft.,2,-11,19,1,1,20180624,LAS,NYL,2018,1021800077313,14740,validated,203833,1,matched,playbyplayv2,1611661320,201913|201919|202250|203411|204327,complete,playbyplay_inferred,100949|201496|201502|203014|203833,complete,playbyplay_inferred,1611661320,Los Angeles Sparks
Shot Chart Detail,1021800077,322,203014,Nneka Ogwumike,1611661313,New York Liberty,3,4,37,Missed Shot,Jump Shot,2PT Field Goal,Mid-Range,Right Side(R),8-16 ft.,15,149,55,1,0,20180624,LAS,NYL,2018,1021800077322,15230,validated,,0,matched,playbyplayv2,1611661320,201913|201919|202250|203411|204327,complete,playbyplay_inferred,100949|201496|201502|203014|203833,complete,playbyplay_inferred,1611661320,Los Angeles Sparks
Shot Chart Detail,1021800077,341,100949,Alana Beard,1611661313,New York Liberty,3,3,41,Missed Shot,Jump Shot,2PT Field Goal,Mid-Range,Right Side Center(RC),16-24 ft.,20,120,163,1,0,20180624,LAS,NYL,2018,1021800077341,15790,validated,,0,matched,playbyplayv2,1611661320,203411|204320|204327|204329|1628915,complete,playbyplay_inferred,100949|201496|203029|203833|1628926,complete,playbyplay_inferred,1611661320,Los Angeles Sparks
Shot Chart Detail,1021800077,349,203029,Riquna Williams,1611661313,New York Liberty,3,2,42,Made Shot,Floating Jump shot,2PT Field Goal,Restricted Area,Center(C),Less Than 8 ft.,3,16,30,1,1,20180624,LAS,NYL,2018,1021800077349,16380,validated,100949,1,matched,playbyplayv2,1611661320,203411|204320|204327|204329|1628915,complete,playbyplay_inferred,100949|201496|203029|203833|1628926,complete,playbyplay_inferred,1611661320,Los Angeles Sparks
Shot Chart Detail,1021800077,363,203029,Riquna Williams,1611661313,New York Liberty,3,2,0,Missed Shot,Jump Shot,3PT Field Goal,Above the Break 3,Right Side Center(RC),24+ ft.,24,213,125,1,0,20180624,LAS,NYL,2018,1021800077363,16800,validated,,0,matched,playbyplayv2,1611661320,203411|204320|204327|204329|1628915,complete,playbyplay_inferred,201496|203029|203824|203833|1628926,complete,playbyplay_inferred,1611661320,Los Angeles Sparks
Shot Chart Detail,1021800077,367,201496,Candace Parker,1611661313,New York Liberty,3,1,47,Made Shot,Running Layup Shot,2PT Field Goal,Restricted Area,Center(C),Less Than 8 ft.,2,25,11,1,1,20180624,LAS,NYL,2018,1021800077367,16930,validated,203824,1,matched,playbyplayv2,1611661320,203411|204320|204327|204329|1628915,complete,playbyplay_inferred,201496|203029|203824|203833|1628926,complete,playbyplay_inferred,1611661320,Los Angeles Sparks
Shot Chart Detail,1021800077,378,203833,Chelsea Gray,1611661313,New York Liberty,3,1,21,Missed Shot,Step Back Jump shot,2PT Field Goal,In The Paint (Non-RA),Center(C),8-16 ft.,14,-28,138,1,0,20180624,LAS,NYL,2018,1021800077378,17190,validated,,0,matched,playbyplayv2,1611661320,202250|203411|204320|204327|1628915,complete,playbyplay_inferred,201496|202650|203029|203824|203833,complete,playbyplay_inferred,1611661320,Los Angeles Sparks
Shot Chart Detail,1021800077,391,202650,Jantel Lavender,1611661313,New York Liberty,3,0,3,Missed Shot,Jump Shot,3PT Field Goal,Above the Break 3,Left Side Center(LC),24+ ft.,24,-145,203,1,0,20180624,LAS,NYL,2018,1021800077391,17970,validated,,0,matched,playbyplayv2,1611661320,202250|203411|204320|204327|1628915,complete,playbyplay_inferred,202650|203029|203824|203833|1628926,complete,playbyplay_inferred,1611661320,Los Angeles Sparks
Shot Chart Detail,1021800077,401,203029,Riquna Williams,1611661313,New York Liberty,4,9,48,Made Shot,Jump Shot,3PT Field Goal,Above the Break 3,Left Side Center(LC),24+ ft.,24,-193,147,1,1,20180624,LAS,NYL,2018,1021800077401,18120,validated,100949,1,matched,playbyplayv2,1611661320,202250|203411|203829|204320|1628915,complete,playbyplay_inferred,100949|202650|203014|203029|203824,complete,playbyplay_inferred,1611661320,Los Angeles Sparks
Shot Chart Detail,1021800077,408,100949,Alana Beard,1611661313,New York Liberty,4,8,59,Missed Shot,Pullup Jump shot,2PT Field Goal,Mid-Range,Center(C),16-24 ft.,20,-63,200,1,0,20180624,LAS,NYL,2018,1021800077408,18610,validated,,0,matched,playbyplayv2,1611661320,202250|203411|203829|204320|1628915,complete,playbyplay_inferred,100949|202650|203014|203029|203824,complete,playbyplay_inferred,1611661320,Los Angeles Sparks
Shot Chart Detail,1021800077,419,203029,Riquna Williams,1611661313,New York Liberty,4,8,6,Made Shot,Jump Shot,3PT Field Goal,Above the Break 3,Center(C),24+ ft.,25,25,258,1,1,20180624,LAS,NYL,2018,1021800077419,19140,validated,203824,1,matched,playbyplayv2,1611661320,202250|203411|203829|204320|1628915,complete,playbyplay_inferred,100949|202650|203014|203029|203824,complete,playbyplay_inferred,1611661320,Los Angeles Sparks
Shot Chart Detail,1021800077,423,202650,Jantel Lavender,1611661313,New York Liberty,4,7,35,Missed Shot,Jump Shot,2PT Field Goal,Mid-Range,Center(C),16-24 ft.,19,-14,197,1,0,20180624,LAS,NYL,2018,1021800077423,19450,validated,,0,matched,playbyplayv2,1611661320,202250|203411|203829|204320|1628915,complete,playbyplay_inferred,100949|202650|203014|203029|203824,complete,playbyplay_inferred,1611661320,Los Angeles Sparks
Shot Chart Detail,1021800077,438,203029,Riquna Williams,1611661313,New York Liberty,4,7,7,Made Shot,Jump Shot,3PT Field Goal,Above the Break 3,Left Side Center(LC),24+ ft.,24,-159,188,1,1,20180624,LAS,NYL,2018,1021800077438,19730,validated,202650,1,matched,playbyplayv2,1611661320,201889|201919|202259|203829|204320,complete,playbyplay_inferred,201496|201502|202650|203029|203824,complete,playbyplay_inferred,1611661320,Los Angeles Sparks
Shot Chart Detail,1021800077,446,203029,Riquna Williams,1611661313,New York Liberty,4,6,54,Made Shot,Running Layup Shot,2PT Field Goal,Restricted Area,Center(C),Less Than 8 ft.,1,-11,14,1,1,20180624,LAS,NYL,2018,1021800077446,19860,validated,,0,matched,playbyplayv2,1611661320,201889|201919|202259|203829|204320,complete,playbyplay_inferred,201496|201502|202650|203029|203824,complete,playbyplay_inferred,1611661320,Los Angeles Sparks
Shot Chart Detail,1021800077,476,202650,Jantel Lavender,1611661313,New York Liberty,4,4,50,Made Shot,Jump Shot,2PT Field Goal,Mid-Range,Left Side Center(LC),16-24 ft.,19,-109,160,1,1,20180624,LAS,NYL,2018,1021800077476,21100,validated,1628317,1,matched,playbyplayv2,1611661320,201889|202259|204296|204320|204327,complete,playbyplay_inferred,200665|201502|202650|1628317|1628926,complete,playbyplay_inferred,1611661320,Los Angeles Sparks
Shot Chart Detail,1021800077,479,202650,Jantel Lavender,1611661313,New York Liberty,4,4,13,Missed Shot,Jump Shot,2PT Field Goal,Mid-Range,Center(C),16-24 ft.,20,-11,208,1,0,20180624,LAS,NYL,2018,1021800077479,21470,validated,,0,matched,playbyplayv2,1611661320,201889|202259|204296|204320|204327,complete,playbyplay_inferred,200665|201502|202650|1628317|1628926,complete,playbyplay_inferred,1611661320,Los Angeles Sparks
Shot Chart Detail,1021800077,483,1628926,Maria Kliundikova,1611661313,New York Liberty,4,3,47,Made Shot,Jump Shot,3PT Field Goal,Above the Break 3,Right Side Center(RC),24+ ft.,25,86,238,1,1,20180624,LAS,NYL,2018,1021800077483,21730,validated,1628317,1,matched,playbyplayv2,1611661320,201889|202259|204296|204320|204327,complete,playbyplay_inferred,200665|201502|202650|1628317|1628926,complete,playbyplay_inferred,1611661320,Los Angeles Sparks
Shot Chart Detail,1021800077,487,200665,Cappie Pondexter,1611661313,New York Liberty,4,3,43,Missed Shot,Layup Shot,2PT Field Goal,Restricted Area,Center(C),Less Than 8 ft.,2,10,25,1,0,20180624,LAS,NYL,2018,1021800077487,21770,validated,,0,matched,playbyplayv2,1611661320,201889|202259|204296|204320|204327,complete,playbyplay_inferred,200665|201502|202650|1628317|1628926,complete,playbyplay_inferred,1611661320,Los Angeles Sparks
Shot Chart Detail,1021800077,498,1628317,Karlie Samuelson,1611661313,New York Liberty,4,2,33,Missed Shot,Jump Shot,3PT Field Goal,Above the Break 3,Left Side(L),24+ ft.,23,-230,62,1,0,20180624,LAS,NYL,2018,1021800077498,22470,validated,,0,matched,playbyplayv2,1611661320,201889|202259|204296|204320|204327,complete,playbyplay_inferred,200665|201502|202650|1628317|1628926,complete,playbyplay_inferred,1611661320,Los Angeles Sparks
Shot Chart Detail,1021800077,500,201502,Essence Carson,1611661313,New York Liberty,4,2,18,Missed Shot,Jump Shot,2PT Field Goal,Mid-Range,Right Side Center(RC),16-24 ft.,20,111,175,1,0,20180624,LAS,NYL,2018,1021800077500,22620,validated,,0,matched,playbyplayv2,1611661320,201889|202259|204296|204320|204327,complete,playbyplay_inferred,200665|201502|202650|1628317|1628926,complete,playbyplay_inferred,1611661320,Los Angeles Sparks
Shot Chart Detail,1021800077,504,201502,Essence Carson,1611661313,New York Liberty,4,1,48,Made Shot,Floating Jump shot,2PT Field Goal,In The Paint (Non-RA),Center(C),Less Than 8 ft.,4,-2,47,1,1,20180624,LAS,NYL,2018,1021800077504,22920,validated,1628926,1,matched,playbyplayv2,1611661320,201889|202259|204296|204320|204327,complete,playbyplay_inferred,200665|201502|202650|1628317|1628926,complete,playbyplay_inferred,1611661320,Los Angeles Sparks
Shot Chart Detail,1021800077,527,202650,Jantel Lavender,1611661313,New York Liberty,4,0,24,Missed Shot,Floating Jump shot,2PT Field Goal,In The Paint (Non-RA),Center(C),Less Than 8 ft.,5,7,50,1,0,20180624,LAS,NYL,2018,1021800077527,23760,validated,,0,matched,playbyplayv2,1611661320,202259|204296|204320|204327|1628915,complete,playbyplay_inferred,200665|201502|202650|1628317|1628926,complete,playbyplay_inferred,1611661320,Los Angeles Sparks
Shot Chart Detail,1021800081,7,100940,Diana Taurasi,1611661313,New York Liberty,1,9,45,Made Shot,Jump Shot,2PT Field Goal,Mid-Range,Left Side Center(LC),16-24 ft.,17,-99,139,1,1,20180626,NYL,PHO,2018,10218000817,150,validated,201896,1,matched,playbyplayv2,1611661317,201913|201919|202250|202259|203829,complete,playbyplay_inferred,100940|101023|201886|201896|203398,complete,playbyplay_inferred,1611661317,Phoenix Mercury
Shot Chart Detail,1021800081,11,203398,Brittney Griner,1611661313,New York Liberty,1,9,9,Made Shot,Turnaround Hook Shot,2PT Field Goal,Mid-Range,Right Side(R),8-16 ft.,8,86,-15,1,1,20180626,NYL,PHO,2018,102180008111,510,validated,201886,1,matched,playbyplayv2,1611661317,201913|201919|202250|202259|203829,complete,playbyplay_inferred,100940|101023|201886|201896|203398,complete,playbyplay_inferred,1611661317,Phoenix Mercury
Shot Chart Detail,1021800081,15,203398,Brittney Griner,1611661313,New York Liberty,1,8,42,Missed Shot,Layup Shot,2PT Field Goal,Restricted Area,Center(C),Less Than 8 ft.,1,12,12,1,0,20180626,NYL,PHO,2018,102180008115,780,validated,,0,matched,playbyplayv2,1611661317,201913|201919|202250|202259|203829,complete,playbyplay_inferred,100940|101023|201886|201896|203398,complete,playbyplay_inferred,1611661317,Phoenix Mercury
Shot Chart Detail,1021800081,19,100940,Diana Taurasi,1611661313,New York Liberty,1,8,14,Made Shot,Jump Shot,3PT Field Goal,Above the Break 3,Left Side Center(LC),16-24 ft.,23,-77,221,1,1,20180626,NYL,PHO,2018,102180008119,1060,validated,,0,matched,playbyplayv2,1611661317,201913|201919|202250|202259|203829,complete,playbyplay_inferred,100940|101023|201886|201896|203398,complete,playbyplay_inferred,1611661317,Phoenix Mercury
Shot Chart Detail,1021800081,22,201886,DeWanna Bonner,1611661313,New York Liberty,1,7,39,Made Shot,Jump Shot,3PT Field Goal,Above the Break 3,Right Side Center(RC),24+ ft.,24,169,173,1,1,20180626,NYL,PHO,2018,102180008122,1410,validated,201896,1,matched,playbyplayv2,1611661317,201913|201919|202250|202259|203829,complete,playbyplay_inferred,100940|101023|201886|201896|203398,complete,playbyplay_inferred,1611661317,Phoenix Mercury
Shot Chart Detail,1021800081,26,203398,Brittney Griner,1611661313,New York Liberty,1,7,14,Made Shot,Layup Shot,2PT Field Goal,Restricted Area,Center(C),Less Than 8 ft.,1,12,12,1,1,20180626,NYL,PHO,2018,102180008126,1660,validated,101023,1,matched,playbyplayv2,1611661317,201913|201919|202250|202259|203829,complete,playbyplay_inferred,100940|101023|201886|201896|203398,complete,playbyplay_inferred,1611661317,Phoenix Mercury
Shot Chart Detail,1021800081,34,201886,DeWanna Bonner,1611661313,New York Liberty,1,6,29,Made Shot,Jump Shot,3PT Field Goal,Above the Break 3,Left Side Center(LC),24+ ft.,27,-165,224,1,1,20180626,NYL,PHO,2018,102180008134,2110,validated,203398,1,matched,playbyplayv2,1611661317,201913|201919|202250|202259|203829,complete,playbyplay_inferred,100940|101023|201507|201886|203398,complete,playbyplay_inferred,1611661317,Phoenix Mercury
Shot Chart Detail,1021800081,39,201507,Leilani Mitchell,1611661313,New York Liberty,1,5,36,Missed Shot,Jump Shot,3PT Field Goal,Above the Break 3,Right Side Center(RC),24+ ft.,24,168,177,1,0,20180626,NYL,PHO,2018,102180008139,2640,validated,,0,matched,playbyplayv2,1611661317,201913|201919|202250|202259|203829,complete,playbyplay_inferred,100940|101023|201507|201886|203398,complete,playbyplay_inferred,1611661317,Phoenix Mercury
Shot Chart Detail,1021800081,46,201886,DeWanna Bonner,1611661313,New York Liberty,1,5,2,Missed Shot,Layup Shot,2PT Field Goal,Restricted Area,Center(C),Less Than 8 ft.,1,3,15,1,0,20180626,NYL,PHO,2018,102180008146,2980,validated,,0,matched,playbyplayv2,1611661317,201913|201919|202250|202259|203829,complete,playbyplay_inferred,100940|101023|201507|201886|203398,complete,playbyplay_inferred,1611661317,Phoenix Mercury
Shot Chart Detail,1021800081,65,201896,Briann January,1611661313,New York Liberty,1,4,17,Missed Shot,Jump Shot,2PT Field Goal,In The Paint (Non-RA),Left Side(L),8-16 ft.,13,-76,108,1,0,20180626,NYL,PHO,2018,102180008165,3430,validated,,0,matched,playbyplayv2,1611661317,201919|202250|203411|204320|204327,complete,playbyplay_inferred,100940|201067|201507|201896|203398,complete,playbyplay_inferred,1611661317,Phoenix Mercury
Shot Chart Detail,1021800081,69,203398,Brittney Griner,1611661313,New York Liberty,1,3,57,Missed Shot,Jump Shot,2PT Field Goal,In The Paint (Non-RA),Center(C),Less Than 8 ft.,6,36,60,1,0,20180626,NYL,PHO,2018,102180008169,3630,validated,,0,matched,playbyplayv2,1611661317,201919|202250|203411|204320|204327,complete,playbyplay_inferred,100940|201067|201507|201896|203398,complete,playbyplay_inferred,1611661317,Phoenix Mercury
Shot Chart Detail,1021800081,73,201507,Leilani Mitchell,1611661313,New York Liberty,1,3,35,Made Shot,Jump Shot,3PT Field Goal,Right Corner 3,Right Side(R),24+ ft.,22,221,5,1,1,20180626,NYL,PHO,2018,102180008173,3850,validated,100940,1,matched,playbyplayv2,1611661317,201919|202250|203411|204320|204327,complete,playbyplay_inferred,100940|201067|201507|201896|203398,complete,playbyplay_inferred,1611661317,Phoenix Mercury
Shot Chart Detail,1021800081,82,203398,Brittney Griner,1611661313,New York Liberty,1,2,26,Made Shot,Driving Finger Roll Layup Shot,2PT Field Goal,Restricted Area,Center(C),Less Than 8 ft.,1,6,17,1,1,20180626,NYL,PHO,2018,102180008182,4540,validated,100940,1,matched,playbyplayv2,1611661317,201919|202250|203411|204320|204327,complete,playbyplay_inferred,100940|201067|201507|201896|203398,complete,playbyplay_inferred,1611661317,Phoenix Mercury
Shot Chart Detail,1021800081,86,100940,Diana Taurasi,1611661313,New York Liberty,1,1,45,Made Shot,Jump Shot,3PT Field Goal,Above the Break 3,Right Side Center(RC),24+ ft.,24,191,161,1,1,20180626,NYL,PHO,2018,102180008186,4950,validated,,0,matched,playbyplayv2,1611661317,201919|202250|203411|204320|204327,complete,playbyplay_inferred,100940|201067|201507|201896|203398,complete,playbyplay_inferred,1611661317,Phoenix Mercury
Shot Chart Detail,1021800081,88,201507,Leilani Mitchell,1611661313,New York Liberty,1,1,13,Made Shot,Jump Shot,3PT Field Goal,Above the Break 3,Right Side Center(RC),16-24 ft.,23,181,151,1,1,20180626,NYL,PHO,2018,102180008188,5270,validated,201896,1,matched,playbyplayv2,1611661317,201919|202250|203411|204320|204327,complete,playbyplay_inferred,100940|201067|201507|201896|203398,complete,playbyplay_inferred,1611661317,Phoenix Mercury
Shot Chart Detail,1021800081,92,100940,Diana Taurasi,1611661313,New York Liberty,1,0,52,Made Shot,Jump Shot,3PT Field Goal,Above the Break 3,Center(C),24+ ft.,24,11,244,1,1,20180626,NYL,PHO,2018,102180008192,5480,validated,,0,matched,playbyplayv2,1611661317,201919|202250|203411|204320|204327,complete,playbyplay_inferred,100940|201067|201507|201896|203398,complete,playbyplay_inferred,1611661317,Phoenix Mercury
Shot Chart Detail,1021800081,109,201507,Leilani Mitchell,1611661313,New York Liberty,1,0,1,Missed Shot,Jump Shot,3PT Field Goal,Above the Break 3,Center(C),16-24 ft.,23,-9,237,1,0,20180626,NYL,PHO,2018,1021800081109,5990,validated,,0,matched,playbyplayv2,1611661317,201919|202250|203411|204320|204327,complete,playbyplay_inferred,201067|201507|201886|201896|203398,complete,playbyplay_inferred,1611661317,Phoenix Mercury
Shot Chart Detail,1021800081,122,201886,DeWanna Bonner,1611661313,New York Liberty,2,9,8,Missed Shot,Jump Shot,3PT Field Goal,Above the Break 3,Left Side Center(LC),16-24 ft.,23,-183,150,1,0,20180626,NYL,PHO,2018,1021800081122,6520,validated,,0,matched,playbyplayv2,1611661317,203411|204320|204327|204329|1628915,complete,playbyplay_inferred,201067|201507|201886|201896|203398,complete,playbyplay_inferred,1611661317,Phoenix Mercury
Shot Chart Detail,1021800081,125,201067,Camille Smith,1611661313,New York Liberty,2,8,40,Missed Shot,Jump Shot,2PT Field Goal,Mid-Range,Right Side Center(RC),16-24 ft.,18,61,179,1,0,20180626,NYL,PHO,2018,1021800081125,6800,validated,,0,matched,playbyplayv2,1611661317,203411|204320|204327|204329|1628915,complete,playbyplay_inferred,201067|201507|201886|201896|203398,complete,playbyplay_inferred,1611661317,Phoenix Mercury
Shot Chart Detail,1021800081,127,203398,Brittney Griner,1611661313,New York Liberty,2,8,24,Missed Shot,Turnaround Fadeaway shot,2PT Field Goal,In The Paint (Non-RA),Center(C),8-16 ft.,15,73,138,1,0,20180626,NYL,PHO,2018,1021800081127,6960,validated,,0,matched,playbyplayv2,1611661317,203411|204320|204327|204329|1628915,complete,playbyplay_inferred,201067|201507|201886|201896|203398,complete,playbyplay_inferred,1611661317,Phoenix Mercury
Shot Chart Detail,1021800081,137,101023,Sancho Lyttle,1611661313,New York Liberty,2,7,46,Missed Shot,Jump Shot,2PT Field Goal,Mid-Range,Left Side(L),16-24 ft.,18,-183,6,1,0,20180626,NYL,PHO,2018,1021800081137,7340,validated,,0,matched,playbyplayv2,1611661317,203411|204320|204327|204329|1628915,complete,playbyplay_inferred,100940|101023|201886|201896|203398,complete,playbyplay_inferred,1611661317,Phoenix Mercury
Shot Chart Detail,1021800081,144,201896,Briann January,1611661313,New York Liberty,2,7,20,Missed Shot,Jump Shot,3PT Field Goal,Left Corner 3,Left Side(L),24+ ft.,23,-232,-15,1,0,20180626,NYL,PHO,2018,1021800081144,7600,validated,,0,matched,playbyplayv2,1611661317,203411|204320|204327|204329|1628915,complete,playbyplay_inferred,100940|101023|201886|201896|203398,complete,playbyplay_inferred,1611661317,Phoenix Mercury
Shot Chart Detail,1021800081,148,100940,Diana Taurasi,1611661313,New York Liberty,2,6,51,Made Shot,Jump Shot,3PT Field Goal,Left Corner 3,Left Side(L),24+ ft.,23,-233,-30,1,1,20180626,NYL,PHO,2018,1021800081148,7890,validated,201886,1,matched,playbyplayv2,1611661317,203411|204320|204327|204329|1628915,complete,playbyplay_inferred,100940|101023|201886|201896|203398,complete,playbyplay_inferred,1611661317,Phoenix Mercury
Shot Chart Detail,1021800081,163,100940,Diana Taurasi,1611661313,New York Liberty,2,6,11,Made Shot,Jump Shot,3PT Field Goal,Above the Break 3,Left Side Center(LC),16-24 ft.,23,-143,189,1,1,20180626,NYL,PHO,2018,1021800081163,8290,validated,,0,matched,playbyplayv2,1611661317,202250|203411|204320|204327|1628915,complete,playbyplay_inferred,100940|101023|201507|201896|203398,complete,playbyplay_inferred,1611661317,Phoenix Mercury
Shot Chart Detail,1021800081,170,101023,Sancho Lyttle,1611661313,New York Liberty,2,5,25,Made Shot,Layup Shot,2PT Field Goal,Restricted Area,Center(C),Less Than 8 ft.,1,-13,9,1,1,20180626,NYL,PHO,2018,1021800081170,8750,validated,100940,1,matched,playbyplayv2,1611661317,202250|203411|204320|204327|1628915,complete,playbyplay_inferred,100940|101023|201507|201896|203398,complete,playbyplay_inferred,1611661317,Phoenix Mercury
Shot Chart Detail,1021800081,207,201067,Camille Smith,1611661313,New York Liberty,2,2,51,Missed Shot,Jump Shot,2PT Field Goal,Mid-Range,Center(C),16-24 ft.,18,-49,174,1,0,20180626,NYL,PHO,2018,1021800081207,10290,validated,,0,matched,playbyplayv2,1611661317,201919|202250|203411|203829|204320,complete,playbyplay_inferred,100940|201067|201507|201896|203398,complete,playbyplay_inferred,1611661317,Phoenix Mercury
Shot Chart Detail,1021800081,222,201886,DeWanna Bonner,1611661313,New York Liberty,2,1,37,Missed Shot,Jump Shot,2PT Field Goal,Mid-Range,Right Side Center(RC),16-24 ft.,17,57,165,1,0,20180626,NYL,PHO,2018,1021800081222,11030,validated,,0,matched,playbyplayv2,1611661317,201919|202250|203411|203829|204320,complete,playbyplay_inferred,100940|101023|201886|201896|203398,complete,playbyplay_inferred,1611661317,Phoenix Mercury
Shot Chart Detail,1021800081,226,203398,Brittney Griner,1611661313,New York Liberty,2,0,58,Missed Shot,Turnaround Hook Shot,2PT Field Goal,Restricted Area,Center(C),Less Than 8 ft.,2,20,16,1,0,20180626,NYL,PHO,2018,1021800081226,11420,validated,,0,matched,playbyplayv2,1611661317,201919|202250|203411|203829|204320,complete,playbyplay_inferred,100940|101023|201886|201896|203398,complete,playbyplay_inferred,1611661317,Phoenix Mercury
Shot Chart Detail,1021800081,255,100940,Diana Taurasi,1611661313,New York Liberty,3,8,57,Made Shot,Jump Shot,3PT Field Goal,Above the Break 3,Left Side Center(LC),24+ ft.,24,-175,172,1,1,20180626,NYL,PHO,2018,1021800081255,12630,validated,,0,matched,playbyplayv2,1611661317,201913|201919|202250|202259|203829,complete,playbyplay_inferred,100940|101023|201886|201896|203398,complete,playbyplay_inferred,1611661317,Phoenix Mercury
Shot Chart Detail,1021800081,265,203398,Brittney Griner,1611661313,New York Liberty,3,8,20,Missed Shot,Jump Shot,2PT Field Goal,Mid-Range,Right Side(R),8-16 ft.,13,135,12,1,0,20180626,NYL,PHO,2018,1021800081265,13000,validated,,0,matched,playbyplayv2,1611661317,201913|201919|202250|202259|203829,complete,playbyplay_inferred,100940|101023|201886|201896|203398,complete,playbyplay_inferred,1611661317,Phoenix Mercury
Shot Chart Detail,1021800081,267,101023,Sancho Lyttle,1611661313,New York Liberty,3,8,14,Missed Shot,Layup Shot,2PT Field Goal,Restricted Area,Center(C),Less Than 8 ft.,2,-2,24,1,0,20180626,NYL,PHO,2018,1021800081267,13060,validated,,0,matched,playbyplayv2,1611661317,201913|201919|202250|202259|203829,complete,playbyplay_inferred,100940|101023|201886|201896|203398,complete,playbyplay_inferred,1611661317,Phoenix Mercury
Shot Chart Detail,1021800081,272,101023,Sancho Lyttle,1611661313,New York Liberty,3,7,46,Missed Shot,Jump Shot,2PT Field Goal,Mid-Range,Center(C),16-24 ft.,18,46,181,1,0,20180626,NYL,PHO,2018,1021800081272,13340,validated,,0,matched,playbyplayv2,1611661317,201913|201919|202250|202259|203829,complete,playbyplay_inferred,100940|101023|201886|201896|203398,complete,playbyplay_inferred,1611661317,Phoenix Mercury
Shot Chart Detail,1021800081,278,101023,Sancho Lyttle,1611661313,New York Liberty,3,7,18,Missed Shot,Jump Shot,2PT Field Goal,Mid-Range,Right Side(R),16-24 ft.,19,163,101,1,0,20180626,NYL,PHO,2018,1021800081278,13620,validated,,0,matched,playbyplayv2,1611661317,201913|201919|202250|202259|203829,complete,playbyplay_inferred,100940|101023|201886|201896|203398,complete,playbyplay_inferred,1611661317,Phoenix Mercury
Shot Chart Detail,1021800081,282,101023,Sancho Lyttle,1611661313,New York Liberty,3,6,49,Made Shot,Layup Shot,2PT Field Goal,Restricted Area,Center(C),Less Than 8 ft.,1,-14,13,1,1,20180626,NYL,PHO,2018,1021800081282,13910,validated,100940,1,matched,playbyplayv2,1611661317,201913|201919|202250|202259|203829,complete,playbyplay_inferred,100940|101023|201886|201896|203398,complete,playbyplay_inferred,1611661317,Phoenix Mercury
Shot Chart Detail,1021800081,286,201886,DeWanna Bonner,1611661313,New York Liberty,3,6,14,Missed Shot,Jump Shot,3PT Field Goal,Above the Break 3,Left Side Center(LC),24+ ft.,27,-196,190,1,0,20180626,NYL,PHO,2018,1021800081286,14260,validated,,0,matched,playbyplayv2,1611661317,201913|201919|202250|202259|203829,complete,playbyplay_inferred,100940|101023|201886|201896|203398,complete,playbyplay_inferred,1611661317,Phoenix Mercury
Shot Chart Detail,1021800081,291,101023,Sancho Lyttle,1611661313,New York Liberty,3,5,39,Made Shot,Layup Shot,2PT Field Goal,Restricted Area,Center(C),Less Than 8 ft.,2,-24,12,1,1,20180626,NYL,PHO,2018,1021800081291,14610,validated,100940,1,matched,playbyplayv2,1611661317,201913|201919|202250|202259|203829,complete,playbyplay_inferred,100940|101023|201886|201896|203398,complete,playbyplay_inferred,1611661317,Phoenix Mercury
Shot Chart Detail,1021800081,296,100940,Diana Taurasi,1611661313,New York Liberty,3,5,17,Made Shot,Jump Shot,3PT Field Goal,Above the Break 3,Right Side Center(RC),24+ ft.,25,94,234,1,1,20180626,NYL,PHO,2018,1021800081296,14830,validated,,0,matched,playbyplayv2,1611661317,201913|201919|202250|202259|203829,complete,playbyplay_inferred,100940|101023|201886|201896|203398,complete,playbyplay_inferred,1611661317,Phoenix Mercury
Shot Chart Detail,1021800081,309,201886,DeWanna Bonner,1611661313,New York Liberty,3,4,28,Made Shot,Driving Finger Roll Layup Shot,2PT Field Goal,Restricted Area,Center(C),Less Than 8 ft.,2,4,22,1,1,20180626,NYL,PHO,2018,1021800081309,15320,validated,,0,matched,playbyplayv2,1611661317,201919|202250|202259|203829|204320,complete,playbyplay_inferred,100940|201067|201507|201886|203398,complete,playbyplay_inferred,1611661317,Phoenix Mercury
Shot Chart Detail,1021800081,311,100940,Diana Taurasi,1611661313,New York Liberty,3,3,57,Missed Shot,Jump Shot,3PT Field Goal,Above the Break 3,Right Side Center(RC),24+ ft.,24,139,202,1,0,20180626,NYL,PHO,2018,1021800081311,15630,validated,,0,matched,playbyplayv2,1611661317,201919|202250|202259|203829|204320,complete,playbyplay_inferred,100940|201067|201507|201886|203398,complete,playbyplay_inferred,1611661317,Phoenix Mercury
Shot Chart Detail,1021800081,369,201507,Leilani Mitchell,1611661313,New York Liberty,3,1,51,Made Shot,Jump Shot,3PT Field Goal,Above the Break 3,Right Side Center(RC),24+ ft.,24,145,201,1,1,20180626,NYL,PHO,2018,1021800081369,16890,validated,201886,1,matched,playbyplayv2,1611661317,203411|204320|204327|204329|1628915,complete,playbyplay_inferred,201067|201507|201886|201896|203398,complete,playbyplay_inferred,1611661317,Phoenix Mercury
Shot Chart Detail,1021800081,382,203398,Brittney Griner,1611661313,New York Liberty,3,0,57,Missed Shot,Turnaround Jump Shot,2PT Field Goal,In The Paint (Non-RA),Left Side(L),8-16 ft.,12,-76,101,1,0,20180626,NYL,PHO,2018,1021800081382,17430,validated,,0,matched,playbyplayv2,1611661317,203411|204320|204327|204329|1628915,complete,playbyplay_inferred,101023|201507|201886|201896|203398,complete,playbyplay_inferred,1611661317,Phoenix Mercury
Shot Chart Detail,1021800081,386,101023,Sancho Lyttle,1611661313,New York Liberty,3,0,40,Missed Shot,Jump Shot,2PT Field Goal,Mid-Range,Center(C),16-24 ft.,18,-41,183,1,0,20180626,NYL,PHO,2018,1021800081386,17600,validated,,0,matched,playbyplayv2,1611661317,203411|204320|204327|204329|1628915,complete,playbyplay_inferred,101023|201507|201886|201896|203398,complete,playbyplay_inferred,1611661317,Phoenix Mercury
Shot Chart Detail,1021800081,412,100940,Diana Taurasi,1611661313,New York Liberty,4,9,36,Missed Shot,Jump Shot,3PT Field Goal,Above the Break 3,Left Side Center(LC),24+ ft.,24,-202,136,1,0,20180626,NYL,PHO,2018,1021800081412,18240,validated,,0,matched,playbyplayv2,1611661317,201919|202250|203829|204329|1628915,complete,playbyplay_inferred,100940|101023|201067|201507|201896,complete,playbyplay_inferred,1611661317,Phoenix Mercury
Shot Chart Detail,1021800081,416,100940,Diana Taurasi,1611661313,New York Liberty,4,9,20,Missed Shot,Jump Shot,3PT Field Goal,Above the Break 3,Left Side Center(LC),24+ ft.,27,-101,260,1,0,20180626,NYL,PHO,2018,1021800081416,18400,validated,,0,matched,playbyplayv2,1611661317,201919|202250|203829|204329|1628915,complete,playbyplay_inferred,100940|101023|201067|201507|201896,complete,playbyplay_inferred,1611661317,Phoenix Mercury
Shot Chart Detail,1021800081,420,101023,Sancho Lyttle,1611661313,New York Liberty,4,8,47,Missed Shot,Jump Shot,2PT Field Goal,Mid-Range,Left Side(L),8-16 ft.,9,-97,-5,1,0,20180626,NYL,PHO,2018,1021800081420,18730,validated,,0,matched,playbyplayv2,1611661317,201919|202250|203829|204329|1628915,complete,playbyplay_inferred,100940|101023|201067|201507|201896,complete,playbyplay_inferred,1611661317,Phoenix Mercury
Shot Chart Detail,1021800081,424,101023,Sancho Lyttle,1611661313,New York Liberty,4,8,10,Made Shot,Jump Shot,2PT Field Goal,Mid-Range,Left Side Center(LC),16-24 ft.,18,-98,159,1,1,20180626,NYL,PHO,2018,1021800081424,19100,validated,100940,1,matched,playbyplayv2,1611661317,201919|202250|203829|204329|1628915,complete,playbyplay_inferred,100940|101023|201067|201507|201896,complete,playbyplay_inferred,1611661317,Phoenix Mercury
Shot Chart Detail,1021800081,433,100940,Diana Taurasi,1611661313,New York Liberty,4,7,43,Missed Shot,Turnaround Jump Shot,3PT Field Goal,Above the Break 3,Right Side Center(RC),24+ ft.,25,103,233,1,0,20180626,NYL,PHO,2018,1021800081433,19370,validated,,0,matched,playbyplayv2,1611661317,201919|202250|203829|204329|1628915,complete,playbyplay_inferred,100940|101023|201507|201886|203398,complete,playbyplay_inferred,1611661317,Phoenix Mercury
Shot Chart Detail,1021800081,437,201507,Leilani Mitchell,1611661313,New York Liberty,4,7,22,Missed Shot,Running Layup Shot,2PT Field Goal,Restricted Area,Center(C),Less Than 8 ft.,2,20,13,1,0,20180626,NYL,PHO,2018,1021800081437,19580,validated,,0,matched,playbyplayv2,1611661317,201919|202250|203829|204329|1628915,complete,playbyplay_inferred,100940|101023|201507|201886|203398,complete,playbyplay_inferred,1611661317,Phoenix Mercury
Shot Chart Detail,1021800081,458,101023,Sancho Lyttle,1611661313,New York Liberty,4,5,27,Missed Shot,Jump Shot,2PT Field Goal,Mid-Range,Right Side Center(RC),16-24 ft.,18,104,158,1,0,20180626,NYL,PHO,2018,1021800081458,20730,validated,,0,matched,playbyplayv2,1611661317,201919|202250|203829|204329|1628915,complete,playbyplay_inferred,100940|101023|201886|201896|203398,complete,playbyplay_inferred,1611661317,Phoenix Mercury
Shot Chart Detail,1021800081,462,203398,Brittney Griner,1611661313,New York Liberty,4,5,1,Made Shot,Turnaround Hook Shot,2PT Field Goal,In The Paint (Non-RA),Center(C),Less Than 8 ft.,7,74,3,1,1,20180626,NYL,PHO,2018,1021800081462,20990,validated,201886,1,matched,playbyplayv2,1611661317,201919|202250|203829|204329|1628915,complete,playbyplay_inferred,100940|101023|201886|201896|203398,complete,playbyplay_inferred,1611661317,Phoenix Mercury
Shot Chart Detail,1021800081,466,201886,DeWanna Bonner,1611661313,New York Liberty,4,4,25,Made Shot,Jump Shot,2PT Field Goal,Mid-Range,Left Side(L),16-24 ft.,21,-215,-4,1,1,20180626,NYL,PHO,2018,1021800081466,21350,validated,203398,1,matched,playbyplayv2,1611661317,201919|202250|203829|204329|1628915,complete,playbyplay_inferred,100940|101023|201886|201896|203398,complete,playbyplay_inferred,1611661317,Phoenix Mercury
Shot Chart Detail,1021800081,470,201886,DeWanna Bonner,1611661313,New York Liberty,4,3,52,Made Shot,Jump Shot,3PT Field Goal,Above the Break 3,Right Side Center(RC),24+ ft.,26,86,251,1,1,20180626,NYL,PHO,2018,1021800081470,21680,validated,203398,1,matched,playbyplayv2,1611661317,201919|202250|203829|204329|1628915,complete,playbyplay_inferred,100940|101023|201886|201896|203398,complete,playbyplay_inferred,1611661317,Phoenix Mercury
Shot Chart Detail,1021800081,480,201896,Briann January,1611661313,New York Liberty,4,2,37,Made Shot,Jump Shot,2PT Field Goal,Mid-Range,Left Side(L),8-16 ft.,13,-124,43,1,1,20180626,NYL,PHO,2018,1021800081480,22430,validated,201886,1,matched,playbyplayv2,1611661317,201919|202250|203829|204329|1628915,complete,playbyplay_inferred,100940|101023|201886|201896|203398,complete,playbyplay_inferred,1611661317,Phoenix Mercury
Shot Chart Detail,1021800081,499,201886,DeWanna Bonner,1611661313,New York Liberty,4,1,58,Made Shot,Jump Shot,3PT Field Goal,Above the Break 3,Left Side Center(LC),24+ ft.,26,-137,228,1,1,20180626,NYL,PHO,2018,1021800081499,22820,validated,100940,1,matched,playbyplayv2,1611661317,204296|204320|204327|204329|1628915,complete,playbyplay_inferred,100940|201067|201886|201896|203398,complete,playbyplay_inferred,1611661317,Phoenix Mercury
Shot Chart Detail,1021800088,8,201506,LaToya Sanders,1611661313,New York Liberty,1,9,30,Missed Shot,Turnaround Jump Shot,2PT Field Goal,Mid-Range,Left Side(L),8-16 ft.,12,-117,49,1,0,20180628,WAS,NYL,2018,10218000888,300,validated,,0,matched,playbyplayv2,1611661322,201913|201919|202250|202259|203829,complete,playbyplay_inferred,201506|201911|203399|204333|1628278,complete,playbyplay_inferred,1611661322,Washington Mystics
Shot Chart Detail,1021800088,13,201911,Kristi Toliver,1611661313,New York Liberty,1,8,57,Made Shot,Jump Shot,3PT Field Goal,Left Corner 3,Left Side(L),24+ ft.,22,-228,-25,1,1,20180628,WAS,NYL,2018,102180008813,630,validated,1628278,1,matched,playbyplayv2,1611661322,201913|201919|202250|202259|203829,complete,playbyplay_inferred,201506|201911|203399|204333|1628278,complete,playbyplay_inferred,1611661322,Washington Mystics
Shot Chart Detail,1021800088,23,203399,Elena Delle Donne,1611661313,New York Liberty,1,8,1,Missed Shot,Turnaround Jump Shot,2PT Field Goal,Mid-Range,Right Side(R),8-16 ft.,9,87,24,1,0,20180628,WAS,NYL,2018,102180008823,1190,validated,,0,matched,playbyplayv2,1611661322,201913|201919|202250|202259|203829,complete,playbyplay_inferred,201506|201911|203399|204333|1628278,complete,playbyplay_inferred,1611661322,Washington Mystics
Shot Chart Detail,1021800088,27,1628278,Shatori Walker-Kimbrough,1611661313,New York Liberty,1,7,44,Missed Shot,Jump Shot,2PT Field Goal,Mid-Range,Left Side(L),16-24 ft.,20,-203,-9,1,0,20180628,WAS,NYL,2018,102180008827,1360,validated,,0,matched,playbyplayv2,1611661322,201913|201919|202250|202259|203829,complete,playbyplay_inferred,201506|201911|203399|204333|1628278,complete,playbyplay_inferred,1611661322,Washington Mystics
Shot Chart Detail,1021800088,43,1628278,Shatori Walker-Kimbrough,1611661313,New York Liberty,1,6,28,Missed Shot,Jump Shot,3PT Field Goal,Above the Break 3,Right Side Center(RC),24+ ft.,24,159,184,1,0,20180628,WAS,NYL,2018,102180008843,2120,validated,,0,matched,playbyplayv2,1611661322,201913|201919|202250|202259|203829,complete,playbyplay_inferred,201506|201911|203399|204333|1628278,complete,playbyplay_inferred,1611661322,Washington Mystics
Shot Chart Detail,1021800088,45,204333,Natasha Cloud,1611661313,New York Liberty,1,6,13,Made Shot,Driving Layup Shot,2PT Field Goal,Restricted Area,Center(C),Less Than 8 ft.,2,24,11,1,1,20180628,WAS,NYL,2018,102180008845,2270,validated,201506,1,matched,playbyplayv2,1611661322,201913|201919|202250|202259|203829,complete,playbyplay_inferred,201506|201911|203399|204333|1628278,complete,playbyplay_inferred,1611661322,Washington Mystics
Shot Chart Detail,1021800088,49,203399,Elena Delle Donne,1611661313,New York Liberty,1,5,38,Made Shot,Turnaround Jump Shot,2PT Field Goal,In The Paint (Non-RA),Right Side(R),8-16 ft.,8,80,15,1,1,20180628,WAS,NYL,2018,102180008849,2620,validated,,0,matched,playbyplayv2,1611661322,201913|201919|202250|202259|203829,complete,playbyplay_inferred,201506|201911|203399|204333|1628278,complete,playbyplay_inferred,1611661322,Washington Mystics
Shot Chart Detail,1021800088,52,1628278,Shatori Walker-Kimbrough,1611661313,New York Liberty,1,5,17,Made Shot,Jump Shot,3PT Field Goal,Above the Break 3,Right Side(R),24+ ft.,23,225,72,1,1,20180628,WAS,NYL,2018,102180008852,2830,validated,203399,1,matched,playbyplayv2,1611661322,201913|201919|202250|202259|203829,complete,playbyplay_inferred,201506|201911|203399|204333|1628278,complete,playbyplay_inferred,1611661322,Washington Mystics
Shot Chart Detail,1021800088,56,203399,Elena Delle Donne,1611661313,New York Liberty,1,4,51,Missed Shot,Jump Shot,3PT Field Goal,Above the Break 3,Center(C),24+ ft.,25,-75,248,1,0,20180628,WAS,NYL,2018,102180008856,3090,validated,,0,matched,playbyplayv2,1611661322,201913|201919|202250|202259|203829,complete,playbyplay_inferred,201506|201911|203399|204333|1628278,complete,playbyplay_inferred,1611661322,Washington Mystics
Shot Chart Detail,1021800088,69,1628278,Shatori Walker-Kimbrough,1611661313,New York Liberty,1,4,21,Missed Shot,Jump Shot,3PT Field Goal,Left Corner 3,Left Side(L),24+ ft.,22,-228,3,1,0,20180628,WAS,NYL,2018,102180008869,3390,validated,,0,matched,playbyplayv2,1611661322,201913|201919|202250|203411|204327,complete,playbyplay_inferred,201911|202663|203399|204333|1628278,complete,playbyplay_inferred,1611661322,Washington Mystics
Shot Chart Detail,1021800088,72,1628278,Shatori Walker-Kimbrough,1611661313,New York Liberty,1,3,39,Missed Shot,Jump Shot,3PT Field Goal,Above the Break 3,Right Side Center(RC),24+ ft.,28,133,249,1,0,20180628,WAS,NYL,2018,102180008872,3810,validated,,0,matched,playbyplayv2,1611661322,201913|201919|202250|203411|204327,complete,playbyplay_inferred,201911|202663|203399|204333|1628278,complete,playbyplay_inferred,1611661322,Washington Mystics
Shot Chart Detail,1021800088,78,203399,Elena Delle Donne,1611661313,New York Liberty,1,3,16,Made Shot,Running Jump Shot,2PT Field Goal,In The Paint (Non-RA),Center(C),Less Than 8 ft.,6,43,52,1,1,20180628,WAS,NYL,2018,102180008878,4040,validated,,0,matched,playbyplayv2,1611661322,201913|201919|202250|203411|204327,complete,playbyplay_inferred,201911|202663|203399|204333|1628278,complete,playbyplay_inferred,1611661322,Washington Mystics
Shot Chart Detail,1021800088,91,203399,Elena Delle Donne,1611661313,New York Liberty,1,2,29,Missed Shot,Running Jump Shot,2PT Field Goal,In The Paint (Non-RA),Center(C),Less Than 8 ft.,7,-68,39,1,0,20180628,WAS,NYL,2018,102180008891,4510,validated,,0,matched,playbyplayv2,1611661322,201913|201919|202250|203411|204327,complete,playbyplay_inferred,200673|201911|202663|203399|203437,complete,playbyplay_inferred,1611661322,Washington Mystics
Shot Chart Detail,1021800088,95,203437,Tierra Ruffin-Pratt,1611661313,New York Liberty,1,2,5,Missed Shot,Running Pull-Up Jump Shot,2PT Field Goal,Mid-Range,Left Side(L),8-16 ft.,12,-120,44,1,0,20180628,WAS,NYL,2018,102180008895,4750,validated,,0,matched,playbyplayv2,1611661322,201913|201919|202250|203411|204327,complete,playbyplay_inferred,200673|201911|202663|203399|203437,complete,playbyplay_inferred,1611661322,Washington Mystics
Shot Chart Detail,1021800088,111,203437,Tierra Ruffin-Pratt,1611661313,New York Liberty,1,1,8,Made Shot,Jump Shot,3PT Field Goal,Above the Break 3,Left Side Center(LC),16-24 ft.,23,-151,181,1,1,20180628,WAS,NYL,2018,1021800088111,5320,validated,203399,1,matched,playbyplayv2,1611661322,203411|204320|204327|204329|1628915,complete,playbyplay_inferred,200673|201911|202663|203399|203437,complete,playbyplay_inferred,1611661322,Washington Mystics
Shot Chart Detail,1021800088,117,201911,Kristi Toliver,1611661313,New York Liberty,1,0,31,Missed Shot,Jump Shot,3PT Field Goal,Above the Break 3,Left Side Center(LC),24+ ft.,25,-196,163,1,0,20180628,WAS,NYL,2018,1021800088117,5690,validated,,0,matched,playbyplayv2,1611661322,203411|204320|204327|204329|1628915,complete,playbyplay_inferred,200673|201911|202663|203399|203437,complete,playbyplay_inferred,1611661322,Washington Mystics
Shot Chart Detail,1021800088,138,200673,Monique Currie,1611661313,New York Liberty,2,9,50,Missed Shot,Jump Shot,2PT Field Goal,Mid-Range,Left Side(L),16-24 ft.,16,-148,74,1,0,20180628,WAS,NYL,2018,1021800088138,6100,validated,,0,matched,playbyplayv2,1611661322,203411|204320|204327|204329|1628915,complete,playbyplay_inferred,200673|203401|203403|203437|1628899,complete,playbyplay_inferred,1611661322,Washington Mystics
Shot Chart Detail,1021800088,142,203403,Tianna Hawkins,1611661313,New York Liberty,2,9,25,Missed Shot,Jump Shot,3PT Field Goal,Above the Break 3,Left Side Center(LC),24+ ft.,24,-126,210,1,0,20180628,WAS,NYL,2018,1021800088142,6350,validated,,0,matched,playbyplayv2,1611661322,203411|204320|204327|204329|1628915,complete,playbyplay_inferred,200673|203401|203403|203437|1628899,complete,playbyplay_inferred,1611661322,Washington Mystics
Shot Chart Detail,1021800088,144,1628899,Myisha Hines-Allen,1611661313,New York Liberty,2,9,20,Missed Shot,Turnaround Jump Shot,2PT Field Goal,Restricted Area,Center(C),Less Than 8 ft.,2,20,15,1,0,20180628,WAS,NYL,2018,1021800088144,6400,validated,,0,matched,playbyplayv2,1611661322,203411|204320|204327|204329|1628915,complete,playbyplay_inferred,200673|203401|203403|203437|1628899,complete,playbyplay_inferred,1611661322,Washington Mystics
Shot Chart Detail,1021800088,154,203401,Tayler Hill,1611661313,New York Liberty,2,8,48,Missed Shot,Jump Shot,3PT Field Goal,Above the Break 3,Left Side Center(LC),24+ ft.,27,-134,239,1,0,20180628,WAS,NYL,2018,1021800088154,6720,validated,,0,matched,playbyplayv2,1611661322,203411|204320|204327|204329|1628915,complete,playbyplay_inferred,200673|203401|203403|203437|1628899,complete,playbyplay_inferred,1611661322,Washington Mystics
Shot Chart Detail,1021800088,157,203403,Tianna Hawkins,1611661313,New York Liberty,2,8,14,Missed Shot,Jump Shot,2PT Field Goal,Mid-Range,Right Side(R),8-16 ft.,14,100,111,1,0,20180628,WAS,NYL,2018,1021800088157,7060,validated,,0,matched,playbyplayv2,1611661322,203411|204320|204327|204329|1628915,complete,playbyplay_inferred,200673|203401|203403|203437|1628899,complete,playbyplay_inferred,1611661322,Washington Mystics
Shot Chart Detail,1021800088,164,203401,Tayler Hill,1611661313,New York Liberty,2,7,43,Made Shot,Jump Shot,3PT Field Goal,Left Corner 3,Left Side(L),24+ ft.,23,-230,11,1,1,20180628,WAS,NYL,2018,1021800088164,7370,validated,203437,1,matched,playbyplayv2,1611661322,203411|204320|204327|204329|1628915,complete,playbyplay_inferred,200673|203401|203403|203437|1628899,complete,playbyplay_inferred,1611661322,Washington Mystics
Shot Chart Detail,1021800088,173,200673,Monique Currie,1611661313,New York Liberty,2,7,8,Missed Shot,Driving Layup Shot,2PT Field Goal,In The Paint (Non-RA),Center(C),8-16 ft.,8,38,76,1,0,20180628,WAS,NYL,2018,1021800088173,7720,validated,,0,matched,playbyplayv2,1611661322,203411|203829|204320|204329|1628915,complete,playbyplay_inferred,200673|203399|203401|203403|203437,complete,playbyplay_inferred,1611661322,Washington Mystics
Shot Chart Detail,1021800088,175,203399,Elena Delle Donne,1611661313,New York Liberty,2,6,59,Missed Shot,Jump Shot,3PT Field Goal,Above the Break 3,Right Side Center(RC),24+ ft.,25,166,190,1,0,20180628,WAS,NYL,2018,1021800088175,7810,validated,,0,matched,playbyplayv2,1611661322,203411|203829|204320|204329|1628915,complete,playbyplay_inferred,200673|203399|203401|203403|203437,complete,playbyplay_inferred,1611661322,Washington Mystics
Shot Chart Detail,1021800088,177,203399,Elena Delle Donne,1611661313,New York Liberty,2,6,54,Made Shot,Driving Layup Shot,2PT Field Goal,Restricted Area,Center(C),Less Than 8 ft.,1,5,14,1,1,20180628,WAS,NYL,2018,1021800088177,7860,validated,,0,matched,playbyplayv2,1611661322,203411|203829|204320|204329|1628915,complete,playbyplay_inferred,200673|203399|203401|203403|203437,complete,playbyplay_inferred,1611661322,Washington Mystics
Shot Chart Detail,1021800088,184,203403,Tianna Hawkins,1611661313,New York Liberty,2,6,16,Missed Shot,Jump Shot,3PT Field Goal,Above the Break 3,Right Side Center(RC),24+ ft.,24,127,210,1,0,20180628,WAS,NYL,2018,1021800088184,8240,validated,,0,matched,playbyplayv2,1611661322,201913|202250|203411|203829|1628915,complete,playbyplay_inferred,200673|203399|203401|203403|203437,complete,playbyplay_inferred,1611661322,Washington Mystics
Shot Chart Detail,1021800088,186,203401,Tayler Hill,1611661313,New York Liberty,2,6,2,Missed Shot,Pullup Jump shot,2PT Field Goal,In The Paint (Non-RA),Center(C),8-16 ft.,15,-70,135,1,0,20180628,WAS,NYL,2018,1021800088186,8380,validated,,0,matched,playbyplayv2,1611661322,201913|202250|203411|203829|1628915,complete,playbyplay_inferred,200673|203399|203401|203403|203437,complete,playbyplay_inferred,1611661322,Washington Mystics
Shot Chart Detail,1021800088,191,203401,Tayler Hill,1611661313,New York Liberty,2,5,59,Missed Shot,Jump Shot,3PT Field Goal,Above the Break 3,Left Side Center(LC),24+ ft.,26,-134,223,1,0,20180628,WAS,NYL,2018,1021800088191,8410,validated,,0,matched,playbyplayv2,1611661322,201913|202250|203411|203829|1628915,complete,playbyplay_inferred,200673|202663|203399|203401|203437,complete,playbyplay_inferred,1611661322,Washington Mystics
Shot Chart Detail,1021800088,195,202663,Krystal Thomas,1611661313,New York Liberty,2,5,28,Made Shot,Layup Shot,2PT Field Goal,Restricted Area,Center(C),Less Than 8 ft.,2,28,8,1,1,20180628,WAS,NYL,2018,1021800088195,8720,validated,,0,matched,playbyplayv2,1611661322,201913|202250|203411|203829|1628915,complete,playbyplay_inferred,200673|202663|203399|203401|203437,complete,playbyplay_inferred,1611661322,Washington Mystics
Shot Chart Detail,1021800088,220,203399,Elena Delle Donne,1611661313,New York Liberty,2,3,26,Missed Shot,Running Pull-Up Jump Shot,2PT Field Goal,Mid-Range,Left Side(L),8-16 ft.,15,-132,73,1,0,20180628,WAS,NYL,2018,1021800088220,9940,validated,,0,matched,playbyplayv2,1611661322,201913|202250|202259|203829|1628915,complete,playbyplay_inferred,201911|202663|203399|204333|1628278,complete,playbyplay_inferred,1611661322,Washington Mystics
Shot Chart Detail,1021800088,230,201506,LaToya Sanders,1611661313,New York Liberty,2,2,55,Made Shot,Jump Shot,2PT Field Goal,In The Paint (Non-RA),Center(C),8-16 ft.,13,27,136,1,1,20180628,WAS,NYL,2018,1021800088230,10250,validated,204333,1,matched,playbyplayv2,1611661322,201913|202250|202259|203829|1628915,complete,playbyplay_inferred,201506|201911|203399|204333|1628278,complete,playbyplay_inferred,1611661322,Washington Mystics
Shot Chart Detail,1021800088,235,1628278,Shatori Walker-Kimbrough,1611661313,New York Liberty,2,2,15,Made Shot,Jump Shot,3PT Field Goal,Above the Break 3,Right Side Center(RC),24+ ft.,24,209,124,1,1,20180628,WAS,NYL,2018,1021800088235,10650,validated,201506,1,matched,playbyplayv2,1611661322,201913|202250|202259|203829|1628915,complete,playbyplay_inferred,201506|201911|203399|204333|1628278,complete,playbyplay_inferred,1611661322,Washington Mystics
Shot Chart Detail,1021800088,239,203399,Elena Delle Donne,1611661313,New York Liberty,2,1,45,Made Shot,Driving Floating Bank Jump Shot,2PT Field Goal,In The Paint (Non-RA),Left Side(L),8-16 ft.,8,-69,44,1,1,20180628,WAS,NYL,2018,1021800088239,10950,validated,,0,matched,playbyplayv2,1611661322,201913|202250|202259|203829|1628915,complete,playbyplay_inferred,201506|201911|203399|204333|1628278,complete,playbyplay_inferred,1611661322,Washington Mystics
Shot Chart Detail,1021800088,243,1628278,Shatori Walker-Kimbrough,1611661313,New York Liberty,2,1,13,Missed Shot,Jump Shot,3PT Field Goal,Above the Break 3,Left Side Center(LC),24+ ft.,26,-159,210,1,0,20180628,WAS,NYL,2018,1021800088243,11270,validated,,0,matched,playbyplayv2,1611661322,201913|202250|202259|203829|1628915,complete,playbyplay_inferred,201506|201911|203399|204333|1628278,complete,playbyplay_inferred,1611661322,Washington Mystics
Shot Chart Detail,1021800088,247,201911,Kristi Toliver,1611661313,New York Liberty,2,1,0,Made Shot,Jump Shot,3PT Field Goal,Above the Break 3,Left Side Center(LC),24+ ft.,26,-139,222,1,1,20180628,WAS,NYL,2018,1021800088247,11400,validated,,0,matched,playbyplayv2,1611661322,201913|202250|202259|203829|1628915,complete,playbyplay_inferred,201506|201911|203399|204333|1628278,complete,playbyplay_inferred,1611661322,Washington Mystics
Shot Chart Detail,1021800088,252,204333,Natasha Cloud,1611661313,New York Liberty,2,0,32,Made Shot,Driving Layup Shot,2PT Field Goal,Restricted Area,Center(C),Less Than 8 ft.,0,2,8,1,1,20180628,WAS,NYL,2018,1021800088252,11680,validated,201506,1,matched,playbyplayv2,1611661322,201913|202250|202259|203829|1628915,complete,playbyplay_inferred,201506|201911|203399|204333|1628278,complete,playbyplay_inferred,1611661322,Washington Mystics
Shot Chart Detail,1021800088,256,201506,LaToya Sanders,1611661313,New York Liberty,2,0,0,Made Shot,Cutting Layup Shot,2PT Field Goal,Restricted Area,Center(C),Less Than 8 ft.,1,-11,2,1,1,20180628,WAS,NYL,2018,1021800088256,12000,validated,1628278,1,matched,playbyplayv2,1611661322,201913|202250|202259|203829|1628915,complete,playbyplay_inferred,201506|201911|203399|204333|1628278,complete,playbyplay_inferred,1611661322,Washington Mystics
Shot Chart Detail,1021800088,263,203399,Elena Delle Donne,1611661313,New York Liberty,3,9,45,Missed Shot,Pullup Jump shot,2PT Field Goal,Mid-Range,Center(C),16-24 ft.,16,-47,157,1,0,20180628,WAS,NYL,2018,1021800088263,12150,validated,,0,matched,playbyplayv2,1611661322,201913|201919|202250|202259|203829,complete,playbyplay_inferred,201506|201911|203399|204333|1628278,complete,playbyplay_inferred,1611661322,Washington Mystics
Shot Chart Detail,1021800088,265,203399,Elena Delle Donne,1611661313,New York Liberty,3,9,40,Made Shot,Jump Bank Shot,2PT Field Goal,In The Paint (Non-RA),Center(C),Less Than 8 ft.,6,22,56,1,1,20180628,WAS,NYL,2018,1021800088265,12200,validated,,0,matched,playbyplayv2,1611661322,201913|201919|202250|202259|203829,complete,playbyplay_inferred,201506|201911|203399|204333|1628278,complete,playbyplay_inferred,1611661322,Washington Mystics
Shot Chart Detail,1021800088,268,201911,Kristi Toliver,1611661313,New York Liberty,3,9,8,Made Shot,Turnaround Fadeaway shot,2PT Field Goal,Mid-Range,Left Side(L),8-16 ft.,12,-114,52,1,1,20180628,WAS,NYL,2018,1021800088268,12520,validated,,0,matched,playbyplayv2,1611661322,201913|201919|202250|202259|203829,complete,playbyplay_inferred,201506|201911|203399|204333|1628278,complete,playbyplay_inferred,1611661322,Washington Mystics
Shot Chart Detail,1021800088,273,203399,Elena Delle Donne,1611661313,New York Liberty,3,8,33,Missed Shot,Pullup Jump shot,3PT Field Goal,Above the Break 3,Center(C),24+ ft.,26,-59,256,1,0,20180628,WAS,NYL,2018,1021800088273,12870,validated,,0,matched,playbyplayv2,1611661322,201913|201919|202250|202259|203829,complete,playbyplay_inferred,201506|201911|203399|204333|1628278,complete,playbyplay_inferred,1611661322,Washington Mystics
Shot Chart Detail,1021800088,278,201506,LaToya Sanders,1611661313,New York Liberty,3,8,11,Made Shot,Jump Shot,2PT Field Goal,Mid-Range,Left Side(L),8-16 ft.,14,-82,122,1,1,20180628,WAS,NYL,2018,1021800088278,13090,validated,1628278,1,matched,playbyplayv2,1611661322,201913|201919|202250|202259|203829,complete,playbyplay_inferred,201506|201911|203399|204333|1628278,complete,playbyplay_inferred,1611661322,Washington Mystics
Shot Chart Detail,1021800088,282,201506,LaToya Sanders,1611661313,New York Liberty,3,7,46,Missed Shot,Jump Shot,2PT Field Goal,Mid-Range,Right Side Center(RC),16-24 ft.,16,84,147,1,0,20180628,WAS,NYL,2018,1021800088282,13340,validated,,0,matched,playbyplayv2,1611661322,201913|201919|202250|202259|203829,complete,playbyplay_inferred,201506|201911|203399|204333|1628278,complete,playbyplay_inferred,1611661322,Washington Mystics
Shot Chart Detail,1021800088,285,203399,Elena Delle Donne,1611661313,New York Liberty,3,7,9,Missed Shot,Jump Shot,3PT Field Goal,Above the Break 3,Left Side Center(LC),24+ ft.,26,-103,244,1,0,20180628,WAS,NYL,2018,1021800088285,13710,validated,,0,matched,playbyplayv2,1611661322,201913|201919|202250|202259|203829,complete,playbyplay_inferred,201506|201911|203399|204333|1628278,complete,playbyplay_inferred,1611661322,Washington Mystics
Shot Chart Detail,1021800088,289,204333,Natasha Cloud,1611661313,New York Liberty,3,6,37,Made Shot,Driving Layup Shot,2PT Field Goal,Restricted Area,Center(C),Less Than 8 ft.,1,7,18,1,1,20180628,WAS,NYL,2018,1021800088289,14030,validated,,0,matched,playbyplayv2,1611661322,201913|201919|202250|202259|203829,complete,playbyplay_inferred,201506|201911|203399|204333|1628278,complete,playbyplay_inferred,1611661322,Washington Mystics
Shot Chart Detail,1021800088,296,203399,Elena Delle Donne,1611661313,New York Liberty,3,5,56,Made Shot,Fadeaway Jump Shot,2PT Field Goal,In The Paint (Non-RA),Left Side(L),8-16 ft.,9,-54,80,1,1,20180628,WAS,NYL,2018,1021800088296,14440,validated,,0,matched,playbyplayv2,1611661322,201913|201919|202250|202259|203829,complete,playbyplay_inferred,201506|201911|203399|204333|1628278,complete,playbyplay_inferred,1611661322,Washington Mystics
Shot Chart Detail,1021800088,307,204333,Natasha Cloud,1611661313,New York Liberty,3,5,13,Made Shot,Driving Layup Shot,2PT Field Goal,In The Paint (Non-RA),Center(C),Less Than 8 ft.,4,20,43,1,1,20180628,WAS,NYL,2018,1021800088307,14870,validated,,0,matched,playbyplayv2,1611661322,201919|202250|203411|203829|204320,complete,playbyplay_inferred,201506|201911|203399|204333|1628278,complete,playbyplay_inferred,1611661322,Washington Mystics
Shot Chart Detail,1021800088,321,1628278,Shatori Walker-Kimbrough,1611661313,New York Liberty,3,4,16,Missed Shot,Jump Shot,3PT Field Goal,Above the Break 3,Right Side Center(RC),24+ ft.,24,118,211,1,0,20180628,WAS,NYL,2018,1021800088321,15440,validated,,0,matched,playbyplayv2,1611661322,202250|203411|204320|204327|1628915,complete,playbyplay_inferred,201506|201911|203399|204333|1628278,complete,playbyplay_inferred,1611661322,Washington Mystics
Shot Chart Detail,1021800088,325,201911,Kristi Toliver,1611661313,New York Liberty,3,3,39,Missed Shot,Driving Floating Jump Shot,2PT Field Goal,Mid-Range,Left Side(L),8-16 ft.,10,-94,36,1,0,20180628,WAS,NYL,2018,1021800088325,15810,validated,,0,matched,playbyplayv2,1611661322,202250|203411|204320|204327|1628915,complete,playbyplay_inferred,201506|201911|203399|204333|1628278,complete,playbyplay_inferred,1611661322,Washington Mystics
Shot Chart Detail,1021800088,341,201911,Kristi Toliver,1611661313,New York Liberty,3,2,30,Missed Shot,Jump Shot,3PT Field Goal,Above the Break 3,Left Side Center(LC),24+ ft.,24,-142,204,1,0,20180628,WAS,NYL,2018,1021800088341,16500,validated,,0,matched,playbyplayv2,1611661322,201913|203411|204320|204327|1628915,complete,playbyplay_inferred,201506|201911|203403|203437|1628278,complete,playbyplay_inferred,1611661322,Washington Mystics
Shot Chart Detail,1021800088,348,1628278,Shatori Walker-Kimbrough,1611661313,New York Liberty,3,2,0,Made Shot,Pullup Jump shot,2PT Field Goal,Mid-Range,Left Side Center(LC),16-24 ft.,19,-65,179,1,1,20180628,WAS,NYL,2018,1021800088348,16800,validated,,0,matched,playbyplayv2,1611661322,201913|203411|204320|204327|1628915,complete,playbyplay_inferred,201506|201911|203403|203437|1628278,complete,playbyplay_inferred,1611661322,Washington Mystics
Shot Chart Detail,1021800088,365,203403,Tianna Hawkins,1611661313,New York Liberty,3,0,43,Missed Shot,Cutting Layup Shot,2PT Field Goal,In The Paint (Non-RA),Center(C),Less Than 8 ft.,5,9,53,1,0,20180628,WAS,NYL,2018,1021800088365,17570,validated,,0,matched,playbyplayv2,1611661322,201913|203411|204320|204327|1628915,complete,playbyplay_inferred,200673|203401|203403|203437|1628899,complete,playbyplay_inferred,1611661322,Washington Mystics
Shot Chart Detail,1021800088,369,203401,Tayler Hill,1611661313,New York Liberty,3,0,27,Missed Shot,Jump Shot,3PT Field Goal,Above the Break 3,Right Side Center(RC),24+ ft.,28,143,242,1,0,20180628,WAS,NYL,2018,1021800088369,17730,validated,,0,matched,playbyplayv2,1611661322,201913|203411|204320|204327|1628915,complete,playbyplay_inferred,200673|203401|203403|203437|1628899,complete,playbyplay_inferred,1611661322,Washington Mystics
Shot Chart Detail,1021800088,371,203437,Tierra Ruffin-Pratt,1611661313,New York Liberty,3,0,18,Made Shot,Running Pull-Up Jump Shot,2PT Field Goal,In The Paint (Non-RA),Center(C),8-16 ft.,12,-16,123,1,1,20180628,WAS,NYL,2018,1021800088371,17820,validated,203401,1,matched,playbyplayv2,1611661322,201913|203411|204320|204327|1628915,complete,playbyplay_inferred,200673|203401|203403|203437|1628899,complete,playbyplay_inferred,1611661322,Washington Mystics
Shot Chart Detail,1021800088,391,203401,Tayler Hill,1611661313,New York Liberty,4,9,28,Missed Shot,Driving Reverse Layup Shot,2PT Field Goal,In The Paint (Non-RA),Center(C),Less Than 8 ft.,4,-28,34,1,0,20180628,WAS,NYL,2018,1021800088391,18320,validated,,0,matched,playbyplayv2,1611661322,201913|201919|202250|202259|203411,complete,playbyplay_inferred,200673|203401|203403|203437|1628899,complete,playbyplay_inferred,1611661322,Washington Mystics
Shot Chart Detail,1021800088,401,200673,Monique Currie,1611661313,New York Liberty,4,8,29,Missed Shot,Jump Shot,2PT Field Goal,Mid-Range,Left Side(L),8-16 ft.,15,-126,93,1,0,20180628,WAS,NYL,2018,1021800088401,18910,validated,,0,matched,playbyplayv2,1611661322,201913|201919|202250|202259|203411,complete,playbyplay_inferred,200673|203401|203403|203437|1628899,complete,playbyplay_inferred,1611661322,Washington Mystics
Shot Chart Detail,1021800088,406,1628899,Myisha Hines-Allen,1611661313,New York Liberty,4,8,18,Made Shot,Turnaround Jump Shot,2PT Field Goal,In The Paint (Non-RA),Center(C),8-16 ft.,12,8,124,1,1,20180628,WAS,NYL,2018,1021800088406,19020,validated,,0,matched,playbyplayv2,1611661322,201913|201919|202250|202259|203411,complete,playbyplay_inferred,200673|203399|203401|203437|1628899,complete,playbyplay_inferred,1611661322,Washington Mystics
Shot Chart Detail,1021800088,436,203437,Tierra Ruffin-Pratt,1611661313,New York Liberty,4,6,46,Made Shot,Pullup Jump shot,2PT Field Goal,In The Paint (Non-RA),Center(C),8-16 ft.,13,-49,130,1,1,20180628,WAS,NYL,2018,1021800088436,19940,validated,201911,1,matched,playbyplayv2,1611661322,201913|202250|202259|203411|1628915,complete,playbyplay_inferred,200673|201506|201911|203399|203437,complete,playbyplay_inferred,1611661322,Washington Mystics
Shot Chart Detail,1021800088,446,201911,Kristi Toliver,1611661313,New York Liberty,4,5,54,Missed Shot,Jump Shot,3PT Field Goal,Above the Break 3,Left Side Center(LC),24+ ft.,26,-150,220,1,0,20180628,WAS,NYL,2018,1021800088446,20460,validated,,0,matched,playbyplayv2,1611661322,201913|202250|202259|203411|1628915,complete,playbyplay_inferred,200673|201506|201911|203399|203437,complete,playbyplay_inferred,1611661322,Washington Mystics
Shot Chart Detail,1021800088,456,200673,Monique Currie,1611661313,New York Liberty,4,5,14,Missed Shot,Driving Floating Bank Jump Shot,2PT Field Goal,In The Paint (Non-RA),Center(C),Less Than 8 ft.,6,-36,59,1,0,20180628,WAS,NYL,2018,1021800088456,20860,validated,,0,matched,playbyplayv2,1611661322,201913|202250|202259|203411|1628915,complete,playbyplay_inferred,200673|201506|201911|203399|204333,complete,playbyplay_inferred,1611661322,Washington Mystics
Shot Chart Detail,1021800088,460,201911,Kristi Toliver,1611661313,New York Liberty,4,5,8,Missed Shot,Jump Shot,3PT Field Goal,Above the Break 3,Center(C),24+ ft.,27,36,269,1,0,20180628,WAS,NYL,2018,1021800088460,20920,validated,,0,matched,playbyplayv2,1611661322,201913|202250|202259|203411|1628915,complete,playbyplay_inferred,200673|201506|201911|203399|204333,complete,playbyplay_inferred,1611661322,Washington Mystics
Shot Chart Detail,1021800088,464,201911,Kristi Toliver,1611661313,New York Liberty,4,4,46,Missed Shot,Pullup Jump shot,3PT Field Goal,Above the Break 3,Left Side Center(LC),24+ ft.,26,-97,247,1,0,20180628,WAS,NYL,2018,1021800088464,21140,validated,,0,matched,playbyplayv2,1611661322,201913|202250|202259|203411|1628915,complete,playbyplay_inferred,200673|201506|201911|203399|204333,complete,playbyplay_inferred,1611661322,Washington Mystics
Shot Chart Detail,1021800088,472,203399,Elena Delle Donne,1611661313,New York Liberty,4,4,10,Missed Shot,Pullup Jump shot,2PT Field Goal,Mid-Range,Left Side Center(LC),16-24 ft.,18,-126,136,1,0,20180628,WAS,NYL,2018,1021800088472,21500,validated,,0,matched,playbyplayv2,1611661322,201913|202250|202259|203411|1628915,complete,playbyplay_inferred,201506|201911|203399|203437|204333,complete,playbyplay_inferred,1611661322,Washington Mystics
Shot Chart Detail,1021800088,478,201506,LaToya Sanders,1611661313,New York Liberty,4,3,44,Missed Shot,Jump Shot,2PT Field Goal,Mid-Range,Right Side(R),8-16 ft.,15,158,1,1,0,20180628,WAS,NYL,2018,1021800088478,21760,validated,,0,matched,playbyplayv2,1611661322,201913|202250|202259|203411|1628915,complete,playbyplay_inferred,201506|201911|203399|203437|204333,complete,playbyplay_inferred,1611661322,Washington Mystics
Shot Chart Detail,1021800088,482,203437,Tierra Ruffin-Pratt,1611661313,New York Liberty,4,2,55,Missed Shot,Driving Finger Roll Layup Shot,2PT Field Goal,In The Paint (Non-RA),Center(C),Less Than 8 ft.,7,-31,65,1,0,20180628,WAS,NYL,2018,1021800088482,22250,validated,,0,matched,playbyplayv2,1611661322,201913|202250|202259|203411|1628915,complete,playbyplay_inferred,201506|201911|203399|203437|204333,complete,playbyplay_inferred,1611661322,Washington Mystics
Shot Chart Detail,1021800088,498,203437,Tierra Ruffin-Pratt,1611661313,New York Liberty,4,1,38,Missed Shot,Driving Layup Shot,2PT Field Goal,In The Paint (Non-RA),Center(C),Less Than 8 ft.,4,-21,40,1,0,20180628,WAS,NYL,2018,1021800088498,23020,validated,,0,matched,playbyplayv2,1611661322,201919|202250|202259|203411|204329,complete,playbyplay_inferred,201506|201911|203399|203437|204333,complete,playbyplay_inferred,1611661322,Washington Mystics
Shot Chart Detail,1021800088,526,201911,Kristi Toliver,1611661313,New York Liberty,4,0,1,Missed Shot,Jump Shot,3PT Field Goal,Above the Break 3,Left Side Center(LC),24+ ft.,26,-174,194,1,0,20180628,WAS,NYL,2018,1021800088526,23990,validated,,0,matched,playbyplayv2,1611661322,201913|202250|202259|203411|203829,complete,playbyplay_inferred,201506|201911|203399|203437|204333,complete,playbyplay_inferred,1611661322,Washington Mystics
Shot Chart Detail,1021800088,532,203399,Elena Delle Donne,1611661313,New York Liberty,4,0,0,Made Shot,Jump Shot,3PT Field Goal,Above the Break 3,Left Side Center(LC),24+ ft.,24,-96,227,1,1,20180628,WAS,NYL,2018,1021800088532,24000,validated,203437,1,matched,playbyplayv2,1611661322,201913|202250|202259|203411|203829,complete,playbyplay_inferred,200673|201506|201911|203399|203437,complete,playbyplay_inferred,1611661322,Washington Mystics
Shot Chart Detail,1021800091,21,1628931,Gabby Williams,1611661313,New York Liberty,1,8,44,Missed Shot,Layup Shot,2PT Field Goal,Restricted Area,Center(C),Less Than 8 ft.,1,6,12,1,0,20180629,NYL,CHI,2018,102180009121,760,validated,,0,matched,playbyplayv2,1611661329,201913|201919|202250|202259|203829,complete,playbyplay_inferred,201516|202664|203828|1628890|1628931,complete,playbyplay_inferred,1611661329,Chicago Sky
Shot Chart Detail,1021800091,25,202664,Courtney Vandersloot,1611661313,New York Liberty,1,8,25,Made Shot,Driving Finger Roll Layup Shot,2PT Field Goal,Restricted Area,Center(C),Less Than 8 ft.,1,1,15,1,1,20180629,NYL,CHI,2018,102180009125,950,validated,,0,matched,playbyplayv2,1611661329,201913|201919|202250|202259|203829,complete,playbyplay_inferred,201516|202664|203828|1628890|1628931,complete,playbyplay_inferred,1611661329,Chicago Sky
Shot Chart Detail,1021800091,27,1628890,Diamond DeShields,1611661313,New York Liberty,1,7,51,Missed Shot,Jump Shot,3PT Field Goal,Above the Break 3,Right Side Center(RC),16-24 ft.,23,108,210,1,0,20180629,NYL,CHI,2018,102180009127,1290,validated,,0,matched,playbyplayv2,1611661329,201913|201919|202250|202259|203829,complete,playbyplay_inferred,201516|202664|203828|1628890|1628931,complete,playbyplay_inferred,1611661329,Chicago Sky
Shot Chart Detail,1021800091,34,203828,Stefanie Dolson,1611661313,New York Liberty,1,7,22,Made Shot,Jump Shot,3PT Field Goal,Above the Break 3,Right Side Center(RC),24+ ft.,24,123,210,1,1,20180629,NYL,CHI,2018,102180009134,1580,validated,202664,1,matched,playbyplayv2,1611661329,201913|201919|202250|202259|203829,complete,playbyplay_inferred,201516|202664|203828|1628890|1628931,complete,playbyplay_inferred,1611661329,Chicago Sky
Shot Chart Detail,1021800091,43,201516,Allie Quigley,1611661313,New York Liberty,1,6,37,Missed Shot,Floating Jump shot,2PT Field Goal,Mid-Range,Center(C),8-16 ft.,14,-32,141,1,0,20180629,NYL,CHI,2018,102180009143,2030,validated,,0,matched,playbyplayv2,1611661329,201913|201919|202250|202259|203829,complete,playbyplay_inferred,201516|202664|203828|1628890|1628931,complete,playbyplay_inferred,1611661329,Chicago Sky
Shot Chart Detail,1021800091,55,1628931,Gabby Williams,1611661313,New York Liberty,1,6,3,Made Shot,Pullup Jump shot,2PT Field Goal,Mid-Range,Left Side Center(LC),16-24 ft.,16,-61,157,1,1,20180629,NYL,CHI,2018,102180009155,2370,validated,,0,matched,playbyplayv2,1611661329,201913|201919|202259|203829|204320,complete,playbyplay_inferred,201516|202664|204323|1628890|1628931,complete,playbyplay_inferred,1611661329,Chicago Sky
Shot Chart Detail,1021800091,63,1628931,Gabby Williams,1611661313,New York Liberty,1,5,39,Made Shot,Layup Shot,2PT Field Goal,Restricted Area,Center(C),Less Than 8 ft.,1,-14,11,1,1,20180629,NYL,CHI,2018,102180009163,2610,validated,,0,matched,playbyplayv2,1611661329,201913|201919|202259|203829|204320,complete,playbyplay_inferred,201516|202664|204323|1628890|1628931,complete,playbyplay_inferred,1611661329,Chicago Sky
Shot Chart Detail,1021800091,75,204323,Cheyenne Parker-Tyus,1611661313,New York Liberty,1,4,54,Missed Shot,Driving Layup Shot,2PT Field Goal,Restricted Area,Center(C),Less Than 8 ft.,1,-19,4,1,0,20180629,NYL,CHI,2018,102180009175,3060,validated,,0,matched,playbyplayv2,1611661329,201913|201919|202259|203829|204320,complete,playbyplay_inferred,202664|203857|204323|1628890|1628931,complete,playbyplay_inferred,1611661329,Chicago Sky
Shot Chart Detail,1021800091,97,203857,Jamierra Faulkner,1611661313,New York Liberty,1,3,40,Made Shot,Driving Layup Shot,2PT Field Goal,Restricted Area,Center(C),Less Than 8 ft.,1,7,17,1,1,20180629,NYL,CHI,2018,102180009197,3800,validated,,0,matched,playbyplayv2,1611661329,201919|202250|203411|203829|204320,complete,playbyplay_inferred,201516|203838|203857|204323|1627674,complete,playbyplay_inferred,1611661329,Chicago Sky
Shot Chart Detail,1021800091,102,203838,Astou Ndour-Fall,1611661313,New York Liberty,1,3,3,Missed Shot,Jump Shot,3PT Field Goal,Above the Break 3,Right Side(R),16-24 ft.,23,219,76,1,0,20180629,NYL,CHI,2018,1021800091102,4170,validated,,0,matched,playbyplayv2,1611661329,201919|202250|203411|203829|204320,complete,playbyplay_inferred,201516|203838|203857|204323|1627674,complete,playbyplay_inferred,1611661329,Chicago Sky
Shot Chart Detail,1021800091,109,204323,Cheyenne Parker-Tyus,1611661313,New York Liberty,1,2,35,Missed Shot,Layup Shot,2PT Field Goal,Restricted Area,Center(C),Less Than 8 ft.,1,-11,16,1,0,20180629,NYL,CHI,2018,1021800091109,4450,validated,,0,matched,playbyplayv2,1611661329,201919|202250|203411|203829|204320,complete,playbyplay_inferred,201516|203838|203857|204323|1627674,complete,playbyplay_inferred,1611661329,Chicago Sky
Shot Chart Detail,1021800091,111,1627674,Kahleah Copper,1611661313,New York Liberty,1,2,31,Missed Shot,Jump Shot,3PT Field Goal,Above the Break 3,Left Side Center(LC),24+ ft.,25,-165,190,1,0,20180629,NYL,CHI,2018,1021800091111,4490,validated,,0,matched,playbyplayv2,1611661329,201919|202250|203411|203829|204320,complete,playbyplay_inferred,201516|203838|203857|204323|1627674,complete,playbyplay_inferred,1611661329,Chicago Sky
Shot Chart Detail,1021800091,122,201516,Allie Quigley,1611661313,New York Liberty,1,1,49,Made Shot,Pullup Jump shot,2PT Field Goal,Restricted Area,Center(C),Less Than 8 ft.,2,0,23,1,1,20180629,NYL,CHI,2018,1021800091122,4910,validated,203838,1,matched,playbyplayv2,1611661329,201919|202250|203411|204320|204327,complete,playbyplay_inferred,201516|203838|203857|204323|1627674,complete,playbyplay_inferred,1611661329,Chicago Sky
Shot Chart Detail,1021800091,125,203838,Astou Ndour-Fall,1611661313,New York Liberty,1,1,28,Made Shot,Jump Shot,2PT Field Goal,Mid-Range,Right Side(R),8-16 ft.,11,117,-10,1,1,20180629,NYL,CHI,2018,1021800091125,5120,validated,203857,1,matched,playbyplayv2,1611661329,201919|202250|203411|204320|204327,complete,playbyplay_inferred,201516|203838|203857|204323|1627674,complete,playbyplay_inferred,1611661329,Chicago Sky
Shot Chart Detail,1021800091,134,201516,Allie Quigley,1611661313,New York Liberty,1,1,5,Made Shot,Jump Shot,3PT Field Goal,Above the Break 3,Right Side Center(RC),24+ ft.,25,129,216,1,1,20180629,NYL,CHI,2018,1021800091134,5350,validated,203857,1,matched,playbyplayv2,1611661329,202250|203411|204327|204329|1628915,complete,playbyplay_inferred,201516|203838|203857|204323|1627674,complete,playbyplay_inferred,1611661329,Chicago Sky
Shot Chart Detail,1021800091,140,201516,Allie Quigley,1611661313,New York Liberty,1,0,44,Made Shot,Jump Shot,3PT Field Goal,Above the Break 3,Left Side Center(LC),16-24 ft.,23,-76,222,1,1,20180629,NYL,CHI,2018,1021800091140,5560,validated,203857,1,matched,playbyplayv2,1611661329,202250|203411|204327|204329|1628915,complete,playbyplay_inferred,201516|203838|203857|204323|1627674,complete,playbyplay_inferred,1611661329,Chicago Sky
Shot Chart Detail,1021800091,163,1627674,Kahleah Copper,1611661313,New York Liberty,2,9,13,Made Shot,Driving Reverse Layup Shot,2PT Field Goal,Restricted Area,Center(C),Less Than 8 ft.,1,3,12,1,1,20180629,NYL,CHI,2018,1021800091163,6470,validated,203857,1,matched,playbyplayv2,1611661329,202250|203411|204327|204329|1628915,complete,playbyplay_inferred,201516|203857|204323|1627674|1628268,complete,playbyplay_inferred,1611661329,Chicago Sky
Shot Chart Detail,1021800091,167,203857,Jamierra Faulkner,1611661313,New York Liberty,2,8,35,Made Shot,Jump Bank Shot,3PT Field Goal,Above the Break 3,Right Side Center(RC),24+ ft.,24,148,201,1,1,20180629,NYL,CHI,2018,1021800091167,6850,validated,1627674,1,matched,playbyplayv2,1611661329,202250|203411|204327|204329|1628915,complete,playbyplay_inferred,201516|203857|204323|1627674|1628268,complete,playbyplay_inferred,1611661329,Chicago Sky
Shot Chart Detail,1021800091,184,203828,Stefanie Dolson,1611661313,New York Liberty,2,7,36,Made Shot,Layup Shot,2PT Field Goal,Restricted Area,Center(C),Less Than 8 ft.,1,7,15,1,1,20180629,NYL,CHI,2018,1021800091184,7440,validated,201516,1,matched,playbyplayv2,1611661329,202250|203411|204327|204329|1628915,complete,playbyplay_inferred,201516|203828|203857|1628890|1628931,complete,playbyplay_inferred,1611661329,Chicago Sky
Shot Chart Detail,1021800091,192,1628890,Diamond DeShields,1611661313,New York Liberty,2,7,2,Missed Shot,Jump Shot,3PT Field Goal,Left Corner 3,Left Side(L),24+ ft.,23,-233,-18,1,0,20180629,NYL,CHI,2018,1021800091192,7780,validated,,0,matched,playbyplayv2,1611661329,202250|203411|204327|204329|1628915,complete,playbyplay_inferred,201516|203828|203857|1628890|1628931,complete,playbyplay_inferred,1611661329,Chicago Sky
Shot Chart Detail,1021800091,196,1628890,Diamond DeShields,1611661313,New York Liberty,2,6,55,Made Shot,Layup Shot,2PT Field Goal,Restricted Area,Center(C),Less Than 8 ft.,1,8,17,1,1,20180629,NYL,CHI,2018,1021800091196,7850,validated,203828,1,matched,playbyplayv2,1611661329,203411|204320|204327|204329|1628915,complete,playbyplay_inferred,201516|203828|203857|1628890|1628931,complete,playbyplay_inferred,1611661329,Chicago Sky
Shot Chart Detail,1021800091,200,1628931,Gabby Williams,1611661313,New York Liberty,2,6,25,Missed Shot,Jump Bank Shot,2PT Field Goal,Mid-Range,Right Side(R),8-16 ft.,11,118,-9,1,0,20180629,NYL,CHI,2018,1021800091200,8150,validated,,0,matched,playbyplayv2,1611661329,203411|204320|204327|204329|1628915,complete,playbyplay_inferred,201516|203828|203857|1628890|1628931,complete,playbyplay_inferred,1611661329,Chicago Sky
Shot Chart Detail,1021800091,232,203828,Stefanie Dolson,1611661313,New York Liberty,2,5,7,Missed Shot,Jump Shot,3PT Field Goal,Above the Break 3,Center(C),24+ ft.,24,74,235,1,0,20180629,NYL,CHI,2018,1021800091232,8930,validated,,0,matched,playbyplayv2,1611661329,203411|204320|204327|204329|1628915,complete,playbyplay_inferred,201516|202664|203828|1628890|1628931,complete,playbyplay_inferred,1611661329,Chicago Sky
Shot Chart Detail,1021800091,259,1628931,Gabby Williams,1611661313,New York Liberty,2,3,37,Made Shot,Running Alley Oop Layup Shot,2PT Field Goal,Restricted Area,Center(C),Less Than 8 ft.,1,-13,13,1,1,20180629,NYL,CHI,2018,1021800091259,9830,validated,202664,1,matched,playbyplayv2,1611661329,202259|204320|204327|204329|1628915,complete,playbyplay_inferred,201516|202664|203828|1628890|1628931,complete,playbyplay_inferred,1611661329,Chicago Sky
Shot Chart Detail,1021800091,269,202664,Courtney Vandersloot,1611661313,New York Liberty,2,2,39,Made Shot,Jump Shot,3PT Field Goal,Left Corner 3,Left Side(L),24+ ft.,23,-238,2,1,1,20180629,NYL,CHI,2018,1021800091269,10410,validated,201516,1,matched,playbyplayv2,1611661329,202259|204320|204327|204329|1628915,complete,playbyplay_inferred,201516|202664|203828|1628890|1628931,complete,playbyplay_inferred,1611661329,Chicago Sky
Shot Chart Detail,1021800091,291,201516,Allie Quigley,1611661313,New York Liberty,2,1,9,Missed Shot,Jump Shot,3PT Field Goal,Above the Break 3,Left Side Center(LC),24+ ft.,24,-81,235,1,0,20180629,NYL,CHI,2018,1021800091291,11310,validated,,0,matched,playbyplayv2,1611661329,202259|204320|204327|204329|1628915,complete,playbyplay_inferred,201516|202664|203828|204323|1628890,complete,playbyplay_inferred,1611661329,Chicago Sky
Shot Chart Detail,1021800091,306,204323,Cheyenne Parker-Tyus,1611661313,New York Liberty,2,0,2,Made Shot,Cutting Layup Shot,2PT Field Goal,Restricted Area,Center(C),Less Than 8 ft.,1,-13,11,1,1,20180629,NYL,CHI,2018,1021800091306,11980,validated,203857,1,matched,playbyplayv2,1611661329,202259|204320|204327|204329|1628915,complete,playbyplay_inferred,201516|203828|203857|204323|1628890,complete,playbyplay_inferred,1611661329,Chicago Sky
Shot Chart Detail,1021800091,329,1628931,Gabby Williams,1611661313,New York Liberty,3,9,41,Missed Shot,Jump Shot,2PT Field Goal,Mid-Range,Left Side Center(LC),16-24 ft.,19,-136,140,1,0,20180629,NYL,CHI,2018,1021800091329,12190,validated,,0,matched,playbyplayv2,1611661329,201913|201919|202250|202259|203829,complete,playbyplay_inferred,201516|202664|203828|1628890|1628931,complete,playbyplay_inferred,1611661329,Chicago Sky
Shot Chart Detail,1021800091,333,202664,Courtney Vandersloot,1611661313,New York Liberty,3,9,22,Missed Shot,Layup Shot,2PT Field Goal,Restricted Area,Center(C),Less Than 8 ft.,1,-9,6,1,0,20180629,NYL,CHI,2018,1021800091333,12380,validated,,0,matched,playbyplayv2,1611661329,201913|201919|202250|202259|203829,complete,playbyplay_inferred,201516|202664|203828|1628890|1628931,complete,playbyplay_inferred,1611661329,Chicago Sky
Shot Chart Detail,1021800091,335,201516,Allie Quigley,1611661313,New York Liberty,3,9,7,Missed Shot,Jump Shot,3PT Field Goal,Above the Break 3,Left Side Center(LC),24+ ft.,24,-159,185,1,0,20180629,NYL,CHI,2018,1021800091335,12530,validated,,0,matched,playbyplayv2,1611661329,201913|201919|202250|202259|203829,complete,playbyplay_inferred,201516|202664|203828|1628890|1628931,complete,playbyplay_inferred,1611661329,Chicago Sky
Shot Chart Detail,1021800091,337,1628931,Gabby Williams,1611661313,New York Liberty,3,9,6,Made Shot,Layup Shot,2PT Field Goal,Restricted Area,Center(C),Less Than 8 ft.,0,3,8,1,1,20180629,NYL,CHI,2018,1021800091337,12540,validated,,0,matched,playbyplayv2,1611661329,201913|201919|202250|202259|203829,complete,playbyplay_inferred,201516|202664|203828|1628890|1628931,complete,playbyplay_inferred,1611661329,Chicago Sky
Shot Chart Detail,1021800091,344,201516,Allie Quigley,1611661313,New York Liberty,3,8,32,Missed Shot,Driving Floating Jump Shot,2PT Field Goal,Mid-Range,Right Side(R),8-16 ft.,9,82,49,1,0,20180629,NYL,CHI,2018,1021800091344,12880,validated,,0,matched,playbyplayv2,1611661329,201913|201919|202250|202259|203829,complete,playbyplay_inferred,201516|202664|203828|1628890|1628931,complete,playbyplay_inferred,1611661329,Chicago Sky
Shot Chart Detail,1021800091,346,1628890,Diamond DeShields,1611661313,New York Liberty,3,8,29,Made Shot,Layup Shot,2PT Field Goal,Restricted Area,Center(C),Less Than 8 ft.,2,-8,20,1,1,20180629,NYL,CHI,2018,1021800091346,12910,validated,202664,1,matched,playbyplayv2,1611661329,201913|201919|202250|202259|203829,complete,playbyplay_inferred,201516|202664|203828|1628890|1628931,complete,playbyplay_inferred,1611661329,Chicago Sky
Shot Chart Detail,1021800091,351,202664,Courtney Vandersloot,1611661313,New York Liberty,3,7,55,Missed Shot,Layup Shot,2PT Field Goal,Restricted Area,Center(C),Less Than 8 ft.,3,-25,29,1,0,20180629,NYL,CHI,2018,1021800091351,13250,validated,,0,matched,playbyplayv2,1611661329,201913|201919|202250|202259|203829,complete,playbyplay_inferred,201516|202664|203828|1628890|1628931,complete,playbyplay_inferred,1611661329,Chicago Sky
Shot Chart Detail,1021800091,358,202664,Courtney Vandersloot,1611661313,New York Liberty,3,7,39,Made Shot,Jump Shot,3PT Field Goal,Above the Break 3,Left Side Center(LC),24+ ft.,26,-173,197,1,1,20180629,NYL,CHI,2018,1021800091358,13410,validated,203828,1,matched,playbyplayv2,1611661329,201913|201919|202250|202259|203829,complete,playbyplay_inferred,201516|202664|203828|1628890|1628931,complete,playbyplay_inferred,1611661329,Chicago Sky
Shot Chart Detail,1021800091,362,203828,Stefanie Dolson,1611661313,New York Liberty,3,7,10,Made Shot,Fadeaway Jump Shot,2PT Field Goal,Mid-Range,Left Side(L),8-16 ft.,8,-81,13,1,1,20180629,NYL,CHI,2018,1021800091362,13700,validated,,0,matched,playbyplayv2,1611661329,201913|201919|202250|202259|203829,complete,playbyplay_inferred,201516|202664|203828|1628890|1628931,complete,playbyplay_inferred,1611661329,Chicago Sky
Shot Chart Detail,1021800091,366,201516,Allie Quigley,1611661313,New York Liberty,3,6,34,Made Shot,Jump Shot,2PT Field Goal,Mid-Range,Right Side(R),8-16 ft.,8,87,9,1,1,20180629,NYL,CHI,2018,1021800091366,14060,validated,202664,1,matched,playbyplayv2,1611661329,201913|201919|202250|202259|203829,complete,playbyplay_inferred,201516|202664|203828|1628890|1628931,complete,playbyplay_inferred,1611661329,Chicago Sky
Shot Chart Detail,1021800091,370,203828,Stefanie Dolson,1611661313,New York Liberty,3,5,59,Missed Shot,Jump Shot,2PT Field Goal,Mid-Range,Center(C),16-24 ft.,20,14,200,1,0,20180629,NYL,CHI,2018,1021800091370,14410,validated,,0,matched,playbyplayv2,1611661329,201913|201919|202250|202259|203829,complete,playbyplay_inferred,201516|202664|203828|1628890|1628931,complete,playbyplay_inferred,1611661329,Chicago Sky
Shot Chart Detail,1021800091,374,1628890,Diamond DeShields,1611661313,New York Liberty,3,5,40,Made Shot,Hook Shot,2PT Field Goal,In The Paint (Non-RA),Center(C),Less Than 8 ft.,5,22,49,1,1,20180629,NYL,CHI,2018,1021800091374,14600,validated,203828,1,matched,playbyplayv2,1611661329,201913|201919|202250|202259|203829,complete,playbyplay_inferred,201516|202664|203828|1628890|1628931,complete,playbyplay_inferred,1611661329,Chicago Sky
Shot Chart Detail,1021800091,377,201516,Allie Quigley,1611661313,New York Liberty,3,5,10,Missed Shot,Jump Shot,2PT Field Goal,Mid-Range,Left Side(L),16-24 ft.,20,-203,-10,1,0,20180629,NYL,CHI,2018,1021800091377,14900,validated,,0,matched,playbyplayv2,1611661329,201913|201919|202250|202259|203829,complete,playbyplay_inferred,201516|202664|203828|1628890|1628931,complete,playbyplay_inferred,1611661329,Chicago Sky
Shot Chart Detail,1021800091,381,202664,Courtney Vandersloot,1611661313,New York Liberty,3,4,46,Missed Shot,Pullup Jump shot,2PT Field Goal,Mid-Range,Center(C),8-16 ft.,14,19,145,1,0,20180629,NYL,CHI,2018,1021800091381,15140,validated,,0,matched,playbyplayv2,1611661329,201913|201919|202250|202259|203829,complete,playbyplay_inferred,201516|202664|203828|1628890|1628931,complete,playbyplay_inferred,1611661329,Chicago Sky
Shot Chart Detail,1021800091,397,204323,Cheyenne Parker-Tyus,1611661313,New York Liberty,3,4,33,Missed Shot,Hook Shot,2PT Field Goal,Restricted Area,Center(C),Less Than 8 ft.,2,16,25,1,0,20180629,NYL,CHI,2018,1021800091397,15270,validated,,0,matched,playbyplayv2,1611661329,201919|202250|203411|204320|204327,complete,playbyplay_inferred,201516|203828|203857|204323|1628890,complete,playbyplay_inferred,1611661329,Chicago Sky
Shot Chart Detail,1021800091,423,1628890,Diamond DeShields,1611661313,New York Liberty,3,2,45,Missed Shot,Layup Shot,2PT Field Goal,Restricted Area,Center(C),Less Than 8 ft.,3,30,18,1,0,20180629,NYL,CHI,2018,1021800091423,16350,validated,,0,matched,playbyplayv2,1611661329,201919|202250|203411|204320|204327,complete,playbyplay_inferred,202664|203857|204323|1628890|1628931,complete,playbyplay_inferred,1611661329,Chicago Sky
Shot Chart Detail,1021800091,425,1628890,Diamond DeShields,1611661313,New York Liberty,3,2,42,Made Shot,Layup Shot,2PT Field Goal,Restricted Area,Center(C),Less Than 8 ft.,2,-11,24,1,1,20180629,NYL,CHI,2018,1021800091425,16380,validated,,0,matched,playbyplayv2,1611661329,201919|202250|203411|204320|204327,complete,playbyplay_inferred,202664|203857|204323|1628890|1628931,complete,playbyplay_inferred,1611661329,Chicago Sky
Shot Chart Detail,1021800091,431,202664,Courtney Vandersloot,1611661313,New York Liberty,3,2,17,Made Shot,Jump Shot,2PT Field Goal,Mid-Range,Right Side Center(RC),16-24 ft.,21,82,197,1,1,20180629,NYL,CHI,2018,1021800091431,16630,validated,203828,1,matched,playbyplayv2,1611661329,201919|202250|203411|204320|204327,complete,playbyplay_inferred,202664|203828|203838|203857|1628890,complete,playbyplay_inferred,1611661329,Chicago Sky
Shot Chart Detail,1021800091,435,1628890,Diamond DeShields,1611661313,New York Liberty,3,1,39,Made Shot,Jump Shot,3PT Field Goal,Above the Break 3,Right Side(R),24+ ft.,22,225,45,1,1,20180629,NYL,CHI,2018,1021800091435,17010,validated,202664,1,matched,playbyplayv2,1611661329,201919|202250|203411|204320|204327,complete,playbyplay_inferred,202664|203828|203838|203857|1628890,complete,playbyplay_inferred,1611661329,Chicago Sky
Shot Chart Detail,1021800091,447,203857,Jamierra Faulkner,1611661313,New York Liberty,3,0,32,Missed Shot,Jump Shot,3PT Field Goal,Above the Break 3,Right Side Center(RC),24+ ft.,25,98,233,1,0,20180629,NYL,CHI,2018,1021800091447,17680,validated,,0,matched,playbyplayv2,1611661329,201919|202250|203411|204320|204327,complete,playbyplay_inferred,202664|203828|203838|203857|1628890,complete,playbyplay_inferred,1611661329,Chicago Sky
Shot Chart Detail,1021800091,451,1628890,Diamond DeShields,1611661313,New York Liberty,3,0,0,Missed Shot,Jump Bank Shot,3PT Field Goal,Above the Break 3,Right Side Center(RC),24+ ft.,33,133,307,1,0,20180629,NYL,CHI,2018,1021800091451,18000,validated,,0,matched,playbyplayv2,1611661329,201919|202250|203411|204320|204327,complete,playbyplay_inferred,202664|203828|203838|203857|1628890,complete,playbyplay_inferred,1611661329,Chicago Sky
Shot Chart Detail,1021800091,475,203838,Astou Ndour-Fall,1611661313,New York Liberty,4,8,29,Made Shot,Jump Shot,3PT Field Goal,Above the Break 3,Right Side Center(RC),24+ ft.,25,113,234,1,1,20180629,NYL,CHI,2018,1021800091475,18910,validated,203828,1,matched,playbyplayv2,1611661329,202259|204320|204327|204329|1628915,complete,playbyplay_inferred,202664|203828|203838|203857|1628890,complete,playbyplay_inferred,1611661329,Chicago Sky
Shot Chart Detail,1021800091,483,1628890,Diamond DeShields,1611661313,New York Liberty,4,8,8,Made Shot,Jump Shot,3PT Field Goal,Left Corner 3,Left Side(L),24+ ft.,22,-228,-10,1,1,20180629,NYL,CHI,2018,1021800091483,19120,validated,203828,1,matched,playbyplayv2,1611661329,202250|202259|204320|204327|1628915,complete,playbyplay_inferred,202664|203828|203838|203857|1628890,complete,playbyplay_inferred,1611661329,Chicago Sky
Shot Chart Detail,1021800091,486,203857,Jamierra Faulkner,1611661313,New York Liberty,4,7,35,Made Shot,Driving Layup Shot,2PT Field Goal,Restricted Area,Center(C),Less Than 8 ft.,1,-6,19,1,1,20180629,NYL,CHI,2018,1021800091486,19450,validated,,0,matched,playbyplayv2,1611661329,202250|202259|204320|204327|1628915,complete,playbyplay_inferred,202664|203828|203838|203857|1628890,complete,playbyplay_inferred,1611661329,Chicago Sky
Shot Chart Detail,1021800091,489,203857,Jamierra Faulkner,1611661313,New York Liberty,4,6,56,Made Shot,Jump Shot,3PT Field Goal,Above the Break 3,Right Side Center(RC),24+ ft.,25,120,221,1,1,20180629,NYL,CHI,2018,1021800091489,19840,validated,202664,1,matched,playbyplayv2,1611661329,202250|202259|204320|204327|1628915,complete,playbyplay_inferred,202664|203828|203838|203857|1628890,complete,playbyplay_inferred,1611661329,Chicago Sky
Shot Chart Detail,1021800091,503,1628931,Gabby Williams,1611661313,New York Liberty,4,6,13,Made Shot,Jump Shot,2PT Field Goal,Mid-Range,Left Side(L),8-16 ft.,11,-111,38,1,1,20180629,NYL,CHI,2018,1021800091503,20270,validated,202664,1,matched,playbyplayv2,1611661329,201913|202250|202259|204327|1628915,complete,playbyplay_inferred,201516|202664|203828|203857|1628931,complete,playbyplay_inferred,1611661329,Chicago Sky
Shot Chart Detail,1021800091,507,203828,Stefanie Dolson,1611661313,New York Liberty,4,5,43,Missed Shot,Jump Shot,2PT Field Goal,Mid-Range,Center(C),8-16 ft.,15,3,152,1,0,20180629,NYL,CHI,2018,1021800091507,20570,validated,,0,matched,playbyplayv2,1611661329,201913|202250|202259|204327|1628915,complete,playbyplay_inferred,201516|202664|203828|203857|1628931,complete,playbyplay_inferred,1611661329,Chicago Sky
Shot Chart Detail,1021800091,513,203828,Stefanie Dolson,1611661313,New York Liberty,4,5,22,Missed Shot,Pullup Jump shot,2PT Field Goal,Mid-Range,Center(C),16-24 ft.,19,-12,194,1,0,20180629,NYL,CHI,2018,1021800091513,20780,validated,,0,matched,playbyplayv2,1611661329,201913|202250|202259|204327|1628915,complete,playbyplay_inferred,201516|202664|203828|203857|1628931,complete,playbyplay_inferred,1611661329,Chicago Sky
Shot Chart Detail,1021800091,521,201516,Allie Quigley,1611661313,New York Liberty,4,4,22,Missed Shot,Step Back Jump shot,2PT Field Goal,Mid-Range,Center(C),16-24 ft.,20,17,208,1,0,20180629,NYL,CHI,2018,1021800091521,21380,validated,,0,matched,playbyplayv2,1611661329,201913|202250|202259|204327|1628915,complete,playbyplay_inferred,201516|202664|203828|203857|1628931,complete,playbyplay_inferred,1611661329,Chicago Sky
Shot Chart Detail,1021800091,524,203857,Jamierra Faulkner,1611661313,New York Liberty,4,3,52,Made Shot,Jump Shot,3PT Field Goal,Above the Break 3,Left Side(L),24+ ft.,22,-223,39,1,1,20180629,NYL,CHI,2018,1021800091524,21680,validated,201516,1,matched,playbyplayv2,1611661329,201913|202250|202259|204327|1628915,complete,playbyplay_inferred,201516|202664|203828|203857|1628931,complete,playbyplay_inferred,1611661329,Chicago Sky
Shot Chart Detail,1021800091,527,203828,Stefanie Dolson,1611661313,New York Liberty,4,3,10,Made Shot,Layup Shot,2PT Field Goal,Restricted Area,Center(C),Less Than 8 ft.,1,16,11,1,1,20180629,NYL,CHI,2018,1021800091527,22100,validated,202664,1,matched,playbyplayv2,1611661329,201913|202250|202259|204327|1628915,complete,playbyplay_inferred,201516|202664|203828|203857|1628931,complete,playbyplay_inferred,1611661329,Chicago Sky
Shot Chart Detail,1021800091,530,1628931,Gabby Williams,1611661313,New York Liberty,4,2,26,Made Shot,Jump Shot,2PT Field Goal,Mid-Range,Center(C),16-24 ft.,18,37,181,1,1,20180629,NYL,CHI,2018,1021800091530,22540,validated,202664,1,matched,playbyplayv2,1611661329,201913|202250|202259|204327|1628915,complete,playbyplay_inferred,201516|202664|203828|203857|1628931,complete,playbyplay_inferred,1611661329,Chicago Sky
Shot Chart Detail,1021800091,533,201516,Allie Quigley,1611661313,New York Liberty,4,1,52,Made Shot,Jump Shot,2PT Field Goal,Mid-Range,Right Side Center(RC),16-24 ft.,20,136,160,1,1,20180629,NYL,CHI,2018,1021800091533,22880,validated,202664,1,matched,playbyplayv2,1611661329,201913|202250|202259|204327|1628915,complete,playbyplay_inferred,201516|202664|203828|203857|1628931,complete,playbyplay_inferred,1611661329,Chicago Sky
Shot Chart Detail,1021800091,550,203828,Stefanie Dolson,1611661313,New York Liberty,4,1,11,Made Shot,Layup Shot,2PT Field Goal,Restricted Area,Center(C),Less Than 8 ft.,1,-11,14,1,1,20180629,NYL,CHI,2018,1021800091550,23290,validated,202664,1,matched,playbyplayv2,1611661329,201913|201919|202250|202259|204327,complete,playbyplay_inferred,201516|202664|203828|204323|1628890,complete,playbyplay_inferred,1611661329,Chicago Sky
Shot Chart Detail,1021800091,555,203828,Stefanie Dolson,1611661313,New York Liberty,4,0,38,Missed Shot,Jump Shot,3PT Field Goal,Above the Break 3,Center(C),24+ ft.,24,66,233,1,0,20180629,NYL,CHI,2018,1021800091555,23620,validated,,0,matched,playbyplayv2,1611661329,201913|201919|202250|202259|204327,complete,playbyplay_inferred,201516|202664|203828|204323|1628890,complete,playbyplay_inferred,1611661329,Chicago Sky
Shot Chart Detail,1021800098,9,1628890,Diamond DeShields,1611661313,New York Liberty,1,9,36,Missed Shot,Jump Shot,3PT Field Goal,Above the Break 3,Right Side Center(RC),16-24 ft.,23,141,190,1,0,20180701,CHI,NYL,2018,10218000989,240,validated,,0,matched,playbyplayv2,1611661329,201913|201919|202250|202259|203829,complete,playbyplay_inferred,201516|202664|203828|1628890|1628931,complete,playbyplay_inferred,1611661329,Chicago Sky
Shot Chart Detail,1021800098,15,201516,Allie Quigley,1611661313,New York Liberty,1,9,2,Missed Shot,Jump Shot,3PT Field Goal,Above the Break 3,Right Side Center(RC),24+ ft.,24,148,198,1,0,20180701,CHI,NYL,2018,102180009815,580,validated,,0,matched,playbyplayv2,1611661329,201913|201919|202250|202259|203829,complete,playbyplay_inferred,201516|202664|203828|1628890|1628931,complete,playbyplay_inferred,1611661329,Chicago Sky
Shot Chart Detail,1021800098,22,201516,Allie Quigley,1611661313,New York Liberty,1,8,22,Made Shot,Cutting Layup Shot,2PT Field Goal,Restricted Area,Center(C),Less Than 8 ft.,2,-24,6,1,1,20180701,CHI,NYL,2018,102180009822,980,validated,203828,1,matched,playbyplayv2,1611661329,201913|201919|202250|202259|203829,complete,playbyplay_inferred,201516|202664|203828|1628890|1628931,complete,playbyplay_inferred,1611661329,Chicago Sky
Shot Chart Detail,1021800098,28,203828,Stefanie Dolson,1611661313,New York Liberty,1,7,44,Missed Shot,Jump Shot,2PT Field Goal,In The Paint (Non-RA),Center(C),8-16 ft.,11,43,104,1,0,20180701,CHI,NYL,2018,102180009828,1360,validated,,0,matched,playbyplayv2,1611661329,201913|201919|202250|202259|203829,complete,playbyplay_inferred,201516|202664|203828|1628890|1628931,complete,playbyplay_inferred,1611661329,Chicago Sky
Shot Chart Detail,1021800098,37,201516,Allie Quigley,1611661313,New York Liberty,1,6,26,Missed Shot,Jump Shot,3PT Field Goal,Above the Break 3,Left Side Center(LC),24+ ft.,24,-144,199,1,0,20180701,CHI,NYL,2018,102180009837,2140,validated,,0,matched,playbyplayv2,1611661329,201913|201919|202250|202259|203829,complete,playbyplay_inferred,201516|202664|203828|1628890|1628931,complete,playbyplay_inferred,1611661329,Chicago Sky
Shot Chart Detail,1021800098,41,202664,Courtney Vandersloot,1611661313,New York Liberty,1,6,8,Missed Shot,Cutting Layup Shot,2PT Field Goal,Restricted Area,Center(C),Less Than 8 ft.,1,-13,9,1,0,20180701,CHI,NYL,2018,102180009841,2320,validated,,0,matched,playbyplayv2,1611661329,201913|201919|202250|202259|203829,complete,playbyplay_inferred,201516|202664|203828|1628890|1628931,complete,playbyplay_inferred,1611661329,Chicago Sky
Shot Chart Detail,1021800098,46,202664,Courtney Vandersloot,1611661313,New York Liberty,1,5,56,Made Shot,Driving Layup Shot,2PT Field Goal,Restricted Area,Center(C),Less Than 8 ft.,1,11,9,1,1,20180701,CHI,NYL,2018,102180009846,2440,validated,1628890,1,matched,playbyplayv2,1611661329,201913|201919|202250|202259|203829,complete,playbyplay_inferred,201516|202664|203828|1628890|1628931,complete,playbyplay_inferred,1611661329,Chicago Sky
Shot Chart Detail,1021800098,57,201516,Allie Quigley,1611661313,New York Liberty,1,5,17,Made Shot,Cutting Layup Shot,2PT Field Goal,Restricted Area,Center(C),Less Than 8 ft.,2,-15,15,1,1,20180701,CHI,NYL,2018,102180009857,2830,validated,203828,1,matched,playbyplayv2,1611661329,201913|201919|202250|203411|203829,complete,playbyplay_inferred,201516|202652|202664|203828|204323,complete,playbyplay_inferred,1611661329,Chicago Sky
Shot Chart Detail,1021800098,61,204323,Cheyenne Parker-Tyus,1611661313,New York Liberty,1,4,53,Missed Shot,Driving Layup Shot,2PT Field Goal,Restricted Area,Center(C),Less Than 8 ft.,2,-4,20,1,0,20180701,CHI,NYL,2018,102180009861,3070,validated,,0,matched,playbyplayv2,1611661329,201913|201919|202250|203411|203829,complete,playbyplay_inferred,201516|202652|202664|203828|204323,complete,playbyplay_inferred,1611661329,Chicago Sky
Shot Chart Detail,1021800098,65,202664,Courtney Vandersloot,1611661313,New York Liberty,1,4,29,Made Shot,Driving Layup Shot,2PT Field Goal,Restricted Area,Center(C),Less Than 8 ft.,1,9,7,1,1,20180701,CHI,NYL,2018,102180009865,3310,validated,,0,matched,playbyplayv2,1611661329,201913|201919|202250|203411|203829,complete,playbyplay_inferred,201516|202652|202664|203828|204323,complete,playbyplay_inferred,1611661329,Chicago Sky
Shot Chart Detail,1021800098,83,202664,Courtney Vandersloot,1611661313,New York Liberty,1,3,29,Missed Shot,Pullup Jump shot,2PT Field Goal,Mid-Range,Center(C),8-16 ft.,15,1,157,1,0,20180701,CHI,NYL,2018,102180009883,3910,validated,,0,matched,playbyplayv2,1611661329,201919|202250|203411|204320|204327,complete,playbyplay_inferred,201516|202652|202664|203828|204323,complete,playbyplay_inferred,1611661329,Chicago Sky
Shot Chart Detail,1021800098,87,201516,Allie Quigley,1611661313,New York Liberty,1,2,52,Missed Shot,Pullup Jump shot,2PT Field Goal,Mid-Range,Right Side Center(RC),16-24 ft.,17,84,152,1,0,20180701,CHI,NYL,2018,102180009887,4280,validated,,0,matched,playbyplayv2,1611661329,201919|202250|203411|204320|204327,complete,playbyplay_inferred,201516|202652|202664|203828|204323,complete,playbyplay_inferred,1611661329,Chicago Sky
Shot Chart Detail,1021800098,99,203838,Astou Ndour-Fall,1611661313,New York Liberty,1,2,14,Missed Shot,Jump Shot,3PT Field Goal,Above the Break 3,Left Side Center(LC),24+ ft.,24,-111,217,1,0,20180701,CHI,NYL,2018,102180009899,4660,validated,,0,matched,playbyplayv2,1611661329,202250|203411|204320|204327|1628915,complete,playbyplay_inferred,202652|202664|203838|203857|204323,complete,playbyplay_inferred,1611661329,Chicago Sky
Shot Chart Detail,1021800098,112,204323,Cheyenne Parker-Tyus,1611661313,New York Liberty,1,1,35,Made Shot,Layup Shot,2PT Field Goal,Restricted Area,Center(C),Less Than 8 ft.,1,-15,11,1,1,20180701,CHI,NYL,2018,1021800098112,5050,validated,1628890,1,matched,playbyplayv2,1611661329,202250|203411|204320|204327|1628915,complete,playbyplay_inferred,202664|203838|203857|204323|1628890,complete,playbyplay_inferred,1611661329,Chicago Sky
Shot Chart Detail,1021800098,125,203838,Astou Ndour-Fall,1611661313,New York Liberty,1,1,4,Made Shot,Jump Shot,2PT Field Goal,Mid-Range,Right Side Center(RC),16-24 ft.,21,81,201,1,1,20180701,CHI,NYL,2018,1021800098125,5360,validated,203857,1,matched,playbyplayv2,1611661329,202250|203411|204320|204327|1628915,complete,playbyplay_inferred,202664|203838|203857|204323|1628890,complete,playbyplay_inferred,1611661329,Chicago Sky
Shot Chart Detail,1021800098,162,1628890,Diamond DeShields,1611661313,New York Liberty,2,8,10,Made Shot,Step Back Jump shot,2PT Field Goal,Mid-Range,Center(C),16-24 ft.,20,-4,206,1,1,20180701,CHI,NYL,2018,1021800098162,7100,validated,,0,matched,playbyplayv2,1611661329,203411|204320|204327|204329|1628915,complete,playbyplay_inferred,201516|203828|203857|1628890|1628931,complete,playbyplay_inferred,1611661329,Chicago Sky
Shot Chart Detail,1021800098,188,202664,Courtney Vandersloot,1611661313,New York Liberty,2,6,55,Made Shot,Jump Shot,3PT Field Goal,Above the Break 3,Center(C),24+ ft.,23,61,230,1,1,20180701,CHI,NYL,2018,1021800098188,7850,validated,201516,1,matched,playbyplayv2,1611661329,202250|202259|203829|204329|1628915,complete,playbyplay_inferred,201516|202664|203828|204323|1628890,complete,playbyplay_inferred,1611661329,Chicago Sky
Shot Chart Detail,1021800098,192,1628890,Diamond DeShields,1611661313,New York Liberty,2,6,22,Missed Shot,Pullup Jump shot,3PT Field Goal,Above the Break 3,Right Side Center(RC),24+ ft.,24,103,226,1,0,20180701,CHI,NYL,2018,1021800098192,8180,validated,,0,matched,playbyplayv2,1611661329,202250|202259|203829|204329|1628915,complete,playbyplay_inferred,201516|202664|203828|204323|1628890,complete,playbyplay_inferred,1611661329,Chicago Sky
Shot Chart Detail,1021800098,196,201516,Allie Quigley,1611661313,New York Liberty,2,6,5,Missed Shot,Jump Shot,2PT Field Goal,Mid-Range,Right Side Center(RC),16-24 ft.,18,74,167,1,0,20180701,CHI,NYL,2018,1021800098196,8350,validated,,0,matched,playbyplayv2,1611661329,202250|202259|203829|204329|1628915,complete,playbyplay_inferred,201516|202664|203828|204323|1628890,complete,playbyplay_inferred,1611661329,Chicago Sky
Shot Chart Detail,1021800098,226,202664,Courtney Vandersloot,1611661313,New York Liberty,2,5,9,Made Shot,Jump Shot,3PT Field Goal,Above the Break 3,Right Side Center(RC),24+ ft.,24,143,195,1,1,20180701,CHI,NYL,2018,1021800098226,8910,validated,201516,1,matched,playbyplayv2,1611661329,201913|201919|202250|202259|203829,complete,playbyplay_inferred,201516|202664|204323|1627674|1628268,complete,playbyplay_inferred,1611661329,Chicago Sky
Shot Chart Detail,1021800098,244,203828,Stefanie Dolson,1611661313,New York Liberty,2,4,5,Made Shot,Jump Shot,3PT Field Goal,Above the Break 3,Left Side Center(LC),24+ ft.,24,-94,230,1,1,20180701,CHI,NYL,2018,1021800098244,9550,validated,202664,1,matched,playbyplayv2,1611661329,201913|201919|202259|203829|204320,complete,playbyplay_inferred,201516|202664|203828|204323|1627674,complete,playbyplay_inferred,1611661329,Chicago Sky
Shot Chart Detail,1021800098,255,1627674,Kahleah Copper,1611661313,New York Liberty,2,3,23,Made Shot,Jump Shot,2PT Field Goal,Mid-Range,Left Side Center(LC),16-24 ft.,20,-124,158,1,1,20180701,CHI,NYL,2018,1021800098255,9970,validated,,0,matched,playbyplayv2,1611661329,201913|201919|202259|203829|204329,complete,playbyplay_inferred,201516|202664|203828|204323|1627674,complete,playbyplay_inferred,1611661329,Chicago Sky
Shot Chart Detail,1021800098,269,201516,Allie Quigley,1611661313,New York Liberty,2,1,53,Missed Shot,Jump Shot,3PT Field Goal,Above the Break 3,Right Side Center(RC),24+ ft.,24,173,179,1,0,20180701,CHI,NYL,2018,1021800098269,10870,validated,,0,matched,playbyplayv2,1611661329,201913|201919|202259|203829|204329,complete,playbyplay_inferred,201516|202664|203828|204323|1627674,complete,playbyplay_inferred,1611661329,Chicago Sky
Shot Chart Detail,1021800098,276,203828,Stefanie Dolson,1611661313,New York Liberty,2,1,26,Missed Shot,Jump Shot,2PT Field Goal,In The Paint (Non-RA),Center(C),Less Than 8 ft.,5,-2,58,1,0,20180701,CHI,NYL,2018,1021800098276,11140,validated,,0,matched,playbyplayv2,1611661329,201913|201919|202259|203829|204329,complete,playbyplay_inferred,201516|202664|203828|204323|1627674,complete,playbyplay_inferred,1611661329,Chicago Sky
Shot Chart Detail,1021800098,287,201516,Allie Quigley,1611661313,New York Liberty,2,0,56,Made Shot,Jump Shot,3PT Field Goal,Above the Break 3,Left Side Center(LC),16-24 ft.,23,-142,185,1,1,20180701,CHI,NYL,2018,1021800098287,11440,validated,202664,1,matched,playbyplayv2,1611661329,201913|201919|202259|203829|204329,complete,playbyplay_inferred,201516|202664|203828|204323|1627674,complete,playbyplay_inferred,1611661329,Chicago Sky
Shot Chart Detail,1021800098,291,1627674,Kahleah Copper,1611661313,New York Liberty,2,0,27,Missed Shot,Jump Shot,3PT Field Goal,Right Corner 3,Right Side(R),24+ ft.,23,236,-1,1,0,20180701,CHI,NYL,2018,1021800098291,11730,validated,,0,matched,playbyplayv2,1611661329,201913|201919|202259|203829|204329,complete,playbyplay_inferred,201516|202664|203828|204323|1627674,complete,playbyplay_inferred,1611661329,Chicago Sky
Shot Chart Detail,1021800098,293,203828,Stefanie Dolson,1611661313,New York Liberty,2,0,25,Made Shot,Putback Layup Shot,2PT Field Goal,Restricted Area,Center(C),Less Than 8 ft.,0,0,-6,1,1,20180701,CHI,NYL,2018,1021800098293,11750,validated,,0,matched,playbyplayv2,1611661329,201913|201919|202259|203829|204329,complete,playbyplay_inferred,201516|202664|203828|204323|1627674,complete,playbyplay_inferred,1611661329,Chicago Sky
Shot Chart Detail,1021800098,297,201516,Allie Quigley,1611661313,New York Liberty,2,0,0,Made Shot,Pullup Jump shot,2PT Field Goal,Mid-Range,Left Side(L),16-24 ft.,17,-149,83,1,1,20180701,CHI,NYL,2018,1021800098297,12000,validated,1627674,1,matched,playbyplayv2,1611661329,201913|201919|202259|203829|204329,complete,playbyplay_inferred,201516|202664|203828|204323|1627674,complete,playbyplay_inferred,1611661329,Chicago Sky
Shot Chart Detail,1021800098,309,201516,Allie Quigley,1611661313,New York Liberty,3,9,48,Made Shot,Jump Shot,3PT Field Goal,Above the Break 3,Right Side Center(RC),24+ ft.,24,115,212,1,1,20180701,CHI,NYL,2018,1021800098309,12120,validated,202664,1,matched,playbyplayv2,1611661329,201913|201919|202250|202259|203829,complete,playbyplay_inferred,201516|202664|203828|1628890|1628931,complete,playbyplay_inferred,1611661329,Chicago Sky
Shot Chart Detail,1021800098,315,201516,Allie Quigley,1611661313,New York Liberty,3,9,2,Made Shot,Jump Shot,3PT Field Goal,Above the Break 3,Right Side Center(RC),24+ ft.,24,137,200,1,1,20180701,CHI,NYL,2018,1021800098315,12580,validated,203828,1,matched,playbyplayv2,1611661329,201913|201919|202250|202259|203829,complete,playbyplay_inferred,201516|202664|203828|1628890|1628931,complete,playbyplay_inferred,1611661329,Chicago Sky
Shot Chart Detail,1021800098,321,203828,Stefanie Dolson,1611661313,New York Liberty,3,8,23,Missed Shot,Jump Shot,3PT Field Goal,Above the Break 3,Right Side Center(RC),24+ ft.,25,105,233,1,0,20180701,CHI,NYL,2018,1021800098321,12970,validated,,0,matched,playbyplayv2,1611661329,201913|201919|202250|202259|203829,complete,playbyplay_inferred,201516|202664|203828|1628890|1628931,complete,playbyplay_inferred,1611661329,Chicago Sky
Shot Chart Detail,1021800098,331,203828,Stefanie Dolson,1611661313,New York Liberty,3,7,45,Made Shot,Driving Layup Shot,2PT Field Goal,Restricted Area,Center(C),Less Than 8 ft.,2,2,29,1,1,20180701,CHI,NYL,2018,1021800098331,13350,validated,202664,1,matched,playbyplayv2,1611661329,201913|201919|202250|202259|203829,complete,playbyplay_inferred,201516|202664|203828|1628890|1628931,complete,playbyplay_inferred,1611661329,Chicago Sky
Shot Chart Detail,1021800098,335,1628890,Diamond DeShields,1611661313,New York Liberty,3,7,23,Missed Shot,Driving Layup Shot,2PT Field Goal,Restricted Area,Center(C),Less Than 8 ft.,1,-2,18,1,0,20180701,CHI,NYL,2018,1021800098335,13570,validated,,0,matched,playbyplayv2,1611661329,201913|201919|202250|202259|203829,complete,playbyplay_inferred,201516|202664|203828|1628890|1628931,complete,playbyplay_inferred,1611661329,Chicago Sky
Shot Chart Detail,1021800098,337,1628931,Gabby Williams,1611661313,New York Liberty,3,7,19,Missed Shot,Jump Shot,2PT Field Goal,Mid-Range,Left Side(L),16-24 ft.,17,-164,57,1,0,20180701,CHI,NYL,2018,1021800098337,13610,validated,,0,matched,playbyplayv2,1611661329,201913|201919|202250|202259|203829,complete,playbyplay_inferred,201516|202664|203828|1628890|1628931,complete,playbyplay_inferred,1611661329,Chicago Sky
Shot Chart Detail,1021800098,341,1628931,Gabby Williams,1611661313,New York Liberty,3,7,0,Missed Shot,Driving Layup Shot,2PT Field Goal,Restricted Area,Center(C),Less Than 8 ft.,2,27,13,1,0,20180701,CHI,NYL,2018,1021800098341,13800,validated,,0,matched,playbyplayv2,1611661329,201913|201919|202250|202259|203829,complete,playbyplay_inferred,201516|202664|203828|1628890|1628931,complete,playbyplay_inferred,1611661329,Chicago Sky
Shot Chart Detail,1021800098,356,202664,Courtney Vandersloot,1611661313,New York Liberty,3,6,18,Missed Shot,Driving Reverse Layup Shot,2PT Field Goal,Restricted Area,Center(C),Less Than 8 ft.,2,25,4,1,0,20180701,CHI,NYL,2018,1021800098356,14220,validated,,0,matched,playbyplayv2,1611661329,201913|201919|202250|202259|203829,complete,playbyplay_inferred,201516|202664|203828|204323|1628890,complete,playbyplay_inferred,1611661329,Chicago Sky
Shot Chart Detail,1021800098,360,1628890,Diamond DeShields,1611661313,New York Liberty,3,5,32,Missed Shot,Pullup Jump shot,2PT Field Goal,Mid-Range,Left Side(L),8-16 ft.,14,-106,94,1,0,20180701,CHI,NYL,2018,1021800098360,14680,validated,,0,matched,playbyplayv2,1611661329,201913|201919|202250|202259|203829,complete,playbyplay_inferred,201516|202664|203828|204323|1628890,complete,playbyplay_inferred,1611661329,Chicago Sky
Shot Chart Detail,1021800098,364,202664,Courtney Vandersloot,1611661313,New York Liberty,3,5,14,Made Shot,Running Jump Shot,3PT Field Goal,Above the Break 3,Left Side Center(LC),24+ ft.,24,-101,227,1,1,20180701,CHI,NYL,2018,1021800098364,14860,validated,,0,matched,playbyplayv2,1611661329,201913|201919|202250|202259|203829,complete,playbyplay_inferred,201516|202664|203828|204323|1628890,complete,playbyplay_inferred,1611661329,Chicago Sky
Shot Chart Detail,1021800098,380,204323,Cheyenne Parker-Tyus,1611661313,New York Liberty,3,4,38,Missed Shot,Jump Shot,2PT Field Goal,Mid-Range,Right Side(R),8-16 ft.,12,117,50,1,0,20180701,CHI,NYL,2018,1021800098380,15220,validated,,0,matched,playbyplayv2,1611661329,201919|202250|203411|204320|204327,complete,playbyplay_inferred,201516|202664|203838|204323|1627674,complete,playbyplay_inferred,1611661329,Chicago Sky
Shot Chart Detail,1021800098,384,203838,Astou Ndour-Fall,1611661313,New York Liberty,3,4,17,Missed Shot,Layup Shot,2PT Field Goal,Restricted Area,Center(C),Less Than 8 ft.,2,25,6,1,0,20180701,CHI,NYL,2018,1021800098384,15430,validated,,0,matched,playbyplayv2,1611661329,201919|202250|203411|204320|204327,complete,playbyplay_inferred,201516|202664|203838|204323|1627674,complete,playbyplay_inferred,1611661329,Chicago Sky
Shot Chart Detail,1021800098,388,202664,Courtney Vandersloot,1611661313,New York Liberty,3,4,0,Missed Shot,Jump Shot,3PT Field Goal,Above the Break 3,Center(C),16-24 ft.,23,-24,234,1,0,20180701,CHI,NYL,2018,1021800098388,15600,validated,,0,matched,playbyplayv2,1611661329,201919|202250|203411|204320|204327,complete,playbyplay_inferred,201516|202664|203838|204323|1627674,complete,playbyplay_inferred,1611661329,Chicago Sky
Shot Chart Detail,1021800098,394,201516,Allie Quigley,1611661313,New York Liberty,3,3,39,Missed Shot,Driving Floating Jump Shot,2PT Field Goal,In The Paint (Non-RA),Center(C),Less Than 8 ft.,7,0,79,1,0,20180701,CHI,NYL,2018,1021800098394,15810,validated,,0,matched,playbyplayv2,1611661329,201919|202250|203411|204320|204327,complete,playbyplay_inferred,201516|202664|203838|204323|1627674,complete,playbyplay_inferred,1611661329,Chicago Sky
Shot Chart Detail,1021800098,404,1628890,Diamond DeShields,1611661313,New York Liberty,3,3,9,Missed Shot,Driving Layup Shot,2PT Field Goal,Restricted Area,Center(C),Less Than 8 ft.,3,37,-7,1,0,20180701,CHI,NYL,2018,1021800098404,16110,validated,,0,matched,playbyplayv2,1611661329,201919|202250|203411|204320|204327,complete,playbyplay_inferred,202664|203838|203857|204323|1628890,complete,playbyplay_inferred,1611661329,Chicago Sky
Shot Chart Detail,1021800098,407,203838,Astou Ndour-Fall,1611661313,New York Liberty,3,3,4,Made Shot,Layup Shot,2PT Field Goal,Restricted Area,Center(C),Less Than 8 ft.,0,4,8,1,1,20180701,CHI,NYL,2018,1021800098407,16160,validated,203857,1,matched,playbyplayv2,1611661329,201919|202250|203411|204320|204327,complete,playbyplay_inferred,202664|203838|203857|204323|1628890,complete,playbyplay_inferred,1611661329,Chicago Sky
Shot Chart Detail,1021800098,418,203828,Stefanie Dolson,1611661313,New York Liberty,3,2,11,Made Shot,Jump Shot,3PT Field Goal,Above the Break 3,Center(C),24+ ft.,23,10,239,1,1,20180701,CHI,NYL,2018,1021800098418,16690,validated,203857,1,matched,playbyplayv2,1611661329,201919|202250|203411|204320|204327,complete,playbyplay_inferred,202664|203828|203857|204323|1628890,complete,playbyplay_inferred,1611661329,Chicago Sky
Shot Chart Detail,1021800098,422,203828,Stefanie Dolson,1611661313,New York Liberty,3,1,48,Missed Shot,Jump Shot,2PT Field Goal,Mid-Range,Left Side(L),8-16 ft.,12,-117,41,1,0,20180701,CHI,NYL,2018,1021800098422,16920,validated,,0,matched,playbyplayv2,1611661329,201919|202250|203411|204320|204327,complete,playbyplay_inferred,202664|203828|203857|204323|1628890,complete,playbyplay_inferred,1611661329,Chicago Sky
Shot Chart Detail,1021800098,430,1628890,Diamond DeShields,1611661313,New York Liberty,3,1,45,Made Shot,Layup Shot,2PT Field Goal,Restricted Area,Center(C),Less Than 8 ft.,1,16,3,1,1,20180701,CHI,NYL,2018,1021800098430,16950,validated,203857,1,matched,playbyplayv2,1611661329,202250|203411|204327|204329|1628915,complete,playbyplay_inferred,201516|203828|203857|204323|1628890,complete,playbyplay_inferred,1611661329,Chicago Sky
Shot Chart Detail,1021800098,447,204323,Cheyenne Parker-Tyus,1611661313,New York Liberty,3,0,24,Made Shot,Jump Shot,2PT Field Goal,Mid-Range,Right Side(R),16-24 ft.,20,197,44,1,1,20180701,CHI,NYL,2018,1021800098447,17760,validated,203857,1,matched,playbyplayv2,1611661329,202250|203411|204327|204329|1628915,complete,playbyplay_inferred,201516|203828|203857|204323|1628890,complete,playbyplay_inferred,1611661329,Chicago Sky
Shot Chart Detail,1021800098,450,203857,Jamierra Faulkner,1611661313,New York Liberty,3,0,0,Missed Shot,Jump Shot,3PT Field Goal,Backcourt,Back Court(BC),Back Court Shot,50,-23,509,1,0,20180701,CHI,NYL,2018,1021800098450,18000,validated,,0,matched,playbyplayv2,1611661329,202250|203411|204327|204329|1628915,complete,playbyplay_inferred,201516|203828|203857|204323|1628890,complete,playbyplay_inferred,1611661329,Chicago Sky
Shot Chart Detail,1021800098,460,204323,Cheyenne Parker-Tyus,1611661313,New York Liberty,4,9,20,Made Shot,Jump Shot,2PT Field Goal,Mid-Range,Center(C),16-24 ft.,17,48,167,1,1,20180701,CHI,NYL,2018,1021800098460,18400,validated,203857,1,matched,playbyplayv2,1611661329,202250|202259|204327|204329|1628915,complete,playbyplay_inferred,201516|203828|203857|204323|1628890,complete,playbyplay_inferred,1611661329,Chicago Sky
Shot Chart Detail,1021800098,464,201516,Allie Quigley,1611661313,New York Liberty,4,8,38,Made Shot,Jump Shot,2PT Field Goal,Mid-Range,Right Side(R),16-24 ft.,21,210,15,1,1,20180701,CHI,NYL,2018,1021800098464,18820,validated,203857,1,matched,playbyplayv2,1611661329,202250|202259|204327|204329|1628915,complete,playbyplay_inferred,201516|203828|203857|204323|1628890,complete,playbyplay_inferred,1611661329,Chicago Sky
Shot Chart Detail,1021800098,475,203828,Stefanie Dolson,1611661313,New York Liberty,4,7,58,Missed Shot,Jump Shot,2PT Field Goal,Mid-Range,Left Side Center(LC),16-24 ft.,19,-62,190,1,0,20180701,CHI,NYL,2018,1021800098475,19220,validated,,0,matched,playbyplayv2,1611661329,201919|202250|202259|204327|204329,complete,playbyplay_inferred,201516|203828|203857|204323|1628890,complete,playbyplay_inferred,1611661329,Chicago Sky
Shot Chart Detail,1021800098,477,204323,Cheyenne Parker-Tyus,1611661313,New York Liberty,4,7,52,Missed Shot,Putback Layup Shot,2PT Field Goal,Restricted Area,Center(C),Less Than 8 ft.,0,0,-6,1,0,20180701,CHI,NYL,2018,1021800098477,19280,validated,,0,matched,playbyplayv2,1611661329,201919|202250|202259|204327|204329,complete,playbyplay_inferred,201516|203828|203857|204323|1628890,complete,playbyplay_inferred,1611661329,Chicago Sky
Shot Chart Detail,1021800098,489,202664,Courtney Vandersloot,1611661313,New York Liberty,4,7,40,Made Shot,Jump Shot,3PT Field Goal,Above the Break 3,Left Side Center(LC),24+ ft.,24,-123,216,1,1,20180701,CHI,NYL,2018,1021800098489,19400,validated,1627674,1,matched,playbyplayv2,1611661329,201919|202250|202259|204327|204329,complete,playbyplay_inferred,202664|203828|1627674|1628890|1628931,complete,playbyplay_inferred,1611661329,Chicago Sky
Shot Chart Detail,1021800098,497,203828,Stefanie Dolson,1611661313,New York Liberty,4,7,11,Missed Shot,Jump Shot,3PT Field Goal,Left Corner 3,Left Side(L),24+ ft.,22,-229,-12,1,0,20180701,CHI,NYL,2018,1021800098497,19690,validated,,0,matched,playbyplayv2,1611661329,202250|202259|203411|204327|204329,complete,playbyplay_inferred,202664|203828|1627674|1628890|1628931,complete,playbyplay_inferred,1611661329,Chicago Sky
Shot Chart Detail,1021800098,501,1628890,Diamond DeShields,1611661313,New York Liberty,4,6,43,Missed Shot,Jump Shot,3PT Field Goal,Above the Break 3,Left Side Center(LC),24+ ft.,24,-169,179,1,0,20180701,CHI,NYL,2018,1021800098501,19970,validated,,0,matched,playbyplayv2,1611661329,202250|202259|203411|204327|204329,complete,playbyplay_inferred,202664|203828|1627674|1628890|1628931,complete,playbyplay_inferred,1611661329,Chicago Sky
Shot Chart Detail,1021800098,507,1627674,Kahleah Copper,1611661313,New York Liberty,4,6,14,Made Shot,Jump Shot,2PT Field Goal,Mid-Range,Left Side(L),8-16 ft.,10,-100,24,1,1,20180701,CHI,NYL,2018,1021800098507,20260,validated,,0,matched,playbyplayv2,1611661329,202250|202259|203411|204327|204329,complete,playbyplay_inferred,202664|203828|1627674|1628890|1628931,complete,playbyplay_inferred,1611661329,Chicago Sky
Shot Chart Detail,1021800098,517,203828,Stefanie Dolson,1611661313,New York Liberty,4,5,19,Missed Shot,Cutting Layup Shot,2PT Field Goal,Restricted Area,Center(C),Less Than 8 ft.,1,0,15,1,0,20180701,CHI,NYL,2018,1021800098517,20810,validated,,0,matched,playbyplayv2,1611661329,201913|202250|202259|203411|204327,complete,playbyplay_inferred,202664|203828|1627674|1628890|1628931,complete,playbyplay_inferred,1611661329,Chicago Sky
Shot Chart Detail,1021800098,532,1627674,Kahleah Copper,1611661313,New York Liberty,4,4,16,Made Shot,Jump Shot,3PT Field Goal,Above the Break 3,Right Side Center(RC),24+ ft.,23,113,211,1,1,20180701,CHI,NYL,2018,1021800098532,21440,validated,201516,1,matched,playbyplayv2,1611661329,201913|202250|202259|203411|204327,complete,playbyplay_inferred,201516|202664|203828|1627674|1628931,complete,playbyplay_inferred,1611661329,Chicago Sky
Shot Chart Detail,1021800098,536,1628931,Gabby Williams,1611661313,New York Liberty,4,3,40,Missed Shot,Jump Shot,3PT Field Goal,Above the Break 3,Right Side Center(RC),24+ ft.,24,119,210,1,0,20180701,CHI,NYL,2018,1021800098536,21800,validated,,0,matched,playbyplayv2,1611661329,201913|202250|202259|203411|204327,complete,playbyplay_inferred,201516|202664|203828|1627674|1628931,complete,playbyplay_inferred,1611661329,Chicago Sky
Shot Chart Detail,1021800098,549,203828,Stefanie Dolson,1611661313,New York Liberty,4,3,17,Missed Shot,Jump Shot,3PT Field Goal,Above the Break 3,Right Side Center(RC),16-24 ft.,23,75,224,1,0,20180701,CHI,NYL,2018,1021800098549,22030,validated,,0,matched,playbyplayv2,1611661329,201913|201919|202250|202259|204327,complete,playbyplay_inferred,201516|202664|203828|204323|1627674,complete,playbyplay_inferred,1611661329,Chicago Sky
Shot Chart Detail,1021800098,553,202664,Courtney Vandersloot,1611661313,New York Liberty,4,2,47,Missed Shot,Jump Shot,2PT Field Goal,Mid-Range,Right Side Center(RC),16-24 ft.,21,107,181,1,0,20180701,CHI,NYL,2018,1021800098553,22330,validated,,0,matched,playbyplayv2,1611661329,201913|201919|202250|202259|204327,complete,playbyplay_inferred,201516|202664|203828|204323|1627674,complete,playbyplay_inferred,1611661329,Chicago Sky
Shot Chart Detail,1021800098,566,201516,Allie Quigley,1611661313,New York Liberty,4,2,14,Made Shot,Jump Shot,3PT Field Goal,Left Corner 3,Left Side(L),24+ ft.,22,-229,18,1,1,20180701,CHI,NYL,2018,1021800098566,22660,validated,202664,1,matched,playbyplayv2,1611661329,201913|201919|202250|202259|204327,complete,playbyplay_inferred,201516|202664|203828|203838|1628890,complete,playbyplay_inferred,1611661329,Chicago Sky
Shot Chart Detail,1021800098,572,1628890,Diamond DeShields,1611661313,New York Liberty,4,1,29,Missed Shot,Driving Layup Shot,2PT Field Goal,Restricted Area,Center(C),Less Than 8 ft.,1,-1,18,1,0,20180701,CHI,NYL,2018,1021800098572,23110,validated,,0,matched,playbyplayv2,1611661329,201913|201919|202250|202259|204327,complete,playbyplay_inferred,201516|202664|203828|203838|1628890,complete,playbyplay_inferred,1611661329,Chicago Sky
Shot Chart Detail,1021800098,577,202664,Courtney Vandersloot,1611661313,New York Liberty,4,0,47,Made Shot,Driving Layup Shot,2PT Field Goal,Restricted Area,Center(C),Less Than 8 ft.,2,24,13,1,1,20180701,CHI,NYL,2018,1021800098577,23530,validated,,0,matched,playbyplayv2,1611661329,201913|201919|202250|202259|204327,complete,playbyplay_inferred,201516|202664|203828|203838|1628890,complete,playbyplay_inferred,1611661329,Chicago Sky
Shot Chart Detail,1021800098,582,1628890,Diamond DeShields,1611661313,New York Liberty,4,0,38,Missed Shot,Driving Layup Shot,2PT Field Goal,Restricted Area,Center(C),Less Than 8 ft.,2,26,7,1,0,20180701,CHI,NYL,2018,1021800098582,23620,validated,,0,matched,playbyplayv2,1611661329,201913|201919|202250|202259|204327,complete,playbyplay_inferred,201516|202664|203828|203838|1628890,complete,playbyplay_inferred,1611661329,Chicago Sky
Shot Chart Detail,1021800098,587,201516,Allie Quigley,1611661313,New York Liberty,4,0,0,Missed Shot,Jump Shot,3PT Field Goal,Above the Break 3,Right Side Center(RC),24+ ft.,24,139,200,1,0,20180701,CHI,NYL,2018,1021800098587,24000,validated,,0,matched,playbyplayv2,1611661329,201913|201919|202250|202259|204327,complete,playbyplay_inferred,201516|202664|203828|203838|1628890,complete,playbyplay_inferred,1611661329,Chicago Sky
Shot Chart Detail,1021800098,608,202664,Courtney Vandersloot,1611661313,New York Liberty,5,3,45,Missed Shot,Jump Shot,3PT Field Goal,Above the Break 3,Left Side Center(LC),24+ ft.,24,-141,201,1,0,20180701,CHI,NYL,2018,1021800098608,24750,validated,,0,matched,playbyplayv2,1611661329,201913|201919|202250|203829|204327,complete,playbyplay_inferred,201516|202664|203828|1628890|1628931,complete,playbyplay_inferred,1611661329,Chicago Sky
Shot Chart Detail,1021800098,633,1628890,Diamond DeShields,1611661313,New York Liberty,5,2,35,Made Shot,Layup Shot,2PT Field Goal,Restricted Area,Center(C),Less Than 8 ft.,1,17,6,1,1,20180701,CHI,NYL,2018,1021800098633,25450,validated,203857,1,matched,playbyplayv2,1611661329,201913|201919|202250|202259|204327,complete,playbyplay_inferred,201516|203828|203857|1628890|1628931,complete,playbyplay_inferred,1611661329,Chicago Sky
Shot Chart Detail,1021800098,636,1628890,Diamond DeShields,1611661313,New York Liberty,5,1,54,Missed Shot,Jump Shot,2PT Field Goal,Mid-Range,Left Side Center(LC),16-24 ft.,19,-130,142,1,0,20180701,CHI,NYL,2018,1021800098636,25860,validated,,0,matched,playbyplayv2,1611661329,201913|201919|202250|202259|204327,complete,playbyplay_inferred,201516|203828|203857|1628890|1628931,complete,playbyplay_inferred,1611661329,Chicago Sky
Shot Chart Detail,1021800098,653,201516,Allie Quigley,1611661313,New York Liberty,5,0,59,Made Shot,Jump Bank Shot,3PT Field Goal,Above the Break 3,Right Side Center(RC),16-24 ft.,23,121,203,1,1,20180701,CHI,NYL,2018,1021800098653,26410,validated,,0,matched,playbyplayv2,1611661329,201913|201919|202250|202259|204327,complete,playbyplay_inferred,201516|202664|203828|203857|1628931,complete,playbyplay_inferred,1611661329,Chicago Sky
Shot Chart Detail,1021800098,677,203857,Jamierra Faulkner,1611661313,New York Liberty,5,0,5,Missed Shot,Jump Shot,3PT Field Goal,Above the Break 3,Center(C),24+ ft.,24,25,242,1,0,20180701,CHI,NYL,2018,1021800098677,26950,validated,,0,matched,playbyplayv2,1611661329,201919|202250|202259|203829|204327,complete,playbyplay_inferred,201516|202664|203828|203857|1628931,complete,playbyplay_inferred,1611661329,Chicago Sky
Shot Chart Detail,1021800098,679,203828,Stefanie Dolson,1611661313,New York Liberty,5,0,0,Missed Shot,Putback Layup Shot,2PT Field Goal,Restricted Area,Center(C),Less Than 8 ft.,0,0,-6,1,0,20180701,CHI,NYL,2018,1021800098679,27000,validated,,0,matched,playbyplayv2,1611661329,201919|202250|202259|203829|204327,complete,playbyplay_inferred,201516|202664|203828|203857|1628931,complete,playbyplay_inferred,1611661329,Chicago Sky
Shot Chart Detail,1021800098,685,201516,Allie Quigley,1611661313,New York Liberty,5,0,0,Missed Shot,Jump Shot,3PT Field Goal,Backcourt,Back Court(BC),Back Court Shot,80,183,785,1,0,20180701,CHI,NYL,2018,1021800098685,27000,validated,,0,matched,playbyplayv2,1611661329,201919|202250|202259|203829|204327,complete,playbyplay_inferred,201516|202664|203828|203857|1628931,complete,playbyplay_inferred,1611661329,Chicago Sky
Shot Chart Detail,1021800100,9,100720,Sue Bird,1611661313,New York Liberty,1,9,16,Missed Shot,Jump Shot,3PT Field Goal,Above the Break 3,Right Side Center(RC),24+ ft.,25,91,242,1,0,20180703,NYL,SEA,2018,10218001009,440,validated,,0,matched,playbyplayv2,1611661328,201913|201919|202250|202259|203829,complete,playbyplay_inferred,100720|202252|203827|204319|1627668,complete,playbyplay_inferred,1611661328,Seattle Storm
Shot Chart Detail,1021800100,13,204319,Jewell Loyd,1611661313,New York Liberty,1,8,51,Missed Shot,Jump Shot,3PT Field Goal,Above the Break 3,Left Side(L),24+ ft.,24,-232,68,1,0,20180703,NYL,SEA,2018,102180010013,690,validated,,0,matched,playbyplayv2,1611661328,201913|201919|202250|202259|203829,complete,playbyplay_inferred,100720|202252|203827|204319|1627668,complete,playbyplay_inferred,1611661328,Seattle Storm
Shot Chart Detail,1021800100,15,100720,Sue Bird,1611661313,New York Liberty,1,8,39,Made Shot,Driving Finger Roll Layup Shot,2PT Field Goal,Restricted Area,Center(C),Less Than 8 ft.,2,-9,27,1,1,20180703,NYL,SEA,2018,102180010015,810,validated,202252,1,matched,playbyplayv2,1611661328,201913|201919|202250|202259|203829,complete,playbyplay_inferred,100720|202252|203827|204319|1627668,complete,playbyplay_inferred,1611661328,Seattle Storm
Shot Chart Detail,1021800100,20,204319,Jewell Loyd,1611661313,New York Liberty,1,8,3,Missed Shot,Jump Shot,3PT Field Goal,Above the Break 3,Right Side Center(RC),24+ ft.,24,96,222,1,0,20180703,NYL,SEA,2018,102180010020,1170,validated,,0,matched,playbyplayv2,1611661328,201913|201919|202250|202259|203829,complete,playbyplay_inferred,100720|202252|203827|204319|1627668,complete,playbyplay_inferred,1611661328,Seattle Storm
Shot Chart Detail,1021800100,24,202252,Alysha Clark,1611661313,New York Liberty,1,7,38,Missed Shot,Driving Floating Jump Shot,2PT Field Goal,In The Paint (Non-RA),Center(C),Less Than 8 ft.,7,-74,9,1,0,20180703,NYL,SEA,2018,102180010024,1420,validated,,0,matched,playbyplayv2,1611661328,201913|201919|202250|202259|203829,complete,playbyplay_inferred,100720|202252|203827|204319|1627668,complete,playbyplay_inferred,1611661328,Seattle Storm
Shot Chart Detail,1021800100,31,1627668,Breanna Stewart,1611661313,New York Liberty,1,7,5,Missed Shot,Jump Shot,3PT Field Goal,Above the Break 3,Center(C),24+ ft.,24,50,242,1,0,20180703,NYL,SEA,2018,102180010031,1750,validated,,0,matched,playbyplayv2,1611661328,201913|201919|202250|202259|203829,complete,playbyplay_inferred,100720|202252|203827|204319|1627668,complete,playbyplay_inferred,1611661328,Seattle Storm
Shot Chart Detail,1021800100,33,204319,Jewell Loyd,1611661313,New York Liberty,1,6,59,Made Shot,Jump Shot,3PT Field Goal,Above the Break 3,Right Side Center(RC),24+ ft.,24,96,224,1,1,20180703,NYL,SEA,2018,102180010033,1810,validated,100720,1,matched,playbyplayv2,1611661328,201913|201919|202250|202259|203829,complete,playbyplay_inferred,100720|202252|203827|204319|1627668,complete,playbyplay_inferred,1611661328,Seattle Storm
Shot Chart Detail,1021800100,37,1627668,Breanna Stewart,1611661313,New York Liberty,1,6,23,Made Shot,Layup Shot,2PT Field Goal,Restricted Area,Center(C),Less Than 8 ft.,1,-8,11,1,1,20180703,NYL,SEA,2018,102180010037,2170,validated,202252,1,matched,playbyplayv2,1611661328,201913|201919|202250|202259|203829,complete,playbyplay_inferred,100720|202252|203827|204319|1627668,complete,playbyplay_inferred,1611661328,Seattle Storm
Shot Chart Detail,1021800100,41,203827,Natasha Howard,1611661313,New York Liberty,1,5,43,Made Shot,Cutting Finger Roll Layup Shot,2PT Field Goal,Restricted Area,Center(C),Less Than 8 ft.,1,14,8,1,1,20180703,NYL,SEA,2018,102180010041,2570,validated,100720,1,matched,playbyplayv2,1611661328,201913|201919|202250|202259|203829,complete,playbyplay_inferred,100720|202252|203827|204319|1627668,complete,playbyplay_inferred,1611661328,Seattle Storm
Shot Chart Detail,1021800100,46,1627668,Breanna Stewart,1611661313,New York Liberty,1,5,1,Made Shot,Pullup Jump shot,2PT Field Goal,Mid-Range,Right Side Center(RC),16-24 ft.,16,82,148,1,1,20180703,NYL,SEA,2018,102180010046,2990,validated,,0,matched,playbyplayv2,1611661328,201913|201919|202250|202259|203829,complete,playbyplay_inferred,100720|202252|203827|204319|1627668,complete,playbyplay_inferred,1611661328,Seattle Storm
Shot Chart Detail,1021800100,56,203827,Natasha Howard,1611661313,New York Liberty,1,3,48,Made Shot,Jump Shot,2PT Field Goal,In The Paint (Non-RA),Center(C),Less Than 8 ft.,6,-37,55,1,1,20180703,NYL,SEA,2018,102180010056,3720,validated,100720,1,matched,playbyplayv2,1611661328,201913|201919|202250|202259|203829,complete,playbyplay_inferred,100720|202252|203827|204319|1627668,complete,playbyplay_inferred,1611661328,Seattle Storm
Shot Chart Detail,1021800100,63,203827,Natasha Howard,1611661313,New York Liberty,1,3,1,Missed Shot,Jump Shot,3PT Field Goal,Above the Break 3,Left Side Center(LC),24+ ft.,24,-203,136,1,0,20180703,NYL,SEA,2018,102180010063,4190,validated,,0,matched,playbyplayv2,1611661328,201913|201919|202250|202259|203829,complete,playbyplay_inferred,100720|202252|203827|204319|1627668,complete,playbyplay_inferred,1611661328,Seattle Storm
Shot Chart Detail,1021800100,71,204319,Jewell Loyd,1611661313,New York Liberty,1,2,32,Missed Shot,Jump Shot,2PT Field Goal,Mid-Range,Center(C),8-16 ft.,14,41,142,1,0,20180703,NYL,SEA,2018,102180010071,4480,validated,,0,matched,playbyplayv2,1611661328,201913|201919|202250|202259|203829,complete,playbyplay_inferred,100720|202252|203827|204319|1627668,complete,playbyplay_inferred,1611661328,Seattle Storm
Shot Chart Detail,1021800100,86,1627668,Breanna Stewart,1611661313,New York Liberty,1,2,1,Missed Shot,Jump Shot,3PT Field Goal,Above the Break 3,Center(C),24+ ft.,25,-23,249,1,0,20180703,NYL,SEA,2018,102180010086,4790,validated,,0,matched,playbyplayv2,1611661328,201919|202250|203411|204320|204327,complete,playbyplay_inferred,203827|204319|204321|1627668|1628886,complete,playbyplay_inferred,1611661328,Seattle Storm
Shot Chart Detail,1021800100,96,204321,Kaleena Mosqueda-Lewis,1611661313,New York Liberty,1,1,3,Missed Shot,Jump Shot,3PT Field Goal,Above the Break 3,Right Side Center(RC),24+ ft.,24,87,231,1,0,20180703,NYL,SEA,2018,102180010096,5370,validated,,0,matched,playbyplayv2,1611661328,201919|202250|203411|204320|204327,complete,playbyplay_inferred,201518|204319|204321|1627668|1628886,complete,playbyplay_inferred,1611661328,Seattle Storm
Shot Chart Detail,1021800100,101,204321,Kaleena Mosqueda-Lewis,1611661313,New York Liberty,1,0,35,Missed Shot,Jump Shot,2PT Field Goal,Mid-Range,Right Side Center(RC),16-24 ft.,17,121,126,1,0,20180703,NYL,SEA,2018,1021800100101,5650,validated,,0,matched,playbyplayv2,1611661328,201919|202250|203411|204320|204327,complete,playbyplay_inferred,201518|204319|204321|1627668|1628886,complete,playbyplay_inferred,1611661328,Seattle Storm
Shot Chart Detail,1021800100,116,1628886,Jordin Canada,1611661313,New York Liberty,2,9,25,Missed Shot,Jump Shot,2PT Field Goal,Mid-Range,Right Side Center(RC),16-24 ft.,19,119,156,1,0,20180703,NYL,SEA,2018,1021800100116,6350,validated,,0,matched,playbyplayv2,1611661328,201919|202250|203411|204320|204327,complete,playbyplay_inferred,201049|201518|201907|204321|1628886,complete,playbyplay_inferred,1611661328,Seattle Storm
Shot Chart Detail,1021800100,120,204321,Kaleena Mosqueda-Lewis,1611661313,New York Liberty,2,8,46,Made Shot,Jump Shot,3PT Field Goal,Above the Break 3,Right Side(R),24+ ft.,23,227,61,1,1,20180703,NYL,SEA,2018,1021800100120,6740,validated,1628886,1,matched,playbyplayv2,1611661328,201919|202250|203411|204320|204327,complete,playbyplay_inferred,201049|201518|201907|204321|1628886,complete,playbyplay_inferred,1611661328,Seattle Storm
Shot Chart Detail,1021800100,125,1628886,Jordin Canada,1611661313,New York Liberty,2,8,16,Made Shot,Driving Reverse Layup Shot,2PT Field Goal,Restricted Area,Center(C),Less Than 8 ft.,1,13,13,1,1,20180703,NYL,SEA,2018,1021800100125,7040,validated,,0,matched,playbyplayv2,1611661328,201919|202250|203411|204320|204327,complete,playbyplay_inferred,201049|201518|201907|204321|1628886,complete,playbyplay_inferred,1611661328,Seattle Storm
Shot Chart Detail,1021800100,131,201518,Crystal Langhorne,1611661313,New York Liberty,2,7,42,Missed Shot,Jump Shot,2PT Field Goal,Mid-Range,Center(C),16-24 ft.,20,7,201,1,0,20180703,NYL,SEA,2018,1021800100131,7380,validated,,0,matched,playbyplayv2,1611661328,202250|203411|204320|204327|1628915,complete,playbyplay_inferred,201049|201518|201907|204321|1628886,complete,playbyplay_inferred,1611661328,Seattle Storm
Shot Chart Detail,1021800100,141,204321,Kaleena Mosqueda-Lewis,1611661313,New York Liberty,2,6,48,Made Shot,Jump Shot,2PT Field Goal,Mid-Range,Center(C),16-24 ft.,16,44,164,1,1,20180703,NYL,SEA,2018,1021800100141,7920,validated,1628886,1,matched,playbyplayv2,1611661328,202250|203411|204320|204327|1628915,complete,playbyplay_inferred,201049|201518|201907|204321|1628886,complete,playbyplay_inferred,1611661328,Seattle Storm
Shot Chart Detail,1021800100,149,204321,Kaleena Mosqueda-Lewis,1611661313,New York Liberty,2,5,56,Missed Shot,Layup Shot,2PT Field Goal,Mid-Range,Center(C),16-24 ft.,19,-31,188,1,0,20180703,NYL,SEA,2018,1021800100149,8440,validated,,0,matched,playbyplayv2,1611661328,202250|203411|204320|204327|1628915,complete,playbyplay_inferred,201049|201518|201907|204321|1628886,complete,playbyplay_inferred,1611661328,Seattle Storm
Shot Chart Detail,1021800100,173,100720,Sue Bird,1611661313,New York Liberty,2,4,46,Missed Shot,Running Jump Shot,2PT Field Goal,In The Paint (Non-RA),Center(C),8-16 ft.,13,27,137,1,0,20180703,NYL,SEA,2018,1021800100173,9140,validated,,0,matched,playbyplayv2,1611661328,203411|204320|204327|204329|1628915,complete,playbyplay_inferred,100720|202252|203827|204319|1627668,complete,playbyplay_inferred,1611661328,Seattle Storm
Shot Chart Detail,1021800100,176,1627668,Breanna Stewart,1611661313,New York Liberty,2,4,18,Made Shot,Layup Shot,2PT Field Goal,Restricted Area,Center(C),Less Than 8 ft.,3,16,33,1,1,20180703,NYL,SEA,2018,1021800100176,9420,validated,202252,1,matched,playbyplayv2,1611661328,203411|204320|204327|204329|1628915,complete,playbyplay_inferred,100720|202252|203827|204319|1627668,complete,playbyplay_inferred,1611661328,Seattle Storm
Shot Chart Detail,1021800100,180,1627668,Breanna Stewart,1611661313,New York Liberty,2,3,44,Made Shot,Hook Shot,2PT Field Goal,In The Paint (Non-RA),Center(C),Less Than 8 ft.,6,-63,14,1,1,20180703,NYL,SEA,2018,1021800100180,9760,validated,100720,1,matched,playbyplayv2,1611661328,203411|204320|204327|204329|1628915,complete,playbyplay_inferred,100720|202252|203827|204319|1627668,complete,playbyplay_inferred,1611661328,Seattle Storm
Shot Chart Detail,1021800100,187,203827,Natasha Howard,1611661313,New York Liberty,2,3,6,Missed Shot,Jump Shot,3PT Field Goal,Above the Break 3,Center(C),24+ ft.,23,-14,238,1,0,20180703,NYL,SEA,2018,1021800100187,10140,validated,,0,matched,playbyplayv2,1611661328,203411|204320|204327|204329|1628915,complete,playbyplay_inferred,100720|202252|203827|204319|1627668,complete,playbyplay_inferred,1611661328,Seattle Storm
Shot Chart Detail,1021800100,191,204319,Jewell Loyd,1611661313,New York Liberty,2,2,47,Made Shot,Layup Shot,2PT Field Goal,Restricted Area,Center(C),Less Than 8 ft.,1,-2,12,1,1,20180703,NYL,SEA,2018,1021800100191,10330,validated,100720,1,matched,playbyplayv2,1611661328,203411|204320|204327|204329|1628915,complete,playbyplay_inferred,100720|202252|203827|204319|1627668,complete,playbyplay_inferred,1611661328,Seattle Storm
Shot Chart Detail,1021800100,206,202252,Alysha Clark,1611661313,New York Liberty,2,2,11,Missed Shot,Jump Shot,3PT Field Goal,Left Corner 3,Left Side(L),24+ ft.,22,-226,-10,1,0,20180703,NYL,SEA,2018,1021800100206,10690,validated,,0,matched,playbyplayv2,1611661328,201913|201919|202250|202259|203829,complete,playbyplay_inferred,100720|202252|203827|204319|1627668,complete,playbyplay_inferred,1611661328,Seattle Storm
Shot Chart Detail,1021800100,208,203827,Natasha Howard,1611661313,New York Liberty,2,2,8,Made Shot,Putback Layup Shot,2PT Field Goal,Restricted Area,Center(C),Less Than 8 ft.,1,5,12,1,1,20180703,NYL,SEA,2018,1021800100208,10720,validated,,0,matched,playbyplayv2,1611661328,201913|201919|202250|202259|203829,complete,playbyplay_inferred,100720|202252|203827|204319|1627668,complete,playbyplay_inferred,1611661328,Seattle Storm
Shot Chart Detail,1021800100,211,204319,Jewell Loyd,1611661313,New York Liberty,2,1,37,Made Shot,Cutting Finger Roll Layup Shot,2PT Field Goal,Restricted Area,Center(C),Less Than 8 ft.,0,7,1,1,1,20180703,NYL,SEA,2018,1021800100211,11030,validated,100720,1,matched,playbyplayv2,1611661328,201913|201919|202250|202259|203829,complete,playbyplay_inferred,100720|202252|203827|204319|1627668,complete,playbyplay_inferred,1611661328,Seattle Storm
Shot Chart Detail,1021800100,217,203827,Natasha Howard,1611661313,New York Liberty,2,0,53,Made Shot,Layup Shot,2PT Field Goal,Restricted Area,Center(C),Less Than 8 ft.,3,-1,38,1,1,20180703,NYL,SEA,2018,1021800100217,11470,validated,100720,1,matched,playbyplayv2,1611661328,201913|201919|202250|202259|203829,complete,playbyplay_inferred,100720|202252|203827|204319|1627668,complete,playbyplay_inferred,1611661328,Seattle Storm
Shot Chart Detail,1021800100,231,203827,Natasha Howard,1611661313,New York Liberty,2,0,1,Missed Shot,Driving Floating Jump Shot,2PT Field Goal,Mid-Range,Left Side(L),8-16 ft.,8,-85,6,1,0,20180703,NYL,SEA,2018,1021800100231,11990,validated,,0,matched,playbyplayv2,1611661328,201913|201919|202250|202259|204327,complete,playbyplay_inferred,100720|202252|203827|204319|1627668,complete,playbyplay_inferred,1611661328,Seattle Storm
Shot Chart Detail,1021800100,233,204319,Jewell Loyd,1611661313,New York Liberty,2,0,0,Made Shot,Putback Layup Shot,2PT Field Goal,Restricted Area,Center(C),Less Than 8 ft.,1,9,13,1,1,20180703,NYL,SEA,2018,1021800100233,12000,validated,,0,matched,playbyplayv2,1611661328,201913|201919|202250|202259|204327,complete,playbyplay_inferred,100720|202252|203827|204319|1627668,complete,playbyplay_inferred,1611661328,Seattle Storm
Shot Chart Detail,1021800100,245,204319,Jewell Loyd,1611661313,New York Liberty,3,9,25,Missed Shot,Jump Shot,3PT Field Goal,Above the Break 3,Right Side Center(RC),24+ ft.,25,157,198,1,0,20180703,NYL,SEA,2018,1021800100245,12350,validated,,0,matched,playbyplayv2,1611661328,201913|201919|202250|202259|203829,complete,playbyplay_inferred,100720|202252|203827|204319|1627668,complete,playbyplay_inferred,1611661328,Seattle Storm
Shot Chart Detail,1021800100,250,1627668,Breanna Stewart,1611661313,New York Liberty,3,8,45,Made Shot,Driving Layup Shot,2PT Field Goal,Restricted Area,Center(C),Less Than 8 ft.,1,-17,4,1,1,20180703,NYL,SEA,2018,1021800100250,12750,validated,100720,1,matched,playbyplayv2,1611661328,201913|201919|202250|202259|203829,complete,playbyplay_inferred,100720|202252|203827|204319|1627668,complete,playbyplay_inferred,1611661328,Seattle Storm
Shot Chart Detail,1021800100,254,203827,Natasha Howard,1611661313,New York Liberty,3,8,14,Made Shot,Jump Shot,3PT Field Goal,Above the Break 3,Center(C),24+ ft.,24,-74,233,1,1,20180703,NYL,SEA,2018,1021800100254,13060,validated,202252,1,matched,playbyplayv2,1611661328,201913|201919|202250|202259|203829,complete,playbyplay_inferred,100720|202252|203827|204319|1627668,complete,playbyplay_inferred,1611661328,Seattle Storm
Shot Chart Detail,1021800100,267,204319,Jewell Loyd,1611661313,New York Liberty,3,7,11,Missed Shot,Jump Shot,2PT Field Goal,In The Paint (Non-RA),Center(C),8-16 ft.,10,1,104,1,0,20180703,NYL,SEA,2018,1021800100267,13690,validated,,0,matched,playbyplayv2,1611661328,201913|201919|202250|202259|203829,complete,playbyplay_inferred,100720|202252|203827|204319|1627668,complete,playbyplay_inferred,1611661328,Seattle Storm
Shot Chart Detail,1021800100,271,100720,Sue Bird,1611661313,New York Liberty,3,6,48,Missed Shot,Jump Shot,3PT Field Goal,Above the Break 3,Left Side Center(LC),24+ ft.,23,-165,171,1,0,20180703,NYL,SEA,2018,1021800100271,13920,validated,,0,matched,playbyplayv2,1611661328,201913|201919|202250|202259|203829,complete,playbyplay_inferred,100720|202252|203827|204319|1627668,complete,playbyplay_inferred,1611661328,Seattle Storm
Shot Chart Detail,1021800100,273,204319,Jewell Loyd,1611661313,New York Liberty,3,6,39,Made Shot,Driving Finger Roll Layup Shot,2PT Field Goal,Restricted Area,Center(C),Less Than 8 ft.,1,3,12,1,1,20180703,NYL,SEA,2018,1021800100273,14010,validated,1627668,1,matched,playbyplayv2,1611661328,201913|201919|202250|202259|203829,complete,playbyplay_inferred,100720|202252|203827|204319|1627668,complete,playbyplay_inferred,1611661328,Seattle Storm
Shot Chart Detail,1021800100,278,1627668,Breanna Stewart,1611661313,New York Liberty,3,6,10,Made Shot,Layup Shot,2PT Field Goal,Restricted Area,Center(C),Less Than 8 ft.,1,-17,2,1,1,20180703,NYL,SEA,2018,1021800100278,14300,validated,204319,1,matched,playbyplayv2,1611661328,201913|201919|202250|202259|203829,complete,playbyplay_inferred,100720|202252|203827|204319|1627668,complete,playbyplay_inferred,1611661328,Seattle Storm
Shot Chart Detail,1021800100,281,204319,Jewell Loyd,1611661313,New York Liberty,3,5,43,Made Shot,Jump Shot,3PT Field Goal,Above the Break 3,Right Side(R),24+ ft.,22,220,60,1,1,20180703,NYL,SEA,2018,1021800100281,14570,validated,1627668,1,matched,playbyplayv2,1611661328,201913|201919|202250|202259|203829,complete,playbyplay_inferred,100720|202252|203827|204319|1627668,complete,playbyplay_inferred,1611661328,Seattle Storm
Shot Chart Detail,1021800100,298,203827,Natasha Howard,1611661313,New York Liberty,3,4,39,Missed Shot,Jump Shot,2PT Field Goal,Mid-Range,Right Side(R),16-24 ft.,18,181,-14,1,0,20180703,NYL,SEA,2018,1021800100298,15210,validated,,0,matched,playbyplayv2,1611661328,201913|201919|202250|203829|204327,complete,playbyplay_inferred,100720|202252|203827|204319|1627668,complete,playbyplay_inferred,1611661328,Seattle Storm
Shot Chart Detail,1021800100,312,1627668,Breanna Stewart,1611661313,New York Liberty,3,3,28,Made Shot,Driving Finger Roll Layup Shot,2PT Field Goal,Restricted Area,Center(C),Less Than 8 ft.,1,-10,15,1,1,20180703,NYL,SEA,2018,1021800100312,15920,validated,100720,1,matched,playbyplayv2,1611661328,201913|201919|202250|203829|204327,complete,playbyplay_inferred,100720|202252|203827|204319|1627668,complete,playbyplay_inferred,1611661328,Seattle Storm
Shot Chart Detail,1021800100,321,1627668,Breanna Stewart,1611661313,New York Liberty,3,2,37,Missed Shot,Jump Shot,2PT Field Goal,In The Paint (Non-RA),Center(C),8-16 ft.,13,0,135,1,0,20180703,NYL,SEA,2018,1021800100321,16430,validated,,0,matched,playbyplayv2,1611661328,201913|201919|202250|203829|204327,complete,playbyplay_inferred,100720|202252|203827|204319|1627668,complete,playbyplay_inferred,1611661328,Seattle Storm
Shot Chart Detail,1021800100,325,204319,Jewell Loyd,1611661313,New York Liberty,3,2,9,Missed Shot,Jump Shot,3PT Field Goal,Above the Break 3,Right Side Center(RC),24+ ft.,24,152,198,1,0,20180703,NYL,SEA,2018,1021800100325,16710,validated,,0,matched,playbyplayv2,1611661328,201913|201919|202250|203829|204327,complete,playbyplay_inferred,100720|202252|203827|204319|1627668,complete,playbyplay_inferred,1611661328,Seattle Storm
Shot Chart Detail,1021800100,342,202252,Alysha Clark,1611661313,New York Liberty,3,1,19,Missed Shot,Jump Shot,3PT Field Goal,Above the Break 3,Right Side Center(RC),24+ ft.,24,147,197,1,0,20180703,NYL,SEA,2018,1021800100342,17210,validated,,0,matched,playbyplayv2,1611661328,201913|202250|203829|204327|1628915,complete,playbyplay_inferred,201518|202252|204319|1627668|1628886,complete,playbyplay_inferred,1611661328,Seattle Storm
Shot Chart Detail,1021800100,344,204319,Jewell Loyd,1611661313,New York Liberty,3,1,15,Made Shot,Putback Layup Shot,2PT Field Goal,Restricted Area,Center(C),Less Than 8 ft.,2,3,25,1,1,20180703,NYL,SEA,2018,1021800100344,17250,validated,,0,matched,playbyplayv2,1611661328,201913|202250|203829|204327|1628915,complete,playbyplay_inferred,201518|202252|204319|1627668|1628886,complete,playbyplay_inferred,1611661328,Seattle Storm
Shot Chart Detail,1021800100,360,1628886,Jordin Canada,1611661313,New York Liberty,3,0,5,Made Shot,Jump Shot,2PT Field Goal,Mid-Range,Center(C),16-24 ft.,17,-52,170,1,1,20180703,NYL,SEA,2018,1021800100360,17950,validated,201907,1,matched,playbyplayv2,1611661328,201913|202250|203829|204327|1628915,complete,playbyplay_inferred,201518|201907|204319|204321|1628886,complete,playbyplay_inferred,1611661328,Seattle Storm
Shot Chart Detail,1021800100,369,204319,Jewell Loyd,1611661313,New York Liberty,4,9,42,Missed Shot,Layup Shot,2PT Field Goal,In The Paint (Non-RA),Center(C),Less Than 8 ft.,6,62,17,1,0,20180703,NYL,SEA,2018,1021800100369,18180,validated,,0,matched,playbyplayv2,1611661328,201913|201919|202250|203829|204327,complete,playbyplay_inferred,201518|201907|204319|204321|1628886,complete,playbyplay_inferred,1611661328,Seattle Storm
Shot Chart Detail,1021800100,371,201518,Crystal Langhorne,1611661313,New York Liberty,4,9,38,Missed Shot,Jump Shot,2PT Field Goal,Mid-Range,Left Side(L),8-16 ft.,10,-83,60,1,0,20180703,NYL,SEA,2018,1021800100371,18220,validated,,0,matched,playbyplayv2,1611661328,201913|201919|202250|203829|204327,complete,playbyplay_inferred,201518|201907|204319|204321|1628886,complete,playbyplay_inferred,1611661328,Seattle Storm
Shot Chart Detail,1021800100,373,201518,Crystal Langhorne,1611661313,New York Liberty,4,9,34,Made Shot,Layup Shot,2PT Field Goal,Restricted Area,Center(C),Less Than 8 ft.,1,-15,7,1,1,20180703,NYL,SEA,2018,1021800100373,18260,validated,201907,1,matched,playbyplayv2,1611661328,201913|201919|202250|203829|204327,complete,playbyplay_inferred,201518|201907|204319|204321|1628886,complete,playbyplay_inferred,1611661328,Seattle Storm
Shot Chart Detail,1021800100,377,201518,Crystal Langhorne,1611661313,New York Liberty,4,9,6,Made Shot,Layup Shot,2PT Field Goal,In The Paint (Non-RA),Center(C),Less Than 8 ft.,4,-9,39,1,1,20180703,NYL,SEA,2018,1021800100377,18540,validated,204319,1,matched,playbyplayv2,1611661328,201913|201919|202250|203829|204327,complete,playbyplay_inferred,201518|201907|204319|204321|1628886,complete,playbyplay_inferred,1611661328,Seattle Storm
Shot Chart Detail,1021800100,385,1628886,Jordin Canada,1611661313,New York Liberty,4,8,34,Missed Shot,Jump Shot,3PT Field Goal,Above the Break 3,Right Side Center(RC),24+ ft.,24,187,161,1,0,20180703,NYL,SEA,2018,1021800100385,18860,validated,,0,matched,playbyplayv2,1611661328,201919|202250|203829|204320|204327,complete,playbyplay_inferred,201518|201907|204319|204321|1628886,complete,playbyplay_inferred,1611661328,Seattle Storm
Shot Chart Detail,1021800100,398,1627668,Breanna Stewart,1611661313,New York Liberty,4,7,36,Made Shot,Jump Shot,2PT Field Goal,In The Paint (Non-RA),Center(C),8-16 ft.,8,-36,72,1,1,20180703,NYL,SEA,2018,1021800100398,19440,validated,100720,1,matched,playbyplayv2,1611661328,201919|202250|203829|204320|204327,complete,playbyplay_inferred,100720|201518|204321|1627668|1628886,complete,playbyplay_inferred,1611661328,Seattle Storm
Shot Chart Detail,1021800100,402,100720,Sue Bird,1611661313,New York Liberty,4,7,0,Missed Shot,Jump Shot,3PT Field Goal,Above the Break 3,Center(C),24+ ft.,24,63,237,1,0,20180703,NYL,SEA,2018,1021800100402,19800,validated,,0,matched,playbyplayv2,1611661328,201919|202250|203829|204320|204327,complete,playbyplay_inferred,100720|201518|204321|1627668|1628886,complete,playbyplay_inferred,1611661328,Seattle Storm
Shot Chart Detail,1021800100,408,1627668,Breanna Stewart,1611661313,New York Liberty,4,6,30,Made Shot,Driving Finger Roll Layup Shot,2PT Field Goal,Restricted Area,Center(C),Less Than 8 ft.,2,-24,17,1,1,20180703,NYL,SEA,2018,1021800100408,20100,validated,100720,1,matched,playbyplayv2,1611661328,201919|202250|203829|204320|204327,complete,playbyplay_inferred,100720|201518|204321|1627668|1628886,complete,playbyplay_inferred,1611661328,Seattle Storm
Shot Chart Detail,1021800100,412,204321,Kaleena Mosqueda-Lewis,1611661313,New York Liberty,4,6,4,Made Shot,Jump Shot,3PT Field Goal,Left Corner 3,Left Side(L),24+ ft.,23,-236,-10,1,1,20180703,NYL,SEA,2018,1021800100412,20360,validated,1628886,1,matched,playbyplayv2,1611661328,201919|202250|203829|204320|204327,complete,playbyplay_inferred,100720|201518|204321|1627668|1628886,complete,playbyplay_inferred,1611661328,Seattle Storm
Shot Chart Detail,1021800100,423,201518,Crystal Langhorne,1611661313,New York Liberty,4,5,19,Missed Shot,Hook Shot,2PT Field Goal,In The Paint (Non-RA),Center(C),Less Than 8 ft.,4,1,40,1,0,20180703,NYL,SEA,2018,1021800100423,20810,validated,,0,matched,playbyplayv2,1611661328,201919|202250|202259|203829|204320,complete,playbyplay_inferred,100720|201518|204321|1627668|1628886,complete,playbyplay_inferred,1611661328,Seattle Storm
Shot Chart Detail,1021800100,427,204321,Kaleena Mosqueda-Lewis,1611661313,New York Liberty,4,4,41,Missed Shot,Jump Shot,2PT Field Goal,Mid-Range,Left Side Center(LC),16-24 ft.,20,-130,161,1,0,20180703,NYL,SEA,2018,1021800100427,21190,validated,,0,matched,playbyplayv2,1611661328,201919|202250|202259|203829|204320,complete,playbyplay_inferred,100720|201518|204321|1627668|1628886,complete,playbyplay_inferred,1611661328,Seattle Storm
Shot Chart Detail,1021800100,438,201518,Crystal Langhorne,1611661313,New York Liberty,4,4,12,Missed Shot,Layup Shot,2PT Field Goal,Restricted Area,Center(C),Less Than 8 ft.,2,-22,7,1,0,20180703,NYL,SEA,2018,1021800100438,21480,validated,,0,matched,playbyplayv2,1611661328,202259|203829|204320|204329|1628915,complete,playbyplay_inferred,100720|201518|204321|1627668|1628886,complete,playbyplay_inferred,1611661328,Seattle Storm
Shot Chart Detail,1021800100,441,100720,Sue Bird,1611661313,New York Liberty,4,4,9,Made Shot,Jump Shot,2PT Field Goal,Mid-Range,Left Side(L),16-24 ft.,17,-172,-9,1,1,20180703,NYL,SEA,2018,1021800100441,21510,validated,1628886,1,matched,playbyplayv2,1611661328,202259|203829|204320|204329|1628915,complete,playbyplay_inferred,100720|201518|204321|1627668|1628886,complete,playbyplay_inferred,1611661328,Seattle Storm
Shot Chart Detail,1021800100,452,201518,Crystal Langhorne,1611661313,New York Liberty,4,3,21,Missed Shot,Jump Shot,2PT Field Goal,Mid-Range,Center(C),16-24 ft.,19,34,187,1,0,20180703,NYL,SEA,2018,1021800100452,21990,validated,,0,matched,playbyplayv2,1611661328,202259|204296|204320|204329|1628915,complete,playbyplay_inferred,201049|201518|201907|204321|1628886,complete,playbyplay_inferred,1611661328,Seattle Storm
Shot Chart Detail,1021800100,465,1628886,Jordin Canada,1611661313,New York Liberty,4,2,4,Missed Shot,Jump Shot,3PT Field Goal,Above the Break 3,Left Side Center(LC),24+ ft.,24,-217,112,1,0,20180703,NYL,SEA,2018,1021800100465,22760,validated,,0,matched,playbyplayv2,1611661328,202259|204296|204320|204329|1628915,complete,playbyplay_inferred,201049|201907|1628244|1628886|1628920,complete,playbyplay_inferred,1611661328,Seattle Storm
Shot Chart Detail,1021800100,471,201049,Noelle Quinn,1611661313,New York Liberty,4,1,22,Missed Shot,Jump Shot,2PT Field Goal,Mid-Range,Right Side Center(RC),16-24 ft.,20,158,125,1,0,20180703,NYL,SEA,2018,1021800100471,23180,validated,,0,matched,playbyplayv2,1611661328,202259|204296|204320|204329|1628915,complete,playbyplay_inferred,201049|201907|1628244|1628886|1628920,complete,playbyplay_inferred,1611661328,Seattle Storm
Shot Chart Detail,1021800100,478,1628244,Sami Whitcomb,1611661313,New York Liberty,4,0,39,Missed Shot,Jump Shot,3PT Field Goal,Above the Break 3,Left Side Center(LC),24+ ft.,24,-148,198,1,0,20180703,NYL,SEA,2018,1021800100478,23610,validated,,0,matched,playbyplayv2,1611661328,202259|204296|204320|204329|1628915,complete,playbyplay_inferred,201049|201907|1628244|1628886|1628920,complete,playbyplay_inferred,1611661328,Seattle Storm
Shot Chart Detail,1021800104,7,1628878,Ariel Atkins,1611661313,New York Liberty,1,9,42,Missed Shot,Jump Shot,2PT Field Goal,Mid-Range,Left Side(L),16-24 ft.,16,-169,18,1,0,20180705,WAS,NYL,2018,10218001047,180,validated,,0,matched,playbyplayv2,1611661322,201913|201919|202250|202259|203829,complete,playbyplay_inferred,201506|201911|203399|204333|1628878,complete,playbyplay_inferred,1611661322,Washington Mystics
Shot Chart Detail,1021800104,14,203399,Elena Delle Donne,1611661313,New York Liberty,1,8,40,Made Shot,Jump Shot,3PT Field Goal,Above the Break 3,Left Side Center(LC),24+ ft.,25,-182,173,1,1,20180705,WAS,NYL,2018,102180010414,800,validated,201911,1,matched,playbyplayv2,1611661322,201913|201919|202250|202259|203829,complete,playbyplay_inferred,201506|201911|203399|204333|1628878,complete,playbyplay_inferred,1611661322,Washington Mystics
Shot Chart Detail,1021800104,19,204333,Natasha Cloud,1611661313,New York Liberty,1,8,15,Missed Shot,Driving Layup Shot,2PT Field Goal,Restricted Area,Center(C),Less Than 8 ft.,1,10,4,1,0,20180705,WAS,NYL,2018,102180010419,1050,validated,,0,matched,playbyplayv2,1611661322,201913|201919|202250|202259|203829,complete,playbyplay_inferred,201506|201911|203399|204333|1628878,complete,playbyplay_inferred,1611661322,Washington Mystics
Shot Chart Detail,1021800104,22,201506,LaToya Sanders,1611661313,New York Liberty,1,8,10,Made Shot,Jump Shot,2PT Field Goal,In The Paint (Non-RA),Center(C),8-16 ft.,15,-69,135,1,1,20180705,WAS,NYL,2018,102180010422,1100,validated,204333,1,matched,playbyplayv2,1611661322,201913|201919|202250|202259|203829,complete,playbyplay_inferred,201506|201911|203399|204333|1628878,complete,playbyplay_inferred,1611661322,Washington Mystics
Shot Chart Detail,1021800104,25,203399,Elena Delle Donne,1611661313,New York Liberty,1,7,48,Missed Shot,Pullup Jump shot,3PT Field Goal,Above the Break 3,Center(C),24+ ft.,26,-75,254,1,0,20180705,WAS,NYL,2018,102180010425,1320,validated,,0,matched,playbyplayv2,1611661322,201913|201919|202250|202259|203829,complete,playbyplay_inferred,201506|201911|203399|204333|1628878,complete,playbyplay_inferred,1611661322,Washington Mystics
Shot Chart Detail,1021800104,27,201911,Kristi Toliver,1611661313,New York Liberty,1,7,43,Missed Shot,Pullup Jump shot,3PT Field Goal,Above the Break 3,Right Side Center(RC),24+ ft.,24,115,219,1,0,20180705,WAS,NYL,2018,102180010427,1370,validated,,0,matched,playbyplayv2,1611661322,201913|201919|202250|202259|203829,complete,playbyplay_inferred,201506|201911|203399|204333|1628878,complete,playbyplay_inferred,1611661322,Washington Mystics
Shot Chart Detail,1021800104,43,1628878,Ariel Atkins,1611661313,New York Liberty,1,6,23,Made Shot,Layup Shot,2PT Field Goal,Restricted Area,Center(C),Less Than 8 ft.,1,10,9,1,1,20180705,WAS,NYL,2018,102180010443,2170,validated,201911,1,matched,playbyplayv2,1611661322,201913|201919|202250|202259|203829,complete,playbyplay_inferred,201506|201911|203399|204333|1628878,complete,playbyplay_inferred,1611661322,Washington Mystics
Shot Chart Detail,1021800104,52,201506,LaToya Sanders,1611661313,New York Liberty,1,5,51,Missed Shot,Turnaround Jump Shot,2PT Field Goal,Restricted Area,Center(C),Less Than 8 ft.,1,14,3,1,0,20180705,WAS,NYL,2018,102180010452,2490,validated,,0,matched,playbyplayv2,1611661322,201913|201919|202250|202259|203829,complete,playbyplay_inferred,201506|201911|203399|204333|1628878,complete,playbyplay_inferred,1611661322,Washington Mystics
Shot Chart Detail,1021800104,58,203399,Elena Delle Donne,1611661313,New York Liberty,1,5,29,Missed Shot,Turnaround Fadeaway Bank Jump Shot,2PT Field Goal,In The Paint (Non-RA),Center(C),Less Than 8 ft.,6,2,66,1,0,20180705,WAS,NYL,2018,102180010458,2710,validated,,0,matched,playbyplayv2,1611661322,201913|201919|202250|202259|203829,complete,playbyplay_inferred,201506|201911|203399|204333|1628878,complete,playbyplay_inferred,1611661322,Washington Mystics
Shot Chart Detail,1021800104,60,203399,Elena Delle Donne,1611661313,New York Liberty,1,5,26,Made Shot,Layup Shot,2PT Field Goal,Restricted Area,Center(C),Less Than 8 ft.,1,-1,17,1,1,20180705,WAS,NYL,2018,102180010460,2740,validated,,0,matched,playbyplayv2,1611661322,201913|201919|202250|202259|203829,complete,playbyplay_inferred,201506|201911|203399|204333|1628878,complete,playbyplay_inferred,1611661322,Washington Mystics
Shot Chart Detail,1021800104,66,201506,LaToya Sanders,1611661313,New York Liberty,1,4,55,Missed Shot,Jump Shot,2PT Field Goal,Mid-Range,Left Side(L),8-16 ft.,12,-117,36,1,0,20180705,WAS,NYL,2018,102180010466,3050,validated,,0,matched,playbyplayv2,1611661322,201913|201919|202250|202259|203829,complete,playbyplay_inferred,201506|201911|203399|204333|1628878,complete,playbyplay_inferred,1611661322,Washington Mystics
Shot Chart Detail,1021800104,73,1628878,Ariel Atkins,1611661313,New York Liberty,1,4,13,Missed Shot,Jump Shot,3PT Field Goal,Above the Break 3,Left Side(L),16-24 ft.,23,-217,87,1,0,20180705,WAS,NYL,2018,102180010473,3470,validated,,0,matched,playbyplayv2,1611661322,201913|201919|202250|202259|203829,complete,playbyplay_inferred,201506|201911|203399|204333|1628878,complete,playbyplay_inferred,1611661322,Washington Mystics
Shot Chart Detail,1021800104,78,1628878,Ariel Atkins,1611661313,New York Liberty,1,3,40,Made Shot,Jump Shot,3PT Field Goal,Above the Break 3,Right Side(R),24+ ft.,24,225,86,1,1,20180705,WAS,NYL,2018,102180010478,3800,validated,204333,1,matched,playbyplayv2,1611661322,201913|201919|202250|202259|203829,complete,playbyplay_inferred,201506|201911|203399|204333|1628878,complete,playbyplay_inferred,1611661322,Washington Mystics
Shot Chart Detail,1021800104,82,201506,LaToya Sanders,1611661313,New York Liberty,1,3,6,Made Shot,Jump Shot,2PT Field Goal,Mid-Range,Left Side(L),16-24 ft.,17,-146,101,1,1,20180705,WAS,NYL,2018,102180010482,4140,validated,203399,1,matched,playbyplayv2,1611661322,201913|201919|202250|202259|203829,complete,playbyplay_inferred,201506|201911|203399|204333|1628878,complete,playbyplay_inferred,1611661322,Washington Mystics
Shot Chart Detail,1021800104,86,201506,LaToya Sanders,1611661313,New York Liberty,1,2,36,Missed Shot,Driving Layup Shot,2PT Field Goal,Restricted Area,Center(C),Less Than 8 ft.,2,15,15,1,0,20180705,WAS,NYL,2018,102180010486,4440,validated,,0,matched,playbyplayv2,1611661322,201913|201919|202250|202259|203829,complete,playbyplay_inferred,201506|201911|203399|204333|1628878,complete,playbyplay_inferred,1611661322,Washington Mystics
Shot Chart Detail,1021800104,90,203399,Elena Delle Donne,1611661313,New York Liberty,1,2,17,Made Shot,Driving Floating Bank Jump Shot,2PT Field Goal,In The Paint (Non-RA),Center(C),Less Than 8 ft.,6,-1,61,1,1,20180705,WAS,NYL,2018,102180010490,4630,validated,,0,matched,playbyplayv2,1611661322,201913|201919|202250|202259|203829,complete,playbyplay_inferred,201506|201911|203399|204333|1628878,complete,playbyplay_inferred,1611661322,Washington Mystics
Shot Chart Detail,1021800104,93,203399,Elena Delle Donne,1611661313,New York Liberty,1,1,37,Missed Shot,Turnaround Jump Shot,2PT Field Goal,Mid-Range,Right Side(R),8-16 ft.,13,133,13,1,0,20180705,WAS,NYL,2018,102180010493,5030,validated,,0,matched,playbyplayv2,1611661322,201913|201919|202250|202259|203829,complete,playbyplay_inferred,201506|201911|203399|204333|1628878,complete,playbyplay_inferred,1611661322,Washington Mystics
Shot Chart Detail,1021800104,97,204333,Natasha Cloud,1611661313,New York Liberty,1,1,15,Made Shot,Step Back Jump shot,2PT Field Goal,In The Paint (Non-RA),Center(C),8-16 ft.,14,-35,136,1,1,20180705,WAS,NYL,2018,102180010497,5250,validated,,0,matched,playbyplayv2,1611661322,201913|201919|202250|202259|203829,complete,playbyplay_inferred,201506|201911|203399|204333|1628878,complete,playbyplay_inferred,1611661322,Washington Mystics
Shot Chart Detail,1021800104,103,203399,Elena Delle Donne,1611661313,New York Liberty,1,0,34,Missed Shot,Pullup Jump shot,2PT Field Goal,Mid-Range,Left Side Center(LC),16-24 ft.,16,-128,111,1,0,20180705,WAS,NYL,2018,1021800104103,5660,validated,,0,matched,playbyplayv2,1611661322,201913|201919|202250|202259|203829,complete,playbyplay_inferred,201506|201911|203399|204333|1628878,complete,playbyplay_inferred,1611661322,Washington Mystics
Shot Chart Detail,1021800104,141,203437,Tierra Ruffin-Pratt,1611661313,New York Liberty,2,9,0,Made Shot,Jump Shot,2PT Field Goal,Mid-Range,Center(C),16-24 ft.,17,-23,170,1,1,20180705,WAS,NYL,2018,1021800104141,6600,validated,203401,1,matched,playbyplayv2,1611661322,203411|204320|204327|204329|1628915,complete,playbyplay_inferred,201911|203401|203403|203437|1628899,complete,playbyplay_inferred,1611661322,Washington Mystics
Shot Chart Detail,1021800104,145,201911,Kristi Toliver,1611661313,New York Liberty,2,8,34,Missed Shot,Jump Shot,3PT Field Goal,Above the Break 3,Right Side Center(RC),24+ ft.,25,209,147,1,0,20180705,WAS,NYL,2018,1021800104145,6860,validated,,0,matched,playbyplayv2,1611661322,203411|204320|204327|204329|1628915,complete,playbyplay_inferred,201911|203401|203403|203437|1628899,complete,playbyplay_inferred,1611661322,Washington Mystics
Shot Chart Detail,1021800104,149,203401,Tayler Hill,1611661313,New York Liberty,2,7,59,Missed Shot,Pullup Jump shot,2PT Field Goal,Mid-Range,Left Side Center(LC),16-24 ft.,16,-119,114,1,0,20180705,WAS,NYL,2018,1021800104149,7210,validated,,0,matched,playbyplayv2,1611661322,203411|204320|204327|204329|1628915,complete,playbyplay_inferred,201911|203401|203403|203437|1628899,complete,playbyplay_inferred,1611661322,Washington Mystics
Shot Chart Detail,1021800104,153,203403,Tianna Hawkins,1611661313,New York Liberty,2,7,36,Made Shot,Jump Shot,3PT Field Goal,Above the Break 3,Left Side Center(LC),24+ ft.,25,-152,206,1,1,20180705,WAS,NYL,2018,1021800104153,7440,validated,201911,1,matched,playbyplayv2,1611661322,203411|204320|204327|204329|1628915,complete,playbyplay_inferred,201911|203401|203403|203437|1628899,complete,playbyplay_inferred,1611661322,Washington Mystics
Shot Chart Detail,1021800104,164,1628278,Shatori Walker-Kimbrough,1611661313,New York Liberty,2,6,47,Missed Shot,Pullup Jump shot,2PT Field Goal,Mid-Range,Center(C),16-24 ft.,19,-17,194,1,0,20180705,WAS,NYL,2018,1021800104164,7930,validated,,0,matched,playbyplayv2,1611661322,203411|204320|204327|204329|1628915,complete,playbyplay_inferred,203401|203403|203437|1628278|1628899,complete,playbyplay_inferred,1611661322,Washington Mystics
Shot Chart Detail,1021800104,166,1628278,Shatori Walker-Kimbrough,1611661313,New York Liberty,2,6,34,Missed Shot,Pullup Jump shot,2PT Field Goal,Mid-Range,Left Side Center(LC),16-24 ft.,18,-129,136,1,0,20180705,WAS,NYL,2018,1021800104166,8060,validated,,0,matched,playbyplayv2,1611661322,203411|204320|204327|204329|1628915,complete,playbyplay_inferred,203401|203403|203437|1628278|1628899,complete,playbyplay_inferred,1611661322,Washington Mystics
Shot Chart Detail,1021800104,187,203437,Tierra Ruffin-Pratt,1611661313,New York Liberty,2,5,47,Made Shot,Driving Layup Shot,2PT Field Goal,Restricted Area,Center(C),Less Than 8 ft.,1,14,13,1,1,20180705,WAS,NYL,2018,1021800104187,8530,validated,,0,matched,playbyplayv2,1611661322,202250|203411|204327|204329|1628915,complete,playbyplay_inferred,201506|203399|203401|203437|1628278,complete,playbyplay_inferred,1611661322,Washington Mystics
Shot Chart Detail,1021800104,194,203399,Elena Delle Donne,1611661313,New York Liberty,2,5,10,Missed Shot,Jump Shot,3PT Field Goal,Above the Break 3,Right Side Center(RC),24+ ft.,25,100,231,1,0,20180705,WAS,NYL,2018,1021800104194,8900,validated,,0,matched,playbyplayv2,1611661322,201919|202250|203411|204327|204329,complete,playbyplay_inferred,201506|203399|203401|203437|1628278,complete,playbyplay_inferred,1611661322,Washington Mystics
Shot Chart Detail,1021800104,198,203437,Tierra Ruffin-Pratt,1611661313,New York Liberty,2,4,36,Missed Shot,Jump Shot,3PT Field Goal,Above the Break 3,Left Side Center(LC),24+ ft.,24,-168,178,1,0,20180705,WAS,NYL,2018,1021800104198,9240,validated,,0,matched,playbyplayv2,1611661322,201919|202250|203411|204327|204329,complete,playbyplay_inferred,201506|203399|203401|203437|1628278,complete,playbyplay_inferred,1611661322,Washington Mystics
Shot Chart Detail,1021800104,220,201506,LaToya Sanders,1611661313,New York Liberty,2,3,25,Made Shot,Layup Shot,2PT Field Goal,Restricted Area,Center(C),Less Than 8 ft.,2,13,18,1,1,20180705,WAS,NYL,2018,1021800104220,9950,validated,204333,1,matched,playbyplayv2,1611661322,202250|202259|203411|204327|204329,complete,playbyplay_inferred,201506|201911|203399|204333|1628878,complete,playbyplay_inferred,1611661322,Washington Mystics
Shot Chart Detail,1021800104,226,1628878,Ariel Atkins,1611661313,New York Liberty,2,2,59,Made Shot,Step Back Jump shot,2PT Field Goal,Mid-Range,Right Side Center(RC),16-24 ft.,19,113,157,1,1,20180705,WAS,NYL,2018,1021800104226,10210,validated,204333,1,matched,playbyplayv2,1611661322,202250|202259|203411|204327|204329,complete,playbyplay_inferred,201506|201911|203399|204333|1628878,complete,playbyplay_inferred,1611661322,Washington Mystics
Shot Chart Detail,1021800104,230,204333,Natasha Cloud,1611661313,New York Liberty,2,2,16,Made Shot,Jump Shot,3PT Field Goal,Above the Break 3,Left Side Center(LC),24+ ft.,23,-217,101,1,1,20180705,WAS,NYL,2018,1021800104230,10640,validated,,0,matched,playbyplayv2,1611661322,202250|202259|203411|204327|204329,complete,playbyplay_inferred,201506|201911|203399|204333|1628878,complete,playbyplay_inferred,1611661322,Washington Mystics
Shot Chart Detail,1021800104,233,204333,Natasha Cloud,1611661313,New York Liberty,2,1,42,Made Shot,Jump Shot,3PT Field Goal,Above the Break 3,Left Side Center(LC),24+ ft.,27,-106,251,1,1,20180705,WAS,NYL,2018,1021800104233,10980,validated,203399,1,matched,playbyplayv2,1611661322,202250|202259|203411|204327|204329,complete,playbyplay_inferred,201506|201911|203399|204333|1628878,complete,playbyplay_inferred,1611661322,Washington Mystics
Shot Chart Detail,1021800104,243,203399,Elena Delle Donne,1611661313,New York Liberty,2,1,8,Missed Shot,Step Back Jump shot,2PT Field Goal,Mid-Range,Left Side(L),8-16 ft.,15,-132,87,1,0,20180705,WAS,NYL,2018,1021800104243,11320,validated,,0,matched,playbyplayv2,1611661322,202250|202259|203829|204327|204329,complete,playbyplay_inferred,201506|201911|203399|204333|1628878,complete,playbyplay_inferred,1611661322,Washington Mystics
Shot Chart Detail,1021800104,252,201911,Kristi Toliver,1611661313,New York Liberty,2,0,32,Missed Shot,Pullup Jump shot,3PT Field Goal,Above the Break 3,Center(C),24+ ft.,25,-76,242,1,0,20180705,WAS,NYL,2018,1021800104252,11680,validated,,0,matched,playbyplayv2,1611661322,202250|202259|203829|204327|204329,complete,playbyplay_inferred,201506|201911|203399|203437|204333,complete,playbyplay_inferred,1611661322,Washington Mystics
Shot Chart Detail,1021800104,258,201911,Kristi Toliver,1611661313,New York Liberty,2,0,3,Missed Shot,Driving Layup Shot,2PT Field Goal,In The Paint (Non-RA),Right Side(R),8-16 ft.,8,80,12,1,0,20180705,WAS,NYL,2018,1021800104258,11970,validated,,0,matched,playbyplayv2,1611661322,202250|202259|203829|204327|204329,complete,playbyplay_inferred,201506|201911|203399|203437|204333,complete,playbyplay_inferred,1611661322,Washington Mystics
Shot Chart Detail,1021800104,272,201506,LaToya Sanders,1611661313,New York Liberty,3,9,11,Made Shot,Jump Shot,2PT Field Goal,Mid-Range,Right Side Center(RC),16-24 ft.,19,103,163,1,1,20180705,WAS,NYL,2018,1021800104272,12490,validated,204333,1,matched,playbyplayv2,1611661322,201913|201919|202250|202259|203829,complete,playbyplay_inferred,201506|201911|203399|204333|1628878,complete,playbyplay_inferred,1611661322,Washington Mystics
Shot Chart Detail,1021800104,276,201911,Kristi Toliver,1611661313,New York Liberty,3,8,46,Made Shot,Pullup Jump shot,3PT Field Goal,Above the Break 3,Center(C),24+ ft.,24,-37,247,1,1,20180705,WAS,NYL,2018,1021800104276,12740,validated,,0,matched,playbyplayv2,1611661322,201913|201919|202250|202259|203829,complete,playbyplay_inferred,201506|201911|203399|204333|1628878,complete,playbyplay_inferred,1611661322,Washington Mystics
Shot Chart Detail,1021800104,281,203399,Elena Delle Donne,1611661313,New York Liberty,3,8,8,Missed Shot,Jump Shot,3PT Field Goal,Above the Break 3,Right Side Center(RC),24+ ft.,24,171,171,1,0,20180705,WAS,NYL,2018,1021800104281,13120,validated,,0,matched,playbyplayv2,1611661322,201913|201919|202250|202259|203829,complete,playbyplay_inferred,201506|201911|203399|204333|1628878,complete,playbyplay_inferred,1611661322,Washington Mystics
Shot Chart Detail,1021800104,287,203399,Elena Delle Donne,1611661313,New York Liberty,3,7,36,Missed Shot,Jump Shot,2PT Field Goal,In The Paint (Non-RA),Right Side(R),8-16 ft.,8,47,74,1,0,20180705,WAS,NYL,2018,1021800104287,13440,validated,,0,matched,playbyplayv2,1611661322,201913|201919|202250|202259|203829,complete,playbyplay_inferred,201506|201911|203399|204333|1628878,complete,playbyplay_inferred,1611661322,Washington Mystics
Shot Chart Detail,1021800104,291,201911,Kristi Toliver,1611661313,New York Liberty,3,6,55,Missed Shot,Jump Shot,3PT Field Goal,Above the Break 3,Left Side Center(LC),24+ ft.,24,-116,221,1,0,20180705,WAS,NYL,2018,1021800104291,13850,validated,,0,matched,playbyplayv2,1611661322,201913|201919|202250|202259|203829,complete,playbyplay_inferred,201506|201911|203399|204333|1628878,complete,playbyplay_inferred,1611661322,Washington Mystics
Shot Chart Detail,1021800104,295,201506,LaToya Sanders,1611661313,New York Liberty,3,6,28,Made Shot,Cutting Layup Shot,2PT Field Goal,Restricted Area,Center(C),Less Than 8 ft.,1,-2,16,1,1,20180705,WAS,NYL,2018,1021800104295,14120,validated,201911,1,matched,playbyplayv2,1611661322,201913|201919|202250|202259|203829,complete,playbyplay_inferred,201506|201911|203399|204333|1628878,complete,playbyplay_inferred,1611661322,Washington Mystics
Shot Chart Detail,1021800104,299,1628878,Ariel Atkins,1611661313,New York Liberty,3,5,51,Missed Shot,Running Jump Shot,2PT Field Goal,Mid-Range,Right Side(R),8-16 ft.,10,95,32,1,0,20180705,WAS,NYL,2018,1021800104299,14490,validated,,0,matched,playbyplayv2,1611661322,201913|201919|202250|202259|203829,complete,playbyplay_inferred,201506|201911|203399|204333|1628878,complete,playbyplay_inferred,1611661322,Washington Mystics
Shot Chart Detail,1021800104,305,201911,Kristi Toliver,1611661313,New York Liberty,3,5,18,Made Shot,Jump Shot,3PT Field Goal,Above the Break 3,Left Side Center(LC),24+ ft.,26,-217,146,1,1,20180705,WAS,NYL,2018,1021800104305,14820,validated,1628878,1,matched,playbyplayv2,1611661322,201913|201919|202250|202259|203829,complete,playbyplay_inferred,201506|201911|203399|204333|1628878,complete,playbyplay_inferred,1611661322,Washington Mystics
Shot Chart Detail,1021800104,309,203399,Elena Delle Donne,1611661313,New York Liberty,3,4,41,Missed Shot,Jump Shot,2PT Field Goal,Mid-Range,Left Side(L),16-24 ft.,17,-145,99,1,0,20180705,WAS,NYL,2018,1021800104309,15190,validated,,0,matched,playbyplayv2,1611661322,201913|201919|202250|202259|203829,complete,playbyplay_inferred,201506|201911|203399|204333|1628878,complete,playbyplay_inferred,1611661322,Washington Mystics
Shot Chart Detail,1021800104,318,201506,LaToya Sanders,1611661313,New York Liberty,3,4,9,Made Shot,Jump Shot,2PT Field Goal,In The Paint (Non-RA),Center(C),8-16 ft.,11,-2,114,1,1,20180705,WAS,NYL,2018,1021800104318,15510,validated,1628878,1,matched,playbyplayv2,1611661322,201913|201919|202250|202259|204327,complete,playbyplay_inferred,201506|201911|203399|204333|1628878,complete,playbyplay_inferred,1611661322,Washington Mystics
Shot Chart Detail,1021800104,328,201506,LaToya Sanders,1611661313,New York Liberty,3,2,58,Made Shot,Jump Shot,2PT Field Goal,Mid-Range,Center(C),16-24 ft.,17,-5,173,1,1,20180705,WAS,NYL,2018,1021800104328,16220,validated,204333,1,matched,playbyplayv2,1611661322,201913|201919|202250|202259|204327,complete,playbyplay_inferred,201506|201911|203399|204333|1628878,complete,playbyplay_inferred,1611661322,Washington Mystics
Shot Chart Detail,1021800104,334,201506,LaToya Sanders,1611661313,New York Liberty,3,2,3,Missed Shot,Jump Shot,2PT Field Goal,Mid-Range,Center(C),16-24 ft.,17,11,177,1,0,20180705,WAS,NYL,2018,1021800104334,16770,validated,,0,matched,playbyplayv2,1611661322,201913|201919|202250|202259|204327,complete,playbyplay_inferred,201506|201911|203399|204333|1628878,complete,playbyplay_inferred,1611661322,Washington Mystics
Shot Chart Detail,1021800104,346,203399,Elena Delle Donne,1611661313,New York Liberty,3,1,33,Made Shot,Jump Shot,3PT Field Goal,Above the Break 3,Center(C),24+ ft.,26,41,259,1,1,20180705,WAS,NYL,2018,1021800104346,17070,validated,204333,1,matched,playbyplayv2,1611661322,202250|203411|204320|204327|1628915,complete,playbyplay_inferred,201506|201911|203399|204333|1628878,complete,playbyplay_inferred,1611661322,Washington Mystics
Shot Chart Detail,1021800104,380,201911,Kristi Toliver,1611661313,New York Liberty,3,0,0,Missed Shot,Running Jump Shot,3PT Field Goal,Backcourt,Back Court(BC),Back Court Shot,46,7,463,1,0,20180705,WAS,NYL,2018,1021800104380,18000,validated,,0,matched,playbyplayv2,1611661322,202250|203411|204320|204327|1628915,complete,playbyplay_inferred,200673|201911|203403|203437|1628899,complete,playbyplay_inferred,1611661322,Washington Mystics
Shot Chart Detail,1021800104,386,203399,Elena Delle Donne,1611661313,New York Liberty,4,9,51,Missed Shot,Jump Shot,3PT Field Goal,Above the Break 3,Left Side Center(LC),24+ ft.,25,-158,195,1,0,20180705,WAS,NYL,2018,1021800104386,18090,validated,,0,matched,playbyplayv2,1611661322,202250|203411|204320|204327|1628915,complete,playbyplay_inferred,200673|201911|203399|203403|203437,complete,playbyplay_inferred,1611661322,Washington Mystics
Shot Chart Detail,1021800104,388,201911,Kristi Toliver,1611661313,New York Liberty,4,9,34,Made Shot,Jump Shot,3PT Field Goal,Above the Break 3,Left Side Center(LC),24+ ft.,24,-89,228,1,1,20180705,WAS,NYL,2018,1021800104388,18260,validated,200673,1,matched,playbyplayv2,1611661322,202250|203411|204320|204327|1628915,complete,playbyplay_inferred,200673|201911|203399|203403|203437,complete,playbyplay_inferred,1611661322,Washington Mystics
Shot Chart Detail,1021800104,414,201911,Kristi Toliver,1611661313,New York Liberty,4,7,48,Missed Shot,Jump Shot,3PT Field Goal,Above the Break 3,Center(C),24+ ft.,25,-55,247,1,0,20180705,WAS,NYL,2018,1021800104414,19320,validated,,0,matched,playbyplayv2,1611661322,201919|202250|203411|203829|204329,complete,playbyplay_inferred,200673|201911|203399|203403|203437,complete,playbyplay_inferred,1611661322,Washington Mystics
Shot Chart Detail,1021800104,442,203399,Elena Delle Donne,1611661313,New York Liberty,4,6,28,Made Shot,Pullup Jump shot,2PT Field Goal,Mid-Range,Right Side Center(RC),16-24 ft.,18,124,140,1,1,20180705,WAS,NYL,2018,1021800104442,20120,validated,1628878,1,matched,playbyplayv2,1611661322,201919|202250|202259|203829|204329,complete,playbyplay_inferred,201911|203399|203403|203437|1628878,complete,playbyplay_inferred,1611661322,Washington Mystics
Shot Chart Detail,1021800104,446,1628878,Ariel Atkins,1611661313,New York Liberty,4,5,58,Missed Shot,Pullup Jump shot,2PT Field Goal,Mid-Range,Left Side(L),8-16 ft.,13,-125,50,1,0,20180705,WAS,NYL,2018,1021800104446,20420,validated,,0,matched,playbyplayv2,1611661322,201919|202250|202259|203829|204329,complete,playbyplay_inferred,201911|203399|203403|203437|1628878,complete,playbyplay_inferred,1611661322,Washington Mystics
Shot Chart Detail,1021800104,450,201911,Kristi Toliver,1611661313,New York Liberty,4,5,32,Missed Shot,Pullup Jump shot,3PT Field Goal,Above the Break 3,Left Side Center(LC),24+ ft.,26,-163,210,1,0,20180705,WAS,NYL,2018,1021800104450,20680,validated,,0,matched,playbyplayv2,1611661322,201919|202250|202259|203829|204329,complete,playbyplay_inferred,201911|203399|203403|203437|1628878,complete,playbyplay_inferred,1611661322,Washington Mystics
Shot Chart Detail,1021800104,466,203399,Elena Delle Donne,1611661313,New York Liberty,4,4,42,Made Shot,Jump Shot,3PT Field Goal,Above the Break 3,Left Side Center(LC),24+ ft.,25,-120,226,1,1,20180705,WAS,NYL,2018,1021800104466,21180,validated,204333,1,matched,playbyplayv2,1611661322,201919|202250|203411|203829|204329,complete,playbyplay_inferred,201911|203399|203403|204333|1628878,complete,playbyplay_inferred,1611661322,Washington Mystics
Shot Chart Detail,1021800104,470,203399,Elena Delle Donne,1611661313,New York Liberty,4,3,59,Made Shot,Step Back Jump shot,2PT Field Goal,Mid-Range,Left Side(L),8-16 ft.,13,-137,11,1,1,20180705,WAS,NYL,2018,1021800104470,21610,validated,204333,1,matched,playbyplayv2,1611661322,201919|202250|203411|203829|204329,complete,playbyplay_inferred,201911|203399|203403|204333|1628878,complete,playbyplay_inferred,1611661322,Washington Mystics
Shot Chart Detail,1021800104,477,203403,Tianna Hawkins,1611661313,New York Liberty,4,3,31,Made Shot,Jump Shot,3PT Field Goal,Above the Break 3,Center(C),24+ ft.,23,-38,235,1,1,20180705,WAS,NYL,2018,1021800104477,21890,validated,1628878,1,matched,playbyplayv2,1611661322,201919|202250|203411|203829|204329,complete,playbyplay_inferred,201911|203399|203403|204333|1628878,complete,playbyplay_inferred,1611661322,Washington Mystics
Shot Chart Detail,1021800104,481,203403,Tianna Hawkins,1611661313,New York Liberty,4,2,54,Missed Shot,Turnaround Hook Shot,2PT Field Goal,In The Paint (Non-RA),Center(C),8-16 ft.,11,20,109,1,0,20180705,WAS,NYL,2018,1021800104481,22260,validated,,0,matched,playbyplayv2,1611661322,201919|202250|203411|203829|204329,complete,playbyplay_inferred,201911|203399|203403|204333|1628878,complete,playbyplay_inferred,1611661322,Washington Mystics
Shot Chart Detail,1021800104,497,203403,Tianna Hawkins,1611661313,New York Liberty,4,2,28,Made Shot,Driving Layup Shot,2PT Field Goal,Restricted Area,Center(C),Less Than 8 ft.,2,-11,26,1,1,20180705,WAS,NYL,2018,1021800104497,22520,validated,,0,matched,playbyplayv2,1611661322,201919|202250|202259|204320|204327,complete,playbyplay_inferred,201911|203399|203403|204333|1628878,complete,playbyplay_inferred,1611661322,Washington Mystics
Shot Chart Detail,1021800104,509,203399,Elena Delle Donne,1611661313,New York Liberty,4,1,53,Missed Shot,Jump Shot,3PT Field Goal,Above the Break 3,Right Side Center(RC),24+ ft.,26,118,242,1,0,20180705,WAS,NYL,2018,1021800104509,22870,validated,,0,matched,playbyplayv2,1611661322,201919|202250|204296|204320|204327,complete,playbyplay_inferred,201911|203399|203403|204333|1628878,complete,playbyplay_inferred,1611661322,Washington Mystics
Shot Chart Detail,1021800104,511,203399,Elena Delle Donne,1611661313,New York Liberty,4,1,43,Made Shot,Jump Shot,2PT Field Goal,In The Paint (Non-RA),Center(C),8-16 ft.,11,36,106,1,1,20180705,WAS,NYL,2018,1021800104511,22970,validated,204333,1,matched,playbyplayv2,1611661322,201919|202250|204296|204320|204327,complete,playbyplay_inferred,201911|203399|203403|204333|1628878,complete,playbyplay_inferred,1611661322,Washington Mystics
Shot Chart Detail,1021800104,515,204333,Natasha Cloud,1611661313,New York Liberty,4,1,22,Missed Shot,Jump Shot,3PT Field Goal,Above the Break 3,Left Side Center(LC),24+ ft.,25,-113,227,1,0,20180705,WAS,NYL,2018,1021800104515,23180,validated,,0,matched,playbyplayv2,1611661322,201919|202250|204296|204320|204327,complete,playbyplay_inferred,201911|203399|203403|204333|1628878,complete,playbyplay_inferred,1611661322,Washington Mystics
Shot Chart Detail,1021800104,524,1628878,Ariel Atkins,1611661313,New York Liberty,4,1,0,Missed Shot,Driving Floating Jump Shot,2PT Field Goal,In The Paint (Non-RA),Center(C),8-16 ft.,9,-24,97,1,0,20180705,WAS,NYL,2018,1021800104524,23400,validated,,0,matched,playbyplayv2,1611661322,201919|204296|204320|204327|204329,complete,playbyplay_inferred,203403|204333|1628278|1628878|1628899,complete,playbyplay_inferred,1611661322,Washington Mystics
Shot Chart Detail,1021800104,528,203403,Tianna Hawkins,1611661313,New York Liberty,4,0,35,Missed Shot,Jump Shot,3PT Field Goal,Above the Break 3,Left Side Center(LC),24+ ft.,24,-125,213,1,0,20180705,WAS,NYL,2018,1021800104528,23650,validated,,0,matched,playbyplayv2,1611661322,201919|204296|204320|204327|204329,complete,playbyplay_inferred,203403|204333|1628278|1628878|1628899,complete,playbyplay_inferred,1611661322,Washington Mystics
Shot Chart Detail,1021800114,7,203866,Kayla Thornton,1611661313,New York Liberty,1,9,44,Made Shot,Cutting Layup Shot,2PT Field Goal,Restricted Area,Center(C),Less Than 8 ft.,0,2,2,1,1,20180708,NYL,DAL,2018,10218001147,160,validated,1628277,1,matched,playbyplayv2,1611661321,201913|201919|202250|202259|203829,complete,playbyplay_inferred,202633|203017|203400|203866|1628277,complete,playbyplay_inferred,1611661321,Dallas Wings
Shot Chart Detail,1021800114,11,1628277,Allisha Gray,1611661313,New York Liberty,1,9,15,Made Shot,Jump Shot,3PT Field Goal,Above the Break 3,Center(C),24+ ft.,23,-53,232,1,1,20180708,NYL,DAL,2018,102180011411,450,validated,203400,1,matched,playbyplayv2,1611661321,201913|201919|202250|202259|203829,complete,playbyplay_inferred,202633|203017|203400|203866|1628277,complete,playbyplay_inferred,1611661321,Dallas Wings
Shot Chart Detail,1021800114,15,1628277,Allisha Gray,1611661313,New York Liberty,1,8,47,Made Shot,Layup Shot,2PT Field Goal,Restricted Area,Center(C),Less Than 8 ft.,2,-26,11,1,1,20180708,NYL,DAL,2018,102180011415,730,validated,203400,1,matched,playbyplayv2,1611661321,201913|201919|202250|202259|203829,complete,playbyplay_inferred,202633|203017|203400|203866|1628277,complete,playbyplay_inferred,1611661321,Dallas Wings
Shot Chart Detail,1021800114,21,203866,Kayla Thornton,1611661313,New York Liberty,1,8,10,Missed Shot,Jump Shot,2PT Field Goal,Mid-Range,Center(C),16-24 ft.,20,25,201,1,0,20180708,NYL,DAL,2018,102180011421,1100,validated,,0,matched,playbyplayv2,1611661321,201913|201919|202250|202259|203829,complete,playbyplay_inferred,202633|203017|203400|203866|1628277,complete,playbyplay_inferred,1611661321,Dallas Wings
Shot Chart Detail,1021800114,23,203400,Skylar Diggins,1611661313,New York Liberty,1,8,1,Missed Shot,Jump Shot,3PT Field Goal,Above the Break 3,Right Side Center(RC),24+ ft.,24,114,219,1,0,20180708,NYL,DAL,2018,102180011423,1190,validated,,0,matched,playbyplayv2,1611661321,201913|201919|202250|202259|203829,complete,playbyplay_inferred,202633|203017|203400|203866|1628277,complete,playbyplay_inferred,1611661321,Dallas Wings
Shot Chart Detail,1021800114,34,202633,Liz Cambage,1611661313,New York Liberty,1,7,3,Missed Shot,Jump Shot,2PT Field Goal,Mid-Range,Left Side(L),8-16 ft.,11,-110,2,1,0,20180708,NYL,DAL,2018,102180011434,1770,validated,,0,matched,playbyplayv2,1611661321,201913|201919|202250|202259|203829,complete,playbyplay_inferred,202633|203017|203400|203866|1628277,complete,playbyplay_inferred,1611661321,Dallas Wings
Shot Chart Detail,1021800114,38,203400,Skylar Diggins,1611661313,New York Liberty,1,6,43,Made Shot,Layup Shot,2PT Field Goal,Restricted Area,Center(C),Less Than 8 ft.,1,12,4,1,1,20180708,NYL,DAL,2018,102180011438,1970,validated,,0,matched,playbyplayv2,1611661321,201913|201919|202250|202259|203829,complete,playbyplay_inferred,202633|203017|203400|203866|1628277,complete,playbyplay_inferred,1611661321,Dallas Wings
Shot Chart Detail,1021800114,48,203017,Glory Johnson,1611661313,New York Liberty,1,6,17,Made Shot,Jump Shot,2PT Field Goal,Mid-Range,Right Side Center(RC),16-24 ft.,17,86,156,1,1,20180708,NYL,DAL,2018,102180011448,2230,validated,203400,1,matched,playbyplayv2,1611661321,201913|201919|202250|202259|203829,complete,playbyplay_inferred,202633|203017|203400|203866|1628277,complete,playbyplay_inferred,1611661321,Dallas Wings
Shot Chart Detail,1021800114,51,202633,Liz Cambage,1611661313,New York Liberty,1,5,49,Missed Shot,Jump Shot,2PT Field Goal,In The Paint (Non-RA),Center(C),Less Than 8 ft.,7,73,26,1,0,20180708,NYL,DAL,2018,102180011451,2510,validated,,0,matched,playbyplayv2,1611661321,201913|201919|202250|202259|203829,complete,playbyplay_inferred,202633|203017|203400|203866|1628277,complete,playbyplay_inferred,1611661321,Dallas Wings
Shot Chart Detail,1021800114,53,1628277,Allisha Gray,1611661313,New York Liberty,1,5,44,Made Shot,Layup Shot,2PT Field Goal,Restricted Area,Center(C),Less Than 8 ft.,1,-13,2,1,1,20180708,NYL,DAL,2018,102180011453,2560,validated,,0,matched,playbyplayv2,1611661321,201913|201919|202250|202259|203829,complete,playbyplay_inferred,202633|203017|203400|203866|1628277,complete,playbyplay_inferred,1611661321,Dallas Wings
Shot Chart Detail,1021800114,56,202633,Liz Cambage,1611661313,New York Liberty,1,5,27,Made Shot,Turnaround Hook Shot,2PT Field Goal,In The Paint (Non-RA),Center(C),Less Than 8 ft.,4,-13,42,1,1,20180708,NYL,DAL,2018,102180011456,2730,validated,203400,1,matched,playbyplayv2,1611661321,201913|201919|202250|202259|203829,complete,playbyplay_inferred,202633|203017|203400|203866|1628277,complete,playbyplay_inferred,1611661321,Dallas Wings
Shot Chart Detail,1021800114,65,1628277,Allisha Gray,1611661313,New York Liberty,1,5,4,Missed Shot,Jump Shot,3PT Field Goal,Above the Break 3,Left Side(L),24+ ft.,24,-236,50,1,0,20180708,NYL,DAL,2018,102180011465,2960,validated,,0,matched,playbyplayv2,1611661321,201913|201919|202250|203411|203829,complete,playbyplay_inferred,202633|203017|203400|203866|1628277,complete,playbyplay_inferred,1611661321,Dallas Wings
Shot Chart Detail,1021800114,73,203400,Skylar Diggins,1611661313,New York Liberty,1,4,48,Made Shot,Driving Finger Roll Layup Shot,2PT Field Goal,Restricted Area,Center(C),Less Than 8 ft.,1,-13,15,1,1,20180708,NYL,DAL,2018,102180011473,3120,validated,,0,matched,playbyplayv2,1611661321,201919|202250|203411|203829|204320,complete,playbyplay_inferred,202633|203017|203400|203866|1628277,complete,playbyplay_inferred,1611661321,Dallas Wings
Shot Chart Detail,1021800114,78,203400,Skylar Diggins,1611661313,New York Liberty,1,4,8,Made Shot,Pullup Jump shot,2PT Field Goal,Mid-Range,Center(C),8-16 ft.,15,2,155,1,1,20180708,NYL,DAL,2018,102180011478,3520,validated,202633,1,matched,playbyplayv2,1611661321,201919|202250|203411|203829|204320,complete,playbyplay_inferred,202633|203017|203400|203866|1628277,complete,playbyplay_inferred,1611661321,Dallas Wings
Shot Chart Detail,1021800114,82,203017,Glory Johnson,1611661313,New York Liberty,1,3,37,Missed Shot,Jump Shot,3PT Field Goal,Above the Break 3,Left Side Center(LC),24+ ft.,23,-87,222,1,0,20180708,NYL,DAL,2018,102180011482,3830,validated,,0,matched,playbyplayv2,1611661321,201919|202250|203411|203829|204320,complete,playbyplay_inferred,202633|203017|203400|203866|1628277,complete,playbyplay_inferred,1611661321,Dallas Wings
Shot Chart Detail,1021800114,90,203400,Skylar Diggins,1611661313,New York Liberty,1,2,55,Missed Shot,Driving Floating Jump Shot,2PT Field Goal,Restricted Area,Center(C),Less Than 8 ft.,3,0,38,1,0,20180708,NYL,DAL,2018,102180011490,4250,validated,,0,matched,playbyplayv2,1611661321,201919|202250|203411|204320|204327,complete,playbyplay_inferred,202633|203400|203866|1628277|1628922,complete,playbyplay_inferred,1611661321,Dallas Wings
Shot Chart Detail,1021800114,94,203866,Kayla Thornton,1611661313,New York Liberty,1,2,37,Missed Shot,Layup Shot,2PT Field Goal,Restricted Area,Center(C),Less Than 8 ft.,3,6,31,1,0,20180708,NYL,DAL,2018,102180011494,4430,validated,,0,matched,playbyplayv2,1611661321,201919|202250|203411|204320|204327,complete,playbyplay_inferred,202633|203400|203866|1628277|1628922,complete,playbyplay_inferred,1611661321,Dallas Wings
Shot Chart Detail,1021800114,111,203400,Skylar Diggins,1611661313,New York Liberty,1,2,7,Made Shot,Jump Shot,2PT Field Goal,Mid-Range,Left Side Center(LC),16-24 ft.,18,-85,163,1,1,20180708,NYL,DAL,2018,1021800114111,4730,validated,,0,matched,playbyplayv2,1611661321,201919|202250|203411|204320|204327,complete,playbyplay_inferred,202633|203400|203866|1627672|1628922,complete,playbyplay_inferred,1611661321,Dallas Wings
Shot Chart Detail,1021800114,120,203866,Kayla Thornton,1611661313,New York Liberty,1,1,43,Made Shot,Jump Shot,3PT Field Goal,Left Corner 3,Left Side(L),24+ ft.,23,-232,-1,1,1,20180708,NYL,DAL,2018,1021800114120,4970,validated,1628922,1,matched,playbyplayv2,1611661321,201919|202250|203411|204327|204329,complete,playbyplay_inferred,202633|203400|203866|1627672|1628922,complete,playbyplay_inferred,1611661321,Dallas Wings
Shot Chart Detail,1021800114,124,1628922,Azurá Stevens,1611661313,New York Liberty,1,1,0,Made Shot,Jump Shot,2PT Field Goal,Mid-Range,Left Side(L),8-16 ft.,8,-86,15,1,1,20180708,NYL,DAL,2018,1021800114124,5400,validated,,0,matched,playbyplayv2,1611661321,201919|202250|203411|204327|204329,complete,playbyplay_inferred,202633|203400|203866|1627672|1628922,complete,playbyplay_inferred,1611661321,Dallas Wings
Shot Chart Detail,1021800114,130,202633,Liz Cambage,1611661313,New York Liberty,1,0,26,Missed Shot,Jump Shot,2PT Field Goal,Mid-Range,Center(C),16-24 ft.,17,1,172,1,0,20180708,NYL,DAL,2018,1021800114130,5740,validated,,0,matched,playbyplayv2,1611661321,201919|202250|203411|204327|204329,complete,playbyplay_inferred,202633|203400|203866|1627672|1628922,complete,playbyplay_inferred,1611661321,Dallas Wings
Shot Chart Detail,1021800114,132,1627672,Aerial Powers,1611661313,New York Liberty,1,0,22,Missed Shot,Turnaround Jump Shot,2PT Field Goal,In The Paint (Non-RA),Center(C),Less Than 8 ft.,7,-67,28,1,0,20180708,NYL,DAL,2018,1021800114132,5780,validated,,0,matched,playbyplayv2,1611661321,201919|202250|203411|204327|204329,complete,playbyplay_inferred,202633|203400|203866|1627672|1628922,complete,playbyplay_inferred,1611661321,Dallas Wings
Shot Chart Detail,1021800114,148,1628922,Azurá Stevens,1611661313,New York Liberty,2,9,31,Made Shot,Turnaround Hook Shot,2PT Field Goal,In The Paint (Non-RA),Center(C),8-16 ft.,13,48,125,1,1,20180708,NYL,DAL,2018,1021800114148,6290,validated,203866,1,matched,playbyplayv2,1611661321,202250|203411|204327|204329|1628915,complete,playbyplay_inferred,203017|203866|1627672|1628273|1628922,complete,playbyplay_inferred,1611661321,Dallas Wings
Shot Chart Detail,1021800114,153,1628273,Kaela Davis,1611661313,New York Liberty,2,9,10,Made Shot,Jump Shot,2PT Field Goal,Mid-Range,Right Side(R),16-24 ft.,16,163,39,1,1,20180708,NYL,DAL,2018,1021800114153,6500,validated,1628922,1,matched,playbyplayv2,1611661321,202250|203411|204327|204329|1628915,complete,playbyplay_inferred,203017|203866|1627672|1628273|1628922,complete,playbyplay_inferred,1611661321,Dallas Wings
Shot Chart Detail,1021800114,163,1628922,Azurá Stevens,1611661313,New York Liberty,2,7,50,Made Shot,Driving Hook Shot,2PT Field Goal,In The Paint (Non-RA),Center(C),Less Than 8 ft.,7,76,9,1,1,20180708,NYL,DAL,2018,1021800114163,7300,validated,,0,matched,playbyplayv2,1611661321,202250|203411|204327|204329|1628915,complete,playbyplay_inferred,203017|203866|1627672|1628273|1628922,complete,playbyplay_inferred,1611661321,Dallas Wings
Shot Chart Detail,1021800114,166,1627672,Aerial Powers,1611661313,New York Liberty,2,7,27,Missed Shot,Jump Shot,3PT Field Goal,Above the Break 3,Left Side Center(LC),16-24 ft.,23,-145,188,1,0,20180708,NYL,DAL,2018,1021800114166,7530,validated,,0,matched,playbyplayv2,1611661321,202250|203411|204327|204329|1628915,complete,playbyplay_inferred,203017|203866|1627672|1628273|1628922,complete,playbyplay_inferred,1611661321,Dallas Wings
Shot Chart Detail,1021800114,173,1628922,Azurá Stevens,1611661313,New York Liberty,2,6,43,Made Shot,Jump Shot,3PT Field Goal,Above the Break 3,Right Side Center(RC),24+ ft.,25,96,235,1,1,20180708,NYL,DAL,2018,1021800114173,7970,validated,1628273,1,matched,playbyplayv2,1611661321,202250|203411|204327|204329|1628915,complete,playbyplay_inferred,203017|203866|1627672|1628273|1628922,complete,playbyplay_inferred,1611661321,Dallas Wings
Shot Chart Detail,1021800114,190,1628922,Azurá Stevens,1611661313,New York Liberty,2,5,48,Missed Shot,Jump Shot,2PT Field Goal,Mid-Range,Left Side(L),8-16 ft.,11,-111,28,1,0,20180708,NYL,DAL,2018,1021800114190,8520,validated,,0,matched,playbyplayv2,1611661321,201913|202259|204327|204329|1628915,complete,playbyplay_inferred,203017|203866|1628273|1628277|1628922,complete,playbyplay_inferred,1611661321,Dallas Wings
Shot Chart Detail,1021800114,195,1628277,Allisha Gray,1611661313,New York Liberty,2,5,15,Missed Shot,Jump Shot,3PT Field Goal,Above the Break 3,Right Side Center(RC),16-24 ft.,23,152,177,1,0,20180708,NYL,DAL,2018,1021800114195,8850,validated,,0,matched,playbyplayv2,1611661321,201913|202259|204327|204329|1628915,complete,playbyplay_inferred,203017|203866|1628273|1628277|1628922,complete,playbyplay_inferred,1611661321,Dallas Wings
Shot Chart Detail,1021800114,199,203017,Glory Johnson,1611661313,New York Liberty,2,4,52,Missed Shot,Jump Shot,2PT Field Goal,Mid-Range,Center(C),16-24 ft.,20,37,197,1,0,20180708,NYL,DAL,2018,1021800114199,9080,validated,,0,matched,playbyplayv2,1611661321,201913|202259|204327|204329|1628915,complete,playbyplay_inferred,203017|203866|1628273|1628277|1628922,complete,playbyplay_inferred,1611661321,Dallas Wings
Shot Chart Detail,1021800114,215,203400,Skylar Diggins,1611661313,New York Liberty,2,4,22,Missed Shot,Jump Shot,2PT Field Goal,Mid-Range,Left Side(L),8-16 ft.,12,-124,39,1,0,20180708,NYL,DAL,2018,1021800114215,9380,validated,,0,matched,playbyplayv2,1611661321,201913|201919|202250|202259|203829,complete,playbyplay_inferred,202633|203017|203400|1628277|1628922,complete,playbyplay_inferred,1611661321,Dallas Wings
Shot Chart Detail,1021800114,217,202633,Liz Cambage,1611661313,New York Liberty,2,4,18,Missed Shot,Layup Shot,2PT Field Goal,Restricted Area,Center(C),Less Than 8 ft.,0,9,4,1,0,20180708,NYL,DAL,2018,1021800114217,9420,validated,,0,matched,playbyplayv2,1611661321,201913|201919|202250|202259|203829,complete,playbyplay_inferred,202633|203017|203400|1628277|1628922,complete,playbyplay_inferred,1611661321,Dallas Wings
Shot Chart Detail,1021800114,234,203017,Glory Johnson,1611661313,New York Liberty,2,3,20,Missed Shot,Jump Shot,2PT Field Goal,Mid-Range,Center(C),16-24 ft.,19,22,198,1,0,20180708,NYL,DAL,2018,1021800114234,10000,validated,,0,matched,playbyplayv2,1611661321,201913|201919|202250|202259|203829,complete,playbyplay_inferred,202633|203017|203400|1628277|1628922,complete,playbyplay_inferred,1611661321,Dallas Wings
Shot Chart Detail,1021800114,238,203017,Glory Johnson,1611661313,New York Liberty,2,2,43,Made Shot,Jump Shot,2PT Field Goal,In The Paint (Non-RA),Center(C),8-16 ft.,8,24,82,1,1,20180708,NYL,DAL,2018,1021800114238,10370,validated,1628277,1,matched,playbyplayv2,1611661321,201913|201919|202250|202259|203829,complete,playbyplay_inferred,202633|203017|203400|1628277|1628922,complete,playbyplay_inferred,1611661321,Dallas Wings
Shot Chart Detail,1021800114,241,1628922,Azurá Stevens,1611661313,New York Liberty,2,2,8,Made Shot,Cutting Layup Shot,2PT Field Goal,Restricted Area,Center(C),Less Than 8 ft.,1,-19,1,1,1,20180708,NYL,DAL,2018,1021800114241,10720,validated,202633,1,matched,playbyplayv2,1611661321,201913|201919|202250|202259|203829,complete,playbyplay_inferred,202633|203017|203400|1628277|1628922,complete,playbyplay_inferred,1611661321,Dallas Wings
Shot Chart Detail,1021800114,251,203400,Skylar Diggins,1611661313,New York Liberty,2,1,15,Made Shot,Driving Layup Shot,2PT Field Goal,Restricted Area,Center(C),Less Than 8 ft.,3,18,31,1,1,20180708,NYL,DAL,2018,1021800114251,11250,validated,,0,matched,playbyplayv2,1611661321,201913|201919|202250|202259|203829,complete,playbyplay_inferred,202633|203017|203400|1628277|1628922,complete,playbyplay_inferred,1611661321,Dallas Wings
Shot Chart Detail,1021800114,265,1628922,Azurá Stevens,1611661313,New York Liberty,2,0,24,Missed Shot,Jump Shot,2PT Field Goal,Mid-Range,Left Side(L),8-16 ft.,15,-133,88,1,0,20180708,NYL,DAL,2018,1021800114265,11760,validated,,0,matched,playbyplayv2,1611661321,201919|202250|203411|203829|204329,complete,playbyplay_inferred,202633|203017|203400|1628277|1628922,complete,playbyplay_inferred,1611661321,Dallas Wings
Shot Chart Detail,1021800114,282,203017,Glory Johnson,1611661313,New York Liberty,3,9,27,Missed Shot,Jump Shot,2PT Field Goal,Mid-Range,Right Side(R),8-16 ft.,12,120,20,1,0,20180708,NYL,DAL,2018,1021800114282,12330,validated,,0,matched,playbyplayv2,1611661321,201913|201919|202250|202259|203829,complete,playbyplay_inferred,202633|203017|203400|203866|1628277,complete,playbyplay_inferred,1611661321,Dallas Wings
Shot Chart Detail,1021800114,284,202633,Liz Cambage,1611661313,New York Liberty,3,9,24,Made Shot,Hook Shot,2PT Field Goal,Restricted Area,Center(C),Less Than 8 ft.,2,2,20,1,1,20180708,NYL,DAL,2018,1021800114284,12360,validated,,0,matched,playbyplayv2,1611661321,201913|201919|202250|202259|203829,complete,playbyplay_inferred,202633|203017|203400|203866|1628277,complete,playbyplay_inferred,1611661321,Dallas Wings
Shot Chart Detail,1021800114,289,202633,Liz Cambage,1611661313,New York Liberty,3,7,55,Missed Shot,Jump Shot,2PT Field Goal,Mid-Range,Right Side(R),8-16 ft.,9,85,36,1,0,20180708,NYL,DAL,2018,1021800114289,13250,validated,,0,matched,playbyplayv2,1611661321,201913|201919|202250|202259|203829,complete,playbyplay_inferred,202633|203017|203400|203866|1628277,complete,playbyplay_inferred,1611661321,Dallas Wings
Shot Chart Detail,1021800114,295,203400,Skylar Diggins,1611661313,New York Liberty,3,7,29,Made Shot,Jump Shot,3PT Field Goal,Above the Break 3,Center(C),24+ ft.,24,-25,248,1,1,20180708,NYL,DAL,2018,1021800114295,13510,validated,,0,matched,playbyplayv2,1611661321,201913|201919|202250|202259|203829,complete,playbyplay_inferred,202633|203017|203400|203866|1628277,complete,playbyplay_inferred,1611661321,Dallas Wings
Shot Chart Detail,1021800114,306,203400,Skylar Diggins,1611661313,New York Liberty,3,6,39,Made Shot,Jump Shot,3PT Field Goal,Above the Break 3,Right Side Center(RC),24+ ft.,25,120,222,1,1,20180708,NYL,DAL,2018,1021800114306,14010,validated,1628277,1,matched,playbyplayv2,1611661321,201913|201919|202250|202259|203829,complete,playbyplay_inferred,202633|203017|203400|203866|1628277,complete,playbyplay_inferred,1611661321,Dallas Wings
Shot Chart Detail,1021800114,310,203400,Skylar Diggins,1611661313,New York Liberty,3,6,14,Made Shot,Driving Layup Shot,2PT Field Goal,Restricted Area,Center(C),Less Than 8 ft.,1,8,11,1,1,20180708,NYL,DAL,2018,1021800114310,14260,validated,,0,matched,playbyplayv2,1611661321,201913|201919|202250|202259|203829,complete,playbyplay_inferred,202633|203017|203400|203866|1628277,complete,playbyplay_inferred,1611661321,Dallas Wings
Shot Chart Detail,1021800114,313,202633,Liz Cambage,1611661313,New York Liberty,3,5,45,Missed Shot,Layup Shot,2PT Field Goal,Restricted Area,Center(C),Less Than 8 ft.,3,-7,30,1,0,20180708,NYL,DAL,2018,1021800114313,14550,validated,,0,matched,playbyplayv2,1611661321,201913|201919|202250|202259|203829,complete,playbyplay_inferred,202633|203017|203400|203866|1628277,complete,playbyplay_inferred,1611661321,Dallas Wings
Shot Chart Detail,1021800114,334,202633,Liz Cambage,1611661313,New York Liberty,3,4,35,Made Shot,Driving Floating Bank Jump Shot,2PT Field Goal,In The Paint (Non-RA),Center(C),8-16 ft.,8,-1,87,1,1,20180708,NYL,DAL,2018,1021800114334,15250,validated,,0,matched,playbyplayv2,1611661321,201919|202250|203411|204320|204327,complete,playbyplay_inferred,202633|203017|203400|203866|1628277,complete,playbyplay_inferred,1611661321,Dallas Wings
Shot Chart Detail,1021800114,337,202633,Liz Cambage,1611661313,New York Liberty,3,3,48,Made Shot,Jump Shot,2PT Field Goal,Mid-Range,Center(C),16-24 ft.,19,-28,197,1,1,20180708,NYL,DAL,2018,1021800114337,15720,validated,1628277,1,matched,playbyplayv2,1611661321,201919|202250|203411|204320|204327,complete,playbyplay_inferred,202633|203017|203400|203866|1628277,complete,playbyplay_inferred,1611661321,Dallas Wings
Shot Chart Detail,1021800114,347,202633,Liz Cambage,1611661313,New York Liberty,3,2,53,Made Shot,Jump Shot,2PT Field Goal,Mid-Range,Left Side(L),8-16 ft.,11,-112,27,1,1,20180708,NYL,DAL,2018,1021800114347,16270,validated,1628277,1,matched,playbyplayv2,1611661321,201919|202250|203411|204320|204327,complete,playbyplay_inferred,202633|203017|203400|1628277|1628922,complete,playbyplay_inferred,1611661321,Dallas Wings
Shot Chart Detail,1021800114,353,203017,Glory Johnson,1611661313,New York Liberty,3,2,13,Missed Shot,Jump Shot,3PT Field Goal,Above the Break 3,Right Side(R),24+ ft.,24,236,54,1,0,20180708,NYL,DAL,2018,1021800114353,16670,validated,,0,matched,playbyplayv2,1611661321,201919|202250|203411|204320|204327,complete,playbyplay_inferred,202633|203017|203400|1628277|1628922,complete,playbyplay_inferred,1611661321,Dallas Wings
Shot Chart Detail,1021800114,360,202633,Liz Cambage,1611661313,New York Liberty,3,1,38,Missed Shot,Jump Shot,2PT Field Goal,In The Paint (Non-RA),Center(C),Less Than 8 ft.,4,-25,41,1,0,20180708,NYL,DAL,2018,1021800114360,17020,validated,,0,matched,playbyplayv2,1611661321,201919|202250|203411|204320|204327,complete,playbyplay_inferred,202633|203017|203400|1628277|1628922,complete,playbyplay_inferred,1611661321,Dallas Wings
Shot Chart Detail,1021800114,366,1628277,Allisha Gray,1611661313,New York Liberty,3,1,19,Made Shot,Layup Shot,2PT Field Goal,Restricted Area,Center(C),Less Than 8 ft.,1,-13,4,1,1,20180708,NYL,DAL,2018,1021800114366,17210,validated,202633,1,matched,playbyplayv2,1611661321,201919|202250|203411|204320|204327,complete,playbyplay_inferred,202633|203017|203400|1628277|1628922,complete,playbyplay_inferred,1611661321,Dallas Wings
Shot Chart Detail,1021800114,391,203400,Skylar Diggins,1611661313,New York Liberty,3,0,0,Missed Shot,Jump Shot,3PT Field Goal,Above the Break 3,Center(C),24+ ft.,25,75,246,1,0,20180708,NYL,DAL,2018,1021800114391,18000,validated,,0,matched,playbyplayv2,1611661321,201919|202250|203411|204320|204327,complete,playbyplay_inferred,202633|203400|203866|1628277|1628922,complete,playbyplay_inferred,1611661321,Dallas Wings
Shot Chart Detail,1021800114,395,1628922,Azurá Stevens,1611661313,New York Liberty,4,9,41,Missed Shot,Jump Shot,3PT Field Goal,Above the Break 3,Center(C),24+ ft.,27,-8,276,1,0,20180708,NYL,DAL,2018,1021800114395,18190,validated,,0,matched,playbyplayv2,1611661321,201919|202250|203411|204320|204327,complete,playbyplay_inferred,202633|203400|203866|1628277|1628922,complete,playbyplay_inferred,1611661321,Dallas Wings
Shot Chart Detail,1021800114,399,202633,Liz Cambage,1611661313,New York Liberty,4,9,2,Missed Shot,Layup Shot,2PT Field Goal,Restricted Area,Center(C),Less Than 8 ft.,1,15,12,1,0,20180708,NYL,DAL,2018,1021800114399,18580,validated,,0,matched,playbyplayv2,1611661321,201919|202250|203411|204320|204327,complete,playbyplay_inferred,202633|203400|203866|1628277|1628922,complete,playbyplay_inferred,1611661321,Dallas Wings
Shot Chart Detail,1021800114,407,203400,Skylar Diggins,1611661313,New York Liberty,4,8,45,Made Shot,Jump Shot,3PT Field Goal,Above the Break 3,Left Side Center(LC),24+ ft.,25,-162,196,1,1,20180708,NYL,DAL,2018,1021800114407,18750,validated,1628922,1,matched,playbyplayv2,1611661321,201919|202250|203411|204320|204327,complete,playbyplay_inferred,202633|203400|203866|1628277|1628922,complete,playbyplay_inferred,1611661321,Dallas Wings
Shot Chart Detail,1021800114,411,202633,Liz Cambage,1611661313,New York Liberty,4,8,9,Made Shot,Layup Shot,2PT Field Goal,Restricted Area,Center(C),Less Than 8 ft.,2,19,13,1,1,20180708,NYL,DAL,2018,1021800114411,19110,validated,1628277,1,matched,playbyplayv2,1611661321,201919|202250|203411|204320|204327,complete,playbyplay_inferred,202633|203400|203866|1628277|1628922,complete,playbyplay_inferred,1611661321,Dallas Wings
Shot Chart Detail,1021800114,430,202633,Liz Cambage,1611661313,New York Liberty,4,6,52,Made Shot,Layup Shot,2PT Field Goal,In The Paint (Non-RA),Center(C),Less Than 8 ft.,5,-17,51,1,1,20180708,NYL,DAL,2018,1021800114430,19880,validated,,0,matched,playbyplayv2,1611661321,201919|202250|203411|204320|204327,complete,playbyplay_inferred,202633|203017|203400|203866|1628277,complete,playbyplay_inferred,1611661321,Dallas Wings
Shot Chart Detail,1021800114,443,1628277,Allisha Gray,1611661313,New York Liberty,4,6,27,Made Shot,Jump Shot,3PT Field Goal,Above the Break 3,Center(C),24+ ft.,25,-53,249,1,1,20180708,NYL,DAL,2018,1021800114443,20130,validated,203400,1,matched,playbyplayv2,1611661321,201919|202250|204320|204327|1628915,complete,playbyplay_inferred,202633|203017|203400|203866|1628277,complete,playbyplay_inferred,1611661321,Dallas Wings
Shot Chart Detail,1021800114,447,202633,Liz Cambage,1611661313,New York Liberty,4,5,58,Missed Shot,Jump Shot,3PT Field Goal,Above the Break 3,Left Side Center(LC),24+ ft.,25,-125,221,1,0,20180708,NYL,DAL,2018,1021800114447,20420,validated,,0,matched,playbyplayv2,1611661321,201919|202250|204320|204327|1628915,complete,playbyplay_inferred,202633|203017|203400|203866|1628277,complete,playbyplay_inferred,1611661321,Dallas Wings
Shot Chart Detail,1021800114,460,204297,Cayla George,1611661313,New York Liberty,4,5,27,Missed Shot,Jump Shot,3PT Field Goal,Above the Break 3,Left Side Center(LC),24+ ft.,25,-104,234,1,0,20180708,NYL,DAL,2018,1021800114460,20730,validated,,0,matched,playbyplayv2,1611661321,201919|202250|204327|204329|1628915,complete,playbyplay_inferred,203017|203400|203866|204297|1628277,complete,playbyplay_inferred,1611661321,Dallas Wings
Shot Chart Detail,1021800114,479,204297,Cayla George,1611661313,New York Liberty,4,4,32,Missed Shot,Jump Shot,3PT Field Goal,Above the Break 3,Left Side Center(LC),24+ ft.,24,-136,207,1,0,20180708,NYL,DAL,2018,1021800114479,21280,validated,,0,matched,playbyplayv2,1611661321,204296|204320|204327|204329|1628915,complete,playbyplay_inferred,203017|203400|203866|204297|1628273,complete,playbyplay_inferred,1611661321,Dallas Wings
Shot Chart Detail,1021800114,486,203017,Glory Johnson,1611661313,New York Liberty,4,3,13,Missed Shot,Jump Shot,2PT Field Goal,Mid-Range,Right Side(R),16-24 ft.,16,165,0,1,0,20180708,NYL,DAL,2018,1021800114486,22070,validated,,0,matched,playbyplayv2,1611661321,204296|204320|204327|204329|1628915,complete,playbyplay_inferred,203017|203400|203866|204297|1628273,complete,playbyplay_inferred,1611661321,Dallas Wings
Shot Chart Detail,1021800114,488,204297,Cayla George,1611661313,New York Liberty,4,3,2,Missed Shot,Jump Shot,3PT Field Goal,Left Corner 3,Left Side(L),24+ ft.,22,-228,-10,1,0,20180708,NYL,DAL,2018,1021800114488,22180,validated,,0,matched,playbyplayv2,1611661321,204296|204320|204327|204329|1628915,complete,playbyplay_inferred,203017|203400|203866|204297|1628273,complete,playbyplay_inferred,1611661321,Dallas Wings
Shot Chart Detail,1021800114,502,203017,Glory Johnson,1611661313,New York Liberty,4,2,35,Made Shot,Jump Shot,2PT Field Goal,Mid-Range,Right Side Center(RC),16-24 ft.,18,97,162,1,1,20180708,NYL,DAL,2018,1021800114502,22450,validated,,0,matched,playbyplayv2,1611661321,203829|204296|204327|204329|1628915,complete,playbyplay_inferred,203017|203866|204297|1628273|1628285,complete,playbyplay_inferred,1611661321,Dallas Wings
Shot Chart Detail,1021800114,545,1627672,Aerial Powers,1611661313,New York Liberty,4,0,37,Missed Shot,Jump Shot,3PT Field Goal,Above the Break 3,Left Side Center(LC),24+ ft.,25,-213,147,1,0,20180708,NYL,DAL,2018,1021800114545,23630,validated,,0,matched,playbyplayv2,1611661321,203829|204296|204327|204329|1628915,complete,playbyplay_inferred,203017|204297|1627672|1628273|1628285,complete,playbyplay_inferred,1611661321,Dallas Wings
Shot Chart Detail,1021800114,549,1628273,Kaela Davis,1611661313,New York Liberty,4,0,11,Missed Shot,Jump Shot,3PT Field Goal,Right Corner 3,Right Side(R),24+ ft.,23,230,24,1,0,20180708,NYL,DAL,2018,1021800114549,23890,validated,,0,matched,playbyplayv2,1611661321,203829|204296|204327|204329|1628915,complete,playbyplay_inferred,203017|204297|1627672|1628273|1628285,complete,playbyplay_inferred,1611661321,Dallas Wings
Shot Chart Detail,1021800119,7,202662,Jasmine Thomas,1611661313,New York Liberty,1,9,50,Made Shot,Jump Shot,2PT Field Goal,Mid-Range,Right Side(R),16-24 ft.,19,163,113,1,1,20180711,CON,NYL,2018,10218001197,100,validated,,0,matched,playbyplayv2,1611661323,201913|201919|202250|202259|203829,complete,playbyplay_inferred,202662|203823|203826|1627671|1627673,complete,playbyplay_inferred,1611661323,Connecticut Sun
Shot Chart Detail,1021800119,12,203826,Alyssa Thomas,1611661313,New York Liberty,1,9,3,Missed Shot,Turnaround Jump Shot,2PT Field Goal,In The Paint (Non-RA),Center(C),Less Than 8 ft.,6,49,38,1,0,20180711,CON,NYL,2018,102180011912,570,validated,,0,matched,playbyplayv2,1611661323,201913|201919|202250|202259|203829,complete,playbyplay_inferred,202662|203823|203826|1627671|1627673,complete,playbyplay_inferred,1611661323,Connecticut Sun
Shot Chart Detail,1021800119,17,1627671,Rachel Banham,1611661313,New York Liberty,1,8,34,Missed Shot,Fadeaway Jump Shot,3PT Field Goal,Above the Break 3,Left Side Center(LC),24+ ft.,26,-146,223,1,0,20180711,CON,NYL,2018,102180011917,860,validated,,0,matched,playbyplayv2,1611661323,201913|201919|202250|202259|203829,complete,playbyplay_inferred,202662|203823|203826|1627671|1627673,complete,playbyplay_inferred,1611661323,Connecticut Sun
Shot Chart Detail,1021800119,20,1627673,Jonquel Jones,1611661313,New York Liberty,1,8,15,Missed Shot,Turnaround Jump Shot,3PT Field Goal,Above the Break 3,Left Side Center(LC),24+ ft.,24,-200,149,1,0,20180711,CON,NYL,2018,102180011920,1050,validated,,0,matched,playbyplayv2,1611661323,201913|201919|202250|202259|203829,complete,playbyplay_inferred,202662|203823|203826|1627671|1627673,complete,playbyplay_inferred,1611661323,Connecticut Sun
Shot Chart Detail,1021800119,36,203823,Chiney Ogwumike,1611661313,New York Liberty,1,6,57,Made Shot,Layup Shot,2PT Field Goal,Restricted Area,Center(C),Less Than 8 ft.,3,10,29,1,1,20180711,CON,NYL,2018,102180011936,1830,validated,1627671,1,matched,playbyplayv2,1611661323,201913|201919|202250|202259|203829,complete,playbyplay_inferred,202662|203823|203826|1627671|1627673,complete,playbyplay_inferred,1611661323,Connecticut Sun
Shot Chart Detail,1021800119,40,1627673,Jonquel Jones,1611661313,New York Liberty,1,6,29,Missed Shot,Turnaround Fadeaway shot,2PT Field Goal,Mid-Range,Left Side(L),8-16 ft.,13,-119,62,1,0,20180711,CON,NYL,2018,102180011940,2110,validated,,0,matched,playbyplayv2,1611661323,201913|201919|202250|202259|203829,complete,playbyplay_inferred,202662|203823|203826|1627671|1627673,complete,playbyplay_inferred,1611661323,Connecticut Sun
Shot Chart Detail,1021800119,51,203826,Alyssa Thomas,1611661313,New York Liberty,1,6,9,Made Shot,Layup Shot,2PT Field Goal,Restricted Area,Center(C),Less Than 8 ft.,1,7,14,1,1,20180711,CON,NYL,2018,102180011951,2310,validated,1627671,1,matched,playbyplayv2,1611661323,201913|201919|202250|202259|203829,complete,playbyplay_inferred,202662|203823|203826|1627671|1628280,complete,playbyplay_inferred,1611661323,Connecticut Sun
Shot Chart Detail,1021800119,59,203826,Alyssa Thomas,1611661313,New York Liberty,1,5,26,Missed Shot,Driving Layup Shot,2PT Field Goal,In The Paint (Non-RA),Left Side(L),8-16 ft.,10,-65,86,1,0,20180711,CON,NYL,2018,102180011959,2740,validated,,0,matched,playbyplayv2,1611661323,201913|201919|202250|203411|203829,complete,playbyplay_inferred,202662|203823|203826|1627671|1628280,complete,playbyplay_inferred,1611661323,Connecticut Sun
Shot Chart Detail,1021800119,62,1627671,Rachel Banham,1611661313,New York Liberty,1,4,50,Missed Shot,Driving Layup Shot,2PT Field Goal,Restricted Area,Center(C),Less Than 8 ft.,2,13,27,1,0,20180711,CON,NYL,2018,102180011962,3100,validated,,0,matched,playbyplayv2,1611661323,201913|201919|202250|203411|203829,complete,playbyplay_inferred,202662|203823|203826|1627671|1628280,complete,playbyplay_inferred,1611661323,Connecticut Sun
Shot Chart Detail,1021800119,80,1628280,Brionna Jones,1611661313,New York Liberty,1,4,9,Missed Shot,Pullup Jump shot,2PT Field Goal,In The Paint (Non-RA),Center(C),8-16 ft.,15,64,136,1,0,20180711,CON,NYL,2018,102180011980,3510,validated,,0,matched,playbyplayv2,1611661323,201913|201919|202250|203411|204327,complete,playbyplay_inferred,202662|203823|203826|1627675|1628280,complete,playbyplay_inferred,1611661323,Connecticut Sun
Shot Chart Detail,1021800119,82,203823,Chiney Ogwumike,1611661313,New York Liberty,1,4,6,Made Shot,Putback Layup Shot,2PT Field Goal,Restricted Area,Center(C),Less Than 8 ft.,1,2,17,1,1,20180711,CON,NYL,2018,102180011982,3540,validated,,0,matched,playbyplayv2,1611661323,201913|201919|202250|203411|204327,complete,playbyplay_inferred,202662|203823|203826|1627675|1628280,complete,playbyplay_inferred,1611661323,Connecticut Sun
Shot Chart Detail,1021800119,93,203826,Alyssa Thomas,1611661313,New York Liberty,1,3,31,Made Shot,Driving Layup Shot,2PT Field Goal,Restricted Area,Center(C),Less Than 8 ft.,3,24,27,1,1,20180711,CON,NYL,2018,102180011993,3890,validated,,0,matched,playbyplayv2,1611661323,201919|202250|203411|204320|204327,complete,playbyplay_inferred,202662|203823|203826|1627675|1628280,complete,playbyplay_inferred,1611661323,Connecticut Sun
Shot Chart Detail,1021800119,95,1627675,Courtney Williams,1611661313,New York Liberty,1,3,10,Missed Shot,Pullup Jump shot,2PT Field Goal,Mid-Range,Center(C),16-24 ft.,19,-48,184,1,0,20180711,CON,NYL,2018,102180011995,4100,validated,,0,matched,playbyplayv2,1611661323,201919|202250|203411|204320|204327,complete,playbyplay_inferred,202662|203823|203826|1627675|1628280,complete,playbyplay_inferred,1611661323,Connecticut Sun
Shot Chart Detail,1021800119,97,1628280,Brionna Jones,1611661313,New York Liberty,1,3,7,Missed Shot,Layup Shot,2PT Field Goal,In The Paint (Non-RA),Center(C),Less Than 8 ft.,4,-24,34,1,0,20180711,CON,NYL,2018,102180011997,4130,validated,,0,matched,playbyplayv2,1611661323,201919|202250|203411|204320|204327,complete,playbyplay_inferred,202662|203823|203826|1627675|1628280,complete,playbyplay_inferred,1611661323,Connecticut Sun
Shot Chart Detail,1021800119,100,1627675,Courtney Williams,1611661313,New York Liberty,1,3,3,Missed Shot,Layup Shot,2PT Field Goal,Restricted Area,Center(C),Less Than 8 ft.,3,2,38,1,0,20180711,CON,NYL,2018,1021800119100,4170,validated,,0,matched,playbyplayv2,1611661323,201919|202250|203411|204320|204327,complete,playbyplay_inferred,202662|203823|203826|1627675|1628280,complete,playbyplay_inferred,1611661323,Connecticut Sun
Shot Chart Detail,1021800119,105,1627675,Courtney Williams,1611661313,New York Liberty,1,2,35,Missed Shot,Jump Shot,2PT Field Goal,Mid-Range,Right Side(R),16-24 ft.,19,195,38,1,0,20180711,CON,NYL,2018,1021800119105,4450,validated,,0,matched,playbyplayv2,1611661323,201919|202250|203411|204320|204327,complete,playbyplay_inferred,202662|203823|203826|1627675|1628280,complete,playbyplay_inferred,1611661323,Connecticut Sun
Shot Chart Detail,1021800119,131,1628280,Brionna Jones,1611661313,New York Liberty,1,1,7,Made Shot,Cutting Layup Shot,2PT Field Goal,In The Paint (Non-RA),Center(C),Less Than 8 ft.,4,28,29,1,1,20180711,CON,NYL,2018,1021800119131,5330,validated,203015,1,matched,playbyplayv2,1611661323,202250|203411|204320|204327|1628915,complete,playbyplay_inferred,202662|203015|203826|1627675|1628280,complete,playbyplay_inferred,1611661323,Connecticut Sun
Shot Chart Detail,1021800119,135,203015,Shekinna Stricklen,1611661313,New York Liberty,1,0,52,Missed Shot,Jump Shot,2PT Field Goal,Mid-Range,Right Side(R),16-24 ft.,19,199,15,1,0,20180711,CON,NYL,2018,1021800119135,5480,validated,,0,matched,playbyplayv2,1611661323,202250|203411|204320|204327|1628915,complete,playbyplay_inferred,202662|203015|203826|1627675|1628280,complete,playbyplay_inferred,1611661323,Connecticut Sun
Shot Chart Detail,1021800119,137,1627675,Courtney Williams,1611661313,New York Liberty,1,0,47,Made Shot,Jump Shot,3PT Field Goal,Above the Break 3,Right Side Center(RC),24+ ft.,26,121,233,1,1,20180711,CON,NYL,2018,1021800119137,5530,validated,203015,1,matched,playbyplayv2,1611661323,202250|203411|204320|204327|1628915,complete,playbyplay_inferred,202662|203015|203826|1627675|1628280,complete,playbyplay_inferred,1611661323,Connecticut Sun
Shot Chart Detail,1021800119,141,1627675,Courtney Williams,1611661313,New York Liberty,1,0,19,Made Shot,Jump Shot,3PT Field Goal,Above the Break 3,Right Side Center(RC),24+ ft.,24,188,164,1,1,20180711,CON,NYL,2018,1021800119141,5810,validated,203826,1,matched,playbyplayv2,1611661323,202250|203411|204320|204327|1628915,complete,playbyplay_inferred,202662|203015|203826|1627675|1628280,complete,playbyplay_inferred,1611661323,Connecticut Sun
Shot Chart Detail,1021800119,148,203015,Shekinna Stricklen,1611661313,New York Liberty,1,0,0,Missed Shot,Jump Shot,3PT Field Goal,Above the Break 3,Right Side(R),24+ ft.,24,243,47,1,0,20180711,CON,NYL,2018,1021800119148,6000,validated,,0,matched,playbyplayv2,1611661323,202250|203411|204320|204327|1628915,complete,playbyplay_inferred,202662|203015|203826|1627675|1628280,complete,playbyplay_inferred,1611661323,Connecticut Sun
Shot Chart Detail,1021800119,156,1627675,Courtney Williams,1611661313,New York Liberty,2,9,30,Made Shot,Pullup Jump shot,2PT Field Goal,Mid-Range,Right Side Center(RC),16-24 ft.,17,58,168,1,1,20180711,CON,NYL,2018,1021800119156,6300,validated,,0,matched,playbyplayv2,1611661323,202250|203411|204320|204327|1628915,complete,playbyplay_inferred,203015|203406|203826|1627675|1628280,complete,playbyplay_inferred,1611661323,Connecticut Sun
Shot Chart Detail,1021800119,164,203406,Layshia Clarendon,1611661313,New York Liberty,2,8,59,Missed Shot,Layup Shot,2PT Field Goal,Restricted Area,Center(C),Less Than 8 ft.,3,-4,35,1,0,20180711,CON,NYL,2018,1021800119164,6610,validated,,0,matched,playbyplayv2,1611661323,203411|204320|204327|204329|1628915,complete,playbyplay_inferred,203015|203406|203826|1627675|1628280,complete,playbyplay_inferred,1611661323,Connecticut Sun
Shot Chart Detail,1021800119,166,203406,Layshia Clarendon,1611661313,New York Liberty,2,8,49,Made Shot,Pullup Jump shot,2PT Field Goal,In The Paint (Non-RA),Center(C),8-16 ft.,14,58,133,1,1,20180711,CON,NYL,2018,1021800119166,6710,validated,1627675,1,matched,playbyplayv2,1611661323,203411|204320|204327|204329|1628915,complete,playbyplay_inferred,203015|203406|203826|1627675|1628280,complete,playbyplay_inferred,1611661323,Connecticut Sun
Shot Chart Detail,1021800119,185,1627675,Courtney Williams,1611661313,New York Liberty,2,7,52,Missed Shot,Turnaround Jump Shot,2PT Field Goal,Mid-Range,Left Side Center(LC),16-24 ft.,16,-80,149,1,0,20180711,CON,NYL,2018,1021800119185,7280,validated,,0,matched,playbyplayv2,1611661323,202259|203829|204320|204329|1628915,complete,playbyplay_inferred,203015|203406|1627670|1627673|1627675,complete,playbyplay_inferred,1611661323,Connecticut Sun
Shot Chart Detail,1021800119,195,203406,Layshia Clarendon,1611661313,New York Liberty,2,7,20,Made Shot,Driving Layup Shot,2PT Field Goal,In The Paint (Non-RA),Center(C),Less Than 8 ft.,4,-36,25,1,1,20180711,CON,NYL,2018,1021800119195,7600,validated,1627675,1,matched,playbyplayv2,1611661323,202259|203829|204320|204329|1628915,complete,playbyplay_inferred,203015|203406|1627670|1627673|1627675,complete,playbyplay_inferred,1611661323,Connecticut Sun
Shot Chart Detail,1021800119,206,203015,Shekinna Stricklen,1611661313,New York Liberty,2,6,46,Missed Shot,Jump Shot,3PT Field Goal,Above the Break 3,Right Side(R),24+ ft.,23,225,59,1,0,20180711,CON,NYL,2018,1021800119206,7940,validated,,0,matched,playbyplayv2,1611661323,201919|202250|202259|203829|204329,complete,playbyplay_inferred,203015|203406|1627670|1627673|1627675,complete,playbyplay_inferred,1611661323,Connecticut Sun
Shot Chart Detail,1021800119,214,1627675,Courtney Williams,1611661313,New York Liberty,2,6,22,Made Shot,Pullup Jump shot,2PT Field Goal,Mid-Range,Right Side Center(RC),16-24 ft.,17,85,157,1,1,20180711,CON,NYL,2018,1021800119214,8180,validated,,0,matched,playbyplayv2,1611661323,201919|202250|202259|203829|204329,complete,playbyplay_inferred,203015|203406|1627670|1627673|1627675,complete,playbyplay_inferred,1611661323,Connecticut Sun
Shot Chart Detail,1021800119,224,203406,Layshia Clarendon,1611661313,New York Liberty,2,5,29,Made Shot,Driving Layup Shot,2PT Field Goal,Restricted Area,Center(C),Less Than 8 ft.,2,2,28,1,1,20180711,CON,NYL,2018,1021800119224,8710,validated,,0,matched,playbyplayv2,1611661323,201919|202250|202259|203829|204329,complete,playbyplay_inferred,203015|203406|1627670|1627673|1627675,complete,playbyplay_inferred,1611661323,Connecticut Sun
Shot Chart Detail,1021800119,235,1627673,Jonquel Jones,1611661313,New York Liberty,2,5,0,Missed Shot,Jump Shot,3PT Field Goal,Above the Break 3,Right Side Center(RC),24+ ft.,26,111,237,1,0,20180711,CON,NYL,2018,1021800119235,9000,validated,,0,matched,playbyplayv2,1611661323,201919|202250|202259|204327|204329,complete,playbyplay_inferred,203015|203406|203826|1627673|1627675,complete,playbyplay_inferred,1611661323,Connecticut Sun
Shot Chart Detail,1021800119,238,203826,Alyssa Thomas,1611661313,New York Liberty,2,4,29,Missed Shot,Driving Layup Shot,2PT Field Goal,In The Paint (Non-RA),Center(C),8-16 ft.,8,-32,81,1,0,20180711,CON,NYL,2018,1021800119238,9310,validated,,0,matched,playbyplayv2,1611661323,201919|202250|202259|204327|204329,complete,playbyplay_inferred,203015|203406|203826|1627673|1627675,complete,playbyplay_inferred,1611661323,Connecticut Sun
Shot Chart Detail,1021800119,242,203015,Shekinna Stricklen,1611661313,New York Liberty,2,4,12,Missed Shot,Jump Shot,3PT Field Goal,Above the Break 3,Left Side Center(LC),24+ ft.,27,-126,239,1,0,20180711,CON,NYL,2018,1021800119242,9480,validated,,0,matched,playbyplayv2,1611661323,201919|202250|202259|204327|204329,complete,playbyplay_inferred,203015|203406|203826|1627673|1627675,complete,playbyplay_inferred,1611661323,Connecticut Sun
Shot Chart Detail,1021800119,246,1627675,Courtney Williams,1611661313,New York Liberty,2,3,55,Made Shot,Layup Shot,2PT Field Goal,Restricted Area,Center(C),Less Than 8 ft.,2,10,20,1,1,20180711,CON,NYL,2018,1021800119246,9650,validated,203826,1,matched,playbyplayv2,1611661323,201919|202250|202259|204327|204329,complete,playbyplay_inferred,203015|203406|203826|1627673|1627675,complete,playbyplay_inferred,1611661323,Connecticut Sun
Shot Chart Detail,1021800119,270,202662,Jasmine Thomas,1611661313,New York Liberty,2,2,55,Missed Shot,Turnaround Jump Shot,2PT Field Goal,Mid-Range,Right Side Center(RC),16-24 ft.,18,117,149,1,0,20180711,CON,NYL,2018,1021800119270,10250,validated,,0,matched,playbyplayv2,1611661323,201913|201919|202250|202259|204327,complete,playbyplay_inferred,202662|203823|203826|204335|1627671,complete,playbyplay_inferred,1611661323,Connecticut Sun
Shot Chart Detail,1021800119,278,203823,Chiney Ogwumike,1611661313,New York Liberty,2,2,24,Made Shot,Jump Bank Shot,2PT Field Goal,In The Paint (Non-RA),Left Side(L),8-16 ft.,8,-48,66,1,1,20180711,CON,NYL,2018,1021800119278,10560,validated,202662,1,matched,playbyplayv2,1611661323,201913|201919|202250|202259|204327,complete,playbyplay_inferred,202662|203823|203826|204335|1627671,complete,playbyplay_inferred,1611661323,Connecticut Sun
Shot Chart Detail,1021800119,286,204335,Betnijah Laney-Hamilton,1611661313,New York Liberty,2,1,46,Missed Shot,Jump Shot,2PT Field Goal,Mid-Range,Left Side(L),8-16 ft.,15,-147,43,1,0,20180711,CON,NYL,2018,1021800119286,10940,validated,,0,matched,playbyplayv2,1611661323,201913|201919|202250|202259|204327,complete,playbyplay_inferred,203406|203823|203826|204335|1627671,complete,playbyplay_inferred,1611661323,Connecticut Sun
Shot Chart Detail,1021800119,293,203823,Chiney Ogwumike,1611661313,New York Liberty,2,1,18,Made Shot,Layup Shot,2PT Field Goal,Restricted Area,Center(C),Less Than 8 ft.,2,17,20,1,1,20180711,CON,NYL,2018,1021800119293,11220,validated,203826,1,matched,playbyplayv2,1611661323,201913|201919|202250|202259|204327,complete,playbyplay_inferred,203406|203823|203826|1627671|1627675,complete,playbyplay_inferred,1611661323,Connecticut Sun
Shot Chart Detail,1021800119,297,1627671,Rachel Banham,1611661313,New York Liberty,2,0,51,Made Shot,Jump Shot,3PT Field Goal,Above the Break 3,Right Side Center(RC),24+ ft.,26,197,170,1,1,20180711,CON,NYL,2018,1021800119297,11490,validated,1627675,1,matched,playbyplayv2,1611661323,201913|201919|202250|202259|204327,complete,playbyplay_inferred,203406|203823|203826|1627671|1627675,complete,playbyplay_inferred,1611661323,Connecticut Sun
Shot Chart Detail,1021800119,301,1627675,Courtney Williams,1611661313,New York Liberty,2,0,22,Missed Shot,Pullup Jump shot,2PT Field Goal,Mid-Range,Center(C),16-24 ft.,19,-45,188,1,0,20180711,CON,NYL,2018,1021800119301,11780,validated,,0,matched,playbyplayv2,1611661323,201913|201919|202250|202259|204327,complete,playbyplay_inferred,203406|203823|203826|1627671|1627675,complete,playbyplay_inferred,1611661323,Connecticut Sun
Shot Chart Detail,1021800119,315,202662,Jasmine Thomas,1611661313,New York Liberty,3,9,21,Missed Shot,Pullup Jump shot,2PT Field Goal,Mid-Range,Left Side Center(LC),16-24 ft.,20,-131,162,1,0,20180711,CON,NYL,2018,1021800119315,12390,validated,,0,matched,playbyplayv2,1611661323,201913|201919|202250|202259|203829,complete,playbyplay_inferred,202662|203823|203826|1627671|1627673,complete,playbyplay_inferred,1611661323,Connecticut Sun
Shot Chart Detail,1021800119,340,1627673,Jonquel Jones,1611661313,New York Liberty,3,7,51,Missed Shot,Jump Shot,2PT Field Goal,Mid-Range,Left Side Center(LC),16-24 ft.,21,-119,181,1,0,20180711,CON,NYL,2018,1021800119340,13290,validated,,0,matched,playbyplayv2,1611661323,201913|201919|202250|202259|203829,complete,playbyplay_inferred,202662|203823|203826|1627671|1627673,complete,playbyplay_inferred,1611661323,Connecticut Sun
Shot Chart Detail,1021800119,402,202662,Jasmine Thomas,1611661313,New York Liberty,3,7,4,Made Shot,Putback Layup Shot,2PT Field Goal,Restricted Area,Center(C),Less Than 8 ft.,3,-16,34,1,1,20180711,CON,NYL,2018,1021800119402,13760,validated,,0,matched,playbyplayv2,1611661323,201913|201919|202250|202259|203829,complete,playbyplay_inferred,202662|203823|203826|1627671|1627673,complete,playbyplay_inferred,1611661323,Connecticut Sun
Shot Chart Detail,1021800119,352,203826,Alyssa Thomas,1611661313,New York Liberty,3,7,4,Missed Shot,Layup Shot,2PT Field Goal,Restricted Area,Center(C),Less Than 8 ft.,2,0,23,1,0,20180711,CON,NYL,2018,1021800119352,13760,validated,,0,matched,playbyplayv2,1611661323,201913|201919|202250|202259|203829,complete,playbyplay_inferred,202662|203823|203826|1627671|1627673,complete,playbyplay_inferred,1611661323,Connecticut Sun
Shot Chart Detail,1021800119,360,1627673,Jonquel Jones,1611661313,New York Liberty,3,6,25,Missed Shot,Layup Shot,2PT Field Goal,In The Paint (Non-RA),Center(C),Less Than 8 ft.,4,-46,-6,1,0,20180711,CON,NYL,2018,1021800119360,14150,validated,,0,matched,playbyplayv2,1611661323,201913|202250|202259|204327|1628915,complete,playbyplay_inferred,202662|203823|203826|1627671|1627673,complete,playbyplay_inferred,1611661323,Connecticut Sun
Shot Chart Detail,1021800119,367,1627671,Rachel Banham,1611661313,New York Liberty,3,5,55,Missed Shot,Jump Shot,3PT Field Goal,Above the Break 3,Left Side Center(LC),24+ ft.,24,-211,115,1,0,20180711,CON,NYL,2018,1021800119367,14450,validated,,0,matched,playbyplayv2,1611661323,201913|202250|202259|204327|1628915,complete,playbyplay_inferred,202662|203823|203826|1627671|1627673,complete,playbyplay_inferred,1611661323,Connecticut Sun
Shot Chart Detail,1021800119,373,202662,Jasmine Thomas,1611661313,New York Liberty,3,5,31,Missed Shot,Jump Shot,3PT Field Goal,Above the Break 3,Right Side Center(RC),16-24 ft.,23,75,222,1,0,20180711,CON,NYL,2018,1021800119373,14690,validated,,0,matched,playbyplayv2,1611661323,201913|202250|202259|204327|1628915,complete,playbyplay_inferred,202662|203823|203826|1627671|1627673,complete,playbyplay_inferred,1611661323,Connecticut Sun
Shot Chart Detail,1021800119,393,203823,Chiney Ogwumike,1611661313,New York Liberty,3,4,19,Missed Shot,Layup Shot,2PT Field Goal,Restricted Area,Center(C),Less Than 8 ft.,3,-37,4,1,0,20180711,CON,NYL,2018,1021800119393,15410,validated,,0,matched,playbyplayv2,1611661323,201913|202250|203829|204327|1628915,complete,playbyplay_inferred,203406|203823|203826|204335|1627675,complete,playbyplay_inferred,1611661323,Connecticut Sun
Shot Chart Detail,1021800119,403,203826,Alyssa Thomas,1611661313,New York Liberty,3,3,36,Missed Shot,Driving Floating Jump Shot,2PT Field Goal,In The Paint (Non-RA),Center(C),Less Than 8 ft.,4,-2,48,1,0,20180711,CON,NYL,2018,1021800119403,15840,validated,,0,matched,playbyplayv2,1611661323,201913|202250|203829|204327|1628915,complete,playbyplay_inferred,203406|203823|203826|204335|1627675,complete,playbyplay_inferred,1611661323,Connecticut Sun
Shot Chart Detail,1021800119,409,1627675,Courtney Williams,1611661313,New York Liberty,3,3,8,Made Shot,Pullup Jump shot,2PT Field Goal,Mid-Range,Left Side(L),8-16 ft.,10,-97,44,1,1,20180711,CON,NYL,2018,1021800119409,16120,validated,,0,matched,playbyplayv2,1611661323,201913|202250|203829|204327|1628915,complete,playbyplay_inferred,203406|203823|203826|204335|1627675,complete,playbyplay_inferred,1611661323,Connecticut Sun
Shot Chart Detail,1021800119,431,1627675,Courtney Williams,1611661313,New York Liberty,3,1,27,Missed Shot,Jump Shot,3PT Field Goal,Above the Break 3,Left Side Center(LC),24+ ft.,24,-132,210,1,0,20180711,CON,NYL,2018,1021800119431,17130,validated,,0,matched,playbyplayv2,1611661323,202250|203829|204320|204327|1628915,complete,playbyplay_inferred,203015|203406|203823|203826|1627675,complete,playbyplay_inferred,1611661323,Connecticut Sun
Shot Chart Detail,1021800119,437,1627675,Courtney Williams,1611661313,New York Liberty,3,1,7,Made Shot,Jump Shot,2PT Field Goal,Mid-Range,Right Side(R),8-16 ft.,13,128,52,1,1,20180711,CON,NYL,2018,1021800119437,17330,validated,203826,1,matched,playbyplayv2,1611661323,202250|203829|204320|204327|1628915,complete,playbyplay_inferred,203015|203406|203823|203826|1627675,complete,playbyplay_inferred,1611661323,Connecticut Sun
Shot Chart Detail,1021800119,439,203823,Chiney Ogwumike,1611661313,New York Liberty,3,0,31,Missed Shot,Pullup Jump shot,2PT Field Goal,In The Paint (Non-RA),Center(C),Less Than 8 ft.,6,62,27,1,0,20180711,CON,NYL,2018,1021800119439,17690,validated,,0,matched,playbyplayv2,1611661323,202250|203829|204320|204327|1628915,complete,playbyplay_inferred,203015|203406|203823|203826|1627675,complete,playbyplay_inferred,1611661323,Connecticut Sun
Shot Chart Detail,1021800119,443,1627675,Courtney Williams,1611661313,New York Liberty,3,0,2,Missed Shot,Jump Shot,2PT Field Goal,Mid-Range,Right Side Center(RC),16-24 ft.,17,91,147,1,0,20180711,CON,NYL,2018,1021800119443,17980,validated,,0,matched,playbyplayv2,1611661323,202250|203829|204320|204327|1628915,complete,playbyplay_inferred,203015|203406|203823|203826|1627675,complete,playbyplay_inferred,1611661323,Connecticut Sun
Shot Chart Detail,1021800119,461,203823,Chiney Ogwumike,1611661313,New York Liberty,4,9,48,Missed Shot,Layup Shot,2PT Field Goal,In The Paint (Non-RA),Center(C),Less Than 8 ft.,7,54,53,1,0,20180711,CON,NYL,2018,1021800119461,18120,validated,,0,matched,playbyplayv2,1611661323,201919|202250|202259|203829|204320,complete,playbyplay_inferred,203015|203406|203823|203826|1627675,complete,playbyplay_inferred,1611661323,Connecticut Sun
Shot Chart Detail,1021800119,465,203823,Chiney Ogwumike,1611661313,New York Liberty,4,9,21,Made Shot,Driving Layup Shot,2PT Field Goal,Restricted Area,Center(C),Less Than 8 ft.,3,20,25,1,1,20180711,CON,NYL,2018,1021800119465,18390,validated,203406,1,matched,playbyplayv2,1611661323,201919|202250|202259|203829|204320,complete,playbyplay_inferred,203015|203406|203823|203826|1627675,complete,playbyplay_inferred,1611661323,Connecticut Sun
Shot Chart Detail,1021800119,489,203823,Chiney Ogwumike,1611661313,New York Liberty,4,8,10,Made Shot,Driving Layup Shot,2PT Field Goal,Restricted Area,Center(C),Less Than 8 ft.,1,-9,5,1,1,20180711,CON,NYL,2018,1021800119489,19100,validated,202662,1,matched,playbyplayv2,1611661323,202250|202259|204320|204327|1628915,complete,playbyplay_inferred,202662|203823|203826|1627675|1628882,complete,playbyplay_inferred,1611661323,Connecticut Sun
Shot Chart Detail,1021800119,495,203823,Chiney Ogwumike,1611661313,New York Liberty,4,7,33,Made Shot,Cutting Layup Shot,2PT Field Goal,Restricted Area,Center(C),Less Than 8 ft.,1,3,12,1,1,20180711,CON,NYL,2018,1021800119495,19470,validated,1627675,1,matched,playbyplayv2,1611661323,202250|202259|204320|204327|1628915,complete,playbyplay_inferred,202662|203823|203826|1627675|1628882,complete,playbyplay_inferred,1611661323,Connecticut Sun
Shot Chart Detail,1021800119,501,203826,Alyssa Thomas,1611661313,New York Liberty,4,7,3,Made Shot,Pullup Jump shot,2PT Field Goal,In The Paint (Non-RA),Right Side(R),8-16 ft.,10,57,85,1,1,20180711,CON,NYL,2018,1021800119501,19770,validated,1627675,1,matched,playbyplayv2,1611661323,202250|202259|204320|204327|1628915,complete,playbyplay_inferred,202662|203823|203826|1627675|1628882,complete,playbyplay_inferred,1611661323,Connecticut Sun
Shot Chart Detail,1021800119,504,202662,Jasmine Thomas,1611661313,New York Liberty,4,6,19,Made Shot,Driving Finger Roll Layup Shot,2PT Field Goal,Restricted Area,Center(C),Less Than 8 ft.,1,-9,9,1,1,20180711,CON,NYL,2018,1021800119504,20210,validated,,0,matched,playbyplayv2,1611661323,202250|202259|204320|204327|1628915,complete,playbyplay_inferred,202662|203823|203826|1627675|1628882,complete,playbyplay_inferred,1611661323,Connecticut Sun
Shot Chart Detail,1021800119,513,1627675,Courtney Williams,1611661313,New York Liberty,4,5,38,Missed Shot,Pullup Jump shot,2PT Field Goal,Mid-Range,Right Side(R),16-24 ft.,17,145,98,1,0,20180711,CON,NYL,2018,1021800119513,20620,validated,,0,matched,playbyplayv2,1611661323,201913|201919|202250|202259|204327,complete,playbyplay_inferred,202662|203823|203826|1627675|1628882,complete,playbyplay_inferred,1611661323,Connecticut Sun
Shot Chart Detail,1021800119,536,202662,Jasmine Thomas,1611661313,New York Liberty,4,4,2,Made Shot,Driving Layup Shot,2PT Field Goal,Restricted Area,Center(C),Less Than 8 ft.,1,0,15,1,1,20180711,CON,NYL,2018,1021800119536,21580,validated,,0,matched,playbyplayv2,1611661323,201913|201919|202250|202259|204327,complete,playbyplay_inferred,202662|203823|203826|1627671|1627675,complete,playbyplay_inferred,1611661323,Connecticut Sun
Shot Chart Detail,1021800119,540,202662,Jasmine Thomas,1611661313,New York Liberty,4,3,33,Missed Shot,Jump Shot,3PT Field Goal,Above the Break 3,Left Side Center(LC),24+ ft.,25,-133,215,1,0,20180711,CON,NYL,2018,1021800119540,21870,validated,,0,matched,playbyplayv2,1611661323,201913|201919|202250|202259|203829,complete,playbyplay_inferred,202662|203823|203826|1627671|1627675,complete,playbyplay_inferred,1611661323,Connecticut Sun
Shot Chart Detail,1021800119,542,203823,Chiney Ogwumike,1611661313,New York Liberty,4,3,25,Made Shot,Reverse Layup Shot,2PT Field Goal,Restricted Area,Center(C),Less Than 8 ft.,0,-2,4,1,1,20180711,CON,NYL,2018,1021800119542,21950,validated,1627671,1,matched,playbyplayv2,1611661323,201913|201919|202250|202259|203829,complete,playbyplay_inferred,202662|203823|203826|1627671|1627675,complete,playbyplay_inferred,1611661323,Connecticut Sun
Shot Chart Detail,1021800119,549,1627671,Rachel Banham,1611661313,New York Liberty,4,2,50,Made Shot,Jump Shot,3PT Field Goal,Above the Break 3,Left Side Center(LC),24+ ft.,23,-91,220,1,1,20180711,CON,NYL,2018,1021800119549,22300,validated,203823,1,matched,playbyplayv2,1611661323,201919|202250|202259|203829|204329,complete,playbyplay_inferred,202662|203823|203826|1627671|1627675,complete,playbyplay_inferred,1611661323,Connecticut Sun
Shot Chart Detail,1021800119,552,1627675,Courtney Williams,1611661313,New York Liberty,4,2,21,Missed Shot,Jump Shot,2PT Field Goal,Mid-Range,Left Side(L),16-24 ft.,17,-158,75,1,0,20180711,CON,NYL,2018,1021800119552,22590,validated,,0,matched,playbyplayv2,1611661323,201919|202250|202259|203829|204329,complete,playbyplay_inferred,202662|203823|203826|1627671|1627675,complete,playbyplay_inferred,1611661323,Connecticut Sun
Shot Chart Detail,1021800119,561,203826,Alyssa Thomas,1611661313,New York Liberty,4,1,50,Missed Shot,Layup Shot,2PT Field Goal,Restricted Area,Center(C),Less Than 8 ft.,2,-24,0,1,0,20180711,CON,NYL,2018,1021800119561,22900,validated,,0,matched,playbyplayv2,1611661323,201919|202250|202259|203829|204329,complete,playbyplay_inferred,202662|203823|203826|1627671|1627675,complete,playbyplay_inferred,1611661323,Connecticut Sun
Shot Chart Detail,1021800119,568,202662,Jasmine Thomas,1611661313,New York Liberty,4,1,7,Made Shot,Driving Finger Roll Layup Shot,2PT Field Goal,Restricted Area,Center(C),Less Than 8 ft.,1,0,10,1,1,20180711,CON,NYL,2018,1021800119568,23330,validated,,0,matched,playbyplayv2,1611661323,201919|202250|202259|203829|204329,complete,playbyplay_inferred,202662|203823|203826|1627671|1627675,complete,playbyplay_inferred,1611661323,Connecticut Sun
Shot Chart Detail,1021800119,588,202662,Jasmine Thomas,1611661313,New York Liberty,4,0,4,Missed Shot,Step Back Jump shot,3PT Field Goal,Above the Break 3,Right Side Center(RC),24+ ft.,24,120,211,1,0,20180711,CON,NYL,2018,1021800119588,23960,validated,,0,matched,playbyplayv2,1611661323,201919|202250|203829|204327|204329,complete,playbyplay_inferred,202662|203823|203826|1627671|1627675,complete,playbyplay_inferred,1611661323,Connecticut Sun
Shot Chart Detail,1021800129,9,204323,Cheyenne Parker-Tyus,1611661313,New York Liberty,1,9,13,Missed Shot,Layup Shot,2PT Field Goal,Restricted Area,Center(C),Less Than 8 ft.,1,13,2,1,0,20180715,NYL,CHI,2018,10218001299,470,validated,,0,matched,playbyplayv2,1611661329,201913|201919|202250|202259|204327,complete,playbyplay_inferred,201516|202664|203828|204323|1628890,complete,playbyplay_inferred,1611661329,Chicago Sky
Shot Chart Detail,1021800129,25,204323,Cheyenne Parker-Tyus,1611661313,New York Liberty,1,7,32,Made Shot,Layup Shot,2PT Field Goal,Restricted Area,Center(C),Less Than 8 ft.,0,7,-5,1,1,20180715,NYL,CHI,2018,102180012925,1480,validated,1628890,1,matched,playbyplayv2,1611661329,201913|201919|202250|202259|204327,complete,playbyplay_inferred,201516|202664|203828|204323|1628890,complete,playbyplay_inferred,1611661329,Chicago Sky
Shot Chart Detail,1021800129,29,1628890,Diamond DeShields,1611661313,New York Liberty,1,7,9,Made Shot,Layup Shot,2PT Field Goal,Restricted Area,Center(C),Less Than 8 ft.,0,0,2,1,1,20180715,NYL,CHI,2018,102180012929,1710,validated,202664,1,matched,playbyplayv2,1611661329,201913|201919|202250|202259|204327,complete,playbyplay_inferred,201516|202664|203828|204323|1628890,complete,playbyplay_inferred,1611661329,Chicago Sky
Shot Chart Detail,1021800129,41,1628890,Diamond DeShields,1611661313,New York Liberty,1,6,11,Missed Shot,Jump Shot,3PT Field Goal,Above the Break 3,Left Side Center(LC),24+ ft.,24,-165,180,1,0,20180715,NYL,CHI,2018,102180012941,2290,validated,,0,matched,playbyplayv2,1611661329,201913|201919|202250|202259|204327,complete,playbyplay_inferred,201516|202664|203828|204323|1628890,complete,playbyplay_inferred,1611661329,Chicago Sky
Shot Chart Detail,1021800129,49,201516,Allie Quigley,1611661313,New York Liberty,1,5,47,Missed Shot,Jump Shot,3PT Field Goal,Above the Break 3,Left Side Center(LC),16-24 ft.,23,-179,147,1,0,20180715,NYL,CHI,2018,102180012949,2530,validated,,0,matched,playbyplayv2,1611661329,201913|201919|202250|202259|204327,complete,playbyplay_inferred,201516|202664|203828|1628890|1628931,complete,playbyplay_inferred,1611661329,Chicago Sky
Shot Chart Detail,1021800129,56,1628890,Diamond DeShields,1611661313,New York Liberty,1,5,8,Missed Shot,Layup Shot,2PT Field Goal,Restricted Area,Center(C),Less Than 8 ft.,1,-1,11,1,0,20180715,NYL,CHI,2018,102180012956,2920,validated,,0,matched,playbyplayv2,1611661329,201913|201919|202250|202259|204327,complete,playbyplay_inferred,201516|202664|203828|1628890|1628931,complete,playbyplay_inferred,1611661329,Chicago Sky
Shot Chart Detail,1021800129,64,201516,Allie Quigley,1611661313,New York Liberty,1,4,45,Made Shot,Jump Shot,2PT Field Goal,Mid-Range,Left Side(L),16-24 ft.,17,-179,7,1,1,20180715,NYL,CHI,2018,102180012964,3150,validated,202664,1,matched,playbyplayv2,1611661329,201913|201919|202250|203829|204327,complete,playbyplay_inferred,201516|202664|203828|1628890|1628931,complete,playbyplay_inferred,1611661329,Chicago Sky
Shot Chart Detail,1021800129,73,202664,Courtney Vandersloot,1611661313,New York Liberty,1,3,54,Made Shot,Cutting Layup Shot,2PT Field Goal,Restricted Area,Center(C),Less Than 8 ft.,1,9,8,1,1,20180715,NYL,CHI,2018,102180012973,3660,validated,203828,1,matched,playbyplayv2,1611661329,201913|201919|202250|203829|204327,complete,playbyplay_inferred,201516|202664|203828|1628890|1628931,complete,playbyplay_inferred,1611661329,Chicago Sky
Shot Chart Detail,1021800129,76,203828,Stefanie Dolson,1611661313,New York Liberty,1,3,20,Made Shot,Layup Shot,2PT Field Goal,Restricted Area,Center(C),Less Than 8 ft.,1,10,3,1,1,20180715,NYL,CHI,2018,102180012976,4000,validated,1628931,1,matched,playbyplayv2,1611661329,201913|201919|202250|203829|204327,complete,playbyplay_inferred,201516|202664|203828|1628890|1628931,complete,playbyplay_inferred,1611661329,Chicago Sky
Shot Chart Detail,1021800129,92,1628931,Gabby Williams,1611661313,New York Liberty,1,2,14,Missed Shot,Layup Shot,2PT Field Goal,Restricted Area,Center(C),Less Than 8 ft.,1,-11,14,1,0,20180715,NYL,CHI,2018,102180012992,4660,validated,,0,matched,playbyplayv2,1611661329,201913|202250|203829|204327|1628915,complete,playbyplay_inferred,201516|202664|203828|1628890|1628931,complete,playbyplay_inferred,1611661329,Chicago Sky
Shot Chart Detail,1021800129,101,1628890,Diamond DeShields,1611661313,New York Liberty,1,1,47,Missed Shot,Jump Shot,3PT Field Goal,Left Corner 3,Left Side(L),24+ ft.,23,-231,-15,1,0,20180715,NYL,CHI,2018,1021800129101,4930,validated,,0,matched,playbyplayv2,1611661329,201913|202259|203829|204320|1628915,complete,playbyplay_inferred,201516|202664|203828|1628890|1628931,complete,playbyplay_inferred,1611661329,Chicago Sky
Shot Chart Detail,1021800129,107,201516,Allie Quigley,1611661313,New York Liberty,1,1,15,Made Shot,Jump Shot,2PT Field Goal,Mid-Range,Center(C),16-24 ft.,16,-24,162,1,1,20180715,NYL,CHI,2018,1021800129107,5250,validated,203828,1,matched,playbyplayv2,1611661329,201913|202259|203829|204320|1628915,complete,playbyplay_inferred,201516|202664|203828|1628890|1628931,complete,playbyplay_inferred,1611661329,Chicago Sky
Shot Chart Detail,1021800129,109,1628931,Gabby Williams,1611661313,New York Liberty,1,0,42,Missed Shot,Jump Shot,3PT Field Goal,Above the Break 3,Right Side(R),16-24 ft.,22,189,122,1,0,20180715,NYL,CHI,2018,1021800129109,5580,validated,,0,matched,playbyplayv2,1611661329,201913|202259|203829|204320|1628915,complete,playbyplay_inferred,201516|202664|203828|1628890|1628931,complete,playbyplay_inferred,1611661329,Chicago Sky
Shot Chart Detail,1021800129,111,203828,Stefanie Dolson,1611661313,New York Liberty,1,0,41,Made Shot,Putback Layup Shot,2PT Field Goal,Restricted Area,Center(C),Less Than 8 ft.,1,-1,13,1,1,20180715,NYL,CHI,2018,1021800129111,5590,validated,,0,matched,playbyplayv2,1611661329,201913|202259|203829|204320|1628915,complete,playbyplay_inferred,201516|202664|203828|1628890|1628931,complete,playbyplay_inferred,1611661329,Chicago Sky
Shot Chart Detail,1021800129,115,203828,Stefanie Dolson,1611661313,New York Liberty,1,0,12,Made Shot,Jump Shot,2PT Field Goal,Mid-Range,Right Side Center(RC),16-24 ft.,19,85,173,1,1,20180715,NYL,CHI,2018,1021800129115,5880,validated,202664,1,matched,playbyplayv2,1611661329,201913|202259|203829|204320|1628915,complete,playbyplay_inferred,201516|202664|203828|1628890|1628931,complete,playbyplay_inferred,1611661329,Chicago Sky
Shot Chart Detail,1021800129,133,1628890,Diamond DeShields,1611661313,New York Liberty,2,9,5,Made Shot,Jump Shot,3PT Field Goal,Above the Break 3,Right Side(R),16-24 ft.,22,203,100,1,1,20180715,NYL,CHI,2018,1021800129133,6550,validated,202664,1,matched,playbyplayv2,1611661329,202259|203829|204320|204329|1628915,complete,playbyplay_inferred,202664|204323|1627674|1628268|1628890,complete,playbyplay_inferred,1611661329,Chicago Sky
Shot Chart Detail,1021800129,137,202664,Courtney Vandersloot,1611661313,New York Liberty,2,8,19,Missed Shot,Jump Shot,3PT Field Goal,Above the Break 3,Right Side Center(RC),16-24 ft.,22,164,160,1,0,20180715,NYL,CHI,2018,1021800129137,7010,validated,,0,matched,playbyplayv2,1611661329,202259|203829|204320|204329|1628915,complete,playbyplay_inferred,202664|204323|1627674|1628268|1628890,complete,playbyplay_inferred,1611661329,Chicago Sky
Shot Chart Detail,1021800129,139,1628268,Alaina Coates,1611661313,New York Liberty,2,8,15,Made Shot,Putback Layup Shot,2PT Field Goal,Restricted Area,Center(C),Less Than 8 ft.,0,2,0,1,1,20180715,NYL,CHI,2018,1021800129139,7050,validated,,0,matched,playbyplayv2,1611661329,202259|203829|204320|204329|1628915,complete,playbyplay_inferred,202664|204323|1627674|1628268|1628890,complete,playbyplay_inferred,1611661329,Chicago Sky
Shot Chart Detail,1021800129,142,1628890,Diamond DeShields,1611661313,New York Liberty,2,7,55,Made Shot,Jump Shot,3PT Field Goal,Above the Break 3,Right Side Center(RC),24+ ft.,25,137,210,1,1,20180715,NYL,CHI,2018,1021800129142,7250,validated,202664,1,matched,playbyplayv2,1611661329,202259|203829|204320|204329|1628915,complete,playbyplay_inferred,202664|204323|1627674|1628268|1628890,complete,playbyplay_inferred,1611661329,Chicago Sky
Shot Chart Detail,1021800129,155,1627674,Kahleah Copper,1611661313,New York Liberty,2,7,12,Made Shot,Jump Shot,2PT Field Goal,Mid-Range,Center(C),16-24 ft.,19,-51,192,1,1,20180715,NYL,CHI,2018,1021800129155,7680,validated,,0,matched,playbyplayv2,1611661329,202250|202259|203829|204320|1628915,complete,playbyplay_inferred,201516|204323|1627674|1628268|1628897,complete,playbyplay_inferred,1611661329,Chicago Sky
Shot Chart Detail,1021800129,185,203828,Stefanie Dolson,1611661313,New York Liberty,2,5,46,Made Shot,Jump Shot,3PT Field Goal,Above the Break 3,Left Side Center(LC),24+ ft.,23,-134,199,1,1,20180715,NYL,CHI,2018,1021800129185,8540,validated,1628897,1,matched,playbyplayv2,1611661329,201919|202250|203411|204320|204327,complete,playbyplay_inferred,201516|203828|1627674|1628268|1628897,complete,playbyplay_inferred,1611661329,Chicago Sky
Shot Chart Detail,1021800129,206,201516,Allie Quigley,1611661313,New York Liberty,2,4,30,Made Shot,Jump Shot,2PT Field Goal,Mid-Range,Right Side Center(RC),16-24 ft.,21,122,174,1,1,20180715,NYL,CHI,2018,1021800129206,9300,validated,,0,matched,playbyplayv2,1611661329,201919|202250|203411|204320|204327,complete,playbyplay_inferred,201516|202664|203828|204323|1628890,complete,playbyplay_inferred,1611661329,Chicago Sky
Shot Chart Detail,1021800129,209,1628890,Diamond DeShields,1611661313,New York Liberty,2,4,5,Missed Shot,Jump Shot,3PT Field Goal,Above the Break 3,Right Side Center(RC),16-24 ft.,23,127,200,1,0,20180715,NYL,CHI,2018,1021800129209,9550,validated,,0,matched,playbyplayv2,1611661329,201919|202250|203411|204320|204327,complete,playbyplay_inferred,201516|202664|203828|204323|1628890,complete,playbyplay_inferred,1611661329,Chicago Sky
Shot Chart Detail,1021800129,211,204323,Cheyenne Parker-Tyus,1611661313,New York Liberty,2,4,1,Missed Shot,Layup Shot,2PT Field Goal,Restricted Area,Center(C),Less Than 8 ft.,2,-18,14,1,0,20180715,NYL,CHI,2018,1021800129211,9590,validated,,0,matched,playbyplayv2,1611661329,201919|202250|203411|204320|204327,complete,playbyplay_inferred,201516|202664|203828|204323|1628890,complete,playbyplay_inferred,1611661329,Chicago Sky
Shot Chart Detail,1021800129,213,202664,Courtney Vandersloot,1611661313,New York Liberty,2,3,57,Missed Shot,Jump Shot,3PT Field Goal,Above the Break 3,Left Side Center(LC),24+ ft.,24,-197,152,1,0,20180715,NYL,CHI,2018,1021800129213,9630,validated,,0,matched,playbyplayv2,1611661329,201919|202250|203411|204320|204327,complete,playbyplay_inferred,201516|202664|203828|204323|1628890,complete,playbyplay_inferred,1611661329,Chicago Sky
Shot Chart Detail,1021800129,221,204323,Cheyenne Parker-Tyus,1611661313,New York Liberty,2,3,41,Made Shot,Jump Shot,3PT Field Goal,Above the Break 3,Right Side Center(RC),16-24 ft.,23,131,195,1,1,20180715,NYL,CHI,2018,1021800129221,9790,validated,203828,1,matched,playbyplayv2,1611661329,201919|202250|203411|204327|204329,complete,playbyplay_inferred,201516|202664|203828|204323|1628890,complete,playbyplay_inferred,1611661329,Chicago Sky
Shot Chart Detail,1021800129,225,203828,Stefanie Dolson,1611661313,New York Liberty,2,2,59,Missed Shot,Jump Shot,3PT Field Goal,Above the Break 3,Right Side Center(RC),24+ ft.,23,99,217,1,0,20180715,NYL,CHI,2018,1021800129225,10210,validated,,0,matched,playbyplayv2,1611661329,201919|202250|203411|204327|204329,complete,playbyplay_inferred,201516|202664|203828|204323|1628890,complete,playbyplay_inferred,1611661329,Chicago Sky
Shot Chart Detail,1021800129,227,202664,Courtney Vandersloot,1611661313,New York Liberty,2,2,55,Made Shot,Jump Shot,3PT Field Goal,Above the Break 3,Left Side Center(LC),24+ ft.,24,-160,186,1,1,20180715,NYL,CHI,2018,1021800129227,10250,validated,1628890,1,matched,playbyplayv2,1611661329,201919|202250|203411|204327|204329,complete,playbyplay_inferred,201516|202664|203828|204323|1628890,complete,playbyplay_inferred,1611661329,Chicago Sky
Shot Chart Detail,1021800129,230,203828,Stefanie Dolson,1611661313,New York Liberty,2,2,31,Missed Shot,Layup Shot,2PT Field Goal,Restricted Area,Center(C),Less Than 8 ft.,1,19,-4,1,0,20180715,NYL,CHI,2018,1021800129230,10490,validated,,0,matched,playbyplayv2,1611661329,201919|202250|203411|204327|204329,complete,playbyplay_inferred,201516|202664|203828|204323|1628890,complete,playbyplay_inferred,1611661329,Chicago Sky
Shot Chart Detail,1021800129,235,201516,Allie Quigley,1611661313,New York Liberty,2,2,3,Missed Shot,Jump Shot,2PT Field Goal,In The Paint (Non-RA),Center(C),8-16 ft.,10,-18,101,1,0,20180715,NYL,CHI,2018,1021800129235,10770,validated,,0,matched,playbyplayv2,1611661329,201919|202250|203411|204327|204329,complete,playbyplay_inferred,201516|202664|203828|204323|1628890,complete,playbyplay_inferred,1611661329,Chicago Sky
Shot Chart Detail,1021800129,237,202664,Courtney Vandersloot,1611661313,New York Liberty,2,1,56,Missed Shot,Jump Shot,3PT Field Goal,Above the Break 3,Right Side(R),16-24 ft.,22,213,73,1,0,20180715,NYL,CHI,2018,1021800129237,10840,validated,,0,matched,playbyplayv2,1611661329,201919|202250|203411|204327|204329,complete,playbyplay_inferred,201516|202664|203828|204323|1628890,complete,playbyplay_inferred,1611661329,Chicago Sky
Shot Chart Detail,1021800129,239,204323,Cheyenne Parker-Tyus,1611661313,New York Liberty,2,1,53,Made Shot,Putback Layup Shot,2PT Field Goal,Restricted Area,Center(C),Less Than 8 ft.,0,0,-2,1,1,20180715,NYL,CHI,2018,1021800129239,10870,validated,,0,matched,playbyplayv2,1611661329,201919|202250|203411|204327|204329,complete,playbyplay_inferred,201516|202664|203828|204323|1628890,complete,playbyplay_inferred,1611661329,Chicago Sky
Shot Chart Detail,1021800129,245,201516,Allie Quigley,1611661313,New York Liberty,2,1,29,Made Shot,Jump Shot,2PT Field Goal,Mid-Range,Center(C),16-24 ft.,19,-8,196,1,1,20180715,NYL,CHI,2018,1021800129245,11110,validated,202664,1,matched,playbyplayv2,1611661329,201919|202250|203411|203829|204329,complete,playbyplay_inferred,201516|202664|203828|204323|1628890,complete,playbyplay_inferred,1611661329,Chicago Sky
Shot Chart Detail,1021800129,253,1628890,Diamond DeShields,1611661313,New York Liberty,2,0,52,Missed Shot,Jump Shot,2PT Field Goal,Mid-Range,Left Side(L),8-16 ft.,9,-96,27,1,0,20180715,NYL,CHI,2018,1021800129253,11480,validated,,0,matched,playbyplayv2,1611661329,201919|202250|203411|203829|204329,complete,playbyplay_inferred,201516|202664|203828|204323|1628890,complete,playbyplay_inferred,1611661329,Chicago Sky
Shot Chart Detail,1021800129,257,202664,Courtney Vandersloot,1611661313,New York Liberty,2,0,15,Made Shot,Jump Shot,2PT Field Goal,Mid-Range,Left Side Center(LC),16-24 ft.,20,-103,181,1,1,20180715,NYL,CHI,2018,1021800129257,11850,validated,,0,matched,playbyplayv2,1611661329,201919|202250|203411|203829|204329,complete,playbyplay_inferred,201516|202664|203828|204323|1628890,complete,playbyplay_inferred,1611661329,Chicago Sky
Shot Chart Detail,1021800129,270,203828,Stefanie Dolson,1611661313,New York Liberty,3,9,34,Missed Shot,Jump Shot,2PT Field Goal,Mid-Range,Center(C),8-16 ft.,15,-46,152,1,0,20180715,NYL,CHI,2018,1021800129270,12260,validated,,0,matched,playbyplayv2,1611661329,201913|201919|202250|202259|204327,complete,playbyplay_inferred,201516|202664|203828|204323|1628890,complete,playbyplay_inferred,1611661329,Chicago Sky
Shot Chart Detail,1021800129,274,201516,Allie Quigley,1611661313,New York Liberty,3,9,4,Missed Shot,Jump Shot,2PT Field Goal,Mid-Range,Right Side Center(RC),16-24 ft.,20,111,176,1,0,20180715,NYL,CHI,2018,1021800129274,12560,validated,,0,matched,playbyplayv2,1611661329,201913|201919|202250|202259|204327,complete,playbyplay_inferred,201516|202664|203828|204323|1628890,complete,playbyplay_inferred,1611661329,Chicago Sky
Shot Chart Detail,1021800129,278,1628890,Diamond DeShields,1611661313,New York Liberty,3,8,58,Made Shot,Cutting Layup Shot,2PT Field Goal,Restricted Area,Center(C),Less Than 8 ft.,1,2,15,1,1,20180715,NYL,CHI,2018,1021800129278,12620,validated,203828,1,matched,playbyplayv2,1611661329,201913|201919|202250|202259|204327,complete,playbyplay_inferred,201516|202664|203828|204323|1628890,complete,playbyplay_inferred,1611661329,Chicago Sky
Shot Chart Detail,1021800129,285,201516,Allie Quigley,1611661313,New York Liberty,3,7,38,Missed Shot,Jump Shot,3PT Field Goal,Left Corner 3,Left Side(L),24+ ft.,23,-232,15,1,0,20180715,NYL,CHI,2018,1021800129285,13420,validated,,0,matched,playbyplayv2,1611661329,201913|201919|202250|202259|204327,complete,playbyplay_inferred,201516|202664|203828|204323|1628890,complete,playbyplay_inferred,1611661329,Chicago Sky
Shot Chart Detail,1021800129,293,1628931,Gabby Williams,1611661313,New York Liberty,3,7,13,Missed Shot,Jump Shot,2PT Field Goal,Mid-Range,Center(C),16-24 ft.,19,54,187,1,0,20180715,NYL,CHI,2018,1021800129293,13670,validated,,0,matched,playbyplayv2,1611661329,201913|201919|202250|202259|204327,complete,playbyplay_inferred,201516|202664|203828|1628890|1628931,complete,playbyplay_inferred,1611661329,Chicago Sky
Shot Chart Detail,1021800129,301,202664,Courtney Vandersloot,1611661313,New York Liberty,3,6,49,Missed Shot,Layup Shot,2PT Field Goal,Restricted Area,Center(C),Less Than 8 ft.,2,6,28,1,0,20180715,NYL,CHI,2018,1021800129301,13910,validated,,0,matched,playbyplayv2,1611661329,201913|201919|202250|202259|204327,complete,playbyplay_inferred,201516|202664|203828|1628890|1628931,complete,playbyplay_inferred,1611661329,Chicago Sky
Shot Chart Detail,1021800129,314,202664,Courtney Vandersloot,1611661313,New York Liberty,3,6,0,Missed Shot,Layup Shot,2PT Field Goal,In The Paint (Non-RA),Center(C),Less Than 8 ft.,4,19,37,1,0,20180715,NYL,CHI,2018,1021800129314,14400,validated,,0,matched,playbyplayv2,1611661329,201913|201919|202250|202259|204327,complete,playbyplay_inferred,201516|202664|203828|1628890|1628931,complete,playbyplay_inferred,1611661329,Chicago Sky
Shot Chart Detail,1021800129,319,202664,Courtney Vandersloot,1611661313,New York Liberty,3,5,40,Missed Shot,Jump Shot,2PT Field Goal,Mid-Range,Center(C),16-24 ft.,20,-53,193,1,0,20180715,NYL,CHI,2018,1021800129319,14600,validated,,0,matched,playbyplayv2,1611661329,201913|201919|202250|202259|204327,complete,playbyplay_inferred,201516|202664|203828|1628890|1628931,complete,playbyplay_inferred,1611661329,Chicago Sky
Shot Chart Detail,1021800129,323,201516,Allie Quigley,1611661313,New York Liberty,3,5,30,Missed Shot,Jump Shot,3PT Field Goal,Above the Break 3,Right Side Center(RC),24+ ft.,24,130,204,1,0,20180715,NYL,CHI,2018,1021800129323,14700,validated,,0,matched,playbyplayv2,1611661329,201913|201919|202250|202259|204327,complete,playbyplay_inferred,201516|202664|203828|1628890|1628931,complete,playbyplay_inferred,1611661329,Chicago Sky
Shot Chart Detail,1021800129,327,203828,Stefanie Dolson,1611661313,New York Liberty,3,4,58,Missed Shot,Jump Shot,2PT Field Goal,Mid-Range,Center(C),16-24 ft.,17,26,174,1,0,20180715,NYL,CHI,2018,1021800129327,15020,validated,,0,matched,playbyplayv2,1611661329,201913|201919|202250|202259|204327,complete,playbyplay_inferred,201516|202664|203828|1628890|1628931,complete,playbyplay_inferred,1611661329,Chicago Sky
Shot Chart Detail,1021800129,340,1628931,Gabby Williams,1611661313,New York Liberty,3,4,19,Missed Shot,Turnaround Fadeaway shot,2PT Field Goal,In The Paint (Non-RA),Center(C),Less Than 8 ft.,7,48,58,1,0,20180715,NYL,CHI,2018,1021800129340,15410,validated,,0,matched,playbyplayv2,1611661329,201913|201919|202250|203411|203829,complete,playbyplay_inferred,202664|1627674|1628268|1628890|1628931,complete,playbyplay_inferred,1611661329,Chicago Sky
Shot Chart Detail,1021800129,343,1627674,Kahleah Copper,1611661313,New York Liberty,3,4,14,Made Shot,Alley Oop Layup shot,2PT Field Goal,Restricted Area,Center(C),Less Than 8 ft.,1,-11,10,1,1,20180715,NYL,CHI,2018,1021800129343,15460,validated,202664,1,matched,playbyplayv2,1611661329,201913|201919|202250|203411|203829,complete,playbyplay_inferred,202664|1627674|1628268|1628890|1628931,complete,playbyplay_inferred,1611661329,Chicago Sky
Shot Chart Detail,1021800129,354,1628931,Gabby Williams,1611661313,New York Liberty,3,3,1,Missed Shot,Cutting Layup Shot,2PT Field Goal,Restricted Area,Center(C),Less Than 8 ft.,1,-10,16,1,0,20180715,NYL,CHI,2018,1021800129354,16190,validated,,0,matched,playbyplayv2,1611661329,201913|201919|202250|203411|203829,complete,playbyplay_inferred,202664|1627674|1628268|1628890|1628931,complete,playbyplay_inferred,1611661329,Chicago Sky
Shot Chart Detail,1021800129,371,1627674,Kahleah Copper,1611661313,New York Liberty,3,2,40,Missed Shot,Jump Shot,3PT Field Goal,Above the Break 3,Right Side Center(RC),24+ ft.,25,182,185,1,0,20180715,NYL,CHI,2018,1021800129371,16400,validated,,0,matched,playbyplayv2,1611661329,201919|202250|203411|203829|204320,complete,playbyplay_inferred,201516|203828|204323|1627674|1628897,complete,playbyplay_inferred,1611661329,Chicago Sky
Shot Chart Detail,1021800129,383,204323,Cheyenne Parker-Tyus,1611661313,New York Liberty,3,1,46,Made Shot,Running Jump Shot,2PT Field Goal,Mid-Range,Center(C),16-24 ft.,19,-53,187,1,1,20180715,NYL,CHI,2018,1021800129383,16940,validated,203828,1,matched,playbyplayv2,1611661329,202250|202259|203411|203829|204320,complete,playbyplay_inferred,201516|203828|204323|1627674|1628897,complete,playbyplay_inferred,1611661329,Chicago Sky
Shot Chart Detail,1021800129,390,1627674,Kahleah Copper,1611661313,New York Liberty,3,0,56,Missed Shot,Jump Shot,2PT Field Goal,Mid-Range,Left Side Center(LC),16-24 ft.,17,-124,123,1,0,20180715,NYL,CHI,2018,1021800129390,17440,validated,,0,matched,playbyplayv2,1611661329,202259|203411|203829|204320|204329,complete,playbyplay_inferred,201516|203828|204323|1627674|1628897,complete,playbyplay_inferred,1611661329,Chicago Sky
Shot Chart Detail,1021800129,417,202664,Courtney Vandersloot,1611661313,New York Liberty,4,9,43,Made Shot,Jump Shot,3PT Field Goal,Above the Break 3,Right Side Center(RC),24+ ft.,24,104,224,1,1,20180715,NYL,CHI,2018,1021800129417,18170,validated,1628931,1,matched,playbyplayv2,1611661329,202259|203411|203829|204320|204329,complete,playbyplay_inferred,201516|202664|1628268|1628890|1628931,complete,playbyplay_inferred,1611661329,Chicago Sky
Shot Chart Detail,1021800129,430,1628931,Gabby Williams,1611661313,New York Liberty,4,8,47,Made Shot,Cutting Layup Shot,2PT Field Goal,In The Paint (Non-RA),Center(C),Less Than 8 ft.,5,7,54,1,1,20180715,NYL,CHI,2018,1021800129430,18730,validated,202664,1,matched,playbyplayv2,1611661329,202259|203411|203829|204320|204329,complete,playbyplay_inferred,201516|202664|1628268|1628890|1628931,complete,playbyplay_inferred,1611661329,Chicago Sky
Shot Chart Detail,1021800129,436,1628890,Diamond DeShields,1611661313,New York Liberty,4,8,14,Made Shot,Driving Layup Shot,2PT Field Goal,Restricted Area,Center(C),Less Than 8 ft.,1,-9,9,1,1,20180715,NYL,CHI,2018,1021800129436,19060,validated,,0,matched,playbyplayv2,1611661329,202259|203411|203829|204320|204329,complete,playbyplay_inferred,201516|202664|1628268|1628890|1628931,complete,playbyplay_inferred,1611661329,Chicago Sky
Shot Chart Detail,1021800129,441,202664,Courtney Vandersloot,1611661313,New York Liberty,4,7,36,Missed Shot,Jump Shot,3PT Field Goal,Above the Break 3,Center(C),16-24 ft.,23,-9,230,1,0,20180715,NYL,CHI,2018,1021800129441,19440,validated,,0,matched,playbyplayv2,1611661329,202259|203411|203829|204320|204329,complete,playbyplay_inferred,201516|202664|1628268|1628890|1628931,complete,playbyplay_inferred,1611661329,Chicago Sky
Shot Chart Detail,1021800129,455,201516,Allie Quigley,1611661313,New York Liberty,4,6,52,Missed Shot,Jump Shot,3PT Field Goal,Above the Break 3,Right Side Center(RC),24+ ft.,23,218,99,1,0,20180715,NYL,CHI,2018,1021800129455,19880,validated,,0,matched,playbyplayv2,1611661329,202259|203411|203829|204320|204329,complete,playbyplay_inferred,201516|202664|1628268|1628890|1628931,complete,playbyplay_inferred,1611661329,Chicago Sky
Shot Chart Detail,1021800129,458,1628890,Diamond DeShields,1611661313,New York Liberty,4,6,34,Missed Shot,Jump Shot,3PT Field Goal,Above the Break 3,Right Side Center(RC),24+ ft.,25,209,142,1,0,20180715,NYL,CHI,2018,1021800129458,20060,validated,,0,matched,playbyplayv2,1611661329,202259|203411|203829|204320|204329,complete,playbyplay_inferred,201516|202664|1628268|1628890|1628931,complete,playbyplay_inferred,1611661329,Chicago Sky
Shot Chart Detail,1021800129,484,1628890,Diamond DeShields,1611661313,New York Liberty,4,6,3,Missed Shot,Layup Shot,2PT Field Goal,Restricted Area,Center(C),Less Than 8 ft.,2,16,18,1,0,20180715,NYL,CHI,2018,1021800129484,20370,validated,,0,matched,playbyplayv2,1611661329,201919|202250|202259|204327|204329,complete,playbyplay_inferred,202664|203828|1627674|1628890|1628931,complete,playbyplay_inferred,1611661329,Chicago Sky
Shot Chart Detail,1021800129,483,202664,Courtney Vandersloot,1611661313,New York Liberty,4,5,50,Made Shot,Jump Shot,3PT Field Goal,Above the Break 3,Left Side Center(LC),24+ ft.,24,-174,170,1,1,20180715,NYL,CHI,2018,1021800129483,20500,validated,,0,matched,playbyplayv2,1611661329,201919|202250|202259|204327|204329,complete,playbyplay_inferred,202664|203828|1627674|1628890|1628931,complete,playbyplay_inferred,1611661329,Chicago Sky
Shot Chart Detail,1021800129,488,203828,Stefanie Dolson,1611661313,New York Liberty,4,5,22,Made Shot,Layup Shot,2PT Field Goal,Restricted Area,Center(C),Less Than 8 ft.,1,-10,13,1,1,20180715,NYL,CHI,2018,1021800129488,20780,validated,1628931,1,matched,playbyplayv2,1611661329,201919|202250|202259|204327|204329,complete,playbyplay_inferred,202664|203828|1627674|1628890|1628931,complete,playbyplay_inferred,1611661329,Chicago Sky
Shot Chart Detail,1021800129,505,1628931,Gabby Williams,1611661313,New York Liberty,4,4,41,Missed Shot,Jump Shot,2PT Field Goal,Mid-Range,Left Side Center(LC),16-24 ft.,17,-142,107,1,0,20180715,NYL,CHI,2018,1021800129505,21190,validated,,0,matched,playbyplayv2,1611661329,201919|202250|202259|204327|204329,complete,playbyplay_inferred,202652|203828|1627674|1628897|1628931,complete,playbyplay_inferred,1611661329,Chicago Sky
Shot Chart Detail,1021800129,530,202652,Alex Montgomery,1611661313,New York Liberty,4,3,42,Made Shot,Jump Shot,2PT Field Goal,Mid-Range,Left Side(L),8-16 ft.,14,-144,38,1,1,20180715,NYL,CHI,2018,1021800129530,21780,validated,1628897,1,matched,playbyplayv2,1611661329,204296|204320|204327|204329|1628915,complete,playbyplay_inferred,202652|1627674|1628268|1628897|1628931,complete,playbyplay_inferred,1611661329,Chicago Sky
Shot Chart Detail,1021800129,537,1627674,Kahleah Copper,1611661313,New York Liberty,4,3,12,Missed Shot,Jump Shot,2PT Field Goal,Mid-Range,Right Side Center(RC),16-24 ft.,20,112,172,1,0,20180715,NYL,CHI,2018,1021800129537,22080,validated,,0,matched,playbyplayv2,1611661329,203829|204296|204320|204329|1628915,complete,playbyplay_inferred,202652|1627674|1628268|1628897|1628931,complete,playbyplay_inferred,1611661329,Chicago Sky
Shot Chart Detail,1021800129,554,1628897,Linnae Harper,1611661313,New York Liberty,4,2,33,Made Shot,Layup Shot,2PT Field Goal,Restricted Area,Center(C),Less Than 8 ft.,3,2,34,1,1,20180715,NYL,CHI,2018,1021800129554,22470,validated,1628268,1,matched,playbyplayv2,1611661329,203411|203829|204296|204320|1628915,complete,playbyplay_inferred,202652|1627674|1628268|1628897|1628931,complete,playbyplay_inferred,1611661329,Chicago Sky
Shot Chart Detail,1021800129,592,1628897,Linnae Harper,1611661313,New York Liberty,4,0,30,Made Shot,Layup Shot,2PT Field Goal,Restricted Area,Center(C),Less Than 8 ft.,1,-5,17,1,1,20180715,NYL,CHI,2018,1021800129592,23700,validated,,0,matched,playbyplayv2,1611661329,203411|203829|204296|204320|1628915,complete,playbyplay_inferred,202644|202652|1627674|1628268|1628897,complete,playbyplay_inferred,1611661329,Chicago Sky
Shot Chart Detail,1021800133,7,202633,Liz Cambage,1611661313,New York Liberty,1,9,49,Missed Shot,Turnaround Jump Shot,2PT Field Goal,Mid-Range,Right Side(R),8-16 ft.,10,109,-7,1,0,20180717,DAL,NYL,2018,10218001337,110,validated,,0,matched,playbyplayv2,1611661321,201913|201919|202250|202259|204327,complete,playbyplay_inferred,202633|203017|203400|203866|1628277,complete,playbyplay_inferred,1611661321,Dallas Wings
Shot Chart Detail,1021800133,9,202633,Liz Cambage,1611661313,New York Liberty,1,9,41,Made Shot,Pullup Jump shot,2PT Field Goal,Mid-Range,Left Side(L),8-16 ft.,9,-99,6,1,1,20180717,DAL,NYL,2018,10218001339,190,validated,203017,1,matched,playbyplayv2,1611661321,201913|201919|202250|202259|204327,complete,playbyplay_inferred,202633|203017|203400|203866|1628277,complete,playbyplay_inferred,1611661321,Dallas Wings
Shot Chart Detail,1021800133,14,202633,Liz Cambage,1611661313,New York Liberty,1,9,2,Made Shot,Jump Shot,2PT Field Goal,Mid-Range,Right Side Center(RC),16-24 ft.,20,89,189,1,1,20180717,DAL,NYL,2018,102180013314,580,validated,1628277,1,matched,playbyplayv2,1611661321,201913|201919|202250|202259|204327,complete,playbyplay_inferred,202633|203017|203400|203866|1628277,complete,playbyplay_inferred,1611661321,Dallas Wings
Shot Chart Detail,1021800133,18,203017,Glory Johnson,1611661313,New York Liberty,1,8,33,Missed Shot,Pullup Jump shot,2PT Field Goal,Mid-Range,Right Side Center(RC),16-24 ft.,20,143,140,1,0,20180717,DAL,NYL,2018,102180013318,870,validated,,0,matched,playbyplayv2,1611661321,201913|201919|202250|202259|204327,complete,playbyplay_inferred,202633|203017|203400|203866|1628277,complete,playbyplay_inferred,1611661321,Dallas Wings
Shot Chart Detail,1021800133,22,203866,Kayla Thornton,1611661313,New York Liberty,1,8,19,Made Shot,Running Layup Shot,2PT Field Goal,Restricted Area,Center(C),Less Than 8 ft.,1,0,15,1,1,20180717,DAL,NYL,2018,102180013322,1010,validated,203017,1,matched,playbyplayv2,1611661321,201913|201919|202250|202259|204327,complete,playbyplay_inferred,202633|203017|203400|203866|1628277,complete,playbyplay_inferred,1611661321,Dallas Wings
Shot Chart Detail,1021800133,56,203400,Skylar Diggins,1611661313,New York Liberty,1,7,50,Missed Shot,Driving Floating Jump Shot,2PT Field Goal,In The Paint (Non-RA),Center(C),Less Than 8 ft.,4,41,5,1,0,20180717,DAL,NYL,2018,102180013356,1300,validated,,0,matched,playbyplayv2,1611661321,201913|201919|202250|202259|204327,complete,playbyplay_inferred,202633|203017|203400|203866|1628277,complete,playbyplay_inferred,1611661321,Dallas Wings
Shot Chart Detail,1021800133,30,1628277,Allisha Gray,1611661313,New York Liberty,1,7,13,Missed Shot,Jump Shot,3PT Field Goal,Above the Break 3,Right Side Center(RC),24+ ft.,24,96,227,1,0,20180717,DAL,NYL,2018,102180013330,1670,validated,,0,matched,playbyplayv2,1611661321,201913|201919|202250|202259|204327,complete,playbyplay_inferred,202633|203017|203400|203866|1628277,complete,playbyplay_inferred,1611661321,Dallas Wings
Shot Chart Detail,1021800133,34,202633,Liz Cambage,1611661313,New York Liberty,1,6,50,Made Shot,Cutting Layup Shot,2PT Field Goal,Restricted Area,Center(C),Less Than 8 ft.,2,-11,25,1,1,20180717,DAL,NYL,2018,102180013334,1900,validated,203400,1,matched,playbyplayv2,1611661321,201913|201919|202250|202259|204327,complete,playbyplay_inferred,202633|203017|203400|203866|1628277,complete,playbyplay_inferred,1611661321,Dallas Wings
Shot Chart Detail,1021800133,38,202633,Liz Cambage,1611661313,New York Liberty,1,6,15,Made Shot,Jump Shot,3PT Field Goal,Above the Break 3,Left Side Center(LC),24+ ft.,25,-135,211,1,1,20180717,DAL,NYL,2018,102180013338,2250,validated,203866,1,matched,playbyplayv2,1611661321,201913|201919|202250|202259|204327,complete,playbyplay_inferred,202633|203017|203400|203866|1628277,complete,playbyplay_inferred,1611661321,Dallas Wings
Shot Chart Detail,1021800133,42,202633,Liz Cambage,1611661313,New York Liberty,1,5,33,Made Shot,Cutting Layup Shot,2PT Field Goal,Restricted Area,Center(C),Less Than 8 ft.,1,-5,15,1,1,20180717,DAL,NYL,2018,102180013342,2670,validated,203400,1,matched,playbyplayv2,1611661321,201913|201919|202250|202259|204327,complete,playbyplay_inferred,202633|203017|203400|203866|1628277,complete,playbyplay_inferred,1611661321,Dallas Wings
Shot Chart Detail,1021800133,47,203866,Kayla Thornton,1611661313,New York Liberty,1,5,4,Missed Shot,Running Layup Shot,2PT Field Goal,Restricted Area,Center(C),Less Than 8 ft.,1,4,16,1,0,20180717,DAL,NYL,2018,102180013347,2960,validated,,0,matched,playbyplayv2,1611661321,201913|201919|202250|202259|204327,complete,playbyplay_inferred,202633|203017|203400|203866|1628277,complete,playbyplay_inferred,1611661321,Dallas Wings
Shot Chart Detail,1021800133,59,203017,Glory Johnson,1611661313,New York Liberty,1,4,39,Made Shot,Jump Shot,2PT Field Goal,Mid-Range,Right Side Center(RC),16-24 ft.,16,112,117,1,1,20180717,DAL,NYL,2018,102180013359,3210,validated,203866,1,matched,playbyplayv2,1611661321,201913|201919|202250|202259|204327,complete,playbyplay_inferred,202633|203017|203400|203866|1628277,complete,playbyplay_inferred,1611661321,Dallas Wings
Shot Chart Detail,1021800133,63,1628277,Allisha Gray,1611661313,New York Liberty,1,4,13,Missed Shot,Jump Shot,3PT Field Goal,Above the Break 3,Right Side(R),24+ ft.,22,225,42,1,0,20180717,DAL,NYL,2018,102180013363,3470,validated,,0,matched,playbyplayv2,1611661321,201913|201919|202250|202259|204327,complete,playbyplay_inferred,202633|203017|203400|203866|1628277,complete,playbyplay_inferred,1611661321,Dallas Wings
Shot Chart Detail,1021800133,70,203400,Skylar Diggins,1611661313,New York Liberty,1,3,56,Missed Shot,Jump Shot,3PT Field Goal,Above the Break 3,Right Side Center(RC),24+ ft.,25,143,206,1,0,20180717,DAL,NYL,2018,102180013370,3640,validated,,0,matched,playbyplayv2,1611661321,201913|201919|202250|202259|204327,complete,playbyplay_inferred,202633|203017|203400|203866|1628277,complete,playbyplay_inferred,1611661321,Dallas Wings
Shot Chart Detail,1021800133,79,203866,Kayla Thornton,1611661313,New York Liberty,1,3,37,Made Shot,Putback Layup Shot,2PT Field Goal,Restricted Area,Center(C),Less Than 8 ft.,2,13,20,1,1,20180717,DAL,NYL,2018,102180013379,3830,validated,,0,matched,playbyplayv2,1611661321,201913|201919|202250|203829|204327,complete,playbyplay_inferred,202633|203017|203400|203866|1628277,complete,playbyplay_inferred,1611661321,Dallas Wings
Shot Chart Detail,1021800133,77,203017,Glory Johnson,1611661313,New York Liberty,1,3,37,Missed Shot,Running Layup Shot,2PT Field Goal,Restricted Area,Center(C),Less Than 8 ft.,1,7,15,1,0,20180717,DAL,NYL,2018,102180013377,3830,validated,,0,matched,playbyplayv2,1611661321,201913|201919|202250|203829|204327,complete,playbyplay_inferred,202633|203017|203400|203866|1628277,complete,playbyplay_inferred,1611661321,Dallas Wings
Shot Chart Detail,1021800133,95,203017,Glory Johnson,1611661313,New York Liberty,1,3,4,Missed Shot,Jump Shot,2PT Field Goal,Mid-Range,Right Side Center(RC),16-24 ft.,17,108,139,1,0,20180717,DAL,NYL,2018,102180013395,4160,validated,,0,matched,playbyplayv2,1611661321,201919|202250|203829|204320|204327,complete,playbyplay_inferred,202633|203017|203400|203866|1628285,complete,playbyplay_inferred,1611661321,Dallas Wings
Shot Chart Detail,1021800133,105,203017,Glory Johnson,1611661313,New York Liberty,1,2,31,Made Shot,Turnaround Jump Shot,2PT Field Goal,In The Paint (Non-RA),Center(C),8-16 ft.,9,-2,91,1,1,20180717,DAL,NYL,2018,1021800133105,4490,validated,203400,1,matched,playbyplayv2,1611661321,201919|202250|203829|204320|1628915,complete,playbyplay_inferred,203017|203400|203866|204297|1628285,complete,playbyplay_inferred,1611661321,Dallas Wings
Shot Chart Detail,1021800133,109,203400,Skylar Diggins,1611661313,New York Liberty,1,1,56,Made Shot,Driving Reverse Layup Shot,2PT Field Goal,Restricted Area,Center(C),Less Than 8 ft.,1,0,17,1,1,20180717,DAL,NYL,2018,1021800133109,4840,validated,,0,matched,playbyplayv2,1611661321,201919|202250|203829|204320|1628915,complete,playbyplay_inferred,203017|203400|203866|204297|1628285,complete,playbyplay_inferred,1611661321,Dallas Wings
Shot Chart Detail,1021800133,113,203017,Glory Johnson,1611661313,New York Liberty,1,1,15,Missed Shot,Turnaround Fadeaway shot,2PT Field Goal,In The Paint (Non-RA),Right Side(R),8-16 ft.,8,52,64,1,0,20180717,DAL,NYL,2018,1021800133113,5250,validated,,0,matched,playbyplayv2,1611661321,201919|202250|203829|204320|1628915,complete,playbyplay_inferred,203017|203400|203866|204297|1628285,complete,playbyplay_inferred,1611661321,Dallas Wings
Shot Chart Detail,1021800133,119,204297,Cayla George,1611661313,New York Liberty,1,0,55,Missed Shot,Jump Shot,3PT Field Goal,Above the Break 3,Center(C),24+ ft.,25,71,240,1,0,20180717,DAL,NYL,2018,1021800133119,5450,validated,,0,matched,playbyplayv2,1611661321,201919|202250|203829|204320|1628915,complete,playbyplay_inferred,203017|203866|204297|1628285|1628922,complete,playbyplay_inferred,1611661321,Dallas Wings
Shot Chart Detail,1021800133,121,203017,Glory Johnson,1611661313,New York Liberty,1,0,45,Made Shot,Driving Finger Roll Layup Shot,2PT Field Goal,Restricted Area,Center(C),Less Than 8 ft.,1,6,18,1,1,20180717,DAL,NYL,2018,1021800133121,5550,validated,1628922,1,matched,playbyplayv2,1611661321,201919|202250|203829|204320|1628915,complete,playbyplay_inferred,203017|203866|204297|1628285|1628922,complete,playbyplay_inferred,1611661321,Dallas Wings
Shot Chart Detail,1021800133,127,204297,Cayla George,1611661313,New York Liberty,1,0,11,Missed Shot,Step Back Jump shot,2PT Field Goal,Mid-Range,Left Side(L),8-16 ft.,10,-104,7,1,0,20180717,DAL,NYL,2018,1021800133127,5890,validated,,0,matched,playbyplayv2,1611661321,201919|202250|203829|204320|1628915,complete,playbyplay_inferred,203017|203866|204297|1628285|1628922,complete,playbyplay_inferred,1611661321,Dallas Wings
Shot Chart Detail,1021800133,153,202633,Liz Cambage,1611661313,New York Liberty,2,8,52,Made Shot,Jump Shot,2PT Field Goal,In The Paint (Non-RA),Center(C),8-16 ft.,14,-72,127,1,1,20180717,DAL,NYL,2018,1021800133153,6680,validated,204297,1,matched,playbyplayv2,1611661321,201919|203829|204320|204329|1628915,complete,playbyplay_inferred,202633|203400|204297|1628277|1628922,complete,playbyplay_inferred,1611661321,Dallas Wings
Shot Chart Detail,1021800133,156,202633,Liz Cambage,1611661313,New York Liberty,2,8,25,Made Shot,Driving Floating Jump Shot,2PT Field Goal,In The Paint (Non-RA),Center(C),Less Than 8 ft.,4,9,44,1,1,20180717,DAL,NYL,2018,1021800133156,6950,validated,,0,matched,playbyplayv2,1611661321,201919|203829|204320|204329|1628915,complete,playbyplay_inferred,202633|203400|204297|1628277|1628922,complete,playbyplay_inferred,1611661321,Dallas Wings
Shot Chart Detail,1021800133,171,203400,Skylar Diggins,1611661313,New York Liberty,2,7,40,Missed Shot,Step Back Jump shot,3PT Field Goal,Above the Break 3,Right Side Center(RC),24+ ft.,24,213,113,1,0,20180717,DAL,NYL,2018,1021800133171,7400,validated,,0,matched,playbyplayv2,1611661321,201919|202250|203829|204329|1628915,complete,playbyplay_inferred,202633|203017|203400|1628277|1628922,complete,playbyplay_inferred,1611661321,Dallas Wings
Shot Chart Detail,1021800133,175,1628277,Allisha Gray,1611661313,New York Liberty,2,7,11,Made Shot,Jump Shot,3PT Field Goal,Above the Break 3,Left Side Center(LC),16-24 ft.,23,-122,203,1,1,20180717,DAL,NYL,2018,1021800133175,7690,validated,202633,1,matched,playbyplayv2,1611661321,201919|202250|203829|204329|1628915,complete,playbyplay_inferred,202633|203017|203400|1628277|1628922,complete,playbyplay_inferred,1611661321,Dallas Wings
Shot Chart Detail,1021800133,234,203866,Kayla Thornton,1611661313,New York Liberty,2,4,20,Made Shot,Turnaround Hook Shot,2PT Field Goal,Restricted Area,Center(C),Less Than 8 ft.,2,-2,28,1,1,20180717,DAL,NYL,2018,1021800133234,9400,validated,202633,1,matched,playbyplayv2,1611661321,202250|202259|204327|204329|1628915,complete,playbyplay_inferred,202633|203400|203866|1628277|1628922,complete,playbyplay_inferred,1611661321,Dallas Wings
Shot Chart Detail,1021800133,256,1628922,Azurá Stevens,1611661313,New York Liberty,2,3,24,Missed Shot,Driving Floating Jump Shot,2PT Field Goal,Mid-Range,Right Side(R),8-16 ft.,11,108,36,1,0,20180717,DAL,NYL,2018,1021800133256,9960,validated,,0,matched,playbyplayv2,1611661321,201919|202250|203411|204327|204329,complete,playbyplay_inferred,202633|203400|203866|1628277|1628922,complete,playbyplay_inferred,1611661321,Dallas Wings
Shot Chart Detail,1021800133,261,202633,Liz Cambage,1611661313,New York Liberty,2,3,19,Missed Shot,Jump Shot,2PT Field Goal,Restricted Area,Center(C),Less Than 8 ft.,3,1,39,1,0,20180717,DAL,NYL,2018,1021800133261,10010,validated,,0,matched,playbyplayv2,1611661321,201919|202250|203411|204327|204329,complete,playbyplay_inferred,202633|203017|203400|203866|1628922,complete,playbyplay_inferred,1611661321,Dallas Wings
Shot Chart Detail,1021800133,263,202633,Liz Cambage,1611661313,New York Liberty,2,3,14,Missed Shot,Putback Layup Shot,2PT Field Goal,Restricted Area,Center(C),Less Than 8 ft.,0,0,-6,1,0,20180717,DAL,NYL,2018,1021800133263,10060,validated,,0,matched,playbyplayv2,1611661321,201919|202250|203411|204327|204329,complete,playbyplay_inferred,202633|203017|203400|203866|1628922,complete,playbyplay_inferred,1611661321,Dallas Wings
Shot Chart Detail,1021800133,289,202633,Liz Cambage,1611661313,New York Liberty,2,1,48,Made Shot,Jump Shot,3PT Field Goal,Above the Break 3,Left Side Center(LC),24+ ft.,24,-217,117,1,1,20180717,DAL,NYL,2018,1021800133289,10920,validated,1628922,1,matched,playbyplayv2,1611661321,201919|202250|203411|204329|1628915,complete,playbyplay_inferred,202633|203017|203400|203866|1628922,complete,playbyplay_inferred,1611661321,Dallas Wings
Shot Chart Detail,1021800133,293,1628922,Azurá Stevens,1611661313,New York Liberty,2,1,22,Missed Shot,Driving Floating Jump Shot,2PT Field Goal,Mid-Range,Left Side(L),8-16 ft.,11,-115,-3,1,0,20180717,DAL,NYL,2018,1021800133293,11180,validated,,0,matched,playbyplayv2,1611661321,201919|202250|203411|204329|1628915,complete,playbyplay_inferred,202633|203017|203400|203866|1628922,complete,playbyplay_inferred,1611661321,Dallas Wings
Shot Chart Detail,1021800133,301,1628922,Azurá Stevens,1611661313,New York Liberty,2,1,1,Made Shot,Jump Bank Shot,2PT Field Goal,Restricted Area,Center(C),Less Than 8 ft.,2,9,18,1,1,20180717,DAL,NYL,2018,1021800133301,11390,validated,203400,1,matched,playbyplayv2,1611661321,201919|202250|203411|204329|1628915,complete,playbyplay_inferred,202633|203017|203400|203866|1628922,complete,playbyplay_inferred,1611661321,Dallas Wings
Shot Chart Detail,1021800133,333,203017,Glory Johnson,1611661313,New York Liberty,3,8,48,Made Shot,Step Back Jump shot,2PT Field Goal,Mid-Range,Right Side(R),16-24 ft.,19,194,22,1,1,20180717,DAL,NYL,2018,1021800133333,12720,validated,203866,1,matched,playbyplayv2,1611661321,201913|201919|202250|202259|204327,complete,playbyplay_inferred,202633|203017|203400|203866|1628277,complete,playbyplay_inferred,1611661321,Dallas Wings
Shot Chart Detail,1021800133,343,203400,Skylar Diggins,1611661313,New York Liberty,3,8,1,Made Shot,Running Layup Shot,2PT Field Goal,Restricted Area,Center(C),Less Than 8 ft.,2,-15,19,1,1,20180717,DAL,NYL,2018,1021800133343,13190,validated,,0,matched,playbyplayv2,1611661321,201913|201919|202250|202259|204327,complete,playbyplay_inferred,202633|203017|203400|203866|1628277,complete,playbyplay_inferred,1611661321,Dallas Wings
Shot Chart Detail,1021800133,350,202633,Liz Cambage,1611661313,New York Liberty,3,7,20,Missed Shot,Jump Shot,3PT Field Goal,Above the Break 3,Left Side Center(LC),24+ ft.,25,-102,229,1,0,20180717,DAL,NYL,2018,1021800133350,13600,validated,,0,matched,playbyplayv2,1611661321,201913|201919|202250|202259|203829,complete,playbyplay_inferred,202633|203017|203400|203866|1628277,complete,playbyplay_inferred,1611661321,Dallas Wings
Shot Chart Detail,1021800133,353,203866,Kayla Thornton,1611661313,New York Liberty,3,6,56,Missed Shot,Step Back Jump shot,3PT Field Goal,Above the Break 3,Left Side(L),16-24 ft.,23,-220,88,1,0,20180717,DAL,NYL,2018,1021800133353,13840,validated,,0,matched,playbyplayv2,1611661321,201913|201919|202250|202259|203829,complete,playbyplay_inferred,202633|203017|203400|203866|1628277,complete,playbyplay_inferred,1611661321,Dallas Wings
Shot Chart Detail,1021800133,357,202633,Liz Cambage,1611661313,New York Liberty,3,6,26,Missed Shot,Pullup Jump shot,2PT Field Goal,Mid-Range,Left Side Center(LC),16-24 ft.,18,-96,157,1,0,20180717,DAL,NYL,2018,1021800133357,14140,validated,,0,matched,playbyplayv2,1611661321,201913|201919|202250|202259|203829,complete,playbyplay_inferred,202633|203017|203400|203866|1628277,complete,playbyplay_inferred,1611661321,Dallas Wings
Shot Chart Detail,1021800133,365,203866,Kayla Thornton,1611661313,New York Liberty,3,5,52,Missed Shot,Jump Shot,3PT Field Goal,Above the Break 3,Left Side Center(LC),24+ ft.,26,-100,246,1,0,20180717,DAL,NYL,2018,1021800133365,14480,validated,,0,matched,playbyplayv2,1611661321,201913|201919|202250|202259|203829,complete,playbyplay_inferred,202633|203017|203400|203866|1628922,complete,playbyplay_inferred,1611661321,Dallas Wings
Shot Chart Detail,1021800133,373,203017,Glory Johnson,1611661313,New York Liberty,3,5,13,Made Shot,Jump Shot,3PT Field Goal,Above the Break 3,Center(C),24+ ft.,23,-15,239,1,1,20180717,DAL,NYL,2018,1021800133373,14870,validated,203400,1,matched,playbyplayv2,1611661321,201913|201919|202250|202259|203829,complete,playbyplay_inferred,202633|203017|203400|203866|1628922,complete,playbyplay_inferred,1611661321,Dallas Wings
Shot Chart Detail,1021800133,389,1628922,Azurá Stevens,1611661313,New York Liberty,3,4,0,Missed Shot,Pullup Jump shot,2PT Field Goal,Mid-Range,Left Side(L),8-16 ft.,15,-157,22,1,0,20180717,DAL,NYL,2018,1021800133389,15600,validated,,0,matched,playbyplayv2,1611661321,201913|201919|202250|203829|1628915,complete,playbyplay_inferred,202633|203017|203400|203866|1628922,complete,playbyplay_inferred,1611661321,Dallas Wings
Shot Chart Detail,1021800133,392,203866,Kayla Thornton,1611661313,New York Liberty,3,3,33,Missed Shot,Pullup Jump shot,2PT Field Goal,Mid-Range,Right Side Center(RC),16-24 ft.,20,124,159,1,0,20180717,DAL,NYL,2018,1021800133392,15870,validated,,0,matched,playbyplayv2,1611661321,201913|201919|202250|203829|1628915,complete,playbyplay_inferred,202633|203017|203400|203866|1628922,complete,playbyplay_inferred,1611661321,Dallas Wings
Shot Chart Detail,1021800133,405,203400,Skylar Diggins,1611661313,New York Liberty,3,2,43,Missed Shot,Running Layup Shot,2PT Field Goal,Restricted Area,Center(C),Less Than 8 ft.,3,-9,29,1,0,20180717,DAL,NYL,2018,1021800133405,16370,validated,,0,matched,playbyplayv2,1611661321,201913|201919|202250|203829|1628915,complete,playbyplay_inferred,202633|203017|203400|203866|1628922,complete,playbyplay_inferred,1611661321,Dallas Wings
Shot Chart Detail,1021800133,433,1628277,Allisha Gray,1611661313,New York Liberty,3,1,24,Missed Shot,Jump Shot,3PT Field Goal,Right Corner 3,Right Side(R),24+ ft.,22,228,-5,1,0,20180717,DAL,NYL,2018,1021800133433,17160,validated,,0,matched,playbyplayv2,1611661321,201913|201919|202250|203829|1628915,complete,playbyplay_inferred,202633|203017|203400|1628277|1628922,complete,playbyplay_inferred,1611661321,Dallas Wings
Shot Chart Detail,1021800133,451,202633,Liz Cambage,1611661313,New York Liberty,3,0,31,Made Shot,Turnaround Jump Shot,2PT Field Goal,In The Paint (Non-RA),Center(C),Less Than 8 ft.,7,-7,70,1,1,20180717,DAL,NYL,2018,1021800133451,17690,validated,203866,1,matched,playbyplayv2,1611661321,201913|201919|202250|203829|1628915,complete,playbyplay_inferred,202633|203017|203400|203866|1628277,complete,playbyplay_inferred,1611661321,Dallas Wings
Shot Chart Detail,1021800133,456,203400,Skylar Diggins,1611661313,New York Liberty,3,0,0,Missed Shot,Pullup Jump shot,3PT Field Goal,Above the Break 3,Right Side Center(RC),24+ ft.,25,189,174,1,0,20180717,DAL,NYL,2018,1021800133456,18000,validated,,0,matched,playbyplayv2,1611661321,201913|201919|202250|203829|1628915,complete,playbyplay_inferred,202633|203017|203400|203866|1628277,complete,playbyplay_inferred,1611661321,Dallas Wings
Shot Chart Detail,1021800133,462,202633,Liz Cambage,1611661313,New York Liberty,4,9,44,Made Shot,Cutting Layup Shot,2PT Field Goal,Restricted Area,Center(C),Less Than 8 ft.,3,25,27,1,1,20180717,DAL,NYL,2018,1021800133462,18160,validated,1628277,1,matched,playbyplayv2,1611661321,201919|202250|203829|204329|1628915,complete,playbyplay_inferred,202633|203017|203400|203866|1628277,complete,playbyplay_inferred,1611661321,Dallas Wings
Shot Chart Detail,1021800133,478,203400,Skylar Diggins,1611661313,New York Liberty,4,8,28,Missed Shot,Jump Shot,3PT Field Goal,Above the Break 3,Left Side(L),24+ ft.,23,-221,79,1,0,20180717,DAL,NYL,2018,1021800133478,18920,validated,,0,matched,playbyplayv2,1611661321,201919|202250|203829|204329|1628915,complete,playbyplay_inferred,202633|203017|203400|203866|1628277,complete,playbyplay_inferred,1611661321,Dallas Wings
Shot Chart Detail,1021800133,482,203866,Kayla Thornton,1611661313,New York Liberty,4,7,53,Missed Shot,Jump Shot,3PT Field Goal,Above the Break 3,Right Side Center(RC),24+ ft.,24,219,111,1,0,20180717,DAL,NYL,2018,1021800133482,19270,validated,,0,matched,playbyplayv2,1611661321,201919|202250|203829|204329|1628915,complete,playbyplay_inferred,202633|203017|203400|203866|1628277,complete,playbyplay_inferred,1611661321,Dallas Wings
Shot Chart Detail,1021800133,486,202633,Liz Cambage,1611661313,New York Liberty,4,7,29,Made Shot,Driving Layup Shot,2PT Field Goal,Restricted Area,Center(C),Less Than 8 ft.,1,-1,14,1,1,20180717,DAL,NYL,2018,1021800133486,19510,validated,,0,matched,playbyplayv2,1611661321,201919|202250|203829|204329|1628915,complete,playbyplay_inferred,202633|203017|203400|203866|1628277,complete,playbyplay_inferred,1611661321,Dallas Wings
Shot Chart Detail,1021800133,495,203017,Glory Johnson,1611661313,New York Liberty,4,6,54,Missed Shot,Jump Shot,2PT Field Goal,Mid-Range,Right Side(R),8-16 ft.,14,145,-12,1,0,20180717,DAL,NYL,2018,1021800133495,19860,validated,,0,matched,playbyplayv2,1611661321,202250|202259|203829|204329|1628915,complete,playbyplay_inferred,202633|203017|203400|203866|1628277,complete,playbyplay_inferred,1611661321,Dallas Wings
Shot Chart Detail,1021800133,501,202633,Liz Cambage,1611661313,New York Liberty,4,6,47,Made Shot,Jump Shot,3PT Field Goal,Above the Break 3,Left Side Center(LC),24+ ft.,24,-80,234,1,1,20180717,DAL,NYL,2018,1021800133501,19930,validated,1628277,1,matched,playbyplayv2,1611661321,201913|202250|202259|203829|1628915,complete,playbyplay_inferred,202633|203017|203400|203866|1628277,complete,playbyplay_inferred,1611661321,Dallas Wings
Shot Chart Detail,1021800133,511,203017,Glory Johnson,1611661313,New York Liberty,4,6,11,Missed Shot,Driving Hook Shot,2PT Field Goal,In The Paint (Non-RA),Center(C),Less Than 8 ft.,5,16,54,1,0,20180717,DAL,NYL,2018,1021800133511,20290,validated,,0,matched,playbyplayv2,1611661321,201913|202250|202259|204327|1628915,complete,playbyplay_inferred,202633|203017|203400|203866|1628277,complete,playbyplay_inferred,1611661321,Dallas Wings
Shot Chart Detail,1021800133,515,1628277,Allisha Gray,1611661313,New York Liberty,4,5,56,Made Shot,Running Layup Shot,2PT Field Goal,Restricted Area,Center(C),Less Than 8 ft.,1,3,12,1,1,20180717,DAL,NYL,2018,1021800133515,20440,validated,203400,1,matched,playbyplayv2,1611661321,201913|202250|202259|204327|1628915,complete,playbyplay_inferred,202633|203017|203400|203866|1628277,complete,playbyplay_inferred,1611661321,Dallas Wings
Shot Chart Detail,1021800133,522,202633,Liz Cambage,1611661313,New York Liberty,4,5,20,Made Shot,Jump Shot,2PT Field Goal,Mid-Range,Center(C),8-16 ft.,14,19,148,1,1,20180717,DAL,NYL,2018,1021800133522,20800,validated,203400,1,matched,playbyplayv2,1611661321,201913|202250|202259|204327|1628915,complete,playbyplay_inferred,202633|203017|203400|203866|1628277,complete,playbyplay_inferred,1611661321,Dallas Wings
Shot Chart Detail,1021800133,526,203866,Kayla Thornton,1611661313,New York Liberty,4,4,42,Made Shot,Jump Shot,3PT Field Goal,Right Corner 3,Right Side(R),24+ ft.,23,231,3,1,1,20180717,DAL,NYL,2018,1021800133526,21180,validated,1628277,1,matched,playbyplayv2,1611661321,201913|202250|202259|204327|1628915,complete,playbyplay_inferred,202633|203017|203400|203866|1628277,complete,playbyplay_inferred,1611661321,Dallas Wings
Shot Chart Detail,1021800133,547,202633,Liz Cambage,1611661313,New York Liberty,4,3,24,Made Shot,Running Finger Roll Layup Shot,2PT Field Goal,Restricted Area,Center(C),Less Than 8 ft.,1,0,17,1,1,20180717,DAL,NYL,2018,1021800133547,21960,validated,1628277,1,matched,playbyplayv2,1611661321,201919|202250|203829|204320|1628915,complete,playbyplay_inferred,202633|203017|203400|203866|1628277,complete,playbyplay_inferred,1611661321,Dallas Wings
Shot Chart Detail,1021800133,554,202633,Liz Cambage,1611661313,New York Liberty,4,2,56,Made Shot,Driving Layup Shot,2PT Field Goal,Restricted Area,Center(C),Less Than 8 ft.,1,-2,13,1,1,20180717,DAL,NYL,2018,1021800133554,22240,validated,203866,1,matched,playbyplayv2,1611661321,201919|202250|203829|204320|1628915,complete,playbyplay_inferred,202633|203017|203400|203866|1628277,complete,playbyplay_inferred,1611661321,Dallas Wings
Shot Chart Detail,1021800133,558,202633,Liz Cambage,1611661313,New York Liberty,4,2,19,Made Shot,Driving Layup Shot,2PT Field Goal,Restricted Area,Center(C),Less Than 8 ft.,2,24,12,1,1,20180717,DAL,NYL,2018,1021800133558,22610,validated,1628277,1,matched,playbyplayv2,1611661321,201919|202250|203829|204320|1628915,complete,playbyplay_inferred,202633|203017|203400|203866|1628277,complete,playbyplay_inferred,1611661321,Dallas Wings
Shot Chart Detail,1021800133,568,203866,Kayla Thornton,1611661313,New York Liberty,4,1,49,Missed Shot,Jump Shot,3PT Field Goal,Above the Break 3,Right Side Center(RC),24+ ft.,24,158,184,1,0,20180717,DAL,NYL,2018,1021800133568,22910,validated,,0,matched,playbyplayv2,1611661321,201919|202250|203829|204296|1628915,complete,playbyplay_inferred,202633|203017|203400|203866|1628277,complete,playbyplay_inferred,1611661321,Dallas Wings
Shot Chart Detail,1021800133,581,1628277,Allisha Gray,1611661313,New York Liberty,4,1,7,Made Shot,Jump Shot,3PT Field Goal,Above the Break 3,Right Side Center(RC),24+ ft.,23,214,104,1,1,20180717,DAL,NYL,2018,1021800133581,23330,validated,203866,1,matched,playbyplayv2,1611661321,203411|203829|204296|204320|1628915,complete,playbyplay_inferred,202633|203400|203866|1628277|1628922,complete,playbyplay_inferred,1611661321,Dallas Wings
Shot Chart Detail,1021800133,586,202633,Liz Cambage,1611661313,New York Liberty,4,0,45,Made Shot,Jump Shot,3PT Field Goal,Above the Break 3,Center(C),24+ ft.,23,-62,231,1,1,20180717,DAL,NYL,2018,1021800133586,23550,validated,1628922,1,matched,playbyplayv2,1611661321,203411|203829|204296|204320|1628915,complete,playbyplay_inferred,202633|203400|203866|1628277|1628922,complete,playbyplay_inferred,1611661321,Dallas Wings
Shot Chart Detail,1021800137,7,202638,Jessica Breland,1611661313,New York Liberty,1,9,42,Missed Shot,Step Back Jump shot,2PT Field Goal,Mid-Range,Center(C),16-24 ft.,19,50,190,1,0,20180719,ATL,NYL,2018,10218001377,180,validated,,0,matched,playbyplayv2,1611661330,201913|201919|202250|202259|204327,complete,playbyplay_inferred,201881|201904|202638|203026|204322,complete,playbyplay_inferred,1611661330,Atlanta Dream
Shot Chart Detail,1021800137,9,203026,Tiffany Hayes,1611661313,New York Liberty,1,9,30,Missed Shot,Step Back Jump shot,3PT Field Goal,Above the Break 3,Center(C),24+ ft.,23,-69,228,1,0,20180719,ATL,NYL,2018,10218001379,300,validated,,0,matched,playbyplayv2,1611661330,201913|201919|202250|202259|204327,complete,playbyplay_inferred,201881|201904|202638|203026|204322,complete,playbyplay_inferred,1611661330,Atlanta Dream
Shot Chart Detail,1021800137,13,201904,Renee Montgomery,1611661313,New York Liberty,1,8,48,Missed Shot,Jump Shot,3PT Field Goal,Above the Break 3,Right Side Center(RC),24+ ft.,23,102,217,1,0,20180719,ATL,NYL,2018,102180013713,720,validated,,0,matched,playbyplayv2,1611661330,201913|201919|202250|202259|204327,complete,playbyplay_inferred,201881|201904|202638|203026|204322,complete,playbyplay_inferred,1611661330,Atlanta Dream
Shot Chart Detail,1021800137,19,201881,Angel McCoughtry,1611661313,New York Liberty,1,8,18,Missed Shot,Jump Shot,2PT Field Goal,Mid-Range,Center(C),16-24 ft.,20,8,208,1,0,20180719,ATL,NYL,2018,102180013719,1020,validated,,0,matched,playbyplayv2,1611661330,201913|201919|202250|202259|204327,complete,playbyplay_inferred,201881|201904|202638|203026|204322,complete,playbyplay_inferred,1611661330,Atlanta Dream
Shot Chart Detail,1021800137,21,201904,Renee Montgomery,1611661313,New York Liberty,1,8,7,Missed Shot,Pullup Jump shot,3PT Field Goal,Above the Break 3,Center(C),24+ ft.,24,54,239,1,0,20180719,ATL,NYL,2018,102180013721,1130,validated,,0,matched,playbyplayv2,1611661330,201913|201919|202250|202259|204327,complete,playbyplay_inferred,201881|201904|202638|203026|204322,complete,playbyplay_inferred,1611661330,Atlanta Dream
Shot Chart Detail,1021800137,23,201881,Angel McCoughtry,1611661313,New York Liberty,1,8,4,Missed Shot,Putback Layup Shot,2PT Field Goal,Restricted Area,Center(C),Less Than 8 ft.,1,-8,14,1,0,20180719,ATL,NYL,2018,102180013723,1160,validated,,0,matched,playbyplayv2,1611661330,201913|201919|202250|202259|204327,complete,playbyplay_inferred,201881|201904|202638|203026|204322,complete,playbyplay_inferred,1611661330,Atlanta Dream
Shot Chart Detail,1021800137,25,201881,Angel McCoughtry,1611661313,New York Liberty,1,8,1,Missed Shot,Putback Layup Shot,2PT Field Goal,Restricted Area,Center(C),Less Than 8 ft.,3,2,33,1,0,20180719,ATL,NYL,2018,102180013725,1190,validated,,0,matched,playbyplayv2,1611661330,201913|201919|202250|202259|204327,complete,playbyplay_inferred,201881|201904|202638|203026|204322,complete,playbyplay_inferred,1611661330,Atlanta Dream
Shot Chart Detail,1021800137,29,202638,Jessica Breland,1611661313,New York Liberty,1,7,27,Missed Shot,Jump Shot,2PT Field Goal,Mid-Range,Left Side Center(LC),16-24 ft.,21,-84,195,1,0,20180719,ATL,NYL,2018,102180013729,1530,validated,,0,matched,playbyplayv2,1611661330,201913|201919|202250|202259|204327,complete,playbyplay_inferred,201881|201904|202638|203026|204322,complete,playbyplay_inferred,1611661330,Atlanta Dream
Shot Chart Detail,1021800137,41,203026,Tiffany Hayes,1611661313,New York Liberty,1,6,39,Missed Shot,Driving Layup Shot,2PT Field Goal,In The Paint (Non-RA),Left Side(L),8-16 ft.,8,-59,66,1,0,20180719,ATL,NYL,2018,102180013741,2010,validated,,0,matched,playbyplayv2,1611661330,201913|201919|202250|202259|204327,complete,playbyplay_inferred,201881|201904|202638|203026|204322,complete,playbyplay_inferred,1611661330,Atlanta Dream
Shot Chart Detail,1021800137,43,204322,Elizabeth Williams,1611661313,New York Liberty,1,6,36,Missed Shot,Putback Layup Shot,2PT Field Goal,Restricted Area,Center(C),Less Than 8 ft.,2,-22,9,1,0,20180719,ATL,NYL,2018,102180013743,2040,validated,,0,matched,playbyplayv2,1611661330,201913|201919|202250|202259|204327,complete,playbyplay_inferred,201881|201904|202638|203026|204322,complete,playbyplay_inferred,1611661330,Atlanta Dream
Shot Chart Detail,1021800137,45,204322,Elizabeth Williams,1611661313,New York Liberty,1,6,28,Made Shot,Putback Layup Shot,2PT Field Goal,Restricted Area,Center(C),Less Than 8 ft.,0,0,-6,1,1,20180719,ATL,NYL,2018,102180013745,2120,validated,,0,matched,playbyplayv2,1611661330,201913|201919|202250|202259|204327,complete,playbyplay_inferred,201881|201904|202638|203026|204322,complete,playbyplay_inferred,1611661330,Atlanta Dream
Shot Chart Detail,1021800137,47,201904,Renee Montgomery,1611661313,New York Liberty,1,6,16,Made Shot,Jump Shot,3PT Field Goal,Above the Break 3,Right Side Center(RC),16-24 ft.,23,128,195,1,1,20180719,ATL,NYL,2018,102180013747,2240,validated,203026,1,matched,playbyplayv2,1611661330,201913|201919|202250|202259|204327,complete,playbyplay_inferred,201881|201904|202638|203026|204322,complete,playbyplay_inferred,1611661330,Atlanta Dream
Shot Chart Detail,1021800137,51,202638,Jessica Breland,1611661313,New York Liberty,1,5,40,Missed Shot,Jump Shot,2PT Field Goal,Mid-Range,Right Side(R),8-16 ft.,15,150,3,1,0,20180719,ATL,NYL,2018,102180013751,2600,validated,,0,matched,playbyplayv2,1611661330,201913|201919|202250|202259|204327,complete,playbyplay_inferred,201881|201904|202638|203026|204322,complete,playbyplay_inferred,1611661330,Atlanta Dream
Shot Chart Detail,1021800137,55,203026,Tiffany Hayes,1611661313,New York Liberty,1,5,5,Made Shot,Driving Layup Shot,2PT Field Goal,In The Paint (Non-RA),Center(C),Less Than 8 ft.,6,-50,46,1,1,20180719,ATL,NYL,2018,102180013755,2950,validated,201881,1,matched,playbyplayv2,1611661330,201913|201919|202250|202259|204327,complete,playbyplay_inferred,201881|201904|202638|203026|204322,complete,playbyplay_inferred,1611661330,Atlanta Dream
Shot Chart Detail,1021800137,75,201881,Angel McCoughtry,1611661313,New York Liberty,1,4,14,Missed Shot,Pullup Jump shot,2PT Field Goal,Mid-Range,Right Side(R),16-24 ft.,18,159,104,1,0,20180719,ATL,NYL,2018,102180013775,3460,validated,,0,matched,playbyplayv2,1611661330,201913|202250|203829|204327|1628915,complete,playbyplay_inferred,201881|201904|202638|203026|204322,complete,playbyplay_inferred,1611661330,Atlanta Dream
Shot Chart Detail,1021800137,79,201904,Renee Montgomery,1611661313,New York Liberty,1,4,5,Made Shot,Jump Shot,3PT Field Goal,Above the Break 3,Right Side Center(RC),24+ ft.,24,167,180,1,1,20180719,ATL,NYL,2018,102180013779,3550,validated,201881,1,matched,playbyplayv2,1611661330,201913|202250|203829|204327|1628915,complete,playbyplay_inferred,201881|201904|202638|203026|204322,complete,playbyplay_inferred,1611661330,Atlanta Dream
Shot Chart Detail,1021800137,86,203026,Tiffany Hayes,1611661313,New York Liberty,1,3,43,Missed Shot,Layup Shot,2PT Field Goal,Restricted Area,Center(C),Less Than 8 ft.,1,13,-4,1,0,20180719,ATL,NYL,2018,102180013786,3770,validated,,0,matched,playbyplayv2,1611661330,201913|202250|203829|204327|1628915,complete,playbyplay_inferred,201881|201904|202638|203026|204322,complete,playbyplay_inferred,1611661330,Atlanta Dream
Shot Chart Detail,1021800137,93,201904,Renee Montgomery,1611661313,New York Liberty,1,3,15,Made Shot,Pullup Jump shot,3PT Field Goal,Above the Break 3,Right Side(R),16-24 ft.,23,192,136,1,1,20180719,ATL,NYL,2018,102180013793,4050,validated,,0,matched,playbyplayv2,1611661330,201913|202250|203829|204327|1628915,complete,playbyplay_inferred,201881|201904|202638|203026|204322,complete,playbyplay_inferred,1611661330,Atlanta Dream
Shot Chart Detail,1021800137,106,201904,Renee Montgomery,1611661313,New York Liberty,1,2,29,Missed Shot,Jump Shot,3PT Field Goal,Above the Break 3,Left Side(L),16-24 ft.,22,-198,113,1,0,20180719,ATL,NYL,2018,1021800137106,4510,validated,,0,matched,playbyplayv2,1611661330,201913|201919|202250|203829|1628915,complete,playbyplay_inferred,201881|201904|202638|203026|204322,complete,playbyplay_inferred,1611661330,Atlanta Dream
Shot Chart Detail,1021800137,108,202638,Jessica Breland,1611661313,New York Liberty,1,2,24,Missed Shot,Layup Shot,2PT Field Goal,Restricted Area,Center(C),Less Than 8 ft.,1,3,11,1,0,20180719,ATL,NYL,2018,1021800137108,4560,validated,,0,matched,playbyplayv2,1611661330,201913|201919|202250|203829|1628915,complete,playbyplay_inferred,201881|201904|202638|203026|204322,complete,playbyplay_inferred,1611661330,Atlanta Dream
Shot Chart Detail,1021800137,172,201904,Renee Montgomery,1611661313,New York Liberty,1,2,7,Missed Shot,Jump Shot,3PT Field Goal,Above the Break 3,Center(C),16-24 ft.,23,1,231,1,0,20180719,ATL,NYL,2018,1021800137172,4730,validated,,0,matched,playbyplayv2,1611661330,201919|203829|204320|204329|1628915,complete,playbyplay_inferred,201881|201904|202638|204322|1628279,complete,playbyplay_inferred,1611661330,Atlanta Dream
Shot Chart Detail,1021800137,120,201881,Angel McCoughtry,1611661313,New York Liberty,1,2,2,Missed Shot,Step Back Jump shot,3PT Field Goal,Above the Break 3,Right Side Center(RC),24+ ft.,23,97,217,1,0,20180719,ATL,NYL,2018,1021800137120,4780,validated,,0,matched,playbyplayv2,1611661330,201919|203829|204320|204329|1628915,complete,playbyplay_inferred,201881|201904|202638|204322|1628279,complete,playbyplay_inferred,1611661330,Atlanta Dream
Shot Chart Detail,1021800137,122,201881,Angel McCoughtry,1611661313,New York Liberty,1,1,57,Made Shot,Hook Shot,2PT Field Goal,Mid-Range,Center(C),16-24 ft.,17,-8,170,1,1,20180719,ATL,NYL,2018,1021800137122,4830,validated,201904,1,matched,playbyplayv2,1611661330,201919|203829|204320|204329|1628915,complete,playbyplay_inferred,201881|201904|202638|204322|1628279,complete,playbyplay_inferred,1611661330,Atlanta Dream
Shot Chart Detail,1021800137,127,202638,Jessica Breland,1611661313,New York Liberty,1,1,25,Made Shot,Turnaround Jump Shot,2PT Field Goal,Restricted Area,Center(C),Less Than 8 ft.,1,0,13,1,1,20180719,ATL,NYL,2018,1021800137127,5150,validated,201881,1,matched,playbyplayv2,1611661330,201919|203829|204320|204329|1628915,complete,playbyplay_inferred,201881|201904|202638|204322|1628279,complete,playbyplay_inferred,1611661330,Atlanta Dream
Shot Chart Detail,1021800137,147,201881,Angel McCoughtry,1611661313,New York Liberty,1,0,36,Missed Shot,Jump Shot,3PT Field Goal,Right Corner 3,Right Side(R),24+ ft.,23,231,-18,1,0,20180719,ATL,NYL,2018,1021800137147,5640,validated,,0,matched,playbyplayv2,1611661330,201889|201919|203829|204329|1628915,complete,playbyplay_inferred,201881|202638|203410|1627677|1628279,complete,playbyplay_inferred,1611661330,Atlanta Dream
Shot Chart Detail,1021800137,166,1628279,Brittney Sykes,1611661313,New York Liberty,2,9,29,Missed Shot,Jump Shot,3PT Field Goal,Right Corner 3,Right Side(R),24+ ft.,23,231,7,1,0,20180719,ATL,NYL,2018,1021800137166,6310,validated,,0,matched,playbyplayv2,1611661330,201889|201919|203829|204329|1628915,complete,playbyplay_inferred,203410|204355|1627677|1628279|1628881,complete,playbyplay_inferred,1611661330,Atlanta Dream
Shot Chart Detail,1021800137,175,203410,Alex Bentley,1611661313,New York Liberty,2,9,15,Missed Shot,Jump Shot,3PT Field Goal,Above the Break 3,Left Side Center(LC),24+ ft.,24,-150,195,1,0,20180719,ATL,NYL,2018,1021800137175,6450,validated,,0,matched,playbyplayv2,1611661330,201889|201919|203829|204329|1628915,complete,playbyplay_inferred,203410|204355|1627677|1628279|1628881,complete,playbyplay_inferred,1611661330,Atlanta Dream
Shot Chart Detail,1021800137,177,1628279,Brittney Sykes,1611661313,New York Liberty,2,9,9,Made Shot,Putback Layup Shot,2PT Field Goal,Restricted Area,Center(C),Less Than 8 ft.,0,2,-2,1,1,20180719,ATL,NYL,2018,1021800137177,6510,validated,,0,matched,playbyplayv2,1611661330,201889|201919|203829|204329|1628915,complete,playbyplay_inferred,203410|204355|1627677|1628279|1628881,complete,playbyplay_inferred,1611661330,Atlanta Dream
Shot Chart Detail,1021800137,180,1627677,Imani McGee-Stafford,1611661313,New York Liberty,2,8,37,Missed Shot,Layup Shot,2PT Field Goal,In The Paint (Non-RA),Center(C),Less Than 8 ft.,6,3,63,1,0,20180719,ATL,NYL,2018,1021800137180,6830,validated,,0,matched,playbyplayv2,1611661330,201889|201919|203829|204329|1628915,complete,playbyplay_inferred,203410|204355|1627677|1628279|1628881,complete,playbyplay_inferred,1611661330,Atlanta Dream
Shot Chart Detail,1021800137,183,1627677,Imani McGee-Stafford,1611661313,New York Liberty,2,8,30,Made Shot,Putback Layup Shot,2PT Field Goal,Restricted Area,Center(C),Less Than 8 ft.,0,0,-6,1,1,20180719,ATL,NYL,2018,1021800137183,6900,validated,,0,matched,playbyplayv2,1611661330,201889|201919|203829|204329|1628915,complete,playbyplay_inferred,203410|204355|1627677|1628279|1628881,complete,playbyplay_inferred,1611661330,Atlanta Dream
Shot Chart Detail,1021800137,186,1628279,Brittney Sykes,1611661313,New York Liberty,2,8,10,Missed Shot,Running Jump Shot,3PT Field Goal,Above the Break 3,Left Side Center(LC),24+ ft.,24,-147,197,1,0,20180719,ATL,NYL,2018,1021800137186,7100,validated,,0,matched,playbyplayv2,1611661330,201889|201919|203829|204329|1628915,complete,playbyplay_inferred,203410|204355|1627677|1628279|1628881,complete,playbyplay_inferred,1611661330,Atlanta Dream
Shot Chart Detail,1021800137,192,203410,Alex Bentley,1611661313,New York Liberty,2,7,59,Made Shot,Driving Floating Jump Shot,2PT Field Goal,In The Paint (Non-RA),Right Side(R),8-16 ft.,8,46,71,1,1,20180719,ATL,NYL,2018,1021800137192,7210,validated,,0,matched,playbyplayv2,1611661330,201919|202250|204327|204329|1628915,complete,playbyplay_inferred,203410|204355|1627677|1628279|1628881,complete,playbyplay_inferred,1611661330,Atlanta Dream
Shot Chart Detail,1021800137,195,1628881,Monique Billings,1611661313,New York Liberty,2,7,28,Made Shot,Driving Layup Shot,2PT Field Goal,Restricted Area,Center(C),Less Than 8 ft.,3,-26,20,1,1,20180719,ATL,NYL,2018,1021800137195,7520,validated,1628279,1,matched,playbyplayv2,1611661330,201919|202250|204327|204329|1628915,complete,playbyplay_inferred,203410|204355|1627677|1628279|1628881,complete,playbyplay_inferred,1611661330,Atlanta Dream
Shot Chart Detail,1021800137,208,1628279,Brittney Sykes,1611661313,New York Liberty,2,6,59,Missed Shot,Step Back Jump shot,2PT Field Goal,Mid-Range,Right Side(R),8-16 ft.,12,116,46,1,0,20180719,ATL,NYL,2018,1021800137208,7810,validated,,0,matched,playbyplayv2,1611661330,201919|202250|203411|204327|204329,complete,playbyplay_inferred,202638|203410|204322|204355|1628279,complete,playbyplay_inferred,1611661330,Atlanta Dream
Shot Chart Detail,1021800137,216,204322,Elizabeth Williams,1611661313,New York Liberty,2,6,51,Missed Shot,Turnaround Hook Shot,2PT Field Goal,In The Paint (Non-RA),Center(C),8-16 ft.,8,-6,83,1,0,20180719,ATL,NYL,2018,1021800137216,7890,validated,,0,matched,playbyplayv2,1611661330,201913|201919|202250|203411|204327,complete,playbyplay_inferred,202638|203026|203410|204322|1628279,complete,playbyplay_inferred,1611661330,Atlanta Dream
Shot Chart Detail,1021800137,219,203026,Tiffany Hayes,1611661313,New York Liberty,2,6,15,Missed Shot,Jump Shot,3PT Field Goal,Above the Break 3,Left Side Center(LC),24+ ft.,24,-158,189,1,0,20180719,ATL,NYL,2018,1021800137219,8250,validated,,0,matched,playbyplayv2,1611661330,201913|201919|202250|203411|204327,complete,playbyplay_inferred,202638|203026|203410|204322|1628279,complete,playbyplay_inferred,1611661330,Atlanta Dream
Shot Chart Detail,1021800137,234,203026,Tiffany Hayes,1611661313,New York Liberty,2,5,5,Made Shot,Driving Reverse Layup Shot,2PT Field Goal,Restricted Area,Center(C),Less Than 8 ft.,0,3,0,1,1,20180719,ATL,NYL,2018,1021800137234,8950,validated,,0,matched,playbyplayv2,1611661330,201913|202250|202259|203411|204327,complete,playbyplay_inferred,202638|203026|203410|204322|1628279,complete,playbyplay_inferred,1611661330,Atlanta Dream
Shot Chart Detail,1021800137,252,203410,Alex Bentley,1611661313,New York Liberty,2,4,5,Missed Shot,Pullup Jump shot,2PT Field Goal,Mid-Range,Left Side Center(LC),16-24 ft.,18,-145,110,1,0,20180719,ATL,NYL,2018,1021800137252,9550,validated,,0,matched,playbyplayv2,1611661330,201913|202250|202259|203411|204327,complete,playbyplay_inferred,201881|202638|203026|203410|204322,complete,playbyplay_inferred,1611661330,Atlanta Dream
Shot Chart Detail,1021800137,261,204322,Elizabeth Williams,1611661313,New York Liberty,2,3,37,Made Shot,Cutting Layup Shot,2PT Field Goal,Restricted Area,Center(C),Less Than 8 ft.,0,2,7,1,1,20180719,ATL,NYL,2018,1021800137261,9830,validated,201881,1,matched,playbyplayv2,1611661330,201913|202250|202259|203411|203829,complete,playbyplay_inferred,201881|202638|203026|203410|204322,complete,playbyplay_inferred,1611661330,Atlanta Dream
Shot Chart Detail,1021800137,270,204322,Elizabeth Williams,1611661313,New York Liberty,2,2,53,Made Shot,Layup Shot,2PT Field Goal,Restricted Area,Center(C),Less Than 8 ft.,0,5,-5,1,1,20180719,ATL,NYL,2018,1021800137270,10270,validated,201881,1,matched,playbyplayv2,1611661330,201913|202250|202259|203411|203829,complete,playbyplay_inferred,201881|202638|203026|203410|204322,complete,playbyplay_inferred,1611661330,Atlanta Dream
Shot Chart Detail,1021800137,283,201881,Angel McCoughtry,1611661313,New York Liberty,2,2,28,Missed Shot,Driving Layup Shot,2PT Field Goal,Restricted Area,Center(C),Less Than 8 ft.,1,14,2,1,0,20180719,ATL,NYL,2018,1021800137283,10520,validated,,0,matched,playbyplayv2,1611661330,201913|202259|203829|204320|1628915,complete,playbyplay_inferred,201881|201904|202638|203026|204322,complete,playbyplay_inferred,1611661330,Atlanta Dream
Shot Chart Detail,1021800137,290,201904,Renee Montgomery,1611661313,New York Liberty,2,2,17,Made Shot,Jump Shot,3PT Field Goal,Above the Break 3,Right Side(R),24+ ft.,22,221,41,1,1,20180719,ATL,NYL,2018,1021800137290,10630,validated,201881,1,matched,playbyplayv2,1611661330,201913|202259|203829|204320|1628915,complete,playbyplay_inferred,201881|201904|202638|203026|204322,complete,playbyplay_inferred,1611661330,Atlanta Dream
Shot Chart Detail,1021800137,299,201881,Angel McCoughtry,1611661313,New York Liberty,2,1,44,Made Shot,Jump Shot,3PT Field Goal,Above the Break 3,Center(C),24+ ft.,24,-73,229,1,1,20180719,ATL,NYL,2018,1021800137299,10960,validated,201904,1,matched,playbyplayv2,1611661330,201913|202259|203829|204320|1628915,complete,playbyplay_inferred,201881|201904|202638|203026|1627677,complete,playbyplay_inferred,1611661330,Atlanta Dream
Shot Chart Detail,1021800137,307,201904,Renee Montgomery,1611661313,New York Liberty,2,1,9,Made Shot,Pullup Jump shot,3PT Field Goal,Above the Break 3,Right Side Center(RC),16-24 ft.,23,170,160,1,1,20180719,ATL,NYL,2018,1021800137307,11310,validated,,0,matched,playbyplayv2,1611661330,201913|202259|203829|204320|1628915,complete,playbyplay_inferred,201881|201904|203026|1627677|1628881,complete,playbyplay_inferred,1611661330,Atlanta Dream
Shot Chart Detail,1021800137,313,201904,Renee Montgomery,1611661313,New York Liberty,2,0,36,Missed Shot,Step Back Jump shot,3PT Field Goal,Above the Break 3,Center(C),24+ ft.,23,-36,235,1,0,20180719,ATL,NYL,2018,1021800137313,11640,validated,,0,matched,playbyplayv2,1611661330,201913|202259|203829|204320|1628915,complete,playbyplay_inferred,201881|201904|203026|1627677|1628881,complete,playbyplay_inferred,1611661330,Atlanta Dream
Shot Chart Detail,1021800137,322,201881,Angel McCoughtry,1611661313,New York Liberty,2,0,6,Missed Shot,Jump Shot,3PT Field Goal,Above the Break 3,Right Side(R),16-24 ft.,22,205,98,1,0,20180719,ATL,NYL,2018,1021800137322,11940,validated,,0,matched,playbyplayv2,1611661330,201913|202259|203829|204320|1628915,complete,playbyplay_inferred,201881|201904|203026|1627677|1628881,complete,playbyplay_inferred,1611661330,Atlanta Dream
Shot Chart Detail,1021800137,328,201904,Renee Montgomery,1611661313,New York Liberty,2,0,1,Missed Shot,Step Back Jump shot,3PT Field Goal,Above the Break 3,Left Side Center(LC),16-24 ft.,23,-162,170,1,0,20180719,ATL,NYL,2018,1021800137328,11990,validated,,0,matched,playbyplayv2,1611661330,201913|202259|203829|204320|1628915,complete,playbyplay_inferred,201881|201904|203026|1627677|1628881,complete,playbyplay_inferred,1611661330,Atlanta Dream
Shot Chart Detail,1021800137,343,202638,Jessica Breland,1611661313,New York Liberty,3,9,41,Made Shot,Pullup Jump shot,2PT Field Goal,In The Paint (Non-RA),Center(C),8-16 ft.,11,32,111,1,1,20180719,ATL,NYL,2018,1021800137343,12190,validated,201904,1,matched,playbyplayv2,1611661330,201913|202250|202259|204327|1628915,complete,playbyplay_inferred,201881|201904|202638|203026|204322,complete,playbyplay_inferred,1611661330,Atlanta Dream
Shot Chart Detail,1021800137,347,201904,Renee Montgomery,1611661313,New York Liberty,3,9,2,Made Shot,Step Back Jump shot,3PT Field Goal,Above the Break 3,Left Side Center(LC),24+ ft.,23,-131,200,1,1,20180719,ATL,NYL,2018,1021800137347,12580,validated,204322,1,matched,playbyplayv2,1611661330,201913|202250|202259|204327|1628915,complete,playbyplay_inferred,201881|201904|202638|203026|204322,complete,playbyplay_inferred,1611661330,Atlanta Dream
Shot Chart Detail,1021800137,355,203026,Tiffany Hayes,1611661313,New York Liberty,3,8,18,Made Shot,Running Layup Shot,2PT Field Goal,Restricted Area,Center(C),Less Than 8 ft.,0,3,2,1,1,20180719,ATL,NYL,2018,1021800137355,13020,validated,201904,1,matched,playbyplayv2,1611661330,201913|202250|202259|204327|1628915,complete,playbyplay_inferred,201881|201904|202638|203026|204322,complete,playbyplay_inferred,1611661330,Atlanta Dream
Shot Chart Detail,1021800137,366,201881,Angel McCoughtry,1611661313,New York Liberty,3,7,32,Missed Shot,Pullup Jump shot,2PT Field Goal,Mid-Range,Center(C),16-24 ft.,16,17,168,1,0,20180719,ATL,NYL,2018,1021800137366,13480,validated,,0,matched,playbyplayv2,1611661330,201913|202250|203829|204327|1628915,complete,playbyplay_inferred,201881|201904|202638|203026|204322,complete,playbyplay_inferred,1611661330,Atlanta Dream
Shot Chart Detail,1021800137,374,203026,Tiffany Hayes,1611661313,New York Liberty,3,6,53,Made Shot,Pullup Jump shot,2PT Field Goal,In The Paint (Non-RA),Center(C),8-16 ft.,14,42,135,1,1,20180719,ATL,NYL,2018,1021800137374,13870,validated,,0,matched,playbyplayv2,1611661330,201913|202250|203829|204327|1628915,complete,playbyplay_inferred,201881|201904|202638|203026|204322,complete,playbyplay_inferred,1611661330,Atlanta Dream
Shot Chart Detail,1021800137,377,202638,Jessica Breland,1611661313,New York Liberty,3,6,12,Missed Shot,Reverse Layup Shot,2PT Field Goal,Restricted Area,Center(C),Less Than 8 ft.,1,4,18,1,0,20180719,ATL,NYL,2018,1021800137377,14280,validated,,0,matched,playbyplayv2,1611661330,201913|202250|203829|204327|1628915,complete,playbyplay_inferred,201881|201904|202638|203026|204322,complete,playbyplay_inferred,1611661330,Atlanta Dream
Shot Chart Detail,1021800137,391,203026,Tiffany Hayes,1611661313,New York Liberty,3,5,50,Missed Shot,Driving Layup Shot,2PT Field Goal,Restricted Area,Center(C),Less Than 8 ft.,3,25,31,1,0,20180719,ATL,NYL,2018,1021800137391,14500,validated,,0,matched,playbyplayv2,1611661330,201913|202250|203829|204327|1628915,complete,playbyplay_inferred,201881|201904|202638|203026|204322,complete,playbyplay_inferred,1611661330,Atlanta Dream
Shot Chart Detail,1021800137,396,202638,Jessica Breland,1611661313,New York Liberty,3,5,32,Missed Shot,Jump Shot,2PT Field Goal,Mid-Range,Center(C),16-24 ft.,19,19,194,1,0,20180719,ATL,NYL,2018,1021800137396,14680,validated,,0,matched,playbyplayv2,1611661330,201913|202250|203829|204327|1628915,complete,playbyplay_inferred,201881|201904|202638|203026|204322,complete,playbyplay_inferred,1611661330,Atlanta Dream
Shot Chart Detail,1021800137,400,203026,Tiffany Hayes,1611661313,New York Liberty,3,5,19,Made Shot,Running Layup Shot,2PT Field Goal,Restricted Area,Center(C),Less Than 8 ft.,0,6,7,1,1,20180719,ATL,NYL,2018,1021800137400,14810,validated,201904,1,matched,playbyplayv2,1611661330,201913|202250|203829|204327|1628915,complete,playbyplay_inferred,201881|201904|202638|203026|204322,complete,playbyplay_inferred,1611661330,Atlanta Dream
Shot Chart Detail,1021800137,413,201881,Angel McCoughtry,1611661313,New York Liberty,3,4,32,Missed Shot,Pullup Jump shot,2PT Field Goal,Mid-Range,Left Side Center(LC),16-24 ft.,18,-108,154,1,0,20180719,ATL,NYL,2018,1021800137413,15280,validated,,0,matched,playbyplayv2,1611661330,201913|202250|203829|204296|204327,complete,playbyplay_inferred,201881|201904|202638|203026|204322,complete,playbyplay_inferred,1611661330,Atlanta Dream
Shot Chart Detail,1021800137,420,201904,Renee Montgomery,1611661313,New York Liberty,3,4,14,Made Shot,Jump Shot,3PT Field Goal,Above the Break 3,Center(C),24+ ft.,24,62,233,1,1,20180719,ATL,NYL,2018,1021800137420,15460,validated,203026,1,matched,playbyplayv2,1611661330,201913|202250|203829|204296|204327,complete,playbyplay_inferred,201881|201904|202638|203026|204322,complete,playbyplay_inferred,1611661330,Atlanta Dream
Shot Chart Detail,1021800137,430,203026,Tiffany Hayes,1611661313,New York Liberty,3,3,27,Missed Shot,Jump Shot,3PT Field Goal,Above the Break 3,Left Side Center(LC),24+ ft.,23,-119,206,1,0,20180719,ATL,NYL,2018,1021800137430,15930,validated,,0,matched,playbyplayv2,1611661330,201913|202250|203829|204296|204327,complete,playbyplay_inferred,201881|201904|202638|203026|204322,complete,playbyplay_inferred,1611661330,Atlanta Dream
Shot Chart Detail,1021800137,440,203026,Tiffany Hayes,1611661313,New York Liberty,3,2,36,Made Shot,Driving Layup Shot,2PT Field Goal,Restricted Area,Center(C),Less Than 8 ft.,0,2,-1,1,1,20180719,ATL,NYL,2018,1021800137440,16440,validated,202638,1,matched,playbyplayv2,1611661330,201913|202250|203829|204296|204327,complete,playbyplay_inferred,201881|201904|202638|203026|204322,complete,playbyplay_inferred,1611661330,Atlanta Dream
Shot Chart Detail,1021800137,448,202638,Jessica Breland,1611661313,New York Liberty,3,2,0,Made Shot,Turnaround Fadeaway Bank Jump Shot,2PT Field Goal,In The Paint (Non-RA),Center(C),8-16 ft.,12,41,120,1,1,20180719,ATL,NYL,2018,1021800137448,16800,validated,,0,matched,playbyplayv2,1611661330,201913|202250|203829|204296|204327,complete,playbyplay_inferred,201881|201904|202638|203026|204322,complete,playbyplay_inferred,1611661330,Atlanta Dream
Shot Chart Detail,1021800137,451,201881,Angel McCoughtry,1611661313,New York Liberty,3,1,24,Missed Shot,Jump Shot,3PT Field Goal,Above the Break 3,Left Side Center(LC),24+ ft.,23,-119,208,1,0,20180719,ATL,NYL,2018,1021800137451,17160,validated,,0,matched,playbyplayv2,1611661330,201913|202250|203829|204296|204327,complete,playbyplay_inferred,201881|201904|202638|203026|204322,complete,playbyplay_inferred,1611661330,Atlanta Dream
Shot Chart Detail,1021800137,470,203410,Alex Bentley,1611661313,New York Liberty,3,0,16,Missed Shot,Step Back Jump shot,2PT Field Goal,Mid-Range,Right Side(R),16-24 ft.,19,175,82,1,0,20180719,ATL,NYL,2018,1021800137470,17840,validated,,0,matched,playbyplayv2,1611661330,201913|202250|203411|203829|204296,complete,playbyplay_inferred,202638|203026|203410|1627677|1628279,complete,playbyplay_inferred,1611661330,Atlanta Dream
Shot Chart Detail,1021800137,483,203026,Tiffany Hayes,1611661313,New York Liberty,4,9,43,Made Shot,Jump Shot,3PT Field Goal,Above the Break 3,Left Side Center(LC),24+ ft.,24,-110,220,1,1,20180719,ATL,NYL,2018,1021800137483,18170,validated,203410,1,matched,playbyplayv2,1611661330,203411|203829|204296|204320|204329,complete,playbyplay_inferred,203026|203410|1627677|1628279|1628881,complete,playbyplay_inferred,1611661330,Atlanta Dream
Shot Chart Detail,1021800137,487,203410,Alex Bentley,1611661313,New York Liberty,4,9,13,Missed Shot,Jump Shot,2PT Field Goal,Mid-Range,Center(C),16-24 ft.,19,-47,189,1,0,20180719,ATL,NYL,2018,1021800137487,18470,validated,,0,matched,playbyplayv2,1611661330,203411|203829|204296|204320|204329,complete,playbyplay_inferred,203026|203410|1627677|1628279|1628881,complete,playbyplay_inferred,1611661330,Atlanta Dream
Shot Chart Detail,1021800137,489,1627677,Imani McGee-Stafford,1611661313,New York Liberty,4,9,10,Missed Shot,Running Layup Shot,2PT Field Goal,Restricted Area,Center(C),Less Than 8 ft.,1,6,18,1,0,20180719,ATL,NYL,2018,1021800137489,18500,validated,,0,matched,playbyplayv2,1611661330,203411|203829|204296|204320|204329,complete,playbyplay_inferred,203026|203410|1627677|1628279|1628881,complete,playbyplay_inferred,1611661330,Atlanta Dream
Shot Chart Detail,1021800137,493,203410,Alex Bentley,1611661313,New York Liberty,4,8,49,Missed Shot,Jump Shot,2PT Field Goal,Mid-Range,Left Side(L),16-24 ft.,19,-170,93,1,0,20180719,ATL,NYL,2018,1021800137493,18710,validated,,0,matched,playbyplayv2,1611661330,203411|203829|204296|204320|204329,complete,playbyplay_inferred,203026|203410|1627677|1628279|1628881,complete,playbyplay_inferred,1611661330,Atlanta Dream
Shot Chart Detail,1021800137,504,1627677,Imani McGee-Stafford,1611661313,New York Liberty,4,8,8,Missed Shot,Jump Shot,2PT Field Goal,Mid-Range,Center(C),16-24 ft.,16,-43,160,1,0,20180719,ATL,NYL,2018,1021800137504,19120,validated,,0,matched,playbyplayv2,1611661330,203411|203829|204296|204320|204329,complete,playbyplay_inferred,203026|203410|1627677|1628279|1628881,complete,playbyplay_inferred,1611661330,Atlanta Dream
Shot Chart Detail,1021800137,518,1628279,Brittney Sykes,1611661313,New York Liberty,4,7,26,Missed Shot,Jump Shot,2PT Field Goal,Mid-Range,Center(C),16-24 ft.,22,-9,224,1,0,20180719,ATL,NYL,2018,1021800137518,19540,validated,,0,matched,playbyplayv2,1611661330,203411|203829|204296|204320|204329,complete,playbyplay_inferred,203410|204355|1627677|1628279|1628881,complete,playbyplay_inferred,1611661330,Atlanta Dream
Shot Chart Detail,1021800137,520,1628881,Monique Billings,1611661313,New York Liberty,4,7,26,Missed Shot,Putback Layup Shot,2PT Field Goal,Restricted Area,Center(C),Less Than 8 ft.,2,17,11,1,0,20180719,ATL,NYL,2018,1021800137520,19540,validated,,0,matched,playbyplayv2,1611661330,203411|203829|204296|204320|204329,complete,playbyplay_inferred,203410|204355|1627677|1628279|1628881,complete,playbyplay_inferred,1611661330,Atlanta Dream
Shot Chart Detail,1021800137,522,203410,Alex Bentley,1611661313,New York Liberty,4,7,18,Missed Shot,Jump Shot,3PT Field Goal,Above the Break 3,Right Side Center(RC),24+ ft.,24,214,117,1,0,20180719,ATL,NYL,2018,1021800137522,19620,validated,,0,matched,playbyplayv2,1611661330,203411|203829|204296|204320|204329,complete,playbyplay_inferred,203410|204355|1627677|1628279|1628881,complete,playbyplay_inferred,1611661330,Atlanta Dream
Shot Chart Detail,1021800137,526,1628881,Monique Billings,1611661313,New York Liberty,4,6,45,Missed Shot,Driving Layup Shot,2PT Field Goal,In The Paint (Non-RA),Center(C),Less Than 8 ft.,6,41,44,1,0,20180719,ATL,NYL,2018,1021800137526,19950,validated,,0,matched,playbyplayv2,1611661330,203411|203829|204296|204320|204329,complete,playbyplay_inferred,203410|204355|1627677|1628279|1628881,complete,playbyplay_inferred,1611661330,Atlanta Dream
Shot Chart Detail,1021800137,534,1627677,Imani McGee-Stafford,1611661313,New York Liberty,4,6,21,Missed Shot,Jump Shot,2PT Field Goal,Mid-Range,Left Side Center(LC),16-24 ft.,16,-58,156,1,0,20180719,ATL,NYL,2018,1021800137534,20190,validated,,0,matched,playbyplayv2,1611661330,203411|203829|204296|204320|204329,complete,playbyplay_inferred,203410|204355|1627677|1628279|1628881,complete,playbyplay_inferred,1611661330,Atlanta Dream
Shot Chart Detail,1021800137,536,1627677,Imani McGee-Stafford,1611661313,New York Liberty,4,6,16,Missed Shot,Putback Layup Shot,2PT Field Goal,In The Paint (Non-RA),Center(C),8-16 ft.,10,39,102,1,0,20180719,ATL,NYL,2018,1021800137536,20240,validated,,0,matched,playbyplayv2,1611661330,203411|203829|204296|204320|204329,complete,playbyplay_inferred,203410|204355|1627677|1628279|1628881,complete,playbyplay_inferred,1611661330,Atlanta Dream
Shot Chart Detail,1021800137,538,203410,Alex Bentley,1611661313,New York Liberty,4,6,1,Missed Shot,Pullup Jump shot,2PT Field Goal,Mid-Range,Center(C),16-24 ft.,16,3,168,1,0,20180719,ATL,NYL,2018,1021800137538,20390,validated,,0,matched,playbyplayv2,1611661330,203411|203829|204296|204320|204329,complete,playbyplay_inferred,203410|204355|1627677|1628279|1628881,complete,playbyplay_inferred,1611661330,Atlanta Dream
Shot Chart Detail,1021800137,547,203410,Alex Bentley,1611661313,New York Liberty,4,5,24,Missed Shot,Jump Shot,2PT Field Goal,Mid-Range,Right Side Center(RC),16-24 ft.,19,75,181,1,0,20180719,ATL,NYL,2018,1021800137547,20760,validated,,0,matched,playbyplayv2,1611661330,203411|204296|204320|204327|204329,complete,playbyplay_inferred,203410|204355|1627677|1628279|1628881,complete,playbyplay_inferred,1611661330,Atlanta Dream
Shot Chart Detail,1021800137,556,1628881,Monique Billings,1611661313,New York Liberty,4,4,56,Missed Shot,Jump Shot,2PT Field Goal,In The Paint (Non-RA),Center(C),8-16 ft.,11,15,118,1,0,20180719,ATL,NYL,2018,1021800137556,21040,validated,,0,matched,playbyplayv2,1611661330,203411|204296|204320|204327|204329,complete,playbyplay_inferred,203410|204355|1627677|1628279|1628881,complete,playbyplay_inferred,1611661330,Atlanta Dream
Shot Chart Detail,1021800137,558,1627677,Imani McGee-Stafford,1611661313,New York Liberty,4,4,53,Missed Shot,Jump Shot,2PT Field Goal,Restricted Area,Center(C),Less Than 8 ft.,3,20,25,1,0,20180719,ATL,NYL,2018,1021800137558,21070,validated,,0,matched,playbyplayv2,1611661330,203411|204296|204320|204327|204329,complete,playbyplay_inferred,203410|204355|1627677|1628279|1628881,complete,playbyplay_inferred,1611661330,Atlanta Dream
Shot Chart Detail,1021800137,560,203410,Alex Bentley,1611661313,New York Liberty,4,4,46,Missed Shot,Step Back Jump shot,3PT Field Goal,Above the Break 3,Center(C),16-24 ft.,23,41,233,1,0,20180719,ATL,NYL,2018,1021800137560,21140,validated,,0,matched,playbyplayv2,1611661330,203411|204296|204320|204327|204329,complete,playbyplay_inferred,203410|204355|1627677|1628279|1628881,complete,playbyplay_inferred,1611661330,Atlanta Dream
Shot Chart Detail,1021800137,566,1628279,Brittney Sykes,1611661313,New York Liberty,4,4,23,Missed Shot,Jump Shot,3PT Field Goal,Above the Break 3,Left Side Center(LC),16-24 ft.,23,-119,205,1,0,20180719,ATL,NYL,2018,1021800137566,21370,validated,,0,matched,playbyplayv2,1611661330,203411|204296|204320|204327|204329,complete,playbyplay_inferred,203410|204355|1627677|1628279|1628881,complete,playbyplay_inferred,1611661330,Atlanta Dream
Shot Chart Detail,1021800137,578,204355,Blake Dietrick,1611661313,New York Liberty,4,3,33,Missed Shot,Jump Shot,3PT Field Goal,Above the Break 3,Center(C),24+ ft.,24,57,241,1,0,20180719,ATL,NYL,2018,1021800137578,21870,validated,,0,matched,playbyplayv2,1611661330,203411|204296|204320|204327|204329,complete,playbyplay_inferred,203410|204355|1627677|1628279|1628881,complete,playbyplay_inferred,1611661330,Atlanta Dream
Shot Chart Detail,1021800137,582,1628881,Monique Billings,1611661313,New York Liberty,4,3,8,Missed Shot,Driving Layup Shot,2PT Field Goal,In The Paint (Non-RA),Center(C),8-16 ft.,9,-16,95,1,0,20180719,ATL,NYL,2018,1021800137582,22120,validated,,0,matched,playbyplayv2,1611661330,203411|204296|204320|204327|204329,complete,playbyplay_inferred,203410|204355|1627677|1628279|1628881,complete,playbyplay_inferred,1611661330,Atlanta Dream
Shot Chart Detail,1021800137,588,1628279,Brittney Sykes,1611661313,New York Liberty,4,2,44,Made Shot,Driving Layup Shot,2PT Field Goal,Restricted Area,Center(C),Less Than 8 ft.,1,-16,-4,1,1,20180719,ATL,NYL,2018,1021800137588,22360,validated,,0,matched,playbyplayv2,1611661330,203411|204296|204320|204327|204329,complete,playbyplay_inferred,203410|204355|1627677|1628279|1628881,complete,playbyplay_inferred,1611661330,Atlanta Dream
Shot Chart Detail,1021800137,591,1628279,Brittney Sykes,1611661313,New York Liberty,4,2,4,Missed Shot,Jump Shot,3PT Field Goal,Above the Break 3,Right Side Center(RC),24+ ft.,24,213,115,1,0,20180719,ATL,NYL,2018,1021800137591,22760,validated,,0,matched,playbyplayv2,1611661330,203411|204296|204320|204327|204329,complete,playbyplay_inferred,203410|204355|1627677|1628279|1628881,complete,playbyplay_inferred,1611661330,Atlanta Dream
Shot Chart Detail,1021800137,593,203410,Alex Bentley,1611661313,New York Liberty,4,1,52,Missed Shot,Jump Shot,2PT Field Goal,Mid-Range,Left Side Center(LC),16-24 ft.,20,-67,193,1,0,20180719,ATL,NYL,2018,1021800137593,22880,validated,,0,matched,playbyplayv2,1611661330,203411|204296|204320|204327|204329,complete,playbyplay_inferred,203410|204355|1627677|1628279|1628881,complete,playbyplay_inferred,1611661330,Atlanta Dream
Shot Chart Detail,1021800137,595,1627677,Imani McGee-Stafford,1611661313,New York Liberty,4,1,49,Missed Shot,Jump Shot,2PT Field Goal,Restricted Area,Center(C),Less Than 8 ft.,2,19,16,1,0,20180719,ATL,NYL,2018,1021800137595,22910,validated,,0,matched,playbyplayv2,1611661330,203411|204296|204320|204327|204329,complete,playbyplay_inferred,203410|204355|1627677|1628279|1628881,complete,playbyplay_inferred,1611661330,Atlanta Dream
Shot Chart Detail,1021800137,608,1628279,Brittney Sykes,1611661313,New York Liberty,4,0,49,Made Shot,Pullup Jump shot,2PT Field Goal,Mid-Range,Center(C),16-24 ft.,17,-41,166,1,1,20180719,ATL,NYL,2018,1021800137608,23510,validated,,0,matched,playbyplayv2,1611661330,203411|204296|204320|204327|204329,complete,playbyplay_inferred,203410|204355|1627677|1628279|1628881,complete,playbyplay_inferred,1611661330,Atlanta Dream
Shot Chart Detail,1021800137,611,1627677,Imani McGee-Stafford,1611661313,New York Liberty,4,0,22,Missed Shot,Jump Shot,2PT Field Goal,In The Paint (Non-RA),Center(C),8-16 ft.,9,18,93,1,0,20180719,ATL,NYL,2018,1021800137611,23780,validated,,0,matched,playbyplayv2,1611661330,203411|204296|204320|204327|204329,complete,playbyplay_inferred,203410|204355|1627677|1628279|1628881,complete,playbyplay_inferred,1611661330,Atlanta Dream
Shot Chart Detail,1021800143,7,1628878,Ariel Atkins,1611661313,New York Liberty,1,9,41,Missed Shot,Jump Shot,3PT Field Goal,Above the Break 3,Right Side(R),16-24 ft.,22,219,40,1,0,20180721,NYL,WAS,2018,10218001437,190,validated,,0,matched,playbyplayv2,1611661322,201889|201913|202250|203411|204327,complete,playbyplay_inferred,200673|201506|201911|203399|1628878,complete,playbyplay_inferred,1611661322,Washington Mystics
Shot Chart Detail,1021800143,11,1628878,Ariel Atkins,1611661313,New York Liberty,1,9,29,Made Shot,Pullup Jump shot,2PT Field Goal,Mid-Range,Center(C),16-24 ft.,16,-36,166,1,1,20180721,NYL,WAS,2018,102180014311,310,validated,,0,matched,playbyplayv2,1611661322,201889|201913|202250|203411|204327,complete,playbyplay_inferred,200673|201506|201911|203399|1628878,complete,playbyplay_inferred,1611661322,Washington Mystics
Shot Chart Detail,1021800143,17,201911,Kristi Toliver,1611661313,New York Liberty,1,8,11,Made Shot,Turnaround Jump Shot,2PT Field Goal,Mid-Range,Right Side Center(RC),16-24 ft.,16,74,146,1,1,20180721,NYL,WAS,2018,102180014317,1090,validated,,0,matched,playbyplayv2,1611661322,201889|201913|202250|203411|204327,complete,playbyplay_inferred,200673|201506|201911|203399|1628878,complete,playbyplay_inferred,1611661322,Washington Mystics
Shot Chart Detail,1021800143,20,201506,LaToya Sanders,1611661313,New York Liberty,1,7,48,Missed Shot,Pullup Jump shot,2PT Field Goal,In The Paint (Non-RA),Right Side(R),8-16 ft.,10,74,80,1,0,20180721,NYL,WAS,2018,102180014320,1320,validated,,0,matched,playbyplayv2,1611661322,201889|201913|202250|203411|204327,complete,playbyplay_inferred,200673|201506|201911|203399|1628878,complete,playbyplay_inferred,1611661322,Washington Mystics
Shot Chart Detail,1021800143,22,203399,Elena Delle Donne,1611661313,New York Liberty,1,7,41,Made Shot,Fadeaway Jump Shot,2PT Field Goal,Mid-Range,Left Side(L),8-16 ft.,9,-86,48,1,1,20180721,NYL,WAS,2018,102180014322,1390,validated,1628878,1,matched,playbyplayv2,1611661322,201889|201913|202250|203411|204327,complete,playbyplay_inferred,200673|201506|201911|203399|1628878,complete,playbyplay_inferred,1611661322,Washington Mystics
Shot Chart Detail,1021800143,26,1628878,Ariel Atkins,1611661313,New York Liberty,1,7,7,Made Shot,Jump Shot,3PT Field Goal,Above the Break 3,Left Side Center(LC),24+ ft.,25,-85,236,1,1,20180721,NYL,WAS,2018,102180014326,1730,validated,201911,1,matched,playbyplayv2,1611661322,201889|201913|202250|203411|204327,complete,playbyplay_inferred,200673|201506|201911|203399|1628878,complete,playbyplay_inferred,1611661322,Washington Mystics
Shot Chart Detail,1021800143,34,203399,Elena Delle Donne,1611661313,New York Liberty,1,6,31,Made Shot,Cutting Layup Shot,2PT Field Goal,Restricted Area,Center(C),Less Than 8 ft.,1,7,15,1,1,20180721,NYL,WAS,2018,102180014334,2090,validated,201911,1,matched,playbyplayv2,1611661322,201889|201913|202250|203411|204327,complete,playbyplay_inferred,200673|201506|201911|203399|1628878,complete,playbyplay_inferred,1611661322,Washington Mystics
Shot Chart Detail,1021800143,39,200673,Monique Currie,1611661313,New York Liberty,1,5,55,Missed Shot,Jump Shot,3PT Field Goal,Above the Break 3,Left Side Center(LC),16-24 ft.,23,-83,222,1,0,20180721,NYL,WAS,2018,102180014339,2450,validated,,0,matched,playbyplayv2,1611661322,201889|201913|202250|203411|204327,complete,playbyplay_inferred,200673|201506|201911|203399|1628878,complete,playbyplay_inferred,1611661322,Washington Mystics
Shot Chart Detail,1021800143,43,203399,Elena Delle Donne,1611661313,New York Liberty,1,5,35,Made Shot,Pullup Jump shot,3PT Field Goal,Above the Break 3,Left Side Center(LC),24+ ft.,24,-130,205,1,1,20180721,NYL,WAS,2018,102180014343,2650,validated,,0,matched,playbyplayv2,1611661322,201889|201913|202250|203411|204327,complete,playbyplay_inferred,200673|201506|201911|203399|1628878,complete,playbyplay_inferred,1611661322,Washington Mystics
Shot Chart Detail,1021800143,46,203399,Elena Delle Donne,1611661313,New York Liberty,1,5,3,Made Shot,Jump Shot,3PT Field Goal,Above the Break 3,Right Side Center(RC),24+ ft.,25,113,228,1,1,20180721,NYL,WAS,2018,102180014346,2970,validated,1628878,1,matched,playbyplayv2,1611661322,201889|201913|202250|203411|204327,complete,playbyplay_inferred,200673|201506|201911|203399|1628878,complete,playbyplay_inferred,1611661322,Washington Mystics
Shot Chart Detail,1021800143,56,203399,Elena Delle Donne,1611661313,New York Liberty,1,3,59,Made Shot,Turnaround Jump Shot,2PT Field Goal,Mid-Range,Left Side(L),8-16 ft.,14,-115,90,1,1,20180721,NYL,WAS,2018,102180014356,3610,validated,201911,1,matched,playbyplayv2,1611661322,201889|201913|202250|203411|204327,complete,playbyplay_inferred,200673|201506|201911|203399|1628878,complete,playbyplay_inferred,1611661322,Washington Mystics
Shot Chart Detail,1021800143,60,200673,Monique Currie,1611661313,New York Liberty,1,3,25,Missed Shot,Jump Shot,2PT Field Goal,Mid-Range,Right Side Center(RC),16-24 ft.,20,82,192,1,0,20180721,NYL,WAS,2018,102180014360,3950,validated,,0,matched,playbyplayv2,1611661322,201889|201913|202250|203411|204327,complete,playbyplay_inferred,200673|201506|201911|203399|1628878,complete,playbyplay_inferred,1611661322,Washington Mystics
Shot Chart Detail,1021800143,74,203437,Tierra Ruffin-Pratt,1611661313,New York Liberty,1,2,52,Missed Shot,Jump Shot,3PT Field Goal,Above the Break 3,Right Side Center(RC),24+ ft.,24,109,214,1,0,20180721,NYL,WAS,2018,102180014374,4280,validated,,0,matched,playbyplayv2,1611661322,201913|202250|203411|203829|1628915,complete,playbyplay_inferred,201911|202663|203399|203437|1628878,complete,playbyplay_inferred,1611661322,Washington Mystics
Shot Chart Detail,1021800143,78,201911,Kristi Toliver,1611661313,New York Liberty,1,2,34,Missed Shot,Pullup Jump shot,3PT Field Goal,Above the Break 3,Center(C),24+ ft.,28,6,280,1,0,20180721,NYL,WAS,2018,102180014378,4460,validated,,0,matched,playbyplayv2,1611661322,201913|202250|203411|203829|1628915,complete,playbyplay_inferred,201911|202663|203399|203437|1628878,complete,playbyplay_inferred,1611661322,Washington Mystics
Shot Chart Detail,1021800143,82,203399,Elena Delle Donne,1611661313,New York Liberty,1,2,14,Made Shot,Jump Shot,3PT Field Goal,Above the Break 3,Center(C),24+ ft.,24,-21,247,1,1,20180721,NYL,WAS,2018,102180014382,4660,validated,201911,1,matched,playbyplayv2,1611661322,201913|202250|203411|203829|1628915,complete,playbyplay_inferred,201911|202663|203399|203437|1628878,complete,playbyplay_inferred,1611661322,Washington Mystics
Shot Chart Detail,1021800143,102,203401,Tayler Hill,1611661313,New York Liberty,1,0,34,Missed Shot,Jump Shot,3PT Field Goal,Above the Break 3,Right Side Center(RC),24+ ft.,23,86,224,1,0,20180721,NYL,WAS,2018,1021800143102,5660,validated,,0,matched,playbyplayv2,1611661322,202250|203829|204320|204327|1628915,complete,playbyplay_inferred,201911|202663|203399|203401|203437,complete,playbyplay_inferred,1611661322,Washington Mystics
Shot Chart Detail,1021800143,108,203437,Tierra Ruffin-Pratt,1611661313,New York Liberty,1,0,0,Missed Shot,Jump Shot,3PT Field Goal,Above the Break 3,Right Side Center(RC),24+ ft.,26,164,209,1,0,20180721,NYL,WAS,2018,1021800143108,6000,validated,,0,matched,playbyplayv2,1611661322,202250|203829|204320|204327|1628915,complete,playbyplay_inferred,201911|202663|203399|203401|203437,complete,playbyplay_inferred,1611661322,Washington Mystics
Shot Chart Detail,1021800143,139,1628278,Shatori Walker-Kimbrough,1611661313,New York Liberty,2,8,17,Missed Shot,Jump Shot,3PT Field Goal,Above the Break 3,Right Side(R),16-24 ft.,23,218,85,1,0,20180721,NYL,WAS,2018,1021800143139,7030,validated,,0,matched,playbyplayv2,1611661322,203829|204320|204327|204329|1628915,complete,playbyplay_inferred,201506|203401|203403|203437|1628278,complete,playbyplay_inferred,1611661322,Washington Mystics
Shot Chart Detail,1021800143,148,1628278,Shatori Walker-Kimbrough,1611661313,New York Liberty,2,7,44,Missed Shot,Jump Shot,2PT Field Goal,Mid-Range,Left Side Center(LC),16-24 ft.,18,-141,125,1,0,20180721,NYL,WAS,2018,1021800143148,7360,validated,,0,matched,playbyplayv2,1611661322,203829|204320|204327|204329|1628915,complete,playbyplay_inferred,201506|203401|203403|203437|1628278,complete,playbyplay_inferred,1611661322,Washington Mystics
Shot Chart Detail,1021800143,151,203401,Tayler Hill,1611661313,New York Liberty,2,7,12,Missed Shot,Jump Shot,2PT Field Goal,Mid-Range,Right Side(R),16-24 ft.,19,167,99,1,0,20180721,NYL,WAS,2018,1021800143151,7680,validated,,0,matched,playbyplayv2,1611661322,203829|204320|204327|204329|1628915,complete,playbyplay_inferred,201506|203401|203403|203437|1628278,complete,playbyplay_inferred,1611661322,Washington Mystics
Shot Chart Detail,1021800143,153,201506,LaToya Sanders,1611661313,New York Liberty,2,7,10,Missed Shot,Putback Layup Shot,2PT Field Goal,Restricted Area,Center(C),Less Than 8 ft.,1,4,18,1,0,20180721,NYL,WAS,2018,1021800143153,7700,validated,,0,matched,playbyplayv2,1611661322,203829|204320|204327|204329|1628915,complete,playbyplay_inferred,201506|203401|203403|203437|1628278,complete,playbyplay_inferred,1611661322,Washington Mystics
Shot Chart Detail,1021800143,164,201506,LaToya Sanders,1611661313,New York Liberty,2,6,42,Missed Shot,Jump Shot,2PT Field Goal,Mid-Range,Right Side Center(RC),16-24 ft.,19,112,154,1,0,20180721,NYL,WAS,2018,1021800143164,7980,validated,,0,matched,playbyplayv2,1611661322,203829|204320|204327|204329|1628915,complete,playbyplay_inferred,201506|203399|203437|1628278|1628878,complete,playbyplay_inferred,1611661322,Washington Mystics
Shot Chart Detail,1021800143,168,203437,Tierra Ruffin-Pratt,1611661313,New York Liberty,2,6,21,Made Shot,Jump Shot,2PT Field Goal,Mid-Range,Center(C),16-24 ft.,17,26,173,1,1,20180721,NYL,WAS,2018,1021800143168,8190,validated,,0,matched,playbyplayv2,1611661322,203829|204320|204327|204329|1628915,complete,playbyplay_inferred,201506|203399|203437|1628278|1628878,complete,playbyplay_inferred,1611661322,Washington Mystics
Shot Chart Detail,1021800143,177,1628278,Shatori Walker-Kimbrough,1611661313,New York Liberty,2,5,51,Made Shot,Layup Shot,2PT Field Goal,Restricted Area,Center(C),Less Than 8 ft.,2,-5,25,1,1,20180721,NYL,WAS,2018,1021800143177,8490,validated,203437,1,matched,playbyplayv2,1611661322,203411|203829|204320|204329|1628915,complete,playbyplay_inferred,201506|203399|203437|1628278|1628878,complete,playbyplay_inferred,1611661322,Washington Mystics
Shot Chart Detail,1021800143,195,1628878,Ariel Atkins,1611661313,New York Liberty,2,4,52,Missed Shot,Jump Shot,3PT Field Goal,Above the Break 3,Center(C),24+ ft.,24,-60,235,1,0,20180721,NYL,WAS,2018,1021800143195,9080,validated,,0,matched,playbyplayv2,1611661322,201889|201913|202250|203411|203829,complete,playbyplay_inferred,201506|203399|203437|1628278|1628878,complete,playbyplay_inferred,1611661322,Washington Mystics
Shot Chart Detail,1021800143,207,1628278,Shatori Walker-Kimbrough,1611661313,New York Liberty,2,3,51,Made Shot,Pullup Jump shot,2PT Field Goal,Mid-Range,Right Side Center(RC),16-24 ft.,17,79,152,1,1,20180721,NYL,WAS,2018,1021800143207,9690,validated,,0,matched,playbyplayv2,1611661322,201889|201913|202250|203411|203829,complete,playbyplay_inferred,200673|201506|203399|1628278|1628878,complete,playbyplay_inferred,1611661322,Washington Mystics
Shot Chart Detail,1021800143,213,201911,Kristi Toliver,1611661313,New York Liberty,2,3,22,Missed Shot,Jump Shot,3PT Field Goal,Above the Break 3,Right Side Center(RC),24+ ft.,27,135,237,1,0,20180721,NYL,WAS,2018,1021800143213,9980,validated,,0,matched,playbyplayv2,1611661322,201889|201913|202250|203411|203829,complete,playbyplay_inferred,200673|201506|201911|203399|1628878,complete,playbyplay_inferred,1611661322,Washington Mystics
Shot Chart Detail,1021800143,217,203399,Elena Delle Donne,1611661313,New York Liberty,2,3,0,Missed Shot,Jump Shot,3PT Field Goal,Above the Break 3,Left Side Center(LC),24+ ft.,25,-96,231,1,0,20180721,NYL,WAS,2018,1021800143217,10200,validated,,0,matched,playbyplayv2,1611661322,201889|201913|202250|203411|203829,complete,playbyplay_inferred,200673|201506|201911|203399|1628878,complete,playbyplay_inferred,1611661322,Washington Mystics
Shot Chart Detail,1021800143,221,203399,Elena Delle Donne,1611661313,New York Liberty,2,2,28,Missed Shot,Jump Shot,3PT Field Goal,Above the Break 3,Left Side Center(LC),24+ ft.,24,-122,210,1,0,20180721,NYL,WAS,2018,1021800143221,10520,validated,,0,matched,playbyplayv2,1611661322,201889|201913|202250|203411|203829,complete,playbyplay_inferred,200673|201506|201911|203399|1628878,complete,playbyplay_inferred,1611661322,Washington Mystics
Shot Chart Detail,1021800143,223,203399,Elena Delle Donne,1611661313,New York Liberty,2,2,23,Made Shot,Layup Shot,2PT Field Goal,Restricted Area,Center(C),Less Than 8 ft.,1,-11,7,1,1,20180721,NYL,WAS,2018,1021800143223,10570,validated,,0,matched,playbyplayv2,1611661322,201889|201913|202250|203411|203829,complete,playbyplay_inferred,200673|201506|201911|203399|1628878,complete,playbyplay_inferred,1611661322,Washington Mystics
Shot Chart Detail,1021800143,225,200673,Monique Currie,1611661313,New York Liberty,2,1,52,Made Shot,Driving Layup Shot,2PT Field Goal,Restricted Area,Center(C),Less Than 8 ft.,0,-5,4,1,1,20180721,NYL,WAS,2018,1021800143225,10880,validated,203399,1,matched,playbyplayv2,1611661322,201889|201913|202250|203411|203829,complete,playbyplay_inferred,200673|201506|201911|203399|1628878,complete,playbyplay_inferred,1611661322,Washington Mystics
Shot Chart Detail,1021800143,231,1628878,Ariel Atkins,1611661313,New York Liberty,2,1,13,Missed Shot,Jump Shot,2PT Field Goal,Mid-Range,Right Side Center(RC),16-24 ft.,16,134,99,1,0,20180721,NYL,WAS,2018,1021800143231,11270,validated,,0,matched,playbyplayv2,1611661322,201889|201913|202250|203411|203829,complete,playbyplay_inferred,200673|201506|201911|203399|1628878,complete,playbyplay_inferred,1611661322,Washington Mystics
Shot Chart Detail,1021800143,241,201911,Kristi Toliver,1611661313,New York Liberty,2,0,52,Missed Shot,Jump Shot,3PT Field Goal,Above the Break 3,Right Side Center(RC),24+ ft.,24,123,211,1,0,20180721,NYL,WAS,2018,1021800143241,11480,validated,,0,matched,playbyplayv2,1611661322,201889|201913|202250|203411|203829,complete,playbyplay_inferred,200673|201911|203399|203403|1628878,complete,playbyplay_inferred,1611661322,Washington Mystics
Shot Chart Detail,1021800143,269,203399,Elena Delle Donne,1611661313,New York Liberty,3,9,33,Made Shot,Jump Shot,2PT Field Goal,In The Paint (Non-RA),Right Side(R),8-16 ft.,14,71,122,1,1,20180721,NYL,WAS,2018,1021800143269,12270,validated,1628878,1,matched,playbyplayv2,1611661322,201889|201913|202250|203411|204327,complete,playbyplay_inferred,200673|201506|201911|203399|1628878,complete,playbyplay_inferred,1611661322,Washington Mystics
Shot Chart Detail,1021800143,277,1628878,Ariel Atkins,1611661313,New York Liberty,3,8,39,Made Shot,Jump Shot,3PT Field Goal,Left Corner 3,Left Side(L),24+ ft.,22,-225,19,1,1,20180721,NYL,WAS,2018,1021800143277,12810,validated,201911,1,matched,playbyplayv2,1611661322,201889|201913|202250|203411|204327,complete,playbyplay_inferred,200673|201506|201911|203399|1628878,complete,playbyplay_inferred,1611661322,Washington Mystics
Shot Chart Detail,1021800143,281,201911,Kristi Toliver,1611661313,New York Liberty,3,7,51,Made Shot,Driving Layup Shot,2PT Field Goal,In The Paint (Non-RA),Center(C),Less Than 8 ft.,4,24,36,1,1,20180721,NYL,WAS,2018,1021800143281,13290,validated,,0,matched,playbyplayv2,1611661322,201889|201913|202250|203411|204327,complete,playbyplay_inferred,200673|201506|201911|203399|1628878,complete,playbyplay_inferred,1611661322,Washington Mystics
Shot Chart Detail,1021800143,284,203399,Elena Delle Donne,1611661313,New York Liberty,3,7,24,Made Shot,Driving Finger Roll Layup Shot,2PT Field Goal,Restricted Area,Center(C),Less Than 8 ft.,1,0,18,1,1,20180721,NYL,WAS,2018,1021800143284,13560,validated,,0,matched,playbyplayv2,1611661322,201889|201913|202250|203411|204327,complete,playbyplay_inferred,200673|201506|201911|203399|1628878,complete,playbyplay_inferred,1611661322,Washington Mystics
Shot Chart Detail,1021800143,287,201506,LaToya Sanders,1611661313,New York Liberty,3,7,0,Made Shot,Jump Shot,2PT Field Goal,Mid-Range,Center(C),16-24 ft.,17,44,173,1,1,20180721,NYL,WAS,2018,1021800143287,13800,validated,1628878,1,matched,playbyplayv2,1611661322,201889|201913|202250|203411|204327,complete,playbyplay_inferred,200673|201506|201911|203399|1628878,complete,playbyplay_inferred,1611661322,Washington Mystics
Shot Chart Detail,1021800143,292,1628878,Ariel Atkins,1611661313,New York Liberty,3,6,24,Made Shot,Driving Layup Shot,2PT Field Goal,Restricted Area,Center(C),Less Than 8 ft.,1,-3,13,1,1,20180721,NYL,WAS,2018,1021800143292,14160,validated,,0,matched,playbyplayv2,1611661322,201889|201913|202250|203411|204327,complete,playbyplay_inferred,200673|201506|201911|203399|1628878,complete,playbyplay_inferred,1611661322,Washington Mystics
Shot Chart Detail,1021800143,295,203399,Elena Delle Donne,1611661313,New York Liberty,3,5,41,Made Shot,Jump Shot,3PT Field Goal,Right Corner 3,Right Side(R),24+ ft.,22,227,6,1,1,20180721,NYL,WAS,2018,1021800143295,14590,validated,1628878,1,matched,playbyplayv2,1611661322,201889|201913|202250|203411|204327,complete,playbyplay_inferred,200673|201506|201911|203399|1628878,complete,playbyplay_inferred,1611661322,Washington Mystics
Shot Chart Detail,1021800143,301,1628878,Ariel Atkins,1611661313,New York Liberty,3,4,52,Missed Shot,Jump Shot,2PT Field Goal,Mid-Range,Left Side Center(LC),16-24 ft.,17,-57,167,1,0,20180721,NYL,WAS,2018,1021800143301,15080,validated,,0,matched,playbyplayv2,1611661322,201889|201913|202250|203411|204327,complete,playbyplay_inferred,200673|201506|201911|203399|1628878,complete,playbyplay_inferred,1611661322,Washington Mystics
Shot Chart Detail,1021800143,306,201911,Kristi Toliver,1611661313,New York Liberty,3,4,32,Made Shot,Pullup Jump shot,3PT Field Goal,Above the Break 3,Left Side Center(LC),24+ ft.,23,-121,206,1,1,20180721,NYL,WAS,2018,1021800143306,15280,validated,,0,matched,playbyplayv2,1611661322,201889|201913|202250|203411|204327,complete,playbyplay_inferred,200673|201506|201911|203399|1628878,complete,playbyplay_inferred,1611661322,Washington Mystics
Shot Chart Detail,1021800143,309,201911,Kristi Toliver,1611661313,New York Liberty,3,4,3,Missed Shot,Jump Shot,3PT Field Goal,Above the Break 3,Right Side Center(RC),24+ ft.,25,147,210,1,0,20180721,NYL,WAS,2018,1021800143309,15570,validated,,0,matched,playbyplayv2,1611661322,201889|201913|202250|203411|204327,complete,playbyplay_inferred,200673|201506|201911|203399|1628878,complete,playbyplay_inferred,1611661322,Washington Mystics
Shot Chart Detail,1021800143,325,200673,Monique Currie,1611661313,New York Liberty,3,3,31,Made Shot,Jump Shot,2PT Field Goal,Mid-Range,Left Side(L),16-24 ft.,18,-159,103,1,1,20180721,NYL,WAS,2018,1021800143325,15890,validated,203437,1,matched,playbyplayv2,1611661322,202250|203411|203829|204320|1628915,complete,playbyplay_inferred,200673|201911|203399|203403|203437,complete,playbyplay_inferred,1611661322,Washington Mystics
Shot Chart Detail,1021800143,328,203437,Tierra Ruffin-Pratt,1611661313,New York Liberty,3,2,57,Missed Shot,Jump Shot,2PT Field Goal,Mid-Range,Left Side(L),16-24 ft.,18,-160,87,1,0,20180721,NYL,WAS,2018,1021800143328,16230,validated,,0,matched,playbyplayv2,1611661322,202250|203411|203829|204320|1628915,complete,playbyplay_inferred,200673|201911|203399|203403|203437,complete,playbyplay_inferred,1611661322,Washington Mystics
Shot Chart Detail,1021800143,332,201911,Kristi Toliver,1611661313,New York Liberty,3,2,26,Made Shot,Fadeaway Jump Shot,2PT Field Goal,In The Paint (Non-RA),Left Side(L),8-16 ft.,13,-73,117,1,1,20180721,NYL,WAS,2018,1021800143332,16540,validated,,0,matched,playbyplayv2,1611661322,202250|203411|203829|204320|1628915,complete,playbyplay_inferred,200673|201911|203399|203403|203437,complete,playbyplay_inferred,1611661322,Washington Mystics
Shot Chart Detail,1021800143,337,203437,Tierra Ruffin-Pratt,1611661313,New York Liberty,3,1,54,Made Shot,Jump Shot,3PT Field Goal,Above the Break 3,Left Side Center(LC),24+ ft.,25,-147,203,1,1,20180721,NYL,WAS,2018,1021800143337,16860,validated,201911,1,matched,playbyplayv2,1611661322,202250|203411|203829|204320|1628915,complete,playbyplay_inferred,200673|201911|203399|203403|203437,complete,playbyplay_inferred,1611661322,Washington Mystics
Shot Chart Detail,1021800143,342,203403,Tianna Hawkins,1611661313,New York Liberty,3,1,14,Missed Shot,Jump Shot,3PT Field Goal,Above the Break 3,Center(C),24+ ft.,24,71,232,1,0,20180721,NYL,WAS,2018,1021800143342,17260,validated,,0,matched,playbyplayv2,1611661322,202250|203411|203829|204320|1628915,complete,playbyplay_inferred,200673|201911|203399|203403|203437,complete,playbyplay_inferred,1611661322,Washington Mystics
Shot Chart Detail,1021800143,354,203399,Elena Delle Donne,1611661313,New York Liberty,3,0,28,Made Shot,Jump Shot,2PT Field Goal,Mid-Range,Right Side Center(RC),16-24 ft.,19,120,149,1,1,20180721,NYL,WAS,2018,1021800143354,17720,validated,203401,1,matched,playbyplayv2,1611661322,202250|203411|203829|204320|1628915,complete,playbyplay_inferred,201911|203399|203401|203403|203437,complete,playbyplay_inferred,1611661322,Washington Mystics
Shot Chart Detail,1021800143,370,1628278,Shatori Walker-Kimbrough,1611661313,New York Liberty,4,9,44,Made Shot,Jump Shot,2PT Field Goal,Mid-Range,Center(C),16-24 ft.,21,-41,208,1,1,20180721,NYL,WAS,2018,1021800143370,18160,validated,203437,1,matched,playbyplayv2,1611661322,202250|203829|204296|204320|1628915,complete,playbyplay_inferred,203399|203401|203403|203437|1628278,complete,playbyplay_inferred,1611661322,Washington Mystics
Shot Chart Detail,1021800143,383,203399,Elena Delle Donne,1611661313,New York Liberty,4,8,9,Made Shot,Driving Layup Shot,2PT Field Goal,Restricted Area,Center(C),Less Than 8 ft.,1,-13,11,1,1,20180721,NYL,WAS,2018,1021800143383,19110,validated,203401,1,matched,playbyplayv2,1611661322,202250|203829|204296|204320|1628915,complete,playbyplay_inferred,202663|203399|203401|203437|1628278,complete,playbyplay_inferred,1611661322,Washington Mystics
Shot Chart Detail,1021800143,410,201506,LaToya Sanders,1611661313,New York Liberty,4,5,50,Made Shot,Jump Shot,2PT Field Goal,Mid-Range,Right Side Center(RC),16-24 ft.,16,96,133,1,1,20180721,NYL,WAS,2018,1021800143410,20500,validated,201911,1,matched,playbyplayv2,1611661322,201889|202250|203829|204296|1628915,complete,playbyplay_inferred,201506|201911|203399|203437|1628278,complete,playbyplay_inferred,1611661322,Washington Mystics
Shot Chart Detail,1021800143,419,1628878,Ariel Atkins,1611661313,New York Liberty,4,5,17,Missed Shot,Jump Shot,3PT Field Goal,Above the Break 3,Left Side(L),16-24 ft.,22,-219,66,1,0,20180721,NYL,WAS,2018,1021800143419,20830,validated,,0,matched,playbyplayv2,1611661322,201889|202250|203829|204296|1628915,complete,playbyplay_inferred,201506|201911|203399|203437|1628878,complete,playbyplay_inferred,1611661322,Washington Mystics
Shot Chart Detail,1021800143,423,201506,LaToya Sanders,1611661313,New York Liberty,4,4,40,Made Shot,Layup Shot,2PT Field Goal,Restricted Area,Center(C),Less Than 8 ft.,1,8,7,1,1,20180721,NYL,WAS,2018,1021800143423,21200,validated,203437,1,matched,playbyplayv2,1611661322,201889|202250|203829|204296|1628915,complete,playbyplay_inferred,201506|201911|203399|203437|1628878,complete,playbyplay_inferred,1611661322,Washington Mystics
Shot Chart Detail,1021800143,434,201911,Kristi Toliver,1611661313,New York Liberty,4,4,1,Made Shot,Jump Shot,3PT Field Goal,Above the Break 3,Left Side(L),24+ ft.,24,-228,77,1,1,20180721,NYL,WAS,2018,1021800143434,21590,validated,201506,1,matched,playbyplayv2,1611661322,201889|202250|203829|204296|1628915,complete,playbyplay_inferred,201506|201911|203399|203437|1628878,complete,playbyplay_inferred,1611661322,Washington Mystics
Shot Chart Detail,1021800143,443,203399,Elena Delle Donne,1611661313,New York Liberty,4,3,25,Missed Shot,Turnaround Jump Shot,2PT Field Goal,Mid-Range,Right Side(R),8-16 ft.,10,100,15,1,0,20180721,NYL,WAS,2018,1021800143443,21950,validated,,0,matched,playbyplayv2,1611661322,201889|202250|203829|204296|1628915,complete,playbyplay_inferred,201506|201911|203399|203437|1628878,complete,playbyplay_inferred,1611661322,Washington Mystics
Shot Chart Detail,1021800143,456,203437,Tierra Ruffin-Pratt,1611661313,New York Liberty,4,2,20,Made Shot,Jump Shot,3PT Field Goal,Above the Break 3,Left Side Center(LC),24+ ft.,24,-136,205,1,1,20180721,NYL,WAS,2018,1021800143456,22600,validated,201911,1,matched,playbyplayv2,1611661322,201889|202250|203829|204296|1628915,complete,playbyplay_inferred,201506|201911|203399|203437|1628878,complete,playbyplay_inferred,1611661322,Washington Mystics
Shot Chart Detail,1021800143,460,203399,Elena Delle Donne,1611661313,New York Liberty,4,1,38,Missed Shot,Jump Shot,2PT Field Goal,Mid-Range,Left Side(L),8-16 ft.,11,-101,60,1,0,20180721,NYL,WAS,2018,1021800143460,23020,validated,,0,matched,playbyplayv2,1611661322,201889|202250|203829|204296|1628915,complete,playbyplay_inferred,201506|201911|203399|203437|1628878,complete,playbyplay_inferred,1611661322,Washington Mystics
Shot Chart Detail,1021800143,465,203437,Tierra Ruffin-Pratt,1611661313,New York Liberty,4,1,28,Made Shot,Pullup Jump shot,2PT Field Goal,In The Paint (Non-RA),Center(C),Less Than 8 ft.,7,24,74,1,1,20180721,NYL,WAS,2018,1021800143465,23120,validated,203399,1,matched,playbyplayv2,1611661322,201889|203829|204296|204320|1628915,complete,playbyplay_inferred,201506|201911|203399|203437|1628878,complete,playbyplay_inferred,1611661322,Washington Mystics
Shot Chart Detail,1021800143,479,1628278,Shatori Walker-Kimbrough,1611661313,New York Liberty,4,0,48,Missed Shot,Jump Shot,2PT Field Goal,Mid-Range,Right Side Center(RC),16-24 ft.,17,97,140,1,0,20180721,NYL,WAS,2018,1021800143479,23520,validated,,0,matched,playbyplayv2,1611661322,201889|203829|204296|204320|1628915,complete,playbyplay_inferred,203403|203437|1628278|1628878|1628899,complete,playbyplay_inferred,1611661322,Washington Mystics
Shot Chart Detail,1021800143,484,203437,Tierra Ruffin-Pratt,1611661313,New York Liberty,4,0,24,Missed Shot,Driving Finger Roll Layup Shot,2PT Field Goal,Restricted Area,Center(C),Less Than 8 ft.,1,7,11,1,0,20180721,NYL,WAS,2018,1021800143484,23760,validated,,0,matched,playbyplayv2,1611661322,201889|203829|204296|204320|1628915,complete,playbyplay_inferred,203403|203437|1628278|1628878|1628899,complete,playbyplay_inferred,1611661322,Washington Mystics
Shot Chart Detail,1021800151,10,100915,Lindsay Whalen,1611661313,New York Liberty,1,9,9,Missed Shot,Jump Shot,2PT Field Goal,Mid-Range,Left Side Center(LC),16-24 ft.,17,-142,106,1,0,20180724,MIN,NYL,2018,102180015110,510,validated,,0,matched,playbyplayv2,1611661324,201889|201913|202250|203411|204327,complete,playbyplay_inferred,100915|100944|200671|201480|202632,complete,playbyplay_inferred,1611661324,Minnesota Lynx
Shot Chart Detail,1021800151,22,201480,Sylvia Fowles,1611661313,New York Liberty,1,8,30,Made Shot,Layup Shot,2PT Field Goal,Restricted Area,Center(C),Less Than 8 ft.,2,-25,5,1,1,20180724,MIN,NYL,2018,102180015122,900,validated,200671,1,matched,playbyplayv2,1611661324,201889|201913|202250|203411|204327,complete,playbyplay_inferred,100915|100944|200671|201480|202632,complete,playbyplay_inferred,1611661324,Minnesota Lynx
Shot Chart Detail,1021800151,26,100944,Rebekkah Brunson,1611661313,New York Liberty,1,7,58,Missed Shot,Jump Shot,3PT Field Goal,Above the Break 3,Right Side Center(RC),24+ ft.,25,142,208,1,0,20180724,MIN,NYL,2018,102180015126,1220,validated,,0,matched,playbyplayv2,1611661324,201889|201913|202250|203411|204327,complete,playbyplay_inferred,100915|100944|200671|201480|202632,complete,playbyplay_inferred,1611661324,Minnesota Lynx
Shot Chart Detail,1021800151,40,201480,Sylvia Fowles,1611661313,New York Liberty,1,6,47,Made Shot,Reverse Layup Shot,2PT Field Goal,Restricted Area,Center(C),Less Than 8 ft.,1,-11,4,1,1,20180724,MIN,NYL,2018,102180015140,1930,validated,100944,1,matched,playbyplayv2,1611661324,201889|201913|202250|203411|204327,complete,playbyplay_inferred,100915|100944|200671|201480|202632,complete,playbyplay_inferred,1611661324,Minnesota Lynx
Shot Chart Detail,1021800151,45,202632,Maya Moore,1611661313,New York Liberty,1,6,14,Made Shot,Cutting Finger Roll Layup Shot,2PT Field Goal,Restricted Area,Center(C),Less Than 8 ft.,2,25,-4,1,1,20180724,MIN,NYL,2018,102180015145,2260,validated,200671,1,matched,playbyplayv2,1611661324,201889|201913|202250|203411|204327,complete,playbyplay_inferred,100915|100944|200671|201480|202632,complete,playbyplay_inferred,1611661324,Minnesota Lynx
Shot Chart Detail,1021800151,48,201480,Sylvia Fowles,1611661313,New York Liberty,1,5,51,Made Shot,Turnaround Jump Shot,2PT Field Goal,Restricted Area,Center(C),Less Than 8 ft.,1,-14,9,1,1,20180724,MIN,NYL,2018,102180015148,2490,validated,200671,1,matched,playbyplayv2,1611661324,201889|201913|202250|203411|204327,complete,playbyplay_inferred,100915|100944|200671|201480|202632,complete,playbyplay_inferred,1611661324,Minnesota Lynx
Shot Chart Detail,1021800151,56,202632,Maya Moore,1611661313,New York Liberty,1,5,27,Missed Shot,Floating Jump shot,2PT Field Goal,In The Paint (Non-RA),Center(C),8-16 ft.,8,-25,80,1,0,20180724,MIN,NYL,2018,102180015156,2730,validated,,0,matched,playbyplayv2,1611661324,201889|201913|202250|203411|204327,complete,playbyplay_inferred,100944|200671|201480|202632|202658,complete,playbyplay_inferred,1611661324,Minnesota Lynx
Shot Chart Detail,1021800151,61,200671,Seimone Augustus,1611661313,New York Liberty,1,5,19,Missed Shot,Jump Bank Shot,2PT Field Goal,Mid-Range,Right Side(R),8-16 ft.,10,94,40,1,0,20180724,MIN,NYL,2018,102180015161,2810,validated,,0,matched,playbyplayv2,1611661324,201889|201913|202250|203411|203829,complete,playbyplay_inferred,100944|200671|201480|202632|202658,complete,playbyplay_inferred,1611661324,Minnesota Lynx
Shot Chart Detail,1021800151,64,202632,Maya Moore,1611661313,New York Liberty,1,4,59,Missed Shot,Jump Shot,3PT Field Goal,Above the Break 3,Left Side Center(LC),24+ ft.,24,-219,107,1,0,20180724,MIN,NYL,2018,102180015164,3010,validated,,0,matched,playbyplayv2,1611661324,201889|201913|202250|203411|203829,complete,playbyplay_inferred,100944|200671|201480|202632|202658,complete,playbyplay_inferred,1611661324,Minnesota Lynx
Shot Chart Detail,1021800151,68,201480,Sylvia Fowles,1611661313,New York Liberty,1,4,32,Made Shot,Layup Shot,2PT Field Goal,Restricted Area,Center(C),Less Than 8 ft.,3,32,5,1,1,20180724,MIN,NYL,2018,102180015168,3280,validated,202658,1,matched,playbyplayv2,1611661324,201889|201913|202250|203411|203829,complete,playbyplay_inferred,100944|200671|201480|202632|202658,complete,playbyplay_inferred,1611661324,Minnesota Lynx
Shot Chart Detail,1021800151,79,200671,Seimone Augustus,1611661313,New York Liberty,1,4,2,Missed Shot,Jump Shot,2PT Field Goal,Mid-Range,Left Side(L),16-24 ft.,21,-214,-7,1,0,20180724,MIN,NYL,2018,102180015179,3580,validated,,0,matched,playbyplayv2,1611661324,201889|202250|203411|203829|204320,complete,playbyplay_inferred,100944|200671|201480|202632|202658,complete,playbyplay_inferred,1611661324,Minnesota Lynx
Shot Chart Detail,1021800151,86,200671,Seimone Augustus,1611661313,New York Liberty,1,3,42,Missed Shot,Jump Shot,2PT Field Goal,Mid-Range,Left Side(L),16-24 ft.,17,-171,-16,1,0,20180724,MIN,NYL,2018,102180015186,3780,validated,,0,matched,playbyplayv2,1611661324,201889|202250|203411|203829|204320,complete,playbyplay_inferred,100944|200671|201480|202632|202658,complete,playbyplay_inferred,1611661324,Minnesota Lynx
Shot Chart Detail,1021800151,88,202658,Danielle Robinson,1611661313,New York Liberty,1,3,36,Made Shot,Jump Shot,2PT Field Goal,Mid-Range,Right Side(R),8-16 ft.,14,135,55,1,1,20180724,MIN,NYL,2018,102180015188,3840,validated,201480,1,matched,playbyplayv2,1611661324,201889|202250|203411|203829|204320,complete,playbyplay_inferred,100944|200671|201480|202632|202658,complete,playbyplay_inferred,1611661324,Minnesota Lynx
Shot Chart Detail,1021800151,106,201480,Sylvia Fowles,1611661313,New York Liberty,1,2,31,Missed Shot,Layup Shot,2PT Field Goal,Restricted Area,Center(C),Less Than 8 ft.,2,24,6,1,0,20180724,MIN,NYL,2018,1021800151106,4490,validated,,0,matched,playbyplayv2,1611661324,202250|203411|203829|204320|1628915,complete,playbyplay_inferred,101030|201480|201503|202632|202658,complete,playbyplay_inferred,1611661324,Minnesota Lynx
Shot Chart Detail,1021800151,114,202632,Maya Moore,1611661313,New York Liberty,1,2,3,Made Shot,Jump Bank Shot,2PT Field Goal,In The Paint (Non-RA),Right Side(R),8-16 ft.,8,47,69,1,1,20180724,MIN,NYL,2018,1021800151114,4770,validated,101030,1,matched,playbyplayv2,1611661324,202250|203411|203829|204320|1628915,complete,playbyplay_inferred,101030|201480|201503|202632|202658,complete,playbyplay_inferred,1611661324,Minnesota Lynx
Shot Chart Detail,1021800151,128,202632,Maya Moore,1611661313,New York Liberty,1,1,24,Missed Shot,Jump Shot,3PT Field Goal,Right Corner 3,Right Side(R),24+ ft.,23,235,12,1,0,20180724,MIN,NYL,2018,1021800151128,5160,validated,,0,matched,playbyplayv2,1611661324,202250|203411|203829|204320|1628915,complete,playbyplay_inferred,101030|201480|202632|202658|1628508,complete,playbyplay_inferred,1611661324,Minnesota Lynx
Shot Chart Detail,1021800151,137,202658,Danielle Robinson,1611661313,New York Liberty,1,0,48,Missed Shot,Pullup Jump shot,2PT Field Goal,Mid-Range,Left Side Center(LC),16-24 ft.,18,-97,160,1,0,20180724,MIN,NYL,2018,1021800151137,5520,validated,,0,matched,playbyplayv2,1611661324,202250|203411|203829|204320|1628915,complete,playbyplay_inferred,101030|201480|202632|202658|1628508,complete,playbyplay_inferred,1611661324,Minnesota Lynx
Shot Chart Detail,1021800151,145,1628508,Cecilia Zandalasini,1611661313,New York Liberty,1,0,28,Made Shot,Jump Shot,3PT Field Goal,Above the Break 3,Right Side Center(RC),24+ ft.,24,198,141,1,1,20180724,MIN,NYL,2018,1021800151145,5720,validated,101030,1,matched,playbyplayv2,1611661324,202250|203411|203829|204320|1628915,complete,playbyplay_inferred,101030|201480|202632|202658|1628508,complete,playbyplay_inferred,1611661324,Minnesota Lynx
Shot Chart Detail,1021800151,148,202658,Danielle Robinson,1611661313,New York Liberty,1,0,0,Missed Shot,Jump Shot,3PT Field Goal,Backcourt,Back Court(BC),Back Court Shot,50,2,505,1,0,20180724,MIN,NYL,2018,1021800151148,6000,validated,,0,matched,playbyplayv2,1611661324,202250|203411|203829|204320|1628915,complete,playbyplay_inferred,101030|201480|202632|202658|1628508,complete,playbyplay_inferred,1611661324,Minnesota Lynx
Shot Chart Detail,1021800151,159,100915,Lindsay Whalen,1611661313,New York Liberty,2,9,45,Made Shot,Driving Layup Shot,2PT Field Goal,In The Paint (Non-RA),Center(C),Less Than 8 ft.,4,-47,-7,1,1,20180724,MIN,NYL,2018,1021800151159,6150,validated,100944,1,matched,playbyplayv2,1611661324,203411|203829|204320|204329|1628915,complete,playbyplay_inferred,100915|100944|101030|201480|1628508,complete,playbyplay_inferred,1611661324,Minnesota Lynx
Shot Chart Detail,1021800151,166,1628508,Cecilia Zandalasini,1611661313,New York Liberty,2,9,12,Missed Shot,Jump Shot,3PT Field Goal,Above the Break 3,Left Side Center(LC),24+ ft.,24,-135,208,1,0,20180724,MIN,NYL,2018,1021800151166,6480,validated,,0,matched,playbyplayv2,1611661324,203411|203829|204320|204329|1628915,complete,playbyplay_inferred,100915|100944|101030|201480|1628508,complete,playbyplay_inferred,1611661324,Minnesota Lynx
Shot Chart Detail,1021800151,170,100944,Rebekkah Brunson,1611661313,New York Liberty,2,8,34,Missed Shot,Jump Shot,2PT Field Goal,Mid-Range,Left Side(L),8-16 ft.,12,-93,82,1,0,20180724,MIN,NYL,2018,1021800151170,6860,validated,,0,matched,playbyplayv2,1611661324,203411|203829|204320|204329|1628915,complete,playbyplay_inferred,100915|100944|101030|201480|1628508,complete,playbyplay_inferred,1611661324,Minnesota Lynx
Shot Chart Detail,1021800151,174,101030,Tanisha Wright,1611661313,New York Liberty,2,8,21,Made Shot,Jump Shot,3PT Field Goal,Above the Break 3,Right Side Center(RC),24+ ft.,23,123,204,1,1,20180724,MIN,NYL,2018,1021800151174,6990,validated,100915,1,matched,playbyplayv2,1611661324,203411|203829|204320|204329|1628915,complete,playbyplay_inferred,100915|100944|101030|201480|1628508,complete,playbyplay_inferred,1611661324,Minnesota Lynx
Shot Chart Detail,1021800151,178,101030,Tanisha Wright,1611661313,New York Liberty,2,7,44,Made Shot,Reverse Layup Shot,2PT Field Goal,Restricted Area,Center(C),Less Than 8 ft.,3,-36,16,1,1,20180724,MIN,NYL,2018,1021800151178,7360,validated,100944,1,matched,playbyplayv2,1611661324,203411|203829|204320|204329|1628915,complete,playbyplay_inferred,100915|100944|101030|201480|1628508,complete,playbyplay_inferred,1611661324,Minnesota Lynx
Shot Chart Detail,1021800151,182,100915,Lindsay Whalen,1611661313,New York Liberty,2,7,31,Missed Shot,Running Layup Shot,2PT Field Goal,Restricted Area,Center(C),Less Than 8 ft.,3,26,17,1,0,20180724,MIN,NYL,2018,1021800151182,7490,validated,,0,matched,playbyplayv2,1611661324,203411|203829|204320|204329|1628915,complete,playbyplay_inferred,100915|100944|101030|201480|1628508,complete,playbyplay_inferred,1611661324,Minnesota Lynx
Shot Chart Detail,1021800151,199,100944,Rebekkah Brunson,1611661313,New York Liberty,2,7,6,Made Shot,Cutting Layup Shot,2PT Field Goal,Restricted Area,Center(C),Less Than 8 ft.,3,-33,10,1,1,20180724,MIN,NYL,2018,1021800151199,7740,validated,101030,1,matched,playbyplayv2,1611661324,201913|202250|202259|203829|1628915,complete,playbyplay_inferred,100915|100944|101030|201480|1628508,complete,playbyplay_inferred,1611661324,Minnesota Lynx
Shot Chart Detail,1021800151,206,100915,Lindsay Whalen,1611661313,New York Liberty,2,6,13,Made Shot,Driving Layup Shot,2PT Field Goal,Restricted Area,Center(C),Less Than 8 ft.,1,-16,2,1,1,20180724,MIN,NYL,2018,1021800151206,8270,validated,,0,matched,playbyplayv2,1611661324,201913|202250|202259|203829|1628915,complete,playbyplay_inferred,100915|100944|101030|201480|1628508,complete,playbyplay_inferred,1611661324,Minnesota Lynx
Shot Chart Detail,1021800151,218,100915,Lindsay Whalen,1611661313,New York Liberty,2,5,42,Missed Shot,Pullup Jump shot,2PT Field Goal,Mid-Range,Left Side Center(LC),16-24 ft.,20,-75,194,1,0,20180724,MIN,NYL,2018,1021800151218,8580,validated,,0,matched,playbyplayv2,1611661324,201913|202250|202259|204327|1628915,complete,playbyplay_inferred,100915|100944|200671|201480|202632,complete,playbyplay_inferred,1611661324,Minnesota Lynx
Shot Chart Detail,1021800151,223,200671,Seimone Augustus,1611661313,New York Liberty,2,5,10,Made Shot,Pullup Jump shot,2PT Field Goal,Mid-Range,Center(C),16-24 ft.,18,31,178,1,1,20180724,MIN,NYL,2018,1021800151223,8900,validated,,0,matched,playbyplayv2,1611661324,201913|202250|202259|204327|1628915,complete,playbyplay_inferred,100915|100944|200671|201480|202632,complete,playbyplay_inferred,1611661324,Minnesota Lynx
Shot Chart Detail,1021800151,232,201480,Sylvia Fowles,1611661313,New York Liberty,2,4,37,Missed Shot,Cutting Layup Shot,2PT Field Goal,Restricted Area,Center(C),Less Than 8 ft.,2,-2,29,1,0,20180724,MIN,NYL,2018,1021800151232,9230,validated,,0,matched,playbyplayv2,1611661324,202250|202259|204320|204327|1628915,complete,playbyplay_inferred,100915|100944|200671|201480|202632,complete,playbyplay_inferred,1611661324,Minnesota Lynx
Shot Chart Detail,1021800151,241,200671,Seimone Augustus,1611661313,New York Liberty,2,4,29,Missed Shot,Jump Shot,2PT Field Goal,Mid-Range,Right Side Center(RC),16-24 ft.,18,98,156,1,0,20180724,MIN,NYL,2018,1021800151241,9310,validated,,0,matched,playbyplayv2,1611661324,202250|202259|204320|204327|1628915,complete,playbyplay_inferred,100915|100944|200671|201480|202632,complete,playbyplay_inferred,1611661324,Minnesota Lynx
Shot Chart Detail,1021800151,248,201480,Sylvia Fowles,1611661313,New York Liberty,2,4,0,Missed Shot,Layup Shot,2PT Field Goal,Restricted Area,Center(C),Less Than 8 ft.,3,20,27,1,0,20180724,MIN,NYL,2018,1021800151248,9600,validated,,0,matched,playbyplayv2,1611661324,202250|202259|204320|204327|1628915,complete,playbyplay_inferred,100915|100944|200671|201480|202632,complete,playbyplay_inferred,1611661324,Minnesota Lynx
Shot Chart Detail,1021800151,250,201480,Sylvia Fowles,1611661313,New York Liberty,2,3,54,Made Shot,Putback Layup Shot,2PT Field Goal,Restricted Area,Center(C),Less Than 8 ft.,0,0,-6,1,1,20180724,MIN,NYL,2018,1021800151250,9660,validated,,0,matched,playbyplayv2,1611661324,202250|202259|204320|204327|1628915,complete,playbyplay_inferred,100915|100944|200671|201480|202632,complete,playbyplay_inferred,1611661324,Minnesota Lynx
Shot Chart Detail,1021800151,268,200671,Seimone Augustus,1611661313,New York Liberty,2,2,27,Made Shot,Jump Shot,2PT Field Goal,In The Paint (Non-RA),Center(C),8-16 ft.,15,-61,138,1,1,20180724,MIN,NYL,2018,1021800151268,10530,validated,202632,1,matched,playbyplayv2,1611661324,202250|202259|204327|204329|1628915,complete,playbyplay_inferred,100944|200671|201480|202632|202658,complete,playbyplay_inferred,1611661324,Minnesota Lynx
Shot Chart Detail,1021800151,272,100944,Rebekkah Brunson,1611661313,New York Liberty,2,2,1,Missed Shot,Jump Shot,3PT Field Goal,Above the Break 3,Left Side Center(LC),16-24 ft.,23,-126,200,1,0,20180724,MIN,NYL,2018,1021800151272,10790,validated,,0,matched,playbyplayv2,1611661324,202250|202259|204327|204329|1628915,complete,playbyplay_inferred,100944|200671|201480|202632|202658,complete,playbyplay_inferred,1611661324,Minnesota Lynx
Shot Chart Detail,1021800151,275,200671,Seimone Augustus,1611661313,New York Liberty,2,1,37,Made Shot,Driving Floating Jump Shot,2PT Field Goal,In The Paint (Non-RA),Center(C),8-16 ft.,11,24,115,1,1,20180724,MIN,NYL,2018,1021800151275,11030,validated,,0,matched,playbyplayv2,1611661324,202250|202259|204327|204329|1628915,complete,playbyplay_inferred,100944|200671|201480|202632|202658,complete,playbyplay_inferred,1611661324,Minnesota Lynx
Shot Chart Detail,1021800151,286,201480,Sylvia Fowles,1611661313,New York Liberty,2,0,59,Made Shot,Layup Shot,2PT Field Goal,Restricted Area,Center(C),Less Than 8 ft.,2,18,10,1,1,20180724,MIN,NYL,2018,1021800151286,11410,validated,200671,1,matched,playbyplayv2,1611661324,202250|202259|203411|204327|204329,complete,playbyplay_inferred,100944|200671|201480|202632|202658,complete,playbyplay_inferred,1611661324,Minnesota Lynx
Shot Chart Detail,1021800151,295,201480,Sylvia Fowles,1611661313,New York Liberty,2,0,9,Made Shot,Turnaround Hook Shot,2PT Field Goal,Restricted Area,Center(C),Less Than 8 ft.,2,-2,20,1,1,20180724,MIN,NYL,2018,1021800151295,11910,validated,,0,matched,playbyplayv2,1611661324,202250|202259|203411|204327|204329,complete,playbyplay_inferred,100944|200671|201480|202632|202658,complete,playbyplay_inferred,1611661324,Minnesota Lynx
Shot Chart Detail,1021800151,303,202658,Danielle Robinson,1611661313,New York Liberty,2,0,0,Missed Shot,Running Jump Shot,2PT Field Goal,In The Paint (Non-RA),Center(C),8-16 ft.,13,3,130,1,0,20180724,MIN,NYL,2018,1021800151303,12000,validated,,0,matched,playbyplayv2,1611661324,202250|202259|203411|204327|204329,complete,playbyplay_inferred,100944|200671|202632|202658|1627701,complete,playbyplay_inferred,1611661324,Minnesota Lynx
Shot Chart Detail,1021800151,313,201480,Sylvia Fowles,1611661313,New York Liberty,3,9,42,Made Shot,Jump Shot,2PT Field Goal,In The Paint (Non-RA),Center(C),Less Than 8 ft.,5,25,50,1,1,20180724,MIN,NYL,2018,1021800151313,12180,validated,,0,matched,playbyplayv2,1611661324,201889|202250|203411|204327|204329,complete,playbyplay_inferred,100915|100944|200671|201480|202632,complete,playbyplay_inferred,1611661324,Minnesota Lynx
Shot Chart Detail,1021800151,327,100944,Rebekkah Brunson,1611661313,New York Liberty,3,8,21,Missed Shot,Layup Shot,2PT Field Goal,In The Paint (Non-RA),Center(C),Less Than 8 ft.,4,-41,11,1,0,20180724,MIN,NYL,2018,1021800151327,12990,validated,,0,matched,playbyplayv2,1611661324,201889|202250|203411|204327|204329,complete,playbyplay_inferred,100915|100944|200671|201480|202632,complete,playbyplay_inferred,1611661324,Minnesota Lynx
Shot Chart Detail,1021800151,329,202632,Maya Moore,1611661313,New York Liberty,3,8,16,Made Shot,Putback Layup Shot,2PT Field Goal,Restricted Area,Center(C),Less Than 8 ft.,0,0,-6,1,1,20180724,MIN,NYL,2018,1021800151329,13040,validated,,0,matched,playbyplayv2,1611661324,201889|202250|203411|204327|204329,complete,playbyplay_inferred,100915|100944|200671|201480|202632,complete,playbyplay_inferred,1611661324,Minnesota Lynx
Shot Chart Detail,1021800151,333,100915,Lindsay Whalen,1611661313,New York Liberty,3,7,55,Made Shot,Jump Shot,2PT Field Goal,Mid-Range,Center(C),8-16 ft.,15,57,149,1,1,20180724,MIN,NYL,2018,1021800151333,13250,validated,,0,matched,playbyplayv2,1611661324,201889|202250|203411|204327|204329,complete,playbyplay_inferred,100915|100944|200671|201480|202632,complete,playbyplay_inferred,1611661324,Minnesota Lynx
Shot Chart Detail,1021800151,350,202632,Maya Moore,1611661313,New York Liberty,3,6,55,Missed Shot,Jump Shot,3PT Field Goal,Above the Break 3,Right Side Center(RC),24+ ft.,25,191,162,1,0,20180724,MIN,NYL,2018,1021800151350,13850,validated,,0,matched,playbyplayv2,1611661324,201889|202250|203411|204320|204327,complete,playbyplay_inferred,100915|100944|200671|201480|202632,complete,playbyplay_inferred,1611661324,Minnesota Lynx
Shot Chart Detail,1021800151,356,200671,Seimone Augustus,1611661313,New York Liberty,3,6,19,Missed Shot,Layup Shot,2PT Field Goal,Mid-Range,Right Side(R),8-16 ft.,15,124,90,1,0,20180724,MIN,NYL,2018,1021800151356,14210,validated,,0,matched,playbyplayv2,1611661324,201889|202250|203411|204320|204327,complete,playbyplay_inferred,100915|100944|200671|201480|202632,complete,playbyplay_inferred,1611661324,Minnesota Lynx
Shot Chart Detail,1021800151,362,202632,Maya Moore,1611661313,New York Liberty,3,5,47,Missed Shot,Jump Shot,2PT Field Goal,Mid-Range,Left Side(L),8-16 ft.,9,-90,-23,1,0,20180724,MIN,NYL,2018,1021800151362,14530,validated,,0,matched,playbyplayv2,1611661324,201889|202250|203411|204320|204327,complete,playbyplay_inferred,100915|100944|200671|201480|202632,complete,playbyplay_inferred,1611661324,Minnesota Lynx
Shot Chart Detail,1021800151,408,201480,Sylvia Fowles,1611661313,New York Liberty,3,5,46,Missed Shot,Layup Shot,2PT Field Goal,Restricted Area,Center(C),Less Than 8 ft.,1,-2,12,1,0,20180724,MIN,NYL,2018,1021800151408,14540,validated,,0,matched,playbyplayv2,1611661324,201889|202250|203411|204320|204327,complete,playbyplay_inferred,100915|100944|200671|201480|202632,complete,playbyplay_inferred,1611661324,Minnesota Lynx
Shot Chart Detail,1021800151,418,100944,Rebekkah Brunson,1611661313,New York Liberty,3,5,45,Missed Shot,Putback Layup Shot,2PT Field Goal,Restricted Area,Center(C),Less Than 8 ft.,1,-10,2,1,0,20180724,MIN,NYL,2018,1021800151418,14550,validated,,0,matched,playbyplayv2,1611661324,201889|202250|203411|204320|204327,complete,playbyplay_inferred,100915|100944|200671|201480|202632,complete,playbyplay_inferred,1611661324,Minnesota Lynx
Shot Chart Detail,1021800151,374,202632,Maya Moore,1611661313,New York Liberty,3,4,58,Missed Shot,Jump Shot,2PT Field Goal,In The Paint (Non-RA),Center(C),8-16 ft.,14,-70,122,1,0,20180724,MIN,NYL,2018,1021800151374,15020,validated,,0,matched,playbyplayv2,1611661324,201889|202250|203411|204320|204327,complete,playbyplay_inferred,100944|200671|201480|202632|202658,complete,playbyplay_inferred,1611661324,Minnesota Lynx
Shot Chart Detail,1021800151,388,201480,Sylvia Fowles,1611661313,New York Liberty,3,4,33,Made Shot,Layup Shot,2PT Field Goal,Restricted Area,Center(C),Less Than 8 ft.,3,28,20,1,1,20180724,MIN,NYL,2018,1021800151388,15270,validated,100944,1,matched,playbyplayv2,1611661324,202250|203829|204320|204327|1628915,complete,playbyplay_inferred,100944|101030|201480|202632|202658,complete,playbyplay_inferred,1611661324,Minnesota Lynx
Shot Chart Detail,1021800151,396,202632,Maya Moore,1611661313,New York Liberty,3,3,28,Missed Shot,Jump Shot,3PT Field Goal,Right Corner 3,Right Side(R),24+ ft.,23,237,-8,1,0,20180724,MIN,NYL,2018,1021800151396,15920,validated,,0,matched,playbyplayv2,1611661324,202250|203829|204320|204327|1628915,complete,playbyplay_inferred,100944|101030|201480|202632|202658,complete,playbyplay_inferred,1611661324,Minnesota Lynx
Shot Chart Detail,1021800151,406,101030,Tanisha Wright,1611661313,New York Liberty,3,3,0,Missed Shot,Jump Shot,3PT Field Goal,Above the Break 3,Right Side Center(RC),24+ ft.,23,175,163,1,0,20180724,MIN,NYL,2018,1021800151406,16200,validated,,0,matched,playbyplayv2,1611661324,202250|202259|203829|204320|1628915,complete,playbyplay_inferred,100944|101030|202658|1627701|1628508,complete,playbyplay_inferred,1611661324,Minnesota Lynx
Shot Chart Detail,1021800151,412,1627701,Temi Fágbénlé,1611661313,New York Liberty,3,2,17,Missed Shot,Jump Shot,2PT Field Goal,Mid-Range,Center(C),16-24 ft.,16,44,158,1,0,20180724,MIN,NYL,2018,1021800151412,16630,validated,,0,matched,playbyplayv2,1611661324,202250|202259|203829|204320|1628915,complete,playbyplay_inferred,100944|101030|202658|1627701|1628508,complete,playbyplay_inferred,1611661324,Minnesota Lynx
Shot Chart Detail,1021800151,428,1628508,Cecilia Zandalasini,1611661313,New York Liberty,3,1,20,Missed Shot,Jump Shot,2PT Field Goal,Mid-Range,Left Side(L),16-24 ft.,20,-200,-13,1,0,20180724,MIN,NYL,2018,1021800151428,17200,validated,,0,matched,playbyplayv2,1611661324,202250|202259|203829|204320|1628915,complete,playbyplay_inferred,100944|101030|202658|1627701|1628508,complete,playbyplay_inferred,1611661324,Minnesota Lynx
Shot Chart Detail,1021800151,436,1628508,Cecilia Zandalasini,1611661313,New York Liberty,3,0,57,Missed Shot,Jump Shot,3PT Field Goal,Above the Break 3,Center(C),24+ ft.,24,46,242,1,0,20180724,MIN,NYL,2018,1021800151436,17430,validated,,0,matched,playbyplayv2,1611661324,202250|202259|203829|204320|1628915,complete,playbyplay_inferred,101030|201480|202658|1627701|1628508,complete,playbyplay_inferred,1611661324,Minnesota Lynx
Shot Chart Detail,1021800151,441,101030,Tanisha Wright,1611661313,New York Liberty,3,0,13,Missed Shot,Jump Shot,3PT Field Goal,Above the Break 3,Left Side Center(LC),24+ ft.,25,-151,206,1,0,20180724,MIN,NYL,2018,1021800151441,17870,validated,,0,matched,playbyplayv2,1611661324,202250|202259|203829|204320|1628915,complete,playbyplay_inferred,101030|201480|202658|1627701|1628508,complete,playbyplay_inferred,1611661324,Minnesota Lynx
Shot Chart Detail,1021800151,443,202658,Danielle Robinson,1611661313,New York Liberty,3,0,3,Made Shot,Jump Shot,2PT Field Goal,Mid-Range,Left Side Center(LC),16-24 ft.,20,-82,189,1,1,20180724,MIN,NYL,2018,1021800151443,17970,validated,1628508,1,matched,playbyplayv2,1611661324,202250|202259|203829|204320|1628915,complete,playbyplay_inferred,101030|201480|202658|1627701|1628508,complete,playbyplay_inferred,1611661324,Minnesota Lynx
Shot Chart Detail,1021800151,466,200671,Seimone Augustus,1611661313,New York Liberty,4,9,19,Made Shot,Jump Shot,2PT Field Goal,Mid-Range,Left Side(L),16-24 ft.,18,-175,61,1,1,20180724,MIN,NYL,2018,1021800151466,18410,validated,100944,1,matched,playbyplayv2,1611661324,202250|203411|203829|204320|1628915,complete,playbyplay_inferred,100915|100944|200671|201480|202632,complete,playbyplay_inferred,1611661324,Minnesota Lynx
Shot Chart Detail,1021800151,470,202632,Maya Moore,1611661313,New York Liberty,4,8,48,Missed Shot,Jump Shot,3PT Field Goal,Above the Break 3,Left Side Center(LC),24+ ft.,25,-226,114,1,0,20180724,MIN,NYL,2018,1021800151470,18720,validated,,0,matched,playbyplayv2,1611661324,202250|203411|203829|204320|1628915,complete,playbyplay_inferred,100915|100944|200671|201480|202632,complete,playbyplay_inferred,1611661324,Minnesota Lynx
Shot Chart Detail,1021800151,474,100915,Lindsay Whalen,1611661313,New York Liberty,4,8,9,Made Shot,Jump Shot,3PT Field Goal,Above the Break 3,Left Side Center(LC),24+ ft.,25,-140,210,1,1,20180724,MIN,NYL,2018,1021800151474,19110,validated,200671,1,matched,playbyplayv2,1611661324,202250|203411|203829|204320|1628915,complete,playbyplay_inferred,100915|100944|200671|201480|202632,complete,playbyplay_inferred,1611661324,Minnesota Lynx
Shot Chart Detail,1021800151,478,200671,Seimone Augustus,1611661313,New York Liberty,4,7,32,Made Shot,Jump Shot,2PT Field Goal,Mid-Range,Right Side(R),16-24 ft.,17,143,97,1,1,20180724,MIN,NYL,2018,1021800151478,19480,validated,201480,1,matched,playbyplayv2,1611661324,202250|203411|203829|204320|1628915,complete,playbyplay_inferred,100915|100944|200671|201480|202632,complete,playbyplay_inferred,1611661324,Minnesota Lynx
Shot Chart Detail,1021800151,494,200671,Seimone Augustus,1611661313,New York Liberty,4,6,26,Missed Shot,Jump Shot,2PT Field Goal,In The Paint (Non-RA),Center(C),8-16 ft.,11,4,114,1,0,20180724,MIN,NYL,2018,1021800151494,20140,validated,,0,matched,playbyplayv2,1611661324,202250|203411|203829|204320|1628915,complete,playbyplay_inferred,100915|100944|200671|201480|202632,complete,playbyplay_inferred,1611661324,Minnesota Lynx
Shot Chart Detail,1021800151,497,100915,Lindsay Whalen,1611661313,New York Liberty,4,6,15,Missed Shot,Jump Shot,3PT Field Goal,Above the Break 3,Center(C),24+ ft.,25,-9,254,1,0,20180724,MIN,NYL,2018,1021800151497,20250,validated,,0,matched,playbyplayv2,1611661324,202250|203411|203829|204320|1628915,complete,playbyplay_inferred,100915|100944|200671|201480|202632,complete,playbyplay_inferred,1611661324,Minnesota Lynx
Shot Chart Detail,1021800151,499,201480,Sylvia Fowles,1611661313,New York Liberty,4,6,10,Made Shot,Putback Layup Shot,2PT Field Goal,Restricted Area,Center(C),Less Than 8 ft.,3,26,25,1,1,20180724,MIN,NYL,2018,1021800151499,20300,validated,,0,matched,playbyplayv2,1611661324,202250|203411|203829|204320|1628915,complete,playbyplay_inferred,100915|100944|200671|201480|202632,complete,playbyplay_inferred,1611661324,Minnesota Lynx
Shot Chart Detail,1021800151,505,200671,Seimone Augustus,1611661313,New York Liberty,4,5,23,Missed Shot,Jump Shot,2PT Field Goal,Mid-Range,Left Side Center(LC),16-24 ft.,20,-109,172,1,0,20180724,MIN,NYL,2018,1021800151505,20770,validated,,0,matched,playbyplayv2,1611661324,202250|203829|204320|204327|1628915,complete,playbyplay_inferred,100915|100944|200671|201480|202632,complete,playbyplay_inferred,1611661324,Minnesota Lynx
Shot Chart Detail,1021800151,509,200671,Seimone Augustus,1611661313,New York Liberty,4,5,18,Missed Shot,Jump Shot,2PT Field Goal,In The Paint (Non-RA),Center(C),8-16 ft.,12,-1,121,1,0,20180724,MIN,NYL,2018,1021800151509,20820,validated,,0,matched,playbyplayv2,1611661324,202250|203829|204320|204327|1628915,complete,playbyplay_inferred,100915|100944|200671|201480|202632,complete,playbyplay_inferred,1611661324,Minnesota Lynx
Shot Chart Detail,1021800151,513,202632,Maya Moore,1611661313,New York Liberty,4,4,46,Missed Shot,Jump Shot,3PT Field Goal,Above the Break 3,Left Side(L),16-24 ft.,23,-218,88,1,0,20180724,MIN,NYL,2018,1021800151513,21140,validated,,0,matched,playbyplayv2,1611661324,202250|203829|204320|204327|1628915,complete,playbyplay_inferred,100915|100944|200671|201480|202632,complete,playbyplay_inferred,1611661324,Minnesota Lynx
Shot Chart Detail,1021800151,517,100944,Rebekkah Brunson,1611661313,New York Liberty,4,4,15,Made Shot,Driving Finger Roll Layup Shot,2PT Field Goal,Restricted Area,Center(C),Less Than 8 ft.,2,2,29,1,1,20180724,MIN,NYL,2018,1021800151517,21450,validated,,0,matched,playbyplayv2,1611661324,202250|203829|204320|204327|1628915,complete,playbyplay_inferred,100915|100944|200671|201480|202632,complete,playbyplay_inferred,1611661324,Minnesota Lynx
Shot Chart Detail,1021800151,520,200671,Seimone Augustus,1611661313,New York Liberty,4,3,44,Made Shot,Driving Floating Jump Shot,2PT Field Goal,Mid-Range,Left Side(L),8-16 ft.,9,-91,4,1,1,20180724,MIN,NYL,2018,1021800151520,21760,validated,202632,1,matched,playbyplayv2,1611661324,202250|203829|204320|204327|1628915,complete,playbyplay_inferred,100915|100944|200671|201480|202632,complete,playbyplay_inferred,1611661324,Minnesota Lynx
Shot Chart Detail,1021800151,524,100944,Rebekkah Brunson,1611661313,New York Liberty,4,3,13,Missed Shot,Jump Shot,2PT Field Goal,Mid-Range,Left Side(L),16-24 ft.,16,-168,-2,1,0,20180724,MIN,NYL,2018,1021800151524,22070,validated,,0,matched,playbyplayv2,1611661324,202250|203829|204320|204327|1628915,complete,playbyplay_inferred,100915|100944|200671|201480|202632,complete,playbyplay_inferred,1611661324,Minnesota Lynx
Shot Chart Detail,1021800151,530,202632,Maya Moore,1611661313,New York Liberty,4,2,25,Missed Shot,Jump Shot,3PT Field Goal,Above the Break 3,Right Side Center(RC),24+ ft.,25,158,205,1,0,20180724,MIN,NYL,2018,1021800151530,22550,validated,,0,matched,playbyplayv2,1611661324,202250|203829|204320|204327|1628915,complete,playbyplay_inferred,100944|200671|201480|202632|202658,complete,playbyplay_inferred,1611661324,Minnesota Lynx
Shot Chart Detail,1021800151,534,202632,Maya Moore,1611661313,New York Liberty,4,2,2,Missed Shot,Jump Shot,2PT Field Goal,Mid-Range,Right Side Center(RC),16-24 ft.,20,115,167,1,0,20180724,MIN,NYL,2018,1021800151534,22780,validated,,0,matched,playbyplayv2,1611661324,202250|203829|204320|204327|1628915,complete,playbyplay_inferred,100944|200671|201480|202632|202658,complete,playbyplay_inferred,1611661324,Minnesota Lynx
Shot Chart Detail,1021800151,536,100944,Rebekkah Brunson,1611661313,New York Liberty,4,1,49,Missed Shot,Jump Shot,3PT Field Goal,Left Corner 3,Left Side(L),24+ ft.,22,-221,-14,1,0,20180724,MIN,NYL,2018,1021800151536,22910,validated,,0,matched,playbyplayv2,1611661324,202250|203829|204320|204327|1628915,complete,playbyplay_inferred,100944|200671|201480|202632|202658,complete,playbyplay_inferred,1611661324,Minnesota Lynx
Shot Chart Detail,1021800151,539,200671,Seimone Augustus,1611661313,New York Liberty,4,1,25,Made Shot,Driving Layup Shot,2PT Field Goal,In The Paint (Non-RA),Center(C),Less Than 8 ft.,6,4,61,1,1,20180724,MIN,NYL,2018,1021800151539,23150,validated,,0,matched,playbyplayv2,1611661324,202250|203829|204320|204327|1628915,complete,playbyplay_inferred,100944|200671|201480|202632|202658,complete,playbyplay_inferred,1611661324,Minnesota Lynx
Shot Chart Detail,1021800151,542,202658,Danielle Robinson,1611661313,New York Liberty,4,0,56,Missed Shot,Jump Shot,2PT Field Goal,Mid-Range,Left Side Center(LC),16-24 ft.,20,-132,158,1,0,20180724,MIN,NYL,2018,1021800151542,23440,validated,,0,matched,playbyplayv2,1611661324,202250|203829|204320|204327|1628915,complete,playbyplay_inferred,100944|200671|201480|202632|202658,complete,playbyplay_inferred,1611661324,Minnesota Lynx
Shot Chart Detail,1021800151,551,202632,Maya Moore,1611661313,New York Liberty,4,0,18,Missed Shot,Jump Shot,2PT Field Goal,Mid-Range,Right Side Center(RC),16-24 ft.,19,76,176,1,0,20180724,MIN,NYL,2018,1021800151551,23820,validated,,0,matched,playbyplayv2,1611661324,202250|203829|204320|204327|1628915,complete,playbyplay_inferred,100915|100944|200671|201480|202632,complete,playbyplay_inferred,1611661324,Minnesota Lynx
Shot Chart Detail,1021800157,7,1627675,Courtney Williams,1611661313,New York Liberty,1,9,51,Missed Shot,Pullup Jump shot,2PT Field Goal,Mid-Range,Right Side Center(RC),16-24 ft.,17,93,145,1,0,20180801,CON,NYL,2018,10218001577,90,validated,,0,matched,playbyplayv2,1611661323,201889|201913|202250|203411|204327,complete,playbyplay_inferred,202662|203015|203823|203826|1627675,complete,playbyplay_inferred,1611661323,Connecticut Sun
Shot Chart Detail,1021800157,11,203015,Shekinna Stricklen,1611661313,New York Liberty,1,9,17,Made Shot,Jump Shot,3PT Field Goal,Above the Break 3,Right Side Center(RC),24+ ft.,24,156,194,1,1,20180801,CON,NYL,2018,102180015711,430,validated,1627675,1,matched,playbyplayv2,1611661323,201889|201913|202250|203411|204327,complete,playbyplay_inferred,202662|203015|203823|203826|1627675,complete,playbyplay_inferred,1611661323,Connecticut Sun
Shot Chart Detail,1021800157,19,203015,Shekinna Stricklen,1611661313,New York Liberty,1,8,35,Made Shot,Step Back Jump shot,3PT Field Goal,Above the Break 3,Right Side Center(RC),24+ ft.,23,92,221,1,1,20180801,CON,NYL,2018,102180015719,850,validated,202662,1,matched,playbyplayv2,1611661323,201889|201913|202250|203411|204327,complete,playbyplay_inferred,202662|203015|203823|203826|1627675,complete,playbyplay_inferred,1611661323,Connecticut Sun
Shot Chart Detail,1021800157,23,1627675,Courtney Williams,1611661313,New York Liberty,1,8,14,Missed Shot,Jump Shot,2PT Field Goal,Mid-Range,Center(C),16-24 ft.,20,48,197,1,0,20180801,CON,NYL,2018,102180015723,1060,validated,,0,matched,playbyplayv2,1611661323,201889|201913|202250|203411|204327,complete,playbyplay_inferred,202662|203015|203823|203826|1627675,complete,playbyplay_inferred,1611661323,Connecticut Sun
Shot Chart Detail,1021800157,27,203823,Chiney Ogwumike,1611661313,New York Liberty,1,7,51,Made Shot,Reverse Layup Shot,2PT Field Goal,Restricted Area,Center(C),Less Than 8 ft.,1,0,13,1,1,20180801,CON,NYL,2018,102180015727,1290,validated,203826,1,matched,playbyplayv2,1611661323,201889|201913|202250|203411|204327,complete,playbyplay_inferred,202662|203015|203823|203826|1627675,complete,playbyplay_inferred,1611661323,Connecticut Sun
Shot Chart Detail,1021800157,31,202662,Jasmine Thomas,1611661313,New York Liberty,1,7,20,Missed Shot,Jump Shot,3PT Field Goal,Above the Break 3,Center(C),24+ ft.,26,49,259,1,0,20180801,CON,NYL,2018,102180015731,1600,validated,,0,matched,playbyplayv2,1611661323,201889|201913|202250|203411|204327,complete,playbyplay_inferred,202662|203015|203823|203826|1627675,complete,playbyplay_inferred,1611661323,Connecticut Sun
Shot Chart Detail,1021800157,35,203826,Alyssa Thomas,1611661313,New York Liberty,1,6,46,Missed Shot,Layup Shot,2PT Field Goal,Restricted Area,Center(C),Less Than 8 ft.,2,19,14,1,0,20180801,CON,NYL,2018,102180015735,1940,validated,,0,matched,playbyplayv2,1611661323,201889|201913|202250|203411|204327,complete,playbyplay_inferred,202662|203015|203823|203826|1627675,complete,playbyplay_inferred,1611661323,Connecticut Sun
Shot Chart Detail,1021800157,37,1627675,Courtney Williams,1611661313,New York Liberty,1,6,42,Made Shot,Putback Layup Shot,2PT Field Goal,Restricted Area,Center(C),Less Than 8 ft.,0,0,-6,1,1,20180801,CON,NYL,2018,102180015737,1980,validated,,0,matched,playbyplayv2,1611661323,201889|201913|202250|203411|204327,complete,playbyplay_inferred,202662|203015|203823|203826|1627675,complete,playbyplay_inferred,1611661323,Connecticut Sun
Shot Chart Detail,1021800157,40,1627675,Courtney Williams,1611661313,New York Liberty,1,6,8,Made Shot,Driving Layup Shot,2PT Field Goal,Restricted Area,Center(C),Less Than 8 ft.,0,5,0,1,1,20180801,CON,NYL,2018,102180015740,2320,validated,203823,1,matched,playbyplayv2,1611661323,201889|201913|202250|203411|204327,complete,playbyplay_inferred,202662|203015|203823|203826|1627675,complete,playbyplay_inferred,1611661323,Connecticut Sun
Shot Chart Detail,1021800157,45,203823,Chiney Ogwumike,1611661313,New York Liberty,1,5,31,Made Shot,Driving Layup Shot,2PT Field Goal,Restricted Area,Center(C),Less Than 8 ft.,1,-7,11,1,1,20180801,CON,NYL,2018,102180015745,2690,validated,1627675,1,matched,playbyplayv2,1611661323,201889|201913|202250|203411|204327,complete,playbyplay_inferred,202662|203015|203823|203826|1627675,complete,playbyplay_inferred,1611661323,Connecticut Sun
Shot Chart Detail,1021800157,57,202662,Jasmine Thomas,1611661313,New York Liberty,1,4,27,Missed Shot,Jump Shot,3PT Field Goal,Above the Break 3,Center(C),24+ ft.,25,-69,248,1,0,20180801,CON,NYL,2018,102180015757,3330,validated,,0,matched,playbyplayv2,1611661323,201889|201913|202250|203411|203829,complete,playbyplay_inferred,202662|203015|203823|203826|1627675,complete,playbyplay_inferred,1611661323,Connecticut Sun
Shot Chart Detail,1021800157,62,1627675,Courtney Williams,1611661313,New York Liberty,1,3,45,Missed Shot,Jump Shot,2PT Field Goal,Mid-Range,Right Side(R),8-16 ft.,14,96,115,1,0,20180801,CON,NYL,2018,102180015762,3750,validated,,0,matched,playbyplayv2,1611661323,201889|201913|202250|203411|203829,complete,playbyplay_inferred,202662|203015|203823|203826|1627675,complete,playbyplay_inferred,1611661323,Connecticut Sun
Shot Chart Detail,1021800157,66,1627675,Courtney Williams,1611661313,New York Liberty,1,3,32,Made Shot,Driving Layup Shot,2PT Field Goal,Restricted Area,Center(C),Less Than 8 ft.,0,3,-2,1,1,20180801,CON,NYL,2018,102180015766,3880,validated,203826,1,matched,playbyplayv2,1611661323,201889|201913|202250|203411|203829,complete,playbyplay_inferred,202662|203015|203823|203826|1627675,complete,playbyplay_inferred,1611661323,Connecticut Sun
Shot Chart Detail,1021800157,70,203823,Chiney Ogwumike,1611661313,New York Liberty,1,2,48,Made Shot,Cutting Layup Shot,2PT Field Goal,Restricted Area,Center(C),Less Than 8 ft.,0,0,0,1,1,20180801,CON,NYL,2018,102180015770,4320,validated,202662,1,matched,playbyplayv2,1611661323,201889|201913|202250|203411|203829,complete,playbyplay_inferred,202662|203015|203823|203826|1627675,complete,playbyplay_inferred,1611661323,Connecticut Sun
Shot Chart Detail,1021800157,85,1627673,Jonquel Jones,1611661313,New York Liberty,1,2,14,Missed Shot,Layup Shot,2PT Field Goal,Restricted Area,Center(C),Less Than 8 ft.,1,13,9,1,0,20180801,CON,NYL,2018,102180015785,4660,validated,,0,matched,playbyplayv2,1611661323,201889|202250|203411|203829|204320,complete,playbyplay_inferred,202662|203826|1627670|1627671|1627673,complete,playbyplay_inferred,1611661323,Connecticut Sun
Shot Chart Detail,1021800157,119,203826,Alyssa Thomas,1611661313,New York Liberty,1,0,0,Missed Shot,Running Jump Shot,3PT Field Goal,Backcourt,Back Court(BC),Back Court Shot,58,-78,577,1,0,20180801,CON,NYL,2018,1021800157119,6000,validated,,0,matched,playbyplayv2,1611661323,202250|203411|203829|204320|1628915,complete,playbyplay_inferred,202662|203826|1627670|1627671|1627673,complete,playbyplay_inferred,1611661323,Connecticut Sun
Shot Chart Detail,1021800157,125,1627673,Jonquel Jones,1611661313,New York Liberty,2,9,38,Missed Shot,Jump Shot,3PT Field Goal,Above the Break 3,Center(C),24+ ft.,24,42,243,1,0,20180801,CON,NYL,2018,1021800157125,6220,validated,,0,matched,playbyplayv2,1611661323,202250|203411|203829|204320|1628915,complete,playbyplay_inferred,202662|203826|1627670|1627671|1627673,complete,playbyplay_inferred,1611661323,Connecticut Sun
Shot Chart Detail,1021800157,133,1627670,Morgan Tuck,1611661313,New York Liberty,2,8,32,Missed Shot,Jump Shot,2PT Field Goal,In The Paint (Non-RA),Center(C),Less Than 8 ft.,5,-24,50,1,0,20180801,CON,NYL,2018,1021800157133,6880,validated,,0,matched,playbyplayv2,1611661323,202250|203411|203829|204320|1628915,complete,playbyplay_inferred,202662|203826|1627670|1627671|1627673,complete,playbyplay_inferred,1611661323,Connecticut Sun
Shot Chart Detail,1021800157,136,202662,Jasmine Thomas,1611661313,New York Liberty,2,8,27,Made Shot,Jump Shot,2PT Field Goal,Mid-Range,Right Side(R),8-16 ft.,9,91,21,1,1,20180801,CON,NYL,2018,1021800157136,6930,validated,,0,matched,playbyplayv2,1611661323,202250|203411|203829|204320|1628915,complete,playbyplay_inferred,202662|203826|1627670|1627671|1627673,complete,playbyplay_inferred,1611661323,Connecticut Sun
Shot Chart Detail,1021800157,143,1627673,Jonquel Jones,1611661313,New York Liberty,2,7,46,Made Shot,Cutting Layup Shot,2PT Field Goal,Restricted Area,Center(C),Less Than 8 ft.,3,38,0,1,1,20180801,CON,NYL,2018,1021800157143,7340,validated,203406,1,matched,playbyplayv2,1611661323,202250|203411|203829|204320|1628915,complete,playbyplay_inferred,203406|203826|1627670|1627671|1627673,complete,playbyplay_inferred,1611661323,Connecticut Sun
Shot Chart Detail,1021800157,147,1627673,Jonquel Jones,1611661313,New York Liberty,2,7,25,Missed Shot,Jump Shot,3PT Field Goal,Above the Break 3,Right Side(R),16-24 ft.,22,216,66,1,0,20180801,CON,NYL,2018,1021800157147,7550,validated,,0,matched,playbyplayv2,1611661323,202250|203411|203829|204320|1628915,complete,playbyplay_inferred,203406|203826|1627670|1627671|1627673,complete,playbyplay_inferred,1611661323,Connecticut Sun
Shot Chart Detail,1021800157,149,1627671,Rachel Banham,1611661313,New York Liberty,2,7,20,Made Shot,Step Back Jump shot,3PT Field Goal,Above the Break 3,Right Side Center(RC),24+ ft.,24,100,222,1,1,20180801,CON,NYL,2018,1021800157149,7600,validated,203826,1,matched,playbyplayv2,1611661323,202250|203411|203829|204320|1628915,complete,playbyplay_inferred,203406|203826|1627670|1627671|1627673,complete,playbyplay_inferred,1611661323,Connecticut Sun
Shot Chart Detail,1021800157,157,1627675,Courtney Williams,1611661313,New York Liberty,2,6,51,Made Shot,Pullup Jump shot,2PT Field Goal,Mid-Range,Center(C),16-24 ft.,19,-22,189,1,1,20180801,CON,NYL,2018,1021800157157,7890,validated,,0,matched,playbyplayv2,1611661323,202250|203411|203829|204320|1628915,complete,playbyplay_inferred,203406|203826|1627670|1627673|1627675,complete,playbyplay_inferred,1611661323,Connecticut Sun
Shot Chart Detail,1021800157,160,1627673,Jonquel Jones,1611661313,New York Liberty,2,6,20,Made Shot,Jump Shot,3PT Field Goal,Above the Break 3,Left Side Center(LC),24+ ft.,25,-98,233,1,1,20180801,CON,NYL,2018,1021800157160,8200,validated,1627675,1,matched,playbyplayv2,1611661323,202250|203411|203829|204320|1628915,complete,playbyplay_inferred,203406|203826|1627670|1627673|1627675,complete,playbyplay_inferred,1611661323,Connecticut Sun
Shot Chart Detail,1021800157,164,1627673,Jonquel Jones,1611661313,New York Liberty,2,5,45,Made Shot,Driving Layup Shot,2PT Field Goal,In The Paint (Non-RA),Center(C),Less Than 8 ft.,6,50,39,1,1,20180801,CON,NYL,2018,1021800157164,8550,validated,1627675,1,matched,playbyplayv2,1611661323,202250|203411|203829|204320|1628915,complete,playbyplay_inferred,203406|203826|1627670|1627673|1627675,complete,playbyplay_inferred,1611661323,Connecticut Sun
Shot Chart Detail,1021800157,168,1627675,Courtney Williams,1611661313,New York Liberty,2,5,28,Missed Shot,Layup Shot,2PT Field Goal,Restricted Area,Center(C),Less Than 8 ft.,3,30,13,1,0,20180801,CON,NYL,2018,1021800157168,8720,validated,,0,matched,playbyplayv2,1611661323,202250|203411|203829|204320|1628915,complete,playbyplay_inferred,203406|203826|1627670|1627673|1627675,complete,playbyplay_inferred,1611661323,Connecticut Sun
Shot Chart Detail,1021800157,170,203826,Alyssa Thomas,1611661313,New York Liberty,2,5,24,Missed Shot,Layup Shot,2PT Field Goal,Restricted Area,Center(C),Less Than 8 ft.,2,15,17,1,0,20180801,CON,NYL,2018,1021800157170,8760,validated,,0,matched,playbyplayv2,1611661323,202250|203411|203829|204320|1628915,complete,playbyplay_inferred,203406|203826|1627670|1627673|1627675,complete,playbyplay_inferred,1611661323,Connecticut Sun
Shot Chart Detail,1021800157,184,1627670,Morgan Tuck,1611661313,New York Liberty,2,5,0,Made Shot,Turnaround Jump Shot,3PT Field Goal,Above the Break 3,Center(C),24+ ft.,25,69,242,1,1,20180801,CON,NYL,2018,1021800157184,9000,validated,203406,1,matched,playbyplayv2,1611661323,203829|204320|204327|204329|1628915,complete,playbyplay_inferred,203015|203406|203823|1627670|1627675,complete,playbyplay_inferred,1611661323,Connecticut Sun
Shot Chart Detail,1021800157,188,1627670,Morgan Tuck,1611661313,New York Liberty,2,4,30,Missed Shot,Jump Shot,3PT Field Goal,Above the Break 3,Left Side Center(LC),24+ ft.,26,-106,248,1,0,20180801,CON,NYL,2018,1021800157188,9300,validated,,0,matched,playbyplayv2,1611661323,203829|204320|204327|204329|1628915,complete,playbyplay_inferred,203015|203406|203823|1627670|1627675,complete,playbyplay_inferred,1611661323,Connecticut Sun
Shot Chart Detail,1021800157,190,203823,Chiney Ogwumike,1611661313,New York Liberty,2,4,27,Made Shot,Putback Layup Shot,2PT Field Goal,Restricted Area,Center(C),Less Than 8 ft.,0,0,-6,1,1,20180801,CON,NYL,2018,1021800157190,9330,validated,,0,matched,playbyplayv2,1611661323,203829|204320|204327|204329|1628915,complete,playbyplay_inferred,203015|203406|203823|1627670|1627675,complete,playbyplay_inferred,1611661323,Connecticut Sun
Shot Chart Detail,1021800157,199,203015,Shekinna Stricklen,1611661313,New York Liberty,2,3,33,Missed Shot,Jump Shot,3PT Field Goal,Above the Break 3,Left Side Center(LC),24+ ft.,25,-169,185,1,0,20180801,CON,NYL,2018,1021800157199,9870,validated,,0,matched,playbyplayv2,1611661323,202250|203829|204327|204329|1628915,complete,playbyplay_inferred,203015|203406|203823|1627670|1627675,complete,playbyplay_inferred,1611661323,Connecticut Sun
Shot Chart Detail,1021800157,203,1627670,Morgan Tuck,1611661313,New York Liberty,2,3,6,Missed Shot,Jump Shot,2PT Field Goal,In The Paint (Non-RA),Center(C),Less Than 8 ft.,7,-24,74,1,0,20180801,CON,NYL,2018,1021800157203,10140,validated,,0,matched,playbyplayv2,1611661323,202250|203829|204327|204329|1628915,complete,playbyplay_inferred,203015|203406|203823|1627670|1627675,complete,playbyplay_inferred,1611661323,Connecticut Sun
Shot Chart Detail,1021800157,207,1627675,Courtney Williams,1611661313,New York Liberty,2,2,49,Made Shot,Pullup Jump shot,2PT Field Goal,In The Paint (Non-RA),Center(C),8-16 ft.,13,58,117,1,1,20180801,CON,NYL,2018,1021800157207,10310,validated,,0,matched,playbyplayv2,1611661323,202250|203829|204327|204329|1628915,complete,playbyplay_inferred,203015|203406|203823|1627670|1627675,complete,playbyplay_inferred,1611661323,Connecticut Sun
Shot Chart Detail,1021800157,210,203823,Chiney Ogwumike,1611661313,New York Liberty,2,2,11,Made Shot,Driving Layup Shot,2PT Field Goal,Restricted Area,Center(C),Less Than 8 ft.,0,-2,-3,1,1,20180801,CON,NYL,2018,1021800157210,10690,validated,,0,matched,playbyplayv2,1611661323,202250|203829|204327|204329|1628915,complete,playbyplay_inferred,203015|203406|203823|1627670|1627675,complete,playbyplay_inferred,1611661323,Connecticut Sun
Shot Chart Detail,1021800157,213,1627675,Courtney Williams,1611661313,New York Liberty,2,1,33,Missed Shot,Jump Shot,2PT Field Goal,Mid-Range,Left Side(L),16-24 ft.,17,-173,13,1,0,20180801,CON,NYL,2018,1021800157213,11070,validated,,0,matched,playbyplayv2,1611661323,202250|203829|204327|204329|1628915,complete,playbyplay_inferred,203015|203406|203823|1627670|1627675,complete,playbyplay_inferred,1611661323,Connecticut Sun
Shot Chart Detail,1021800157,227,203826,Alyssa Thomas,1611661313,New York Liberty,2,1,0,Made Shot,Driving Layup Shot,2PT Field Goal,Restricted Area,Center(C),Less Than 8 ft.,2,2,28,1,1,20180801,CON,NYL,2018,1021800157227,11400,validated,202662,1,matched,playbyplayv2,1611661323,202250|203829|204296|204327|1628915,complete,playbyplay_inferred,202662|203015|203826|1627673|1627675,complete,playbyplay_inferred,1611661323,Connecticut Sun
Shot Chart Detail,1021800157,231,202662,Jasmine Thomas,1611661313,New York Liberty,2,0,42,Made Shot,Driving Layup Shot,2PT Field Goal,In The Paint (Non-RA),Center(C),Less Than 8 ft.,4,-34,29,1,1,20180801,CON,NYL,2018,1021800157231,11580,validated,,0,matched,playbyplayv2,1611661323,202250|203829|204296|204327|1628915,complete,playbyplay_inferred,202662|203015|203826|1627673|1627675,complete,playbyplay_inferred,1611661323,Connecticut Sun
Shot Chart Detail,1021800157,234,1627673,Jonquel Jones,1611661313,New York Liberty,2,0,26,Missed Shot,Layup Shot,2PT Field Goal,Restricted Area,Center(C),Less Than 8 ft.,3,-24,27,1,0,20180801,CON,NYL,2018,1021800157234,11740,validated,,0,matched,playbyplayv2,1611661323,202250|203829|204296|204327|1628915,complete,playbyplay_inferred,202662|203015|203826|1627673|1627675,complete,playbyplay_inferred,1611661323,Connecticut Sun
Shot Chart Detail,1021800157,250,203823,Chiney Ogwumike,1611661313,New York Liberty,3,9,17,Missed Shot,Cutting Layup Shot,2PT Field Goal,Restricted Area,Center(C),Less Than 8 ft.,2,19,12,1,0,20180801,CON,NYL,2018,1021800157250,12430,validated,,0,matched,playbyplayv2,1611661323,201889|201913|202250|203411|204327,complete,playbyplay_inferred,202662|203015|203823|203826|1627675,complete,playbyplay_inferred,1611661323,Connecticut Sun
Shot Chart Detail,1021800157,255,1627675,Courtney Williams,1611661313,New York Liberty,3,8,55,Missed Shot,Jump Shot,2PT Field Goal,Mid-Range,Left Side Center(LC),16-24 ft.,17,-98,146,1,0,20180801,CON,NYL,2018,1021800157255,12650,validated,,0,matched,playbyplayv2,1611661323,201889|201913|202250|203411|204327,complete,playbyplay_inferred,202662|203015|203823|203826|1627675,complete,playbyplay_inferred,1611661323,Connecticut Sun
Shot Chart Detail,1021800157,263,1627675,Courtney Williams,1611661313,New York Liberty,3,7,56,Missed Shot,Jump Shot,2PT Field Goal,Mid-Range,Center(C),16-24 ft.,20,33,200,1,0,20180801,CON,NYL,2018,1021800157263,13240,validated,,0,matched,playbyplayv2,1611661323,201889|201913|202250|203411|204327,complete,playbyplay_inferred,202662|203015|203823|203826|1627675,complete,playbyplay_inferred,1611661323,Connecticut Sun
Shot Chart Detail,1021800157,276,203823,Chiney Ogwumike,1611661313,New York Liberty,3,7,27,Missed Shot,Layup Shot,2PT Field Goal,Restricted Area,Center(C),Less Than 8 ft.,2,-13,18,1,0,20180801,CON,NYL,2018,1021800157276,13530,validated,,0,matched,playbyplayv2,1611661323,201889|201913|202250|203411|204327,complete,playbyplay_inferred,202662|203015|203823|203826|1627675,complete,playbyplay_inferred,1611661323,Connecticut Sun
Shot Chart Detail,1021800157,278,203826,Alyssa Thomas,1611661313,New York Liberty,3,7,23,Missed Shot,Putback Layup Shot,2PT Field Goal,Restricted Area,Center(C),Less Than 8 ft.,0,9,1,1,0,20180801,CON,NYL,2018,1021800157278,13570,validated,,0,matched,playbyplayv2,1611661323,201889|201913|202250|203411|204327,complete,playbyplay_inferred,202662|203015|203823|203826|1627675,complete,playbyplay_inferred,1611661323,Connecticut Sun
Shot Chart Detail,1021800157,282,202662,Jasmine Thomas,1611661313,New York Liberty,3,7,7,Missed Shot,Jump Shot,2PT Field Goal,Mid-Range,Left Side Center(LC),16-24 ft.,16,-66,150,1,0,20180801,CON,NYL,2018,1021800157282,13730,validated,,0,matched,playbyplayv2,1611661323,201889|201913|202250|203411|204327,complete,playbyplay_inferred,202662|203015|203823|203826|1627675,complete,playbyplay_inferred,1611661323,Connecticut Sun
Shot Chart Detail,1021800157,286,1627675,Courtney Williams,1611661313,New York Liberty,3,6,45,Made Shot,Jump Shot,2PT Field Goal,Mid-Range,Right Side Center(RC),16-24 ft.,17,129,113,1,1,20180801,CON,NYL,2018,1021800157286,13950,validated,,0,matched,playbyplayv2,1611661323,201889|201913|202250|203411|204327,complete,playbyplay_inferred,202662|203015|203823|203826|1627675,complete,playbyplay_inferred,1611661323,Connecticut Sun
Shot Chart Detail,1021800157,295,202662,Jasmine Thomas,1611661313,New York Liberty,3,6,12,Missed Shot,Jump Shot,2PT Field Goal,In The Paint (Non-RA),Center(C),Less Than 8 ft.,8,48,64,1,0,20180801,CON,NYL,2018,1021800157295,14280,validated,,0,matched,playbyplayv2,1611661323,201913|202250|203411|203829|1628915,complete,playbyplay_inferred,202662|203015|203823|203826|1627675,complete,playbyplay_inferred,1611661323,Connecticut Sun
Shot Chart Detail,1021800157,305,1627675,Courtney Williams,1611661313,New York Liberty,3,5,44,Made Shot,Jump Shot,2PT Field Goal,Mid-Range,Right Side Center(RC),16-24 ft.,17,128,123,1,1,20180801,CON,NYL,2018,1021800157305,14560,validated,,0,matched,playbyplayv2,1611661323,201913|202250|203411|203829|1628915,complete,playbyplay_inferred,202662|203015|203823|203826|1627675,complete,playbyplay_inferred,1611661323,Connecticut Sun
Shot Chart Detail,1021800157,312,202662,Jasmine Thomas,1611661313,New York Liberty,3,5,14,Made Shot,Pullup Jump shot,2PT Field Goal,Mid-Range,Center(C),16-24 ft.,18,-55,179,1,1,20180801,CON,NYL,2018,1021800157312,14860,validated,,0,matched,playbyplayv2,1611661323,201913|202250|203411|203829|1628915,complete,playbyplay_inferred,202662|203015|203823|203826|1627675,complete,playbyplay_inferred,1611661323,Connecticut Sun
Shot Chart Detail,1021800157,315,202662,Jasmine Thomas,1611661313,New York Liberty,3,4,40,Missed Shot,Pullup Jump shot,2PT Field Goal,Mid-Range,Center(C),16-24 ft.,16,-36,157,1,0,20180801,CON,NYL,2018,1021800157315,15200,validated,,0,matched,playbyplayv2,1611661323,201913|202250|203411|203829|1628915,complete,playbyplay_inferred,202662|203015|203823|203826|1627675,complete,playbyplay_inferred,1611661323,Connecticut Sun
Shot Chart Detail,1021800157,318,203015,Shekinna Stricklen,1611661313,New York Liberty,3,4,11,Made Shot,Jump Shot,3PT Field Goal,Above the Break 3,Left Side Center(LC),24+ ft.,23,-83,224,1,1,20180801,CON,NYL,2018,1021800157318,15490,validated,1627675,1,matched,playbyplayv2,1611661323,201913|202250|203411|203829|1628915,complete,playbyplay_inferred,202662|203015|203823|203826|1627675,complete,playbyplay_inferred,1611661323,Connecticut Sun
Shot Chart Detail,1021800157,322,1627675,Courtney Williams,1611661313,New York Liberty,3,3,40,Missed Shot,Pullup Jump shot,3PT Field Goal,Above the Break 3,Left Side Center(LC),24+ ft.,26,-92,249,1,0,20180801,CON,NYL,2018,1021800157322,15800,validated,,0,matched,playbyplayv2,1611661323,201913|202250|203411|203829|1628915,complete,playbyplay_inferred,202662|203015|203823|203826|1627675,complete,playbyplay_inferred,1611661323,Connecticut Sun
Shot Chart Detail,1021800157,326,203015,Shekinna Stricklen,1611661313,New York Liberty,3,3,18,Missed Shot,Jump Shot,3PT Field Goal,Above the Break 3,Center(C),16-24 ft.,23,6,230,1,0,20180801,CON,NYL,2018,1021800157326,16020,validated,,0,matched,playbyplayv2,1611661323,201913|202250|203411|203829|1628915,complete,playbyplay_inferred,202662|203015|203823|203826|1627675,complete,playbyplay_inferred,1611661323,Connecticut Sun
Shot Chart Detail,1021800157,330,203015,Shekinna Stricklen,1611661313,New York Liberty,3,2,49,Missed Shot,Jump Shot,3PT Field Goal,Above the Break 3,Left Side Center(LC),24+ ft.,24,-169,173,1,0,20180801,CON,NYL,2018,1021800157330,16310,validated,,0,matched,playbyplayv2,1611661323,201913|202250|203411|203829|1628915,complete,playbyplay_inferred,202662|203015|203823|203826|1627675,complete,playbyplay_inferred,1611661323,Connecticut Sun
Shot Chart Detail,1021800157,349,203826,Alyssa Thomas,1611661313,New York Liberty,3,2,37,Missed Shot,Jump Shot,2PT Field Goal,Mid-Range,Right Side Center(RC),16-24 ft.,16,97,131,1,0,20180801,CON,NYL,2018,1021800157349,16430,validated,,0,matched,playbyplayv2,1611661323,202250|203829|204296|204320|204327,complete,playbyplay_inferred,202662|203826|204335|1627671|1627673,complete,playbyplay_inferred,1611661323,Connecticut Sun
Shot Chart Detail,1021800157,353,202662,Jasmine Thomas,1611661313,New York Liberty,3,1,57,Missed Shot,Jump Shot,2PT Field Goal,In The Paint (Non-RA),Center(C),8-16 ft.,10,31,102,1,0,20180801,CON,NYL,2018,1021800157353,16830,validated,,0,matched,playbyplayv2,1611661323,202250|203829|204296|204320|204327,complete,playbyplay_inferred,202662|203826|204335|1627671|1627673,complete,playbyplay_inferred,1611661323,Connecticut Sun
Shot Chart Detail,1021800157,357,1627673,Jonquel Jones,1611661313,New York Liberty,3,1,27,Missed Shot,Jump Shot,3PT Field Goal,Above the Break 3,Right Side Center(RC),24+ ft.,24,121,208,1,0,20180801,CON,NYL,2018,1021800157357,17130,validated,,0,matched,playbyplayv2,1611661323,202250|203829|204296|204320|204327,complete,playbyplay_inferred,202662|203826|204335|1627671|1627673,complete,playbyplay_inferred,1611661323,Connecticut Sun
Shot Chart Detail,1021800157,367,1627671,Rachel Banham,1611661313,New York Liberty,3,0,31,Made Shot,Step Back Jump shot,3PT Field Goal,Above the Break 3,Left Side Center(LC),24+ ft.,25,-183,173,1,1,20180801,CON,NYL,2018,1021800157367,17690,validated,202662,1,matched,playbyplayv2,1611661323,202250|203829|204296|204320|204327,complete,playbyplay_inferred,202662|203826|204335|1627671|1627673,complete,playbyplay_inferred,1611661323,Connecticut Sun
Shot Chart Detail,1021800157,381,203406,Layshia Clarendon,1611661313,New York Liberty,3,0,0,Made Shot,Jump Shot,2PT Field Goal,In The Paint (Non-RA),Center(C),8-16 ft.,11,-46,108,1,1,20180801,CON,NYL,2018,1021800157381,18000,validated,,0,matched,playbyplayv2,1611661323,202250|203829|204296|204320|204327,complete,playbyplay_inferred,203406|203826|204335|1627671|1627673,complete,playbyplay_inferred,1611661323,Connecticut Sun
Shot Chart Detail,1021800157,388,203406,Layshia Clarendon,1611661313,New York Liberty,4,9,40,Made Shot,Driving Floating Jump Shot,2PT Field Goal,In The Paint (Non-RA),Center(C),Less Than 8 ft.,5,-20,54,1,1,20180801,CON,NYL,2018,1021800157388,18200,validated,,0,matched,playbyplayv2,1611661323,202250|203411|204296|204320|204327,complete,playbyplay_inferred,203406|203826|204335|1627671|1627673,complete,playbyplay_inferred,1611661323,Connecticut Sun
Shot Chart Detail,1021800157,393,203826,Alyssa Thomas,1611661313,New York Liberty,4,9,9,Made Shot,Jump Shot,2PT Field Goal,In The Paint (Non-RA),Center(C),8-16 ft.,8,30,82,1,1,20180801,CON,NYL,2018,1021800157393,18510,validated,,0,matched,playbyplayv2,1611661323,202250|203411|204296|204320|204327,complete,playbyplay_inferred,203406|203826|204335|1627671|1627673,complete,playbyplay_inferred,1611661323,Connecticut Sun
Shot Chart Detail,1021800157,410,203406,Layshia Clarendon,1611661313,New York Liberty,4,8,21,Missed Shot,Jump Shot,3PT Field Goal,Above the Break 3,Right Side(R),16-24 ft.,22,219,65,1,0,20180801,CON,NYL,2018,1021800157410,18990,validated,,0,matched,playbyplayv2,1611661323,202250|203411|204296|204320|204327,complete,playbyplay_inferred,203406|203826|204335|1627671|1627673,complete,playbyplay_inferred,1611661323,Connecticut Sun
Shot Chart Detail,1021800157,414,1627673,Jonquel Jones,1611661313,New York Liberty,4,7,50,Made Shot,Step Back Jump shot,3PT Field Goal,Above the Break 3,Center(C),24+ ft.,23,43,236,1,1,20180801,CON,NYL,2018,1021800157414,19300,validated,203406,1,matched,playbyplayv2,1611661323,202250|203411|204296|204320|204327,complete,playbyplay_inferred,203406|203826|204335|1627671|1627673,complete,playbyplay_inferred,1611661323,Connecticut Sun
Shot Chart Detail,1021800157,419,1627673,Jonquel Jones,1611661313,New York Liberty,4,7,7,Made Shot,Jump Shot,2PT Field Goal,In The Paint (Non-RA),Center(C),Less Than 8 ft.,5,-3,52,1,1,20180801,CON,NYL,2018,1021800157419,19730,validated,203826,1,matched,playbyplayv2,1611661323,202250|203411|204296|204320|204327,complete,playbyplay_inferred,203406|203826|204335|1627671|1627673,complete,playbyplay_inferred,1611661323,Connecticut Sun
Shot Chart Detail,1021800157,423,1627673,Jonquel Jones,1611661313,New York Liberty,4,6,51,Missed Shot,Jump Shot,3PT Field Goal,Above the Break 3,Left Side Center(LC),24+ ft.,25,-188,176,1,0,20180801,CON,NYL,2018,1021800157423,19890,validated,,0,matched,playbyplayv2,1611661323,202250|203411|204296|204320|204327,complete,playbyplay_inferred,203406|203826|204335|1627671|1627673,complete,playbyplay_inferred,1611661323,Connecticut Sun
Shot Chart Detail,1021800157,430,203826,Alyssa Thomas,1611661313,New York Liberty,4,6,18,Missed Shot,Jump Shot,2PT Field Goal,Mid-Range,Right Side Center(RC),16-24 ft.,16,62,149,1,0,20180801,CON,NYL,2018,1021800157430,20220,validated,,0,matched,playbyplayv2,1611661323,202250|203411|204296|204320|204327,complete,playbyplay_inferred,203406|203826|204335|1627671|1627673,complete,playbyplay_inferred,1611661323,Connecticut Sun
Shot Chart Detail,1021800157,436,203406,Layshia Clarendon,1611661313,New York Liberty,4,6,11,Missed Shot,Jump Shot,2PT Field Goal,In The Paint (Non-RA),Center(C),8-16 ft.,14,70,125,1,0,20180801,CON,NYL,2018,1021800157436,20290,validated,,0,matched,playbyplayv2,1611661323,202250|203411|204296|204320|204327,complete,playbyplay_inferred,202662|203406|203823|203826|1627671,complete,playbyplay_inferred,1611661323,Connecticut Sun
Shot Chart Detail,1021800157,444,203826,Alyssa Thomas,1611661313,New York Liberty,4,5,44,Missed Shot,Layup Shot,2PT Field Goal,Restricted Area,Center(C),Less Than 8 ft.,3,19,27,1,0,20180801,CON,NYL,2018,1021800157444,20560,validated,,0,matched,playbyplayv2,1611661323,202250|203411|204296|204320|204327,complete,playbyplay_inferred,202662|203406|203823|203826|1627671,complete,playbyplay_inferred,1611661323,Connecticut Sun
Shot Chart Detail,1021800157,446,203406,Layshia Clarendon,1611661313,New York Liberty,4,5,36,Made Shot,Driving Layup Shot,2PT Field Goal,In The Paint (Non-RA),Center(C),Less Than 8 ft.,6,46,39,1,1,20180801,CON,NYL,2018,1021800157446,20640,validated,,0,matched,playbyplayv2,1611661323,202250|203411|204296|204320|204327,complete,playbyplay_inferred,202662|203406|203823|203826|1627671,complete,playbyplay_inferred,1611661323,Connecticut Sun
Shot Chart Detail,1021800157,476,1627673,Jonquel Jones,1611661313,New York Liberty,4,3,18,Made Shot,Step Back Jump shot,3PT Field Goal,Above the Break 3,Left Side Center(LC),24+ ft.,26,-103,239,1,1,20180801,CON,NYL,2018,1021800157476,22020,validated,1627675,1,matched,playbyplayv2,1611661323,202250|203411|204320|204327|1628915,complete,playbyplay_inferred,202662|203406|203826|1627673|1627675,complete,playbyplay_inferred,1611661323,Connecticut Sun
Shot Chart Detail,1021800157,481,1627673,Jonquel Jones,1611661313,New York Liberty,4,2,35,Made Shot,Jump Shot,3PT Field Goal,Above the Break 3,Right Side Center(RC),24+ ft.,24,100,222,1,1,20180801,CON,NYL,2018,1021800157481,22450,validated,202662,1,matched,playbyplayv2,1611661323,202250|203411|204320|204327|1628915,complete,playbyplay_inferred,202662|203406|203826|1627673|1627675,complete,playbyplay_inferred,1611661323,Connecticut Sun
Shot Chart Detail,1021800157,488,203406,Layshia Clarendon,1611661313,New York Liberty,4,2,2,Missed Shot,Jump Shot,2PT Field Goal,Mid-Range,Right Side Center(RC),16-24 ft.,19,76,178,1,0,20180801,CON,NYL,2018,1021800157488,22780,validated,,0,matched,playbyplayv2,1611661323,201913|202250|203411|204327|1628915,complete,playbyplay_inferred,202662|203406|203826|1627673|1627675,complete,playbyplay_inferred,1611661323,Connecticut Sun
Shot Chart Detail,1021800157,490,1627675,Courtney Williams,1611661313,New York Liberty,4,1,54,Missed Shot,Jump Shot,3PT Field Goal,Above the Break 3,Center(C),24+ ft.,25,74,244,1,0,20180801,CON,NYL,2018,1021800157490,22860,validated,,0,matched,playbyplayv2,1611661323,201913|202250|203411|204327|1628915,complete,playbyplay_inferred,202662|203406|203826|1627673|1627675,complete,playbyplay_inferred,1611661323,Connecticut Sun
Shot Chart Detail,1021800157,492,1627675,Courtney Williams,1611661313,New York Liberty,4,1,38,Made Shot,Jump Shot,3PT Field Goal,Above the Break 3,Left Side Center(LC),24+ ft.,25,-158,195,1,1,20180801,CON,NYL,2018,1021800157492,23020,validated,203406,1,matched,playbyplayv2,1611661323,201913|202250|203411|204327|1628915,complete,playbyplay_inferred,202662|203406|203826|1627673|1627675,complete,playbyplay_inferred,1611661323,Connecticut Sun
Shot Chart Detail,1021800157,507,1627670,Morgan Tuck,1611661313,New York Liberty,4,1,15,Missed Shot,Jump Shot,3PT Field Goal,Above the Break 3,Right Side Center(RC),24+ ft.,24,103,222,1,0,20180801,CON,NYL,2018,1021800157507,23250,validated,,0,matched,playbyplayv2,1611661323,201913|203411|204320|204327|1628915,complete,playbyplay_inferred,203406|204335|1627670|1628280|1628882,complete,playbyplay_inferred,1611661323,Connecticut Sun
Shot Chart Detail,1021800157,510,204335,Betnijah Laney-Hamilton,1611661313,New York Liberty,4,0,51,Made Shot,Cutting Layup Shot,2PT Field Goal,Restricted Area,Center(C),Less Than 8 ft.,1,0,16,1,1,20180801,CON,NYL,2018,1021800157510,23490,validated,1628280,1,matched,playbyplayv2,1611661323,201913|203411|204320|204327|1628915,complete,playbyplay_inferred,203406|204335|1627670|1628280|1628882,complete,playbyplay_inferred,1611661323,Connecticut Sun
Shot Chart Detail,1021800157,517,1627670,Morgan Tuck,1611661313,New York Liberty,4,0,16,Made Shot,Driving Layup Shot,2PT Field Goal,Restricted Area,Center(C),Less Than 8 ft.,1,-4,16,1,1,20180801,CON,NYL,2018,1021800157517,23840,validated,,0,matched,playbyplayv2,1611661323,201913|203411|204320|204327|1628915,complete,playbyplay_inferred,203406|204335|1627670|1628280|1628882,complete,playbyplay_inferred,1611661323,Connecticut Sun
Shot Chart Detail,1021800164,12,200665,Cappie Pondexter,1611661313,New York Liberty,1,9,12,Missed Shot,Jump Shot,2PT Field Goal,Mid-Range,Left Side(L),16-24 ft.,18,-160,88,1,0,20180804,NYL,IND,2018,102180016412,480,validated,,0,matched,playbyplayv2,1611661325,201889|201913|202250|203411|204327,complete,playbyplay_inferred,200665|200676|203831|204365|1628927,complete,playbyplay_inferred,1611661325,Indiana Fever
Shot Chart Detail,1021800164,14,200665,Cappie Pondexter,1611661313,New York Liberty,1,9,6,Missed Shot,Jump Shot,2PT Field Goal,Mid-Range,Left Side(L),8-16 ft.,15,-158,-10,1,0,20180804,NYL,IND,2018,102180016414,540,validated,,0,matched,playbyplayv2,1611661325,201889|201913|202250|203411|204327,complete,playbyplay_inferred,200665|200676|203831|204365|1628927,complete,playbyplay_inferred,1611661325,Indiana Fever
Shot Chart Detail,1021800164,18,203831,Natalie Achonwa,1611661313,New York Liberty,1,8,41,Missed Shot,Jump Shot,2PT Field Goal,Mid-Range,Right Side(R),8-16 ft.,13,124,48,1,0,20180804,NYL,IND,2018,102180016418,790,validated,,0,matched,playbyplayv2,1611661325,201889|201913|202250|203411|204327,complete,playbyplay_inferred,200665|200676|203831|204365|1628927,complete,playbyplay_inferred,1611661325,Indiana Fever
Shot Chart Detail,1021800164,27,204365,Erica Wheeler,1611661313,New York Liberty,1,8,3,Missed Shot,Jump Shot,2PT Field Goal,Mid-Range,Center(C),16-24 ft.,20,-53,198,1,0,20180804,NYL,IND,2018,102180016427,1170,validated,,0,matched,playbyplayv2,1611661325,201889|201913|202250|203411|204327,complete,playbyplay_inferred,200665|200676|203831|204365|1628927,complete,playbyplay_inferred,1611661325,Indiana Fever
Shot Chart Detail,1021800164,29,204365,Erica Wheeler,1611661313,New York Liberty,1,7,53,Missed Shot,Jump Shot,3PT Field Goal,Left Corner 3,Left Side(L),24+ ft.,23,-238,-22,1,0,20180804,NYL,IND,2018,102180016429,1270,validated,,0,matched,playbyplayv2,1611661325,201889|201913|202250|203411|204327,complete,playbyplay_inferred,200665|200676|203831|204365|1628927,complete,playbyplay_inferred,1611661325,Indiana Fever
Shot Chart Detail,1021800164,33,200676,Candice Dupree,1611661313,New York Liberty,1,7,27,Missed Shot,Turnaround Fadeaway shot,2PT Field Goal,In The Paint (Non-RA),Right Side(R),8-16 ft.,9,78,48,1,0,20180804,NYL,IND,2018,102180016433,1530,validated,,0,matched,playbyplayv2,1611661325,201889|201913|202250|203411|204327,complete,playbyplay_inferred,200665|200676|203831|204365|1628927,complete,playbyplay_inferred,1611661325,Indiana Fever
Shot Chart Detail,1021800164,37,203831,Natalie Achonwa,1611661313,New York Liberty,1,7,2,Missed Shot,Jump Shot,2PT Field Goal,Mid-Range,Left Side Center(LC),16-24 ft.,20,-92,183,1,0,20180804,NYL,IND,2018,102180016437,1780,validated,,0,matched,playbyplayv2,1611661325,201889|201913|202250|203411|204327,complete,playbyplay_inferred,200665|200676|203831|204365|1628927,complete,playbyplay_inferred,1611661325,Indiana Fever
Shot Chart Detail,1021800164,40,200665,Cappie Pondexter,1611661313,New York Liberty,1,6,41,Missed Shot,Jump Shot,2PT Field Goal,Mid-Range,Center(C),16-24 ft.,18,-52,174,1,0,20180804,NYL,IND,2018,102180016440,1990,validated,,0,matched,playbyplayv2,1611661325,201889|201913|202250|203411|204327,complete,playbyplay_inferred,200665|200676|203831|204365|1628927,complete,playbyplay_inferred,1611661325,Indiana Fever
Shot Chart Detail,1021800164,48,200676,Candice Dupree,1611661313,New York Liberty,1,5,55,Missed Shot,Jump Shot,2PT Field Goal,Mid-Range,Right Side(R),8-16 ft.,13,131,29,1,0,20180804,NYL,IND,2018,102180016448,2450,validated,,0,matched,playbyplayv2,1611661325,201889|201913|202250|203411|204327,complete,playbyplay_inferred,200665|200676|203831|204365|1628927,complete,playbyplay_inferred,1611661325,Indiana Fever
Shot Chart Detail,1021800164,54,200665,Cappie Pondexter,1611661313,New York Liberty,1,5,0,Made Shot,Jump Shot,2PT Field Goal,Mid-Range,Center(C),8-16 ft.,13,9,139,1,1,20180804,NYL,IND,2018,102180016454,3000,validated,,0,matched,playbyplayv2,1611661325,201889|201913|202250|203411|204327,complete,playbyplay_inferred,200665|200676|203831|204365|1628927,complete,playbyplay_inferred,1611661325,Indiana Fever
Shot Chart Detail,1021800164,75,200676,Candice Dupree,1611661313,New York Liberty,1,3,23,Missed Shot,Jump Shot,2PT Field Goal,Mid-Range,Left Side(L),8-16 ft.,13,-136,-9,1,0,20180804,NYL,IND,2018,102180016475,3970,validated,,0,matched,playbyplayv2,1611661325,201889|201913|202250|203829|1628915,complete,playbyplay_inferred,200665|200676|203831|1627676|1628909,complete,playbyplay_inferred,1611661325,Indiana Fever
Shot Chart Detail,1021800164,79,200665,Cappie Pondexter,1611661313,New York Liberty,1,3,0,Missed Shot,Driving Layup Shot,2PT Field Goal,In The Paint (Non-RA),Center(C),Less Than 8 ft.,4,20,43,1,0,20180804,NYL,IND,2018,102180016479,4200,validated,,0,matched,playbyplayv2,1611661325,201889|201913|202250|203829|1628915,complete,playbyplay_inferred,200665|200676|203831|1627676|1628909,complete,playbyplay_inferred,1611661325,Indiana Fever
Shot Chart Detail,1021800164,96,1627676,Tiffany Mitchell,1611661313,New York Liberty,1,2,2,Missed Shot,Jump Shot,2PT Field Goal,Mid-Range,Left Side(L),16-24 ft.,16,-160,1,1,0,20180804,NYL,IND,2018,102180016496,4780,validated,,0,matched,playbyplayv2,1611661325,201889|202250|203829|204320|1628915,complete,playbyplay_inferred,203831|1627676|1628286|1628909|1628927,complete,playbyplay_inferred,1611661325,Indiana Fever
Shot Chart Detail,1021800164,104,1628909,Kelsey Mitchell,1611661313,New York Liberty,1,1,47,Missed Shot,Jump Shot,3PT Field Goal,Above the Break 3,Right Side Center(RC),24+ ft.,24,173,174,1,0,20180804,NYL,IND,2018,1021800164104,4930,validated,,0,matched,playbyplayv2,1611661325,201889|202250|203829|204320|1628915,complete,playbyplay_inferred,1627676|1628286|1628906|1628909|1628927,complete,playbyplay_inferred,1611661325,Indiana Fever
Shot Chart Detail,1021800164,109,1628927,Victoria Vivians,1611661313,New York Liberty,1,1,9,Made Shot,Jump Bank Shot,3PT Field Goal,Above the Break 3,Right Side Center(RC),24+ ft.,26,152,221,1,1,20180804,NYL,IND,2018,1021800164109,5310,validated,1627676,1,matched,playbyplayv2,1611661325,201889|202250|203829|204320|1628915,complete,playbyplay_inferred,1627676|1628286|1628906|1628909|1628927,complete,playbyplay_inferred,1611661325,Indiana Fever
Shot Chart Detail,1021800164,117,1627676,Tiffany Mitchell,1611661313,New York Liberty,1,0,35,Missed Shot,Jump Shot,2PT Field Goal,Mid-Range,Left Side Center(LC),16-24 ft.,19,-125,145,1,0,20180804,NYL,IND,2018,1021800164117,5650,validated,,0,matched,playbyplayv2,1611661325,202250|203829|204296|204320|1628915,complete,playbyplay_inferred,1627676|1628286|1628906|1628909|1628927,complete,playbyplay_inferred,1611661325,Indiana Fever
Shot Chart Detail,1021800164,121,1628909,Kelsey Mitchell,1611661313,New York Liberty,1,0,1,Missed Shot,Jump Shot,2PT Field Goal,Mid-Range,Left Side(L),8-16 ft.,12,-121,15,1,0,20180804,NYL,IND,2018,1021800164121,5990,validated,,0,matched,playbyplayv2,1611661325,202250|203829|204296|204320|1628915,complete,playbyplay_inferred,1627676|1628286|1628906|1628909|1628927,complete,playbyplay_inferred,1611661325,Indiana Fever
Shot Chart Detail,1021800164,135,1627676,Tiffany Mitchell,1611661313,New York Liberty,2,9,26,Missed Shot,Driving Layup Shot,2PT Field Goal,Restricted Area,Center(C),Less Than 8 ft.,2,14,17,1,0,20180804,NYL,IND,2018,1021800164135,6340,validated,,0,matched,playbyplayv2,1611661325,203829|204296|204320|204329|1628915,complete,playbyplay_inferred,1627676|1628286|1628906|1628909|1628927,complete,playbyplay_inferred,1611661325,Indiana Fever
Shot Chart Detail,1021800164,151,200676,Candice Dupree,1611661313,New York Liberty,2,9,0,Made Shot,Layup Shot,2PT Field Goal,Restricted Area,Center(C),Less Than 8 ft.,3,20,25,1,1,20180804,NYL,IND,2018,1021800164151,6600,validated,,0,matched,playbyplayv2,1611661325,203829|204296|204320|204329|1628915,complete,playbyplay_inferred,200665|200676|203831|1627676|1628909,complete,playbyplay_inferred,1611661325,Indiana Fever
Shot Chart Detail,1021800164,162,200676,Candice Dupree,1611661313,New York Liberty,2,8,5,Made Shot,Hook Shot,2PT Field Goal,In The Paint (Non-RA),Center(C),Less Than 8 ft.,4,7,43,1,1,20180804,NYL,IND,2018,1021800164162,7150,validated,,0,matched,playbyplayv2,1611661325,203829|204296|204320|204329|1628915,complete,playbyplay_inferred,200665|200676|203831|1627676|1628909,complete,playbyplay_inferred,1611661325,Indiana Fever
Shot Chart Detail,1021800164,165,1628909,Kelsey Mitchell,1611661313,New York Liberty,2,7,45,Missed Shot,Jump Shot,3PT Field Goal,Above the Break 3,Right Side Center(RC),24+ ft.,24,101,222,1,0,20180804,NYL,IND,2018,1021800164165,7350,validated,,0,matched,playbyplayv2,1611661325,203829|204296|204320|204329|1628915,complete,playbyplay_inferred,200665|200676|203831|1627676|1628909,complete,playbyplay_inferred,1611661325,Indiana Fever
Shot Chart Detail,1021800164,171,200665,Cappie Pondexter,1611661313,New York Liberty,2,7,39,Missed Shot,Jump Shot,3PT Field Goal,Above the Break 3,Left Side Center(LC),24+ ft.,24,-222,101,1,0,20180804,NYL,IND,2018,1021800164171,7410,validated,,0,matched,playbyplayv2,1611661325,203411|204296|204320|204327|204329,complete,playbyplay_inferred,200665|200676|203831|1627676|1628909,complete,playbyplay_inferred,1611661325,Indiana Fever
Shot Chart Detail,1021800164,175,203831,Natalie Achonwa,1611661313,New York Liberty,2,7,6,Missed Shot,Jump Shot,2PT Field Goal,In The Paint (Non-RA),Center(C),Less Than 8 ft.,4,1,48,1,0,20180804,NYL,IND,2018,1021800164175,7740,validated,,0,matched,playbyplayv2,1611661325,203411|204296|204320|204327|204329,complete,playbyplay_inferred,200665|200676|203831|1627676|1628909,complete,playbyplay_inferred,1611661325,Indiana Fever
Shot Chart Detail,1021800164,179,1628909,Kelsey Mitchell,1611661313,New York Liberty,2,6,42,Missed Shot,Jump Shot,2PT Field Goal,Mid-Range,Center(C),16-24 ft.,18,24,188,1,0,20180804,NYL,IND,2018,1021800164179,7980,validated,,0,matched,playbyplayv2,1611661325,203411|204296|204320|204327|204329,complete,playbyplay_inferred,200665|200676|203831|1627676|1628909,complete,playbyplay_inferred,1611661325,Indiana Fever
Shot Chart Detail,1021800164,204,200665,Cappie Pondexter,1611661313,New York Liberty,2,5,26,Missed Shot,Jump Shot,2PT Field Goal,Mid-Range,Left Side(L),8-16 ft.,14,-85,113,1,0,20180804,NYL,IND,2018,1021800164204,8740,validated,,0,matched,playbyplayv2,1611661325,201889|201913|202250|203411|204327,complete,playbyplay_inferred,200665|200676|203831|204365|1627676,complete,playbyplay_inferred,1611661325,Indiana Fever
Shot Chart Detail,1021800164,211,204365,Erica Wheeler,1611661313,New York Liberty,2,5,2,Missed Shot,Jump Shot,2PT Field Goal,Mid-Range,Center(C),16-24 ft.,19,-48,193,1,0,20180804,NYL,IND,2018,1021800164211,8980,validated,,0,matched,playbyplayv2,1611661325,201889|201913|202250|203411|204327,complete,playbyplay_inferred,200665|200676|203831|204365|1628927,complete,playbyplay_inferred,1611661325,Indiana Fever
Shot Chart Detail,1021800164,215,203831,Natalie Achonwa,1611661313,New York Liberty,2,4,33,Made Shot,Cutting Layup Shot,2PT Field Goal,Restricted Area,Center(C),Less Than 8 ft.,1,-8,16,1,1,20180804,NYL,IND,2018,1021800164215,9270,validated,200676,1,matched,playbyplayv2,1611661325,201889|201913|202250|203411|204327,complete,playbyplay_inferred,200665|200676|203831|204365|1628927,complete,playbyplay_inferred,1611661325,Indiana Fever
Shot Chart Detail,1021800164,221,203831,Natalie Achonwa,1611661313,New York Liberty,2,3,57,Made Shot,Cutting Layup Shot,2PT Field Goal,Restricted Area,Center(C),Less Than 8 ft.,2,11,17,1,1,20180804,NYL,IND,2018,1021800164221,9630,validated,204365,1,matched,playbyplayv2,1611661325,201889|201913|202250|203411|204327,complete,playbyplay_inferred,200665|200676|203831|204365|1628927,complete,playbyplay_inferred,1611661325,Indiana Fever
Shot Chart Detail,1021800164,225,200676,Candice Dupree,1611661313,New York Liberty,2,3,23,Made Shot,Jump Shot,2PT Field Goal,Mid-Range,Center(C),16-24 ft.,21,-52,204,1,1,20180804,NYL,IND,2018,1021800164225,9970,validated,204365,1,matched,playbyplayv2,1611661325,201889|201913|202250|203411|204327,complete,playbyplay_inferred,200665|200676|203831|204365|1628927,complete,playbyplay_inferred,1611661325,Indiana Fever
Shot Chart Detail,1021800164,230,204365,Erica Wheeler,1611661313,New York Liberty,2,2,43,Made Shot,Jump Shot,3PT Field Goal,Right Corner 3,Right Side(R),24+ ft.,23,230,7,1,1,20180804,NYL,IND,2018,1021800164230,10370,validated,200676,1,matched,playbyplayv2,1611661325,201889|201913|202250|203411|204327,complete,playbyplay_inferred,200665|200676|203831|204365|1628927,complete,playbyplay_inferred,1611661325,Indiana Fever
Shot Chart Detail,1021800164,240,200676,Candice Dupree,1611661313,New York Liberty,2,1,53,Missed Shot,Jump Shot,2PT Field Goal,Mid-Range,Left Side(L),8-16 ft.,15,-148,28,1,0,20180804,NYL,IND,2018,1021800164240,10870,validated,,0,matched,playbyplayv2,1611661325,201889|201913|202250|203411|204327,complete,playbyplay_inferred,200665|200676|203831|204365|1628927,complete,playbyplay_inferred,1611661325,Indiana Fever
Shot Chart Detail,1021800164,244,204365,Erica Wheeler,1611661313,New York Liberty,2,1,35,Made Shot,Layup Shot,2PT Field Goal,Restricted Area,Center(C),Less Than 8 ft.,2,-20,1,1,1,20180804,NYL,IND,2018,1021800164244,11050,validated,1628927,1,matched,playbyplayv2,1611661325,201889|201913|202250|203411|204327,complete,playbyplay_inferred,200665|200676|203831|204365|1628927,complete,playbyplay_inferred,1611661325,Indiana Fever
Shot Chart Detail,1021800164,251,203831,Natalie Achonwa,1611661313,New York Liberty,2,1,10,Made Shot,Jump Shot,2PT Field Goal,Mid-Range,Right Side(R),8-16 ft.,12,86,95,1,1,20180804,NYL,IND,2018,1021800164251,11300,validated,204365,1,matched,playbyplayv2,1611661325,201889|201913|202250|204327|1628915,complete,playbyplay_inferred,200665|200676|203831|204365|1628927,complete,playbyplay_inferred,1611661325,Indiana Fever
Shot Chart Detail,1021800164,256,200676,Candice Dupree,1611661313,New York Liberty,2,0,33,Made Shot,Driving Layup Shot,2PT Field Goal,Restricted Area,Center(C),Less Than 8 ft.,3,-28,13,1,1,20180804,NYL,IND,2018,1021800164256,11670,validated,204365,1,matched,playbyplayv2,1611661325,201889|201913|202250|204327|1628915,complete,playbyplay_inferred,200665|200676|203831|204365|1628927,complete,playbyplay_inferred,1611661325,Indiana Fever
Shot Chart Detail,1021800164,259,204365,Erica Wheeler,1611661313,New York Liberty,2,0,0,Missed Shot,Jump Shot,3PT Field Goal,Left Corner 3,Left Side(L),24+ ft.,23,-232,-22,1,0,20180804,NYL,IND,2018,1021800164259,12000,validated,,0,matched,playbyplayv2,1611661325,201889|201913|202250|204327|1628915,complete,playbyplay_inferred,200665|200676|203831|204365|1628927,complete,playbyplay_inferred,1611661325,Indiana Fever
Shot Chart Detail,1021800164,277,200665,Cappie Pondexter,1611661313,New York Liberty,3,8,59,Missed Shot,Jump Shot,2PT Field Goal,Mid-Range,Center(C),16-24 ft.,18,27,185,1,0,20180804,NYL,IND,2018,1021800164277,12610,validated,,0,matched,playbyplayv2,1611661325,201889|202250|203411|204320|204327,complete,playbyplay_inferred,200665|200676|203831|204365|1628927,complete,playbyplay_inferred,1611661325,Indiana Fever
Shot Chart Detail,1021800164,283,200676,Candice Dupree,1611661313,New York Liberty,3,7,53,Missed Shot,Jump Shot,2PT Field Goal,Mid-Range,Right Side Center(RC),16-24 ft.,20,108,173,1,0,20180804,NYL,IND,2018,1021800164283,13270,validated,,0,matched,playbyplayv2,1611661325,201889|202250|203411|204320|204327,complete,playbyplay_inferred,200665|200676|203831|204365|1628927,complete,playbyplay_inferred,1611661325,Indiana Fever
Shot Chart Detail,1021800164,294,200676,Candice Dupree,1611661313,New York Liberty,3,7,2,Made Shot,Jump Shot,2PT Field Goal,Mid-Range,Center(C),8-16 ft.,14,-47,142,1,1,20180804,NYL,IND,2018,1021800164294,13780,validated,,0,matched,playbyplayv2,1611661325,201889|202250|203411|203829|204320,complete,playbyplay_inferred,200665|200676|203831|204365|1628927,complete,playbyplay_inferred,1611661325,Indiana Fever
Shot Chart Detail,1021800164,299,204365,Erica Wheeler,1611661313,New York Liberty,3,6,26,Made Shot,Step Back Jump shot,2PT Field Goal,Mid-Range,Center(C),16-24 ft.,20,47,197,1,1,20180804,NYL,IND,2018,1021800164299,14140,validated,,0,matched,playbyplayv2,1611661325,201889|202250|203411|203829|204320,complete,playbyplay_inferred,200665|200676|203831|204365|1628927,complete,playbyplay_inferred,1611661325,Indiana Fever
Shot Chart Detail,1021800164,309,203831,Natalie Achonwa,1611661313,New York Liberty,3,5,43,Made Shot,Layup Shot,2PT Field Goal,Restricted Area,Center(C),Less Than 8 ft.,1,-13,12,1,1,20180804,NYL,IND,2018,1021800164309,14570,validated,1628927,1,matched,playbyplayv2,1611661325,201889|203411|203829|204320|1628915,complete,playbyplay_inferred,200665|200676|203831|1628909|1628927,complete,playbyplay_inferred,1611661325,Indiana Fever
Shot Chart Detail,1021800164,316,1628909,Kelsey Mitchell,1611661313,New York Liberty,3,4,56,Missed Shot,Jump Shot,3PT Field Goal,Above the Break 3,Center(C),24+ ft.,24,61,238,1,0,20180804,NYL,IND,2018,1021800164316,15040,validated,,0,matched,playbyplayv2,1611661325,201889|203411|203829|204320|1628915,complete,playbyplay_inferred,200665|200676|203831|1628909|1628927,complete,playbyplay_inferred,1611661325,Indiana Fever
Shot Chart Detail,1021800164,321,200665,Cappie Pondexter,1611661313,New York Liberty,3,4,28,Missed Shot,Jump Shot,2PT Field Goal,Mid-Range,Right Side(R),8-16 ft.,13,131,14,1,0,20180804,NYL,IND,2018,1021800164321,15320,validated,,0,matched,playbyplayv2,1611661325,201889|203411|203829|204320|1628915,complete,playbyplay_inferred,200665|200676|203831|1628909|1628927,complete,playbyplay_inferred,1611661325,Indiana Fever
Shot Chart Detail,1021800164,330,1628909,Kelsey Mitchell,1611661313,New York Liberty,3,3,57,Missed Shot,Jump Shot,2PT Field Goal,Mid-Range,Right Side Center(RC),16-24 ft.,20,131,159,1,0,20180804,NYL,IND,2018,1021800164330,15630,validated,,0,matched,playbyplayv2,1611661325,201889|203829|204320|204327|1628915,complete,playbyplay_inferred,200676|203831|1627676|1628909|1628927,complete,playbyplay_inferred,1611661325,Indiana Fever
Shot Chart Detail,1021800164,332,200676,Candice Dupree,1611661313,New York Liberty,3,3,52,Made Shot,Putback Layup Shot,2PT Field Goal,Restricted Area,Center(C),Less Than 8 ft.,3,-18,32,1,1,20180804,NYL,IND,2018,1021800164332,15680,validated,,0,matched,playbyplayv2,1611661325,201889|203829|204320|204327|1628915,complete,playbyplay_inferred,200676|203831|1627676|1628909|1628927,complete,playbyplay_inferred,1611661325,Indiana Fever
Shot Chart Detail,1021800164,335,203831,Natalie Achonwa,1611661313,New York Liberty,3,3,19,Missed Shot,Jump Shot,2PT Field Goal,Mid-Range,Right Side(R),16-24 ft.,17,142,100,1,0,20180804,NYL,IND,2018,1021800164335,16010,validated,,0,matched,playbyplayv2,1611661325,201889|203829|204320|204327|1628915,complete,playbyplay_inferred,200676|203831|1627676|1628909|1628927,complete,playbyplay_inferred,1611661325,Indiana Fever
Shot Chart Detail,1021800164,344,200676,Candice Dupree,1611661313,New York Liberty,3,3,0,Made Shot,Jump Shot,2PT Field Goal,Mid-Range,Right Side(R),8-16 ft.,15,145,55,1,1,20180804,NYL,IND,2018,1021800164344,16200,validated,1627676,1,matched,playbyplayv2,1611661325,203829|204320|204327|204329|1628915,complete,playbyplay_inferred,200676|203831|1627676|1628909|1628927,complete,playbyplay_inferred,1611661325,Indiana Fever
Shot Chart Detail,1021800164,359,1628927,Victoria Vivians,1611661313,New York Liberty,3,1,44,Made Shot,Jump Shot,3PT Field Goal,Above the Break 3,Center(C),24+ ft.,28,22,288,1,1,20180804,NYL,IND,2018,1021800164359,16960,validated,1628909,1,matched,playbyplayv2,1611661325,203829|204320|204327|204329|1628915,complete,playbyplay_inferred,200676|1627676|1628286|1628909|1628927,complete,playbyplay_inferred,1611661325,Indiana Fever
Shot Chart Detail,1021800164,363,1627676,Tiffany Mitchell,1611661313,New York Liberty,3,1,3,Made Shot,Running Jump Shot,2PT Field Goal,In The Paint (Non-RA),Center(C),8-16 ft.,10,-23,98,1,1,20180804,NYL,IND,2018,1021800164363,17370,validated,,0,matched,playbyplayv2,1611661325,203829|204320|204327|204329|1628915,complete,playbyplay_inferred,200676|1627676|1628286|1628909|1628927,complete,playbyplay_inferred,1611661325,Indiana Fever
Shot Chart Detail,1021800164,366,1628909,Kelsey Mitchell,1611661313,New York Liberty,3,0,40,Made Shot,Jump Shot,2PT Field Goal,Mid-Range,Center(C),8-16 ft.,15,-39,151,1,1,20180804,NYL,IND,2018,1021800164366,17600,validated,,0,matched,playbyplayv2,1611661325,203829|204320|204327|204329|1628915,complete,playbyplay_inferred,200676|1627676|1628286|1628909|1628927,complete,playbyplay_inferred,1611661325,Indiana Fever
Shot Chart Detail,1021800164,369,1628909,Kelsey Mitchell,1611661313,New York Liberty,3,0,4,Missed Shot,Jump Shot,2PT Field Goal,Mid-Range,Center(C),16-24 ft.,19,35,196,1,0,20180804,NYL,IND,2018,1021800164369,17960,validated,,0,matched,playbyplayv2,1611661325,203829|204320|204327|204329|1628915,complete,playbyplay_inferred,200676|1627676|1628286|1628909|1628927,complete,playbyplay_inferred,1611661325,Indiana Fever
Shot Chart Detail,1021800164,377,1628909,Kelsey Mitchell,1611661313,New York Liberty,4,9,50,Missed Shot,Jump Shot,3PT Field Goal,Above the Break 3,Right Side Center(RC),24+ ft.,23,215,103,1,0,20180804,NYL,IND,2018,1021800164377,18100,validated,,0,matched,playbyplayv2,1611661325,202250|203829|204320|204327|1628915,complete,playbyplay_inferred,200676|1627676|1628286|1628909|1628927,complete,playbyplay_inferred,1611661325,Indiana Fever
Shot Chart Detail,1021800164,381,200676,Candice Dupree,1611661313,New York Liberty,4,9,35,Missed Shot,Jump Shot,2PT Field Goal,Mid-Range,Center(C),16-24 ft.,19,-24,196,1,0,20180804,NYL,IND,2018,1021800164381,18250,validated,,0,matched,playbyplayv2,1611661325,202250|203829|204320|204327|1628915,complete,playbyplay_inferred,200676|1627676|1628286|1628909|1628927,complete,playbyplay_inferred,1611661325,Indiana Fever
Shot Chart Detail,1021800164,386,1627676,Tiffany Mitchell,1611661313,New York Liberty,4,9,4,Missed Shot,Jump Shot,2PT Field Goal,Mid-Range,Center(C),16-24 ft.,20,59,199,1,0,20180804,NYL,IND,2018,1021800164386,18560,validated,,0,matched,playbyplayv2,1611661325,202250|203829|204320|204327|1628915,complete,playbyplay_inferred,200676|1627676|1628286|1628909|1628927,complete,playbyplay_inferred,1611661325,Indiana Fever
Shot Chart Detail,1021800164,403,204365,Erica Wheeler,1611661313,New York Liberty,4,7,58,Missed Shot,Jump Shot,2PT Field Goal,Mid-Range,Right Side(R),16-24 ft.,16,161,44,1,0,20180804,NYL,IND,2018,1021800164403,19220,validated,,0,matched,playbyplayv2,1611661325,202250|203411|204320|204327|1628915,complete,playbyplay_inferred,200676|203831|204365|1627676|1628927,complete,playbyplay_inferred,1611661325,Indiana Fever
Shot Chart Detail,1021800164,417,203831,Natalie Achonwa,1611661313,New York Liberty,4,7,21,Missed Shot,Layup Shot,2PT Field Goal,Restricted Area,Center(C),Less Than 8 ft.,2,10,25,1,0,20180804,NYL,IND,2018,1021800164417,19590,validated,,0,matched,playbyplayv2,1611661325,202250|203411|204320|204327|1628915,complete,playbyplay_inferred,200665|200676|203831|204365|1627676,complete,playbyplay_inferred,1611661325,Indiana Fever
Shot Chart Detail,1021800164,419,203831,Natalie Achonwa,1611661313,New York Liberty,4,7,18,Missed Shot,Layup Shot,2PT Field Goal,Restricted Area,Center(C),Less Than 8 ft.,1,14,12,1,0,20180804,NYL,IND,2018,1021800164419,19620,validated,,0,matched,playbyplayv2,1611661325,202250|203411|204320|204327|1628915,complete,playbyplay_inferred,200665|200676|203831|204365|1627676,complete,playbyplay_inferred,1611661325,Indiana Fever
Shot Chart Detail,1021800164,421,200665,Cappie Pondexter,1611661313,New York Liberty,4,7,8,Missed Shot,Jump Shot,2PT Field Goal,Mid-Range,Right Side Center(RC),16-24 ft.,18,99,160,1,0,20180804,NYL,IND,2018,1021800164421,19720,validated,,0,matched,playbyplayv2,1611661325,202250|203411|204320|204327|1628915,complete,playbyplay_inferred,200665|200676|203831|204365|1627676,complete,playbyplay_inferred,1611661325,Indiana Fever
Shot Chart Detail,1021800164,427,200676,Candice Dupree,1611661313,New York Liberty,4,6,35,Missed Shot,Jump Shot,2PT Field Goal,Mid-Range,Right Side(R),8-16 ft.,11,100,66,1,0,20180804,NYL,IND,2018,1021800164427,20050,validated,,0,matched,playbyplayv2,1611661325,202250|203411|204320|204327|1628915,complete,playbyplay_inferred,200665|200676|203831|204365|1627676,complete,playbyplay_inferred,1611661325,Indiana Fever
Shot Chart Detail,1021800164,430,200665,Cappie Pondexter,1611661313,New York Liberty,4,6,18,Made Shot,Fadeaway Jump Shot,2PT Field Goal,In The Paint (Non-RA),Center(C),Less Than 8 ft.,5,-13,52,1,1,20180804,NYL,IND,2018,1021800164430,20220,validated,,0,matched,playbyplayv2,1611661325,202250|203411|204320|204327|1628915,complete,playbyplay_inferred,200665|200676|203831|204365|1627676,complete,playbyplay_inferred,1611661325,Indiana Fever
Shot Chart Detail,1021800164,436,200665,Cappie Pondexter,1611661313,New York Liberty,4,5,45,Made Shot,Jump Shot,3PT Field Goal,Above the Break 3,Left Side Center(LC),24+ ft.,26,-159,208,1,1,20180804,NYL,IND,2018,1021800164436,20550,validated,204365,1,matched,playbyplayv2,1611661325,202250|203411|203829|204296|204320,complete,playbyplay_inferred,200665|200676|203831|204365|1627676,complete,playbyplay_inferred,1611661325,Indiana Fever
Shot Chart Detail,1021800164,447,200676,Candice Dupree,1611661313,New York Liberty,4,4,47,Made Shot,Pullup Jump shot,2PT Field Goal,Mid-Range,Center(C),8-16 ft.,15,11,151,1,1,20180804,NYL,IND,2018,1021800164447,21130,validated,203831,1,matched,playbyplayv2,1611661325,202250|203411|203829|204296|204320,complete,playbyplay_inferred,200665|200676|203831|204365|1627676,complete,playbyplay_inferred,1611661325,Indiana Fever
Shot Chart Detail,1021800164,456,200665,Cappie Pondexter,1611661313,New York Liberty,4,4,1,Missed Shot,Layup Shot,2PT Field Goal,Restricted Area,Center(C),Less Than 8 ft.,2,-14,17,1,0,20180804,NYL,IND,2018,1021800164456,21590,validated,,0,matched,playbyplayv2,1611661325,202250|203411|203829|204296|204320,complete,playbyplay_inferred,200665|200676|203831|204365|1627676,complete,playbyplay_inferred,1611661325,Indiana Fever
Shot Chart Detail,1021800164,463,200676,Candice Dupree,1611661313,New York Liberty,4,3,27,Missed Shot,Jump Shot,2PT Field Goal,Mid-Range,Left Side Center(LC),16-24 ft.,16,-100,129,1,0,20180804,NYL,IND,2018,1021800164463,21930,validated,,0,matched,playbyplayv2,1611661325,202250|203411|203829|204296|204327,complete,playbyplay_inferred,200665|200676|203831|204365|1627676,complete,playbyplay_inferred,1611661325,Indiana Fever
Shot Chart Detail,1021800164,468,204365,Erica Wheeler,1611661313,New York Liberty,4,3,6,Made Shot,Layup Shot,2PT Field Goal,Restricted Area,Center(C),Less Than 8 ft.,2,15,14,1,1,20180804,NYL,IND,2018,1021800164468,22140,validated,,0,matched,playbyplayv2,1611661325,202250|203411|203829|204296|204327,complete,playbyplay_inferred,200665|200676|203831|204365|1627676,complete,playbyplay_inferred,1611661325,Indiana Fever
Shot Chart Detail,1021800164,474,200676,Candice Dupree,1611661313,New York Liberty,4,2,23,Made Shot,Jump Shot,2PT Field Goal,Mid-Range,Left Side Center(LC),16-24 ft.,18,-101,159,1,1,20180804,NYL,IND,2018,1021800164474,22570,validated,204365,1,matched,playbyplayv2,1611661325,202250|203411|203829|204296|204327,complete,playbyplay_inferred,200665|200676|203831|204365|1627676,complete,playbyplay_inferred,1611661325,Indiana Fever
Shot Chart Detail,1021800164,479,200676,Candice Dupree,1611661313,New York Liberty,4,1,46,Made Shot,Jump Shot,2PT Field Goal,Mid-Range,Left Side(L),8-16 ft.,14,-142,11,1,1,20180804,NYL,IND,2018,1021800164479,22940,validated,204365,1,matched,playbyplayv2,1611661325,202250|203411|203829|204296|204327,complete,playbyplay_inferred,200665|200676|203831|204365|1627676,complete,playbyplay_inferred,1611661325,Indiana Fever
Shot Chart Detail,1021800164,482,200665,Cappie Pondexter,1611661313,New York Liberty,4,1,35,Missed Shot,Jump Shot,3PT Field Goal,Above the Break 3,Left Side Center(LC),24+ ft.,25,-184,174,1,0,20180804,NYL,IND,2018,1021800164482,23050,validated,,0,matched,playbyplayv2,1611661325,202250|203411|203829|204296|204327,complete,playbyplay_inferred,200665|200676|203831|204365|1627676,complete,playbyplay_inferred,1611661325,Indiana Fever
Shot Chart Detail,1021800164,486,200665,Cappie Pondexter,1611661313,New York Liberty,4,1,9,Missed Shot,Jump Shot,3PT Field Goal,Above the Break 3,Left Side(L),24+ ft.,23,-228,43,1,0,20180804,NYL,IND,2018,1021800164486,23310,validated,,0,matched,playbyplayv2,1611661325,202250|203411|203829|204296|204327,complete,playbyplay_inferred,200665|200676|203831|204365|1627676,complete,playbyplay_inferred,1611661325,Indiana Fever
Shot Chart Detail,1021800164,490,1627676,Tiffany Mitchell,1611661313,New York Liberty,4,0,42,Missed Shot,Jump Shot,2PT Field Goal,Mid-Range,Left Side(L),8-16 ft.,14,-141,29,1,0,20180804,NYL,IND,2018,1021800164490,23580,validated,,0,matched,playbyplayv2,1611661325,202250|203411|203829|204296|204327,complete,playbyplay_inferred,200665|200676|203831|204365|1627676,complete,playbyplay_inferred,1611661325,Indiana Fever
Shot Chart Detail,1021800169,7,100720,Sue Bird,1611661313,New York Liberty,1,9,35,Made Shot,Jump Shot,3PT Field Goal,Above the Break 3,Right Side(R),24+ ft.,24,231,71,1,1,20180806,NYL,SEA,2018,10218001697,250,validated,204319,1,matched,playbyplayv2,1611661328,201913|202250|203411|204327|1628915,complete,playbyplay_inferred,100720|202252|203827|204319|1627668,complete,playbyplay_inferred,1611661328,Seattle Storm
Shot Chart Detail,1021800169,11,1627668,Breanna Stewart,1611661313,New York Liberty,1,8,58,Missed Shot,Pullup Jump shot,2PT Field Goal,In The Paint (Non-RA),Center(C),8-16 ft.,13,7,132,1,0,20180806,NYL,SEA,2018,102180016911,620,validated,,0,matched,playbyplayv2,1611661328,201913|202250|203411|204327|1628915,complete,playbyplay_inferred,100720|202252|203827|204319|1627668,complete,playbyplay_inferred,1611661328,Seattle Storm
Shot Chart Detail,1021800169,15,204319,Jewell Loyd,1611661313,New York Liberty,1,8,26,Missed Shot,Jump Shot,2PT Field Goal,Mid-Range,Left Side(L),16-24 ft.,20,-173,109,1,0,20180806,NYL,SEA,2018,102180016915,940,validated,,0,matched,playbyplayv2,1611661328,201913|202250|203411|204327|1628915,complete,playbyplay_inferred,100720|202252|203827|204319|1627668,complete,playbyplay_inferred,1611661328,Seattle Storm
Shot Chart Detail,1021800169,21,202252,Alysha Clark,1611661313,New York Liberty,1,7,52,Missed Shot,Jump Shot,2PT Field Goal,Mid-Range,Right Side Center(RC),16-24 ft.,21,145,154,1,0,20180806,NYL,SEA,2018,102180016921,1280,validated,,0,matched,playbyplayv2,1611661328,201913|202250|203411|204327|1628915,complete,playbyplay_inferred,100720|202252|203827|204319|1627668,complete,playbyplay_inferred,1611661328,Seattle Storm
Shot Chart Detail,1021800169,25,1627668,Breanna Stewart,1611661313,New York Liberty,1,7,33,Made Shot,Pullup Jump shot,2PT Field Goal,Mid-Range,Center(C),8-16 ft.,14,-47,140,1,1,20180806,NYL,SEA,2018,102180016925,1470,validated,100720,1,matched,playbyplayv2,1611661328,201913|202250|203411|204327|1628915,complete,playbyplay_inferred,100720|202252|203827|204319|1627668,complete,playbyplay_inferred,1611661328,Seattle Storm
Shot Chart Detail,1021800169,29,100720,Sue Bird,1611661313,New York Liberty,1,7,22,Missed Shot,Jump Shot,2PT Field Goal,Mid-Range,Center(C),8-16 ft.,15,14,156,1,0,20180806,NYL,SEA,2018,102180016929,1580,validated,,0,matched,playbyplayv2,1611661328,201913|202250|203411|204327|1628915,complete,playbyplay_inferred,100720|202252|203827|204319|1627668,complete,playbyplay_inferred,1611661328,Seattle Storm
Shot Chart Detail,1021800169,33,1627668,Breanna Stewart,1611661313,New York Liberty,1,6,51,Missed Shot,Jump Shot,3PT Field Goal,Above the Break 3,Center(C),24+ ft.,26,67,254,1,0,20180806,NYL,SEA,2018,102180016933,1890,validated,,0,matched,playbyplayv2,1611661328,201913|202250|203411|204327|1628915,complete,playbyplay_inferred,100720|202252|203827|204319|1627668,complete,playbyplay_inferred,1611661328,Seattle Storm
Shot Chart Detail,1021800169,37,203827,Natasha Howard,1611661313,New York Liberty,1,6,30,Made Shot,Cutting Layup Shot,2PT Field Goal,Restricted Area,Center(C),Less Than 8 ft.,3,-15,35,1,1,20180806,NYL,SEA,2018,102180016937,2100,validated,100720,1,matched,playbyplayv2,1611661328,201913|202250|203411|204327|1628915,complete,playbyplay_inferred,100720|202252|203827|204319|1627668,complete,playbyplay_inferred,1611661328,Seattle Storm
Shot Chart Detail,1021800169,49,1627668,Breanna Stewart,1611661313,New York Liberty,1,5,23,Made Shot,Cutting Layup Shot,2PT Field Goal,Restricted Area,Center(C),Less Than 8 ft.,3,-26,22,1,1,20180806,NYL,SEA,2018,102180016949,2770,validated,204319,1,matched,playbyplayv2,1611661328,202250|203411|204320|204327|1628915,complete,playbyplay_inferred,100720|202252|203827|204319|1627668,complete,playbyplay_inferred,1611661328,Seattle Storm
Shot Chart Detail,1021800169,56,202252,Alysha Clark,1611661313,New York Liberty,1,5,0,Missed Shot,Jump Shot,3PT Field Goal,Above the Break 3,Left Side Center(LC),24+ ft.,24,-154,196,1,0,20180806,NYL,SEA,2018,102180016956,3000,validated,,0,matched,playbyplayv2,1611661328,202250|203411|204320|204327|1628915,complete,playbyplay_inferred,100720|202252|203827|204319|1627668,complete,playbyplay_inferred,1611661328,Seattle Storm
Shot Chart Detail,1021800169,60,203827,Natasha Howard,1611661313,New York Liberty,1,4,44,Missed Shot,Jump Shot,2PT Field Goal,Mid-Range,Center(C),16-24 ft.,21,-4,216,1,0,20180806,NYL,SEA,2018,102180016960,3160,validated,,0,matched,playbyplayv2,1611661328,202250|203411|204320|204327|1628915,complete,playbyplay_inferred,100720|202252|203827|204319|1627668,complete,playbyplay_inferred,1611661328,Seattle Storm
Shot Chart Detail,1021800169,62,100720,Sue Bird,1611661313,New York Liberty,1,4,39,Missed Shot,Jump Shot,3PT Field Goal,Above the Break 3,Left Side Center(LC),24+ ft.,25,-106,233,1,0,20180806,NYL,SEA,2018,102180016962,3210,validated,,0,matched,playbyplayv2,1611661328,202250|203411|204320|204327|1628915,complete,playbyplay_inferred,100720|202252|203827|204319|1627668,complete,playbyplay_inferred,1611661328,Seattle Storm
Shot Chart Detail,1021800169,72,202252,Alysha Clark,1611661313,New York Liberty,1,4,20,Missed Shot,Jump Shot,3PT Field Goal,Above the Break 3,Left Side Center(LC),24+ ft.,24,-150,197,1,0,20180806,NYL,SEA,2018,102180016972,3400,validated,,0,matched,playbyplayv2,1611661328,202250|203411|203829|204320|1628915,complete,playbyplay_inferred,100720|202252|203827|204319|1627668,complete,playbyplay_inferred,1611661328,Seattle Storm
Shot Chart Detail,1021800169,76,203827,Natasha Howard,1611661313,New York Liberty,1,3,57,Made Shot,Layup Shot,2PT Field Goal,Restricted Area,Center(C),Less Than 8 ft.,1,-9,13,1,1,20180806,NYL,SEA,2018,102180016976,3630,validated,1627668,1,matched,playbyplayv2,1611661328,202250|203411|203829|204320|1628915,complete,playbyplay_inferred,100720|202252|203827|204319|1627668,complete,playbyplay_inferred,1611661328,Seattle Storm
Shot Chart Detail,1021800169,80,100720,Sue Bird,1611661313,New York Liberty,1,3,33,Made Shot,Jump Shot,2PT Field Goal,Mid-Range,Right Side(R),16-24 ft.,19,188,66,1,1,20180806,NYL,SEA,2018,102180016980,3870,validated,,0,matched,playbyplayv2,1611661328,202250|203411|203829|204320|1628915,complete,playbyplay_inferred,100720|202252|203827|204319|1627668,complete,playbyplay_inferred,1611661328,Seattle Storm
Shot Chart Detail,1021800169,83,203827,Natasha Howard,1611661313,New York Liberty,1,3,7,Missed Shot,Jump Shot,2PT Field Goal,In The Paint (Non-RA),Center(C),Less Than 8 ft.,6,-4,62,1,0,20180806,NYL,SEA,2018,102180016983,4130,validated,,0,matched,playbyplayv2,1611661328,202250|203411|203829|204320|1628915,complete,playbyplay_inferred,100720|202252|203827|204319|1627668,complete,playbyplay_inferred,1611661328,Seattle Storm
Shot Chart Detail,1021800169,88,204319,Jewell Loyd,1611661313,New York Liberty,1,2,47,Missed Shot,Jump Shot,2PT Field Goal,Mid-Range,Center(C),16-24 ft.,21,-59,202,1,0,20180806,NYL,SEA,2018,102180016988,4330,validated,,0,matched,playbyplayv2,1611661328,202250|203411|203829|204320|1628915,complete,playbyplay_inferred,100720|202252|203827|204319|1627668,complete,playbyplay_inferred,1611661328,Seattle Storm
Shot Chart Detail,1021800169,90,204319,Jewell Loyd,1611661313,New York Liberty,1,2,40,Made Shot,Driving Floating Bank Jump Shot,2PT Field Goal,In The Paint (Non-RA),Left Side(L),8-16 ft.,11,-78,83,1,1,20180806,NYL,SEA,2018,102180016990,4400,validated,,0,matched,playbyplayv2,1611661328,202250|203411|203829|204320|1628915,complete,playbyplay_inferred,100720|202252|203827|204319|1627668,complete,playbyplay_inferred,1611661328,Seattle Storm
Shot Chart Detail,1021800169,93,202252,Alysha Clark,1611661313,New York Liberty,1,2,25,Made Shot,Layup Shot,2PT Field Goal,Restricted Area,Center(C),Less Than 8 ft.,1,-12,14,1,1,20180806,NYL,SEA,2018,102180016993,4550,validated,100720,1,matched,playbyplayv2,1611661328,202250|203411|203829|204320|1628915,complete,playbyplay_inferred,100720|202252|203827|204319|1627668,complete,playbyplay_inferred,1611661328,Seattle Storm
Shot Chart Detail,1021800169,114,1627668,Breanna Stewart,1611661313,New York Liberty,1,1,27,Made Shot,Jump Shot,3PT Field Goal,Above the Break 3,Left Side Center(LC),24+ ft.,24,-134,203,1,1,20180806,NYL,SEA,2018,1021800169114,5130,validated,1628886,1,matched,playbyplayv2,1611661328,202250|204296|204320|204327|1628915,complete,playbyplay_inferred,201518|204319|204321|1627668|1628886,complete,playbyplay_inferred,1611661328,Seattle Storm
Shot Chart Detail,1021800169,118,204319,Jewell Loyd,1611661313,New York Liberty,1,0,49,Made Shot,Jump Shot,3PT Field Goal,Above the Break 3,Right Side Center(RC),24+ ft.,24,113,217,1,1,20180806,NYL,SEA,2018,1021800169118,5510,validated,1627668,1,matched,playbyplayv2,1611661328,202250|204296|204320|204327|1628915,complete,playbyplay_inferred,201518|204319|204321|1627668|1628886,complete,playbyplay_inferred,1611661328,Seattle Storm
Shot Chart Detail,1021800169,132,204319,Jewell Loyd,1611661313,New York Liberty,1,0,2,Missed Shot,Jump Shot,3PT Field Goal,Above the Break 3,Left Side Center(LC),24+ ft.,25,-79,242,1,0,20180806,NYL,SEA,2018,1021800169132,5980,validated,,0,matched,playbyplayv2,1611661328,202250|204296|204320|204327|1628915,complete,playbyplay_inferred,201518|201907|204319|204321|1628886,complete,playbyplay_inferred,1611661328,Seattle Storm
Shot Chart Detail,1021800169,140,201518,Crystal Langhorne,1611661313,New York Liberty,2,9,25,Made Shot,Jump Shot,2PT Field Goal,Mid-Range,Right Side Center(RC),16-24 ft.,19,111,158,1,1,20180806,NYL,SEA,2018,1021800169140,6350,validated,,0,matched,playbyplayv2,1611661328,202250|204296|204320|204327|1628915,complete,playbyplay_inferred,201518|201907|204321|1628244|1628886,complete,playbyplay_inferred,1611661328,Seattle Storm
Shot Chart Detail,1021800169,145,204321,Kaleena Mosqueda-Lewis,1611661313,New York Liberty,2,8,23,Missed Shot,Jump Shot,2PT Field Goal,Mid-Range,Center(C),16-24 ft.,19,7,195,1,0,20180806,NYL,SEA,2018,1021800169145,6970,validated,,0,matched,playbyplayv2,1611661328,202250|204296|204320|204327|1628915,complete,playbyplay_inferred,201518|201907|204321|1628244|1628886,complete,playbyplay_inferred,1611661328,Seattle Storm
Shot Chart Detail,1021800169,162,204321,Kaleena Mosqueda-Lewis,1611661313,New York Liberty,2,7,29,Missed Shot,Jump Shot,3PT Field Goal,Right Corner 3,Right Side(R),24+ ft.,23,234,9,1,0,20180806,NYL,SEA,2018,1021800169162,7510,validated,,0,matched,playbyplayv2,1611661328,202250|204296|204320|204327|1628915,complete,playbyplay_inferred,201518|201907|204321|1628244|1628886,complete,playbyplay_inferred,1611661328,Seattle Storm
Shot Chart Detail,1021800169,181,1627668,Breanna Stewart,1611661313,New York Liberty,2,6,38,Missed Shot,Jump Shot,3PT Field Goal,Above the Break 3,Center(C),24+ ft.,25,76,244,1,0,20180806,NYL,SEA,2018,1021800169181,8020,validated,,0,matched,playbyplayv2,1611661328,202250|203411|204296|204320|204327,complete,playbyplay_inferred,100720|201518|204321|1627668|1628244,complete,playbyplay_inferred,1611661328,Seattle Storm
Shot Chart Detail,1021800169,186,201518,Crystal Langhorne,1611661313,New York Liberty,2,6,3,Missed Shot,Jump Shot,2PT Field Goal,Mid-Range,Right Side(R),16-24 ft.,17,161,60,1,0,20180806,NYL,SEA,2018,1021800169186,8370,validated,,0,matched,playbyplayv2,1611661328,202250|203411|204296|204320|204327,complete,playbyplay_inferred,100720|201518|204319|1627668|1628244,complete,playbyplay_inferred,1611661328,Seattle Storm
Shot Chart Detail,1021800169,208,202252,Alysha Clark,1611661313,New York Liberty,2,4,37,Missed Shot,Jump Shot,3PT Field Goal,Above the Break 3,Right Side Center(RC),24+ ft.,25,111,226,1,0,20180806,NYL,SEA,2018,1021800169208,9230,validated,,0,matched,playbyplayv2,1611661328,202250|203411|203829|204296|204320,complete,playbyplay_inferred,100720|202252|203827|204319|1627668,complete,playbyplay_inferred,1611661328,Seattle Storm
Shot Chart Detail,1021800169,218,204319,Jewell Loyd,1611661313,New York Liberty,2,3,57,Missed Shot,Jump Shot,2PT Field Goal,Mid-Range,Left Side Center(LC),16-24 ft.,19,-61,183,1,0,20180806,NYL,SEA,2018,1021800169218,9630,validated,,0,matched,playbyplayv2,1611661328,203411|203829|204320|204329|1628915,complete,playbyplay_inferred,100720|202252|203827|204319|1627668,complete,playbyplay_inferred,1611661328,Seattle Storm
Shot Chart Detail,1021800169,224,204319,Jewell Loyd,1611661313,New York Liberty,2,3,33,Missed Shot,Jump Shot,2PT Field Goal,Mid-Range,Right Side(R),16-24 ft.,18,185,-2,1,0,20180806,NYL,SEA,2018,1021800169224,9870,validated,,0,matched,playbyplayv2,1611661328,203411|203829|204320|204329|1628915,complete,playbyplay_inferred,100720|202252|203827|204319|1627668,complete,playbyplay_inferred,1611661328,Seattle Storm
Shot Chart Detail,1021800169,229,1627668,Breanna Stewart,1611661313,New York Liberty,2,3,11,Made Shot,Driving Finger Roll Layup Shot,2PT Field Goal,In The Paint (Non-RA),Center(C),Less Than 8 ft.,4,5,49,1,1,20180806,NYL,SEA,2018,1021800169229,10090,validated,100720,1,matched,playbyplayv2,1611661328,203411|203829|204320|204329|1628915,complete,playbyplay_inferred,100720|202252|203827|204319|1627668,complete,playbyplay_inferred,1611661328,Seattle Storm
Shot Chart Detail,1021800169,239,1627668,Breanna Stewart,1611661313,New York Liberty,2,2,31,Missed Shot,Turnaround Jump Shot,2PT Field Goal,Mid-Range,Left Side(L),8-16 ft.,11,-86,70,1,0,20180806,NYL,SEA,2018,1021800169239,10490,validated,,0,matched,playbyplayv2,1611661328,203411|203829|204320|204329|1628915,complete,playbyplay_inferred,100720|202252|203827|204319|1627668,complete,playbyplay_inferred,1611661328,Seattle Storm
Shot Chart Detail,1021800169,242,203827,Natasha Howard,1611661313,New York Liberty,2,2,3,Made Shot,Driving Layup Shot,2PT Field Goal,In The Paint (Non-RA),Left Side(L),8-16 ft.,10,-71,71,1,1,20180806,NYL,SEA,2018,1021800169242,10770,validated,204319,1,matched,playbyplayv2,1611661328,203411|203829|204320|204329|1628915,complete,playbyplay_inferred,100720|202252|203827|204319|1627668,complete,playbyplay_inferred,1611661328,Seattle Storm
Shot Chart Detail,1021800169,250,204319,Jewell Loyd,1611661313,New York Liberty,2,1,22,Made Shot,Running Pull-Up Jump Shot,2PT Field Goal,Mid-Range,Left Side(L),16-24 ft.,16,-140,78,1,1,20180806,NYL,SEA,2018,1021800169250,11180,validated,1627668,1,matched,playbyplayv2,1611661328,203411|203829|204320|204329|1628915,complete,playbyplay_inferred,100720|202252|203827|204319|1627668,complete,playbyplay_inferred,1611661328,Seattle Storm
Shot Chart Detail,1021800169,254,1627668,Breanna Stewart,1611661313,New York Liberty,2,0,47,Made Shot,Layup Shot,2PT Field Goal,Restricted Area,Center(C),Less Than 8 ft.,1,15,9,1,1,20180806,NYL,SEA,2018,1021800169254,11530,validated,203827,1,matched,playbyplayv2,1611661328,203411|203829|204320|204329|1628915,complete,playbyplay_inferred,100720|202252|203827|204319|1627668,complete,playbyplay_inferred,1611661328,Seattle Storm
Shot Chart Detail,1021800169,262,202252,Alysha Clark,1611661313,New York Liberty,2,0,8,Missed Shot,Jump Shot,3PT Field Goal,Left Corner 3,Left Side(L),24+ ft.,23,-234,-2,1,0,20180806,NYL,SEA,2018,1021800169262,11920,validated,,0,matched,playbyplayv2,1611661328,203411|203829|204320|204329|1628915,complete,playbyplay_inferred,100720|202252|203827|204319|1627668,complete,playbyplay_inferred,1611661328,Seattle Storm
Shot Chart Detail,1021800169,264,1627668,Breanna Stewart,1611661313,New York Liberty,2,0,0,Missed Shot,Jump Shot,3PT Field Goal,Above the Break 3,Right Side(R),24+ ft.,23,228,50,1,0,20180806,NYL,SEA,2018,1021800169264,12000,validated,,0,matched,playbyplayv2,1611661328,203411|203829|204320|204329|1628915,complete,playbyplay_inferred,100720|202252|203827|204319|1627668,complete,playbyplay_inferred,1611661328,Seattle Storm
Shot Chart Detail,1021800169,266,203827,Natasha Howard,1611661313,New York Liberty,2,0,0,Missed Shot,Putback Layup Shot,2PT Field Goal,Restricted Area,Center(C),Less Than 8 ft.,0,0,-6,1,0,20180806,NYL,SEA,2018,1021800169266,12000,validated,,0,matched,playbyplayv2,1611661328,203411|203829|204320|204329|1628915,complete,playbyplay_inferred,100720|202252|203827|204319|1627668,complete,playbyplay_inferred,1611661328,Seattle Storm
Shot Chart Detail,1021800169,278,1627668,Breanna Stewart,1611661313,New York Liberty,3,9,30,Missed Shot,Jump Shot,3PT Field Goal,Left Corner 3,Left Side(L),24+ ft.,22,-228,18,1,0,20180806,NYL,SEA,2018,1021800169278,12300,validated,,0,matched,playbyplayv2,1611661328,201913|202250|203411|204327|1628915,complete,playbyplay_inferred,100720|202252|203827|204319|1627668,complete,playbyplay_inferred,1611661328,Seattle Storm
Shot Chart Detail,1021800169,284,1627668,Breanna Stewart,1611661313,New York Liberty,3,9,7,Missed Shot,Driving Finger Roll Layup Shot,2PT Field Goal,In The Paint (Non-RA),Center(C),Less Than 8 ft.,4,-8,40,1,0,20180806,NYL,SEA,2018,1021800169284,12530,validated,,0,matched,playbyplayv2,1611661328,201913|202250|203411|204327|1628915,complete,playbyplay_inferred,100720|202252|203827|204319|1627668,complete,playbyplay_inferred,1611661328,Seattle Storm
Shot Chart Detail,1021800169,288,1627668,Breanna Stewart,1611661313,New York Liberty,3,8,44,Missed Shot,Jump Shot,2PT Field Goal,In The Paint (Non-RA),Center(C),8-16 ft.,13,35,126,1,0,20180806,NYL,SEA,2018,1021800169288,12760,validated,,0,matched,playbyplayv2,1611661328,201913|202250|203411|204327|1628915,complete,playbyplay_inferred,100720|202252|203827|204319|1627668,complete,playbyplay_inferred,1611661328,Seattle Storm
Shot Chart Detail,1021800169,291,204319,Jewell Loyd,1611661313,New York Liberty,3,8,8,Missed Shot,Jump Shot,3PT Field Goal,Above the Break 3,Right Side Center(RC),24+ ft.,24,107,221,1,0,20180806,NYL,SEA,2018,1021800169291,13120,validated,,0,matched,playbyplayv2,1611661328,201913|202250|203411|204327|1628915,complete,playbyplay_inferred,100720|202252|203827|204319|1627668,complete,playbyplay_inferred,1611661328,Seattle Storm
Shot Chart Detail,1021800169,295,202252,Alysha Clark,1611661313,New York Liberty,3,7,48,Made Shot,Driving Layup Shot,2PT Field Goal,Restricted Area,Center(C),Less Than 8 ft.,2,-8,21,1,1,20180806,NYL,SEA,2018,1021800169295,13320,validated,,0,matched,playbyplayv2,1611661328,201913|202250|203411|204327|1628915,complete,playbyplay_inferred,100720|202252|203827|204319|1627668,complete,playbyplay_inferred,1611661328,Seattle Storm
Shot Chart Detail,1021800169,301,1627668,Breanna Stewart,1611661313,New York Liberty,3,6,53,Made Shot,Jump Shot,3PT Field Goal,Above the Break 3,Center(C),16-24 ft.,23,-37,233,1,1,20180806,NYL,SEA,2018,1021800169301,13870,validated,100720,1,matched,playbyplayv2,1611661328,201913|202250|203411|204327|1628915,complete,playbyplay_inferred,100720|202252|203827|204319|1627668,complete,playbyplay_inferred,1611661328,Seattle Storm
Shot Chart Detail,1021800169,305,1627668,Breanna Stewart,1611661313,New York Liberty,3,6,22,Made Shot,Driving Layup Shot,2PT Field Goal,Restricted Area,Center(C),Less Than 8 ft.,1,6,9,1,1,20180806,NYL,SEA,2018,1021800169305,14180,validated,204319,1,matched,playbyplayv2,1611661328,201913|202250|203411|204327|1628915,complete,playbyplay_inferred,100720|202252|203827|204319|1627668,complete,playbyplay_inferred,1611661328,Seattle Storm
Shot Chart Detail,1021800169,313,100720,Sue Bird,1611661313,New York Liberty,3,5,44,Made Shot,Driving Finger Roll Layup Shot,2PT Field Goal,Restricted Area,Center(C),Less Than 8 ft.,1,4,13,1,1,20180806,NYL,SEA,2018,1021800169313,14560,validated,,0,matched,playbyplayv2,1611661328,201913|202250|203411|204327|1628915,complete,playbyplay_inferred,100720|202252|203827|204319|1627668,complete,playbyplay_inferred,1611661328,Seattle Storm
Shot Chart Detail,1021800169,320,1627668,Breanna Stewart,1611661313,New York Liberty,3,5,9,Missed Shot,Pullup Jump shot,2PT Field Goal,In The Paint (Non-RA),Center(C),Less Than 8 ft.,7,-75,21,1,0,20180806,NYL,SEA,2018,1021800169320,14910,validated,,0,matched,playbyplayv2,1611661328,201913|202250|203411|204327|1628915,complete,playbyplay_inferred,100720|202252|203827|204319|1627668,complete,playbyplay_inferred,1611661328,Seattle Storm
Shot Chart Detail,1021800169,331,1627668,Breanna Stewart,1611661313,New York Liberty,3,4,41,Missed Shot,Cutting Layup Shot,2PT Field Goal,Restricted Area,Center(C),Less Than 8 ft.,2,-8,28,1,0,20180806,NYL,SEA,2018,1021800169331,15190,validated,,0,matched,playbyplayv2,1611661328,201913|202250|203411|203829|1628915,complete,playbyplay_inferred,100720|202252|203827|204319|1627668,complete,playbyplay_inferred,1611661328,Seattle Storm
Shot Chart Detail,1021800169,333,203827,Natasha Howard,1611661313,New York Liberty,3,4,37,Missed Shot,Putback Layup Shot,2PT Field Goal,Restricted Area,Center(C),Less Than 8 ft.,1,-10,10,1,0,20180806,NYL,SEA,2018,1021800169333,15230,validated,,0,matched,playbyplayv2,1611661328,201913|202250|203411|203829|1628915,complete,playbyplay_inferred,100720|202252|203827|204319|1627668,complete,playbyplay_inferred,1611661328,Seattle Storm
Shot Chart Detail,1021800169,343,204319,Jewell Loyd,1611661313,New York Liberty,3,4,15,Made Shot,Jump Shot,2PT Field Goal,In The Paint (Non-RA),Center(C),8-16 ft.,13,8,133,1,1,20180806,NYL,SEA,2018,1021800169343,15450,validated,,0,matched,playbyplayv2,1611661328,202250|203411|203829|204320|1628915,complete,playbyplay_inferred,100720|202252|203827|204319|1627668,complete,playbyplay_inferred,1611661328,Seattle Storm
Shot Chart Detail,1021800169,346,204319,Jewell Loyd,1611661313,New York Liberty,3,3,40,Missed Shot,Jump Shot,3PT Field Goal,Above the Break 3,Right Side Center(RC),24+ ft.,24,196,147,1,0,20180806,NYL,SEA,2018,1021800169346,15800,validated,,0,matched,playbyplayv2,1611661328,202250|203411|203829|204320|1628915,complete,playbyplay_inferred,100720|202252|203827|204319|1627668,complete,playbyplay_inferred,1611661328,Seattle Storm
Shot Chart Detail,1021800169,348,203827,Natasha Howard,1611661313,New York Liberty,3,3,36,Made Shot,Putback Layup Shot,2PT Field Goal,Restricted Area,Center(C),Less Than 8 ft.,2,-11,22,1,1,20180806,NYL,SEA,2018,1021800169348,15840,validated,,0,matched,playbyplayv2,1611661328,202250|203411|203829|204320|1628915,complete,playbyplay_inferred,100720|202252|203827|204319|1627668,complete,playbyplay_inferred,1611661328,Seattle Storm
Shot Chart Detail,1021800169,363,1627668,Breanna Stewart,1611661313,New York Liberty,3,2,42,Missed Shot,Jump Shot,2PT Field Goal,Mid-Range,Left Side Center(LC),16-24 ft.,18,-106,146,1,0,20180806,NYL,SEA,2018,1021800169363,16380,validated,,0,matched,playbyplayv2,1611661328,202250|203411|203829|204320|1628915,complete,playbyplay_inferred,100720|202252|203827|204319|1627668,complete,playbyplay_inferred,1611661328,Seattle Storm
Shot Chart Detail,1021800169,365,203827,Natasha Howard,1611661313,New York Liberty,3,2,36,Missed Shot,Putback Layup Shot,2PT Field Goal,Restricted Area,Center(C),Less Than 8 ft.,0,0,-6,1,0,20180806,NYL,SEA,2018,1021800169365,16440,validated,,0,matched,playbyplayv2,1611661328,202250|203411|203829|204320|1628915,complete,playbyplay_inferred,100720|202252|203827|204319|1627668,complete,playbyplay_inferred,1611661328,Seattle Storm
Shot Chart Detail,1021800169,369,202252,Alysha Clark,1611661313,New York Liberty,3,2,14,Missed Shot,Jump Shot,2PT Field Goal,Mid-Range,Left Side(L),16-24 ft.,20,-202,-10,1,0,20180806,NYL,SEA,2018,1021800169369,16660,validated,,0,matched,playbyplayv2,1611661328,202250|203411|203829|204320|1628915,complete,playbyplay_inferred,100720|202252|203827|204319|1627668,complete,playbyplay_inferred,1611661328,Seattle Storm
Shot Chart Detail,1021800169,381,204319,Jewell Loyd,1611661313,New York Liberty,3,1,52,Missed Shot,Step Back Jump shot,2PT Field Goal,Mid-Range,Left Side(L),8-16 ft.,14,-117,82,1,0,20180806,NYL,SEA,2018,1021800169381,16880,validated,,0,matched,playbyplayv2,1611661328,202250|203411|203829|204320|1628915,complete,playbyplay_inferred,201518|204319|204321|1627668|1628886,complete,playbyplay_inferred,1611661328,Seattle Storm
Shot Chart Detail,1021800169,385,204319,Jewell Loyd,1611661313,New York Liberty,3,1,39,Missed Shot,Layup Shot,2PT Field Goal,Restricted Area,Center(C),Less Than 8 ft.,1,7,11,1,0,20180806,NYL,SEA,2018,1021800169385,17010,validated,,0,matched,playbyplayv2,1611661328,202250|203411|203829|204320|1628915,complete,playbyplay_inferred,201518|204319|204321|1627668|1628886,complete,playbyplay_inferred,1611661328,Seattle Storm
Shot Chart Detail,1021800169,394,1627668,Breanna Stewart,1611661313,New York Liberty,3,0,52,Missed Shot,Jump Shot,2PT Field Goal,Mid-Range,Right Side Center(RC),16-24 ft.,18,63,173,1,0,20180806,NYL,SEA,2018,1021800169394,17480,validated,,0,matched,playbyplayv2,1611661328,202250|203411|203829|204320|1628915,complete,playbyplay_inferred,201518|204321|1627668|1628244|1628886,complete,playbyplay_inferred,1611661328,Seattle Storm
Shot Chart Detail,1021800169,398,1628244,Sami Whitcomb,1611661313,New York Liberty,3,0,18,Missed Shot,Jump Shot,2PT Field Goal,Mid-Range,Left Side(L),16-24 ft.,20,-208,23,1,0,20180806,NYL,SEA,2018,1021800169398,17820,validated,,0,matched,playbyplayv2,1611661328,202250|203411|203829|204320|1628915,complete,playbyplay_inferred,201518|204321|1627668|1628244|1628886,complete,playbyplay_inferred,1611661328,Seattle Storm
Shot Chart Detail,1021800169,402,1628886,Jordin Canada,1611661313,New York Liberty,3,0,0,Missed Shot,Layup Shot,2PT Field Goal,In The Paint (Non-RA),Center(C),Less Than 8 ft.,7,6,70,1,0,20180806,NYL,SEA,2018,1021800169402,18000,validated,,0,matched,playbyplayv2,1611661328,202250|203411|203829|204320|1628915,complete,playbyplay_inferred,201518|204321|1627668|1628244|1628886,complete,playbyplay_inferred,1611661328,Seattle Storm
Shot Chart Detail,1021800169,409,204321,Kaleena Mosqueda-Lewis,1611661313,New York Liberty,4,9,44,Missed Shot,Jump Shot,2PT Field Goal,Mid-Range,Center(C),16-24 ft.,21,-48,208,1,0,20180806,NYL,SEA,2018,1021800169409,18160,validated,,0,matched,playbyplayv2,1611661328,202250|203411|203829|204320|1628915,complete,playbyplay_inferred,201518|203827|204321|1628244|1628886,complete,playbyplay_inferred,1611661328,Seattle Storm
Shot Chart Detail,1021800169,424,1628244,Sami Whitcomb,1611661313,New York Liberty,4,8,45,Made Shot,Jump Shot,2PT Field Goal,In The Paint (Non-RA),Center(C),Less Than 8 ft.,6,-66,15,1,1,20180806,NYL,SEA,2018,1021800169424,18750,validated,,0,matched,playbyplayv2,1611661328,202250|203411|203829|204320|1628915,complete,playbyplay_inferred,201518|203827|204321|1628244|1628886,complete,playbyplay_inferred,1611661328,Seattle Storm
Shot Chart Detail,1021800169,428,1628244,Sami Whitcomb,1611661313,New York Liberty,4,8,16,Made Shot,Jump Shot,3PT Field Goal,Left Corner 3,Left Side(L),24+ ft.,22,-222,1,1,1,20180806,NYL,SEA,2018,1021800169428,19040,validated,1628886,1,matched,playbyplayv2,1611661328,202250|203411|203829|204320|1628915,complete,playbyplay_inferred,201518|203827|204321|1628244|1628886,complete,playbyplay_inferred,1611661328,Seattle Storm
Shot Chart Detail,1021800169,432,201518,Crystal Langhorne,1611661313,New York Liberty,4,7,49,Missed Shot,Jump Shot,2PT Field Goal,Mid-Range,Center(C),16-24 ft.,19,-31,195,1,0,20180806,NYL,SEA,2018,1021800169432,19310,validated,,0,matched,playbyplayv2,1611661328,202250|203411|203829|204320|1628915,complete,playbyplay_inferred,201518|203827|204321|1628244|1628886,complete,playbyplay_inferred,1611661328,Seattle Storm
Shot Chart Detail,1021800169,447,204319,Jewell Loyd,1611661313,New York Liberty,4,7,14,Missed Shot,Driving Layup Shot,2PT Field Goal,Restricted Area,Center(C),Less Than 8 ft.,2,13,21,1,0,20180806,NYL,SEA,2018,1021800169447,19660,validated,,0,matched,playbyplayv2,1611661328,202250|203829|204320|204327|1628915,complete,playbyplay_inferred,100720|203827|204319|1627668|1628244,complete,playbyplay_inferred,1611661328,Seattle Storm
Shot Chart Detail,1021800169,449,204319,Jewell Loyd,1611661313,New York Liberty,4,7,11,Made Shot,Putback Layup Shot,2PT Field Goal,Restricted Area,Center(C),Less Than 8 ft.,0,6,6,1,1,20180806,NYL,SEA,2018,1021800169449,19690,validated,,0,matched,playbyplayv2,1611661328,202250|203829|204320|204327|1628915,complete,playbyplay_inferred,100720|203827|204319|1627668|1628244,complete,playbyplay_inferred,1611661328,Seattle Storm
Shot Chart Detail,1021800169,452,204319,Jewell Loyd,1611661313,New York Liberty,4,6,40,Missed Shot,Jump Shot,2PT Field Goal,Mid-Range,Center(C),16-24 ft.,18,58,179,1,0,20180806,NYL,SEA,2018,1021800169452,20000,validated,,0,matched,playbyplayv2,1611661328,202250|203829|204320|204327|1628915,complete,playbyplay_inferred,100720|203827|204319|1627668|1628244,complete,playbyplay_inferred,1611661328,Seattle Storm
Shot Chart Detail,1021800169,456,1627668,Breanna Stewart,1611661313,New York Liberty,4,6,13,Made Shot,Cutting Layup Shot,2PT Field Goal,Restricted Area,Center(C),Less Than 8 ft.,1,-15,6,1,1,20180806,NYL,SEA,2018,1021800169456,20270,validated,203827,1,matched,playbyplayv2,1611661328,202250|203829|204320|204327|1628915,complete,playbyplay_inferred,100720|203827|204319|1627668|1628244,complete,playbyplay_inferred,1611661328,Seattle Storm
Shot Chart Detail,1021800169,460,204319,Jewell Loyd,1611661313,New York Liberty,4,5,45,Made Shot,Jump Shot,2PT Field Goal,Mid-Range,Left Side(L),16-24 ft.,16,-165,4,1,1,20180806,NYL,SEA,2018,1021800169460,20550,validated,,0,matched,playbyplayv2,1611661328,202250|203829|204320|204327|1628915,complete,playbyplay_inferred,100720|203827|204319|1627668|1628244,complete,playbyplay_inferred,1611661328,Seattle Storm
Shot Chart Detail,1021800169,465,1627668,Breanna Stewart,1611661313,New York Liberty,4,5,5,Made Shot,Layup Shot,2PT Field Goal,In The Paint (Non-RA),Center(C),Less Than 8 ft.,4,-44,20,1,1,20180806,NYL,SEA,2018,1021800169465,20950,validated,204319,1,matched,playbyplayv2,1611661328,202250|203829|204320|204327|1628915,complete,playbyplay_inferred,100720|203827|204319|1627668|1628244,complete,playbyplay_inferred,1611661328,Seattle Storm
Shot Chart Detail,1021800169,482,203827,Natasha Howard,1611661313,New York Liberty,4,4,15,Made Shot,Layup Shot,2PT Field Goal,Restricted Area,Center(C),Less Than 8 ft.,1,-7,18,1,1,20180806,NYL,SEA,2018,1021800169482,21450,validated,100720,1,matched,playbyplayv2,1611661328,201913|203829|204320|204327|1628915,complete,playbyplay_inferred,100720|202252|203827|204319|1627668,complete,playbyplay_inferred,1611661328,Seattle Storm
Shot Chart Detail,1021800169,486,100720,Sue Bird,1611661313,New York Liberty,4,3,44,Made Shot,Jump Shot,3PT Field Goal,Above the Break 3,Center(C),24+ ft.,24,7,241,1,1,20180806,NYL,SEA,2018,1021800169486,21760,validated,1627668,1,matched,playbyplayv2,1611661328,201913|203829|204320|204327|1628915,complete,playbyplay_inferred,100720|202252|203827|204319|1627668,complete,playbyplay_inferred,1611661328,Seattle Storm
Shot Chart Detail,1021800169,502,1627668,Breanna Stewart,1611661313,New York Liberty,4,3,0,Missed Shot,Jump Shot,2PT Field Goal,In The Paint (Non-RA),Left Side(L),8-16 ft.,8,-71,39,1,0,20180806,NYL,SEA,2018,1021800169502,22200,validated,,0,matched,playbyplayv2,1611661328,202250|203411|203829|204329|1628915,complete,playbyplay_inferred,100720|202252|203827|204319|1627668,complete,playbyplay_inferred,1611661328,Seattle Storm
Shot Chart Detail,1021800169,505,204319,Jewell Loyd,1611661313,New York Liberty,4,2,53,Made Shot,Jump Shot,3PT Field Goal,Left Corner 3,Left Side(L),24+ ft.,22,-226,-23,1,1,20180806,NYL,SEA,2018,1021800169505,22270,validated,1627668,1,matched,playbyplayv2,1611661328,202250|203411|203829|204329|1628915,complete,playbyplay_inferred,100720|202252|203827|204319|1627668,complete,playbyplay_inferred,1611661328,Seattle Storm
Shot Chart Detail,1021800169,509,1627668,Breanna Stewart,1611661313,New York Liberty,4,2,27,Made Shot,Cutting Layup Shot,2PT Field Goal,Restricted Area,Center(C),Less Than 8 ft.,2,13,23,1,1,20180806,NYL,SEA,2018,1021800169509,22530,validated,100720,1,matched,playbyplayv2,1611661328,202250|203411|203829|204329|1628915,complete,playbyplay_inferred,100720|202252|203827|204319|1627668,complete,playbyplay_inferred,1611661328,Seattle Storm
Shot Chart Detail,1021800169,513,1627668,Breanna Stewart,1611661313,New York Liberty,4,2,0,Made Shot,Driving Hook Shot,2PT Field Goal,In The Paint (Non-RA),Center(C),Less Than 8 ft.,7,51,52,1,1,20180806,NYL,SEA,2018,1021800169513,22800,validated,204319,1,matched,playbyplayv2,1611661328,202250|203411|203829|204329|1628915,complete,playbyplay_inferred,100720|202252|203827|204319|1627668,complete,playbyplay_inferred,1611661328,Seattle Storm
Shot Chart Detail,1021800169,517,1627668,Breanna Stewart,1611661313,New York Liberty,4,1,31,Made Shot,Jump Shot,3PT Field Goal,Above the Break 3,Left Side Center(LC),24+ ft.,24,-116,217,1,1,20180806,NYL,SEA,2018,1021800169517,23090,validated,204319,1,matched,playbyplayv2,1611661328,202250|203411|203829|204329|1628915,complete,playbyplay_inferred,100720|202252|203827|204319|1627668,complete,playbyplay_inferred,1611661328,Seattle Storm
Shot Chart Detail,1021800169,535,1628920,Mercedes Russell,1611661313,New York Liberty,4,1,9,Made Shot,Layup Shot,2PT Field Goal,Restricted Area,Center(C),Less Than 8 ft.,1,4,13,1,1,20180806,NYL,SEA,2018,1021800169535,23310,validated,1628886,1,matched,playbyplayv2,1611661328,203411|203829|204320|204329|1628915,complete,playbyplay_inferred,201907|204321|1628244|1628886|1628920,complete,playbyplay_inferred,1611661328,Seattle Storm
Shot Chart Detail,1021800169,538,204321,Kaleena Mosqueda-Lewis,1611661313,New York Liberty,4,0,46,Missed Shot,Jump Shot,2PT Field Goal,Mid-Range,Left Side Center(LC),16-24 ft.,20,-105,181,1,0,20180806,NYL,SEA,2018,1021800169538,23540,validated,,0,matched,playbyplayv2,1611661328,203411|203829|204320|204329|1628915,complete,playbyplay_inferred,201907|204321|1628244|1628886|1628920,complete,playbyplay_inferred,1611661328,Seattle Storm
Shot Chart Detail,1021800169,540,1628920,Mercedes Russell,1611661313,New York Liberty,4,0,38,Made Shot,Jump Shot,2PT Field Goal,Mid-Range,Left Side(L),16-24 ft.,18,-183,-9,1,1,20180806,NYL,SEA,2018,1021800169540,23620,validated,1628886,1,matched,playbyplayv2,1611661328,203411|203829|204320|204329|1628915,complete,playbyplay_inferred,201907|204321|1628244|1628886|1628920,complete,playbyplay_inferred,1611661328,Seattle Storm
Shot Chart Detail,1021800174,7,100949,Alana Beard,1611661313,New York Liberty,1,9,46,Made Shot,Driving Layup Shot,2PT Field Goal,In The Paint (Non-RA),Center(C),Less Than 8 ft.,5,-26,46,1,1,20180808,NYL,LAS,2018,10218001747,140,validated,,0,matched,playbyplayv2,1611661320,202250|203411|204327|204329|1628915,complete,playbyplay_inferred,100949|201496|203014|203824|203833,complete,playbyplay_inferred,1611661320,Los Angeles Sparks
Shot Chart Detail,1021800174,16,201496,Candace Parker,1611661313,New York Liberty,1,8,21,Missed Shot,Jump Shot,3PT Field Goal,Above the Break 3,Center(C),24+ ft.,24,-34,246,1,0,20180808,NYL,LAS,2018,102180017416,990,validated,,0,matched,playbyplayv2,1611661320,202250|203411|204327|204329|1628915,complete,playbyplay_inferred,100949|201496|203014|203824|203833,complete,playbyplay_inferred,1611661320,Los Angeles Sparks
Shot Chart Detail,1021800174,20,203014,Nneka Ogwumike,1611661313,New York Liberty,1,8,3,Missed Shot,Layup Shot,2PT Field Goal,Restricted Area,Center(C),Less Than 8 ft.,1,9,7,1,0,20180808,NYL,LAS,2018,102180017420,1170,validated,,0,matched,playbyplayv2,1611661320,202250|203411|204327|204329|1628915,complete,playbyplay_inferred,100949|201496|203014|203824|203833,complete,playbyplay_inferred,1611661320,Los Angeles Sparks
Shot Chart Detail,1021800174,31,203014,Nneka Ogwumike,1611661313,New York Liberty,1,7,12,Missed Shot,Jump Shot,3PT Field Goal,Above the Break 3,Center(C),24+ ft.,25,-41,249,1,0,20180808,NYL,LAS,2018,102180017431,1680,validated,,0,matched,playbyplayv2,1611661320,202250|203411|204327|204329|1628915,complete,playbyplay_inferred,100949|201496|203014|203824|203833,complete,playbyplay_inferred,1611661320,Los Angeles Sparks
Shot Chart Detail,1021800174,36,203014,Nneka Ogwumike,1611661313,New York Liberty,1,6,31,Missed Shot,Jump Shot,2PT Field Goal,Mid-Range,Right Side Center(RC),16-24 ft.,20,89,190,1,0,20180808,NYL,LAS,2018,102180017436,2090,validated,,0,matched,playbyplayv2,1611661320,202250|203411|204327|204329|1628915,complete,playbyplay_inferred,100949|201496|203014|203824|203833,complete,playbyplay_inferred,1611661320,Los Angeles Sparks
Shot Chart Detail,1021800174,44,201496,Candace Parker,1611661313,New York Liberty,1,5,58,Made Shot,Running Jump Shot,2PT Field Goal,In The Paint (Non-RA),Center(C),Less Than 8 ft.,7,75,18,1,1,20180808,NYL,LAS,2018,102180017444,2420,validated,,0,matched,playbyplayv2,1611661320,202250|203411|204327|204329|1628915,complete,playbyplay_inferred,100949|201496|203824|203833|1628926,complete,playbyplay_inferred,1611661320,Los Angeles Sparks
Shot Chart Detail,1021800174,49,201496,Candace Parker,1611661313,New York Liberty,1,5,8,Made Shot,Jump Shot,3PT Field Goal,Above the Break 3,Center(C),16-24 ft.,23,-57,229,1,1,20180808,NYL,LAS,2018,102180017449,2920,validated,203833,1,matched,playbyplayv2,1611661320,202250|203411|204327|204329|1628915,complete,playbyplay_inferred,100949|201496|203824|203833|1628926,complete,playbyplay_inferred,1611661320,Los Angeles Sparks
Shot Chart Detail,1021800174,52,203824,Odyssey Sims,1611661313,New York Liberty,1,4,38,Missed Shot,Driving Floating Jump Shot,2PT Field Goal,In The Paint (Non-RA),Left Side(L),8-16 ft.,9,-73,56,1,0,20180808,NYL,LAS,2018,102180017452,3220,validated,,0,matched,playbyplayv2,1611661320,202250|203411|204327|204329|1628915,complete,playbyplay_inferred,100949|201496|203824|203833|1628926,complete,playbyplay_inferred,1611661320,Los Angeles Sparks
Shot Chart Detail,1021800174,56,201496,Candace Parker,1611661313,New York Liberty,1,4,16,Missed Shot,Jump Shot,3PT Field Goal,Above the Break 3,Left Side Center(LC),24+ ft.,25,-153,210,1,0,20180808,NYL,LAS,2018,102180017456,3440,validated,,0,matched,playbyplayv2,1611661320,202250|203411|204327|204329|1628915,complete,playbyplay_inferred,100949|201496|203824|203833|1628926,complete,playbyplay_inferred,1611661320,Los Angeles Sparks
Shot Chart Detail,1021800174,60,203833,Chelsea Gray,1611661313,New York Liberty,1,3,47,Made Shot,Driving Layup Shot,2PT Field Goal,In The Paint (Non-RA),Center(C),Less Than 8 ft.,4,-24,35,1,1,20180808,NYL,LAS,2018,102180017460,3730,validated,,0,matched,playbyplayv2,1611661320,202250|203411|204327|204329|1628915,complete,playbyplay_inferred,100949|201496|203824|203833|1628926,complete,playbyplay_inferred,1611661320,Los Angeles Sparks
Shot Chart Detail,1021800174,63,203824,Odyssey Sims,1611661313,New York Liberty,1,3,29,Missed Shot,Floating Jump shot,2PT Field Goal,In The Paint (Non-RA),Left Side(L),8-16 ft.,8,-65,47,1,0,20180808,NYL,LAS,2018,102180017463,3910,validated,,0,matched,playbyplayv2,1611661320,202250|203411|204327|204329|1628915,complete,playbyplay_inferred,100949|201496|203824|203833|1628926,complete,playbyplay_inferred,1611661320,Los Angeles Sparks
Shot Chart Detail,1021800174,67,203824,Odyssey Sims,1611661313,New York Liberty,1,3,10,Made Shot,Layup Shot,2PT Field Goal,Restricted Area,Center(C),Less Than 8 ft.,1,-8,13,1,1,20180808,NYL,LAS,2018,102180017467,4100,validated,100949,1,matched,playbyplayv2,1611661320,202250|203411|204327|204329|1628915,complete,playbyplay_inferred,100949|201496|203824|203833|1628926,complete,playbyplay_inferred,1611661320,Los Angeles Sparks
Shot Chart Detail,1021800174,88,201502,Essence Carson,1611661313,New York Liberty,1,2,39,Missed Shot,Step Back Jump shot,2PT Field Goal,Mid-Range,Center(C),16-24 ft.,17,-23,174,1,0,20180808,NYL,LAS,2018,102180017488,4410,validated,,0,matched,playbyplayv2,1611661320,202250|203829|204296|204320|1628915,complete,playbyplay_inferred,201502|202650|203014|203029|203824,complete,playbyplay_inferred,1611661320,Los Angeles Sparks
Shot Chart Detail,1021800174,106,202650,Jantel Lavender,1611661313,New York Liberty,1,1,24,Missed Shot,Jump Shot,2PT Field Goal,Mid-Range,Center(C),16-24 ft.,20,24,208,1,0,20180808,NYL,LAS,2018,1021800174106,5160,validated,,0,matched,playbyplayv2,1611661320,203829|204296|204320|204329|1628915,complete,playbyplay_inferred,201502|202650|203014|203029|203824,complete,playbyplay_inferred,1611661320,Los Angeles Sparks
Shot Chart Detail,1021800174,114,203029,Riquna Williams,1611661313,New York Liberty,1,0,52,Made Shot,Jump Shot,3PT Field Goal,Above the Break 3,Left Side Center(LC),24+ ft.,25,-200,164,1,1,20180808,NYL,LAS,2018,1021800174114,5480,validated,203824,1,matched,playbyplayv2,1611661320,203829|204296|204320|204329|1628915,complete,playbyplay_inferred,201502|202650|203014|203029|203824,complete,playbyplay_inferred,1611661320,Los Angeles Sparks
Shot Chart Detail,1021800174,118,201502,Essence Carson,1611661313,New York Liberty,1,0,9,Missed Shot,Jump Shot,3PT Field Goal,Above the Break 3,Right Side Center(RC),24+ ft.,25,171,184,1,0,20180808,NYL,LAS,2018,1021800174118,5910,validated,,0,matched,playbyplayv2,1611661320,203829|204296|204320|204329|1628915,complete,playbyplay_inferred,201502|202650|203014|203029|203824,complete,playbyplay_inferred,1611661320,Los Angeles Sparks
Shot Chart Detail,1021800174,133,203014,Nneka Ogwumike,1611661313,New York Liberty,2,9,19,Made Shot,Reverse Layup Shot,2PT Field Goal,Restricted Area,Center(C),Less Than 8 ft.,1,10,9,1,1,20180808,NYL,LAS,2018,1021800174133,6410,validated,201496,1,matched,playbyplayv2,1611661320,201889|203829|204296|204320|204329,complete,playbyplay_inferred,201496|201502|203014|203029|203833,complete,playbyplay_inferred,1611661320,Los Angeles Sparks
Shot Chart Detail,1021800174,138,201496,Candace Parker,1611661313,New York Liberty,2,8,49,Missed Shot,Jump Shot,3PT Field Goal,Above the Break 3,Center(C),24+ ft.,24,-75,231,1,0,20180808,NYL,LAS,2018,1021800174138,6710,validated,,0,matched,playbyplayv2,1611661320,201889|203829|204296|204320|204329,complete,playbyplay_inferred,201496|201502|203014|203029|203833,complete,playbyplay_inferred,1611661320,Los Angeles Sparks
Shot Chart Detail,1021800174,145,201502,Essence Carson,1611661313,New York Liberty,2,7,52,Made Shot,Jump Shot,2PT Field Goal,Mid-Range,Right Side Center(RC),16-24 ft.,22,69,210,1,1,20180808,NYL,LAS,2018,1021800174145,7280,validated,203014,1,matched,playbyplayv2,1611661320,201889|203829|204296|204320|204329,complete,playbyplay_inferred,201496|201502|203014|203029|203833,complete,playbyplay_inferred,1611661320,Los Angeles Sparks
Shot Chart Detail,1021800174,160,201502,Essence Carson,1611661313,New York Liberty,2,6,28,Made Shot,Jump Shot,3PT Field Goal,Above the Break 3,Right Side Center(RC),24+ ft.,25,97,232,1,1,20180808,NYL,LAS,2018,1021800174160,8120,validated,203833,1,matched,playbyplayv2,1611661320,201889|203829|204296|204320|204329,complete,playbyplay_inferred,100949|201496|201502|203014|203833,complete,playbyplay_inferred,1611661320,Los Angeles Sparks
Shot Chart Detail,1021800174,164,203014,Nneka Ogwumike,1611661313,New York Liberty,2,5,56,Made Shot,Layup Shot,2PT Field Goal,Restricted Area,Center(C),Less Than 8 ft.,1,13,4,1,1,20180808,NYL,LAS,2018,1021800174164,8440,validated,201496,1,matched,playbyplayv2,1611661320,201889|203829|204296|204320|204329,complete,playbyplay_inferred,100949|201496|201502|203014|203833,complete,playbyplay_inferred,1611661320,Los Angeles Sparks
Shot Chart Detail,1021800174,176,203014,Nneka Ogwumike,1611661313,New York Liberty,2,5,21,Made Shot,Layup Shot,2PT Field Goal,Restricted Area,Center(C),Less Than 8 ft.,0,-8,4,1,1,20180808,NYL,LAS,2018,1021800174176,8790,validated,201496,1,matched,playbyplayv2,1611661320,201889|203829|204296|204320|204329,complete,playbyplay_inferred,201496|201502|203014|203824|203833,complete,playbyplay_inferred,1611661320,Los Angeles Sparks
Shot Chart Detail,1021800174,180,203833,Chelsea Gray,1611661313,New York Liberty,2,4,51,Made Shot,Jump Shot,3PT Field Goal,Above the Break 3,Right Side Center(RC),24+ ft.,24,127,207,1,1,20180808,NYL,LAS,2018,1021800174180,9090,validated,203824,1,matched,playbyplayv2,1611661320,201889|203829|204296|204320|204329,complete,playbyplay_inferred,201496|201502|203014|203824|203833,complete,playbyplay_inferred,1611661320,Los Angeles Sparks
Shot Chart Detail,1021800174,193,203833,Chelsea Gray,1611661313,New York Liberty,2,4,22,Missed Shot,Jump Shot,2PT Field Goal,Mid-Range,Left Side Center(LC),16-24 ft.,18,-91,160,1,0,20180808,NYL,LAS,2018,1021800174193,9380,validated,,0,matched,playbyplayv2,1611661320,202250|204296|204320|204327|1628915,complete,playbyplay_inferred,201496|201502|203014|203824|203833,complete,playbyplay_inferred,1611661320,Los Angeles Sparks
Shot Chart Detail,1021800174,195,203014,Nneka Ogwumike,1611661313,New York Liberty,2,4,17,Made Shot,Layup Shot,2PT Field Goal,Restricted Area,Center(C),Less Than 8 ft.,2,14,19,1,1,20180808,NYL,LAS,2018,1021800174195,9430,validated,,0,matched,playbyplayv2,1611661320,202250|204296|204320|204327|1628915,complete,playbyplay_inferred,201496|201502|203014|203824|203833,complete,playbyplay_inferred,1611661320,Los Angeles Sparks
Shot Chart Detail,1021800174,198,201496,Candace Parker,1611661313,New York Liberty,2,3,49,Missed Shot,Jump Shot,3PT Field Goal,Above the Break 3,Center(C),24+ ft.,23,4,238,1,0,20180808,NYL,LAS,2018,1021800174198,9710,validated,,0,matched,playbyplayv2,1611661320,202250|204296|204320|204327|1628915,complete,playbyplay_inferred,201496|201502|203014|203824|203833,complete,playbyplay_inferred,1611661320,Los Angeles Sparks
Shot Chart Detail,1021800174,202,203824,Odyssey Sims,1611661313,New York Liberty,2,3,17,Missed Shot,Jump Shot,3PT Field Goal,Above the Break 3,Left Side Center(LC),24+ ft.,25,-174,184,1,0,20180808,NYL,LAS,2018,1021800174202,10030,validated,,0,matched,playbyplayv2,1611661320,202250|204296|204320|204327|1628915,complete,playbyplay_inferred,201496|201502|203014|203824|203833,complete,playbyplay_inferred,1611661320,Los Angeles Sparks
Shot Chart Detail,1021800174,222,203014,Nneka Ogwumike,1611661313,New York Liberty,2,2,34,Missed Shot,Jump Shot,2PT Field Goal,Mid-Range,Right Side(R),8-16 ft.,11,114,12,1,0,20180808,NYL,LAS,2018,1021800174222,10460,validated,,0,matched,playbyplayv2,1611661320,202250|203411|204320|204327|1628915,complete,playbyplay_inferred,100949|203014|203029|203833|1628926,complete,playbyplay_inferred,1611661320,Los Angeles Sparks
Shot Chart Detail,1021800174,226,203833,Chelsea Gray,1611661313,New York Liberty,2,2,22,Made Shot,Jump Shot,2PT Field Goal,In The Paint (Non-RA),Center(C),8-16 ft.,13,63,116,1,1,20180808,NYL,LAS,2018,1021800174226,10580,validated,,0,matched,playbyplayv2,1611661320,202250|203411|204320|204327|1628915,complete,playbyplay_inferred,100949|203014|203029|203833|1628926,complete,playbyplay_inferred,1611661320,Los Angeles Sparks
Shot Chart Detail,1021800174,233,203833,Chelsea Gray,1611661313,New York Liberty,2,1,44,Missed Shot,Jump Shot,2PT Field Goal,Mid-Range,Right Side Center(RC),16-24 ft.,16,121,115,1,0,20180808,NYL,LAS,2018,1021800174233,10960,validated,,0,matched,playbyplayv2,1611661320,202250|203411|204320|204327|1628915,complete,playbyplay_inferred,100949|203014|203029|203833|1628926,complete,playbyplay_inferred,1611661320,Los Angeles Sparks
Shot Chart Detail,1021800174,236,203029,Riquna Williams,1611661313,New York Liberty,2,1,17,Made Shot,Jump Shot,3PT Field Goal,Above the Break 3,Left Side Center(LC),24+ ft.,28,-125,259,1,1,20180808,NYL,LAS,2018,1021800174236,11230,validated,203833,1,matched,playbyplayv2,1611661320,202250|203411|204320|204327|1628915,complete,playbyplay_inferred,100949|203014|203029|203833|1628926,complete,playbyplay_inferred,1611661320,Los Angeles Sparks
Shot Chart Detail,1021800174,240,203029,Riquna Williams,1611661313,New York Liberty,2,0,48,Made Shot,Jump Shot,3PT Field Goal,Above the Break 3,Left Side Center(LC),24+ ft.,28,-201,197,1,1,20180808,NYL,LAS,2018,1021800174240,11520,validated,203833,1,matched,playbyplayv2,1611661320,202250|203411|204320|204327|1628915,complete,playbyplay_inferred,100949|203014|203029|203833|1628926,complete,playbyplay_inferred,1611661320,Los Angeles Sparks
Shot Chart Detail,1021800174,243,203029,Riquna Williams,1611661313,New York Liberty,2,0,25,Missed Shot,Jump Shot,3PT Field Goal,Above the Break 3,Left Side Center(LC),24+ ft.,25,-104,233,1,0,20180808,NYL,LAS,2018,1021800174243,11750,validated,,0,matched,playbyplayv2,1611661320,202250|203411|204320|204327|1628915,complete,playbyplay_inferred,100949|203014|203029|203833|1628926,complete,playbyplay_inferred,1611661320,Los Angeles Sparks
Shot Chart Detail,1021800174,247,203833,Chelsea Gray,1611661313,New York Liberty,2,0,1,Missed Shot,Turnaround Jump Shot,2PT Field Goal,Mid-Range,Center(C),16-24 ft.,18,35,181,1,0,20180808,NYL,LAS,2018,1021800174247,11990,validated,,0,matched,playbyplayv2,1611661320,202250|203411|204320|204327|1628915,complete,playbyplay_inferred,100949|203014|203029|203833|1628926,complete,playbyplay_inferred,1611661320,Los Angeles Sparks
Shot Chart Detail,1021800174,270,203833,Chelsea Gray,1611661313,New York Liberty,3,8,45,Made Shot,Jump Shot,3PT Field Goal,Left Corner 3,Left Side(L),24+ ft.,23,-233,-18,1,1,20180808,NYL,LAS,2018,1021800174270,12750,validated,201496,1,matched,playbyplayv2,1611661320,202250|203411|204327|204329|1628915,complete,playbyplay_inferred,100949|201496|203014|203824|203833,complete,playbyplay_inferred,1611661320,Los Angeles Sparks
Shot Chart Detail,1021800174,274,203014,Nneka Ogwumike,1611661313,New York Liberty,3,8,15,Made Shot,Hook Shot,2PT Field Goal,In The Paint (Non-RA),Center(C),Less Than 8 ft.,4,-20,43,1,1,20180808,NYL,LAS,2018,1021800174274,13050,validated,100949,1,matched,playbyplayv2,1611661320,202250|203411|204327|204329|1628915,complete,playbyplay_inferred,100949|201496|203014|203824|203833,complete,playbyplay_inferred,1611661320,Los Angeles Sparks
Shot Chart Detail,1021800174,278,203824,Odyssey Sims,1611661313,New York Liberty,3,7,40,Missed Shot,Jump Shot,3PT Field Goal,Above the Break 3,Right Side(R),24+ ft.,22,220,66,1,0,20180808,NYL,LAS,2018,1021800174278,13400,validated,,0,matched,playbyplayv2,1611661320,202250|203411|204327|204329|1628915,complete,playbyplay_inferred,100949|201496|203014|203824|203833,complete,playbyplay_inferred,1611661320,Los Angeles Sparks
Shot Chart Detail,1021800174,287,100949,Alana Beard,1611661313,New York Liberty,3,7,12,Missed Shot,Jump Shot,2PT Field Goal,In The Paint (Non-RA),Center(C),8-16 ft.,13,54,120,1,0,20180808,NYL,LAS,2018,1021800174287,13680,validated,,0,matched,playbyplayv2,1611661320,202250|203411|204320|204327|1628915,complete,playbyplay_inferred,100949|201496|203014|203824|203833,complete,playbyplay_inferred,1611661320,Los Angeles Sparks
Shot Chart Detail,1021800174,291,100949,Alana Beard,1611661313,New York Liberty,3,6,44,Made Shot,Layup Shot,2PT Field Goal,Restricted Area,Center(C),Less Than 8 ft.,2,-21,6,1,1,20180808,NYL,LAS,2018,1021800174291,13960,validated,203014,1,matched,playbyplayv2,1611661320,202250|203411|204320|204327|1628915,complete,playbyplay_inferred,100949|201496|203014|203824|203833,complete,playbyplay_inferred,1611661320,Los Angeles Sparks
Shot Chart Detail,1021800174,295,100949,Alana Beard,1611661313,New York Liberty,3,6,10,Missed Shot,Layup Shot,2PT Field Goal,Restricted Area,Center(C),Less Than 8 ft.,2,-17,11,1,0,20180808,NYL,LAS,2018,1021800174295,14300,validated,,0,matched,playbyplayv2,1611661320,202250|203411|204320|204327|1628915,complete,playbyplay_inferred,100949|201496|203014|203824|203833,complete,playbyplay_inferred,1611661320,Los Angeles Sparks
Shot Chart Detail,1021800174,301,203014,Nneka Ogwumike,1611661313,New York Liberty,3,5,37,Missed Shot,Jump Shot,2PT Field Goal,Mid-Range,Right Side(R),8-16 ft.,15,151,2,1,0,20180808,NYL,LAS,2018,1021800174301,14630,validated,,0,matched,playbyplayv2,1611661320,202250|203411|204320|204327|1628915,complete,playbyplay_inferred,100949|201496|203014|203824|203833,complete,playbyplay_inferred,1611661320,Los Angeles Sparks
Shot Chart Detail,1021800174,315,100949,Alana Beard,1611661313,New York Liberty,3,4,44,Missed Shot,Layup Shot,2PT Field Goal,Restricted Area,Center(C),Less Than 8 ft.,2,15,15,1,0,20180808,NYL,LAS,2018,1021800174315,15160,validated,,0,matched,playbyplayv2,1611661320,202250|203411|204320|204327|1628915,complete,playbyplay_inferred,100949|201496|203014|203029|203833,complete,playbyplay_inferred,1611661320,Los Angeles Sparks
Shot Chart Detail,1021800174,336,203833,Chelsea Gray,1611661313,New York Liberty,3,3,45,Made Shot,Jump Shot,3PT Field Goal,Above the Break 3,Center(C),24+ ft.,24,-74,230,1,1,20180808,NYL,LAS,2018,1021800174336,15750,validated,203014,1,matched,playbyplayv2,1611661320,202250|203411|204320|204327|1628915,complete,playbyplay_inferred,201502|203014|203029|203833|1628926,complete,playbyplay_inferred,1611661320,Los Angeles Sparks
Shot Chart Detail,1021800174,343,201502,Essence Carson,1611661313,New York Liberty,3,3,0,Missed Shot,Jump Shot,2PT Field Goal,Mid-Range,Right Side(R),16-24 ft.,20,206,15,1,0,20180808,NYL,LAS,2018,1021800174343,16200,validated,,0,matched,playbyplayv2,1611661320,202250|203411|204320|204327|1628915,complete,playbyplay_inferred,201502|203014|203029|203833|1628926,complete,playbyplay_inferred,1611661320,Los Angeles Sparks
Shot Chart Detail,1021800174,353,1628317,Karlie Samuelson,1611661313,New York Liberty,3,2,29,Missed Shot,Jump Shot,3PT Field Goal,Above the Break 3,Left Side Center(LC),24+ ft.,24,-205,139,1,0,20180808,NYL,LAS,2018,1021800174353,16510,validated,,0,matched,playbyplayv2,1611661320,202250|203411|203829|204320|1628915,complete,playbyplay_inferred,201502|203014|203833|1628317|1628926,complete,playbyplay_inferred,1611661320,Los Angeles Sparks
Shot Chart Detail,1021800174,367,201496,Candace Parker,1611661313,New York Liberty,3,1,33,Made Shot,Jump Shot,3PT Field Goal,Above the Break 3,Left Side Center(LC),16-24 ft.,23,-99,211,1,1,20180808,NYL,LAS,2018,1021800174367,17070,validated,203824,1,matched,playbyplayv2,1611661320,202250|203411|203829|204296|204320,complete,playbyplay_inferred,201496|201502|203824|1628317|1628926,complete,playbyplay_inferred,1611661320,Los Angeles Sparks
Shot Chart Detail,1021800174,373,201496,Candace Parker,1611661313,New York Liberty,3,1,5,Missed Shot,Layup Shot,2PT Field Goal,Restricted Area,Center(C),Less Than 8 ft.,1,9,15,1,0,20180808,NYL,LAS,2018,1021800174373,17350,validated,,0,matched,playbyplayv2,1611661320,202250|203411|203829|204296|204320,complete,playbyplay_inferred,201496|201502|203824|1628317|1628926,complete,playbyplay_inferred,1611661320,Los Angeles Sparks
Shot Chart Detail,1021800174,378,201502,Essence Carson,1611661313,New York Liberty,3,0,50,Made Shot,Jump Shot,2PT Field Goal,Mid-Range,Right Side(R),8-16 ft.,13,135,11,1,1,20180808,NYL,LAS,2018,1021800174378,17500,validated,201496,1,matched,playbyplayv2,1611661320,202250|203411|203829|204296|204320,complete,playbyplay_inferred,201496|201502|203824|1628317|1628926,complete,playbyplay_inferred,1611661320,Los Angeles Sparks
Shot Chart Detail,1021800174,385,1628926,Maria Kliundikova,1611661313,New York Liberty,3,0,27,Missed Shot,Jump Shot,2PT Field Goal,In The Paint (Non-RA),Center(C),Less Than 8 ft.,6,-67,16,1,0,20180808,NYL,LAS,2018,1021800174385,17730,validated,,0,matched,playbyplayv2,1611661320,202250|203411|203829|204296|204329,complete,playbyplay_inferred,201496|201502|203824|1628317|1628926,complete,playbyplay_inferred,1611661320,Los Angeles Sparks
Shot Chart Detail,1021800174,388,201496,Candace Parker,1611661313,New York Liberty,3,0,24,Missed Shot,Layup Shot,2PT Field Goal,Restricted Area,Center(C),Less Than 8 ft.,2,12,17,1,0,20180808,NYL,LAS,2018,1021800174388,17760,validated,,0,matched,playbyplayv2,1611661320,202250|203411|203829|204296|204329,complete,playbyplay_inferred,201496|201502|203824|1628317|1628926,complete,playbyplay_inferred,1611661320,Los Angeles Sparks
Shot Chart Detail,1021800174,412,203833,Chelsea Gray,1611661313,New York Liberty,4,9,41,Made Shot,Jump Shot,3PT Field Goal,Above the Break 3,Left Side Center(LC),24+ ft.,24,-160,184,1,1,20180808,NYL,LAS,2018,1021800174412,18190,validated,201496,1,matched,playbyplayv2,1611661320,201889|203829|204296|204329|1628915,complete,playbyplay_inferred,100949|201496|201502|203014|203833,complete,playbyplay_inferred,1611661320,Los Angeles Sparks
Shot Chart Detail,1021800174,417,201502,Essence Carson,1611661313,New York Liberty,4,9,14,Missed Shot,Jump Shot,3PT Field Goal,Above the Break 3,Right Side Center(RC),24+ ft.,24,153,190,1,0,20180808,NYL,LAS,2018,1021800174417,18460,validated,,0,matched,playbyplayv2,1611661320,201889|203829|204296|204329|1628915,complete,playbyplay_inferred,100949|201496|201502|203014|203833,complete,playbyplay_inferred,1611661320,Los Angeles Sparks
Shot Chart Detail,1021800174,419,203833,Chelsea Gray,1611661313,New York Liberty,4,8,59,Missed Shot,Jump Shot,3PT Field Goal,Above the Break 3,Center(C),24+ ft.,25,9,257,1,0,20180808,NYL,LAS,2018,1021800174419,18610,validated,,0,matched,playbyplayv2,1611661320,201889|203829|204296|204329|1628915,complete,playbyplay_inferred,100949|201496|201502|203014|203833,complete,playbyplay_inferred,1611661320,Los Angeles Sparks
Shot Chart Detail,1021800174,426,203833,Chelsea Gray,1611661313,New York Liberty,4,8,11,Missed Shot,Step Back Jump shot,2PT Field Goal,Mid-Range,Right Side(R),8-16 ft.,12,96,81,1,0,20180808,NYL,LAS,2018,1021800174426,19090,validated,,0,matched,playbyplayv2,1611661320,201889|203829|204296|204329|1628915,complete,playbyplay_inferred,100949|201496|201502|203014|203833,complete,playbyplay_inferred,1611661320,Los Angeles Sparks
Shot Chart Detail,1021800174,436,201496,Candace Parker,1611661313,New York Liberty,4,7,20,Missed Shot,Jump Shot,2PT Field Goal,Mid-Range,Left Side(L),8-16 ft.,15,-159,16,1,0,20180808,NYL,LAS,2018,1021800174436,19600,validated,,0,matched,playbyplayv2,1611661320,201889|203829|204296|204329|1628915,complete,playbyplay_inferred,100949|201496|201502|203014|203833,complete,playbyplay_inferred,1611661320,Los Angeles Sparks
Shot Chart Detail,1021800174,438,100949,Alana Beard,1611661313,New York Liberty,4,7,18,Made Shot,Layup Shot,2PT Field Goal,Restricted Area,Center(C),Less Than 8 ft.,1,-14,2,1,1,20180808,NYL,LAS,2018,1021800174438,19620,validated,,0,matched,playbyplayv2,1611661320,201889|203829|204296|204329|1628915,complete,playbyplay_inferred,100949|201496|201502|203014|203833,complete,playbyplay_inferred,1611661320,Los Angeles Sparks
Shot Chart Detail,1021800174,441,203014,Nneka Ogwumike,1611661313,New York Liberty,4,6,44,Made Shot,Jump Shot,2PT Field Goal,In The Paint (Non-RA),Left Side(L),8-16 ft.,8,-70,53,1,1,20180808,NYL,LAS,2018,1021800174441,19960,validated,,0,matched,playbyplayv2,1611661320,201889|203829|204296|204329|1628915,complete,playbyplay_inferred,100949|201496|201502|203014|203833,complete,playbyplay_inferred,1611661320,Los Angeles Sparks
Shot Chart Detail,1021800174,451,201496,Candace Parker,1611661313,New York Liberty,4,6,2,Made Shot,Driving Layup Shot,2PT Field Goal,Restricted Area,Center(C),Less Than 8 ft.,2,13,18,1,1,20180808,NYL,LAS,2018,1021800174451,20380,validated,,0,matched,playbyplayv2,1611661320,201889|202250|203829|204296|1628915,complete,playbyplay_inferred,100949|201496|201502|203014|203833,complete,playbyplay_inferred,1611661320,Los Angeles Sparks
Shot Chart Detail,1021800174,465,201496,Candace Parker,1611661313,New York Liberty,4,5,7,Missed Shot,Jump Shot,3PT Field Goal,Above the Break 3,Left Side Center(LC),24+ ft.,24,-114,214,1,0,20180808,NYL,LAS,2018,1021800174465,20930,validated,,0,matched,playbyplayv2,1611661320,202250|203829|204296|204320|1628915,complete,playbyplay_inferred,201496|201502|203014|203029|203833,complete,playbyplay_inferred,1611661320,Los Angeles Sparks
Shot Chart Detail,1021800174,467,203029,Riquna Williams,1611661313,New York Liberty,4,4,54,Missed Shot,Jump Shot,3PT Field Goal,Above the Break 3,Left Side(L),24+ ft.,23,-234,33,1,0,20180808,NYL,LAS,2018,1021800174467,21060,validated,,0,matched,playbyplayv2,1611661320,202250|203829|204296|204320|1628915,complete,playbyplay_inferred,201496|201502|203014|203029|203833,complete,playbyplay_inferred,1611661320,Los Angeles Sparks
Shot Chart Detail,1021800174,471,203014,Nneka Ogwumike,1611661313,New York Liberty,4,4,18,Made Shot,Driving Layup Shot,2PT Field Goal,Restricted Area,Center(C),Less Than 8 ft.,1,12,12,1,1,20180808,NYL,LAS,2018,1021800174471,21420,validated,,0,matched,playbyplayv2,1611661320,202250|203829|204296|204320|1628915,complete,playbyplay_inferred,201496|201502|203014|203029|203833,complete,playbyplay_inferred,1611661320,Los Angeles Sparks
Shot Chart Detail,1021800174,478,203014,Nneka Ogwumike,1611661313,New York Liberty,4,3,35,Missed Shot,Layup Shot,2PT Field Goal,In The Paint (Non-RA),Center(C),Less Than 8 ft.,5,0,53,1,0,20180808,NYL,LAS,2018,1021800174478,21850,validated,,0,matched,playbyplayv2,1611661320,202250|203829|204320|204327|1628915,complete,playbyplay_inferred,201496|201502|203014|203029|203833,complete,playbyplay_inferred,1611661320,Los Angeles Sparks
Shot Chart Detail,1021800174,485,203833,Chelsea Gray,1611661313,New York Liberty,4,3,2,Missed Shot,Jump Shot,3PT Field Goal,Above the Break 3,Left Side Center(LC),24+ ft.,25,-130,222,1,0,20180808,NYL,LAS,2018,1021800174485,22180,validated,,0,matched,playbyplayv2,1611661320,202250|203829|204320|204327|1628915,complete,playbyplay_inferred,201496|201502|203014|203029|203833,complete,playbyplay_inferred,1611661320,Los Angeles Sparks
Shot Chart Detail,1021800174,491,203029,Riquna Williams,1611661313,New York Liberty,4,2,19,Made Shot,Jump Shot,3PT Field Goal,Above the Break 3,Right Side Center(RC),24+ ft.,25,193,160,1,1,20180808,NYL,LAS,2018,1021800174491,22610,validated,203833,1,matched,playbyplayv2,1611661320,202250|203829|204320|204327|1628915,complete,playbyplay_inferred,201496|201502|203014|203029|203833,complete,playbyplay_inferred,1611661320,Los Angeles Sparks
Shot Chart Detail,1021800174,495,201502,Essence Carson,1611661313,New York Liberty,4,1,36,Made Shot,Jump Shot,3PT Field Goal,Above the Break 3,Left Side(L),24+ ft.,23,-232,40,1,1,20180808,NYL,LAS,2018,1021800174495,23040,validated,203014,1,matched,playbyplayv2,1611661320,202250|203829|204320|204327|1628915,complete,playbyplay_inferred,201496|201502|203014|203029|203833,complete,playbyplay_inferred,1611661320,Los Angeles Sparks
Shot Chart Detail,1021800174,503,203833,Chelsea Gray,1611661313,New York Liberty,4,0,58,Missed Shot,Jump Shot,3PT Field Goal,Above the Break 3,Center(C),24+ ft.,24,-25,240,1,0,20180808,NYL,LAS,2018,1021800174503,23420,validated,,0,matched,playbyplayv2,1611661320,202250|203411|203829|204320|1628915,complete,playbyplay_inferred,100949|201496|201502|203014|203833,complete,playbyplay_inferred,1611661320,Los Angeles Sparks
Shot Chart Detail,1021800174,507,203833,Chelsea Gray,1611661313,New York Liberty,4,0,20,Missed Shot,Jump Shot,2PT Field Goal,Mid-Range,Center(C),16-24 ft.,20,37,200,1,0,20180808,NYL,LAS,2018,1021800174507,23800,validated,,0,matched,playbyplayv2,1611661320,202250|203411|203829|204320|1628915,complete,playbyplay_inferred,100949|201496|201502|203014|203833,complete,playbyplay_inferred,1611661320,Los Angeles Sparks
Shot Chart Detail,1021800183,7,201904,Renee Montgomery,1611661313,New York Liberty,1,9,45,Missed Shot,Jump Shot,3PT Field Goal,Above the Break 3,Right Side Center(RC),24+ ft.,25,167,197,1,0,20180812,NYL,ATL,2018,10218001837,150,validated,,0,matched,playbyplayv2,1611661330,201913|202250|203411|204327|1628915,complete,playbyplay_inferred,201904|202638|203026|204322|1628279,complete,playbyplay_inferred,1611661330,Atlanta Dream
Shot Chart Detail,1021800183,11,1628279,Brittney Sykes,1611661313,New York Liberty,1,9,15,Missed Shot,Jump Shot,2PT Field Goal,Mid-Range,Right Side Center(RC),16-24 ft.,18,78,170,1,0,20180812,NYL,ATL,2018,102180018311,450,validated,,0,matched,playbyplayv2,1611661330,201913|202250|203411|204327|1628915,complete,playbyplay_inferred,201904|202638|203026|204322|1628279,complete,playbyplay_inferred,1611661330,Atlanta Dream
Shot Chart Detail,1021800183,15,203026,Tiffany Hayes,1611661313,New York Liberty,1,8,54,Missed Shot,Jump Shot,3PT Field Goal,Above the Break 3,Left Side Center(LC),24+ ft.,25,-185,181,1,0,20180812,NYL,ATL,2018,102180018315,660,validated,,0,matched,playbyplayv2,1611661330,201913|202250|203411|204327|1628915,complete,playbyplay_inferred,201904|202638|203026|204322|1628279,complete,playbyplay_inferred,1611661330,Atlanta Dream
Shot Chart Detail,1021800183,19,202638,Jessica Breland,1611661313,New York Liberty,1,8,28,Missed Shot,Jump Shot,2PT Field Goal,Mid-Range,Left Side Center(LC),16-24 ft.,20,-149,138,1,0,20180812,NYL,ATL,2018,102180018319,920,validated,,0,matched,playbyplayv2,1611661330,201913|202250|203411|204327|1628915,complete,playbyplay_inferred,201904|202638|203026|204322|1628279,complete,playbyplay_inferred,1611661330,Atlanta Dream
Shot Chart Detail,1021800183,22,201904,Renee Montgomery,1611661313,New York Liberty,1,8,7,Missed Shot,Jump Shot,2PT Field Goal,Mid-Range,Right Side Center(RC),16-24 ft.,20,79,188,1,0,20180812,NYL,ATL,2018,102180018322,1130,validated,,0,matched,playbyplayv2,1611661330,201913|202250|203411|204327|1628915,complete,playbyplay_inferred,201904|202638|203026|204322|1628279,complete,playbyplay_inferred,1611661330,Atlanta Dream
Shot Chart Detail,1021800183,31,203026,Tiffany Hayes,1611661313,New York Liberty,1,7,32,Missed Shot,Jump Shot,2PT Field Goal,Mid-Range,Right Side Center(RC),16-24 ft.,21,74,200,1,0,20180812,NYL,ATL,2018,102180018331,1480,validated,,0,matched,playbyplayv2,1611661330,201913|202250|203411|204327|1628915,complete,playbyplay_inferred,201904|202638|203026|204322|1628279,complete,playbyplay_inferred,1611661330,Atlanta Dream
Shot Chart Detail,1021800183,35,202638,Jessica Breland,1611661313,New York Liberty,1,7,6,Missed Shot,Jump Shot,2PT Field Goal,In The Paint (Non-RA),Center(C),8-16 ft.,12,4,129,1,0,20180812,NYL,ATL,2018,102180018335,1740,validated,,0,matched,playbyplayv2,1611661330,201913|202250|203411|204327|1628915,complete,playbyplay_inferred,201904|202638|203026|204322|1628279,complete,playbyplay_inferred,1611661330,Atlanta Dream
Shot Chart Detail,1021800183,39,203026,Tiffany Hayes,1611661313,New York Liberty,1,6,35,Missed Shot,Jump Shot,3PT Field Goal,Above the Break 3,Center(C),24+ ft.,23,37,237,1,0,20180812,NYL,ATL,2018,102180018339,2050,validated,,0,matched,playbyplayv2,1611661330,201913|202250|203411|204327|1628915,complete,playbyplay_inferred,201904|202638|203026|204322|1628279,complete,playbyplay_inferred,1611661330,Atlanta Dream
Shot Chart Detail,1021800183,51,203026,Tiffany Hayes,1611661313,New York Liberty,1,5,54,Missed Shot,Jump Shot,2PT Field Goal,In The Paint (Non-RA),Center(C),8-16 ft.,11,0,114,1,0,20180812,NYL,ATL,2018,102180018351,2460,validated,,0,matched,playbyplayv2,1611661330,201913|202250|203411|204296|204327,complete,playbyplay_inferred,201904|202638|203026|204322|1628279,complete,playbyplay_inferred,1611661330,Atlanta Dream
Shot Chart Detail,1021800183,57,203026,Tiffany Hayes,1611661313,New York Liberty,1,5,26,Made Shot,Jump Shot,3PT Field Goal,Above the Break 3,Right Side Center(RC),24+ ft.,25,153,210,1,1,20180812,NYL,ATL,2018,102180018357,2740,validated,1628279,1,matched,playbyplayv2,1611661330,201913|202250|203411|204296|204327,complete,playbyplay_inferred,201904|202638|203026|204322|1628279,complete,playbyplay_inferred,1611661330,Atlanta Dream
Shot Chart Detail,1021800183,64,201904,Renee Montgomery,1611661313,New York Liberty,1,4,55,Made Shot,Jump Shot,3PT Field Goal,Right Corner 3,Right Side(R),24+ ft.,23,232,6,1,1,20180812,NYL,ATL,2018,102180018364,3050,validated,204322,1,matched,playbyplayv2,1611661330,201913|202250|203411|204296|204327,complete,playbyplay_inferred,201904|202638|203410|204322|1628279,complete,playbyplay_inferred,1611661330,Atlanta Dream
Shot Chart Detail,1021800183,68,201904,Renee Montgomery,1611661313,New York Liberty,1,4,25,Missed Shot,Jump Shot,3PT Field Goal,Above the Break 3,Center(C),16-24 ft.,23,-65,222,1,0,20180812,NYL,ATL,2018,102180018368,3350,validated,,0,matched,playbyplayv2,1611661330,201913|202250|203411|204296|204327,complete,playbyplay_inferred,201904|202638|203410|204322|1628279,complete,playbyplay_inferred,1611661330,Atlanta Dream
Shot Chart Detail,1021800183,73,1628279,Brittney Sykes,1611661313,New York Liberty,1,3,47,Made Shot,Jump Shot,3PT Field Goal,Above the Break 3,Left Side Center(LC),16-24 ft.,23,-105,213,1,1,20180812,NYL,ATL,2018,102180018373,3730,validated,201904,1,matched,playbyplayv2,1611661330,201913|202250|203411|204296|204327,complete,playbyplay_inferred,201904|202638|203410|204322|1628279,complete,playbyplay_inferred,1611661330,Atlanta Dream
Shot Chart Detail,1021800183,77,1628279,Brittney Sykes,1611661313,New York Liberty,1,3,24,Made Shot,Driving Layup Shot,2PT Field Goal,In The Paint (Non-RA),Center(C),Less Than 8 ft.,7,20,75,1,1,20180812,NYL,ATL,2018,102180018377,3960,validated,,0,matched,playbyplayv2,1611661330,201913|202250|203411|204296|204327,complete,playbyplay_inferred,201904|202638|203410|204322|1628279,complete,playbyplay_inferred,1611661330,Atlanta Dream
Shot Chart Detail,1021800183,80,202638,Jessica Breland,1611661313,New York Liberty,1,2,55,Made Shot,Jump Shot,2PT Field Goal,Mid-Range,Left Side(L),8-16 ft.,13,-139,-7,1,1,20180812,NYL,ATL,2018,102180018380,4250,validated,1628279,1,matched,playbyplayv2,1611661330,201913|202250|203411|204296|204327,complete,playbyplay_inferred,201904|202638|203410|204322|1628279,complete,playbyplay_inferred,1611661330,Atlanta Dream
Shot Chart Detail,1021800183,101,203410,Alex Bentley,1611661313,New York Liberty,1,1,39,Missed Shot,Floating Jump shot,2PT Field Goal,In The Paint (Non-RA),Center(C),8-16 ft.,13,-50,129,1,0,20180812,NYL,ATL,2018,1021800183101,5010,validated,,0,matched,playbyplayv2,1611661330,202250|203829|204296|204327|204329,complete,playbyplay_inferred,203410|204355|1627677|1628279|1628881,complete,playbyplay_inferred,1611661330,Atlanta Dream
Shot Chart Detail,1021800183,106,203410,Alex Bentley,1611661313,New York Liberty,1,1,6,Missed Shot,Pullup Jump shot,2PT Field Goal,Mid-Range,Left Side(L),8-16 ft.,14,-141,-15,1,0,20180812,NYL,ATL,2018,1021800183106,5340,validated,,0,matched,playbyplayv2,1611661330,202250|203829|204296|204327|204329,complete,playbyplay_inferred,203410|204355|1627677|1628279|1628881,complete,playbyplay_inferred,1611661330,Atlanta Dream
Shot Chart Detail,1021800183,119,203410,Alex Bentley,1611661313,New York Liberty,1,0,7,Missed Shot,Jump Shot,3PT Field Goal,Above the Break 3,Center(C),24+ ft.,25,-61,243,1,0,20180812,NYL,ATL,2018,1021800183119,5930,validated,,0,matched,playbyplayv2,1611661330,202250|203829|204296|204327|204329,complete,playbyplay_inferred,203410|204355|1627677|1628279|1628881,complete,playbyplay_inferred,1611661330,Atlanta Dream
Shot Chart Detail,1021800183,129,1627677,Imani McGee-Stafford,1611661313,New York Liberty,2,9,34,Missed Shot,Driving Layup Shot,2PT Field Goal,Restricted Area,Center(C),Less Than 8 ft.,2,14,26,1,0,20180812,NYL,ATL,2018,1021800183129,6260,validated,,0,matched,playbyplayv2,1611661330,202250|203411|203829|204296|204329,complete,playbyplay_inferred,203410|204355|1627677|1628279|1628881,complete,playbyplay_inferred,1611661330,Atlanta Dream
Shot Chart Detail,1021800183,135,203410,Alex Bentley,1611661313,New York Liberty,2,9,14,Made Shot,Driving Layup Shot,2PT Field Goal,Restricted Area,Center(C),Less Than 8 ft.,2,-24,15,1,1,20180812,NYL,ATL,2018,1021800183135,6460,validated,1627677,1,matched,playbyplayv2,1611661330,202250|203411|203829|204296|204329,complete,playbyplay_inferred,203410|204355|1627677|1628279|1628881,complete,playbyplay_inferred,1611661330,Atlanta Dream
Shot Chart Detail,1021800183,139,204355,Blake Dietrick,1611661313,New York Liberty,2,8,40,Missed Shot,Jump Shot,3PT Field Goal,Above the Break 3,Right Side(R),24+ ft.,23,225,60,1,0,20180812,NYL,ATL,2018,1021800183139,6800,validated,,0,matched,playbyplayv2,1611661330,202250|203411|203829|204296|204329,complete,playbyplay_inferred,203410|204355|1627677|1628279|1628881,complete,playbyplay_inferred,1611661330,Atlanta Dream
Shot Chart Detail,1021800183,147,1627677,Imani McGee-Stafford,1611661313,New York Liberty,2,8,12,Missed Shot,Layup Shot,2PT Field Goal,Mid-Range,Right Side(R),8-16 ft.,9,97,1,1,0,20180812,NYL,ATL,2018,1021800183147,7080,validated,,0,matched,playbyplayv2,1611661330,202250|203411|203829|204296|204329,complete,playbyplay_inferred,203410|204355|1627677|1628279|1628881,complete,playbyplay_inferred,1611661330,Atlanta Dream
Shot Chart Detail,1021800183,151,203410,Alex Bentley,1611661313,New York Liberty,2,7,44,Missed Shot,Jump Shot,3PT Field Goal,Above the Break 3,Right Side Center(RC),24+ ft.,25,171,184,1,0,20180812,NYL,ATL,2018,1021800183151,7360,validated,,0,matched,playbyplayv2,1611661330,202250|203411|203829|204296|204329,complete,playbyplay_inferred,203410|204355|1627677|1628279|1628881,complete,playbyplay_inferred,1611661330,Atlanta Dream
Shot Chart Detail,1021800183,164,201904,Renee Montgomery,1611661313,New York Liberty,2,7,7,Missed Shot,Jump Shot,3PT Field Goal,Above the Break 3,Left Side Center(LC),24+ ft.,23,-147,188,1,0,20180812,NYL,ATL,2018,1021800183164,7730,validated,,0,matched,playbyplayv2,1611661330,202250|203411|203829|204296|204329,complete,playbyplay_inferred,201904|202638|203026|203410|204322,complete,playbyplay_inferred,1611661330,Atlanta Dream
Shot Chart Detail,1021800183,170,203026,Tiffany Hayes,1611661313,New York Liberty,2,6,46,Missed Shot,Driving Layup Shot,2PT Field Goal,In The Paint (Non-RA),Center(C),Less Than 8 ft.,4,-36,18,1,0,20180812,NYL,ATL,2018,1021800183170,7940,validated,,0,matched,playbyplayv2,1611661330,202250|203411|203829|204296|204329,complete,playbyplay_inferred,201904|202638|203026|203410|204322,complete,playbyplay_inferred,1611661330,Atlanta Dream
Shot Chart Detail,1021800183,178,204322,Elizabeth Williams,1611661313,New York Liberty,2,5,58,Made Shot,Cutting Layup Shot,2PT Field Goal,Restricted Area,Center(C),Less Than 8 ft.,1,12,15,1,1,20180812,NYL,ATL,2018,1021800183178,8420,validated,202638,1,matched,playbyplayv2,1611661330,202250|203411|203829|204296|204329,complete,playbyplay_inferred,201904|202638|203026|203410|204322,complete,playbyplay_inferred,1611661330,Atlanta Dream
Shot Chart Detail,1021800183,182,203410,Alex Bentley,1611661313,New York Liberty,2,5,35,Missed Shot,Jump Shot,3PT Field Goal,Above the Break 3,Right Side Center(RC),24+ ft.,24,129,210,1,0,20180812,NYL,ATL,2018,1021800183182,8650,validated,,0,matched,playbyplayv2,1611661330,202250|203411|203829|204296|204329,complete,playbyplay_inferred,201904|202638|203026|203410|204322,complete,playbyplay_inferred,1611661330,Atlanta Dream
Shot Chart Detail,1021800183,184,202638,Jessica Breland,1611661313,New York Liberty,2,5,28,Missed Shot,Driving Layup Shot,2PT Field Goal,Restricted Area,Center(C),Less Than 8 ft.,1,9,9,1,0,20180812,NYL,ATL,2018,1021800183184,8720,validated,,0,matched,playbyplayv2,1611661330,202250|203411|203829|204296|204329,complete,playbyplay_inferred,201904|202638|203026|203410|204322,complete,playbyplay_inferred,1611661330,Atlanta Dream
Shot Chart Detail,1021800183,203,203026,Tiffany Hayes,1611661313,New York Liberty,2,4,46,Made Shot,Driving Finger Roll Layup Shot,2PT Field Goal,Restricted Area,Center(C),Less Than 8 ft.,3,-14,36,1,1,20180812,NYL,ATL,2018,1021800183203,9140,validated,,0,matched,playbyplayv2,1611661330,201913|202250|203829|204327|1628915,complete,playbyplay_inferred,201904|202638|203026|203410|204322,complete,playbyplay_inferred,1611661330,Atlanta Dream
Shot Chart Detail,1021800183,208,202638,Jessica Breland,1611661313,New York Liberty,2,4,19,Missed Shot,Layup Shot,2PT Field Goal,In The Paint (Non-RA),Center(C),Less Than 8 ft.,5,-53,15,1,0,20180812,NYL,ATL,2018,1021800183208,9410,validated,,0,matched,playbyplayv2,1611661330,201913|202250|203829|204327|1628915,complete,playbyplay_inferred,201904|202638|203026|203410|204322,complete,playbyplay_inferred,1611661330,Atlanta Dream
Shot Chart Detail,1021800183,211,202638,Jessica Breland,1611661313,New York Liberty,2,4,10,Made Shot,Layup Shot,2PT Field Goal,Restricted Area,Center(C),Less Than 8 ft.,2,19,10,1,1,20180812,NYL,ATL,2018,1021800183211,9500,validated,,0,matched,playbyplayv2,1611661330,201913|202250|203829|204327|1628915,complete,playbyplay_inferred,201904|202638|203026|203410|204322,complete,playbyplay_inferred,1611661330,Atlanta Dream
Shot Chart Detail,1021800183,216,203026,Tiffany Hayes,1611661313,New York Liberty,2,3,34,Missed Shot,Jump Shot,3PT Field Goal,Above the Break 3,Center(C),16-24 ft.,23,-25,235,1,0,20180812,NYL,ATL,2018,1021800183216,9860,validated,,0,matched,playbyplayv2,1611661330,201913|202250|203829|204327|1628915,complete,playbyplay_inferred,201904|202638|203026|203410|204322,complete,playbyplay_inferred,1611661330,Atlanta Dream
Shot Chart Detail,1021800183,220,203026,Tiffany Hayes,1611661313,New York Liberty,2,3,10,Missed Shot,Layup Shot,2PT Field Goal,In The Paint (Non-RA),Center(C),Less Than 8 ft.,4,4,40,1,0,20180812,NYL,ATL,2018,1021800183220,10100,validated,,0,matched,playbyplayv2,1611661330,201913|202250|203829|204327|1628915,complete,playbyplay_inferred,201904|202638|203026|203410|204322,complete,playbyplay_inferred,1611661330,Atlanta Dream
Shot Chart Detail,1021800183,231,202638,Jessica Breland,1611661313,New York Liberty,2,2,49,Missed Shot,Layup Shot,2PT Field Goal,In The Paint (Non-RA),Center(C),Less Than 8 ft.,5,12,49,1,0,20180812,NYL,ATL,2018,1021800183231,10310,validated,,0,matched,playbyplayv2,1611661330,201913|202250|203829|204327|1628915,complete,playbyplay_inferred,201904|202638|203026|1627677|1628279,complete,playbyplay_inferred,1611661330,Atlanta Dream
Shot Chart Detail,1021800183,234,201904,Renee Montgomery,1611661313,New York Liberty,2,2,27,Made Shot,Pullup Jump shot,2PT Field Goal,Mid-Range,Center(C),16-24 ft.,16,24,163,1,1,20180812,NYL,ATL,2018,1021800183234,10530,validated,,0,matched,playbyplayv2,1611661330,201913|202250|203829|204327|1628915,complete,playbyplay_inferred,201904|202638|203026|1627677|1628279,complete,playbyplay_inferred,1611661330,Atlanta Dream
Shot Chart Detail,1021800183,237,203026,Tiffany Hayes,1611661313,New York Liberty,2,2,8,Missed Shot,Driving Layup Shot,2PT Field Goal,Restricted Area,Center(C),Less Than 8 ft.,3,-17,28,1,0,20180812,NYL,ATL,2018,1021800183237,10720,validated,,0,matched,playbyplayv2,1611661330,201913|202250|203829|204327|1628915,complete,playbyplay_inferred,201904|202638|203026|1627677|1628279,complete,playbyplay_inferred,1611661330,Atlanta Dream
Shot Chart Detail,1021800183,239,202638,Jessica Breland,1611661313,New York Liberty,2,2,5,Made Shot,Putback Layup Shot,2PT Field Goal,Restricted Area,Center(C),Less Than 8 ft.,0,8,5,1,1,20180812,NYL,ATL,2018,1021800183239,10750,validated,,0,matched,playbyplayv2,1611661330,201913|202250|203829|204327|1628915,complete,playbyplay_inferred,201904|202638|203026|1627677|1628279,complete,playbyplay_inferred,1611661330,Atlanta Dream
Shot Chart Detail,1021800183,255,201904,Renee Montgomery,1611661313,New York Liberty,2,0,34,Missed Shot,Pullup Jump shot,2PT Field Goal,Mid-Range,Right Side Center(RC),16-24 ft.,16,97,138,1,0,20180812,NYL,ATL,2018,1021800183255,11660,validated,,0,matched,playbyplayv2,1611661330,201913|202250|203829|204327|1628915,complete,playbyplay_inferred,201904|202638|203026|1627677|1628279,complete,playbyplay_inferred,1611661330,Atlanta Dream
Shot Chart Detail,1021800183,262,203026,Tiffany Hayes,1611661313,New York Liberty,2,0,1,Made Shot,Jump Shot,2PT Field Goal,Mid-Range,Left Side Center(LC),16-24 ft.,18,-122,140,1,1,20180812,NYL,ATL,2018,1021800183262,11990,validated,1627677,1,matched,playbyplayv2,1611661330,201913|202250|203829|204327|1628915,complete,playbyplay_inferred,201904|202638|203026|1627677|1628279,complete,playbyplay_inferred,1611661330,Atlanta Dream
Shot Chart Detail,1021800183,273,1628279,Brittney Sykes,1611661313,New York Liberty,3,9,30,Missed Shot,Jump Shot,3PT Field Goal,Left Corner 3,Left Side(L),24+ ft.,23,-234,27,1,0,20180812,NYL,ATL,2018,1021800183273,12300,validated,,0,matched,playbyplayv2,1611661330,201913|202250|203411|204327|1628915,complete,playbyplay_inferred,201904|202638|203026|204322|1628279,complete,playbyplay_inferred,1611661330,Atlanta Dream
Shot Chart Detail,1021800183,277,201904,Renee Montgomery,1611661313,New York Liberty,3,8,52,Made Shot,Jump Shot,3PT Field Goal,Above the Break 3,Left Side Center(LC),24+ ft.,24,-102,222,1,1,20180812,NYL,ATL,2018,1021800183277,12680,validated,,0,matched,playbyplayv2,1611661330,201913|202250|203411|204327|1628915,complete,playbyplay_inferred,201904|202638|203026|204322|1628279,complete,playbyplay_inferred,1611661330,Atlanta Dream
Shot Chart Detail,1021800183,280,1628279,Brittney Sykes,1611661313,New York Liberty,3,8,24,Made Shot,Driving Floating Jump Shot,2PT Field Goal,Mid-Range,Left Side(L),8-16 ft.,13,-89,98,1,1,20180812,NYL,ATL,2018,1021800183280,12960,validated,,0,matched,playbyplayv2,1611661330,201913|202250|203411|204327|1628915,complete,playbyplay_inferred,201904|202638|203026|204322|1628279,complete,playbyplay_inferred,1611661330,Atlanta Dream
Shot Chart Detail,1021800183,285,201904,Renee Montgomery,1611661313,New York Liberty,3,8,0,Made Shot,Jump Shot,3PT Field Goal,Above the Break 3,Right Side Center(RC),24+ ft.,24,85,229,1,1,20180812,NYL,ATL,2018,1021800183285,13200,validated,,0,matched,playbyplayv2,1611661330,201913|202250|203411|204327|1628915,complete,playbyplay_inferred,201904|202638|203026|204322|1628279,complete,playbyplay_inferred,1611661330,Atlanta Dream
Shot Chart Detail,1021800183,299,201904,Renee Montgomery,1611661313,New York Liberty,3,7,22,Made Shot,Jump Shot,3PT Field Goal,Above the Break 3,Left Side Center(LC),24+ ft.,25,-160,202,1,1,20180812,NYL,ATL,2018,1021800183299,13580,validated,1628279,1,matched,playbyplayv2,1611661330,201913|202250|203411|203829|1628915,complete,playbyplay_inferred,201904|202638|203026|204322|1628279,complete,playbyplay_inferred,1611661330,Atlanta Dream
Shot Chart Detail,1021800183,305,202638,Jessica Breland,1611661313,New York Liberty,3,6,39,Made Shot,Jump Shot,2PT Field Goal,Mid-Range,Center(C),16-24 ft.,19,5,199,1,1,20180812,NYL,ATL,2018,1021800183305,14010,validated,204322,1,matched,playbyplayv2,1611661330,201913|202250|203411|203829|1628915,complete,playbyplay_inferred,201904|202638|203026|204322|1628279,complete,playbyplay_inferred,1611661330,Atlanta Dream
Shot Chart Detail,1021800183,309,202638,Jessica Breland,1611661313,New York Liberty,3,6,5,Made Shot,Jump Shot,2PT Field Goal,Mid-Range,Left Side Center(LC),16-24 ft.,20,-97,184,1,1,20180812,NYL,ATL,2018,1021800183309,14350,validated,1628279,1,matched,playbyplayv2,1611661330,201913|202250|203411|203829|1628915,complete,playbyplay_inferred,201904|202638|203026|204322|1628279,complete,playbyplay_inferred,1611661330,Atlanta Dream
Shot Chart Detail,1021800183,313,201904,Renee Montgomery,1611661313,New York Liberty,3,5,36,Made Shot,Jump Shot,3PT Field Goal,Above the Break 3,Center(C),24+ ft.,25,-25,254,1,1,20180812,NYL,ATL,2018,1021800183313,14640,validated,,0,matched,playbyplayv2,1611661330,201913|202250|203411|203829|1628915,complete,playbyplay_inferred,201904|202638|203026|204322|1628279,complete,playbyplay_inferred,1611661330,Atlanta Dream
Shot Chart Detail,1021800183,325,1628279,Brittney Sykes,1611661313,New York Liberty,3,4,33,Missed Shot,Jump Shot,3PT Field Goal,Above the Break 3,Left Side Center(LC),24+ ft.,23,-202,126,1,0,20180812,NYL,ATL,2018,1021800183325,15270,validated,,0,matched,playbyplayv2,1611661330,202250|203411|203829|204329|1628915,complete,playbyplay_inferred,201904|202638|203026|204322|1628279,complete,playbyplay_inferred,1611661330,Atlanta Dream
Shot Chart Detail,1021800183,337,204322,Elizabeth Williams,1611661313,New York Liberty,3,4,1,Made Shot,Layup Shot,2PT Field Goal,Restricted Area,Center(C),Less Than 8 ft.,2,22,4,1,1,20180812,NYL,ATL,2018,1021800183337,15590,validated,201904,1,matched,playbyplayv2,1611661330,202250|203411|203829|204296|204329,complete,playbyplay_inferred,201904|202638|203026|204322|1628279,complete,playbyplay_inferred,1611661330,Atlanta Dream
Shot Chart Detail,1021800183,342,202638,Jessica Breland,1611661313,New York Liberty,3,3,23,Made Shot,Jump Shot,2PT Field Goal,Mid-Range,Right Side(R),16-24 ft.,16,161,13,1,1,20180812,NYL,ATL,2018,1021800183342,15970,validated,201904,1,matched,playbyplayv2,1611661330,202250|203411|203829|204296|204329,complete,playbyplay_inferred,201904|202638|203026|204322|1628279,complete,playbyplay_inferred,1611661330,Atlanta Dream
Shot Chart Detail,1021800183,346,201904,Renee Montgomery,1611661313,New York Liberty,3,3,6,Missed Shot,Jump Shot,3PT Field Goal,Above the Break 3,Center(C),24+ ft.,24,67,233,1,0,20180812,NYL,ATL,2018,1021800183346,16140,validated,,0,matched,playbyplayv2,1611661330,202250|203411|203829|204296|204329,complete,playbyplay_inferred,201904|202638|203026|204322|1628279,complete,playbyplay_inferred,1611661330,Atlanta Dream
Shot Chart Detail,1021800183,355,201904,Renee Montgomery,1611661313,New York Liberty,3,2,31,Made Shot,Jump Shot,3PT Field Goal,Above the Break 3,Right Side Center(RC),16-24 ft.,23,171,158,1,1,20180812,NYL,ATL,2018,1021800183355,16490,validated,203026,1,matched,playbyplayv2,1611661330,202250|203411|203829|204296|204329,complete,playbyplay_inferred,201904|202638|203026|203410|204322,complete,playbyplay_inferred,1611661330,Atlanta Dream
Shot Chart Detail,1021800183,359,201904,Renee Montgomery,1611661313,New York Liberty,3,1,57,Missed Shot,Driving Layup Shot,2PT Field Goal,Restricted Area,Center(C),Less Than 8 ft.,2,19,12,1,0,20180812,NYL,ATL,2018,1021800183359,16830,validated,,0,matched,playbyplayv2,1611661330,202250|203411|203829|204296|204329,complete,playbyplay_inferred,201904|202638|203026|203410|204322,complete,playbyplay_inferred,1611661330,Atlanta Dream
Shot Chart Detail,1021800183,363,203026,Tiffany Hayes,1611661313,New York Liberty,3,1,27,Missed Shot,Driving Layup Shot,2PT Field Goal,Restricted Area,Center(C),Less Than 8 ft.,3,-26,25,1,0,20180812,NYL,ATL,2018,1021800183363,17130,validated,,0,matched,playbyplayv2,1611661330,202250|203411|203829|204296|204329,complete,playbyplay_inferred,201904|202638|203026|203410|204322,complete,playbyplay_inferred,1611661330,Atlanta Dream
Shot Chart Detail,1021800183,373,202638,Jessica Breland,1611661313,New York Liberty,3,0,55,Made Shot,Jump Shot,2PT Field Goal,Mid-Range,Right Side Center(RC),16-24 ft.,22,81,205,1,1,20180812,NYL,ATL,2018,1021800183373,17450,validated,203026,1,matched,playbyplayv2,1611661330,202250|203829|204296|204327|204329,complete,playbyplay_inferred,201904|202638|203026|203410|1627677,complete,playbyplay_inferred,1611661330,Atlanta Dream
Shot Chart Detail,1021800183,381,202638,Jessica Breland,1611661313,New York Liberty,3,0,11,Missed Shot,Jump Shot,2PT Field Goal,In The Paint (Non-RA),Center(C),8-16 ft.,15,78,136,1,0,20180812,NYL,ATL,2018,1021800183381,17890,validated,,0,matched,playbyplayv2,1611661330,202250|203829|204296|204327|204329,complete,playbyplay_inferred,201904|202638|203026|203410|1627677,complete,playbyplay_inferred,1611661330,Atlanta Dream
Shot Chart Detail,1021800183,384,201904,Renee Montgomery,1611661313,New York Liberty,3,0,1,Missed Shot,Jump Shot,3PT Field Goal,Above the Break 3,Center(C),24+ ft.,26,-31,260,1,0,20180812,NYL,ATL,2018,1021800183384,17990,validated,,0,matched,playbyplayv2,1611661330,202250|203829|204296|204327|204329,complete,playbyplay_inferred,201904|202638|203026|203410|1627677,complete,playbyplay_inferred,1611661330,Atlanta Dream
Shot Chart Detail,1021800183,388,201904,Renee Montgomery,1611661313,New York Liberty,4,9,34,Made Shot,Jump Bank Shot,3PT Field Goal,Above the Break 3,Right Side Center(RC),24+ ft.,27,106,251,1,1,20180812,NYL,ATL,2018,1021800183388,18260,validated,203410,1,matched,playbyplayv2,1611661330,202250|203829|204296|204327|204329,complete,playbyplay_inferred,201904|202638|203026|203410|1627677,complete,playbyplay_inferred,1611661330,Atlanta Dream
Shot Chart Detail,1021800183,421,203410,Alex Bentley,1611661313,New York Liberty,4,7,18,Missed Shot,Jump Shot,3PT Field Goal,Above the Break 3,Center(C),24+ ft.,25,19,259,1,0,20180812,NYL,ATL,2018,1021800183421,19620,validated,,0,matched,playbyplayv2,1611661330,202250|203829|204296|204327|204329,complete,playbyplay_inferred,201904|203026|203410|204322|1627677,complete,playbyplay_inferred,1611661330,Atlanta Dream
Shot Chart Detail,1021800183,425,203410,Alex Bentley,1611661313,New York Liberty,4,6,51,Missed Shot,Jump Shot,3PT Field Goal,Above the Break 3,Left Side Center(LC),24+ ft.,25,-104,233,1,0,20180812,NYL,ATL,2018,1021800183425,19890,validated,,0,matched,playbyplayv2,1611661330,202250|203829|204296|204327|204329,complete,playbyplay_inferred,201904|203026|203410|204322|1627677,complete,playbyplay_inferred,1611661330,Atlanta Dream
Shot Chart Detail,1021800183,427,201904,Renee Montgomery,1611661313,New York Liberty,4,6,33,Made Shot,Jump Shot,3PT Field Goal,Above the Break 3,Left Side Center(LC),24+ ft.,26,-163,212,1,1,20180812,NYL,ATL,2018,1021800183427,20070,validated,,0,matched,playbyplayv2,1611661330,202250|203829|204296|204327|204329,complete,playbyplay_inferred,201904|203026|203410|204322|1627677,complete,playbyplay_inferred,1611661330,Atlanta Dream
Shot Chart Detail,1021800183,430,1627677,Imani McGee-Stafford,1611661313,New York Liberty,4,6,0,Missed Shot,Jump Shot,2PT Field Goal,Mid-Range,Center(C),16-24 ft.,20,-12,208,1,0,20180812,NYL,ATL,2018,1021800183430,20400,validated,,0,matched,playbyplayv2,1611661330,202250|203829|204296|204327|204329,complete,playbyplay_inferred,201904|203026|203410|204322|1627677,complete,playbyplay_inferred,1611661330,Atlanta Dream
Shot Chart Detail,1021800183,433,203026,Tiffany Hayes,1611661313,New York Liberty,4,5,29,Missed Shot,Layup Shot,2PT Field Goal,Restricted Area,Center(C),Less Than 8 ft.,1,-11,12,1,0,20180812,NYL,ATL,2018,1021800183433,20710,validated,,0,matched,playbyplayv2,1611661330,202250|203829|204296|204327|204329,complete,playbyplay_inferred,201904|203026|203410|204322|1627677,complete,playbyplay_inferred,1611661330,Atlanta Dream
Shot Chart Detail,1021800183,435,203026,Tiffany Hayes,1611661313,New York Liberty,4,5,27,Missed Shot,Putback Layup Shot,2PT Field Goal,Restricted Area,Center(C),Less Than 8 ft.,0,0,-6,1,0,20180812,NYL,ATL,2018,1021800183435,20730,validated,,0,matched,playbyplayv2,1611661330,202250|203829|204296|204327|204329,complete,playbyplay_inferred,201904|203026|203410|204322|1627677,complete,playbyplay_inferred,1611661330,Atlanta Dream
Shot Chart Detail,1021800183,447,1628279,Brittney Sykes,1611661313,New York Liberty,4,4,58,Made Shot,Jump Shot,2PT Field Goal,Mid-Range,Right Side(R),8-16 ft.,13,139,12,1,1,20180812,NYL,ATL,2018,1021800183447,21020,validated,,0,matched,playbyplayv2,1611661330,202250|203829|204296|204327|204329,complete,playbyplay_inferred,201904|202638|203026|204322|1628279,complete,playbyplay_inferred,1611661330,Atlanta Dream
Shot Chart Detail,1021800183,460,1628279,Brittney Sykes,1611661313,New York Liberty,4,3,37,Missed Shot,Cutting Layup Shot,2PT Field Goal,Restricted Area,Center(C),Less Than 8 ft.,1,13,11,1,0,20180812,NYL,ATL,2018,1021800183460,21830,validated,,0,matched,playbyplayv2,1611661330,202250|203829|204296|204327|204329,complete,playbyplay_inferred,201904|202638|203026|204322|1628279,complete,playbyplay_inferred,1611661330,Atlanta Dream
Shot Chart Detail,1021800183,485,1628279,Brittney Sykes,1611661313,New York Liberty,4,2,11,Missed Shot,Layup Shot,2PT Field Goal,Restricted Area,Center(C),Less Than 8 ft.,1,-11,13,1,0,20180812,NYL,ATL,2018,1021800183485,22690,validated,,0,matched,playbyplayv2,1611661330,202250|203411|203829|204296|204329,complete,playbyplay_inferred,201904|202638|203026|204322|1628279,complete,playbyplay_inferred,1611661330,Atlanta Dream
Shot Chart Detail,1021800183,489,202638,Jessica Breland,1611661313,New York Liberty,4,1,34,Made Shot,Jump Shot,2PT Field Goal,Mid-Range,Right Side Center(RC),16-24 ft.,19,108,162,1,1,20180812,NYL,ATL,2018,1021800183489,23060,validated,203026,1,matched,playbyplayv2,1611661330,202250|203411|203829|204296|204329,complete,playbyplay_inferred,201904|202638|203026|204322|1628279,complete,playbyplay_inferred,1611661330,Atlanta Dream
Shot Chart Detail,1021800190,7,203014,Nneka Ogwumike,1611661313,New York Liberty,1,9,46,Made Shot,Jump Shot,2PT Field Goal,In The Paint (Non-RA),Right Side(R),8-16 ft.,9,78,55,1,1,20180814,LAS,NYL,2018,10218001907,140,validated,201496,1,matched,playbyplayv2,1611661320,201913|202250|203411|204327|1628915,complete,playbyplay_inferred,100949|201496|203014|203029|203833,complete,playbyplay_inferred,1611661320,Los Angeles Sparks
Shot Chart Detail,1021800190,11,203029,Riquna Williams,1611661313,New York Liberty,1,9,21,Missed Shot,Jump Shot,3PT Field Goal,Above the Break 3,Left Side Center(LC),24+ ft.,24,-174,173,1,0,20180814,LAS,NYL,2018,102180019011,390,validated,,0,matched,playbyplayv2,1611661320,201913|202250|203411|204327|1628915,complete,playbyplay_inferred,100949|201496|203014|203029|203833,complete,playbyplay_inferred,1611661320,Los Angeles Sparks
Shot Chart Detail,1021800190,15,100949,Alana Beard,1611661313,New York Liberty,1,8,59,Missed Shot,Pullup Jump shot,2PT Field Goal,Mid-Range,Left Side(L),8-16 ft.,11,-115,15,1,0,20180814,LAS,NYL,2018,102180019015,610,validated,,0,matched,playbyplayv2,1611661320,201913|202250|203411|204327|1628915,complete,playbyplay_inferred,100949|201496|203014|203029|203833,complete,playbyplay_inferred,1611661320,Los Angeles Sparks
Shot Chart Detail,1021800190,19,203833,Chelsea Gray,1611661313,New York Liberty,1,8,30,Made Shot,Pullup Jump shot,2PT Field Goal,Mid-Range,Right Side(R),8-16 ft.,14,140,16,1,1,20180814,LAS,NYL,2018,102180019019,900,validated,,0,matched,playbyplayv2,1611661320,201913|202250|203411|204327|1628915,complete,playbyplay_inferred,100949|201496|203014|203029|203833,complete,playbyplay_inferred,1611661320,Los Angeles Sparks
Shot Chart Detail,1021800190,21,100949,Alana Beard,1611661313,New York Liberty,1,7,52,Missed Shot,Jump Shot,2PT Field Goal,Mid-Range,Left Side(L),8-16 ft.,14,-125,82,1,0,20180814,LAS,NYL,2018,102180019021,1280,validated,,0,matched,playbyplayv2,1611661320,201913|202250|203411|204327|1628915,complete,playbyplay_inferred,100949|201496|203014|203029|203833,complete,playbyplay_inferred,1611661320,Los Angeles Sparks
Shot Chart Detail,1021800190,25,201496,Candace Parker,1611661313,New York Liberty,1,7,39,Missed Shot,Turnaround Jump Shot,2PT Field Goal,Mid-Range,Center(C),8-16 ft.,14,26,139,1,0,20180814,LAS,NYL,2018,102180019025,1410,validated,,0,matched,playbyplayv2,1611661320,201913|202250|203411|204327|1628915,complete,playbyplay_inferred,100949|201496|203014|203029|203833,complete,playbyplay_inferred,1611661320,Los Angeles Sparks
Shot Chart Detail,1021800190,29,203833,Chelsea Gray,1611661313,New York Liberty,1,7,17,Made Shot,Pullup Jump shot,2PT Field Goal,In The Paint (Non-RA),Left Side(L),8-16 ft.,15,-80,138,1,1,20180814,LAS,NYL,2018,102180019029,1630,validated,,0,matched,playbyplayv2,1611661320,201913|202250|203411|204327|1628915,complete,playbyplay_inferred,100949|201496|203014|203029|203833,complete,playbyplay_inferred,1611661320,Los Angeles Sparks
Shot Chart Detail,1021800190,31,201496,Candace Parker,1611661313,New York Liberty,1,6,39,Missed Shot,Jump Shot,2PT Field Goal,Mid-Range,Left Side Center(LC),16-24 ft.,20,-116,174,1,0,20180814,LAS,NYL,2018,102180019031,2010,validated,,0,matched,playbyplayv2,1611661320,201913|202250|203411|204327|1628915,complete,playbyplay_inferred,100949|201496|203014|203029|203833,complete,playbyplay_inferred,1611661320,Los Angeles Sparks
Shot Chart Detail,1021800190,35,201496,Candace Parker,1611661313,New York Liberty,1,6,30,Made Shot,Driving Floating Bank Jump Shot,2PT Field Goal,Restricted Area,Center(C),Less Than 8 ft.,1,0,15,1,1,20180814,LAS,NYL,2018,102180019035,2100,validated,,0,matched,playbyplayv2,1611661320,201913|202250|203411|204327|1628915,complete,playbyplay_inferred,100949|201496|203014|203029|203833,complete,playbyplay_inferred,1611661320,Los Angeles Sparks
Shot Chart Detail,1021800190,41,203029,Riquna Williams,1611661313,New York Liberty,1,6,0,Made Shot,Jump Shot,3PT Field Goal,Above the Break 3,Center(C),24+ ft.,24,-20,242,1,1,20180814,LAS,NYL,2018,102180019041,2400,validated,201496,1,matched,playbyplayv2,1611661320,201913|202250|203411|204327|1628915,complete,playbyplay_inferred,100949|201496|203014|203029|203833,complete,playbyplay_inferred,1611661320,Los Angeles Sparks
Shot Chart Detail,1021800190,45,203833,Chelsea Gray,1611661313,New York Liberty,1,5,20,Made Shot,Jump Shot,2PT Field Goal,Mid-Range,Right Side(R),8-16 ft.,14,118,88,1,1,20180814,LAS,NYL,2018,102180019045,2800,validated,201496,1,matched,playbyplayv2,1611661320,201913|202250|203411|204327|1628915,complete,playbyplay_inferred,100949|201496|203014|203029|203833,complete,playbyplay_inferred,1611661320,Los Angeles Sparks
Shot Chart Detail,1021800190,59,203833,Chelsea Gray,1611661313,New York Liberty,1,3,56,Missed Shot,Fadeaway Jump Shot,2PT Field Goal,Mid-Range,Left Side Center(LC),16-24 ft.,21,-74,199,1,0,20180814,LAS,NYL,2018,102180019059,3640,validated,,0,matched,playbyplayv2,1611661320,201913|202250|203411|204327|1628915,complete,playbyplay_inferred,100949|201496|203014|203029|203833,complete,playbyplay_inferred,1611661320,Los Angeles Sparks
Shot Chart Detail,1021800190,69,202650,Jantel Lavender,1611661313,New York Liberty,1,3,28,Missed Shot,Jump Shot,2PT Field Goal,Mid-Range,Right Side Center(RC),16-24 ft.,19,93,173,1,0,20180814,LAS,NYL,2018,102180019069,3920,validated,,0,matched,playbyplayv2,1611661320,201913|202250|203411|204327|1628915,complete,playbyplay_inferred,201502|202650|203014|203029|203833,complete,playbyplay_inferred,1611661320,Los Angeles Sparks
Shot Chart Detail,1021800190,80,203029,Riquna Williams,1611661313,New York Liberty,1,3,7,Missed Shot,Jump Shot,3PT Field Goal,Above the Break 3,Right Side Center(RC),24+ ft.,24,102,221,1,0,20180814,LAS,NYL,2018,102180019080,4130,validated,,0,matched,playbyplayv2,1611661320,201913|202250|203411|204296|204327,complete,playbyplay_inferred,201502|202650|203014|203029|203833,complete,playbyplay_inferred,1611661320,Los Angeles Sparks
Shot Chart Detail,1021800190,84,203014,Nneka Ogwumike,1611661313,New York Liberty,1,2,45,Made Shot,Jump Shot,2PT Field Goal,Mid-Range,Right Side Center(RC),16-24 ft.,20,96,183,1,1,20180814,LAS,NYL,2018,102180019084,4350,validated,203833,1,matched,playbyplayv2,1611661320,201913|202250|203411|204296|204327,complete,playbyplay_inferred,201502|202650|203014|203029|203833,complete,playbyplay_inferred,1611661320,Los Angeles Sparks
Shot Chart Detail,1021800190,88,203029,Riquna Williams,1611661313,New York Liberty,1,2,18,Missed Shot,Jump Shot,3PT Field Goal,Above the Break 3,Right Side Center(RC),24+ ft.,25,168,194,1,0,20180814,LAS,NYL,2018,102180019088,4620,validated,,0,matched,playbyplayv2,1611661320,201913|202250|203411|204296|204327,complete,playbyplay_inferred,201502|202650|203014|203029|203833,complete,playbyplay_inferred,1611661320,Los Angeles Sparks
Shot Chart Detail,1021800190,92,203014,Nneka Ogwumike,1611661313,New York Liberty,1,1,42,Made Shot,Jump Shot,2PT Field Goal,Mid-Range,Left Side Center(LC),16-24 ft.,17,-78,155,1,1,20180814,LAS,NYL,2018,102180019092,4980,validated,,0,matched,playbyplayv2,1611661320,201913|202250|203411|204296|204327,complete,playbyplay_inferred,201502|202650|203014|203029|203833,complete,playbyplay_inferred,1611661320,Los Angeles Sparks
Shot Chart Detail,1021800190,95,202650,Jantel Lavender,1611661313,New York Liberty,1,1,2,Made Shot,Jump Shot,2PT Field Goal,Mid-Range,Left Side Center(LC),16-24 ft.,16,-69,147,1,1,20180814,LAS,NYL,2018,102180019095,5380,validated,203833,1,matched,playbyplayv2,1611661320,201913|202250|203411|204296|204327,complete,playbyplay_inferred,201502|202650|203014|203029|203833,complete,playbyplay_inferred,1611661320,Los Angeles Sparks
Shot Chart Detail,1021800190,101,203014,Nneka Ogwumike,1611661313,New York Liberty,1,0,29,Missed Shot,Jump Shot,2PT Field Goal,Mid-Range,Center(C),8-16 ft.,15,-52,142,1,0,20180814,LAS,NYL,2018,1021800190101,5710,validated,,0,matched,playbyplayv2,1611661320,201913|202250|203411|204296|204327,complete,playbyplay_inferred,201502|202650|203014|203029|203833,complete,playbyplay_inferred,1611661320,Los Angeles Sparks
Shot Chart Detail,1021800190,111,203833,Chelsea Gray,1611661313,New York Liberty,1,0,20,Made Shot,Turnaround Jump Shot,2PT Field Goal,Mid-Range,Left Side Center(LC),16-24 ft.,19,-75,177,1,1,20180814,LAS,NYL,2018,1021800190111,5800,validated,,0,matched,playbyplayv2,1611661320,202250|203411|203829|204296|204329,complete,playbyplay_inferred,201496|201502|202650|203824|203833,complete,playbyplay_inferred,1611661320,Los Angeles Sparks
Shot Chart Detail,1021800190,128,201502,Essence Carson,1611661313,New York Liberty,2,9,4,Missed Shot,Jump Shot,3PT Field Goal,Above the Break 3,Left Side Center(LC),24+ ft.,24,-138,204,1,0,20180814,LAS,NYL,2018,1021800190128,6560,validated,,0,matched,playbyplayv2,1611661320,203411|203829|204296|204329|1628915,complete,playbyplay_inferred,100949|201496|201502|202650|203824,complete,playbyplay_inferred,1611661320,Los Angeles Sparks
Shot Chart Detail,1021800190,142,203833,Chelsea Gray,1611661313,New York Liberty,2,8,3,Made Shot,Step Back Jump shot,2PT Field Goal,Mid-Range,Right Side Center(RC),16-24 ft.,18,107,155,1,1,20180814,LAS,NYL,2018,1021800190142,7170,validated,,0,matched,playbyplayv2,1611661320,203411|203829|204296|204329|1628915,complete,playbyplay_inferred,100949|201496|201502|203014|203833,complete,playbyplay_inferred,1611661320,Los Angeles Sparks
Shot Chart Detail,1021800190,147,203014,Nneka Ogwumike,1611661313,New York Liberty,2,7,35,Missed Shot,Jump Shot,2PT Field Goal,Mid-Range,Left Side Center(LC),16-24 ft.,18,-110,151,1,0,20180814,LAS,NYL,2018,1021800190147,7450,validated,,0,matched,playbyplayv2,1611661320,203411|203829|204296|204329|1628915,complete,playbyplay_inferred,100949|201496|201502|203014|203833,complete,playbyplay_inferred,1611661320,Los Angeles Sparks
Shot Chart Detail,1021800190,156,203014,Nneka Ogwumike,1611661313,New York Liberty,2,7,2,Missed Shot,Layup Shot,2PT Field Goal,In The Paint (Non-RA),Center(C),Less Than 8 ft.,5,17,49,1,0,20180814,LAS,NYL,2018,1021800190156,7780,validated,,0,matched,playbyplayv2,1611661320,202250|203411|203829|204329|1628915,complete,playbyplay_inferred,100949|201496|201502|203014|203833,complete,playbyplay_inferred,1611661320,Los Angeles Sparks
Shot Chart Detail,1021800190,158,203014,Nneka Ogwumike,1611661313,New York Liberty,2,6,55,Missed Shot,Layup Shot,2PT Field Goal,Restricted Area,Center(C),Less Than 8 ft.,3,1,32,1,0,20180814,LAS,NYL,2018,1021800190158,7850,validated,,0,matched,playbyplayv2,1611661320,202250|203411|203829|204329|1628915,complete,playbyplay_inferred,100949|201496|201502|203014|203833,complete,playbyplay_inferred,1611661320,Los Angeles Sparks
Shot Chart Detail,1021800190,160,203014,Nneka Ogwumike,1611661313,New York Liberty,2,6,50,Made Shot,Layup Shot,2PT Field Goal,Restricted Area,Center(C),Less Than 8 ft.,1,-3,15,1,1,20180814,LAS,NYL,2018,1021800190160,7900,validated,,0,matched,playbyplayv2,1611661320,202250|203411|203829|204329|1628915,complete,playbyplay_inferred,100949|201496|201502|203014|203833,complete,playbyplay_inferred,1611661320,Los Angeles Sparks
Shot Chart Detail,1021800190,165,203014,Nneka Ogwumike,1611661313,New York Liberty,2,6,29,Made Shot,Cutting Layup Shot,2PT Field Goal,Restricted Area,Center(C),Less Than 8 ft.,1,3,16,1,1,20180814,LAS,NYL,2018,1021800190165,8110,validated,203833,1,matched,playbyplayv2,1611661320,202250|203411|203829|204329|1628915,complete,playbyplay_inferred,100949|201496|201502|203014|203833,complete,playbyplay_inferred,1611661320,Los Angeles Sparks
Shot Chart Detail,1021800190,169,203014,Nneka Ogwumike,1611661313,New York Liberty,2,6,11,Missed Shot,Cutting Layup Shot,2PT Field Goal,In The Paint (Non-RA),Center(C),Less Than 8 ft.,5,19,48,1,0,20180814,LAS,NYL,2018,1021800190169,8290,validated,,0,matched,playbyplayv2,1611661320,202250|203411|203829|204329|1628915,complete,playbyplay_inferred,100949|201496|201502|203014|203833,complete,playbyplay_inferred,1611661320,Los Angeles Sparks
Shot Chart Detail,1021800190,176,203014,Nneka Ogwumike,1611661313,New York Liberty,2,5,59,Missed Shot,Layup Shot,2PT Field Goal,Restricted Area,Center(C),Less Than 8 ft.,1,4,15,1,0,20180814,LAS,NYL,2018,1021800190176,8410,validated,,0,matched,playbyplayv2,1611661320,201913|202250|203829|204327|1628915,complete,playbyplay_inferred,100949|201496|201502|203014|203833,complete,playbyplay_inferred,1611661320,Los Angeles Sparks
Shot Chart Detail,1021800190,179,201496,Candace Parker,1611661313,New York Liberty,2,5,28,Made Shot,Jump Shot,3PT Field Goal,Above the Break 3,Center(C),24+ ft.,25,12,259,1,1,20180814,LAS,NYL,2018,1021800190179,8720,validated,100949,1,matched,playbyplayv2,1611661320,201913|202250|203829|204327|1628915,complete,playbyplay_inferred,100949|201496|201502|203014|203833,complete,playbyplay_inferred,1611661320,Los Angeles Sparks
Shot Chart Detail,1021800190,185,100949,Alana Beard,1611661313,New York Liberty,2,4,53,Missed Shot,Driving Layup Shot,2PT Field Goal,Restricted Area,Center(C),Less Than 8 ft.,3,7,32,1,0,20180814,LAS,NYL,2018,1021800190185,9070,validated,,0,matched,playbyplayv2,1611661320,201913|202250|203829|204327|1628915,complete,playbyplay_inferred,100949|201496|201502|203014|203833,complete,playbyplay_inferred,1611661320,Los Angeles Sparks
Shot Chart Detail,1021800190,189,100949,Alana Beard,1611661313,New York Liberty,2,4,28,Made Shot,Jump Shot,2PT Field Goal,Mid-Range,Right Side(R),16-24 ft.,19,191,24,1,1,20180814,LAS,NYL,2018,1021800190189,9320,validated,203833,1,matched,playbyplayv2,1611661320,201913|202250|203829|204327|1628915,complete,playbyplay_inferred,100949|201496|201502|203014|203833,complete,playbyplay_inferred,1611661320,Los Angeles Sparks
Shot Chart Detail,1021800190,193,100949,Alana Beard,1611661313,New York Liberty,2,3,49,Missed Shot,Cutting Layup Shot,2PT Field Goal,Restricted Area,Center(C),Less Than 8 ft.,0,3,9,1,0,20180814,LAS,NYL,2018,1021800190193,9710,validated,,0,matched,playbyplayv2,1611661320,201913|202250|203829|204327|1628915,complete,playbyplay_inferred,100949|201496|201502|203014|203833,complete,playbyplay_inferred,1611661320,Los Angeles Sparks
Shot Chart Detail,1021800190,197,201496,Candace Parker,1611661313,New York Liberty,2,3,14,Missed Shot,Jump Shot,2PT Field Goal,Mid-Range,Left Side(L),8-16 ft.,13,-126,38,1,0,20180814,LAS,NYL,2018,1021800190197,10060,validated,,0,matched,playbyplayv2,1611661320,201913|202250|203829|204327|1628915,complete,playbyplay_inferred,100949|201496|201502|203014|203833,complete,playbyplay_inferred,1611661320,Los Angeles Sparks
Shot Chart Detail,1021800190,204,1628926,Maria Kliundikova,1611661313,New York Liberty,2,2,57,Missed Shot,Jump Shot,2PT Field Goal,In The Paint (Non-RA),Center(C),8-16 ft.,9,19,96,1,0,20180814,LAS,NYL,2018,1021800190204,10230,validated,,0,matched,playbyplayv2,1611661320,201913|202250|203829|204327|1628915,complete,playbyplay_inferred,201502|203014|203029|203833|1628926,complete,playbyplay_inferred,1611661320,Los Angeles Sparks
Shot Chart Detail,1021800190,208,1628926,Maria Kliundikova,1611661313,New York Liberty,2,2,23,Made Shot,Cutting Layup Shot,2PT Field Goal,Restricted Area,Center(C),Less Than 8 ft.,2,-17,15,1,1,20180814,LAS,NYL,2018,1021800190208,10570,validated,201502,1,matched,playbyplayv2,1611661320,201913|202250|203829|204327|1628915,complete,playbyplay_inferred,201502|203014|203029|203833|1628926,complete,playbyplay_inferred,1611661320,Los Angeles Sparks
Shot Chart Detail,1021800190,216,201502,Essence Carson,1611661313,New York Liberty,2,1,55,Missed Shot,Jump Shot,3PT Field Goal,Above the Break 3,Right Side Center(RC),24+ ft.,25,159,198,1,0,20180814,LAS,NYL,2018,1021800190216,10850,validated,,0,matched,playbyplayv2,1611661320,201913|202250|203829|204327|1628915,complete,playbyplay_inferred,201502|203014|203029|203833|1628926,complete,playbyplay_inferred,1611661320,Los Angeles Sparks
Shot Chart Detail,1021800190,224,1628926,Maria Kliundikova,1611661313,New York Liberty,2,1,10,Missed Shot,Jump Shot,3PT Field Goal,Above the Break 3,Center(C),24+ ft.,25,19,258,1,0,20180814,LAS,NYL,2018,1021800190224,11300,validated,,0,matched,playbyplayv2,1611661320,201913|202250|203829|204327|1628915,complete,playbyplay_inferred,201502|203014|203029|203833|1628926,complete,playbyplay_inferred,1611661320,Los Angeles Sparks
Shot Chart Detail,1021800190,229,203833,Chelsea Gray,1611661313,New York Liberty,2,0,47,Missed Shot,Jump Shot,2PT Field Goal,Mid-Range,Left Side(L),8-16 ft.,12,-103,64,1,0,20180814,LAS,NYL,2018,1021800190229,11530,validated,,0,matched,playbyplayv2,1611661320,201913|202250|203829|204327|1628915,complete,playbyplay_inferred,201502|203014|203029|203833|1628926,complete,playbyplay_inferred,1611661320,Los Angeles Sparks
Shot Chart Detail,1021800190,231,203014,Nneka Ogwumike,1611661313,New York Liberty,2,0,45,Missed Shot,Layup Shot,2PT Field Goal,Restricted Area,Center(C),Less Than 8 ft.,1,9,15,1,0,20180814,LAS,NYL,2018,1021800190231,11550,validated,,0,matched,playbyplayv2,1611661320,201913|202250|203829|204327|1628915,complete,playbyplay_inferred,201502|203014|203029|203833|1628926,complete,playbyplay_inferred,1611661320,Los Angeles Sparks
Shot Chart Detail,1021800190,234,1628926,Maria Kliundikova,1611661313,New York Liberty,2,0,41,Missed Shot,Layup Shot,2PT Field Goal,Restricted Area,Center(C),Less Than 8 ft.,3,-11,36,1,0,20180814,LAS,NYL,2018,1021800190234,11590,validated,,0,matched,playbyplayv2,1611661320,201913|202250|203829|204327|1628915,complete,playbyplay_inferred,201502|203014|203029|203833|1628926,complete,playbyplay_inferred,1611661320,Los Angeles Sparks
Shot Chart Detail,1021800190,241,201502,Essence Carson,1611661313,New York Liberty,2,0,25,Made Shot,Jump Shot,3PT Field Goal,Above the Break 3,Right Side Center(RC),24+ ft.,24,190,149,1,1,20180814,LAS,NYL,2018,1021800190241,11750,validated,203014,1,matched,playbyplayv2,1611661320,201913|202250|203829|204327|1628915,complete,playbyplay_inferred,201502|203014|203824|203833|1628926,complete,playbyplay_inferred,1611661320,Los Angeles Sparks
Shot Chart Detail,1021800190,253,203029,Riquna Williams,1611661313,New York Liberty,2,0,2,Missed Shot,Jump Shot,3PT Field Goal,Above the Break 3,Left Side Center(LC),24+ ft.,25,-148,209,1,0,20180814,LAS,NYL,2018,1021800190253,11980,validated,,0,matched,playbyplayv2,1611661320,202250|203829|204296|204327|1628915,complete,playbyplay_inferred,201496|201502|203014|203029|203824,complete,playbyplay_inferred,1611661320,Los Angeles Sparks
Shot Chart Detail,1021800190,256,201496,Candace Parker,1611661313,New York Liberty,2,0,0,Missed Shot,Tip Layup Shot,2PT Field Goal,Restricted Area,Center(C),Less Than 8 ft.,2,14,24,1,0,20180814,LAS,NYL,2018,1021800190256,12000,validated,,0,matched,playbyplayv2,1611661320,202250|203829|204296|204327|1628915,complete,playbyplay_inferred,201496|201502|203014|203029|203824,complete,playbyplay_inferred,1611661320,Los Angeles Sparks
Shot Chart Detail,1021800190,269,203014,Nneka Ogwumike,1611661313,New York Liberty,3,9,28,Missed Shot,Driving Layup Shot,2PT Field Goal,Restricted Area,Center(C),Less Than 8 ft.,3,21,25,1,0,20180814,LAS,NYL,2018,1021800190269,12320,validated,,0,matched,playbyplayv2,1611661320,201913|202250|203411|204327|1628915,complete,playbyplay_inferred,100949|201496|203014|203029|203833,complete,playbyplay_inferred,1611661320,Los Angeles Sparks
Shot Chart Detail,1021800190,280,203014,Nneka Ogwumike,1611661313,New York Liberty,3,8,49,Missed Shot,Jump Shot,2PT Field Goal,Mid-Range,Right Side Center(RC),16-24 ft.,19,113,159,1,0,20180814,LAS,NYL,2018,1021800190280,12710,validated,,0,matched,playbyplayv2,1611661320,201913|202250|203411|204327|1628915,complete,playbyplay_inferred,100949|201496|203014|203029|203833,complete,playbyplay_inferred,1611661320,Los Angeles Sparks
Shot Chart Detail,1021800190,286,203833,Chelsea Gray,1611661313,New York Liberty,3,8,28,Missed Shot,Jump Shot,2PT Field Goal,In The Paint (Non-RA),Center(C),8-16 ft.,14,-37,138,1,0,20180814,LAS,NYL,2018,1021800190286,12920,validated,,0,matched,playbyplayv2,1611661320,201913|202250|203411|204327|1628915,complete,playbyplay_inferred,100949|201496|203014|203029|203833,complete,playbyplay_inferred,1611661320,Los Angeles Sparks
Shot Chart Detail,1021800190,290,203029,Riquna Williams,1611661313,New York Liberty,3,8,6,Missed Shot,Jump Bank Shot,2PT Field Goal,Restricted Area,Center(C),Less Than 8 ft.,2,-22,20,1,0,20180814,LAS,NYL,2018,1021800190290,13140,validated,,0,matched,playbyplayv2,1611661320,201913|202250|203411|204327|1628915,complete,playbyplay_inferred,100949|201496|203014|203029|203833,complete,playbyplay_inferred,1611661320,Los Angeles Sparks
Shot Chart Detail,1021800190,298,201496,Candace Parker,1611661313,New York Liberty,3,7,15,Made Shot,Driving Finger Roll Layup Shot,2PT Field Goal,Restricted Area,Center(C),Less Than 8 ft.,2,-13,18,1,1,20180814,LAS,NYL,2018,1021800190298,13650,validated,,0,matched,playbyplayv2,1611661320,201913|202250|203411|204327|1628915,complete,playbyplay_inferred,100949|201496|203014|203029|203833,complete,playbyplay_inferred,1611661320,Los Angeles Sparks
Shot Chart Detail,1021800190,301,203014,Nneka Ogwumike,1611661313,New York Liberty,3,6,56,Made Shot,Running Layup Shot,2PT Field Goal,Restricted Area,Center(C),Less Than 8 ft.,1,-2,15,1,1,20180814,LAS,NYL,2018,1021800190301,13840,validated,,0,matched,playbyplayv2,1611661320,201913|202250|203411|204327|1628915,complete,playbyplay_inferred,100949|201496|203014|203029|203833,complete,playbyplay_inferred,1611661320,Los Angeles Sparks
Shot Chart Detail,1021800190,307,203833,Chelsea Gray,1611661313,New York Liberty,3,6,10,Made Shot,Driving Layup Shot,2PT Field Goal,Restricted Area,Center(C),Less Than 8 ft.,2,2,20,1,1,20180814,LAS,NYL,2018,1021800190307,14300,validated,,0,matched,playbyplayv2,1611661320,201913|202250|203411|204327|1628915,complete,playbyplay_inferred,100949|201496|203014|203029|203833,complete,playbyplay_inferred,1611661320,Los Angeles Sparks
Shot Chart Detail,1021800190,320,100949,Alana Beard,1611661313,New York Liberty,3,4,42,Missed Shot,Jump Shot,2PT Field Goal,Mid-Range,Left Side(L),16-24 ft.,16,-145,88,1,0,20180814,LAS,NYL,2018,1021800190320,15180,validated,,0,matched,playbyplayv2,1611661320,201913|202250|203411|203829|1628915,complete,playbyplay_inferred,100949|201496|203014|203029|203833,complete,playbyplay_inferred,1611661320,Los Angeles Sparks
Shot Chart Detail,1021800190,324,203833,Chelsea Gray,1611661313,New York Liberty,3,4,28,Made Shot,Turnaround Fadeaway shot,2PT Field Goal,Mid-Range,Right Side(R),8-16 ft.,14,135,63,1,1,20180814,LAS,NYL,2018,1021800190324,15320,validated,,0,matched,playbyplayv2,1611661320,201913|202250|203411|203829|1628915,complete,playbyplay_inferred,100949|201496|203014|203029|203833,complete,playbyplay_inferred,1611661320,Los Angeles Sparks
Shot Chart Detail,1021800190,327,201496,Candace Parker,1611661313,New York Liberty,3,4,3,Missed Shot,Jump Shot,3PT Field Goal,Above the Break 3,Right Side Center(RC),24+ ft.,24,110,217,1,0,20180814,LAS,NYL,2018,1021800190327,15570,validated,,0,matched,playbyplayv2,1611661320,201913|202250|203411|203829|1628915,complete,playbyplay_inferred,100949|201496|203014|203029|203833,complete,playbyplay_inferred,1611661320,Los Angeles Sparks
Shot Chart Detail,1021800190,340,201496,Candace Parker,1611661313,New York Liberty,3,3,43,Missed Shot,Jump Shot,3PT Field Goal,Above the Break 3,Right Side(R),24+ ft.,22,228,29,1,0,20180814,LAS,NYL,2018,1021800190340,15770,validated,,0,matched,playbyplayv2,1611661320,202250|203411|203829|204296|1628915,complete,playbyplay_inferred,100949|201496|203014|203029|203833,complete,playbyplay_inferred,1611661320,Los Angeles Sparks
Shot Chart Detail,1021800190,342,203833,Chelsea Gray,1611661313,New York Liberty,3,3,34,Missed Shot,Jump Shot,2PT Field Goal,Mid-Range,Right Side(R),8-16 ft.,15,89,126,1,0,20180814,LAS,NYL,2018,1021800190342,15860,validated,,0,matched,playbyplayv2,1611661320,202250|203411|203829|204296|1628915,complete,playbyplay_inferred,100949|201496|203014|203029|203833,complete,playbyplay_inferred,1611661320,Los Angeles Sparks
Shot Chart Detail,1021800190,344,203833,Chelsea Gray,1611661313,New York Liberty,3,3,19,Missed Shot,Jump Shot,3PT Field Goal,Above the Break 3,Right Side Center(RC),24+ ft.,25,158,199,1,0,20180814,LAS,NYL,2018,1021800190344,16010,validated,,0,matched,playbyplayv2,1611661320,202250|203411|203829|204296|1628915,complete,playbyplay_inferred,100949|201496|203014|203029|203833,complete,playbyplay_inferred,1611661320,Los Angeles Sparks
Shot Chart Detail,1021800190,346,203014,Nneka Ogwumike,1611661313,New York Liberty,3,3,8,Made Shot,Cutting Layup Shot,2PT Field Goal,Restricted Area,Center(C),Less Than 8 ft.,0,5,4,1,1,20180814,LAS,NYL,2018,1021800190346,16120,validated,100949,1,matched,playbyplayv2,1611661320,202250|203411|203829|204296|1628915,complete,playbyplay_inferred,100949|201496|203014|203029|203833,complete,playbyplay_inferred,1611661320,Los Angeles Sparks
Shot Chart Detail,1021800190,354,203014,Nneka Ogwumike,1611661313,New York Liberty,3,2,47,Made Shot,Cutting Layup Shot,2PT Field Goal,Restricted Area,Center(C),Less Than 8 ft.,1,14,11,1,1,20180814,LAS,NYL,2018,1021800190354,16330,validated,201496,1,matched,playbyplayv2,1611661320,202250|203411|203829|204296|1628915,complete,playbyplay_inferred,100949|201496|203014|203029|203833,complete,playbyplay_inferred,1611661320,Los Angeles Sparks
Shot Chart Detail,1021800190,362,201496,Candace Parker,1611661313,New York Liberty,3,2,17,Missed Shot,Jump Shot,3PT Field Goal,Above the Break 3,Left Side Center(LC),16-24 ft.,23,-111,208,1,0,20180814,LAS,NYL,2018,1021800190362,16630,validated,,0,matched,playbyplayv2,1611661320,202250|203411|203829|204296|204329,complete,playbyplay_inferred,100949|201496|203014|203029|203833,complete,playbyplay_inferred,1611661320,Los Angeles Sparks
Shot Chart Detail,1021800190,377,203833,Chelsea Gray,1611661313,New York Liberty,3,1,11,Made Shot,Layup Shot,2PT Field Goal,Restricted Area,Center(C),Less Than 8 ft.,1,11,14,1,1,20180814,LAS,NYL,2018,1021800190377,17290,validated,,0,matched,playbyplayv2,1611661320,202250|203411|203829|204296|204329,complete,playbyplay_inferred,100949|201496|203014|203029|203833,complete,playbyplay_inferred,1611661320,Los Angeles Sparks
Shot Chart Detail,1021800190,385,203029,Riquna Williams,1611661313,New York Liberty,3,0,49,Missed Shot,Jump Shot,2PT Field Goal,Mid-Range,Right Side(R),8-16 ft.,8,83,-13,1,0,20180814,LAS,NYL,2018,1021800190385,17510,validated,,0,matched,playbyplayv2,1611661320,202250|203411|203829|204296|204329,complete,playbyplay_inferred,201496|201502|203014|203029|203833,complete,playbyplay_inferred,1611661320,Los Angeles Sparks
Shot Chart Detail,1021800190,388,203833,Chelsea Gray,1611661313,New York Liberty,3,0,18,Made Shot,Layup Shot,2PT Field Goal,Restricted Area,Center(C),Less Than 8 ft.,2,7,19,1,1,20180814,LAS,NYL,2018,1021800190388,17820,validated,,0,matched,playbyplayv2,1611661320,202250|203411|203829|204296|204329,complete,playbyplay_inferred,201496|201502|203014|203029|203833,complete,playbyplay_inferred,1611661320,Los Angeles Sparks
Shot Chart Detail,1021800190,391,201496,Candace Parker,1611661313,New York Liberty,3,0,0,Missed Shot,Jump Shot,3PT Field Goal,Above the Break 3,Center(C),24+ ft.,38,-36,382,1,0,20180814,LAS,NYL,2018,1021800190391,18000,validated,,0,matched,playbyplayv2,1611661320,202250|203411|203829|204296|204329,complete,playbyplay_inferred,201496|201502|203014|203029|203833,complete,playbyplay_inferred,1611661320,Los Angeles Sparks
Shot Chart Detail,1021800190,401,201502,Essence Carson,1611661313,New York Liberty,4,9,43,Missed Shot,Jump Shot,3PT Field Goal,Above the Break 3,Right Side(R),24+ ft.,23,232,45,1,0,20180814,LAS,NYL,2018,1021800190401,18170,validated,,0,matched,playbyplayv2,1611661320,201913|202250|203411|203829|1628915,complete,playbyplay_inferred,201502|202650|203014|203029|203833,complete,playbyplay_inferred,1611661320,Los Angeles Sparks
Shot Chart Detail,1021800190,405,202650,Jantel Lavender,1611661313,New York Liberty,4,8,55,Missed Shot,Jump Shot,2PT Field Goal,Mid-Range,Right Side Center(RC),16-24 ft.,21,77,196,1,0,20180814,LAS,NYL,2018,1021800190405,18650,validated,,0,matched,playbyplayv2,1611661320,201913|202250|203411|203829|1628915,complete,playbyplay_inferred,201502|202650|203014|203029|203833,complete,playbyplay_inferred,1611661320,Los Angeles Sparks
Shot Chart Detail,1021800190,409,203833,Chelsea Gray,1611661313,New York Liberty,4,8,27,Missed Shot,Jump Shot,2PT Field Goal,In The Paint (Non-RA),Center(C),8-16 ft.,14,67,124,1,0,20180814,LAS,NYL,2018,1021800190409,18930,validated,,0,matched,playbyplayv2,1611661320,201913|202250|203411|203829|1628915,complete,playbyplay_inferred,201502|202650|203014|203029|203833,complete,playbyplay_inferred,1611661320,Los Angeles Sparks
Shot Chart Detail,1021800190,419,201496,Candace Parker,1611661313,New York Liberty,4,7,50,Made Shot,Jump Shot,3PT Field Goal,Above the Break 3,Left Side Center(LC),24+ ft.,24,-95,227,1,1,20180814,LAS,NYL,2018,1021800190419,19300,validated,,0,matched,playbyplayv2,1611661320,201913|202250|203829|204327|1628915,complete,playbyplay_inferred,100949|201496|201502|202650|203029,complete,playbyplay_inferred,1611661320,Los Angeles Sparks
Shot Chart Detail,1021800190,422,100949,Alana Beard,1611661313,New York Liberty,4,7,15,Missed Shot,Jump Shot,2PT Field Goal,In The Paint (Non-RA),Left Side(L),8-16 ft.,8,-70,43,1,0,20180814,LAS,NYL,2018,1021800190422,19650,validated,,0,matched,playbyplayv2,1611661320,201913|202250|203829|204327|1628915,complete,playbyplay_inferred,100949|201496|201502|202650|203029,complete,playbyplay_inferred,1611661320,Los Angeles Sparks
Shot Chart Detail,1021800190,431,203833,Chelsea Gray,1611661313,New York Liberty,4,6,27,Missed Shot,Jump Shot,2PT Field Goal,In The Paint (Non-RA),Center(C),Less Than 8 ft.,6,1,63,1,0,20180814,LAS,NYL,2018,1021800190431,20130,validated,,0,matched,playbyplayv2,1611661320,201913|202250|203829|204327|1628915,complete,playbyplay_inferred,100949|201496|201502|203014|203833,complete,playbyplay_inferred,1611661320,Los Angeles Sparks
Shot Chart Detail,1021800190,441,203833,Chelsea Gray,1611661313,New York Liberty,4,6,8,Made Shot,Driving Layup Shot,2PT Field Goal,Restricted Area,Center(C),Less Than 8 ft.,1,-6,15,1,1,20180814,LAS,NYL,2018,1021800190441,20320,validated,,0,matched,playbyplayv2,1611661320,201913|202250|203411|203829|1628915,complete,playbyplay_inferred,100949|201496|201502|203014|203833,complete,playbyplay_inferred,1611661320,Los Angeles Sparks
Shot Chart Detail,1021800190,447,100949,Alana Beard,1611661313,New York Liberty,4,5,34,Missed Shot,Cutting Layup Shot,2PT Field Goal,Restricted Area,Center(C),Less Than 8 ft.,2,0,22,1,0,20180814,LAS,NYL,2018,1021800190447,20660,validated,,0,matched,playbyplayv2,1611661320,201913|202250|203411|203829|1628915,complete,playbyplay_inferred,100949|201496|201502|203014|203833,complete,playbyplay_inferred,1611661320,Los Angeles Sparks
Shot Chart Detail,1021800190,452,201496,Candace Parker,1611661313,New York Liberty,4,5,7,Missed Shot,Jump Shot,3PT Field Goal,Above the Break 3,Left Side Center(LC),24+ ft.,23,-132,200,1,0,20180814,LAS,NYL,2018,1021800190452,20930,validated,,0,matched,playbyplayv2,1611661320,201913|202250|203411|203829|1628915,complete,playbyplay_inferred,100949|201496|201502|203014|203833,complete,playbyplay_inferred,1611661320,Los Angeles Sparks
Shot Chart Detail,1021800190,456,203833,Chelsea Gray,1611661313,New York Liberty,4,4,32,Missed Shot,Jump Shot,3PT Field Goal,Above the Break 3,Right Side Center(RC),24+ ft.,24,113,212,1,0,20180814,LAS,NYL,2018,1021800190456,21280,validated,,0,matched,playbyplayv2,1611661320,201913|202250|203411|203829|1628915,complete,playbyplay_inferred,100949|201496|201502|203014|203833,complete,playbyplay_inferred,1611661320,Los Angeles Sparks
Shot Chart Detail,1021800190,472,201496,Candace Parker,1611661313,New York Liberty,4,3,12,Missed Shot,Layup Shot,2PT Field Goal,In The Paint (Non-RA),Center(C),Less Than 8 ft.,4,41,19,1,0,20180814,LAS,NYL,2018,1021800190472,22080,validated,,0,matched,playbyplayv2,1611661320,202250|203411|203829|204329|1628915,complete,playbyplay_inferred,100949|201496|203014|203029|203833,complete,playbyplay_inferred,1611661320,Los Angeles Sparks
Shot Chart Detail,1021800190,482,203014,Nneka Ogwumike,1611661313,New York Liberty,4,2,21,Missed Shot,Layup Shot,2PT Field Goal,Restricted Area,Center(C),Less Than 8 ft.,3,26,28,1,0,20180814,LAS,NYL,2018,1021800190482,22590,validated,,0,matched,playbyplayv2,1611661320,202250|203411|203829|204329|1628915,complete,playbyplay_inferred,100949|201496|203014|203029|203833,complete,playbyplay_inferred,1611661320,Los Angeles Sparks
Shot Chart Detail,1021800190,490,203014,Nneka Ogwumike,1611661313,New York Liberty,4,1,46,Made Shot,Cutting Layup Shot,2PT Field Goal,Restricted Area,Center(C),Less Than 8 ft.,1,-3,13,1,1,20180814,LAS,NYL,2018,1021800190490,22940,validated,203833,1,matched,playbyplayv2,1611661320,202250|203411|203829|204329|1628915,complete,playbyplay_inferred,100949|201496|203014|203029|203833,complete,playbyplay_inferred,1611661320,Los Angeles Sparks
Shot Chart Detail,1021800190,494,203833,Chelsea Gray,1611661313,New York Liberty,4,1,1,Missed Shot,Jump Shot,2PT Field Goal,Mid-Range,Left Side Center(LC),16-24 ft.,16,-85,138,1,0,20180814,LAS,NYL,2018,1021800190494,23390,validated,,0,matched,playbyplayv2,1611661320,202250|203411|203829|204329|1628915,complete,playbyplay_inferred,100949|201496|203014|203029|203833,complete,playbyplay_inferred,1611661320,Los Angeles Sparks
Shot Chart Detail,1021800190,496,203833,Chelsea Gray,1611661313,New York Liberty,4,0,44,Made Shot,Step Back Jump shot,2PT Field Goal,Mid-Range,Center(C),16-24 ft.,19,-4,190,1,1,20180814,LAS,NYL,2018,1021800190496,23560,validated,,0,matched,playbyplayv2,1611661320,202250|203411|203829|204329|1628915,complete,playbyplay_inferred,100949|201496|203014|203029|203833,complete,playbyplay_inferred,1611661320,Los Angeles Sparks
Shot Chart Detail,1021800192,7,1628932,A'ja Wilson,1611661313,New York Liberty,1,9,42,Missed Shot,Pullup Jump shot,2PT Field Goal,In The Paint (Non-RA),Left Side(L),8-16 ft.,8,-48,68,1,0,20180815,LVA,NYL,2018,10218001927,180,validated,,0,matched,playbyplayv2,1611661319,201889|201913|203411|204327|1628915,complete,playbyplay_inferred,201477|202670|203825|1628276|1628932,complete,playbyplay_inferred,1611661319,Las Vegas Aces
Shot Chart Detail,1021800192,10,1628276,Kelsey Plum,1611661313,New York Liberty,1,9,25,Missed Shot,Jump Shot,3PT Field Goal,Above the Break 3,Right Side Center(RC),24+ ft.,24,104,221,1,0,20180815,LVA,NYL,2018,102180019210,350,validated,,0,matched,playbyplayv2,1611661319,201889|201913|203411|204327|1628915,complete,playbyplay_inferred,201477|202670|203825|1628276|1628932,complete,playbyplay_inferred,1611661319,Las Vegas Aces
Shot Chart Detail,1021800192,12,203825,Kayla McBride,1611661313,New York Liberty,1,9,17,Missed Shot,Jump Shot,3PT Field Goal,Above the Break 3,Left Side Center(LC),24+ ft.,28,-185,211,1,0,20180815,LVA,NYL,2018,102180019212,430,validated,,0,matched,playbyplayv2,1611661319,201889|201913|203411|204327|1628915,complete,playbyplay_inferred,201477|202670|203825|1628276|1628932,complete,playbyplay_inferred,1611661319,Las Vegas Aces
Shot Chart Detail,1021800192,14,1628276,Kelsey Plum,1611661313,New York Liberty,1,9,12,Made Shot,Jump Shot,2PT Field Goal,In The Paint (Non-RA),Left Side(L),8-16 ft.,13,-77,107,1,1,20180815,LVA,NYL,2018,102180019214,480,validated,,0,matched,playbyplayv2,1611661319,201889|201913|203411|204327|1628915,complete,playbyplay_inferred,201477|202670|203825|1628276|1628932,complete,playbyplay_inferred,1611661319,Las Vegas Aces
Shot Chart Detail,1021800192,21,202670,Carolyn Swords,1611661313,New York Liberty,1,8,32,Made Shot,Layup Shot,2PT Field Goal,In The Paint (Non-RA),Center(C),Less Than 8 ft.,4,-24,32,1,1,20180815,LVA,NYL,2018,102180019221,880,validated,1628932,1,matched,playbyplayv2,1611661319,201889|201913|203411|204327|1628915,complete,playbyplay_inferred,201477|202670|203825|1628276|1628932,complete,playbyplay_inferred,1611661319,Las Vegas Aces
Shot Chart Detail,1021800192,25,1628932,A'ja Wilson,1611661313,New York Liberty,1,8,8,Made Shot,Turnaround Jump Shot,2PT Field Goal,Mid-Range,Left Side(L),8-16 ft.,11,-89,65,1,1,20180815,LVA,NYL,2018,102180019225,1120,validated,202670,1,matched,playbyplayv2,1611661319,201889|201913|203411|204327|1628915,complete,playbyplay_inferred,201477|202670|203825|1628276|1628932,complete,playbyplay_inferred,1611661319,Las Vegas Aces
Shot Chart Detail,1021800192,31,1628932,A'ja Wilson,1611661313,New York Liberty,1,7,32,Made Shot,Jump Shot,2PT Field Goal,Mid-Range,Left Side Center(LC),16-24 ft.,17,-60,163,1,1,20180815,LVA,NYL,2018,102180019231,1480,validated,202670,1,matched,playbyplayv2,1611661319,201889|201913|203411|204327|1628915,complete,playbyplay_inferred,201477|202670|203825|1628276|1628932,complete,playbyplay_inferred,1611661319,Las Vegas Aces
Shot Chart Detail,1021800192,35,1628276,Kelsey Plum,1611661313,New York Liberty,1,7,12,Made Shot,Running Layup Shot,2PT Field Goal,Mid-Range,Right Side(R),8-16 ft.,13,134,27,1,1,20180815,LVA,NYL,2018,102180019235,1680,validated,,0,matched,playbyplayv2,1611661319,201889|201913|203411|204327|1628915,complete,playbyplay_inferred,201477|202670|203825|1628276|1628932,complete,playbyplay_inferred,1611661319,Las Vegas Aces
Shot Chart Detail,1021800192,42,1628932,A'ja Wilson,1611661313,New York Liberty,1,6,38,Made Shot,Jump Shot,2PT Field Goal,Mid-Range,Center(C),16-24 ft.,16,51,161,1,1,20180815,LVA,NYL,2018,102180019242,2020,validated,203825,1,matched,playbyplayv2,1611661319,201889|201913|203411|204327|1628915,complete,playbyplay_inferred,201477|202670|203825|1628276|1628932,complete,playbyplay_inferred,1611661319,Las Vegas Aces
Shot Chart Detail,1021800192,46,202670,Carolyn Swords,1611661313,New York Liberty,1,6,6,Made Shot,Turnaround Hook Shot,2PT Field Goal,Mid-Range,Left Side(L),8-16 ft.,11,-115,28,1,1,20180815,LVA,NYL,2018,102180019246,2340,validated,,0,matched,playbyplayv2,1611661319,201889|201913|203411|204327|1628915,complete,playbyplay_inferred,201477|202670|203825|1628276|1628932,complete,playbyplay_inferred,1611661319,Las Vegas Aces
Shot Chart Detail,1021800192,49,201477,Tamera Young,1611661313,New York Liberty,1,5,49,Made Shot,Pullup Jump shot,2PT Field Goal,Mid-Range,Left Side(L),8-16 ft.,9,-98,16,1,1,20180815,LVA,NYL,2018,102180019249,2510,validated,,0,matched,playbyplayv2,1611661319,201889|201913|203411|204327|1628915,complete,playbyplay_inferred,201477|202670|203825|1628276|1628932,complete,playbyplay_inferred,1611661319,Las Vegas Aces
Shot Chart Detail,1021800192,53,201477,Tamera Young,1611661313,New York Liberty,1,5,16,Missed Shot,Jump Shot,3PT Field Goal,Above the Break 3,Center(C),24+ ft.,24,-37,244,1,0,20180815,LVA,NYL,2018,102180019253,2840,validated,,0,matched,playbyplayv2,1611661319,201889|201913|203411|204327|1628915,complete,playbyplay_inferred,201477|202670|203825|1628276|1628932,complete,playbyplay_inferred,1611661319,Las Vegas Aces
Shot Chart Detail,1021800192,57,1628276,Kelsey Plum,1611661313,New York Liberty,1,4,55,Made Shot,Pullup Jump shot,2PT Field Goal,Mid-Range,Left Side Center(LC),16-24 ft.,17,-61,160,1,1,20180815,LVA,NYL,2018,102180019257,3050,validated,,0,matched,playbyplayv2,1611661319,201889|201913|203411|204327|1628915,complete,playbyplay_inferred,201477|202670|203825|1628276|1628932,complete,playbyplay_inferred,1611661319,Las Vegas Aces
Shot Chart Detail,1021800192,60,1628276,Kelsey Plum,1611661313,New York Liberty,1,4,29,Missed Shot,Driving Layup Shot,2PT Field Goal,Mid-Range,Left Side(L),8-16 ft.,9,-97,17,1,0,20180815,LVA,NYL,2018,102180019260,3310,validated,,0,matched,playbyplayv2,1611661319,201889|201913|203411|204327|1628915,complete,playbyplay_inferred,201477|202670|203825|1628276|1628932,complete,playbyplay_inferred,1611661319,Las Vegas Aces
Shot Chart Detail,1021800192,62,1628932,A'ja Wilson,1611661313,New York Liberty,1,4,25,Made Shot,Putback Layup Shot,2PT Field Goal,Restricted Area,Center(C),Less Than 8 ft.,3,-35,-10,1,1,20180815,LVA,NYL,2018,102180019262,3350,validated,,0,matched,playbyplayv2,1611661319,201889|201913|203411|204327|1628915,complete,playbyplay_inferred,201477|202670|203825|1628276|1628932,complete,playbyplay_inferred,1611661319,Las Vegas Aces
Shot Chart Detail,1021800192,65,202670,Carolyn Swords,1611661313,New York Liberty,1,3,48,Made Shot,Jump Shot,2PT Field Goal,Mid-Range,Center(C),16-24 ft.,17,-5,170,1,1,20180815,LVA,NYL,2018,102180019265,3720,validated,201477,1,matched,playbyplayv2,1611661319,201889|201913|203411|204327|1628915,complete,playbyplay_inferred,201477|202670|203825|1628276|1628932,complete,playbyplay_inferred,1611661319,Las Vegas Aces
Shot Chart Detail,1021800192,89,203825,Kayla McBride,1611661313,New York Liberty,1,2,55,Missed Shot,Jump Shot,3PT Field Goal,Above the Break 3,Right Side Center(RC),24+ ft.,23,102,217,1,0,20180815,LVA,NYL,2018,102180019289,4250,validated,,0,matched,playbyplayv2,1611661319,201913|203411|204296|204327|204329,complete,playbyplay_inferred,201477|203825|1628276|1628917|1628932,complete,playbyplay_inferred,1611661319,Las Vegas Aces
Shot Chart Detail,1021800192,93,1628917,JiSu Park,1611661313,New York Liberty,1,2,22,Missed Shot,Jump Shot,2PT Field Goal,Mid-Range,Center(C),16-24 ft.,16,-24,161,1,0,20180815,LVA,NYL,2018,102180019293,4580,validated,,0,matched,playbyplayv2,1611661319,201913|203411|204296|204327|204329,complete,playbyplay_inferred,201477|203825|1628276|1628917|1628932,complete,playbyplay_inferred,1611661319,Las Vegas Aces
Shot Chart Detail,1021800192,112,1627669,Moriah Jefferson,1611661313,New York Liberty,1,1,20,Made Shot,Jump Shot,2PT Field Goal,Mid-Range,Right Side Center(RC),16-24 ft.,20,114,166,1,1,20180815,LVA,NYL,2018,1021800192112,5200,validated,203825,1,matched,playbyplayv2,1611661319,201913|203829|204296|204327|204329,complete,playbyplay_inferred,203825|1627669|1628269|1628917|1628932,complete,playbyplay_inferred,1611661319,Las Vegas Aces
Shot Chart Detail,1021800192,115,1628917,JiSu Park,1611661313,New York Liberty,1,0,43,Made Shot,Jump Shot,2PT Field Goal,Mid-Range,Right Side Center(RC),16-24 ft.,20,87,187,1,1,20180815,LVA,NYL,2018,1021800192115,5570,validated,1627669,1,matched,playbyplayv2,1611661319,201913|203829|204296|204327|204329,complete,playbyplay_inferred,203825|1627669|1628269|1628917|1628932,complete,playbyplay_inferred,1611661319,Las Vegas Aces
Shot Chart Detail,1021800192,119,1628932,A'ja Wilson,1611661313,New York Liberty,1,0,20,Made Shot,Jump Bank Shot,2PT Field Goal,Mid-Range,Left Side(L),8-16 ft.,9,-86,39,1,1,20180815,LVA,NYL,2018,1021800192119,5800,validated,203825,1,matched,playbyplayv2,1611661319,201913|203829|204296|204327|204329,complete,playbyplay_inferred,203825|1627669|1628269|1628917|1628932,complete,playbyplay_inferred,1611661319,Las Vegas Aces
Shot Chart Detail,1021800192,133,1628913,Jaime Nared,1611661313,New York Liberty,2,9,28,Missed Shot,Jump Shot,3PT Field Goal,Above the Break 3,Right Side Center(RC),24+ ft.,24,145,201,1,0,20180815,LVA,NYL,2018,1021800192133,6320,validated,,0,matched,playbyplayv2,1611661319,201889|203829|204296|204327|204329,complete,playbyplay_inferred,204324|1627669|1628269|1628913|1628917,complete,playbyplay_inferred,1611661319,Las Vegas Aces
Shot Chart Detail,1021800192,173,1627669,Moriah Jefferson,1611661313,New York Liberty,2,7,13,Missed Shot,Pullup Jump shot,2PT Field Goal,Mid-Range,Right Side(R),8-16 ft.,14,96,114,1,0,20180815,LVA,NYL,2018,1021800192173,7670,validated,,0,matched,playbyplayv2,1611661319,201889|203411|203829|204296|204329,complete,playbyplay_inferred,204324|1627669|1628269|1628913|1628917,complete,playbyplay_inferred,1611661319,Las Vegas Aces
Shot Chart Detail,1021800192,176,1627669,Moriah Jefferson,1611661313,New York Liberty,2,6,50,Missed Shot,Jump Shot,2PT Field Goal,Mid-Range,Left Side Center(LC),16-24 ft.,18,-115,145,1,0,20180815,LVA,NYL,2018,1021800192176,7900,validated,,0,matched,playbyplayv2,1611661319,201889|203411|203829|204296|204329,complete,playbyplay_inferred,204324|1627669|1628269|1628913|1628917,complete,playbyplay_inferred,1611661319,Las Vegas Aces
Shot Chart Detail,1021800192,183,204324,Dearica Hamby,1611661313,New York Liberty,2,6,20,Made Shot,Jump Shot,3PT Field Goal,Above the Break 3,Center(C),24+ ft.,26,-48,258,1,1,20180815,LVA,NYL,2018,1021800192183,8200,validated,1627669,1,matched,playbyplayv2,1611661319,201889|203411|203829|204296|204329,complete,playbyplay_inferred,204324|1627669|1628269|1628913|1628917,complete,playbyplay_inferred,1611661319,Las Vegas Aces
Shot Chart Detail,1021800192,187,1628913,Jaime Nared,1611661313,New York Liberty,2,5,56,Missed Shot,Jump Shot,3PT Field Goal,Above the Break 3,Right Side Center(RC),24+ ft.,24,80,235,1,0,20180815,LVA,NYL,2018,1021800192187,8440,validated,,0,matched,playbyplayv2,1611661319,201889|203411|203829|204296|204329,complete,playbyplay_inferred,204324|1627669|1628269|1628913|1628917,complete,playbyplay_inferred,1611661319,Las Vegas Aces
Shot Chart Detail,1021800192,196,204324,Dearica Hamby,1611661313,New York Liberty,2,5,46,Missed Shot,Jump Shot,3PT Field Goal,Above the Break 3,Center(C),24+ ft.,24,43,238,1,0,20180815,LVA,NYL,2018,1021800192196,8540,validated,,0,matched,playbyplayv2,1611661319,201889|203411|204296|204329|1628915,complete,playbyplay_inferred,203402|204324|1627669|1628269|1628913,complete,playbyplay_inferred,1611661319,Las Vegas Aces
Shot Chart Detail,1021800192,201,203402,Kelsey Bone,1611661313,New York Liberty,2,5,8,Made Shot,Jump Shot,2PT Field Goal,Mid-Range,Right Side Center(RC),16-24 ft.,16,54,161,1,1,20180815,LVA,NYL,2018,1021800192201,8920,validated,,0,matched,playbyplayv2,1611661319,201889|203411|204296|204329|1628915,complete,playbyplay_inferred,203402|204324|1627669|1628269|1628913,complete,playbyplay_inferred,1611661319,Las Vegas Aces
Shot Chart Detail,1021800192,211,1628913,Jaime Nared,1611661313,New York Liberty,2,4,40,Missed Shot,Jump Shot,3PT Field Goal,Above the Break 3,Right Side Center(RC),24+ ft.,23,195,136,1,0,20180815,LVA,NYL,2018,1021800192211,9200,validated,,0,matched,playbyplayv2,1611661319,203411|204296|204327|204329|1628915,complete,playbyplay_inferred,201477|203402|204324|1627669|1628913,complete,playbyplay_inferred,1611661319,Las Vegas Aces
Shot Chart Detail,1021800192,217,201477,Tamera Young,1611661313,New York Liberty,2,3,57,Missed Shot,Step Back Jump shot,2PT Field Goal,Mid-Range,Right Side(R),8-16 ft.,15,158,16,1,0,20180815,LVA,NYL,2018,1021800192217,9630,validated,,0,matched,playbyplayv2,1611661319,203411|204296|204327|204329|1628915,complete,playbyplay_inferred,201477|203402|204324|1627669|1628913,complete,playbyplay_inferred,1611661319,Las Vegas Aces
Shot Chart Detail,1021800192,221,204324,Dearica Hamby,1611661313,New York Liberty,2,3,30,Missed Shot,Turnaround Hook Shot,2PT Field Goal,Mid-Range,Right Side(R),16-24 ft.,16,167,28,1,0,20180815,LVA,NYL,2018,1021800192221,9900,validated,,0,matched,playbyplayv2,1611661319,203411|204296|204327|204329|1628915,complete,playbyplay_inferred,201477|203402|204324|1627669|1628913,complete,playbyplay_inferred,1611661319,Las Vegas Aces
Shot Chart Detail,1021800192,233,1628932,A'ja Wilson,1611661313,New York Liberty,2,2,57,Made Shot,Cutting Layup Shot,2PT Field Goal,Restricted Area,Center(C),Less Than 8 ft.,3,-30,2,1,1,20180815,LVA,NYL,2018,1021800192233,10230,validated,201477,1,matched,playbyplayv2,1611661319,203411|204296|204327|204329|1628915,complete,playbyplay_inferred,201477|203402|203825|1628276|1628932,complete,playbyplay_inferred,1611661319,Las Vegas Aces
Shot Chart Detail,1021800192,237,1628932,A'ja Wilson,1611661313,New York Liberty,2,2,22,Missed Shot,Turnaround Fadeaway shot,2PT Field Goal,Mid-Range,Right Side(R),8-16 ft.,15,151,50,1,0,20180815,LVA,NYL,2018,1021800192237,10580,validated,,0,matched,playbyplayv2,1611661319,203411|204296|204327|204329|1628915,complete,playbyplay_inferred,201477|203402|203825|1628276|1628932,complete,playbyplay_inferred,1611661319,Las Vegas Aces
Shot Chart Detail,1021800192,245,1628932,A'ja Wilson,1611661313,New York Liberty,2,1,19,Made Shot,Cutting Layup Shot,2PT Field Goal,In The Paint (Non-RA),Center(C),Less Than 8 ft.,7,-75,-1,1,1,20180815,LVA,NYL,2018,1021800192245,11210,validated,201477,1,matched,playbyplayv2,1611661319,203411|204296|204327|204329|1628915,complete,playbyplay_inferred,201477|203402|203825|1628276|1628932,complete,playbyplay_inferred,1611661319,Las Vegas Aces
Shot Chart Detail,1021800192,274,203825,Kayla McBride,1611661313,New York Liberty,3,9,20,Missed Shot,Jump Shot,2PT Field Goal,Mid-Range,Right Side(R),8-16 ft.,15,125,92,1,0,20180815,LVA,NYL,2018,1021800192274,12400,validated,,0,matched,playbyplayv2,1611661319,201889|203411|204327|204329|1628915,complete,playbyplay_inferred,201477|202670|203825|1628276|1628932,complete,playbyplay_inferred,1611661319,Las Vegas Aces
Shot Chart Detail,1021800192,288,203825,Kayla McBride,1611661313,New York Liberty,3,8,23,Missed Shot,Driving Layup Shot,2PT Field Goal,Mid-Range,Left Side(L),8-16 ft.,11,-98,60,1,0,20180815,LVA,NYL,2018,1021800192288,12970,validated,,0,matched,playbyplayv2,1611661319,201889|203411|204327|204329|1628915,complete,playbyplay_inferred,201477|202670|203825|1628276|1628932,complete,playbyplay_inferred,1611661319,Las Vegas Aces
Shot Chart Detail,1021800192,292,1628932,A'ja Wilson,1611661313,New York Liberty,3,7,54,Missed Shot,Reverse Layup Shot,2PT Field Goal,In The Paint (Non-RA),Center(C),Less Than 8 ft.,4,48,4,1,0,20180815,LVA,NYL,2018,1021800192292,13260,validated,,0,matched,playbyplayv2,1611661319,201889|203411|204327|204329|1628915,complete,playbyplay_inferred,201477|202670|203825|1628276|1628932,complete,playbyplay_inferred,1611661319,Las Vegas Aces
Shot Chart Detail,1021800192,296,1628932,A'ja Wilson,1611661313,New York Liberty,3,7,31,Missed Shot,Layup Shot,2PT Field Goal,In The Paint (Non-RA),Center(C),Less Than 8 ft.,5,0,58,1,0,20180815,LVA,NYL,2018,1021800192296,13490,validated,,0,matched,playbyplayv2,1611661319,201889|203411|204327|204329|1628915,complete,playbyplay_inferred,201477|202670|203825|1628276|1628932,complete,playbyplay_inferred,1611661319,Las Vegas Aces
Shot Chart Detail,1021800192,298,202670,Carolyn Swords,1611661313,New York Liberty,3,7,26,Made Shot,Putback Layup Shot,2PT Field Goal,Restricted Area,Center(C),Less Than 8 ft.,0,0,-6,1,1,20180815,LVA,NYL,2018,1021800192298,13540,validated,,0,matched,playbyplayv2,1611661319,201889|203411|204327|204329|1628915,complete,playbyplay_inferred,201477|202670|203825|1628276|1628932,complete,playbyplay_inferred,1611661319,Las Vegas Aces
Shot Chart Detail,1021800192,302,201477,Tamera Young,1611661313,New York Liberty,3,6,52,Made Shot,Pullup Jump shot,2PT Field Goal,Mid-Range,Right Side(R),8-16 ft.,12,124,34,1,1,20180815,LVA,NYL,2018,1021800192302,13880,validated,,0,matched,playbyplayv2,1611661319,201889|203411|204327|204329|1628915,complete,playbyplay_inferred,201477|202670|203825|1628276|1628932,complete,playbyplay_inferred,1611661319,Las Vegas Aces
Shot Chart Detail,1021800192,305,203825,Kayla McBride,1611661313,New York Liberty,3,6,23,Missed Shot,Floating Jump shot,2PT Field Goal,Mid-Range,Left Side(L),8-16 ft.,14,-137,46,1,0,20180815,LVA,NYL,2018,1021800192305,14170,validated,,0,matched,playbyplayv2,1611661319,201889|203411|204327|204329|1628915,complete,playbyplay_inferred,201477|202670|203825|1628276|1628932,complete,playbyplay_inferred,1611661319,Las Vegas Aces
Shot Chart Detail,1021800192,317,202670,Carolyn Swords,1611661313,New York Liberty,3,5,42,Missed Shot,Turnaround Hook Shot,2PT Field Goal,Mid-Range,Left Side(L),8-16 ft.,15,-121,90,1,0,20180815,LVA,NYL,2018,1021800192317,14580,validated,,0,matched,playbyplayv2,1611661319,201889|203411|204327|204329|1628915,complete,playbyplay_inferred,201477|202670|1627669|1628276|1628932,complete,playbyplay_inferred,1611661319,Las Vegas Aces
Shot Chart Detail,1021800192,322,1627669,Moriah Jefferson,1611661313,New York Liberty,3,5,12,Missed Shot,Floating Jump shot,2PT Field Goal,In The Paint (Non-RA),Center(C),8-16 ft.,10,42,92,1,0,20180815,LVA,NYL,2018,1021800192322,14880,validated,,0,matched,playbyplayv2,1611661319,201889|203411|204327|204329|1628915,complete,playbyplay_inferred,201477|202670|1627669|1628276|1628932,complete,playbyplay_inferred,1611661319,Las Vegas Aces
Shot Chart Detail,1021800192,324,202670,Carolyn Swords,1611661313,New York Liberty,3,5,7,Made Shot,Putback Layup Shot,2PT Field Goal,Restricted Area,Center(C),Less Than 8 ft.,0,0,-6,1,1,20180815,LVA,NYL,2018,1021800192324,14930,validated,,0,matched,playbyplayv2,1611661319,201889|203411|204327|204329|1628915,complete,playbyplay_inferred,201477|202670|1627669|1628276|1628932,complete,playbyplay_inferred,1611661319,Las Vegas Aces
Shot Chart Detail,1021800192,327,201477,Tamera Young,1611661313,New York Liberty,3,4,42,Made Shot,Jump Shot,2PT Field Goal,Mid-Range,Left Side(L),8-16 ft.,15,-152,17,1,1,20180815,LVA,NYL,2018,1021800192327,15180,validated,1627669,1,matched,playbyplayv2,1611661319,201889|203411|204327|204329|1628915,complete,playbyplay_inferred,201477|202670|1627669|1628276|1628932,complete,playbyplay_inferred,1611661319,Las Vegas Aces
Shot Chart Detail,1021800192,331,1627669,Moriah Jefferson,1611661313,New York Liberty,3,4,18,Missed Shot,Jump Shot,3PT Field Goal,Above the Break 3,Left Side Center(LC),24+ ft.,24,-221,99,1,0,20180815,LVA,NYL,2018,1021800192331,15420,validated,,0,matched,playbyplayv2,1611661319,201889|203411|204327|204329|1628915,complete,playbyplay_inferred,201477|202670|1627669|1628276|1628932,complete,playbyplay_inferred,1611661319,Las Vegas Aces
Shot Chart Detail,1021800192,335,201477,Tamera Young,1611661313,New York Liberty,3,3,49,Made Shot,Pullup Jump shot,2PT Field Goal,Mid-Range,Left Side(L),8-16 ft.,14,-143,27,1,1,20180815,LVA,NYL,2018,1021800192335,15710,validated,,0,matched,playbyplayv2,1611661319,201889|203411|204327|204329|1628915,complete,playbyplay_inferred,201477|202670|1627669|1628276|1628932,complete,playbyplay_inferred,1611661319,Las Vegas Aces
Shot Chart Detail,1021800192,348,201477,Tamera Young,1611661313,New York Liberty,3,2,38,Missed Shot,Pullup Jump shot,2PT Field Goal,Mid-Range,Center(C),16-24 ft.,18,49,178,1,0,20180815,LVA,NYL,2018,1021800192348,16420,validated,,0,matched,playbyplayv2,1611661319,201889|203411|203829|204329|1628915,complete,playbyplay_inferred,201477|204324|1627669|1628276|1628932,complete,playbyplay_inferred,1611661319,Las Vegas Aces
Shot Chart Detail,1021800192,354,201477,Tamera Young,1611661313,New York Liberty,3,2,3,Made Shot,Jump Shot,3PT Field Goal,Above the Break 3,Left Side Center(LC),24+ ft.,24,-111,222,1,1,20180815,LVA,NYL,2018,1021800192354,16770,validated,1628276,1,matched,playbyplayv2,1611661319,201889|203411|203829|204329|1628915,complete,playbyplay_inferred,201477|204324|1627669|1628276|1628932,complete,playbyplay_inferred,1611661319,Las Vegas Aces
Shot Chart Detail,1021800192,362,1627669,Moriah Jefferson,1611661313,New York Liberty,3,1,31,Made Shot,Reverse Layup Shot,2PT Field Goal,In The Paint (Non-RA),Center(C),Less Than 8 ft.,4,-29,39,1,1,20180815,LVA,NYL,2018,1021800192362,17090,validated,,0,matched,playbyplayv2,1611661319,203411|203829|204296|204329|1628915,complete,playbyplay_inferred,201477|204324|1627669|1628276|1628932,complete,playbyplay_inferred,1611661319,Las Vegas Aces
Shot Chart Detail,1021800192,377,1628276,Kelsey Plum,1611661313,New York Liberty,3,0,33,Missed Shot,Pullup Jump shot,2PT Field Goal,Mid-Range,Center(C),16-24 ft.,16,-26,164,1,0,20180815,LVA,NYL,2018,1021800192377,17670,validated,,0,matched,playbyplayv2,1611661319,203411|203829|204296|204329|1628915,complete,playbyplay_inferred,201477|204324|1627669|1628276|1628932,complete,playbyplay_inferred,1611661319,Las Vegas Aces
Shot Chart Detail,1021800192,381,1628276,Kelsey Plum,1611661313,New York Liberty,3,0,0,Missed Shot,Pullup Jump shot,3PT Field Goal,Above the Break 3,Right Side Center(RC),24+ ft.,26,169,202,1,0,20180815,LVA,NYL,2018,1021800192381,18000,validated,,0,matched,playbyplayv2,1611661319,203411|203829|204296|204329|1628915,complete,playbyplay_inferred,201477|204324|1627669|1628276|1628932,complete,playbyplay_inferred,1611661319,Las Vegas Aces
Shot Chart Detail,1021800192,388,203825,Kayla McBride,1611661313,New York Liberty,4,9,46,Made Shot,Floating Jump shot,2PT Field Goal,In The Paint (Non-RA),Center(C),8-16 ft.,11,50,101,1,1,20180815,LVA,NYL,2018,1021800192388,18140,validated,204324,1,matched,playbyplayv2,1611661319,203411|203829|204296|204329|1628915,complete,playbyplay_inferred,203825|204324|1627669|1628276|1628932,complete,playbyplay_inferred,1611661319,Las Vegas Aces
Shot Chart Detail,1021800192,391,1628276,Kelsey Plum,1611661313,New York Liberty,4,9,4,Missed Shot,Jump Shot,3PT Field Goal,Above the Break 3,Right Side(R),24+ ft.,24,228,84,1,0,20180815,LVA,NYL,2018,1021800192391,18560,validated,,0,matched,playbyplayv2,1611661319,203411|203829|204296|204329|1628915,complete,playbyplay_inferred,203825|204324|1627669|1628276|1628932,complete,playbyplay_inferred,1611661319,Las Vegas Aces
Shot Chart Detail,1021800192,393,1627669,Moriah Jefferson,1611661313,New York Liberty,4,8,56,Made Shot,Jump Shot,2PT Field Goal,Mid-Range,Left Side(L),8-16 ft.,15,-148,30,1,1,20180815,LVA,NYL,2018,1021800192393,18640,validated,,0,matched,playbyplayv2,1611661319,203411|203829|204296|204329|1628915,complete,playbyplay_inferred,203825|204324|1627669|1628276|1628932,complete,playbyplay_inferred,1611661319,Las Vegas Aces
Shot Chart Detail,1021800192,396,1627669,Moriah Jefferson,1611661313,New York Liberty,4,8,9,Made Shot,Pullup Jump shot,2PT Field Goal,Mid-Range,Left Side Center(LC),16-24 ft.,16,-128,99,1,1,20180815,LVA,NYL,2018,1021800192396,19110,validated,,0,matched,playbyplayv2,1611661319,203411|203829|204296|204329|1628915,complete,playbyplay_inferred,203825|204324|1627669|1628276|1628932,complete,playbyplay_inferred,1611661319,Las Vegas Aces
Shot Chart Detail,1021800192,399,203825,Kayla McBride,1611661313,New York Liberty,4,7,37,Made Shot,Driving Layup Shot,2PT Field Goal,Mid-Range,Left Side(L),8-16 ft.,11,-107,38,1,1,20180815,LVA,NYL,2018,1021800192399,19430,validated,,0,matched,playbyplayv2,1611661319,203411|203829|204296|204329|1628915,complete,playbyplay_inferred,203825|204324|1627669|1628276|1628932,complete,playbyplay_inferred,1611661319,Las Vegas Aces
Shot Chart Detail,1021800192,406,1628276,Kelsey Plum,1611661313,New York Liberty,4,7,2,Made Shot,Pullup Jump shot,2PT Field Goal,Mid-Range,Left Side(L),16-24 ft.,19,-171,90,1,1,20180815,LVA,NYL,2018,1021800192406,19780,validated,201477,1,matched,playbyplayv2,1611661319,203411|203829|204296|204329|1628915,complete,playbyplay_inferred,201477|203825|204324|1627669|1628276,complete,playbyplay_inferred,1611661319,Las Vegas Aces
Shot Chart Detail,1021800192,410,203825,Kayla McBride,1611661313,New York Liberty,4,6,30,Made Shot,Floating Jump shot,2PT Field Goal,Mid-Range,Right Side(R),8-16 ft.,13,87,99,1,1,20180815,LVA,NYL,2018,1021800192410,20100,validated,204324,1,matched,playbyplayv2,1611661319,203411|203829|204296|204329|1628915,complete,playbyplay_inferred,201477|203825|204324|1627669|1628276,complete,playbyplay_inferred,1611661319,Las Vegas Aces
Shot Chart Detail,1021800192,414,204324,Dearica Hamby,1611661313,New York Liberty,4,5,53,Missed Shot,Turnaround Hook Shot,2PT Field Goal,In The Paint (Non-RA),Center(C),8-16 ft.,9,-12,93,1,0,20180815,LVA,NYL,2018,1021800192414,20470,validated,,0,matched,playbyplayv2,1611661319,203411|203829|204296|204329|1628915,complete,playbyplay_inferred,201477|203825|204324|1627669|1628276,complete,playbyplay_inferred,1611661319,Las Vegas Aces
Shot Chart Detail,1021800192,418,203825,Kayla McBride,1611661313,New York Liberty,4,5,40,Missed Shot,Jump Shot,3PT Field Goal,Above the Break 3,Center(C),24+ ft.,24,-62,242,1,0,20180815,LVA,NYL,2018,1021800192418,20600,validated,,0,matched,playbyplayv2,1611661319,203411|203829|204296|204329|1628915,complete,playbyplay_inferred,201477|203825|204324|1627669|1628276,complete,playbyplay_inferred,1611661319,Las Vegas Aces
Shot Chart Detail,1021800192,443,1628276,Kelsey Plum,1611661313,New York Liberty,4,4,9,Missed Shot,Jump Shot,3PT Field Goal,Above the Break 3,Right Side Center(RC),24+ ft.,26,166,208,1,0,20180815,LVA,NYL,2018,1021800192443,21510,validated,,0,matched,playbyplayv2,1611661319,201889|203829|204296|204327|204329,complete,playbyplay_inferred,201477|203825|1627669|1628276|1628932,complete,playbyplay_inferred,1611661319,Las Vegas Aces
Shot Chart Detail,1021800192,448,1628932,A'ja Wilson,1611661313,New York Liberty,4,2,43,Missed Shot,Jump Shot,2PT Field Goal,Mid-Range,Left Side(L),8-16 ft.,14,-86,115,1,0,20180815,LVA,NYL,2018,1021800192448,22370,validated,,0,matched,playbyplayv2,1611661319,201889|203829|204296|204327|204329,complete,playbyplay_inferred,201477|203825|1627669|1628276|1628932,complete,playbyplay_inferred,1611661319,Las Vegas Aces
Shot Chart Detail,1021800192,457,203825,Kayla McBride,1611661313,New York Liberty,4,2,10,Made Shot,Driving Layup Shot,2PT Field Goal,Mid-Range,Right Side(R),8-16 ft.,9,93,19,1,1,20180815,LVA,NYL,2018,1021800192457,22700,validated,,0,matched,playbyplayv2,1611661319,201889|203829|204296|204327|204329,complete,playbyplay_inferred,201477|203825|204324|1628276|1628932,complete,playbyplay_inferred,1611661319,Las Vegas Aces
Shot Chart Detail,1021800192,459,203825,Kayla McBride,1611661313,New York Liberty,4,1,33,Made Shot,Jump Shot,3PT Field Goal,Above the Break 3,Right Side Center(RC),24+ ft.,25,163,199,1,1,20180815,LVA,NYL,2018,1021800192459,23070,validated,204324,1,matched,playbyplayv2,1611661319,201889|203829|204296|204327|204329,complete,playbyplay_inferred,201477|203825|204324|1628276|1628932,complete,playbyplay_inferred,1611661319,Las Vegas Aces
Shot Chart Detail,1021800192,463,203825,Kayla McBride,1611661313,New York Liberty,4,1,7,Made Shot,Floating Jump shot,2PT Field Goal,In The Paint (Non-RA),Center(C),8-16 ft.,9,-35,88,1,1,20180815,LVA,NYL,2018,1021800192463,23330,validated,1628276,1,matched,playbyplayv2,1611661319,201889|203829|204296|204327|204329,complete,playbyplay_inferred,201477|203825|204324|1628276|1628932,complete,playbyplay_inferred,1611661319,Las Vegas Aces
Shot Chart Detail,1021800192,484,1628276,Kelsey Plum,1611661313,New York Liberty,4,0,31,Made Shot,Driving Layup Shot,2PT Field Goal,Mid-Range,Left Side Center(LC),16-24 ft.,16,-126,110,1,1,20180815,LVA,NYL,2018,1021800192484,23690,validated,,0,matched,playbyplayv2,1611661319,203411|203829|204296|204327|204329,complete,playbyplay_inferred,204324|1628269|1628276|1628913|1628917,complete,playbyplay_inferred,1611661319,Las Vegas Aces
Shot Chart Detail,1021800197,10,100720,Sue Bird,1611661313,New York Liberty,1,9,39,Made Shot,Jump Shot,2PT Field Goal,Mid-Range,Center(C),16-24 ft.,16,1,162,1,1,20180817,SEA,NYL,2018,102180019710,210,validated,,0,matched,playbyplayv2,1611661328,201889|202250|203411|204327|1628915,complete,playbyplay_inferred,100720|202252|203827|204319|1627668,complete,playbyplay_inferred,1611661328,Seattle Storm
Shot Chart Detail,1021800197,13,1627668,Breanna Stewart,1611661313,New York Liberty,1,9,10,Made Shot,Jump Shot,3PT Field Goal,Above the Break 3,Right Side(R),24+ ft.,22,226,37,1,1,20180817,SEA,NYL,2018,102180019713,500,validated,202252,1,matched,playbyplayv2,1611661328,201889|202250|203411|204327|1628915,complete,playbyplay_inferred,100720|202252|203827|204319|1627668,complete,playbyplay_inferred,1611661328,Seattle Storm
Shot Chart Detail,1021800197,21,204319,Jewell Loyd,1611661313,New York Liberty,1,8,27,Made Shot,Jump Shot,3PT Field Goal,Above the Break 3,Left Side(L),16-24 ft.,22,-193,124,1,1,20180817,SEA,NYL,2018,102180019721,930,validated,202252,1,matched,playbyplayv2,1611661328,201889|202250|203411|204327|1628915,complete,playbyplay_inferred,100720|202252|203827|204319|1627668,complete,playbyplay_inferred,1611661328,Seattle Storm
Shot Chart Detail,1021800197,24,204319,Jewell Loyd,1611661313,New York Liberty,1,8,3,Missed Shot,Jump Shot,3PT Field Goal,Above the Break 3,Right Side Center(RC),24+ ft.,24,92,232,1,0,20180817,SEA,NYL,2018,102180019724,1170,validated,,0,matched,playbyplayv2,1611661328,201889|202250|203411|204327|1628915,complete,playbyplay_inferred,100720|202252|203827|204319|1627668,complete,playbyplay_inferred,1611661328,Seattle Storm
Shot Chart Detail,1021800197,26,203827,Natasha Howard,1611661313,New York Liberty,1,7,58,Made Shot,Layup Shot,2PT Field Goal,Restricted Area,Center(C),Less Than 8 ft.,2,-21,16,1,1,20180817,SEA,NYL,2018,102180019726,1220,validated,,0,matched,playbyplayv2,1611661328,201889|202250|203411|204327|1628915,complete,playbyplay_inferred,100720|202252|203827|204319|1627668,complete,playbyplay_inferred,1611661328,Seattle Storm
Shot Chart Detail,1021800197,44,204319,Jewell Loyd,1611661313,New York Liberty,1,5,51,Made Shot,Pullup Jump shot,2PT Field Goal,Mid-Range,Center(C),16-24 ft.,17,-30,171,1,1,20180817,SEA,NYL,2018,102180019744,2490,validated,,0,matched,playbyplayv2,1611661328,201889|202250|203411|204327|1628915,complete,playbyplay_inferred,100720|202252|203827|204319|1627668,complete,playbyplay_inferred,1611661328,Seattle Storm
Shot Chart Detail,1021800197,57,204319,Jewell Loyd,1611661313,New York Liberty,1,4,21,Made Shot,Jump Shot,3PT Field Goal,Left Corner 3,Left Side(L),24+ ft.,22,-228,15,1,1,20180817,SEA,NYL,2018,102180019757,3390,validated,202252,1,matched,playbyplayv2,1611661328,201889|202250|203411|204327|1628915,complete,playbyplay_inferred,100720|202252|203827|204319|1627668,complete,playbyplay_inferred,1611661328,Seattle Storm
Shot Chart Detail,1021800197,61,202252,Alysha Clark,1611661313,New York Liberty,1,4,3,Made Shot,Jump Shot,2PT Field Goal,Mid-Range,Right Side(R),8-16 ft.,14,141,17,1,1,20180817,SEA,NYL,2018,102180019761,3570,validated,100720,1,matched,playbyplayv2,1611661328,201889|202250|203411|204327|1628915,complete,playbyplay_inferred,100720|202252|203827|204319|1627668,complete,playbyplay_inferred,1611661328,Seattle Storm
Shot Chart Detail,1021800197,70,203827,Natasha Howard,1611661313,New York Liberty,1,3,21,Missed Shot,Jump Shot,3PT Field Goal,Above the Break 3,Left Side Center(LC),24+ ft.,23,-159,178,1,0,20180817,SEA,NYL,2018,102180019770,3990,validated,,0,matched,playbyplayv2,1611661328,202250|203829|204327|204329|1628915,complete,playbyplay_inferred,100720|202252|203827|204319|1627668,complete,playbyplay_inferred,1611661328,Seattle Storm
Shot Chart Detail,1021800197,74,204319,Jewell Loyd,1611661313,New York Liberty,1,3,7,Missed Shot,Jump Shot,2PT Field Goal,Mid-Range,Left Side Center(LC),16-24 ft.,19,-110,161,1,0,20180817,SEA,NYL,2018,102180019774,4130,validated,,0,matched,playbyplayv2,1611661328,202250|203829|204327|204329|1628915,complete,playbyplay_inferred,100720|202252|203827|204319|1627668,complete,playbyplay_inferred,1611661328,Seattle Storm
Shot Chart Detail,1021800197,78,202252,Alysha Clark,1611661313,New York Liberty,1,2,49,Made Shot,Driving Layup Shot,2PT Field Goal,Restricted Area,Center(C),Less Than 8 ft.,1,13,10,1,1,20180817,SEA,NYL,2018,102180019778,4310,validated,100720,1,matched,playbyplayv2,1611661328,202250|203829|204327|204329|1628915,complete,playbyplay_inferred,100720|202252|203827|204319|1627668,complete,playbyplay_inferred,1611661328,Seattle Storm
Shot Chart Detail,1021800197,90,202252,Alysha Clark,1611661313,New York Liberty,1,1,46,Made Shot,Jump Shot,3PT Field Goal,Above the Break 3,Left Side Center(LC),24+ ft.,24,-158,185,1,1,20180817,SEA,NYL,2018,102180019790,4940,validated,204319,1,matched,playbyplayv2,1611661328,202250|203829|204327|204329|1628915,complete,playbyplay_inferred,100720|202252|203827|204319|1627668,complete,playbyplay_inferred,1611661328,Seattle Storm
Shot Chart Detail,1021800197,111,201518,Crystal Langhorne,1611661313,New York Liberty,1,0,46,Missed Shot,Jump Shot,2PT Field Goal,In The Paint (Non-RA),Center(C),Less Than 8 ft.,7,12,76,1,0,20180817,SEA,NYL,2018,1021800197111,5540,validated,,0,matched,playbyplayv2,1611661328,202250|203829|204296|204327|204329,complete,playbyplay_inferred,201518|204319|204321|1627668|1628886,complete,playbyplay_inferred,1611661328,Seattle Storm
Shot Chart Detail,1021800197,120,204319,Jewell Loyd,1611661313,New York Liberty,1,0,30,Missed Shot,Step Back Jump shot,2PT Field Goal,Mid-Range,Center(C),16-24 ft.,18,-17,189,1,0,20180817,SEA,NYL,2018,1021800197120,5700,validated,,0,matched,playbyplayv2,1611661328,202250|203829|204296|204327|204329,complete,playbyplay_inferred,201518|201907|204319|204321|1628886,complete,playbyplay_inferred,1611661328,Seattle Storm
Shot Chart Detail,1021800197,123,1628886,Jordin Canada,1611661313,New York Liberty,1,0,0,Missed Shot,Turnaround Fadeaway shot,2PT Field Goal,Mid-Range,Right Side(R),8-16 ft.,12,121,-34,1,0,20180817,SEA,NYL,2018,1021800197123,6000,validated,,0,matched,playbyplayv2,1611661328,202250|203829|204296|204327|204329,complete,playbyplay_inferred,201518|201907|204319|204321|1628886,complete,playbyplay_inferred,1611661328,Seattle Storm
Shot Chart Detail,1021800197,135,201518,Crystal Langhorne,1611661313,New York Liberty,2,9,32,Made Shot,Driving Hook Shot,2PT Field Goal,In The Paint (Non-RA),Center(C),Less Than 8 ft.,4,4,42,1,1,20180817,SEA,NYL,2018,1021800197135,6280,validated,,0,matched,playbyplayv2,1611661328,201889|203829|204296|204327|204329,complete,playbyplay_inferred,201518|201907|204321|1628244|1628886,complete,playbyplay_inferred,1611661328,Seattle Storm
Shot Chart Detail,1021800197,141,201518,Crystal Langhorne,1611661313,New York Liberty,2,9,6,Missed Shot,Jump Shot,2PT Field Goal,Mid-Range,Right Side Center(RC),16-24 ft.,20,109,174,1,0,20180817,SEA,NYL,2018,1021800197141,6540,validated,,0,matched,playbyplayv2,1611661328,201889|203829|204296|204327|204329,complete,playbyplay_inferred,201518|201907|204321|1628244|1628886,complete,playbyplay_inferred,1611661328,Seattle Storm
Shot Chart Detail,1021800197,145,1628886,Jordin Canada,1611661313,New York Liberty,2,8,36,Missed Shot,Jump Shot,2PT Field Goal,Mid-Range,Center(C),16-24 ft.,21,-24,210,1,0,20180817,SEA,NYL,2018,1021800197145,6840,validated,,0,matched,playbyplayv2,1611661328,201889|203829|204296|204327|204329,complete,playbyplay_inferred,201518|201907|204321|1628244|1628886,complete,playbyplay_inferred,1611661328,Seattle Storm
Shot Chart Detail,1021800197,149,201518,Crystal Langhorne,1611661313,New York Liberty,2,8,17,Made Shot,Layup Shot,2PT Field Goal,Restricted Area,Center(C),Less Than 8 ft.,2,-25,2,1,1,20180817,SEA,NYL,2018,1021800197149,7030,validated,1628886,1,matched,playbyplayv2,1611661328,201889|203829|204296|204327|204329,complete,playbyplay_inferred,201518|201907|204321|1628244|1628886,complete,playbyplay_inferred,1611661328,Seattle Storm
Shot Chart Detail,1021800197,254,1628244,Sami Whitcomb,1611661313,New York Liberty,2,7,38,Missed Shot,Driving Layup Shot,2PT Field Goal,In The Paint (Non-RA),Center(C),Less Than 8 ft.,4,-45,13,1,0,20180817,SEA,NYL,2018,1021800197254,7420,validated,,0,matched,playbyplayv2,1611661328,201889|203829|204296|204327|204329,complete,playbyplay_inferred,201518|201907|204321|1628244|1628886,complete,playbyplay_inferred,1611661328,Seattle Storm
Shot Chart Detail,1021800197,154,201907,Courtney Paris,1611661313,New York Liberty,2,7,36,Made Shot,Jump Shot,2PT Field Goal,Restricted Area,Center(C),Less Than 8 ft.,2,24,4,1,1,20180817,SEA,NYL,2018,1021800197154,7440,validated,,0,matched,playbyplayv2,1611661328,201889|203829|204296|204327|204329,complete,playbyplay_inferred,201518|201907|204321|1628244|1628886,complete,playbyplay_inferred,1611661328,Seattle Storm
Shot Chart Detail,1021800197,165,1628244,Sami Whitcomb,1611661313,New York Liberty,2,7,10,Missed Shot,Jump Shot,3PT Field Goal,Above the Break 3,Right Side Center(RC),24+ ft.,24,130,203,1,0,20180817,SEA,NYL,2018,1021800197165,7700,validated,,0,matched,playbyplayv2,1611661328,201889|203829|204296|204329|1628915,complete,playbyplay_inferred,201518|201907|202252|1628244|1628886,complete,playbyplay_inferred,1611661328,Seattle Storm
Shot Chart Detail,1021800197,168,201518,Crystal Langhorne,1611661313,New York Liberty,2,6,42,Missed Shot,Jump Shot,2PT Field Goal,In The Paint (Non-RA),Center(C),Less Than 8 ft.,5,-59,0,1,0,20180817,SEA,NYL,2018,1021800197168,7980,validated,,0,matched,playbyplayv2,1611661328,201889|203829|204296|204329|1628915,complete,playbyplay_inferred,201518|201907|202252|1628244|1628886,complete,playbyplay_inferred,1611661328,Seattle Storm
Shot Chart Detail,1021800197,184,201518,Crystal Langhorne,1611661313,New York Liberty,2,5,39,Missed Shot,Jump Shot,2PT Field Goal,Mid-Range,Left Side(L),16-24 ft.,16,-141,88,1,0,20180817,SEA,NYL,2018,1021800197184,8610,validated,,0,matched,playbyplayv2,1611661328,202250|203829|204296|204329|1628915,complete,playbyplay_inferred,100720|201518|202252|204319|1627668,complete,playbyplay_inferred,1611661328,Seattle Storm
Shot Chart Detail,1021800197,195,1627668,Breanna Stewart,1611661313,New York Liberty,2,5,33,Made Shot,Jump Shot,3PT Field Goal,Above the Break 3,Right Side Center(RC),16-24 ft.,23,109,206,1,1,20180817,SEA,NYL,2018,1021800197195,8670,validated,100720,1,matched,playbyplayv2,1611661328,202250|203829|204296|204329|1628915,complete,playbyplay_inferred,100720|202252|203827|204319|1627668,complete,playbyplay_inferred,1611661328,Seattle Storm
Shot Chart Detail,1021800197,205,100720,Sue Bird,1611661313,New York Liberty,2,4,41,Made Shot,Jump Shot,3PT Field Goal,Above the Break 3,Left Side Center(LC),16-24 ft.,23,-189,138,1,1,20180817,SEA,NYL,2018,1021800197205,9190,validated,1627668,1,matched,playbyplayv2,1611661328,202250|203829|204296|204329|1628915,complete,playbyplay_inferred,100720|202252|203827|204319|1627668,complete,playbyplay_inferred,1611661328,Seattle Storm
Shot Chart Detail,1021800197,215,203827,Natasha Howard,1611661313,New York Liberty,2,3,47,Made Shot,Turnaround Jump Shot,2PT Field Goal,In The Paint (Non-RA),Center(C),Less Than 8 ft.,5,53,25,1,1,20180817,SEA,NYL,2018,1021800197215,9730,validated,,0,matched,playbyplayv2,1611661328,202250|203829|204296|204329|1628915,complete,playbyplay_inferred,100720|202252|203827|204319|1627668,complete,playbyplay_inferred,1611661328,Seattle Storm
Shot Chart Detail,1021800197,244,204319,Jewell Loyd,1611661313,New York Liberty,2,1,50,Missed Shot,Jump Shot,3PT Field Goal,Left Corner 3,Left Side(L),24+ ft.,22,-228,-9,1,0,20180817,SEA,NYL,2018,1021800197244,10900,validated,,0,matched,playbyplayv2,1611661328,202250|203829|204327|204329|1628915,complete,playbyplay_inferred,100720|201518|202252|204319|1627668,complete,playbyplay_inferred,1611661328,Seattle Storm
Shot Chart Detail,1021800197,248,204319,Jewell Loyd,1611661313,New York Liberty,2,1,13,Missed Shot,Layup Shot,2PT Field Goal,Restricted Area,Center(C),Less Than 8 ft.,3,25,27,1,0,20180817,SEA,NYL,2018,1021800197248,11270,validated,,0,matched,playbyplayv2,1611661328,202250|203829|204327|204329|1628915,complete,playbyplay_inferred,100720|201518|202252|204319|1627668,complete,playbyplay_inferred,1611661328,Seattle Storm
Shot Chart Detail,1021800197,261,201518,Crystal Langhorne,1611661313,New York Liberty,2,0,41,Made Shot,Layup Shot,2PT Field Goal,Restricted Area,Center(C),Less Than 8 ft.,2,-17,15,1,1,20180817,SEA,NYL,2018,1021800197261,11590,validated,204319,1,matched,playbyplayv2,1611661328,202250|203829|204327|204329|1628915,complete,playbyplay_inferred,100720|201518|202252|204319|1627668,complete,playbyplay_inferred,1611661328,Seattle Storm
Shot Chart Detail,1021800197,271,204319,Jewell Loyd,1611661313,New York Liberty,2,0,1,Missed Shot,Jump Shot,3PT Field Goal,Backcourt,Back Court(BC),Back Court Shot,51,-85,504,1,0,20180817,SEA,NYL,2018,1021800197271,11990,validated,,0,matched,playbyplayv2,1611661328,202250|203829|204327|204329|1628915,complete,playbyplay_inferred,100720|201518|202252|204319|1627668,complete,playbyplay_inferred,1611661328,Seattle Storm
Shot Chart Detail,1021800197,288,1627668,Breanna Stewart,1611661313,New York Liberty,3,9,36,Missed Shot,Turnaround Jump Shot,2PT Field Goal,Mid-Range,Left Side Center(LC),16-24 ft.,21,-97,187,1,0,20180817,SEA,NYL,2018,1021800197288,12240,validated,,0,matched,playbyplayv2,1611661328,201889|202250|203411|204327|1628915,complete,playbyplay_inferred,100720|202252|203827|204319|1627668,complete,playbyplay_inferred,1611661328,Seattle Storm
Shot Chart Detail,1021800197,292,100720,Sue Bird,1611661313,New York Liberty,3,9,13,Made Shot,Pullup Jump shot,2PT Field Goal,Mid-Range,Center(C),8-16 ft.,15,60,143,1,1,20180817,SEA,NYL,2018,1021800197292,12470,validated,,0,matched,playbyplayv2,1611661328,201889|202250|203411|204327|1628915,complete,playbyplay_inferred,100720|202252|203827|204319|1627668,complete,playbyplay_inferred,1611661328,Seattle Storm
Shot Chart Detail,1021800197,298,1627668,Breanna Stewart,1611661313,New York Liberty,3,8,24,Made Shot,Driving Layup Shot,2PT Field Goal,Restricted Area,Center(C),Less Than 8 ft.,3,-20,23,1,1,20180817,SEA,NYL,2018,1021800197298,12960,validated,100720,1,matched,playbyplayv2,1611661328,201889|202250|203411|204327|1628915,complete,playbyplay_inferred,100720|202252|203827|204319|1627668,complete,playbyplay_inferred,1611661328,Seattle Storm
Shot Chart Detail,1021800197,302,100720,Sue Bird,1611661313,New York Liberty,3,7,44,Missed Shot,Jump Shot,3PT Field Goal,Above the Break 3,Left Side Center(LC),24+ ft.,25,-168,186,1,0,20180817,SEA,NYL,2018,1021800197302,13360,validated,,0,matched,playbyplayv2,1611661328,201889|202250|203411|204327|1628915,complete,playbyplay_inferred,100720|202252|203827|204319|1627668,complete,playbyplay_inferred,1611661328,Seattle Storm
Shot Chart Detail,1021800197,307,203827,Natasha Howard,1611661313,New York Liberty,3,7,42,Made Shot,Layup Shot,2PT Field Goal,In The Paint (Non-RA),Center(C),Less Than 8 ft.,4,-47,7,1,1,20180817,SEA,NYL,2018,1021800197307,13380,validated,,0,matched,playbyplayv2,1611661328,201889|202250|203411|204327|1628915,complete,playbyplay_inferred,100720|202252|203827|204319|1627668,complete,playbyplay_inferred,1611661328,Seattle Storm
Shot Chart Detail,1021800197,317,203827,Natasha Howard,1611661313,New York Liberty,3,5,51,Missed Shot,Fadeaway Jump Shot,2PT Field Goal,Mid-Range,Right Side(R),8-16 ft.,11,91,68,1,0,20180817,SEA,NYL,2018,1021800197317,14490,validated,,0,matched,playbyplayv2,1611661328,202250|203411|204327|204329|1628915,complete,playbyplay_inferred,100720|202252|203827|204319|1627668,complete,playbyplay_inferred,1611661328,Seattle Storm
Shot Chart Detail,1021800197,323,203827,Natasha Howard,1611661313,New York Liberty,3,5,7,Missed Shot,Driving Layup Shot,2PT Field Goal,In The Paint (Non-RA),Center(C),Less Than 8 ft.,7,-25,66,1,0,20180817,SEA,NYL,2018,1021800197323,14930,validated,,0,matched,playbyplayv2,1611661328,202250|203411|204327|204329|1628915,complete,playbyplay_inferred,100720|202252|203827|204319|1627668,complete,playbyplay_inferred,1611661328,Seattle Storm
Shot Chart Detail,1021800197,325,203827,Natasha Howard,1611661313,New York Liberty,3,5,4,Missed Shot,Floating Jump shot,2PT Field Goal,In The Paint (Non-RA),Center(C),Less Than 8 ft.,6,-30,62,1,0,20180817,SEA,NYL,2018,1021800197325,14960,validated,,0,matched,playbyplayv2,1611661328,202250|203411|204327|204329|1628915,complete,playbyplay_inferred,100720|202252|203827|204319|1627668,complete,playbyplay_inferred,1611661328,Seattle Storm
Shot Chart Detail,1021800197,345,204319,Jewell Loyd,1611661313,New York Liberty,3,4,10,Missed Shot,Jump Shot,2PT Field Goal,Mid-Range,Left Side Center(LC),16-24 ft.,20,-132,158,1,0,20180817,SEA,NYL,2018,1021800197345,15500,validated,,0,matched,playbyplayv2,1611661328,202250|203829|204327|204329|1628915,complete,playbyplay_inferred,100720|201518|202252|204319|1627668,complete,playbyplay_inferred,1611661328,Seattle Storm
Shot Chart Detail,1021800197,352,1627668,Breanna Stewart,1611661313,New York Liberty,3,3,38,Made Shot,Jump Shot,3PT Field Goal,Above the Break 3,Right Side Center(RC),16-24 ft.,23,181,149,1,1,20180817,SEA,NYL,2018,1021800197352,15820,validated,204319,1,matched,playbyplayv2,1611661328,202250|203829|204327|204329|1628915,complete,playbyplay_inferred,100720|201518|202252|204319|1627668,complete,playbyplay_inferred,1611661328,Seattle Storm
Shot Chart Detail,1021800197,362,202252,Alysha Clark,1611661313,New York Liberty,3,3,10,Missed Shot,Jump Shot,3PT Field Goal,Above the Break 3,Right Side Center(RC),24+ ft.,24,145,200,1,0,20180817,SEA,NYL,2018,1021800197362,16100,validated,,0,matched,playbyplayv2,1611661328,202250|203829|204327|204329|1628915,complete,playbyplay_inferred,100720|201518|202252|204319|1627668,complete,playbyplay_inferred,1611661328,Seattle Storm
Shot Chart Detail,1021800197,364,201518,Crystal Langhorne,1611661313,New York Liberty,3,3,5,Made Shot,Layup Shot,2PT Field Goal,Restricted Area,Center(C),Less Than 8 ft.,1,-12,14,1,1,20180817,SEA,NYL,2018,1021800197364,16150,validated,,0,matched,playbyplayv2,1611661328,202250|203829|204327|204329|1628915,complete,playbyplay_inferred,100720|201518|202252|204319|1627668,complete,playbyplay_inferred,1611661328,Seattle Storm
Shot Chart Detail,1021800197,367,202252,Alysha Clark,1611661313,New York Liberty,3,2,35,Made Shot,Reverse Layup Shot,2PT Field Goal,Restricted Area,Center(C),Less Than 8 ft.,2,21,12,1,1,20180817,SEA,NYL,2018,1021800197367,16450,validated,100720,1,matched,playbyplayv2,1611661328,202250|203829|204327|204329|1628915,complete,playbyplay_inferred,100720|201518|202252|204319|1627668,complete,playbyplay_inferred,1611661328,Seattle Storm
Shot Chart Detail,1021800197,376,202252,Alysha Clark,1611661313,New York Liberty,3,2,6,Missed Shot,Jump Shot,3PT Field Goal,Right Corner 3,Right Side(R),24+ ft.,22,221,12,1,0,20180817,SEA,NYL,2018,1021800197376,16740,validated,,0,matched,playbyplayv2,1611661328,202250|203829|204296|204329|1628915,complete,playbyplay_inferred,100720|201518|202252|204319|1627668,complete,playbyplay_inferred,1611661328,Seattle Storm
Shot Chart Detail,1021800197,382,100720,Sue Bird,1611661313,New York Liberty,3,1,31,Made Shot,Jump Shot,3PT Field Goal,Above the Break 3,Right Side(R),16-24 ft.,23,195,133,1,1,20180817,SEA,NYL,2018,1021800197382,17090,validated,204319,1,matched,playbyplayv2,1611661328,202250|203829|204296|204329|1628915,complete,playbyplay_inferred,100720|201518|202252|204319|1627668,complete,playbyplay_inferred,1611661328,Seattle Storm
Shot Chart Detail,1021800197,390,204319,Jewell Loyd,1611661313,New York Liberty,3,1,4,Missed Shot,Jump Shot,2PT Field Goal,Mid-Range,Left Side(L),16-24 ft.,17,-165,65,1,0,20180817,SEA,NYL,2018,1021800197390,17360,validated,,0,matched,playbyplayv2,1611661328,202250|203829|204296|204329|1628915,complete,playbyplay_inferred,100720|201518|202252|204319|1627668,complete,playbyplay_inferred,1611661328,Seattle Storm
Shot Chart Detail,1021800197,394,204319,Jewell Loyd,1611661313,New York Liberty,3,0,27,Missed Shot,Jump Shot,2PT Field Goal,Mid-Range,Right Side(R),16-24 ft.,17,165,67,1,0,20180817,SEA,NYL,2018,1021800197394,17730,validated,,0,matched,playbyplayv2,1611661328,202250|203829|204296|204329|1628915,complete,playbyplay_inferred,100720|201518|202252|204319|1627668,complete,playbyplay_inferred,1611661328,Seattle Storm
Shot Chart Detail,1021800197,398,204319,Jewell Loyd,1611661313,New York Liberty,3,0,0,Missed Shot,Jump Shot,3PT Field Goal,Above the Break 3,Center(C),24+ ft.,25,15,259,1,0,20180817,SEA,NYL,2018,1021800197398,18000,validated,,0,matched,playbyplayv2,1611661328,202250|203829|204296|204329|1628915,complete,playbyplay_inferred,100720|201518|202252|204319|1627668,complete,playbyplay_inferred,1611661328,Seattle Storm
Shot Chart Detail,1021800197,409,201518,Crystal Langhorne,1611661313,New York Liberty,4,9,44,Missed Shot,Jump Shot,2PT Field Goal,Mid-Range,Center(C),16-24 ft.,18,43,184,1,0,20180817,SEA,NYL,2018,1021800197409,18160,validated,,0,matched,playbyplayv2,1611661328,203411|203829|204296|204329|1628915,complete,playbyplay_inferred,201518|202252|204321|1627668|1628886,complete,playbyplay_inferred,1611661328,Seattle Storm
Shot Chart Detail,1021800197,418,204321,Kaleena Mosqueda-Lewis,1611661313,New York Liberty,4,9,5,Missed Shot,Jump Shot,2PT Field Goal,Mid-Range,Left Side Center(LC),16-24 ft.,19,-98,174,1,0,20180817,SEA,NYL,2018,1021800197418,18550,validated,,0,matched,playbyplayv2,1611661328,203411|203829|204296|204329|1628915,complete,playbyplay_inferred,201518|202252|204321|1627668|1628886,complete,playbyplay_inferred,1611661328,Seattle Storm
Shot Chart Detail,1021800197,425,204321,Kaleena Mosqueda-Lewis,1611661313,New York Liberty,4,8,32,Missed Shot,Jump Shot,3PT Field Goal,Above the Break 3,Center(C),24+ ft.,25,-17,259,1,0,20180817,SEA,NYL,2018,1021800197425,18880,validated,,0,matched,playbyplayv2,1611661328,203411|203829|204296|204329|1628915,complete,playbyplay_inferred,201518|202252|204321|1627668|1628886,complete,playbyplay_inferred,1611661328,Seattle Storm
Shot Chart Detail,1021800197,427,1627668,Breanna Stewart,1611661313,New York Liberty,4,8,19,Made Shot,Jump Shot,3PT Field Goal,Above the Break 3,Center(C),24+ ft.,24,-48,244,1,1,20180817,SEA,NYL,2018,1021800197427,19010,validated,1628886,1,matched,playbyplayv2,1611661328,203411|203829|204296|204329|1628915,complete,playbyplay_inferred,201518|202252|204321|1627668|1628886,complete,playbyplay_inferred,1611661328,Seattle Storm
Shot Chart Detail,1021800197,443,1628886,Jordin Canada,1611661313,New York Liberty,4,7,20,Made Shot,Jump Shot,3PT Field Goal,Above the Break 3,Left Side Center(LC),24+ ft.,28,-169,232,1,1,20180817,SEA,NYL,2018,1021800197443,19600,validated,1627668,1,matched,playbyplayv2,1611661328,202250|203411|203829|204296|204329,complete,playbyplay_inferred,203827|204319|204321|1627668|1628886,complete,playbyplay_inferred,1611661328,Seattle Storm
Shot Chart Detail,1021800197,449,1627668,Breanna Stewart,1611661313,New York Liberty,4,6,51,Missed Shot,Jump Shot,3PT Field Goal,Above the Break 3,Left Side Center(LC),24+ ft.,25,-84,242,1,0,20180817,SEA,NYL,2018,1021800197449,19890,validated,,0,matched,playbyplayv2,1611661328,202250|203411|203829|204296|204329,complete,playbyplay_inferred,203827|204319|204321|1627668|1628886,complete,playbyplay_inferred,1611661328,Seattle Storm
Shot Chart Detail,1021800197,453,204321,Kaleena Mosqueda-Lewis,1611661313,New York Liberty,4,6,32,Missed Shot,Jump Shot,3PT Field Goal,Above the Break 3,Left Side(L),24+ ft.,22,-223,44,1,0,20180817,SEA,NYL,2018,1021800197453,20080,validated,,0,matched,playbyplayv2,1611661328,202250|203411|203829|204296|204329,complete,playbyplay_inferred,203827|204319|204321|1627668|1628886,complete,playbyplay_inferred,1611661328,Seattle Storm
Shot Chart Detail,1021800197,455,204321,Kaleena Mosqueda-Lewis,1611661313,New York Liberty,4,6,27,Made Shot,Jump Shot,3PT Field Goal,Above the Break 3,Left Side Center(LC),24+ ft.,26,-195,173,1,1,20180817,SEA,NYL,2018,1021800197455,20130,validated,204319,1,matched,playbyplayv2,1611661328,202250|203411|203829|204296|204329,complete,playbyplay_inferred,203827|204319|204321|1627668|1628886,complete,playbyplay_inferred,1611661328,Seattle Storm
Shot Chart Detail,1021800197,484,1627668,Breanna Stewart,1611661313,New York Liberty,4,5,8,Made Shot,Jump Shot,3PT Field Goal,Above the Break 3,Right Side Center(RC),24+ ft.,24,92,232,1,1,20180817,SEA,NYL,2018,1021800197484,20920,validated,100720,1,matched,playbyplayv2,1611661328,202250|203411|204327|204329|1628915,complete,playbyplay_inferred,100720|203827|204319|1627668|1628886,complete,playbyplay_inferred,1611661328,Seattle Storm
Shot Chart Detail,1021800197,488,1628886,Jordin Canada,1611661313,New York Liberty,4,4,39,Missed Shot,Jump Shot,3PT Field Goal,Right Corner 3,Right Side(R),24+ ft.,23,231,9,1,0,20180817,SEA,NYL,2018,1021800197488,21210,validated,,0,matched,playbyplayv2,1611661328,202250|203411|204327|204329|1628915,complete,playbyplay_inferred,100720|203827|204319|1627668|1628886,complete,playbyplay_inferred,1611661328,Seattle Storm
Shot Chart Detail,1021800197,499,203827,Natasha Howard,1611661313,New York Liberty,4,3,27,Missed Shot,Reverse Layup Shot,2PT Field Goal,Restricted Area,Center(C),Less Than 8 ft.,1,-19,3,1,0,20180817,SEA,NYL,2018,1021800197499,21930,validated,,0,matched,playbyplayv2,1611661328,202250|203411|203829|204329|1628915,complete,playbyplay_inferred,100720|203827|204319|1627668|1628886,complete,playbyplay_inferred,1611661328,Seattle Storm
Shot Chart Detail,1021800197,503,1628886,Jordin Canada,1611661313,New York Liberty,4,2,58,Missed Shot,Jump Shot,3PT Field Goal,Above the Break 3,Left Side Center(LC),24+ ft.,24,-152,196,1,0,20180817,SEA,NYL,2018,1021800197503,22220,validated,,0,matched,playbyplayv2,1611661328,202250|203411|203829|204329|1628915,complete,playbyplay_inferred,100720|203827|204319|1627668|1628886,complete,playbyplay_inferred,1611661328,Seattle Storm
Shot Chart Detail,1021800197,507,1628886,Jordin Canada,1611661313,New York Liberty,4,2,19,Missed Shot,Jump Shot,3PT Field Goal,Above the Break 3,Right Side(R),16-24 ft.,22,219,61,1,0,20180817,SEA,NYL,2018,1021800197507,22610,validated,,0,matched,playbyplayv2,1611661328,202250|203411|203829|204329|1628915,complete,playbyplay_inferred,100720|203827|204319|1627668|1628886,complete,playbyplay_inferred,1611661328,Seattle Storm
Shot Chart Detail,1021800197,520,100720,Sue Bird,1611661313,New York Liberty,4,1,55,Made Shot,Jump Shot,3PT Field Goal,Above the Break 3,Left Side Center(LC),24+ ft.,24,-97,227,1,1,20180817,SEA,NYL,2018,1021800197520,22850,validated,,0,matched,playbyplayv2,1611661328,202250|203411|203829|204329|1628915,complete,playbyplay_inferred,100720|202252|203827|204319|1627668,complete,playbyplay_inferred,1611661328,Seattle Storm
Shot Chart Detail,1021800197,525,203827,Natasha Howard,1611661313,New York Liberty,4,1,21,Missed Shot,Jump Shot,3PT Field Goal,Above the Break 3,Left Side Center(LC),24+ ft.,25,-147,210,1,0,20180817,SEA,NYL,2018,1021800197525,23190,validated,,0,matched,playbyplayv2,1611661328,202250|203411|203829|204329|1628915,complete,playbyplay_inferred,100720|202252|203827|204319|1627668,complete,playbyplay_inferred,1611661328,Seattle Storm
Shot Chart Detail,1021800197,529,100720,Sue Bird,1611661313,New York Liberty,4,0,55,Missed Shot,Driving Floating Jump Shot,2PT Field Goal,Mid-Range,Right Side Center(RC),16-24 ft.,16,53,151,1,0,20180817,SEA,NYL,2018,1021800197529,23450,validated,,0,matched,playbyplayv2,1611661328,202250|203411|203829|204329|1628915,complete,playbyplay_inferred,100720|202252|203827|204319|1627668,complete,playbyplay_inferred,1611661328,Seattle Storm
Shot Chart Detail,1021800201,7,100940,Diana Taurasi,1611661313,New York Liberty,1,9,41,Missed Shot,Jump Shot,3PT Field Goal,Above the Break 3,Center(C),24+ ft.,23,-48,234,1,0,20180819,PHO,NYL,2018,10218002017,190,validated,,0,matched,playbyplayv2,1611661317,201889|202250|203411|204327|1628915,complete,playbyplay_inferred,100940|201886|201896|203398|203855,complete,playbyplay_inferred,1611661317,Phoenix Mercury
Shot Chart Detail,1021800201,12,201896,Briann January,1611661313,New York Liberty,1,9,19,Made Shot,Running Jump Shot,3PT Field Goal,Right Corner 3,Right Side(R),24+ ft.,22,227,14,1,1,20180819,PHO,NYL,2018,102180020112,410,validated,203855,1,matched,playbyplayv2,1611661317,201889|202250|203411|204327|1628915,complete,playbyplay_inferred,100940|201886|201896|203398|203855,complete,playbyplay_inferred,1611661317,Phoenix Mercury
Shot Chart Detail,1021800201,22,100940,Diana Taurasi,1611661313,New York Liberty,1,8,54,Missed Shot,Running Pull-Up Jump Shot,3PT Field Goal,Above the Break 3,Left Side Center(LC),24+ ft.,23,-97,218,1,0,20180819,PHO,NYL,2018,102180020122,660,validated,,0,matched,playbyplayv2,1611661317,201889|202250|203411|204327|1628915,complete,playbyplay_inferred,100940|201886|201896|203389|203398,complete,playbyplay_inferred,1611661317,Phoenix Mercury
Shot Chart Detail,1021800201,24,203389,Yvonne Turner,1611661313,New York Liberty,1,8,44,Missed Shot,Jump Shot,3PT Field Goal,Above the Break 3,Left Side Center(LC),16-24 ft.,23,-80,218,1,0,20180819,PHO,NYL,2018,102180020124,760,validated,,0,matched,playbyplayv2,1611661317,201889|202250|203411|204327|1628915,complete,playbyplay_inferred,100940|201886|201896|203389|203398,complete,playbyplay_inferred,1611661317,Phoenix Mercury
Shot Chart Detail,1021800201,28,203398,Brittney Griner,1611661313,New York Liberty,1,8,17,Made Shot,Cutting Layup Shot,2PT Field Goal,Restricted Area,Center(C),Less Than 8 ft.,0,2,4,1,1,20180819,PHO,NYL,2018,102180020128,1030,validated,100940,1,matched,playbyplayv2,1611661317,201889|202250|203411|204327|1628915,complete,playbyplay_inferred,100940|201886|201896|203389|203398,complete,playbyplay_inferred,1611661317,Phoenix Mercury
Shot Chart Detail,1021800201,34,203398,Brittney Griner,1611661313,New York Liberty,1,7,41,Missed Shot,Turnaround Hook Shot,2PT Field Goal,Mid-Range,Right Side(R),8-16 ft.,9,93,28,1,0,20180819,PHO,NYL,2018,102180020134,1390,validated,,0,matched,playbyplayv2,1611661317,201889|202250|203411|204327|1628915,complete,playbyplay_inferred,100940|201886|201896|203389|203398,complete,playbyplay_inferred,1611661317,Phoenix Mercury
Shot Chart Detail,1021800201,39,201886,DeWanna Bonner,1611661313,New York Liberty,1,7,32,Missed Shot,Driving Layup Shot,2PT Field Goal,Restricted Area,Center(C),Less Than 8 ft.,1,8,7,1,0,20180819,PHO,NYL,2018,102180020139,1480,validated,,0,matched,playbyplayv2,1611661317,201889|202250|203411|204327|1628915,complete,playbyplay_inferred,100940|201886|201896|203389|203398,complete,playbyplay_inferred,1611661317,Phoenix Mercury
Shot Chart Detail,1021800201,48,201896,Briann January,1611661313,New York Liberty,1,6,59,Made Shot,Pullup Jump shot,2PT Field Goal,Mid-Range,Center(C),16-24 ft.,20,-50,202,1,1,20180819,PHO,NYL,2018,102180020148,1810,validated,100940,1,matched,playbyplayv2,1611661317,201889|202250|203411|204327|1628915,complete,playbyplay_inferred,100940|201886|201896|203389|203398,complete,playbyplay_inferred,1611661317,Phoenix Mercury
Shot Chart Detail,1021800201,51,100940,Diana Taurasi,1611661313,New York Liberty,1,6,28,Missed Shot,Driving Finger Roll Layup Shot,2PT Field Goal,Restricted Area,Center(C),Less Than 8 ft.,0,5,-4,1,0,20180819,PHO,NYL,2018,102180020151,2120,validated,,0,matched,playbyplayv2,1611661317,201889|202250|203411|204327|1628915,complete,playbyplay_inferred,100940|201886|201896|203389|203398,complete,playbyplay_inferred,1611661317,Phoenix Mercury
Shot Chart Detail,1021800201,63,201886,DeWanna Bonner,1611661313,New York Liberty,1,5,50,Made Shot,Running Layup Shot,2PT Field Goal,Restricted Area,Center(C),Less Than 8 ft.,0,0,4,1,1,20180819,PHO,NYL,2018,102180020163,2500,validated,100940,1,matched,playbyplayv2,1611661317,201889|202250|203411|204327|1628915,complete,playbyplay_inferred,100940|201886|201896|203389|203398,complete,playbyplay_inferred,1611661317,Phoenix Mercury
Shot Chart Detail,1021800201,77,203398,Brittney Griner,1611661313,New York Liberty,1,4,41,Made Shot,Driving Reverse Layup Shot,2PT Field Goal,Restricted Area,Center(C),Less Than 8 ft.,0,4,4,1,1,20180819,PHO,NYL,2018,102180020177,3190,validated,203389,1,matched,playbyplayv2,1611661317,201889|202250|203411|204327|1628915,complete,playbyplay_inferred,201507|201886|201896|203389|203398,complete,playbyplay_inferred,1611661317,Phoenix Mercury
Shot Chart Detail,1021800201,91,201886,DeWanna Bonner,1611661313,New York Liberty,1,3,57,Made Shot,Jump Shot,3PT Field Goal,Above the Break 3,Center(C),24+ ft.,25,-18,255,1,1,20180819,PHO,NYL,2018,102180020191,3630,validated,203398,1,matched,playbyplayv2,1611661317,202250|203411|204327|204329|1628915,complete,playbyplay_inferred,201067|201507|201886|203389|203398,complete,playbyplay_inferred,1611661317,Phoenix Mercury
Shot Chart Detail,1021800201,106,203389,Yvonne Turner,1611661313,New York Liberty,1,2,44,Made Shot,Jump Shot,3PT Field Goal,Above the Break 3,Right Side Center(RC),16-24 ft.,23,96,211,1,1,20180819,PHO,NYL,2018,1021800201106,4360,validated,203398,1,matched,playbyplayv2,1611661317,202250|203411|203829|204329|1628915,complete,playbyplay_inferred,201067|201507|201886|203389|203398,complete,playbyplay_inferred,1611661317,Phoenix Mercury
Shot Chart Detail,1021800201,116,201886,DeWanna Bonner,1611661313,New York Liberty,1,1,42,Made Shot,Jump Shot,3PT Field Goal,Above the Break 3,Right Side Center(RC),24+ ft.,25,120,229,1,1,20180819,PHO,NYL,2018,1021800201116,4980,validated,203398,1,matched,playbyplayv2,1611661317,202250|203411|203829|204329|1628915,complete,playbyplay_inferred,201067|201507|201886|203389|203398,complete,playbyplay_inferred,1611661317,Phoenix Mercury
Shot Chart Detail,1021800201,119,203398,Brittney Griner,1611661313,New York Liberty,1,1,9,Missed Shot,Turnaround Jump Shot,2PT Field Goal,In The Paint (Non-RA),Center(C),Less Than 8 ft.,6,-47,51,1,0,20180819,PHO,NYL,2018,1021800201119,5310,validated,,0,matched,playbyplayv2,1611661317,202250|203411|203829|204329|1628915,complete,playbyplay_inferred,201067|201507|201886|203389|203398,complete,playbyplay_inferred,1611661317,Phoenix Mercury
Shot Chart Detail,1021800201,130,203398,Brittney Griner,1611661313,New York Liberty,1,0,4,Missed Shot,Turnaround Jump Shot,2PT Field Goal,In The Paint (Non-RA),Center(C),8-16 ft.,11,17,111,1,0,20180819,PHO,NYL,2018,1021800201130,5960,validated,,0,matched,playbyplayv2,1611661317,202250|203411|203829|204329|1628915,complete,playbyplay_inferred,201067|201507|201886|203389|203398,complete,playbyplay_inferred,1611661317,Phoenix Mercury
Shot Chart Detail,1021800201,132,201507,Leilani Mitchell,1611661313,New York Liberty,1,0,0,Missed Shot,Jump Shot,3PT Field Goal,Above the Break 3,Right Side Center(RC),24+ ft.,24,124,208,1,0,20180819,PHO,NYL,2018,1021800201132,6000,validated,,0,matched,playbyplayv2,1611661317,202250|203411|203829|204329|1628915,complete,playbyplay_inferred,201067|201507|201886|203389|203398,complete,playbyplay_inferred,1611661317,Phoenix Mercury
Shot Chart Detail,1021800201,144,203398,Brittney Griner,1611661313,New York Liberty,2,9,21,Missed Shot,Turnaround Jump Shot,2PT Field Goal,Restricted Area,Center(C),Less Than 8 ft.,0,-1,4,1,0,20180819,PHO,NYL,2018,1021800201144,6390,validated,,0,matched,playbyplayv2,1611661317,202250|203829|204296|204329|1628915,complete,playbyplay_inferred,100940|201896|203016|203398|203855,complete,playbyplay_inferred,1611661317,Phoenix Mercury
Shot Chart Detail,1021800201,166,203016,Devereaux Peters,1611661313,New York Liberty,2,8,17,Made Shot,Jump Shot,2PT Field Goal,Mid-Range,Center(C),16-24 ft.,20,-23,201,1,1,20180819,PHO,NYL,2018,1021800201166,7030,validated,201896,1,matched,playbyplayv2,1611661317,202250|203829|204296|204329|1628915,complete,playbyplay_inferred,100940|201896|203016|203398|203855,complete,playbyplay_inferred,1611661317,Phoenix Mercury
Shot Chart Detail,1021800201,170,100940,Diana Taurasi,1611661313,New York Liberty,2,7,48,Made Shot,Running Pull-Up Jump Shot,3PT Field Goal,Above the Break 3,Left Side Center(LC),24+ ft.,24,-132,210,1,1,20180819,PHO,NYL,2018,1021800201170,7320,validated,,0,matched,playbyplayv2,1611661317,202250|203829|204296|204329|1628915,complete,playbyplay_inferred,100940|201896|203016|203398|203855,complete,playbyplay_inferred,1611661317,Phoenix Mercury
Shot Chart Detail,1021800201,175,203016,Devereaux Peters,1611661313,New York Liberty,2,7,9,Made Shot,Cutting Layup Shot,2PT Field Goal,Restricted Area,Center(C),Less Than 8 ft.,0,-6,1,1,1,20180819,PHO,NYL,2018,1021800201175,7710,validated,201896,1,matched,playbyplayv2,1611661317,202250|203829|204296|204329|1628915,complete,playbyplay_inferred,100940|201896|203016|203398|203855,complete,playbyplay_inferred,1611661317,Phoenix Mercury
Shot Chart Detail,1021800201,181,203016,Devereaux Peters,1611661313,New York Liberty,2,6,12,Missed Shot,Jump Shot,3PT Field Goal,Above the Break 3,Center(C),24+ ft.,23,-19,238,1,0,20180819,PHO,NYL,2018,1021800201181,8280,validated,,0,matched,playbyplayv2,1611661317,202250|203829|204296|204329|1628915,complete,playbyplay_inferred,100940|201896|203016|203398|203855,complete,playbyplay_inferred,1611661317,Phoenix Mercury
Shot Chart Detail,1021800201,186,203398,Brittney Griner,1611661313,New York Liberty,2,5,44,Made Shot,Driving Hook Shot,2PT Field Goal,In The Paint (Non-RA),Center(C),Less Than 8 ft.,4,8,47,1,1,20180819,PHO,NYL,2018,1021800201186,8560,validated,203855,1,matched,playbyplayv2,1611661317,202250|203829|204296|204329|1628915,complete,playbyplay_inferred,100940|201896|203016|203398|203855,complete,playbyplay_inferred,1611661317,Phoenix Mercury
Shot Chart Detail,1021800201,198,100940,Diana Taurasi,1611661313,New York Liberty,2,5,12,Missed Shot,Jump Shot,3PT Field Goal,Above the Break 3,Left Side Center(LC),24+ ft.,24,-114,222,1,0,20180819,PHO,NYL,2018,1021800201198,8880,validated,,0,matched,playbyplayv2,1611661317,203411|203829|204296|204329|1628915,complete,playbyplay_inferred,100940|201886|201896|203016|203855,complete,playbyplay_inferred,1611661317,Phoenix Mercury
Shot Chart Detail,1021800201,204,203016,Devereaux Peters,1611661313,New York Liberty,2,4,41,Missed Shot,Jump Shot,2PT Field Goal,Mid-Range,Left Side(L),16-24 ft.,19,-190,-2,1,0,20180819,PHO,NYL,2018,1021800201204,9190,validated,,0,matched,playbyplayv2,1611661317,203411|203829|204296|204329|1628915,complete,playbyplay_inferred,100940|201886|201896|203016|203855,complete,playbyplay_inferred,1611661317,Phoenix Mercury
Shot Chart Detail,1021800201,215,203398,Brittney Griner,1611661313,New York Liberty,2,4,4,Made Shot,Turnaround Fadeaway Bank Jump Shot,2PT Field Goal,Restricted Area,Center(C),Less Than 8 ft.,2,25,6,1,1,20180819,PHO,NYL,2018,1021800201215,9560,validated,100940,1,matched,playbyplayv2,1611661317,203411|203829|204296|204329|1628915,complete,playbyplay_inferred,100940|201886|201896|203398|203855,complete,playbyplay_inferred,1611661317,Phoenix Mercury
Shot Chart Detail,1021800201,219,100940,Diana Taurasi,1611661313,New York Liberty,2,3,26,Made Shot,Pullup Jump shot,2PT Field Goal,Mid-Range,Left Side(L),8-16 ft.,9,-93,0,1,1,20180819,PHO,NYL,2018,1021800201219,9940,validated,,0,matched,playbyplayv2,1611661317,203411|203829|204296|204329|1628915,complete,playbyplay_inferred,100940|201886|201896|203398|203855,complete,playbyplay_inferred,1611661317,Phoenix Mercury
Shot Chart Detail,1021800201,222,203855,Stephanie Talbot,1611661313,New York Liberty,2,2,47,Made Shot,Turnaround Jump Shot,2PT Field Goal,In The Paint (Non-RA),Center(C),Less Than 8 ft.,7,63,31,1,1,20180819,PHO,NYL,2018,1021800201222,10330,validated,201896,1,matched,playbyplayv2,1611661317,203411|203829|204296|204329|1628915,complete,playbyplay_inferred,100940|201886|201896|203398|203855,complete,playbyplay_inferred,1611661317,Phoenix Mercury
Shot Chart Detail,1021800201,249,100940,Diana Taurasi,1611661313,New York Liberty,2,1,47,Made Shot,Jump Shot,3PT Field Goal,Above the Break 3,Right Side Center(RC),16-24 ft.,23,106,212,1,1,20180819,PHO,NYL,2018,1021800201249,10930,validated,201886,1,matched,playbyplayv2,1611661317,201889|202250|203829|204327|1628915,complete,playbyplay_inferred,100940|201507|201886|201896|202657,complete,playbyplay_inferred,1611661317,Phoenix Mercury
Shot Chart Detail,1021800201,253,201896,Briann January,1611661313,New York Liberty,2,1,12,Missed Shot,Jump Shot,3PT Field Goal,Above the Break 3,Right Side Center(RC),24+ ft.,24,183,158,1,0,20180819,PHO,NYL,2018,1021800201253,11280,validated,,0,matched,playbyplayv2,1611661317,201889|202250|203829|204327|1628915,complete,playbyplay_inferred,100940|201507|201886|201896|202657,complete,playbyplay_inferred,1611661317,Phoenix Mercury
Shot Chart Detail,1021800201,257,201886,DeWanna Bonner,1611661313,New York Liberty,2,0,50,Missed Shot,Running Layup Shot,2PT Field Goal,Restricted Area,Center(C),Less Than 8 ft.,0,-4,1,1,0,20180819,PHO,NYL,2018,1021800201257,11500,validated,,0,matched,playbyplayv2,1611661317,201889|202250|203829|204327|1628915,complete,playbyplay_inferred,100940|201507|201886|201896|202657,complete,playbyplay_inferred,1611661317,Phoenix Mercury
Shot Chart Detail,1021800201,265,201896,Briann January,1611661313,New York Liberty,2,0,5,Missed Shot,Jump Shot,2PT Field Goal,Mid-Range,Center(C),16-24 ft.,17,-41,169,1,0,20180819,PHO,NYL,2018,1021800201265,11950,validated,,0,matched,playbyplayv2,1611661317,201889|202250|203829|204327|1628915,complete,playbyplay_inferred,100940|201507|201886|201896|202657,complete,playbyplay_inferred,1611661317,Phoenix Mercury
Shot Chart Detail,1021800201,283,201886,DeWanna Bonner,1611661313,New York Liberty,3,9,28,Missed Shot,Running Jump Shot,3PT Field Goal,Above the Break 3,Left Side(L),16-24 ft.,23,-214,96,1,0,20180819,PHO,NYL,2018,1021800201283,12320,validated,,0,matched,playbyplayv2,1611661317,202250|203411|204327|204329|1628915,complete,playbyplay_inferred,100940|201886|201896|203398|203855,complete,playbyplay_inferred,1611661317,Phoenix Mercury
Shot Chart Detail,1021800201,289,100940,Diana Taurasi,1611661313,New York Liberty,3,8,43,Missed Shot,Jump Shot,2PT Field Goal,Mid-Range,Left Side Center(LC),16-24 ft.,17,-89,149,1,0,20180819,PHO,NYL,2018,1021800201289,12770,validated,,0,matched,playbyplayv2,1611661317,202250|203411|204327|204329|1628915,complete,playbyplay_inferred,100940|201886|201896|203398|203855,complete,playbyplay_inferred,1611661317,Phoenix Mercury
Shot Chart Detail,1021800201,296,203855,Stephanie Talbot,1611661313,New York Liberty,3,8,1,Made Shot,Jump Shot,3PT Field Goal,Left Corner 3,Left Side(L),24+ ft.,22,-227,2,1,1,20180819,PHO,NYL,2018,1021800201296,13190,validated,201896,1,matched,playbyplayv2,1611661317,202250|203411|204327|204329|1628915,complete,playbyplay_inferred,100940|201886|201896|203398|203855,complete,playbyplay_inferred,1611661317,Phoenix Mercury
Shot Chart Detail,1021800201,306,203398,Brittney Griner,1611661313,New York Liberty,3,6,44,Missed Shot,Turnaround Fadeaway shot,2PT Field Goal,In The Paint (Non-RA),Right Side(R),8-16 ft.,13,69,113,1,0,20180819,PHO,NYL,2018,1021800201306,13960,validated,,0,matched,playbyplayv2,1611661317,202250|203411|204327|204329|1628915,complete,playbyplay_inferred,100940|201886|201896|203398|203855,complete,playbyplay_inferred,1611661317,Phoenix Mercury
Shot Chart Detail,1021800201,308,203855,Stephanie Talbot,1611661313,New York Liberty,3,6,42,Made Shot,Fadeaway Jump Shot,2PT Field Goal,In The Paint (Non-RA),Center(C),Less Than 8 ft.,6,44,48,1,1,20180819,PHO,NYL,2018,1021800201308,13980,validated,,0,matched,playbyplayv2,1611661317,202250|203411|204327|204329|1628915,complete,playbyplay_inferred,100940|201886|201896|203398|203855,complete,playbyplay_inferred,1611661317,Phoenix Mercury
Shot Chart Detail,1021800201,314,100940,Diana Taurasi,1611661313,New York Liberty,3,6,15,Made Shot,Pullup Jump shot,3PT Field Goal,Above the Break 3,Center(C),16-24 ft.,23,-27,235,1,1,20180819,PHO,NYL,2018,1021800201314,14250,validated,,0,matched,playbyplayv2,1611661317,202250|203411|204327|204329|1628915,complete,playbyplay_inferred,100940|201886|201896|203398|203855,complete,playbyplay_inferred,1611661317,Phoenix Mercury
Shot Chart Detail,1021800201,323,100940,Diana Taurasi,1611661313,New York Liberty,3,5,51,Made Shot,Jump Shot,3PT Field Goal,Above the Break 3,Left Side(L),24+ ft.,22,-221,59,1,1,20180819,PHO,NYL,2018,1021800201323,14490,validated,203398,1,matched,playbyplayv2,1611661317,202250|203829|204327|204329|1628915,complete,playbyplay_inferred,100940|201886|201896|203398|203855,complete,playbyplay_inferred,1611661317,Phoenix Mercury
Shot Chart Detail,1021800201,331,100940,Diana Taurasi,1611661313,New York Liberty,3,5,21,Missed Shot,Jump Shot,3PT Field Goal,Above the Break 3,Left Side Center(LC),24+ ft.,24,-120,214,1,0,20180819,PHO,NYL,2018,1021800201331,14790,validated,,0,matched,playbyplayv2,1611661317,202250|203829|204327|204329|1628915,complete,playbyplay_inferred,100940|201886|201896|203398|203855,complete,playbyplay_inferred,1611661317,Phoenix Mercury
Shot Chart Detail,1021800201,349,201886,DeWanna Bonner,1611661313,New York Liberty,3,3,51,Made Shot,Cutting Layup Shot,2PT Field Goal,Restricted Area,Center(C),Less Than 8 ft.,1,0,10,1,1,20180819,PHO,NYL,2018,1021800201349,15690,validated,100940,1,matched,playbyplayv2,1611661317,202250|203829|204327|204329|1628915,complete,playbyplay_inferred,100940|201886|201896|202657|203855,complete,playbyplay_inferred,1611661317,Phoenix Mercury
Shot Chart Detail,1021800201,358,100940,Diana Taurasi,1611661313,New York Liberty,3,3,29,Missed Shot,Running Pull-Up Jump Shot,2PT Field Goal,Mid-Range,Left Side(L),8-16 ft.,15,-143,47,1,0,20180819,PHO,NYL,2018,1021800201358,15910,validated,,0,matched,playbyplayv2,1611661317,202250|203829|204296|204329|1628915,complete,playbyplay_inferred,100940|201886|201896|202657|203855,complete,playbyplay_inferred,1611661317,Phoenix Mercury
Shot Chart Detail,1021800201,360,201886,DeWanna Bonner,1611661313,New York Liberty,3,3,25,Made Shot,Putback Layup Shot,2PT Field Goal,Restricted Area,Center(C),Less Than 8 ft.,0,4,6,1,1,20180819,PHO,NYL,2018,1021800201360,15950,validated,,0,matched,playbyplayv2,1611661317,202250|203829|204296|204329|1628915,complete,playbyplay_inferred,100940|201886|201896|202657|203855,complete,playbyplay_inferred,1611661317,Phoenix Mercury
Shot Chart Detail,1021800201,363,201896,Briann January,1611661313,New York Liberty,3,3,6,Made Shot,Running Jump Shot,3PT Field Goal,Above the Break 3,Right Side Center(RC),24+ ft.,24,203,139,1,1,20180819,PHO,NYL,2018,1021800201363,16140,validated,203855,1,matched,playbyplayv2,1611661317,202250|203829|204296|204329|1628915,complete,playbyplay_inferred,100940|201886|201896|202657|203855,complete,playbyplay_inferred,1611661317,Phoenix Mercury
Shot Chart Detail,1021800201,367,203855,Stephanie Talbot,1611661313,New York Liberty,3,2,26,Made Shot,Jump Shot,3PT Field Goal,Above the Break 3,Right Side Center(RC),24+ ft.,25,181,173,1,1,20180819,PHO,NYL,2018,1021800201367,16540,validated,201886,1,matched,playbyplayv2,1611661317,202250|203829|204296|204329|1628915,complete,playbyplay_inferred,100940|201886|201896|202657|203855,complete,playbyplay_inferred,1611661317,Phoenix Mercury
Shot Chart Detail,1021800201,387,100940,Diana Taurasi,1611661313,New York Liberty,3,0,45,Missed Shot,Step Back Jump shot,3PT Field Goal,Above the Break 3,Left Side Center(LC),24+ ft.,24,-140,199,1,0,20180819,PHO,NYL,2018,1021800201387,17550,validated,,0,matched,playbyplayv2,1611661317,203411|203829|204296|204329|1628915,complete,playbyplay_inferred,100940|201886|201896|202657|203855,complete,playbyplay_inferred,1611661317,Phoenix Mercury
Shot Chart Detail,1021800201,389,201886,DeWanna Bonner,1611661313,New York Liberty,3,0,31,Made Shot,Cutting Layup Shot,2PT Field Goal,Restricted Area,Center(C),Less Than 8 ft.,1,6,15,1,1,20180819,PHO,NYL,2018,1021800201389,17690,validated,201896,1,matched,playbyplayv2,1611661317,203411|203829|204296|204329|1628915,complete,playbyplay_inferred,100940|201886|201896|202657|203855,complete,playbyplay_inferred,1611661317,Phoenix Mercury
Shot Chart Detail,1021800201,402,201886,DeWanna Bonner,1611661313,New York Liberty,4,9,44,Missed Shot,Jump Shot,3PT Field Goal,Above the Break 3,Right Side Center(RC),24+ ft.,27,153,233,1,0,20180819,PHO,NYL,2018,1021800201402,18160,validated,,0,matched,playbyplayv2,1611661317,203411|203829|204296|204329|1628915,complete,playbyplay_inferred,201507|201886|201896|202657|203855,complete,playbyplay_inferred,1611661317,Phoenix Mercury
Shot Chart Detail,1021800201,411,203855,Stephanie Talbot,1611661313,New York Liberty,4,8,57,Missed Shot,Jump Shot,3PT Field Goal,Above the Break 3,Right Side Center(RC),24+ ft.,25,95,241,1,0,20180819,PHO,NYL,2018,1021800201411,18630,validated,,0,matched,playbyplayv2,1611661317,203411|203829|204296|204329|1628915,complete,playbyplay_inferred,201507|201886|201896|202657|203855,complete,playbyplay_inferred,1611661317,Phoenix Mercury
Shot Chart Detail,1021800201,413,201507,Leilani Mitchell,1611661313,New York Liberty,4,8,44,Missed Shot,Driving Floating Jump Shot,2PT Field Goal,In The Paint (Non-RA),Left Side(L),8-16 ft.,9,-53,76,1,0,20180819,PHO,NYL,2018,1021800201413,18760,validated,,0,matched,playbyplayv2,1611661317,203411|203829|204296|204329|1628915,complete,playbyplay_inferred,201507|201886|201896|202657|203855,complete,playbyplay_inferred,1611661317,Phoenix Mercury
Shot Chart Detail,1021800201,417,203855,Stephanie Talbot,1611661313,New York Liberty,4,8,1,Made Shot,Driving Floating Bank Jump Shot,2PT Field Goal,In The Paint (Non-RA),Center(C),8-16 ft.,8,4,81,1,1,20180819,PHO,NYL,2018,1021800201417,19190,validated,,0,matched,playbyplayv2,1611661317,203411|203829|204296|204329|1628915,complete,playbyplay_inferred,201507|201886|201896|202657|203855,complete,playbyplay_inferred,1611661317,Phoenix Mercury
Shot Chart Detail,1021800201,427,203855,Stephanie Talbot,1611661313,New York Liberty,4,7,38,Missed Shot,Driving Reverse Layup Shot,2PT Field Goal,Restricted Area,Center(C),Less Than 8 ft.,0,-9,2,1,0,20180819,PHO,NYL,2018,1021800201427,19420,validated,,0,matched,playbyplayv2,1611661317,203411|204296|204327|204329|1628915,complete,playbyplay_inferred,201507|201886|202657|203389|203855,complete,playbyplay_inferred,1611661317,Phoenix Mercury
Shot Chart Detail,1021800201,431,201507,Leilani Mitchell,1611661313,New York Liberty,4,7,4,Made Shot,Pullup Jump shot,2PT Field Goal,Mid-Range,Right Side(R),16-24 ft.,21,181,114,1,1,20180819,PHO,NYL,2018,1021800201431,19760,validated,203389,1,matched,playbyplayv2,1611661317,203411|204296|204327|204329|1628915,complete,playbyplay_inferred,201507|201886|202657|203389|203855,complete,playbyplay_inferred,1611661317,Phoenix Mercury
Shot Chart Detail,1021800201,439,202657,Angel Robinson,1611661313,New York Liberty,4,6,30,Missed Shot,Jump Shot,2PT Field Goal,Mid-Range,Center(C),16-24 ft.,20,62,195,1,0,20180819,PHO,NYL,2018,1021800201439,20100,validated,,0,matched,playbyplayv2,1611661317,203411|204296|204327|204329|1628915,complete,playbyplay_inferred,201507|202657|203016|203389|203855,complete,playbyplay_inferred,1611661317,Phoenix Mercury
Shot Chart Detail,1021800201,442,203389,Yvonne Turner,1611661313,New York Liberty,4,5,55,Made Shot,Jump Shot,3PT Field Goal,Above the Break 3,Left Side Center(LC),24+ ft.,24,-170,172,1,1,20180819,PHO,NYL,2018,1021800201442,20450,validated,201507,1,matched,playbyplayv2,1611661317,203411|204296|204327|204329|1628915,complete,playbyplay_inferred,201507|202657|203016|203389|203855,complete,playbyplay_inferred,1611661317,Phoenix Mercury
Shot Chart Detail,1021800201,445,203389,Yvonne Turner,1611661313,New York Liberty,4,5,19,Missed Shot,Jump Shot,3PT Field Goal,Above the Break 3,Right Side Center(RC),24+ ft.,26,129,230,1,0,20180819,PHO,NYL,2018,1021800201445,20810,validated,,0,matched,playbyplayv2,1611661317,203411|204296|204327|204329|1628915,complete,playbyplay_inferred,201507|202657|203016|203389|203855,complete,playbyplay_inferred,1611661317,Phoenix Mercury
Shot Chart Detail,1021800201,447,201507,Leilani Mitchell,1611661313,New York Liberty,4,5,15,Made Shot,Jump Shot,3PT Field Goal,Above the Break 3,Left Side Center(LC),24+ ft.,24,-155,194,1,1,20180819,PHO,NYL,2018,1021800201447,20850,validated,203016,1,matched,playbyplayv2,1611661317,203411|204296|204327|204329|1628915,complete,playbyplay_inferred,201507|202657|203016|203389|203855,complete,playbyplay_inferred,1611661317,Phoenix Mercury
Shot Chart Detail,1021800201,460,203389,Yvonne Turner,1611661313,New York Liberty,4,4,23,Made Shot,Driving Floating Jump Shot,2PT Field Goal,Mid-Range,Left Side(L),8-16 ft.,8,-87,12,1,1,20180819,PHO,NYL,2018,1021800201460,21370,validated,,0,matched,playbyplayv2,1611661317,203411|204296|204327|204329|1628915,complete,playbyplay_inferred,201507|201896|202657|203016|203389,complete,playbyplay_inferred,1611661317,Phoenix Mercury
Shot Chart Detail,1021800201,464,203389,Yvonne Turner,1611661313,New York Liberty,4,3,44,Missed Shot,Jump Shot,3PT Field Goal,Above the Break 3,Right Side Center(RC),24+ ft.,24,130,210,1,0,20180819,PHO,NYL,2018,1021800201464,21760,validated,,0,matched,playbyplayv2,1611661317,203411|204296|204327|204329|1628915,complete,playbyplay_inferred,201507|201896|202657|203016|203389,complete,playbyplay_inferred,1611661317,Phoenix Mercury
Shot Chart Detail,1021800201,468,201507,Leilani Mitchell,1611661313,New York Liberty,4,3,20,Made Shot,Pullup Jump shot,3PT Field Goal,Above the Break 3,Center(C),24+ ft.,24,-53,236,1,1,20180819,PHO,NYL,2018,1021800201468,22000,validated,,0,matched,playbyplayv2,1611661317,203411|204296|204327|204329|1628915,complete,playbyplay_inferred,201507|201896|202657|203016|203389,complete,playbyplay_inferred,1611661317,Phoenix Mercury
Shot Chart Detail,1021800201,482,201067,Camille Smith,1611661313,New York Liberty,4,2,25,Missed Shot,Jump Shot,2PT Field Goal,Mid-Range,Right Side Center(RC),16-24 ft.,20,85,182,1,0,20180819,PHO,NYL,2018,1021800201482,22550,validated,,0,matched,playbyplayv2,1611661317,203411|204296|204327|204329|1628915,complete,playbyplay_inferred,201067|201507|203389|203855|1628895,complete,playbyplay_inferred,1611661317,Phoenix Mercury
Shot Chart Detail,1021800201,491,203855,Stephanie Talbot,1611661313,New York Liberty,4,1,48,Missed Shot,Cutting Layup Shot,2PT Field Goal,Restricted Area,Center(C),Less Than 8 ft.,3,3,38,1,0,20180819,PHO,NYL,2018,1021800201491,22920,validated,,0,matched,playbyplayv2,1611661317,203411|204296|204327|204329|1628915,complete,playbyplay_inferred,201067|201507|203389|203855|1628895,complete,playbyplay_inferred,1611661317,Phoenix Mercury
Shot Chart Detail,1021800201,495,203389,Yvonne Turner,1611661313,New York Liberty,4,1,31,Missed Shot,Jump Shot,3PT Field Goal,Above the Break 3,Right Side Center(RC),24+ ft.,24,126,210,1,0,20180819,PHO,NYL,2018,1021800201495,23090,validated,,0,matched,playbyplayv2,1611661317,203411|204296|204327|204329|1628915,complete,playbyplay_inferred,201067|201507|203389|203855|1628895,complete,playbyplay_inferred,1611661317,Phoenix Mercury
Shot Chart Detail,1021800201,499,201507,Leilani Mitchell,1611661313,New York Liberty,4,0,55,Missed Shot,Pullup Jump shot,2PT Field Goal,Mid-Range,Center(C),16-24 ft.,17,20,174,1,0,20180819,PHO,NYL,2018,1021800201499,23450,validated,,0,matched,playbyplayv2,1611661317,203411|204296|204327|204329|1628915,complete,playbyplay_inferred,201067|201507|203389|203855|1628895,complete,playbyplay_inferred,1611661317,Phoenix Mercury
Shot Chart Detail,1021800201,503,203855,Stephanie Talbot,1611661313,New York Liberty,4,0,48,Made Shot,Jump Shot,3PT Field Goal,Above the Break 3,Right Side Center(RC),24+ ft.,23,176,162,1,1,20180819,PHO,NYL,2018,1021800201503,23520,validated,201507,1,matched,playbyplayv2,1611661317,203411|204296|204327|204329|1628915,complete,playbyplay_inferred,201067|201507|203389|203855|1628895,complete,playbyplay_inferred,1611661317,Phoenix Mercury
Shot Chart Detail,1021800201,511,201507,Leilani Mitchell,1611661313,New York Liberty,4,0,10,Missed Shot,Jump Shot,3PT Field Goal,Above the Break 3,Right Side Center(RC),24+ ft.,27,203,181,1,0,20180819,PHO,NYL,2018,1021800201511,23900,validated,,0,matched,playbyplayv2,1611661317,203411|204296|204327|204329|1628915,complete,playbyplay_inferred,201067|201507|203389|203855|1628895,complete,playbyplay_inferred,1611661317,Phoenix Mercury
