GRID_TYPE,GAME_ID,GAME_EVENT_ID,PLAYER_ID,PLAYER_NAME,TEAM_ID,TEAM_NAME,PERIOD,MINUTES_REMAINING,SECONDS_REMAINING,EVENT_TYPE,ACTION_TYPE,SHOT_TYPE,SHOT_ZONE_BASIC,SHOT_ZONE_AREA,SHOT_ZONE_RANGE,SHOT_DISTANCE,LOC_X,LOC_Y,SHOT_ATTEMPTED_FLAG,SHOT_MADE_FLAG,GAME_DATE,HTM,VTM,SEASON,SHOT_ID,time,SHOT_DATA_STATUS,ASSIST_ID,assisted,ASSIST_STATUS,PBP_SOURCE,OPP_TEAM_ID,PLAYERS_ON,LINEUP_STATUS,LINEUP_SOURCE,OPP_PLAYERS_ON,OPP_LINEUP_STATUS,OPP_LINEUP_SOURCE
Shot Chart Detail,1021300006,16,200676,Candice Dupree,1611661317,Phoenix Mercury,1,8,2,Missed Shot,Jump Shot,2PT Field Goal,Mid-Range,Left Side(L),8-16 ft.,15,-153,-2,1,0,20130527,PHO,CHI,2013,102130000616,1180,validated,,0,matched,playbyplayv2,1611661329,100940|200676|201886|203019|203398,complete,playbyplay_inferred,100721|201480|202259|202664|203399,complete,playbyplay_inferred
Shot Chart Detail,1021300006,28,200676,Candice Dupree,1611661317,Phoenix Mercury,1,6,34,Missed Shot,Driving Layup Shot,2PT Field Goal,Restricted Area,Center(C),Less Than 8 ft.,2,23,-2,1,0,20130527,PHO,CHI,2013,102130000628,2060,validated,,0,matched,playbyplayv2,1611661329,100940|200676|201886|203019|203398,complete,playbyplay_inferred,100721|201480|202259|202664|203399,complete,playbyplay_inferred
Shot Chart Detail,1021300006,32,200676,Candice Dupree,1611661317,Phoenix Mercury,1,6,12,Missed Shot,Jump Shot,2PT Field Goal,Mid-Range,Right Side Center(RC),16-24 ft.,19,124,145,1,0,20130527,PHO,CHI,2013,102130000632,2280,validated,,0,matched,playbyplayv2,1611661329,100940|200676|201886|203019|203398,complete,playbyplay_inferred,100721|201480|202259|202664|203399,complete,playbyplay_inferred
Shot Chart Detail,1021300006,38,200676,Candice Dupree,1611661317,Phoenix Mercury,1,5,7,Missed Shot,Jump Shot,2PT Field Goal,In The Paint (Non-RA),Center(C),Less Than 8 ft.,7,-32,64,1,0,20130527,PHO,CHI,2013,102130000638,2930,validated,,0,matched,playbyplayv2,1611661329,100940|200676|201886|203019|203398,complete,playbyplay_inferred,100721|201480|202259|202664|203399,complete,playbyplay_inferred
Shot Chart Detail,1021300006,43,200676,Candice Dupree,1611661317,Phoenix Mercury,1,4,45,Made Shot,Jump Shot,2PT Field Goal,Mid-Range,Center(C),8-16 ft.,15,58,142,1,1,20130527,PHO,CHI,2013,102130000643,3150,validated,100940,1,matched,playbyplayv2,1611661329,100940|200676|201487|201886|203398,complete,playbyplay_inferred,100721|201480|202259|202664|203399,complete,playbyplay_inferred
Shot Chart Detail,1021300006,76,200676,Candice Dupree,1611661317,Phoenix Mercury,1,2,20,Missed Shot,Jump Shot,2PT Field Goal,In The Paint (Non-RA),Center(C),Less Than 8 ft.,6,-19,63,1,0,20130527,PHO,CHI,2013,102130000676,4600,validated,,0,matched,playbyplayv2,1611661329,200676|201487|201501|201886|202663,complete,playbyplay_inferred,201477|202259|202664|202670|203399,complete,playbyplay_inferred
Shot Chart Detail,1021300006,88,200676,Candice Dupree,1611661317,Phoenix Mercury,1,1,34,Missed Shot,Driving Layup Shot,2PT Field Goal,Restricted Area,Center(C),Less Than 8 ft.,2,-21,6,1,0,20130527,PHO,CHI,2013,102130000688,5060,validated,,0,matched,playbyplayv2,1611661329,200676|201487|201501|201886|202663,complete,playbyplay_inferred,201062|201477|201498|202670|203399,complete,playbyplay_inferred
Shot Chart Detail,1021300006,138,200676,Candice Dupree,1611661317,Phoenix Mercury,2,6,53,Missed Shot,Running Bank shot,2PT Field Goal,In The Paint (Non-RA),Center(C),Less Than 8 ft.,5,-49,12,1,0,20130527,PHO,CHI,2013,1021300006138,7870,validated,,0,matched,playbyplayv2,1611661329,100940|200676|201501|202663|203019,complete,playbyplay_inferred,100721|202259|202664|202670|203399,complete,playbyplay_inferred
Shot Chart Detail,1021300006,159,200676,Candice Dupree,1611661317,Phoenix Mercury,2,5,30,Made Shot,Reverse Layup Shot,2PT Field Goal,Restricted Area,Center(C),Less Than 8 ft.,1,-13,4,1,1,20130527,PHO,CHI,2013,1021300006159,8700,validated,,0,matched,playbyplayv2,1611661329,100940|200676|201886|202663|203019,complete,playbyplay_inferred,100721|201480|202259|202664|203399,complete,playbyplay_inferred
Shot Chart Detail,1021300006,165,200676,Candice Dupree,1611661317,Phoenix Mercury,2,4,52,Missed Shot,Turnaround Bank shot,2PT Field Goal,Mid-Range,Left Side(L),8-16 ft.,9,-87,28,1,0,20130527,PHO,CHI,2013,1021300006165,9080,validated,,0,matched,playbyplayv2,1611661329,100940|200676|201886|202663|203019,complete,playbyplay_inferred,201477|201480|202259|202664|203399,complete,playbyplay_inferred
Shot Chart Detail,1021300006,180,200676,Candice Dupree,1611661317,Phoenix Mercury,2,2,59,Made Shot,Layup Shot,2PT Field Goal,Restricted Area,Center(C),Less Than 8 ft.,0,1,4,1,1,20130527,PHO,CHI,2013,1021300006180,10210,validated,,0,matched,playbyplayv2,1611661329,100940|200676|201886|202663|203019,complete,playbyplay_inferred,201477|201480|202259|202664|203399,complete,playbyplay_inferred
Shot Chart Detail,1021300006,217,200676,Candice Dupree,1611661317,Phoenix Mercury,3,9,35,Missed Shot,Turnaround Jump Shot,2PT Field Goal,In The Paint (Non-RA),Center(C),8-16 ft.,8,23,85,1,0,20130527,PHO,CHI,2013,1021300006217,12250,validated,,0,matched,playbyplayv2,1611661329,100940|200676|201886|203019|203398,complete,playbyplay_inferred,100721|201480|202259|202664|203399,complete,playbyplay_inferred
Shot Chart Detail,1021300006,248,200676,Candice Dupree,1611661317,Phoenix Mercury,3,6,30,Missed Shot,Jump Shot,2PT Field Goal,Mid-Range,Right Side(R),8-16 ft.,15,155,0,1,0,20130527,PHO,CHI,2013,1021300006248,14100,validated,,0,matched,playbyplayv2,1611661329,100940|200676|201886|203019|203398,complete,playbyplay_inferred,100721|202259|202664|202670|203399,complete,playbyplay_inferred
Shot Chart Detail,1021300006,338,200676,Candice Dupree,1611661317,Phoenix Mercury,4,9,24,Made Shot,Jump Shot,2PT Field Goal,Mid-Range,Left Side(L),8-16 ft.,13,-86,110,1,1,20130527,PHO,CHI,2013,1021300006338,18360,validated,100940,1,matched,playbyplayv2,1611661329,100940|200676|201501|201886|203398,complete,playbyplay_inferred,100721|201480|202259|202664|203399,complete,playbyplay_inferred
Shot Chart Detail,1021300006,341,200676,Candice Dupree,1611661317,Phoenix Mercury,4,9,2,Missed Shot,Jump Shot,2PT Field Goal,Restricted Area,Center(C),Less Than 8 ft.,3,-23,25,1,0,20130527,PHO,CHI,2013,1021300006341,18580,validated,,0,matched,playbyplayv2,1611661329,100940|200676|201501|201886|203398,complete,playbyplay_inferred,100721|201480|202259|202664|203399,complete,playbyplay_inferred
Shot Chart Detail,1021300006,357,200676,Candice Dupree,1611661317,Phoenix Mercury,4,6,43,Made Shot,Layup Shot,2PT Field Goal,Restricted Area,Center(C),Less Than 8 ft.,1,-18,0,1,1,20130527,PHO,CHI,2013,1021300006357,19970,validated,100940,1,matched,playbyplayv2,1611661329,100940|200676|201501|203019|203398,complete,playbyplay_inferred,100721|201477|201480|202259|202664,complete,playbyplay_inferred
Shot Chart Detail,1021300006,409,200676,Candice Dupree,1611661317,Phoenix Mercury,4,3,17,Made Shot,Jump Shot,2PT Field Goal,Mid-Range,Left Side Center(LC),16-24 ft.,16,-70,148,1,1,20130527,PHO,CHI,2013,1021300006409,22030,validated,203019,1,matched,playbyplayv2,1611661329,200676|201501|201886|203019|203398,complete,playbyplay_inferred,100721|201480|201498|202259|203399,complete,playbyplay_inferred
Shot Chart Detail,1021300014,29,200676,Candice Dupree,1611661317,Phoenix Mercury,1,5,41,Made Shot,Reverse Layup Shot,2PT Field Goal,Restricted Area,Center(C),Less Than 8 ft.,1,-10,17,1,1,20130602,SEA,PHO,2013,102130001429,2590,validated,,0,matched,playbyplayv2,1611661328,100940|200676|201886|203019|203398,complete,playbyplay_inferred,100076|101024|101030|201049|201067,complete,playbyplay_inferred
Shot Chart Detail,1021300014,66,200676,Candice Dupree,1611661317,Phoenix Mercury,1,1,38,Missed Shot,Jump Shot,2PT Field Goal,Mid-Range,Center(C),8-16 ft.,14,-21,148,1,0,20130602,SEA,PHO,2013,102130001466,5020,validated,,0,matched,playbyplayv2,1611661328,100940|200676|201487|201501|202663,complete,playbyplay_inferred,100556|101024|101030|201067|202252,complete,playbyplay_inferred
Shot Chart Detail,1021300014,92,200676,Candice Dupree,1611661317,Phoenix Mercury,2,9,16,Made Shot,Jump Bank Shot,2PT Field Goal,In The Paint (Non-RA),Center(C),Less Than 8 ft.,6,-59,33,1,1,20130602,SEA,PHO,2013,102130001492,6440,validated,,0,matched,playbyplayv2,1611661328,100940|200676|201886|203019|203398,complete,playbyplay_inferred,100556|101024|201049|202252|203403,complete,playbyplay_inferred
Shot Chart Detail,1021300014,110,200676,Candice Dupree,1611661317,Phoenix Mercury,2,7,36,Made Shot,Jump Shot,2PT Field Goal,In The Paint (Non-RA),Right Side(R),8-16 ft.,9,51,75,1,1,20130602,SEA,PHO,2013,1021300014110,7440,validated,,0,matched,playbyplayv2,1611661328,100940|200676|201886|203019|203398,complete,playbyplay_inferred,100076|101024|101030|201067|203015,complete,playbyplay_inferred
Shot Chart Detail,1021300014,117,200676,Candice Dupree,1611661317,Phoenix Mercury,2,6,27,Missed Shot,Jump Shot,2PT Field Goal,Mid-Range,Right Side(R),8-16 ft.,14,133,45,1,0,20130602,SEA,PHO,2013,1021300014117,8130,validated,,0,matched,playbyplayv2,1611661328,100940|200676|201886|203019|203398,complete,playbyplay_inferred,100076|101024|101030|201067|203015,complete,playbyplay_inferred
Shot Chart Detail,1021300014,274,200676,Candice Dupree,1611661317,Phoenix Mercury,3,2,41,Made Shot,Jump Shot,2PT Field Goal,Mid-Range,Left Side(L),16-24 ft.,18,-182,1,1,1,20130602,SEA,PHO,2013,1021300014274,16390,validated,201501,1,matched,playbyplayv2,1611661328,200676|201501|203019|203046|203398,complete,playbyplay_inferred,100556|201049|202252|203015|203403,complete,playbyplay_inferred
Shot Chart Detail,1021300014,290,200676,Candice Dupree,1611661317,Phoenix Mercury,3,1,14,Made Shot,Jump Shot,2PT Field Goal,Mid-Range,Left Side(L),16-24 ft.,16,-168,17,1,1,20130602,SEA,PHO,2013,1021300014290,17260,validated,201501,1,matched,playbyplayv2,1611661328,200676|201501|202663|203019|203046,complete,playbyplay_inferred,100556|101030|201049|201067|203015,complete,playbyplay_inferred
Shot Chart Detail,1021300014,297,200676,Candice Dupree,1611661317,Phoenix Mercury,3,0,37,Missed Shot,Jump Shot,2PT Field Goal,Mid-Range,Center(C),16-24 ft.,18,-26,181,1,0,20130602,SEA,PHO,2013,1021300014297,17630,validated,,0,matched,playbyplayv2,1611661328,200676|201501|202663|203019|203046,complete,playbyplay_inferred,100076|101030|201049|201067|203015,complete,playbyplay_inferred
Shot Chart Detail,1021300014,316,200676,Candice Dupree,1611661317,Phoenix Mercury,4,7,49,Missed Shot,Jump Shot,2PT Field Goal,Mid-Range,Center(C),16-24 ft.,17,-13,176,1,0,20130602,SEA,PHO,2013,1021300014316,19310,validated,,0,matched,playbyplayv2,1611661328,100940|200676|201487|201886|203398,complete,playbyplay_inferred,100076|101030|201049|201067|203015,complete,playbyplay_inferred
Shot Chart Detail,1021300014,350,200676,Candice Dupree,1611661317,Phoenix Mercury,4,5,53,Made Shot,Layup Shot,2PT Field Goal,Restricted Area,Center(C),Less Than 8 ft.,2,26,14,1,1,20130602,SEA,PHO,2013,1021300014350,20470,validated,201886,1,matched,playbyplayv2,1611661328,100940|200676|201487|201886|203398,complete,playbyplay_inferred,100076|100556|101024|201049|203015,complete,playbyplay_inferred
Shot Chart Detail,1021300014,401,200676,Candice Dupree,1611661317,Phoenix Mercury,4,0,7,Made Shot,Jump Shot,2PT Field Goal,Mid-Range,Center(C),16-24 ft.,18,32,183,1,1,20130602,SEA,PHO,2013,1021300014401,23930,validated,100940,1,matched,playbyplayv2,1611661328,100940|200676|201487|201886|203398,complete,playbyplay_inferred,100076|101024|101030|201049|201067,complete,playbyplay_inferred
Shot Chart Detail,1021300016,75,200676,Candice Dupree,1611661317,Phoenix Mercury,1,2,23,Made Shot,Jump Shot,2PT Field Goal,In The Paint (Non-RA),Center(C),8-16 ft.,14,54,137,1,1,20130606,MIN,PHO,2013,102130001675,4570,validated,203046,1,matched,playbyplayv2,1611661324,100940|200676|201886|203046|203398,complete,playbyplay_inferred,100915|200671|202644|202647|203016,complete,playbyplay_inferred
Shot Chart Detail,1021300016,100,200676,Candice Dupree,1611661317,Phoenix Mercury,2,9,22,Made Shot,Jump Shot,2PT Field Goal,Mid-Range,Center(C),16-24 ft.,18,-16,186,1,1,20130606,MIN,PHO,2013,1021300016100,6380,validated,201487,1,matched,playbyplayv2,1611661324,100940|200676|201487|201886|203398,complete,playbyplay_inferred,100915|101019|202632|202644|202647,complete,playbyplay_inferred
Shot Chart Detail,1021300016,103,200676,Candice Dupree,1611661317,Phoenix Mercury,2,8,55,Missed Shot,Jump Shot,2PT Field Goal,In The Paint (Non-RA),Left Side(L),8-16 ft.,12,-79,93,1,0,20130606,MIN,PHO,2013,1021300016103,6650,validated,,0,matched,playbyplayv2,1611661324,100940|200676|201487|201886|203398,complete,playbyplay_inferred,100915|101019|202632|202644|202647,complete,playbyplay_inferred
Shot Chart Detail,1021300021,18,200676,Candice Dupree,1611661317,Phoenix Mercury,1,8,18,Made Shot,Layup Shot,2PT Field Goal,Restricted Area,Center(C),Less Than 8 ft.,2,20,3,1,1,20130608,IND,PHO,2013,102130002118,1020,validated,203046,1,matched,playbyplayv2,1611661325,100940|200676|201501|202663|203046,complete,playbyplay_inferred,100646|201503|201896|201919|203406,complete,playbyplay_inferred
Shot Chart Detail,1021300021,46,200676,Candice Dupree,1611661317,Phoenix Mercury,1,5,30,Made Shot,Layup Shot,2PT Field Goal,Restricted Area,Center(C),Less Than 8 ft.,1,13,3,1,1,20130608,IND,PHO,2013,102130002146,2700,validated,100940,1,matched,playbyplayv2,1611661325,100940|200676|201501|202663|203046,complete,playbyplay_inferred,100646|201896|201919|203067|203406,complete,playbyplay_inferred
Shot Chart Detail,1021300021,50,200676,Candice Dupree,1611661317,Phoenix Mercury,1,5,12,Missed Shot,Jump Shot,2PT Field Goal,Mid-Range,Left Side Center(LC),16-24 ft.,18,-125,134,1,0,20130608,IND,PHO,2013,102130002150,2880,validated,,0,matched,playbyplayv2,1611661325,100940|200676|201886|202663|203046,complete,playbyplay_inferred,100646|201896|201919|202640|203067,complete,playbyplay_inferred
Shot Chart Detail,1021300021,128,200676,Candice Dupree,1611661317,Phoenix Mercury,2,9,8,Missed Shot,Jump Shot,2PT Field Goal,Restricted Area,Center(C),Less Than 8 ft.,3,-32,23,1,0,20130608,IND,PHO,2013,1021300021128,6520,validated,,0,matched,playbyplayv2,1611661325,100940|200676|201886|203019|203041,complete,playbyplay_inferred,100835|201503|202638|202640|203406,complete,playbyplay_inferred
Shot Chart Detail,1021300021,136,200676,Candice Dupree,1611661317,Phoenix Mercury,2,7,58,Missed Shot,Jump Shot,2PT Field Goal,In The Paint (Non-RA),Center(C),8-16 ft.,11,6,113,1,0,20130608,IND,PHO,2013,1021300021136,7220,validated,,0,matched,playbyplayv2,1611661325,100940|200676|201886|203019|203041,complete,playbyplay_inferred,100835|201503|202638|202640|203406,complete,playbyplay_inferred
Shot Chart Detail,1021300021,145,200676,Candice Dupree,1611661317,Phoenix Mercury,2,7,15,Made Shot,Jump Shot,2PT Field Goal,Mid-Range,Right Side(R),16-24 ft.,19,189,-21,1,1,20130608,IND,PHO,2013,1021300021145,7650,validated,201886,1,matched,playbyplayv2,1611661325,100940|200676|201886|203019|203041,complete,playbyplay_inferred,100646|100835|201503|202640|203406,complete,playbyplay_inferred
Shot Chart Detail,1021300021,208,200676,Candice Dupree,1611661317,Phoenix Mercury,2,0,45,Made Shot,Jump Shot,2PT Field Goal,Mid-Range,Center(C),16-24 ft.,17,2,172,1,1,20130608,IND,PHO,2013,1021300021208,11550,validated,201886,1,matched,playbyplayv2,1611661325,100940|200676|201886|202663|203046,complete,playbyplay_inferred,100646|100835|201896|201919|203067,complete,playbyplay_inferred
Shot Chart Detail,1021300021,298,200676,Candice Dupree,1611661317,Phoenix Mercury,3,3,29,Missed Shot,Layup Shot,2PT Field Goal,Restricted Area,Center(C),Less Than 8 ft.,2,-24,7,1,0,20130608,IND,PHO,2013,1021300021298,15910,validated,,0,matched,playbyplayv2,1611661325,100940|200676|201501|201886|203046,complete,playbyplay_inferred,100646|201503|201896|201919|203406,complete,playbyplay_inferred
Shot Chart Detail,1021300021,384,200676,Candice Dupree,1611661317,Phoenix Mercury,4,6,52,Missed Shot,Jump Shot,2PT Field Goal,In The Paint (Non-RA),Center(C),Less Than 8 ft.,4,-37,26,1,0,20130608,IND,PHO,2013,1021300021384,19880,validated,,0,matched,playbyplayv2,1611661325,100940|200676|201501|203041|203046,complete,playbyplay_inferred,100646|100835|201503|201919|203406,complete,playbyplay_inferred
Shot Chart Detail,1021300021,395,200676,Candice Dupree,1611661317,Phoenix Mercury,4,5,11,Made Shot,Running Reverse Layup Shot,2PT Field Goal,Restricted Area,Center(C),Less Than 8 ft.,2,28,-5,1,1,20130608,IND,PHO,2013,1021300021395,20890,validated,,0,matched,playbyplayv2,1611661325,100940|200676|201886|203041|203046,complete,playbyplay_inferred,100646|201503|201896|201919|203406,complete,playbyplay_inferred
Shot Chart Detail,1021300035,9,200676,Candice Dupree,1611661317,Phoenix Mercury,1,8,55,Missed Shot,Jump Shot,2PT Field Goal,Mid-Range,Right Side(R),8-16 ft.,11,103,58,1,0,20130616,TUL,PHO,2013,10213000359,650,validated,,0,matched,playbyplayv2,1611661321,100940|200676|201886|203046|203398,complete,playbyplay_inferred,101033|101080|201499|203017|203400,complete,playbyplay_inferred
Shot Chart Detail,1021300035,27,200676,Candice Dupree,1611661317,Phoenix Mercury,1,6,30,Made Shot,Layup Shot,2PT Field Goal,Restricted Area,Center(C),Less Than 8 ft.,2,-23,0,1,1,20130616,TUL,PHO,2013,102130003527,2100,validated,,0,matched,playbyplayv2,1611661321,100940|200676|201886|203046|203398,complete,playbyplay_inferred,101033|101080|201499|203017|203400,complete,playbyplay_inferred
Shot Chart Detail,1021300035,31,200676,Candice Dupree,1611661317,Phoenix Mercury,1,5,49,Made Shot,Jump Shot,2PT Field Goal,Mid-Range,Left Side Center(LC),16-24 ft.,18,-86,167,1,1,20130616,TUL,PHO,2013,102130003531,2510,validated,100940,1,matched,playbyplayv2,1611661321,100940|200676|201886|203046|203398,complete,playbyplay_inferred,101033|101080|201499|203017|203400,complete,playbyplay_inferred
Shot Chart Detail,1021300035,75,200676,Candice Dupree,1611661317,Phoenix Mercury,1,1,42,Made Shot,Turnaround Jump Shot,2PT Field Goal,In The Paint (Non-RA),Center(C),Less Than 8 ft.,4,-11,39,1,1,20130616,TUL,PHO,2013,102130003575,4980,validated,,0,matched,playbyplayv2,1611661321,200676|201501|201886|203019|203041,complete,playbyplay_inferred,100919|201499|203017|203029|203426,complete,playbyplay_inferred
Shot Chart Detail,1021300035,121,200676,Candice Dupree,1611661317,Phoenix Mercury,2,7,33,Made Shot,Layup Shot,2PT Field Goal,Restricted Area,Center(C),Less Than 8 ft.,1,-10,4,1,1,20130616,TUL,PHO,2013,1021300035121,7470,validated,100940,1,matched,playbyplayv2,1611661321,100940|200676|203019|203046|203398,complete,playbyplay_inferred,100919|101033|203017|203029|203426,complete,playbyplay_inferred
Shot Chart Detail,1021300035,157,200676,Candice Dupree,1611661317,Phoenix Mercury,2,3,47,Made Shot,Layup Shot,2PT Field Goal,Restricted Area,Center(C),Less Than 8 ft.,1,9,12,1,1,20130616,TUL,PHO,2013,1021300035157,9730,validated,,0,matched,playbyplayv2,1611661321,100940|200676|201886|203041|203046,complete,playbyplay_inferred,100919|101033|201499|203017|203400,complete,playbyplay_inferred
Shot Chart Detail,1021300035,205,200676,Candice Dupree,1611661317,Phoenix Mercury,2,0,3,Missed Shot,Jump Shot,2PT Field Goal,Mid-Range,Left Side Center(LC),16-24 ft.,17,-56,168,1,0,20130616,TUL,PHO,2013,1021300035205,11970,validated,,0,matched,playbyplayv2,1611661321,100940|200676|201886|203041|203046,complete,playbyplay_inferred,100919|101033|202653|203017|203400,complete,playbyplay_inferred
Shot Chart Detail,1021300035,227,200676,Candice Dupree,1611661317,Phoenix Mercury,3,7,37,Missed Shot,Jump Shot,2PT Field Goal,In The Paint (Non-RA),Center(C),Less Than 8 ft.,5,7,53,1,0,20130616,TUL,PHO,2013,1021300035227,13430,validated,,0,matched,playbyplayv2,1611661321,100940|200676|201886|203046|203398,complete,playbyplay_inferred,101033|101080|201499|203017|203400,complete,playbyplay_inferred
Shot Chart Detail,1021300035,235,200676,Candice Dupree,1611661317,Phoenix Mercury,3,6,14,Missed Shot,Jump Shot,2PT Field Goal,Mid-Range,Left Side Center(LC),16-24 ft.,20,-130,154,1,0,20130616,TUL,PHO,2013,1021300035235,14260,validated,,0,matched,playbyplayv2,1611661321,100940|200676|201886|203046|203398,complete,playbyplay_inferred,101033|101080|201499|203017|203400,complete,playbyplay_inferred
Shot Chart Detail,1021300035,257,200676,Candice Dupree,1611661317,Phoenix Mercury,3,5,4,Missed Shot,Layup Shot,2PT Field Goal,Restricted Area,Center(C),Less Than 8 ft.,2,-16,20,1,0,20130616,TUL,PHO,2013,1021300035257,14960,validated,,0,matched,playbyplayv2,1611661321,100940|200676|201501|201886|203019,complete,playbyplay_inferred,101033|101080|201499|203017|203400,complete,playbyplay_inferred
Shot Chart Detail,1021300035,305,200676,Candice Dupree,1611661317,Phoenix Mercury,3,0,3,Missed Shot,Jump Shot,2PT Field Goal,Mid-Range,Left Side(L),8-16 ft.,13,-130,7,1,0,20130616,TUL,PHO,2013,1021300035305,17970,validated,,0,matched,playbyplayv2,1611661321,100940|200676|201501|201886|203046,complete,playbyplay_inferred,100919|101033|202653|203029|203426,complete,playbyplay_inferred
Shot Chart Detail,1021300035,327,200676,Candice Dupree,1611661317,Phoenix Mercury,4,8,8,Made Shot,Jump Shot,2PT Field Goal,Mid-Range,Center(C),8-16 ft.,15,-45,153,1,1,20130616,TUL,PHO,2013,1021300035327,19120,validated,203046,1,matched,playbyplayv2,1611661321,200676|201501|201886|203019|203046,complete,playbyplay_inferred,100919|101033|203017|203029|203426,complete,playbyplay_inferred
Shot Chart Detail,1021300035,398,200676,Candice Dupree,1611661317,Phoenix Mercury,4,1,3,Missed Shot,Layup Shot,2PT Field Goal,Restricted Area,Center(C),Less Than 8 ft.,3,23,22,1,0,20130616,TUL,PHO,2013,1021300035398,23370,validated,,0,matched,playbyplayv2,1611661321,100940|200676|201886|203046|203398,complete,playbyplay_inferred,101080|201499|203017|203029|203400,complete,playbyplay_inferred
Shot Chart Detail,1021300035,447,200676,Candice Dupree,1611661317,Phoenix Mercury,5,3,15,Made Shot,Layup Shot,2PT Field Goal,Restricted Area,Center(C),Less Than 8 ft.,2,20,15,1,1,20130616,TUL,PHO,2013,1021300035447,25050,validated,100940,1,matched,playbyplayv2,1611661321,100940|200676|201886|203046|203398,complete,playbyplay_inferred,101080|201499|203017|203029|203400,complete,playbyplay_inferred
Shot Chart Detail,1021300035,471,200676,Candice Dupree,1611661317,Phoenix Mercury,5,1,5,Made Shot,Layup Shot,2PT Field Goal,Restricted Area,Center(C),Less Than 8 ft.,2,24,14,1,1,20130616,TUL,PHO,2013,1021300035471,26350,validated,203046,1,matched,playbyplayv2,1611661321,100940|200676|201886|203046|203398,complete,playbyplay_inferred,100919|201499|203017|203029|203400,complete,playbyplay_inferred
Shot Chart Detail,1021300038,8,200676,Candice Dupree,1611661317,Phoenix Mercury,1,9,38,Missed Shot,Jump Shot,2PT Field Goal,Mid-Range,Left Side Center(LC),16-24 ft.,16,-122,118,1,0,20130619,PHO,MIN,2013,10213000388,220,validated,,0,matched,playbyplayv2,1611661324,100940|200676|201886|203046|203398,complete,playbyplay_inferred,100915|100944|101019|200671|202632,complete,playbyplay_inferred
Shot Chart Detail,1021300038,16,200676,Candice Dupree,1611661317,Phoenix Mercury,1,8,49,Made Shot,Jump Shot,2PT Field Goal,Mid-Range,Left Side(L),16-24 ft.,18,-185,-13,1,1,20130619,PHO,MIN,2013,102130003816,710,validated,100940,1,matched,playbyplayv2,1611661324,100940|200676|201886|203046|203398,complete,playbyplay_inferred,100915|100944|101019|200671|202632,complete,playbyplay_inferred
Shot Chart Detail,1021300038,18,200676,Candice Dupree,1611661317,Phoenix Mercury,1,8,17,Made Shot,Jump Shot,2PT Field Goal,Mid-Range,Left Side Center(LC),16-24 ft.,18,-138,121,1,1,20130619,PHO,MIN,2013,102130003818,1030,validated,100940,1,matched,playbyplayv2,1611661324,100940|200676|201886|203046|203398,complete,playbyplay_inferred,100915|100944|101019|200671|202632,complete,playbyplay_inferred
Shot Chart Detail,1021300038,31,200676,Candice Dupree,1611661317,Phoenix Mercury,1,6,36,Missed Shot,Layup Shot,2PT Field Goal,Restricted Area,Center(C),Less Than 8 ft.,2,-19,23,1,0,20130619,PHO,MIN,2013,102130003831,2040,validated,,0,matched,playbyplayv2,1611661324,100940|200676|201886|203046|203398,complete,playbyplay_inferred,100915|100944|101019|200671|202632,complete,playbyplay_inferred
Shot Chart Detail,1021300038,55,200676,Candice Dupree,1611661317,Phoenix Mercury,1,4,24,Made Shot,Layup Shot,2PT Field Goal,Restricted Area,Center(C),Less Than 8 ft.,2,-16,12,1,1,20130619,PHO,MIN,2013,102130003855,3360,validated,201886,1,matched,playbyplayv2,1611661324,100940|200676|201501|201886|202663,complete,playbyplay_inferred,100915|100944|202257|202632|202644,complete,playbyplay_inferred
Shot Chart Detail,1021300038,228,200676,Candice Dupree,1611661317,Phoenix Mercury,2,0,19,Missed Shot,Jump Shot,2PT Field Goal,Mid-Range,Left Side Center(LC),16-24 ft.,19,-109,160,1,0,20130619,PHO,MIN,2013,1021300038228,11810,validated,,0,matched,playbyplayv2,1611661324,100940|200676|201886|202663|203046,complete,playbyplay_inferred,100915|100944|200671|202257|202632,complete,playbyplay_inferred
Shot Chart Detail,1021300038,241,200676,Candice Dupree,1611661317,Phoenix Mercury,3,8,46,Missed Shot,Jump Shot,2PT Field Goal,Mid-Range,Left Side(L),16-24 ft.,17,-179,3,1,0,20130619,PHO,MIN,2013,1021300038241,12740,validated,,0,matched,playbyplayv2,1611661324,100940|200676|201886|203046|203398,complete,playbyplay_inferred,100915|100944|101019|200671|202632,complete,playbyplay_inferred
Shot Chart Detail,1021300038,267,200676,Candice Dupree,1611661317,Phoenix Mercury,3,6,12,Missed Shot,Jump Shot,2PT Field Goal,Mid-Range,Right Side Center(RC),16-24 ft.,17,69,160,1,0,20130619,PHO,MIN,2013,1021300038267,14280,validated,,0,matched,playbyplayv2,1611661324,100940|200676|201886|203046|203398,complete,playbyplay_inferred,100915|100944|101019|200671|202632,complete,playbyplay_inferred
Shot Chart Detail,1021300038,303,200676,Candice Dupree,1611661317,Phoenix Mercury,3,3,5,Made Shot,Layup Shot,2PT Field Goal,Restricted Area,Center(C),Less Than 8 ft.,0,-7,-5,1,1,20130619,PHO,MIN,2013,1021300038303,16150,validated,100940,1,matched,playbyplayv2,1611661324,100940|200676|201501|201886|202663,complete,playbyplay_inferred,100915|200671|202632|202644|203016,complete,playbyplay_inferred
Shot Chart Detail,1021300038,311,200676,Candice Dupree,1611661317,Phoenix Mercury,3,2,29,Missed Shot,Layup Shot,2PT Field Goal,Restricted Area,Center(C),Less Than 8 ft.,2,24,9,1,0,20130619,PHO,MIN,2013,1021300038311,16510,validated,,0,matched,playbyplayv2,1611661324,100940|200676|201501|201886|202663,complete,playbyplay_inferred,100915|200671|202257|202632|203016,complete,playbyplay_inferred
Shot Chart Detail,1021300038,352,200676,Candice Dupree,1611661317,Phoenix Mercury,4,9,36,Missed Shot,Jump Shot,2PT Field Goal,Mid-Range,Right Side(R),16-24 ft.,18,189,-3,1,0,20130619,PHO,MIN,2013,1021300038352,18240,validated,,0,matched,playbyplayv2,1611661324,200676|201501|201886|202663|203046,complete,playbyplay_inferred,100915|100944|101019|202257|202632,complete,playbyplay_inferred
Shot Chart Detail,1021300038,426,200676,Candice Dupree,1611661317,Phoenix Mercury,4,2,4,Missed Shot,Jump Shot,2PT Field Goal,In The Paint (Non-RA),Center(C),8-16 ft.,9,-10,93,1,0,20130619,PHO,MIN,2013,1021300038426,22760,validated,,0,matched,playbyplayv2,1611661324,100940|200676|201501|201886|203398,complete,playbyplay_inferred,100915|100944|200671|202257|202632,complete,playbyplay_inferred
Shot Chart Detail,1021300038,429,200676,Candice Dupree,1611661317,Phoenix Mercury,4,1,26,Missed Shot,Hook Shot,2PT Field Goal,Restricted Area,Center(C),Less Than 8 ft.,3,-15,30,1,0,20130619,PHO,MIN,2013,1021300038429,23140,validated,,0,matched,playbyplayv2,1611661324,100940|200676|201501|201886|203398,complete,playbyplay_inferred,100915|100944|200671|202257|202632,complete,playbyplay_inferred
Shot Chart Detail,1021300041,10,200676,Candice Dupree,1611661317,Phoenix Mercury,1,9,18,Made Shot,Jump Shot,2PT Field Goal,Mid-Range,Left Side(L),16-24 ft.,18,-185,-2,1,1,20130621,PHO,WAS,2013,102130004110,420,validated,100940,1,matched,playbyplayv2,1611661322,100940|200676|201886|203046|203398,complete,playbyplay_inferred,200673|201056|201518|201913|203401,complete,playbyplay_inferred
Shot Chart Detail,1021300041,61,200676,Candice Dupree,1611661317,Phoenix Mercury,1,3,31,Missed Shot,Fadeaway Jump Shot,2PT Field Goal,In The Paint (Non-RA),Center(C),Less Than 8 ft.,6,-16,66,1,0,20130621,PHO,WAS,2013,102130004161,3890,validated,,0,matched,playbyplayv2,1611661322,100940|200676|201501|201886|202663,complete,playbyplay_inferred,200673|201056|201518|201913|203401,complete,playbyplay_inferred
Shot Chart Detail,1021300041,88,200676,Candice Dupree,1611661317,Phoenix Mercury,1,0,48,Missed Shot,Jump Bank Shot,2PT Field Goal,Restricted Area,Center(C),Less Than 8 ft.,3,29,20,1,0,20130621,PHO,WAS,2013,102130004188,5520,validated,,0,matched,playbyplayv2,1611661322,200676|201487|201501|201886|202663,complete,playbyplay_inferred,100729|201056|201492|201518|203437,complete,playbyplay_inferred
Shot Chart Detail,1021300041,312,200676,Candice Dupree,1611661317,Phoenix Mercury,3,0,10,Made Shot,Jump Shot,2PT Field Goal,In The Paint (Non-RA),Center(C),Less Than 8 ft.,7,-75,14,1,1,20130621,PHO,WAS,2013,1021300041312,17900,validated,201487,1,matched,playbyplayv2,1611661322,200676|201487|201501|201886|202663,complete,playbyplay_inferred,100729|201056|203401|203416|203437,complete,playbyplay_inferred
Shot Chart Detail,1021300041,343,200676,Candice Dupree,1611661317,Phoenix Mercury,4,7,45,Missed Shot,Jump Shot,2PT Field Goal,In The Paint (Non-RA),Center(C),8-16 ft.,8,40,72,1,0,20130621,PHO,WAS,2013,1021300041343,19350,validated,,0,matched,playbyplayv2,1611661322,200676|201487|201501|202663|203046,complete,playbyplay_inferred,100729|200673|201492|203416|203437,complete,playbyplay_inferred
Shot Chart Detail,1021300041,357,200676,Candice Dupree,1611661317,Phoenix Mercury,4,7,22,Made Shot,Jump Shot,2PT Field Goal,Mid-Range,Left Side Center(LC),16-24 ft.,17,-105,146,1,1,20130621,PHO,WAS,2013,1021300041357,19580,validated,100940,1,matched,playbyplayv2,1611661322,100940|200676|201886|203046|203398,complete,playbyplay_inferred,100729|200673|201056|201492|203416,complete,playbyplay_inferred
Shot Chart Detail,1021300041,414,200676,Candice Dupree,1611661317,Phoenix Mercury,4,3,0,Made Shot,Driving Layup Shot,2PT Field Goal,Restricted Area,Center(C),Less Than 8 ft.,1,-13,11,1,1,20130621,PHO,WAS,2013,1021300041414,22200,validated,,0,matched,playbyplayv2,1611661322,100940|200676|201501|201886|203398,complete,playbyplay_inferred,100729|200673|201056|201492|203416,complete,playbyplay_inferred
Shot Chart Detail,1021300050,12,200676,Candice Dupree,1611661317,Phoenix Mercury,1,8,45,Made Shot,Jump Shot,2PT Field Goal,Mid-Range,Left Side(L),16-24 ft.,17,-150,83,1,1,20130625,SAN,PHO,2013,102130005012,750,validated,100940,1,matched,playbyplayv2,1611661319,100940|200676|201886|203046|203398,complete,playbyplay_inferred,100396|100937|100952|202634|202658,complete,playbyplay_inferred
Shot Chart Detail,1021300050,26,200676,Candice Dupree,1611661317,Phoenix Mercury,1,7,13,Missed Shot,Jump Shot,2PT Field Goal,In The Paint (Non-RA),Center(C),8-16 ft.,12,-45,113,1,0,20130625,SAN,PHO,2013,102130005026,1670,validated,,0,matched,playbyplayv2,1611661319,100940|200676|201886|203046|203398,complete,playbyplay_inferred,100396|100937|100952|202634|202658,complete,playbyplay_inferred
Shot Chart Detail,1021300050,43,200676,Candice Dupree,1611661317,Phoenix Mercury,1,5,57,Made Shot,Pullup Jump shot,2PT Field Goal,Mid-Range,Left Side(L),8-16 ft.,11,-114,-2,1,1,20130625,SAN,PHO,2013,102130005043,2430,validated,100940,1,matched,playbyplayv2,1611661319,100940|200676|201886|203046|203398,complete,playbyplay_inferred,100396|100937|100952|202634|202658,complete,playbyplay_inferred
Shot Chart Detail,1021300050,100,200676,Candice Dupree,1611661317,Phoenix Mercury,1,0,14,Missed Shot,Jump Shot,2PT Field Goal,In The Paint (Non-RA),Center(C),Less Than 8 ft.,7,51,48,1,0,20130625,SAN,PHO,2013,1021300050100,5860,validated,,0,matched,playbyplayv2,1611661319,200676|201487|201501|201886|202663,complete,playbyplay_inferred,100937|202658|203018|203405|203413,complete,playbyplay_inferred
Shot Chart Detail,1021300050,187,200676,Candice Dupree,1611661317,Phoenix Mercury,2,1,58,Missed Shot,Jump Shot,2PT Field Goal,Mid-Range,Left Side(L),8-16 ft.,15,-125,86,1,0,20130625,SAN,PHO,2013,1021300050187,10820,validated,,0,matched,playbyplayv2,1611661319,100940|200676|201501|201886|203046,complete,playbyplay_inferred,100396|100937|100952|202634|202658,complete,playbyplay_inferred
Shot Chart Detail,1021300050,224,200676,Candice Dupree,1611661317,Phoenix Mercury,3,8,51,Made Shot,Layup Shot,2PT Field Goal,Restricted Area,Center(C),Less Than 8 ft.,1,-10,-3,1,1,20130625,SAN,PHO,2013,1021300050224,12690,validated,,0,matched,playbyplayv2,1611661319,100940|200676|201886|203046|203398,complete,playbyplay_inferred,100396|100937|100952|202634|202658,complete,playbyplay_inferred
Shot Chart Detail,1021300050,281,200676,Candice Dupree,1611661317,Phoenix Mercury,3,3,26,Missed Shot,Jump Shot,2PT Field Goal,In The Paint (Non-RA),Center(C),8-16 ft.,12,0,129,1,0,20130625,SAN,PHO,2013,1021300050281,15940,validated,,0,matched,playbyplayv2,1611661319,200676|201487|201501|201886|203398,complete,playbyplay_inferred,100396|100952|202634|202658|203018,complete,playbyplay_inferred
Shot Chart Detail,1021300050,334,200676,Candice Dupree,1611661317,Phoenix Mercury,4,9,24,Missed Shot,Layup Shot,2PT Field Goal,Restricted Area,Center(C),Less Than 8 ft.,2,-21,6,1,0,20130625,SAN,PHO,2013,1021300050334,18360,validated,,0,matched,playbyplayv2,1611661319,100940|200676|201501|201886|203046,complete,playbyplay_inferred,100937|100952|202658|203018|203405,complete,playbyplay_inferred
Shot Chart Detail,1021300050,363,200676,Candice Dupree,1611661317,Phoenix Mercury,4,6,28,Missed Shot,Jump Shot,2PT Field Goal,Mid-Range,Left Side(L),8-16 ft.,15,-108,116,1,0,20130625,SAN,PHO,2013,1021300050363,20120,validated,,0,matched,playbyplayv2,1611661319,100940|200676|201886|203046|203398,complete,playbyplay_inferred,100396|100937|202634|202658|203018,complete,playbyplay_inferred
Shot Chart Detail,1021300052,13,200676,Candice Dupree,1611661317,Phoenix Mercury,1,7,49,Missed Shot,Jump Shot,2PT Field Goal,In The Paint (Non-RA),Center(C),8-16 ft.,10,31,101,1,0,20130627,WAS,PHO,2013,102130005213,1310,validated,,0,matched,playbyplayv2,1611661322,100940|200676|201886|203046|203398,complete,playbyplay_inferred,100729|200673|201056|201492|201518,complete,playbyplay_inferred
Shot Chart Detail,1021300052,96,200676,Candice Dupree,1611661317,Phoenix Mercury,1,2,3,Made Shot,Running Layup Shot,2PT Field Goal,Restricted Area,Center(C),Less Than 8 ft.,0,0,1,1,1,20130627,WAS,PHO,2013,102130005296,4770,validated,201487,1,matched,playbyplayv2,1611661322,200676|201487|201501|201886|202663,complete,playbyplay_inferred,200673|201056|201492|201913|203416,complete,playbyplay_inferred
Shot Chart Detail,1021300052,104,200676,Candice Dupree,1611661317,Phoenix Mercury,1,1,36,Made Shot,Jump Shot,2PT Field Goal,Mid-Range,Center(C),16-24 ft.,19,-30,190,1,1,20130627,WAS,PHO,2013,1021300052104,5040,validated,201487,1,matched,playbyplayv2,1611661322,200676|201487|201501|201886|202663,complete,playbyplay_inferred,201056|201492|201913|203416|203437,complete,playbyplay_inferred
Shot Chart Detail,1021300052,175,200676,Candice Dupree,1611661317,Phoenix Mercury,2,5,51,Made Shot,Jump Shot,2PT Field Goal,Mid-Range,Center(C),16-24 ft.,16,37,157,1,1,20130627,WAS,PHO,2013,1021300052175,8490,validated,100940,1,matched,playbyplayv2,1611661322,100940|200676|201886|203046|203398,complete,playbyplay_inferred,100729|200673|201056|201492|201518,complete,playbyplay_inferred
Shot Chart Detail,1021300052,198,200676,Candice Dupree,1611661317,Phoenix Mercury,2,4,9,Missed Shot,Layup Shot,2PT Field Goal,Restricted Area,Center(C),Less Than 8 ft.,1,6,9,1,0,20130627,WAS,PHO,2013,1021300052198,9510,validated,,0,matched,playbyplayv2,1611661322,100940|200676|201501|201886|203398,complete,playbyplay_inferred,100729|200673|201056|201518|203437,complete,playbyplay_inferred
Shot Chart Detail,1021300052,241,200676,Candice Dupree,1611661317,Phoenix Mercury,2,1,6,Made Shot,Jump Shot,2PT Field Goal,Mid-Range,Right Side Center(RC),16-24 ft.,16,95,140,1,1,20130627,WAS,PHO,2013,1021300052241,11340,validated,100940,1,matched,playbyplayv2,1611661322,100940|200676|201886|202663|203046,complete,playbyplay_inferred,201056|201518|201913|203401|203437,complete,playbyplay_inferred
Shot Chart Detail,1021300052,245,200676,Candice Dupree,1611661317,Phoenix Mercury,2,0,32,Missed Shot,Jump Shot,2PT Field Goal,In The Paint (Non-RA),Center(C),Less Than 8 ft.,6,2,63,1,0,20130627,WAS,PHO,2013,1021300052245,11680,validated,,0,matched,playbyplayv2,1611661322,100940|200676|201886|202663|203046,complete,playbyplay_inferred,201056|201518|201913|203401|203437,complete,playbyplay_inferred
Shot Chart Detail,1021300052,285,200676,Candice Dupree,1611661317,Phoenix Mercury,3,6,34,Made Shot,Layup Shot,2PT Field Goal,Restricted Area,Center(C),Less Than 8 ft.,1,4,-14,1,1,20130627,WAS,PHO,2013,1021300052285,14060,validated,,0,matched,playbyplayv2,1611661322,100940|200676|201886|203046|203398,complete,playbyplay_inferred,100729|200673|201056|201492|201518,complete,playbyplay_inferred
Shot Chart Detail,1021300052,288,200676,Candice Dupree,1611661317,Phoenix Mercury,3,6,13,Made Shot,Jump Shot,2PT Field Goal,Mid-Range,Center(C),16-24 ft.,17,15,178,1,1,20130627,WAS,PHO,2013,1021300052288,14270,validated,100940,1,matched,playbyplayv2,1611661322,100940|200676|201886|203046|203398,complete,playbyplay_inferred,100729|200673|201056|201492|201518,complete,playbyplay_inferred
Shot Chart Detail,1021300052,322,200676,Candice Dupree,1611661317,Phoenix Mercury,3,1,51,Missed Shot,Jump Shot,2PT Field Goal,Mid-Range,Left Side Center(LC),16-24 ft.,17,-97,145,1,0,20130627,WAS,PHO,2013,1021300052322,16890,validated,,0,matched,playbyplayv2,1611661322,100940|200676|201501|201886|203398,complete,playbyplay_inferred,100729|200673|201056|201518|203401,complete,playbyplay_inferred
Shot Chart Detail,1021300052,324,200676,Candice Dupree,1611661317,Phoenix Mercury,3,1,48,Made Shot,Layup Shot,2PT Field Goal,Restricted Area,Center(C),Less Than 8 ft.,0,0,-3,1,1,20130627,WAS,PHO,2013,1021300052324,16920,validated,,0,matched,playbyplayv2,1611661322,100940|200676|201501|201886|203398,complete,playbyplay_inferred,100729|200673|201056|201518|203401,complete,playbyplay_inferred
Shot Chart Detail,1021300052,340,200676,Candice Dupree,1611661317,Phoenix Mercury,3,0,4,Made Shot,Running Hook Shot,2PT Field Goal,In The Paint (Non-RA),Center(C),Less Than 8 ft.,6,0,60,1,1,20130627,WAS,PHO,2013,1021300052340,17960,validated,,0,matched,playbyplayv2,1611661322,200676|201487|201501|201886|202663,complete,playbyplay_inferred,200673|201492|201913|203401|203416,complete,playbyplay_inferred
Shot Chart Detail,1021300052,411,200676,Candice Dupree,1611661317,Phoenix Mercury,4,3,28,Missed Shot,Jump Shot,2PT Field Goal,In The Paint (Non-RA),Center(C),8-16 ft.,14,65,131,1,0,20130627,WAS,PHO,2013,1021300052411,21920,validated,,0,matched,playbyplayv2,1611661322,100940|200676|201886|203046|203398,complete,playbyplay_inferred,200673|201056|201492|201518|201913,complete,playbyplay_inferred
Shot Chart Detail,1021300057,33,200676,Candice Dupree,1611661317,Phoenix Mercury,1,7,53,Made Shot,Jump Shot,2PT Field Goal,In The Paint (Non-RA),Center(C),Less Than 8 ft.,6,9,66,1,1,20130629,CON,PHO,2013,102130005733,1270,validated,100940,1,matched,playbyplayv2,1611661323,100940|200676|201886|203046|203398,complete,playbyplay_inferred,100796|202250|202253|202254|202255,complete,playbyplay_inferred
Shot Chart Detail,1021300057,61,200676,Candice Dupree,1611661317,Phoenix Mercury,1,4,41,Made Shot,Layup Shot,2PT Field Goal,Restricted Area,Center(C),Less Than 8 ft.,1,2,15,1,1,20130629,CON,PHO,2013,102130005761,3190,validated,100940,1,matched,playbyplayv2,1611661323,100940|200676|201886|203046|203398,complete,playbyplay_inferred,100796|202250|202254|202255|203408,complete,playbyplay_inferred
Shot Chart Detail,1021300057,92,200676,Candice Dupree,1611661317,Phoenix Mercury,1,1,54,Missed Shot,Jump Shot,2PT Field Goal,Mid-Range,Left Side Center(LC),16-24 ft.,17,-65,160,1,0,20130629,CON,PHO,2013,102130005792,4860,validated,,0,matched,playbyplayv2,1611661323,100634|200676|201487|201501|202663,complete,playbyplay_inferred,200691|202250|202255|203039|203408,complete,playbyplay_inferred
Shot Chart Detail,1021300057,113,200676,Candice Dupree,1611661317,Phoenix Mercury,1,0,44,Made Shot,Hook Shot,2PT Field Goal,In The Paint (Non-RA),Center(C),Less Than 8 ft.,4,45,6,1,1,20130629,CON,PHO,2013,1021300057113,5560,validated,,0,matched,playbyplayv2,1611661323,200676|201487|201886|202663|203046,complete,playbyplay_inferred,200691|202253|202653|203039|203408,complete,playbyplay_inferred
Shot Chart Detail,1021300057,175,200676,Candice Dupree,1611661317,Phoenix Mercury,2,4,36,Missed Shot,Jump Shot,2PT Field Goal,Mid-Range,Right Side(R),8-16 ft.,15,151,-11,1,0,20130629,CON,PHO,2013,1021300057175,9240,validated,,0,matched,playbyplayv2,1611661323,100940|200676|201501|201886|203398,complete,playbyplay_inferred,100796|202250|202253|202254|202255,complete,playbyplay_inferred
Shot Chart Detail,1021300057,220,200676,Candice Dupree,1611661317,Phoenix Mercury,2,1,13,Missed Shot,Driving Layup Shot,2PT Field Goal,Restricted Area,Center(C),Less Than 8 ft.,1,-5,12,1,0,20130629,CON,PHO,2013,1021300057220,11270,validated,,0,matched,playbyplayv2,1611661323,100940|200676|201886|202663|203046,complete,playbyplay_inferred,100796|202250|202254|202255|203039,complete,playbyplay_inferred
Shot Chart Detail,1021300057,230,200676,Candice Dupree,1611661317,Phoenix Mercury,2,0,43,Missed Shot,Jump Shot,2PT Field Goal,Mid-Range,Right Side Center(RC),16-24 ft.,18,94,164,1,0,20130629,CON,PHO,2013,1021300057230,11570,validated,,0,matched,playbyplayv2,1611661323,100940|200676|201886|202663|203046,complete,playbyplay_inferred,100796|202250|202254|202255|203039,complete,playbyplay_inferred
Shot Chart Detail,1021300057,272,200676,Candice Dupree,1611661317,Phoenix Mercury,3,8,26,Made Shot,Layup Shot,2PT Field Goal,Restricted Area,Center(C),Less Than 8 ft.,0,-2,0,1,1,20130629,CON,PHO,2013,1021300057272,12940,validated,100940,1,matched,playbyplayv2,1611661323,100940|200676|201886|203046|203398,complete,playbyplay_inferred,100796|202250|202253|202254|202255,complete,playbyplay_inferred
Shot Chart Detail,1021300057,274,200676,Candice Dupree,1611661317,Phoenix Mercury,3,7,49,Missed Shot,Jump Shot,2PT Field Goal,In The Paint (Non-RA),Center(C),Less Than 8 ft.,6,40,48,1,0,20130629,CON,PHO,2013,1021300057274,13310,validated,,0,matched,playbyplayv2,1611661323,100940|200676|201886|203046|203398,complete,playbyplay_inferred,100796|202250|202253|202254|202255,complete,playbyplay_inferred
Shot Chart Detail,1021300057,309,200676,Candice Dupree,1611661317,Phoenix Mercury,3,5,12,Made Shot,Layup Shot,2PT Field Goal,Restricted Area,Center(C),Less Than 8 ft.,1,-10,0,1,1,20130629,CON,PHO,2013,1021300057309,14880,validated,201886,1,matched,playbyplayv2,1611661323,200676|201487|201501|201886|203398,complete,playbyplay_inferred,200691|202250|202253|203039|203408,complete,playbyplay_inferred
Shot Chart Detail,1021300057,401,200676,Candice Dupree,1611661317,Phoenix Mercury,3,0,1,Missed Shot,Jump Shot,3PT Field Goal,Backcourt,Back Court(BC),Back Court Shot,51,47,514,1,0,20130629,CON,PHO,2013,1021300057401,17990,validated,,0,matched,playbyplayv2,1611661323,100940|200676|201886|203041|203046,complete,playbyplay_inferred,100796|200691|202653|203039|203408,complete,playbyplay_inferred
Shot Chart Detail,1021300064,9,200676,Candice Dupree,1611661317,Phoenix Mercury,1,8,53,Made Shot,Jump Shot,2PT Field Goal,Mid-Range,Right Side(R),8-16 ft.,15,146,36,1,1,20130702,PHO,NYL,2013,10213000649,670,validated,100940,1,matched,playbyplayv2,1611661313,100940|200676|201886|203046|203398,complete,playbyplay_inferred,100404|101025|200665|201507|203069,complete,playbyplay_inferred
Shot Chart Detail,1021300064,15,200676,Candice Dupree,1611661317,Phoenix Mercury,1,8,13,Made Shot,Driving Reverse Layup Shot,2PT Field Goal,Restricted Area,Center(C),Less Than 8 ft.,1,12,0,1,1,20130702,PHO,NYL,2013,102130006415,1070,validated,,0,matched,playbyplayv2,1611661313,100940|200676|201886|203046|203398,complete,playbyplay_inferred,100404|101025|200665|201507|203069,complete,playbyplay_inferred
Shot Chart Detail,1021300064,35,200676,Candice Dupree,1611661317,Phoenix Mercury,1,5,45,Made Shot,Layup Shot,2PT Field Goal,Restricted Area,Center(C),Less Than 8 ft.,0,0,3,1,1,20130702,PHO,NYL,2013,102130006435,2550,validated,100940,1,matched,playbyplayv2,1611661313,100940|200676|201886|203046|203398,complete,playbyplay_inferred,100404|200665|201507|203069|203402,complete,playbyplay_inferred
Shot Chart Detail,1021300064,81,200676,Candice Dupree,1611661317,Phoenix Mercury,1,2,52,Missed Shot,Layup Shot,2PT Field Goal,Restricted Area,Center(C),Less Than 8 ft.,2,20,0,1,0,20130702,PHO,NYL,2013,102130006481,4280,validated,,0,matched,playbyplayv2,1611661313,100634|100940|200676|201501|202663,complete,playbyplay_inferred,101025|200665|202652|203402|203412,complete,playbyplay_inferred
Shot Chart Detail,1021300064,132,200676,Candice Dupree,1611661317,Phoenix Mercury,2,7,6,Missed Shot,Jump Shot,2PT Field Goal,Mid-Range,Left Side(L),16-24 ft.,16,-169,-5,1,0,20130702,PHO,NYL,2013,1021300064132,7740,validated,,0,matched,playbyplayv2,1611661313,200676|201487|201886|203041|203046,complete,playbyplay_inferred,100888|101025|202652|203404|203412,complete,playbyplay_inferred
Shot Chart Detail,1021300064,180,200676,Candice Dupree,1611661317,Phoenix Mercury,2,3,27,Missed Shot,Jump Shot,2PT Field Goal,Restricted Area,Center(C),Less Than 8 ft.,3,0,36,1,0,20130702,PHO,NYL,2013,1021300064180,9930,validated,,0,matched,playbyplayv2,1611661313,100940|200676|201501|201886|203398,complete,playbyplay_inferred,100404|100888|101025|200665|203412,complete,playbyplay_inferred
Shot Chart Detail,1021300064,258,200676,Candice Dupree,1611661317,Phoenix Mercury,3,7,8,Made Shot,Jump Shot,2PT Field Goal,Mid-Range,Left Side Center(LC),16-24 ft.,16,-87,145,1,1,20130702,PHO,NYL,2013,1021300064258,13720,validated,100940,1,matched,playbyplayv2,1611661313,100940|200676|201886|203046|203398,complete,playbyplay_inferred,100404|100888|101025|200665|201507,complete,playbyplay_inferred
Shot Chart Detail,1021300064,262,200676,Candice Dupree,1611661317,Phoenix Mercury,3,6,46,Made Shot,Putback Layup Shot,2PT Field Goal,Restricted Area,Center(C),Less Than 8 ft.,1,-13,0,1,1,20130702,PHO,NYL,2013,1021300064262,13940,validated,,0,matched,playbyplayv2,1611661313,100940|200676|201886|203046|203398,complete,playbyplay_inferred,100404|100888|101025|200665|201507,complete,playbyplay_inferred
Shot Chart Detail,1021300064,270,200676,Candice Dupree,1611661317,Phoenix Mercury,3,6,13,Made Shot,Jump Shot,2PT Field Goal,In The Paint (Non-RA),Center(C),8-16 ft.,14,-54,131,1,1,20130702,PHO,NYL,2013,1021300064270,14270,validated,201886,1,matched,playbyplayv2,1611661313,100940|200676|201886|203046|203398,complete,playbyplay_inferred,100404|100888|101025|200665|201507,complete,playbyplay_inferred
Shot Chart Detail,1021300064,288,200676,Candice Dupree,1611661317,Phoenix Mercury,3,5,6,Missed Shot,Hook Shot,2PT Field Goal,In The Paint (Non-RA),Center(C),Less Than 8 ft.,6,1,64,1,0,20130702,PHO,NYL,2013,1021300064288,14940,validated,,0,matched,playbyplayv2,1611661313,100940|200676|201501|201886|202663,complete,playbyplay_inferred,200665|202652|203069|203402|203412,complete,playbyplay_inferred
Shot Chart Detail,1021300064,291,200676,Candice Dupree,1611661317,Phoenix Mercury,3,5,0,Missed Shot,Jump Shot,2PT Field Goal,Mid-Range,Right Side(R),16-24 ft.,18,184,25,1,0,20130702,PHO,NYL,2013,1021300064291,15000,validated,,0,matched,playbyplayv2,1611661313,100940|200676|201501|201886|202663,complete,playbyplay_inferred,200665|202652|203069|203402|203412,complete,playbyplay_inferred
Shot Chart Detail,1021300064,296,200676,Candice Dupree,1611661317,Phoenix Mercury,3,4,27,Made Shot,Layup Shot,2PT Field Goal,Restricted Area,Center(C),Less Than 8 ft.,1,12,4,1,1,20130702,PHO,NYL,2013,1021300064296,15330,validated,100940,1,matched,playbyplayv2,1611661313,100940|200676|201501|201886|202663,complete,playbyplay_inferred,200665|202652|203069|203402|203412,complete,playbyplay_inferred
Shot Chart Detail,1021300064,360,200676,Candice Dupree,1611661317,Phoenix Mercury,4,8,20,Made Shot,Jump Shot,2PT Field Goal,Mid-Range,Center(C),16-24 ft.,16,0,165,1,1,20130702,PHO,NYL,2013,1021300064360,19000,validated,201886,1,matched,playbyplayv2,1611661313,200676|201487|201501|201886|202663,complete,playbyplay_inferred,100404|101025|202652|203069|203412,complete,playbyplay_inferred
Shot Chart Detail,1021300064,373,200676,Candice Dupree,1611661317,Phoenix Mercury,4,7,1,Missed Shot,Layup Shot,2PT Field Goal,Restricted Area,Center(C),Less Than 8 ft.,2,9,23,1,0,20130702,PHO,NYL,2013,1021300064373,19790,validated,,0,matched,playbyplayv2,1611661313,100634|100940|200676|203046|203398,complete,playbyplay_inferred,100404|101025|200665|202652|203069,complete,playbyplay_inferred
Shot Chart Detail,1021300064,425,200676,Candice Dupree,1611661317,Phoenix Mercury,4,2,32,Missed Shot,Jump Bank Shot,2PT Field Goal,In The Paint (Non-RA),Center(C),Less Than 8 ft.,6,64,12,1,0,20130702,PHO,NYL,2013,1021300064425,22480,validated,,0,matched,playbyplayv2,1611661313,100940|200676|201886|203046|203398,complete,playbyplay_inferred,100404|100888|101025|200665|202652,complete,playbyplay_inferred
Shot Chart Detail,1021300071,10,200676,Candice Dupree,1611661317,Phoenix Mercury,1,9,13,Missed Shot,Jump Shot,2PT Field Goal,Mid-Range,Center(C),16-24 ft.,16,-27,162,1,0,20130707,MIN,PHO,2013,102130007110,470,validated,,0,matched,playbyplayv2,1611661324,100940|200676|201886|203046|203398,complete,playbyplay_inferred,100915|100944|101019|200671|202632,complete,playbyplay_inferred
Shot Chart Detail,1021300071,81,200676,Candice Dupree,1611661317,Phoenix Mercury,1,1,3,Made Shot,Jump Shot,2PT Field Goal,Mid-Range,Right Side(R),8-16 ft.,15,152,3,1,1,20130707,MIN,PHO,2013,102130007181,5370,validated,201501,1,matched,playbyplayv2,1611661324,100634|200676|201487|201501|202663,complete,playbyplay_inferred,100944|200671|202257|202632|203016,complete,playbyplay_inferred
Shot Chart Detail,1021300071,88,200676,Candice Dupree,1611661317,Phoenix Mercury,1,0,8,Made Shot,Layup Shot,2PT Field Goal,Restricted Area,Center(C),Less Than 8 ft.,0,-4,9,1,1,20130707,MIN,PHO,2013,102130007188,5920,validated,201487,1,matched,playbyplayv2,1611661324,200676|201487|201501|201886|202663,complete,playbyplay_inferred,100944|200671|202257|202632|203016,complete,playbyplay_inferred
Shot Chart Detail,1021300071,136,200676,Candice Dupree,1611661317,Phoenix Mercury,2,5,44,Missed Shot,Fadeaway Jump Shot,2PT Field Goal,In The Paint (Non-RA),Center(C),8-16 ft.,11,-45,110,1,0,20130707,MIN,PHO,2013,1021300071136,8560,validated,,0,matched,playbyplayv2,1611661324,100940|200676|201886|203046|203398,complete,playbyplay_inferred,100915|101019|202257|202632|203016,complete,playbyplay_inferred
Shot Chart Detail,1021300071,207,200676,Candice Dupree,1611661317,Phoenix Mercury,2,0,10,Made Shot,Jump Shot,2PT Field Goal,Mid-Range,Left Side(L),16-24 ft.,16,-150,71,1,1,20130707,MIN,PHO,2013,1021300071207,11900,validated,100940,1,matched,playbyplayv2,1611661324,100634|100940|200676|201501|201886,complete,playbyplay_inferred,100915|100944|101019|202257|202632,complete,playbyplay_inferred
Shot Chart Detail,1021300071,218,200676,Candice Dupree,1611661317,Phoenix Mercury,3,9,24,Missed Shot,Jump Shot,2PT Field Goal,Mid-Range,Right Side(R),8-16 ft.,10,97,34,1,0,20130707,MIN,PHO,2013,1021300071218,12360,validated,,0,matched,playbyplayv2,1611661324,100940|200676|201886|203046|203398,complete,playbyplay_inferred,100915|100944|101019|202257|202632,complete,playbyplay_inferred
Shot Chart Detail,1021300071,230,200676,Candice Dupree,1611661317,Phoenix Mercury,3,8,27,Made Shot,Jump Shot,2PT Field Goal,Mid-Range,Center(C),16-24 ft.,16,42,156,1,1,20130707,MIN,PHO,2013,1021300071230,12930,validated,,0,matched,playbyplayv2,1611661324,100940|200676|201886|203046|203398,complete,playbyplay_inferred,100915|100944|101019|202257|202632,complete,playbyplay_inferred
Shot Chart Detail,1021300071,248,200676,Candice Dupree,1611661317,Phoenix Mercury,3,6,55,Made Shot,Driving Layup Shot,2PT Field Goal,Restricted Area,Center(C),Less Than 8 ft.,1,-11,11,1,1,20130707,MIN,PHO,2013,1021300071248,13850,validated,,0,matched,playbyplayv2,1611661324,100940|200676|201886|203046|203398,complete,playbyplay_inferred,100915|100944|101019|202257|202632,complete,playbyplay_inferred
Shot Chart Detail,1021300071,254,200676,Candice Dupree,1611661317,Phoenix Mercury,3,5,40,Made Shot,Pullup Jump shot,2PT Field Goal,In The Paint (Non-RA),Left Side(L),8-16 ft.,12,-71,102,1,1,20130707,MIN,PHO,2013,1021300071254,14600,validated,100940,1,matched,playbyplayv2,1611661324,100940|200676|201886|203046|203398,complete,playbyplay_inferred,100915|100944|101019|202257|202632,complete,playbyplay_inferred
Shot Chart Detail,1021300075,6,200676,Candice Dupree,1611661317,Phoenix Mercury,1,9,1,Made Shot,Jump Shot,2PT Field Goal,In The Paint (Non-RA),Left Side(L),8-16 ft.,9,-52,85,1,1,20130710,PHO,SAN,2013,10213000756,590,validated,,0,matched,playbyplayv2,1611661319,100940|200676|201886|202663|203046,complete,playbyplay_inferred,100396|100952|202251|202658|203018,complete,playbyplay_inferred
Shot Chart Detail,1021300075,8,200676,Candice Dupree,1611661317,Phoenix Mercury,1,8,38,Missed Shot,Jump Shot,2PT Field Goal,Mid-Range,Right Side Center(RC),16-24 ft.,17,140,108,1,0,20130710,PHO,SAN,2013,10213000758,820,validated,,0,matched,playbyplayv2,1611661319,100940|200676|201886|202663|203046,complete,playbyplay_inferred,100396|100952|202251|202658|203018,complete,playbyplay_inferred
Shot Chart Detail,1021300075,23,200676,Candice Dupree,1611661317,Phoenix Mercury,1,6,48,Made Shot,Layup Shot,2PT Field Goal,Restricted Area,Center(C),Less Than 8 ft.,1,15,4,1,1,20130710,PHO,SAN,2013,102130007523,1920,validated,100940,1,matched,playbyplayv2,1611661319,100940|200676|201886|202663|203046,complete,playbyplay_inferred,100396|100952|202251|202658|203018,complete,playbyplay_inferred
Shot Chart Detail,1021300075,28,200676,Candice Dupree,1611661317,Phoenix Mercury,1,5,48,Made Shot,Layup Shot,2PT Field Goal,Restricted Area,Center(C),Less Than 8 ft.,2,2,28,1,1,20130710,PHO,SAN,2013,102130007528,2520,validated,201886,1,matched,playbyplayv2,1611661319,100940|200676|201886|202663|203046,complete,playbyplay_inferred,100396|100952|202251|202658|203018,complete,playbyplay_inferred
Shot Chart Detail,1021300075,46,200676,Candice Dupree,1611661317,Phoenix Mercury,1,4,20,Missed Shot,Layup Shot,2PT Field Goal,Restricted Area,Center(C),Less Than 8 ft.,2,-4,20,1,0,20130710,PHO,SAN,2013,102130007546,3400,validated,,0,matched,playbyplayv2,1611661319,100634|100940|200676|201501|201886,complete,playbyplay_inferred,100396|100952|202634|202658|203018,complete,playbyplay_inferred
Shot Chart Detail,1021300075,77,200676,Candice Dupree,1611661317,Phoenix Mercury,1,1,45,Made Shot,Jump Shot,2PT Field Goal,Mid-Range,Right Side(R),16-24 ft.,17,170,-2,1,1,20130710,PHO,SAN,2013,102130007577,4950,validated,201487,1,matched,playbyplayv2,1611661319,100634|200676|201487|201501|201886,complete,playbyplay_inferred,100396|202634|202658|203018|203413,complete,playbyplay_inferred
Shot Chart Detail,1021300075,119,200676,Candice Dupree,1611661317,Phoenix Mercury,2,7,8,Missed Shot,Jump Shot,2PT Field Goal,Mid-Range,Left Side(L),16-24 ft.,19,-198,-19,1,0,20130710,PHO,SAN,2013,1021300075119,7720,validated,,0,matched,playbyplayv2,1611661319,100940|200676|201487|201886|203046,complete,playbyplay_inferred,100937|100952|202251|202634|203413,complete,playbyplay_inferred
Shot Chart Detail,1021300075,176,200676,Candice Dupree,1611661317,Phoenix Mercury,2,2,30,Missed Shot,Jump Shot,2PT Field Goal,In The Paint (Non-RA),Center(C),8-16 ft.,12,-7,126,1,0,20130710,PHO,SAN,2013,1021300075176,10500,validated,,0,matched,playbyplayv2,1611661319,100634|100940|200676|201501|202663,complete,playbyplay_inferred,100396|100952|202251|202658|203018,complete,playbyplay_inferred
Shot Chart Detail,1021300075,212,200676,Candice Dupree,1611661317,Phoenix Mercury,3,9,22,Made Shot,Layup Shot,2PT Field Goal,Restricted Area,Center(C),Less Than 8 ft.,1,12,1,1,1,20130710,PHO,SAN,2013,1021300075212,12380,validated,100940,1,matched,playbyplayv2,1611661319,100940|200676|201886|202663|203046,complete,playbyplay_inferred,100396|100952|202251|202658|203018,complete,playbyplay_inferred
Shot Chart Detail,1021300075,230,200676,Candice Dupree,1611661317,Phoenix Mercury,3,7,6,Made Shot,Jump Shot,2PT Field Goal,In The Paint (Non-RA),Center(C),Less Than 8 ft.,7,-73,4,1,1,20130710,PHO,SAN,2013,1021300075230,13740,validated,,0,matched,playbyplayv2,1611661319,100940|200676|201886|202663|203046,complete,playbyplay_inferred,100396|100952|202251|202658|203018,complete,playbyplay_inferred
Shot Chart Detail,1021300075,234,200676,Candice Dupree,1611661317,Phoenix Mercury,3,6,21,Made Shot,Layup Shot,2PT Field Goal,Restricted Area,Center(C),Less Than 8 ft.,0,9,3,1,1,20130710,PHO,SAN,2013,1021300075234,14190,validated,201501,1,matched,playbyplayv2,1611661319,100940|200676|201501|201886|202663,complete,playbyplay_inferred,100396|100952|202251|202658|203018,complete,playbyplay_inferred
Shot Chart Detail,1021300075,236,200676,Candice Dupree,1611661317,Phoenix Mercury,3,5,58,Made Shot,Jump Shot,2PT Field Goal,In The Paint (Non-RA),Center(C),8-16 ft.,10,0,102,1,1,20130710,PHO,SAN,2013,1021300075236,14420,validated,,0,matched,playbyplayv2,1611661319,100940|200676|201501|201886|202663,complete,playbyplay_inferred,100396|100952|202251|202658|203018,complete,playbyplay_inferred
Shot Chart Detail,1021300075,395,200676,Candice Dupree,1611661317,Phoenix Mercury,4,3,10,Missed Shot,Jump Shot,2PT Field Goal,Mid-Range,Left Side(L),8-16 ft.,15,-95,127,1,0,20130710,PHO,SAN,2013,1021300075395,22100,validated,,0,matched,playbyplayv2,1611661319,100940|200676|201501|201886|202663,complete,playbyplay_inferred,100396|100952|202251|202634|202658,complete,playbyplay_inferred
Shot Chart Detail,1021300075,436,200676,Candice Dupree,1611661317,Phoenix Mercury,4,0,48,Made Shot,Layup Shot,2PT Field Goal,Restricted Area,Center(C),Less Than 8 ft.,1,18,0,1,1,20130710,PHO,SAN,2013,1021300075436,23520,validated,,0,matched,playbyplayv2,1611661319,200676|201487|201501|201886|202663,complete,playbyplay_inferred,100396|100952|202251|202634|202658,complete,playbyplay_inferred
Shot Chart Detail,1021300083,7,200676,Candice Dupree,1611661317,Phoenix Mercury,1,8,34,Missed Shot,Jump Bank Shot,2PT Field Goal,In The Paint (Non-RA),Center(C),Less Than 8 ft.,6,59,22,1,0,20130714,PHO,LAS,2013,10213000837,860,validated,,0,matched,playbyplayv2,1611661320,100940|200676|201501|201886|203046,complete,playbyplay_inferred,100949|201046|201496|201911|203014,complete,playbyplay_inferred
Shot Chart Detail,1021300083,8,200676,Candice Dupree,1611661317,Phoenix Mercury,1,8,32,Made Shot,Tip Shot,2PT Field Goal,Restricted Area,Center(C),Less Than 8 ft.,0,9,0,1,1,20130714,PHO,LAS,2013,10213000838,880,validated,,0,matched,playbyplayv2,1611661320,100940|200676|201501|201886|203046,complete,playbyplay_inferred,100949|201046|201496|201911|203014,complete,playbyplay_inferred
Shot Chart Detail,1021300083,39,200676,Candice Dupree,1611661317,Phoenix Mercury,1,5,35,Missed Shot,Jump Shot,2PT Field Goal,In The Paint (Non-RA),Left Side(L),8-16 ft.,9,-57,77,1,0,20130714,PHO,LAS,2013,102130008339,2650,validated,,0,matched,playbyplayv2,1611661320,200676|201487|201501|201886|203046,complete,playbyplay_inferred,100949|201046|201496|201911|203014,complete,playbyplay_inferred
Shot Chart Detail,1021300083,58,200676,Candice Dupree,1611661317,Phoenix Mercury,1,4,30,Missed Shot,Jump Shot,2PT Field Goal,Mid-Range,Right Side(R),8-16 ft.,14,91,116,1,0,20130714,PHO,LAS,2013,102130008358,3300,validated,,0,matched,playbyplayv2,1611661320,100634|200676|201487|201886|203046,complete,playbyplay_inferred,100949|201046|201496|201911|203014,complete,playbyplay_inferred
Shot Chart Detail,1021300083,70,200676,Candice Dupree,1611661317,Phoenix Mercury,1,3,40,Missed Shot,Jump Shot,2PT Field Goal,In The Paint (Non-RA),Left Side(L),8-16 ft.,9,-56,71,1,0,20130714,PHO,LAS,2013,102130008370,3800,validated,,0,matched,playbyplayv2,1611661320,100634|200676|201487|201886|203046,complete,playbyplay_inferred,201889|201911|202650|203014|203407,complete,playbyplay_inferred
Shot Chart Detail,1021300083,88,200676,Candice Dupree,1611661317,Phoenix Mercury,1,2,4,Missed Shot,Jump Shot,2PT Field Goal,Mid-Range,Right Side(R),16-24 ft.,16,152,55,1,0,20130714,PHO,LAS,2013,102130008388,4760,validated,,0,matched,playbyplayv2,1611661320,100634|200676|201487|201501|202663,complete,playbyplay_inferred,201889|201911|202650|203014|203407,complete,playbyplay_inferred
Shot Chart Detail,1021300083,118,200676,Candice Dupree,1611661317,Phoenix Mercury,2,9,18,Made Shot,Jump Bank Shot,2PT Field Goal,In The Paint (Non-RA),Center(C),Less Than 8 ft.,6,-64,22,1,1,20130714,PHO,LAS,2013,1021300083118,6420,validated,,0,matched,playbyplayv2,1611661320,100940|200676|201501|201886|202663,complete,playbyplay_inferred,100928|100949|201046|201496|201889,complete,playbyplay_inferred
Shot Chart Detail,1021300083,237,200676,Candice Dupree,1611661317,Phoenix Mercury,3,9,29,Missed Shot,Jump Shot,2PT Field Goal,Mid-Range,Right Side(R),8-16 ft.,14,146,28,1,0,20130714,PHO,LAS,2013,1021300083237,12310,validated,,0,matched,playbyplayv2,1611661320,100940|200676|201501|201886|203046,complete,playbyplay_inferred,100949|201046|201496|201911|203014,complete,playbyplay_inferred
Shot Chart Detail,1021300083,244,200676,Candice Dupree,1611661317,Phoenix Mercury,3,8,45,Made Shot,Jump Shot,2PT Field Goal,Mid-Range,Left Side Center(LC),16-24 ft.,16,-51,153,1,1,20130714,PHO,LAS,2013,1021300083244,12750,validated,203046,1,matched,playbyplayv2,1611661320,100940|200676|201501|201886|203046,complete,playbyplay_inferred,100949|201046|201496|201911|203014,complete,playbyplay_inferred
Shot Chart Detail,1021300083,260,200676,Candice Dupree,1611661317,Phoenix Mercury,3,6,22,Missed Shot,Jump Shot,2PT Field Goal,Mid-Range,Left Side(L),16-24 ft.,18,-168,72,1,0,20130714,PHO,LAS,2013,1021300083260,14180,validated,,0,matched,playbyplayv2,1611661320,100940|200676|201501|201886|203046,complete,playbyplay_inferred,100949|201046|201496|201911|203014,complete,playbyplay_inferred
Shot Chart Detail,1021300083,270,200676,Candice Dupree,1611661317,Phoenix Mercury,3,5,23,Missed Shot,Layup Shot,2PT Field Goal,Restricted Area,Center(C),Less Than 8 ft.,1,13,-6,1,0,20130714,PHO,LAS,2013,1021300083270,14770,validated,,0,matched,playbyplayv2,1611661320,100634|100940|200676|201886|203046,complete,playbyplay_inferred,100949|201046|201496|201911|203014,complete,playbyplay_inferred
Shot Chart Detail,1021300083,286,200676,Candice Dupree,1611661317,Phoenix Mercury,3,4,25,Missed Shot,Jump Shot,2PT Field Goal,In The Paint (Non-RA),Center(C),8-16 ft.,10,9,107,1,0,20130714,PHO,LAS,2013,1021300083286,15350,validated,,0,matched,playbyplayv2,1611661320,100634|200676|201487|201886|203046,complete,playbyplay_inferred,201046|201496|201889|202650|203407,complete,playbyplay_inferred
Shot Chart Detail,1021300083,396,200676,Candice Dupree,1611661317,Phoenix Mercury,4,6,24,Made Shot,Jump Shot,2PT Field Goal,Mid-Range,Center(C),8-16 ft.,15,62,143,1,1,20130714,PHO,LAS,2013,1021300083396,20160,validated,100634,1,matched,playbyplayv2,1611661320,100634|100940|200676|201501|201886,complete,playbyplay_inferred,201046|201496|201889|202626|202650,complete,playbyplay_inferred
Shot Chart Detail,1021300083,460,200676,Candice Dupree,1611661317,Phoenix Mercury,4,0,26,Made Shot,Layup Shot,2PT Field Goal,Restricted Area,Center(C),Less Than 8 ft.,1,10,-2,1,1,20130714,PHO,LAS,2013,1021300083460,23740,validated,100940,1,matched,playbyplayv2,1611661320,100940|200676|201501|201886|203046,complete,playbyplay_inferred,201046|201496|201911|202626|203014,complete,playbyplay_inferred
Shot Chart Detail,1021300089,6,200676,Candice Dupree,1611661317,Phoenix Mercury,1,9,6,Missed Shot,Jump Shot,2PT Field Goal,Mid-Range,Center(C),16-24 ft.,17,18,175,1,0,20130718,LAS,PHO,2013,10213000896,540,validated,,0,matched,playbyplayv2,1611661320,100634|100940|200676|201886|203046,complete,playbyplay_inferred,100949|201046|201496|201911|203014,complete,playbyplay_inferred
Shot Chart Detail,1021300089,30,200676,Candice Dupree,1611661317,Phoenix Mercury,1,6,48,Made Shot,Driving Layup Shot,2PT Field Goal,Restricted Area,Center(C),Less Than 8 ft.,2,-16,17,1,1,20130718,LAS,PHO,2013,102130008930,1920,validated,,0,matched,playbyplayv2,1611661320,100634|100940|200676|201886|203046,complete,playbyplay_inferred,100949|201046|201496|201911|203014,complete,playbyplay_inferred
Shot Chart Detail,1021300089,33,200676,Candice Dupree,1611661317,Phoenix Mercury,1,6,24,Made Shot,Driving Layup Shot,2PT Field Goal,Restricted Area,Center(C),Less Than 8 ft.,2,17,20,1,1,20130718,LAS,PHO,2013,102130008933,2160,validated,100940,1,matched,playbyplayv2,1611661320,100634|100940|200676|201886|203046,complete,playbyplay_inferred,100949|201046|201496|201911|203014,complete,playbyplay_inferred
Shot Chart Detail,1021300089,88,200676,Candice Dupree,1611661317,Phoenix Mercury,1,1,15,Made Shot,Driving Layup Shot,2PT Field Goal,Restricted Area,Center(C),Less Than 8 ft.,1,-7,15,1,1,20130718,LAS,PHO,2013,102130008988,5250,validated,100940,1,matched,playbyplayv2,1611661320,100940|200676|201487|201501|202663,complete,playbyplay_inferred,201046|201496|201889|201911|202650,complete,playbyplay_inferred
Shot Chart Detail,1021300089,96,200676,Candice Dupree,1611661317,Phoenix Mercury,1,0,23,Missed Shot,Jump Shot,2PT Field Goal,In The Paint (Non-RA),Center(C),Less Than 8 ft.,5,0,53,1,0,20130718,LAS,PHO,2013,102130008996,5770,validated,,0,matched,playbyplayv2,1611661320,200676|201487|201501|201886|202663,complete,playbyplay_inferred,201046|201496|201889|201911|202650,complete,playbyplay_inferred
Shot Chart Detail,1021300089,116,200676,Candice Dupree,1611661317,Phoenix Mercury,2,9,0,Missed Shot,Jump Shot,2PT Field Goal,Mid-Range,Left Side Center(LC),16-24 ft.,16,-106,121,1,0,20130718,LAS,PHO,2013,1021300089116,6600,validated,,0,matched,playbyplayv2,1611661320,200676|201487|201501|201886|202663,complete,playbyplay_inferred,100928|201889|201911|202650|203407,complete,playbyplay_inferred
Shot Chart Detail,1021300089,141,200676,Candice Dupree,1611661317,Phoenix Mercury,2,5,51,Missed Shot,Jump Shot,2PT Field Goal,Mid-Range,Right Side(R),8-16 ft.,12,86,91,1,0,20130718,LAS,PHO,2013,1021300089141,8490,validated,,0,matched,playbyplayv2,1611661320,100634|100940|200676|201501|201886,complete,playbyplay_inferred,100928|201046|202626|202650|203407,complete,playbyplay_inferred
Shot Chart Detail,1021300089,143,200676,Candice Dupree,1611661317,Phoenix Mercury,2,5,41,Missed Shot,Layup Shot,2PT Field Goal,Restricted Area,Center(C),Less Than 8 ft.,2,12,22,1,0,20130718,LAS,PHO,2013,1021300089143,8590,validated,,0,matched,playbyplayv2,1611661320,100634|100940|200676|201501|201886,complete,playbyplay_inferred,100928|201046|202626|202650|203407,complete,playbyplay_inferred
Shot Chart Detail,1021300089,194,200676,Candice Dupree,1611661317,Phoenix Mercury,2,2,30,Made Shot,Driving Layup Shot,2PT Field Goal,Restricted Area,Center(C),Less Than 8 ft.,2,2,22,1,1,20130718,LAS,PHO,2013,1021300089194,10500,validated,,0,matched,playbyplayv2,1611661320,100940|200676|201501|201886|202663,complete,playbyplay_inferred,100949|201046|201496|201911|202650,complete,playbyplay_inferred
Shot Chart Detail,1021300089,225,200676,Candice Dupree,1611661317,Phoenix Mercury,2,0,0,Missed Shot,Jump Shot,2PT Field Goal,In The Paint (Non-RA),Center(C),Less Than 8 ft.,5,-59,-3,1,0,20130718,LAS,PHO,2013,1021300089225,12000,validated,,0,matched,playbyplayv2,1611661320,100940|200676|201501|201886|202663,complete,playbyplay_inferred,201046|201496|201889|202626|202650,complete,playbyplay_inferred
Shot Chart Detail,1021300089,235,200676,Candice Dupree,1611661317,Phoenix Mercury,3,8,52,Missed Shot,Floating Jump shot,2PT Field Goal,In The Paint (Non-RA),Center(C),Less Than 8 ft.,6,10,69,1,0,20130718,LAS,PHO,2013,1021300089235,12680,validated,,0,matched,playbyplayv2,1611661320,100940|200676|201501|201886|203046,complete,playbyplay_inferred,100949|201046|201496|201911|203014,complete,playbyplay_inferred
Shot Chart Detail,1021300089,285,200676,Candice Dupree,1611661317,Phoenix Mercury,3,4,37,Made Shot,Jump Shot,2PT Field Goal,In The Paint (Non-RA),Center(C),Less Than 8 ft.,7,75,6,1,1,20130718,LAS,PHO,2013,1021300089285,15230,validated,201886,1,matched,playbyplayv2,1611661320,100634|100940|200676|201501|201886,complete,playbyplay_inferred,100928|201496|201911|202626|203014,complete,playbyplay_inferred
Shot Chart Detail,1021300089,365,200676,Candice Dupree,1611661317,Phoenix Mercury,4,9,2,Made Shot,Jump Hook Shot,2PT Field Goal,In The Paint (Non-RA),Center(C),Less Than 8 ft.,4,28,34,1,1,20130718,LAS,PHO,2013,1021300089365,18580,validated,201501,1,matched,playbyplayv2,1611661320,100940|200676|201501|201886|203046,complete,playbyplay_inferred,201046|201496|201889|202626|203014,complete,playbyplay_inferred
Shot Chart Detail,1021300089,409,200676,Candice Dupree,1611661317,Phoenix Mercury,4,6,6,Made Shot,Jump Shot,2PT Field Goal,Mid-Range,Left Side(L),16-24 ft.,20,-205,-10,1,1,20130718,LAS,PHO,2013,1021300089409,20340,validated,100940,1,matched,playbyplayv2,1611661320,100634|100940|200676|201886|203046,complete,playbyplay_inferred,201496|201889|201911|202626|202650,complete,playbyplay_inferred
Shot Chart Detail,1021300098,24,200676,Candice Dupree,1611661317,Phoenix Mercury,1,7,14,Made Shot,Reverse Layup Shot,2PT Field Goal,Restricted Area,Center(C),Less Than 8 ft.,0,2,7,1,1,20130721,PHO,MIN,2013,102130009824,1660,validated,100940,1,matched,playbyplayv2,1611661324,100940|200676|201501|201886|203046,complete,playbyplay_inferred,100915|100944|101019|200671|202632,complete,playbyplay_inferred
Shot Chart Detail,1021300098,82,200676,Candice Dupree,1611661317,Phoenix Mercury,1,1,49,Missed Shot,Jump Shot,2PT Field Goal,Mid-Range,Left Side(L),8-16 ft.,12,-128,-21,1,0,20130721,PHO,MIN,2013,102130009882,4910,validated,,0,matched,playbyplayv2,1611661324,200676|201487|201501|202663|203427,complete,playbyplay_inferred,100915|101019|202257|203016|203411,complete,playbyplay_inferred
Shot Chart Detail,1021300098,134,200676,Candice Dupree,1611661317,Phoenix Mercury,2,6,54,Missed Shot,Hook Shot,2PT Field Goal,In The Paint (Non-RA),Center(C),Less Than 8 ft.,6,-56,23,1,0,20130721,PHO,MIN,2013,1021300098134,7860,validated,,0,matched,playbyplayv2,1611661324,100940|200676|201487|201886|203046,complete,playbyplay_inferred,100915|100944|101019|200671|202257,complete,playbyplay_inferred
Shot Chart Detail,1021300098,182,200676,Candice Dupree,1611661317,Phoenix Mercury,2,2,46,Made Shot,Putback Layup Shot,2PT Field Goal,Restricted Area,Center(C),Less Than 8 ft.,1,12,0,1,1,20130721,PHO,MIN,2013,1021300098182,10340,validated,,0,matched,playbyplayv2,1611661324,100940|200676|201886|202663|203046,complete,playbyplay_inferred,100915|100944|101019|200671|202632,complete,playbyplay_inferred
Shot Chart Detail,1021300098,202,200676,Candice Dupree,1611661317,Phoenix Mercury,2,1,38,Made Shot,Layup Shot,2PT Field Goal,Restricted Area,Center(C),Less Than 8 ft.,1,-18,4,1,1,20130721,PHO,MIN,2013,1021300098202,11020,validated,100940,1,matched,playbyplayv2,1611661324,100940|200676|201886|202663|203046,complete,playbyplay_inferred,100915|100944|101019|200671|202257,complete,playbyplay_inferred
Shot Chart Detail,1021300098,267,200676,Candice Dupree,1611661317,Phoenix Mercury,3,4,49,Missed Shot,Driving Layup Shot,2PT Field Goal,Restricted Area,Center(C),Less Than 8 ft.,1,6,19,1,0,20130721,PHO,MIN,2013,1021300098267,15110,validated,,0,matched,playbyplayv2,1611661324,100940|200676|201501|201886|203046,complete,playbyplay_inferred,100915|100944|101019|200671|202257,complete,playbyplay_inferred
Shot Chart Detail,1021300098,334,200676,Candice Dupree,1611661317,Phoenix Mercury,4,8,59,Missed Shot,Jump Shot,2PT Field Goal,Mid-Range,Right Side(R),8-16 ft.,15,103,121,1,0,20130721,PHO,MIN,2013,1021300098334,18610,validated,,0,matched,playbyplayv2,1611661324,200676|201501|201886|202663|203427,complete,playbyplay_inferred,100915|101019|202257|203016|203411,complete,playbyplay_inferred
Shot Chart Detail,1021300098,341,200676,Candice Dupree,1611661317,Phoenix Mercury,4,8,24,Made Shot,Jump Shot,2PT Field Goal,Restricted Area,Center(C),Less Than 8 ft.,3,37,4,1,1,20130721,PHO,MIN,2013,1021300098341,18960,validated,100940,1,matched,playbyplayv2,1611661324,100940|200676|201501|201886|202663,complete,playbyplay_inferred,100915|101019|202257|203016|203411,complete,playbyplay_inferred
Shot Chart Detail,1021300098,380,200676,Candice Dupree,1611661317,Phoenix Mercury,4,4,50,Missed Shot,Layup Shot,2PT Field Goal,Restricted Area,Center(C),Less Than 8 ft.,2,4,25,1,0,20130721,PHO,MIN,2013,1021300098380,21100,validated,,0,matched,playbyplayv2,1611661324,100940|200676|201501|201886|203046,complete,playbyplay_inferred,100944|101019|200671|202257|202632,complete,playbyplay_inferred
Shot Chart Detail,1021300098,389,200676,Candice Dupree,1611661317,Phoenix Mercury,4,4,10,Missed Shot,Layup Shot,2PT Field Goal,Restricted Area,Center(C),Less Than 8 ft.,1,-10,4,1,0,20130721,PHO,MIN,2013,1021300098389,21500,validated,,0,matched,playbyplayv2,1611661324,100940|200676|201501|201886|203046,complete,playbyplay_inferred,100915|100944|101019|200671|202632,complete,playbyplay_inferred
Shot Chart Detail,1021300101,11,200676,Candice Dupree,1611661317,Phoenix Mercury,1,8,18,Missed Shot,Pullup Jump shot,2PT Field Goal,Mid-Range,Center(C),16-24 ft.,18,-24,181,1,0,20130724,MIN,PHO,2013,102130010111,1020,validated,,0,matched,playbyplayv2,1611661324,200676|201487|201886|202663|203046,complete,playbyplay_inferred,100915|100944|101019|200671|202632,complete,playbyplay_inferred
Shot Chart Detail,1021300101,15,200676,Candice Dupree,1611661317,Phoenix Mercury,1,7,46,Missed Shot,Jump Shot,2PT Field Goal,In The Paint (Non-RA),Right Side(R),8-16 ft.,12,70,99,1,0,20130724,MIN,PHO,2013,102130010115,1340,validated,,0,matched,playbyplayv2,1611661324,200676|201487|201886|202663|203046,complete,playbyplay_inferred,100915|100944|101019|200671|202632,complete,playbyplay_inferred
Shot Chart Detail,1021300101,40,200676,Candice Dupree,1611661317,Phoenix Mercury,1,5,35,Made Shot,Turnaround Bank shot,2PT Field Goal,Mid-Range,Left Side(L),8-16 ft.,11,-105,34,1,1,20130724,MIN,PHO,2013,102130010140,2650,validated,,0,matched,playbyplayv2,1611661324,200676|201487|201886|203041|203046,complete,playbyplay_inferred,100915|100944|101019|200671|202632,complete,playbyplay_inferred
Shot Chart Detail,1021300101,43,200676,Candice Dupree,1611661317,Phoenix Mercury,1,4,56,Missed Shot,Running Jump Shot,2PT Field Goal,In The Paint (Non-RA),Center(C),8-16 ft.,8,18,85,1,0,20130724,MIN,PHO,2013,102130010143,3040,validated,,0,matched,playbyplayv2,1611661324,200676|201487|201886|203041|203046,complete,playbyplay_inferred,100915|100944|101019|200671|202632,complete,playbyplay_inferred
Shot Chart Detail,1021300101,111,200676,Candice Dupree,1611661317,Phoenix Mercury,2,8,16,Made Shot,Turnaround Jump Shot,2PT Field Goal,In The Paint (Non-RA),Center(C),Less Than 8 ft.,7,-2,75,1,1,20130724,MIN,PHO,2013,1021300101111,7040,validated,,0,matched,playbyplayv2,1611661324,200676|201501|202663|203046|203427,complete,playbyplay_inferred,100915|100944|101019|202257|202632,complete,playbyplay_inferred
Shot Chart Detail,1021300101,137,200676,Candice Dupree,1611661317,Phoenix Mercury,2,5,38,Missed Shot,Jump Shot,2PT Field Goal,Mid-Range,Center(C),8-16 ft.,15,2,159,1,0,20130724,MIN,PHO,2013,1021300101137,8620,validated,,0,matched,playbyplayv2,1611661324,200676|201487|201886|203046|203427,complete,playbyplay_inferred,100915|100944|101019|200671|202257,complete,playbyplay_inferred
Shot Chart Detail,1021300101,158,200676,Candice Dupree,1611661317,Phoenix Mercury,2,4,4,Missed Shot,Jump Shot,2PT Field Goal,Mid-Range,Left Side(L),8-16 ft.,12,-122,31,1,0,20130724,MIN,PHO,2013,1021300101158,9560,validated,,0,matched,playbyplayv2,1611661324,200676|201501|201886|202663|203427,complete,playbyplay_inferred,101019|200671|202257|203016|203411,complete,playbyplay_inferred
Shot Chart Detail,1021300101,165,200676,Candice Dupree,1611661317,Phoenix Mercury,2,3,7,Made Shot,Layup Shot,2PT Field Goal,Restricted Area,Center(C),Less Than 8 ft.,2,21,11,1,1,20130724,MIN,PHO,2013,1021300101165,10130,validated,201501,1,matched,playbyplayv2,1611661324,200676|201501|201886|202663|203427,complete,playbyplay_inferred,101019|200671|202257|203016|203411,complete,playbyplay_inferred
Shot Chart Detail,1021300101,179,200676,Candice Dupree,1611661317,Phoenix Mercury,2,1,22,Made Shot,Jump Shot,2PT Field Goal,In The Paint (Non-RA),Center(C),Less Than 8 ft.,5,-43,28,1,1,20130724,MIN,PHO,2013,1021300101179,11180,validated,201886,1,matched,playbyplayv2,1611661324,200676|201886|202663|203046|203427,complete,playbyplay_inferred,100915|100944|200671|202632|203016,complete,playbyplay_inferred
Shot Chart Detail,1021300101,233,200676,Candice Dupree,1611661317,Phoenix Mercury,3,6,4,Made Shot,Jump Shot,2PT Field Goal,In The Paint (Non-RA),Center(C),Less Than 8 ft.,6,-7,69,1,1,20130724,MIN,PHO,2013,1021300101233,14360,validated,201886,1,matched,playbyplayv2,1611661324,200676|201487|201886|202663|203046,complete,playbyplay_inferred,100915|100944|101019|200671|202257,complete,playbyplay_inferred
Shot Chart Detail,1021300101,279,200676,Candice Dupree,1611661317,Phoenix Mercury,3,2,58,Made Shot,Jump Shot,2PT Field Goal,Mid-Range,Left Side(L),8-16 ft.,15,-111,101,1,1,20130724,MIN,PHO,2013,1021300101279,16220,validated,203046,1,matched,playbyplayv2,1611661324,200676|201501|203041|203046|203427,complete,playbyplay_inferred,100944|101019|200671|202257|203411,complete,playbyplay_inferred
Shot Chart Detail,1021300101,310,200676,Candice Dupree,1611661317,Phoenix Mercury,4,9,43,Made Shot,Jump Bank Shot,2PT Field Goal,In The Paint (Non-RA),Center(C),Less Than 8 ft.,6,58,31,1,1,20130724,MIN,PHO,2013,1021300101310,18170,validated,201487,1,matched,playbyplayv2,1611661324,200676|201487|201886|203041|203046,complete,playbyplay_inferred,100915|100944|200671|202632|203016,complete,playbyplay_inferred
Shot Chart Detail,1021300101,316,200676,Candice Dupree,1611661317,Phoenix Mercury,4,9,10,Missed Shot,Jump Shot,2PT Field Goal,Mid-Range,Center(C),16-24 ft.,17,-2,175,1,0,20130724,MIN,PHO,2013,1021300101316,18500,validated,,0,matched,playbyplayv2,1611661324,200676|201487|201886|203041|203046,complete,playbyplay_inferred,100915|100944|200671|202632|203016,complete,playbyplay_inferred
Shot Chart Detail,1021300101,326,200676,Candice Dupree,1611661317,Phoenix Mercury,4,8,27,Made Shot,Layup Shot,2PT Field Goal,Restricted Area,Center(C),Less Than 8 ft.,0,0,-2,1,1,20130724,MIN,PHO,2013,1021300101326,18930,validated,201487,1,matched,playbyplayv2,1611661324,200676|201487|201886|203041|203046,complete,playbyplay_inferred,100915|100944|200671|202632|203016,complete,playbyplay_inferred
Shot Chart Detail,1021300108,2,200676,Candice Dupree,1611661317,Phoenix Mercury,1,9,39,Missed Shot,Jump Shot,2PT Field Goal,Mid-Range,Left Side Center(LC),16-24 ft.,16,-67,151,1,0,20130801,SEA,PHO,2013,10213001082,210,validated,,0,matched,playbyplayv2,1611661328,100940|200676|201886|203046|203398,complete,playbyplay_inferred,100076|101024|101030|201067|203015,complete,playbyplay_inferred
Shot Chart Detail,1021300108,18,200676,Candice Dupree,1611661317,Phoenix Mercury,1,8,15,Missed Shot,Jump Shot,2PT Field Goal,In The Paint (Non-RA),Center(C),Less Than 8 ft.,7,-45,60,1,0,20130801,SEA,PHO,2013,102130010818,1050,validated,,0,matched,playbyplayv2,1611661328,100940|200676|201886|203046|203398,complete,playbyplay_inferred,100076|101024|101030|201067|203015,complete,playbyplay_inferred
Shot Chart Detail,1021300108,61,200676,Candice Dupree,1611661317,Phoenix Mercury,1,3,38,Missed Shot,Layup Shot,2PT Field Goal,Restricted Area,Center(C),Less Than 8 ft.,1,2,17,1,0,20130801,SEA,PHO,2013,102130010861,3820,validated,,0,matched,playbyplayv2,1611661328,100940|200676|201501|201886|202663,complete,playbyplay_inferred,100076|101024|101030|201049|201067,complete,playbyplay_inferred
Shot Chart Detail,1021300108,74,200676,Candice Dupree,1611661317,Phoenix Mercury,1,2,27,Made Shot,Jump Shot,2PT Field Goal,Mid-Range,Right Side Center(RC),16-24 ft.,18,89,164,1,1,20130801,SEA,PHO,2013,102130010874,4530,validated,,0,matched,playbyplayv2,1611661328,200676|201487|201501|202663|203427,complete,playbyplay_inferred,100942|101024|201049|202252|203403,complete,playbyplay_inferred
Shot Chart Detail,1021300108,81,200676,Candice Dupree,1611661317,Phoenix Mercury,1,1,12,Made Shot,Alley Oop Layup shot,2PT Field Goal,Restricted Area,Center(C),Less Than 8 ft.,1,12,1,1,1,20130801,SEA,PHO,2013,102130010881,5280,validated,203427,1,matched,playbyplayv2,1611661328,200676|201487|201501|202663|203427,complete,playbyplay_inferred,100942|101024|201049|203015|203403,complete,playbyplay_inferred
Shot Chart Detail,1021300108,132,200676,Candice Dupree,1611661317,Phoenix Mercury,2,5,28,Made Shot,Jump Shot,2PT Field Goal,Mid-Range,Left Side(L),8-16 ft.,13,-139,-5,1,1,20130801,SEA,PHO,2013,1021300108132,8720,validated,100940,1,matched,playbyplayv2,1611661328,100940|200676|201886|202663|203046,complete,playbyplay_inferred,100076|101024|101030|201067|203015,complete,playbyplay_inferred
Shot Chart Detail,1021300108,149,200676,Candice Dupree,1611661317,Phoenix Mercury,2,4,21,Made Shot,Reverse Layup Shot,2PT Field Goal,Restricted Area,Center(C),Less Than 8 ft.,0,6,7,1,1,20130801,SEA,PHO,2013,1021300108149,9390,validated,201886,1,matched,playbyplayv2,1611661328,100940|200676|201886|202663|203046,complete,playbyplay_inferred,100076|101024|202252|203015|203403,complete,playbyplay_inferred
Shot Chart Detail,1021300108,206,200676,Candice Dupree,1611661317,Phoenix Mercury,2,0,31,Missed Shot,Jump Shot,3PT Field Goal,Above the Break 3,Left Side Center(LC),16-24 ft.,23,-131,192,1,0,20130801,SEA,PHO,2013,1021300108206,11690,validated,,0,matched,playbyplayv2,1611661328,100940|200676|201501|201886|202663,complete,playbyplay_inferred,101030|201049|201067|203015|203403,complete,playbyplay_inferred
Shot Chart Detail,1021300108,226,200676,Candice Dupree,1611661317,Phoenix Mercury,3,9,5,Made Shot,Jump Shot,2PT Field Goal,Mid-Range,Center(C),16-24 ft.,17,0,176,1,1,20130801,SEA,PHO,2013,1021300108226,12550,validated,201886,1,matched,playbyplayv2,1611661328,100940|200676|201886|202663|203046,complete,playbyplay_inferred,100076|101024|101030|201067|203015,complete,playbyplay_inferred
Shot Chart Detail,1021300108,239,200676,Candice Dupree,1611661317,Phoenix Mercury,3,7,49,Missed Shot,Jump Shot,2PT Field Goal,Mid-Range,Left Side Center(LC),16-24 ft.,18,-108,154,1,0,20130801,SEA,PHO,2013,1021300108239,13310,validated,,0,matched,playbyplayv2,1611661328,100940|200676|201886|202663|203046,complete,playbyplay_inferred,100076|101024|101030|201067|203015,complete,playbyplay_inferred
Shot Chart Detail,1021300108,252,200676,Candice Dupree,1611661317,Phoenix Mercury,3,6,23,Made Shot,Jump Shot,2PT Field Goal,Mid-Range,Left Side Center(LC),16-24 ft.,16,-65,153,1,1,20130801,SEA,PHO,2013,1021300108252,14170,validated,201886,1,matched,playbyplayv2,1611661328,100940|200676|201886|203046|203398,complete,playbyplay_inferred,100076|101024|101030|201067|203015,complete,playbyplay_inferred
Shot Chart Detail,1021300108,278,200676,Candice Dupree,1611661317,Phoenix Mercury,3,4,58,Made Shot,Layup Shot,2PT Field Goal,Restricted Area,Center(C),Less Than 8 ft.,2,13,22,1,1,20130801,SEA,PHO,2013,1021300108278,15020,validated,203398,1,matched,playbyplayv2,1611661328,100940|200676|201501|201886|203398,complete,playbyplay_inferred,100076|101024|101030|201049|201067,complete,playbyplay_inferred
Shot Chart Detail,1021300108,281,200676,Candice Dupree,1611661317,Phoenix Mercury,3,4,27,Missed Shot,Jump Shot,2PT Field Goal,In The Paint (Non-RA),Center(C),Less Than 8 ft.,4,32,37,1,0,20130801,SEA,PHO,2013,1021300108281,15330,validated,,0,matched,playbyplayv2,1611661328,100940|200676|201501|201886|203398,complete,playbyplay_inferred,100076|101024|101030|201049|201067,complete,playbyplay_inferred
Shot Chart Detail,1021300108,293,200676,Candice Dupree,1611661317,Phoenix Mercury,3,2,57,Missed Shot,Jump Shot,2PT Field Goal,In The Paint (Non-RA),Center(C),Less Than 8 ft.,7,-75,9,1,0,20130801,SEA,PHO,2013,1021300108293,16230,validated,,0,matched,playbyplayv2,1611661328,100940|200676|201501|201886|203398,complete,playbyplay_inferred,100942|101024|101030|201049|203403,complete,playbyplay_inferred
Shot Chart Detail,1021300108,393,200676,Candice Dupree,1611661317,Phoenix Mercury,4,4,41,Missed Shot,Layup Shot,2PT Field Goal,Restricted Area,Center(C),Less Than 8 ft.,0,1,4,1,0,20130801,SEA,PHO,2013,1021300108393,21190,validated,,0,matched,playbyplayv2,1611661328,100940|200676|201886|203046|203398,complete,playbyplay_inferred,100076|101024|101030|201049|201067,complete,playbyplay_inferred
Shot Chart Detail,1021300114,12,200676,Candice Dupree,1611661317,Phoenix Mercury,1,8,11,Missed Shot,Turnaround Jump Shot,2PT Field Goal,In The Paint (Non-RA),Center(C),Less Than 8 ft.,4,28,33,1,0,20130803,PHO,ATL,2013,102130011412,1090,validated,,0,matched,playbyplayv2,1611661330,100940|200676|201886|203046|203398,complete,playbyplay_inferred,100812|100973|201048|201881|203410,complete,playbyplay_inferred
Shot Chart Detail,1021300114,51,200676,Candice Dupree,1611661317,Phoenix Mercury,1,4,53,Missed Shot,Running Hook Shot,2PT Field Goal,In The Paint (Non-RA),Center(C),Less Than 8 ft.,6,-4,63,1,0,20130803,PHO,ATL,2013,102130011451,3070,validated,,0,matched,playbyplayv2,1611661330,100940|200676|201886|202663|203046,complete,playbyplay_inferred,100973|201048|201881|202623|203410,complete,playbyplay_inferred
Shot Chart Detail,1021300114,89,200676,Candice Dupree,1611661317,Phoenix Mercury,1,2,25,Made Shot,Layup Shot,2PT Field Goal,Restricted Area,Center(C),Less Than 8 ft.,1,-8,-6,1,1,20130803,PHO,ATL,2013,102130011489,4550,validated,203427,1,matched,playbyplayv2,1611661330,100940|200676|201501|203398|203427,complete,playbyplay_inferred,100973|201048|201881|202623|202662,complete,playbyplay_inferred
Shot Chart Detail,1021300114,94,200676,Candice Dupree,1611661317,Phoenix Mercury,1,1,24,Made Shot,Turnaround Jump Shot,2PT Field Goal,In The Paint (Non-RA),Center(C),8-16 ft.,8,42,77,1,1,20130803,PHO,ATL,2013,102130011494,5160,validated,100940,1,matched,playbyplayv2,1611661330,100940|200676|201501|203398|203427,complete,playbyplay_inferred,100973|201048|201881|202623|202662,complete,playbyplay_inferred
Shot Chart Detail,1021300114,182,200676,Candice Dupree,1611661317,Phoenix Mercury,2,3,12,Missed Shot,Jump Shot,2PT Field Goal,Mid-Range,Left Side(L),16-24 ft.,18,-183,0,1,0,20130803,PHO,ATL,2013,1021300114182,10080,validated,,0,matched,playbyplayv2,1611661330,100940|200676|201487|201886|202663,complete,playbyplay_inferred,100812|100973|201048|201881|203410,complete,playbyplay_inferred
Shot Chart Detail,1021300114,199,200676,Candice Dupree,1611661317,Phoenix Mercury,2,2,17,Missed Shot,Jump Shot,2PT Field Goal,In The Paint (Non-RA),Left Side(L),8-16 ft.,11,-75,82,1,0,20130803,PHO,ATL,2013,1021300114199,10630,validated,,0,matched,playbyplayv2,1611661330,100940|200676|201487|201886|202663,complete,playbyplay_inferred,100812|100973|201048|201881|202662,complete,playbyplay_inferred
Shot Chart Detail,1021300114,240,200676,Candice Dupree,1611661317,Phoenix Mercury,3,9,2,Made Shot,Layup Shot,2PT Field Goal,Restricted Area,Center(C),Less Than 8 ft.,2,-15,19,1,1,20130803,PHO,ATL,2013,1021300114240,12580,validated,,0,matched,playbyplayv2,1611661330,100940|200676|201886|203046|203398,complete,playbyplay_inferred,100812|100973|201048|201881|203410,complete,playbyplay_inferred
Shot Chart Detail,1021300114,388,200676,Candice Dupree,1611661317,Phoenix Mercury,4,5,11,Made Shot,Layup Shot,2PT Field Goal,Restricted Area,Center(C),Less Than 8 ft.,1,4,15,1,1,20130803,PHO,ATL,2013,1021300114388,20890,validated,100940,1,matched,playbyplayv2,1611661330,100940|200676|201886|202663|203046,complete,playbyplay_inferred,100812|201048|201881|202623|203410,complete,playbyplay_inferred
Shot Chart Detail,1021300114,427,200676,Candice Dupree,1611661317,Phoenix Mercury,4,2,17,Missed Shot,Layup Shot,2PT Field Goal,Restricted Area,Center(C),Less Than 8 ft.,2,-27,6,1,0,20130803,PHO,ATL,2013,1021300114427,22630,validated,,0,matched,playbyplayv2,1611661330,100940|200676|201886|203046|203398,complete,playbyplay_inferred,100812|201048|201881|202662|203410,complete,playbyplay_inferred
Shot Chart Detail,1021300122,6,200676,Candice Dupree,1611661317,Phoenix Mercury,1,9,2,Missed Shot,Turnaround Jump Shot,2PT Field Goal,In The Paint (Non-RA),Right Side(R),8-16 ft.,8,80,9,1,0,20130806,PHO,SEA,2013,10213001226,580,validated,,0,matched,playbyplayv2,1611661328,100940|200676|201886|203046|203398,complete,playbyplay_inferred,100076|101024|101030|201067|203015,complete,playbyplay_inferred
Shot Chart Detail,1021300122,14,200676,Candice Dupree,1611661317,Phoenix Mercury,1,8,12,Made Shot,Jump Shot,2PT Field Goal,Mid-Range,Left Side Center(LC),16-24 ft.,19,-114,154,1,1,20130806,PHO,SEA,2013,102130012214,1080,validated,203046,1,matched,playbyplayv2,1611661328,100940|200676|201886|203046|203398,complete,playbyplay_inferred,100076|101024|101030|201067|203015,complete,playbyplay_inferred
Shot Chart Detail,1021300122,33,200676,Candice Dupree,1611661317,Phoenix Mercury,1,6,51,Made Shot,Jump Shot,2PT Field Goal,Mid-Range,Left Side Center(LC),16-24 ft.,20,-82,187,1,1,20130806,PHO,SEA,2013,102130012233,1890,validated,100940,1,matched,playbyplayv2,1611661328,100940|200676|201886|203046|203398,complete,playbyplay_inferred,100076|101024|101030|201067|203015,complete,playbyplay_inferred
Shot Chart Detail,1021300122,52,200676,Candice Dupree,1611661317,Phoenix Mercury,1,5,9,Missed Shot,Hook Shot,2PT Field Goal,Restricted Area,Center(C),Less Than 8 ft.,3,-2,30,1,0,20130806,PHO,SEA,2013,102130012252,2910,validated,,0,matched,playbyplayv2,1611661328,100940|200676|201886|203046|203398,complete,playbyplay_inferred,100076|101024|101030|201067|203015,complete,playbyplay_inferred
Shot Chart Detail,1021300122,63,200676,Candice Dupree,1611661317,Phoenix Mercury,1,4,4,Made Shot,Jump Shot,2PT Field Goal,Restricted Area,Center(C),Less Than 8 ft.,3,1,34,1,1,20130806,PHO,SEA,2013,102130012263,3560,validated,,0,matched,playbyplayv2,1611661328,100940|200676|201886|203046|203398,complete,playbyplay_inferred,100076|101024|101030|201067|203015,complete,playbyplay_inferred
Shot Chart Detail,1021300122,68,200676,Candice Dupree,1611661317,Phoenix Mercury,1,3,17,Made Shot,Layup Shot,2PT Field Goal,Restricted Area,Center(C),Less Than 8 ft.,0,7,-2,1,1,20130806,PHO,SEA,2013,102130012268,4030,validated,100940,1,matched,playbyplayv2,1611661328,100940|200676|201886|203046|203398,complete,playbyplay_inferred,100076|101024|101030|201067|203015,complete,playbyplay_inferred
Shot Chart Detail,1021300122,70,200676,Candice Dupree,1611661317,Phoenix Mercury,1,2,46,Missed Shot,Jump Shot,2PT Field Goal,Mid-Range,Right Side Center(RC),16-24 ft.,16,103,135,1,0,20130806,PHO,SEA,2013,102130012270,4340,validated,,0,matched,playbyplayv2,1611661328,100940|200676|201886|203046|203398,complete,playbyplay_inferred,100076|101024|101030|201067|203015,complete,playbyplay_inferred
Shot Chart Detail,1021300122,143,200676,Candice Dupree,1611661317,Phoenix Mercury,2,5,55,Made Shot,Jump Shot,2PT Field Goal,Mid-Range,Right Side(R),16-24 ft.,18,184,-5,1,1,20130806,PHO,SEA,2013,1021300122143,8450,validated,201487,1,matched,playbyplayv2,1611661328,100940|200676|201487|203398|203427,complete,playbyplay_inferred,100076|101024|101030|201067|203015,complete,playbyplay_inferred
Shot Chart Detail,1021300122,248,200676,Candice Dupree,1611661317,Phoenix Mercury,3,7,49,Missed Shot,Jump Shot,2PT Field Goal,Mid-Range,Right Side Center(RC),16-24 ft.,18,103,148,1,0,20130806,PHO,SEA,2013,1021300122248,13310,validated,,0,matched,playbyplayv2,1611661328,100940|200676|201886|203046|203398,complete,playbyplay_inferred,100076|101024|101030|201067|203015,complete,playbyplay_inferred
Shot Chart Detail,1021300122,336,200676,Candice Dupree,1611661317,Phoenix Mercury,3,1,36,Missed Shot,Running Bank shot,2PT Field Goal,In The Paint (Non-RA),Center(C),Less Than 8 ft.,5,-56,15,1,0,20130806,PHO,SEA,2013,1021300122336,17040,validated,,0,matched,playbyplayv2,1611661328,100940|200676|202663|203046|203427,complete,playbyplay_inferred,100076|101024|201049|203015|203403,complete,playbyplay_inferred
Shot Chart Detail,1021300122,339,200676,Candice Dupree,1611661317,Phoenix Mercury,3,1,0,Missed Shot,Jump Shot,2PT Field Goal,In The Paint (Non-RA),Center(C),8-16 ft.,13,-68,118,1,0,20130806,PHO,SEA,2013,1021300122339,17400,validated,,0,matched,playbyplayv2,1611661328,100940|200676|202663|203046|203427,complete,playbyplay_inferred,100076|101024|201049|203015|203403,complete,playbyplay_inferred
Shot Chart Detail,1021300122,360,200676,Candice Dupree,1611661317,Phoenix Mercury,4,9,4,Made Shot,Turnaround Jump Shot,2PT Field Goal,In The Paint (Non-RA),Left Side(L),8-16 ft.,9,-71,69,1,1,20130806,PHO,SEA,2013,1021300122360,18560,validated,,0,matched,playbyplayv2,1611661328,200676|201487|202663|203046|203427,complete,playbyplay_inferred,101024|201049|201067|203015|203403,complete,playbyplay_inferred
Shot Chart Detail,1021300122,368,200676,Candice Dupree,1611661317,Phoenix Mercury,4,8,31,Missed Shot,Jump Shot,2PT Field Goal,In The Paint (Non-RA),Left Side(L),8-16 ft.,8,-76,39,1,0,20130806,PHO,SEA,2013,1021300122368,18890,validated,,0,matched,playbyplayv2,1611661328,200676|201487|202663|203046|203427,complete,playbyplay_inferred,101024|201049|201067|203015|203403,complete,playbyplay_inferred
Shot Chart Detail,1021300122,379,200676,Candice Dupree,1611661317,Phoenix Mercury,4,7,36,Missed Shot,Turnaround Jump Shot,2PT Field Goal,In The Paint (Non-RA),Center(C),8-16 ft.,11,-19,115,1,0,20130806,PHO,SEA,2013,1021300122379,19440,validated,,0,matched,playbyplayv2,1611661328,200676|201487|202663|203046|203427,complete,playbyplay_inferred,100076|101024|201049|201067|203015,complete,playbyplay_inferred
Shot Chart Detail,1021300122,381,200676,Candice Dupree,1611661317,Phoenix Mercury,4,7,28,Made Shot,Layup Shot,2PT Field Goal,Restricted Area,Center(C),Less Than 8 ft.,2,-21,15,1,1,20130806,PHO,SEA,2013,1021300122381,19520,validated,203046,1,matched,playbyplayv2,1611661328,200676|201487|202663|203046|203427,complete,playbyplay_inferred,100076|101024|201049|201067|203015,complete,playbyplay_inferred
Shot Chart Detail,1021300126,2,200676,Candice Dupree,1611661317,Phoenix Mercury,1,9,43,Made Shot,Jump Shot,2PT Field Goal,Mid-Range,Left Side Center(LC),16-24 ft.,17,-59,162,1,1,20130809,PHO,TUL,2013,10213001262,170,validated,201886,1,matched,playbyplayv2,1611661321,100940|200676|201886|202663|203046,complete,playbyplay_inferred,100919|201499|202633|203017|203426,complete,playbyplay_inferred
Shot Chart Detail,1021300126,12,200676,Candice Dupree,1611661317,Phoenix Mercury,1,8,20,Missed Shot,Jump Shot,2PT Field Goal,In The Paint (Non-RA),Center(C),Less Than 8 ft.,6,48,48,1,0,20130809,PHO,TUL,2013,102130012612,1000,validated,,0,matched,playbyplayv2,1611661321,100940|200676|201886|202663|203046,complete,playbyplay_inferred,100919|201499|202633|203017|203426,complete,playbyplay_inferred
Shot Chart Detail,1021300126,30,200676,Candice Dupree,1611661317,Phoenix Mercury,1,5,25,Missed Shot,Jump Shot,2PT Field Goal,Mid-Range,Left Side(L),8-16 ft.,9,-95,6,1,0,20130809,PHO,TUL,2013,102130012630,2750,validated,,0,matched,playbyplayv2,1611661321,100940|200676|201886|202663|203046,complete,playbyplay_inferred,100919|201499|202633|203017|203426,complete,playbyplay_inferred
Shot Chart Detail,1021300126,37,200676,Candice Dupree,1611661317,Phoenix Mercury,1,5,1,Made Shot,Layup Shot,2PT Field Goal,Restricted Area,Center(C),Less Than 8 ft.,2,-23,4,1,1,20130809,PHO,TUL,2013,102130012637,2990,validated,100940,1,matched,playbyplayv2,1611661321,100940|200676|201487|201886|203041,complete,playbyplay_inferred,100919|201499|202633|203017|203426,complete,playbyplay_inferred
Shot Chart Detail,1021300126,68,200676,Candice Dupree,1611661317,Phoenix Mercury,1,2,0,Made Shot,Driving Layup Shot,2PT Field Goal,Restricted Area,Center(C),Less Than 8 ft.,1,-16,7,1,1,20130809,PHO,TUL,2013,102130012668,4800,validated,,0,matched,playbyplayv2,1611661321,100940|200676|201487|202663|203427,complete,playbyplay_inferred,101033|201050|201499|203017|203400,complete,playbyplay_inferred
Shot Chart Detail,1021300126,121,200676,Candice Dupree,1611661317,Phoenix Mercury,2,7,27,Made Shot,Reverse Layup Shot,2PT Field Goal,Restricted Area,Center(C),Less Than 8 ft.,0,9,3,1,1,20130809,PHO,TUL,2013,1021300126121,7530,validated,100940,1,matched,playbyplayv2,1611661321,100940|200676|201501|202663|203427,complete,playbyplay_inferred,100919|101033|201050|202633|203400,complete,playbyplay_inferred
Shot Chart Detail,1021300126,139,200676,Candice Dupree,1611661317,Phoenix Mercury,2,5,52,Missed Shot,Layup Shot,2PT Field Goal,Restricted Area,Center(C),Less Than 8 ft.,1,-7,9,1,0,20130809,PHO,TUL,2013,1021300126139,8480,validated,,0,matched,playbyplayv2,1611661321,200676|201886|203041|203046|203427,complete,playbyplay_inferred,201499|202633|203017|203400|203426,complete,playbyplay_inferred
Shot Chart Detail,1021300126,161,200676,Candice Dupree,1611661317,Phoenix Mercury,2,4,11,Made Shot,Jump Shot,2PT Field Goal,Mid-Range,Left Side(L),8-16 ft.,15,-157,-2,1,1,20130809,PHO,TUL,2013,1021300126161,9490,validated,201487,1,matched,playbyplayv2,1611661321,100940|200676|201487|201886|203041,complete,playbyplay_inferred,101033|201499|202633|203017|203426,complete,playbyplay_inferred
Shot Chart Detail,1021300126,198,200676,Candice Dupree,1611661317,Phoenix Mercury,2,1,5,Made Shot,Driving Layup Shot,2PT Field Goal,Restricted Area,Center(C),Less Than 8 ft.,1,-10,0,1,1,20130809,PHO,TUL,2013,1021300126198,11350,validated,,0,matched,playbyplayv2,1611661321,200676|201487|201501|202663|203046,complete,playbyplay_inferred,100919|201499|202633|203017|203426,complete,playbyplay_inferred
Shot Chart Detail,1021300126,215,200676,Candice Dupree,1611661317,Phoenix Mercury,2,0,0,Missed Shot,Jump Shot,3PT Field Goal,Above the Break 3,Right Side Center(RC),24+ ft.,35,114,334,1,0,20130809,PHO,TUL,2013,1021300126215,12000,validated,,0,matched,playbyplayv2,1611661321,200676|201487|201501|202663|203046,complete,playbyplay_inferred,100919|201050|201499|202633|203426,complete,playbyplay_inferred
Shot Chart Detail,1021300126,329,200676,Candice Dupree,1611661317,Phoenix Mercury,4,9,44,Made Shot,Layup Shot,2PT Field Goal,Restricted Area,Center(C),Less Than 8 ft.,2,-7,28,1,1,20130809,PHO,TUL,2013,1021300126329,18160,validated,100940,1,matched,playbyplayv2,1611661321,100940|200676|201886|202663|203046,complete,playbyplay_inferred,101033|201050|202633|203400|203426,complete,playbyplay_inferred
Shot Chart Detail,1021300126,343,200676,Candice Dupree,1611661317,Phoenix Mercury,4,9,2,Made Shot,Jump Shot,2PT Field Goal,Restricted Area,Center(C),Less Than 8 ft.,3,26,17,1,1,20130809,PHO,TUL,2013,1021300126343,18580,validated,100940,1,matched,playbyplayv2,1611661321,100940|200676|201886|203041|203046,complete,playbyplay_inferred,101033|201050|202633|203400|203426,complete,playbyplay_inferred
Shot Chart Detail,1021300126,354,200676,Candice Dupree,1611661317,Phoenix Mercury,4,8,9,Made Shot,Jump Shot,2PT Field Goal,Mid-Range,Right Side(R),16-24 ft.,16,166,-2,1,1,20130809,PHO,TUL,2013,1021300126354,19110,validated,201886,1,matched,playbyplayv2,1611661321,200676|201886|203041|203046|203427,complete,playbyplay_inferred,101033|201050|201499|202633|203400,complete,playbyplay_inferred
Shot Chart Detail,1021300126,356,200676,Candice Dupree,1611661317,Phoenix Mercury,4,7,39,Missed Shot,Jump Bank Shot,2PT Field Goal,In The Paint (Non-RA),Right Side(R),8-16 ft.,8,80,6,1,0,20130809,PHO,TUL,2013,1021300126356,19410,validated,,0,matched,playbyplayv2,1611661321,200676|201886|203041|203046|203427,complete,playbyplay_inferred,101033|201050|201499|202633|203400,complete,playbyplay_inferred
Shot Chart Detail,1021300126,358,200676,Candice Dupree,1611661317,Phoenix Mercury,4,7,16,Missed Shot,Layup Shot,2PT Field Goal,Restricted Area,Center(C),Less Than 8 ft.,2,24,17,1,0,20130809,PHO,TUL,2013,1021300126358,19640,validated,,0,matched,playbyplayv2,1611661321,200676|201886|203041|203046|203427,complete,playbyplay_inferred,101033|201050|201499|202633|203400,complete,playbyplay_inferred
Shot Chart Detail,1021300126,379,200676,Candice Dupree,1611661317,Phoenix Mercury,4,6,19,Made Shot,Jump Shot,2PT Field Goal,Mid-Range,Left Side Center(LC),16-24 ft.,17,-101,145,1,1,20130809,PHO,TUL,2013,1021300126379,20210,validated,203427,1,matched,playbyplayv2,1611661321,200676|201886|203041|203046|203427,complete,playbyplay_inferred,100919|201050|201499|202633|203426,complete,playbyplay_inferred
Shot Chart Detail,1021300131,15,200676,Candice Dupree,1611661317,Phoenix Mercury,1,8,30,Missed Shot,Jump Shot,2PT Field Goal,In The Paint (Non-RA),Center(C),8-16 ft.,9,-34,86,1,0,20130811,PHO,TUL,2013,102130013115,900,validated,,0,matched,playbyplayv2,1611661321,100940|200676|201886|203046|203398,complete,playbyplay_inferred,100919|201050|201499|202633|203426,complete,playbyplay_inferred
Shot Chart Detail,1021300131,48,200676,Candice Dupree,1611661317,Phoenix Mercury,1,6,6,Made Shot,Jump Shot,2PT Field Goal,In The Paint (Non-RA),Center(C),8-16 ft.,11,0,113,1,1,20130811,PHO,TUL,2013,102130013148,2340,validated,,0,matched,playbyplayv2,1611661321,100940|200676|201886|202663|203046,complete,playbyplay_inferred,100919|201050|201499|202633|203426,complete,playbyplay_inferred
Shot Chart Detail,1021300131,58,200676,Candice Dupree,1611661317,Phoenix Mercury,1,5,16,Made Shot,Turnaround Bank shot,2PT Field Goal,Mid-Range,Right Side(R),8-16 ft.,9,88,31,1,1,20130811,PHO,TUL,2013,102130013158,2840,validated,,0,matched,playbyplayv2,1611661321,100940|200676|201886|202663|203046,complete,playbyplay_inferred,100919|201050|201499|202633|203426,complete,playbyplay_inferred
Shot Chart Detail,1021300131,91,200676,Candice Dupree,1611661317,Phoenix Mercury,1,3,6,Made Shot,Running Hook Shot,2PT Field Goal,In The Paint (Non-RA),Center(C),Less Than 8 ft.,5,-19,47,1,1,20130811,PHO,TUL,2013,102130013191,4140,validated,,0,matched,playbyplayv2,1611661321,100940|200676|201501|201886|203398,complete,playbyplay_inferred,101033|201050|201907|203400|203426,complete,playbyplay_inferred
Shot Chart Detail,1021300131,105,200676,Candice Dupree,1611661317,Phoenix Mercury,1,1,47,Missed Shot,Jump Shot,2PT Field Goal,In The Paint (Non-RA),Center(C),Less Than 8 ft.,4,-16,37,1,0,20130811,PHO,TUL,2013,1021300131105,4930,validated,,0,matched,playbyplayv2,1611661321,100940|200676|201501|201886|203398,complete,playbyplay_inferred,101033|201907|202633|203400|203426,complete,playbyplay_inferred
Shot Chart Detail,1021300131,106,200676,Candice Dupree,1611661317,Phoenix Mercury,1,1,45,Missed Shot,Tip Shot,2PT Field Goal,Restricted Area,Center(C),Less Than 8 ft.,2,-21,9,1,0,20130811,PHO,TUL,2013,1021300131106,4950,validated,,0,matched,playbyplayv2,1611661321,100940|200676|201501|201886|203398,complete,playbyplay_inferred,101033|201907|202633|203400|203426,complete,playbyplay_inferred
Shot Chart Detail,1021300131,172,200676,Candice Dupree,1611661317,Phoenix Mercury,2,7,38,Missed Shot,Jump Shot,2PT Field Goal,Mid-Range,Left Side(L),16-24 ft.,20,-207,-16,1,0,20130811,PHO,TUL,2013,1021300131172,7420,validated,,0,matched,playbyplayv2,1611661321,100940|200676|201487|201886|203041,complete,playbyplay_inferred,100919|101080|201050|201499|203426,complete,playbyplay_inferred
Shot Chart Detail,1021300131,199,200676,Candice Dupree,1611661317,Phoenix Mercury,2,4,57,Made Shot,Layup Shot,2PT Field Goal,Restricted Area,Center(C),Less Than 8 ft.,0,-8,3,1,1,20130811,PHO,TUL,2013,1021300131199,9030,validated,100940,1,matched,playbyplayv2,1611661321,100940|200676|201487|201886|203398,complete,playbyplay_inferred,100919|101080|201499|202633|203426,complete,playbyplay_inferred
Shot Chart Detail,1021300131,300,200676,Candice Dupree,1611661317,Phoenix Mercury,3,5,20,Made Shot,Layup Shot,2PT Field Goal,Restricted Area,Center(C),Less Than 8 ft.,1,-7,9,1,1,20130811,PHO,TUL,2013,1021300131300,14800,validated,,0,matched,playbyplayv2,1611661321,100940|200676|201886|202663|203427,complete,playbyplay_inferred,100919|101033|201499|202633|203426,complete,playbyplay_inferred
Shot Chart Detail,1021300131,309,200676,Candice Dupree,1611661317,Phoenix Mercury,3,4,35,Made Shot,Layup Shot,2PT Field Goal,Restricted Area,Center(C),Less Than 8 ft.,2,-21,3,1,1,20130811,PHO,TUL,2013,1021300131309,15250,validated,201501,1,matched,playbyplayv2,1611661321,100940|200676|201501|202663|203427,complete,playbyplay_inferred,100919|201050|202633|203400|203426,complete,playbyplay_inferred
Shot Chart Detail,1021300131,393,200676,Candice Dupree,1611661317,Phoenix Mercury,4,6,51,Made Shot,Driving Layup Shot,2PT Field Goal,Restricted Area,Center(C),Less Than 8 ft.,1,-15,3,1,1,20130811,PHO,TUL,2013,1021300131393,19890,validated,,0,matched,playbyplayv2,1611661321,100940|200676|201886|203041|203046,complete,playbyplay_inferred,101033|201050|201907|203400|203426,complete,playbyplay_inferred
Shot Chart Detail,1021300131,399,200676,Candice Dupree,1611661317,Phoenix Mercury,4,6,10,Missed Shot,Jump Shot,2PT Field Goal,Mid-Range,Center(C),8-16 ft.,15,-26,148,1,0,20130811,PHO,TUL,2013,1021300131399,20300,validated,,0,matched,playbyplayv2,1611661321,100940|200676|201886|203046|203398,complete,playbyplay_inferred,101033|201050|202633|203400|203426,complete,playbyplay_inferred
Shot Chart Detail,1021300131,410,200676,Candice Dupree,1611661317,Phoenix Mercury,4,5,29,Made Shot,Jump Shot,2PT Field Goal,Mid-Range,Right Side(R),8-16 ft.,10,99,15,1,1,20130811,PHO,TUL,2013,1021300131410,20710,validated,100940,1,matched,playbyplayv2,1611661321,100940|200676|201501|201886|203398,complete,playbyplay_inferred,101033|201050|202633|203400|203426,complete,playbyplay_inferred
Shot Chart Detail,1021300131,414,200676,Candice Dupree,1611661317,Phoenix Mercury,4,4,18,Missed Shot,Jump Shot,2PT Field Goal,Mid-Range,Center(C),8-16 ft.,15,24,149,1,0,20130811,PHO,TUL,2013,1021300131414,21420,validated,,0,matched,playbyplayv2,1611661321,100940|200676|201501|201886|203398,complete,playbyplay_inferred,101033|201050|202633|203400|203426,complete,playbyplay_inferred
Shot Chart Detail,1021300131,436,200676,Candice Dupree,1611661317,Phoenix Mercury,4,2,33,Missed Shot,Floating Jump shot,2PT Field Goal,In The Paint (Non-RA),Center(C),Less Than 8 ft.,6,-26,56,1,0,20130811,PHO,TUL,2013,1021300131436,22470,validated,,0,matched,playbyplayv2,1611661321,100940|200676|201487|201886|203398,complete,playbyplay_inferred,100919|201050|202633|203400|203426,complete,playbyplay_inferred
Shot Chart Detail,1021300137,7,200676,Candice Dupree,1611661317,Phoenix Mercury,1,8,48,Made Shot,Layup Shot,2PT Field Goal,Restricted Area,Center(C),Less Than 8 ft.,1,13,1,1,1,20130814,PHO,IND,2013,10213001377,720,validated,100940,1,matched,playbyplayv2,1611661325,100940|200676|201886|203046|203398,complete,playbyplay_inferred,100646|101039|201503|201896|202640,complete,playbyplay_inferred
Shot Chart Detail,1021300137,19,200676,Candice Dupree,1611661317,Phoenix Mercury,1,7,6,Missed Shot,Jump Shot,2PT Field Goal,Mid-Range,Center(C),16-24 ft.,17,-19,172,1,0,20130814,PHO,IND,2013,102130013719,1740,validated,,0,matched,playbyplayv2,1611661325,100940|200676|201886|203046|203398,complete,playbyplay_inferred,100646|101039|201503|201896|202640,complete,playbyplay_inferred
Shot Chart Detail,1021300137,23,200676,Candice Dupree,1611661317,Phoenix Mercury,1,6,33,Made Shot,Driving Layup Shot,2PT Field Goal,Restricted Area,Center(C),Less Than 8 ft.,0,-2,3,1,1,20130814,PHO,IND,2013,102130013723,2070,validated,,0,matched,playbyplayv2,1611661325,100940|200676|201886|203046|203398,complete,playbyplay_inferred,100646|101039|201503|201896|202640,complete,playbyplay_inferred
Shot Chart Detail,1021300137,31,200676,Candice Dupree,1611661317,Phoenix Mercury,1,5,27,Missed Shot,Jump Shot,2PT Field Goal,Mid-Range,Left Side(L),16-24 ft.,20,-205,-3,1,0,20130814,PHO,IND,2013,102130013731,2730,validated,,0,matched,playbyplayv2,1611661325,100940|200676|201886|203046|203398,complete,playbyplay_inferred,100646|101039|201503|201896|202640,complete,playbyplay_inferred
Shot Chart Detail,1021300137,49,200676,Candice Dupree,1611661317,Phoenix Mercury,1,4,21,Made Shot,Jump Shot,2PT Field Goal,Mid-Range,Right Side(R),8-16 ft.,15,151,36,1,1,20130814,PHO,IND,2013,102130013749,3390,validated,100940,1,matched,playbyplayv2,1611661325,100940|200676|201487|201886|202663,complete,playbyplay_inferred,100646|101039|201503|201896|202640,complete,playbyplay_inferred
Shot Chart Detail,1021300137,112,200676,Candice Dupree,1611661317,Phoenix Mercury,2,8,34,Made Shot,Jump Shot,2PT Field Goal,Mid-Range,Left Side(L),8-16 ft.,15,-153,0,1,1,20130814,PHO,IND,2013,1021300137112,6860,validated,100940,1,matched,playbyplayv2,1611661325,100940|200676|201487|203046|203398,complete,playbyplay_inferred,100646|201503|201896|202656|203406,complete,playbyplay_inferred
Shot Chart Detail,1021300137,126,200676,Candice Dupree,1611661317,Phoenix Mercury,2,6,11,Made Shot,Layup Shot,2PT Field Goal,Restricted Area,Center(C),Less Than 8 ft.,0,4,-2,1,1,20130814,PHO,IND,2013,1021300137126,8290,validated,,0,matched,playbyplayv2,1611661325,100940|200676|201487|203046|203398,complete,playbyplay_inferred,100646|201503|201896|202656|203406,complete,playbyplay_inferred
Shot Chart Detail,1021300137,145,200676,Candice Dupree,1611661317,Phoenix Mercury,2,4,21,Missed Shot,Jump Shot,2PT Field Goal,In The Paint (Non-RA),Center(C),Less Than 8 ft.,4,37,33,1,0,20130814,PHO,IND,2013,1021300137145,9390,validated,,0,matched,playbyplayv2,1611661325,100940|200676|201886|202663|203427,complete,playbyplay_inferred,100646|101039|201896|202640|203067,complete,playbyplay_inferred
Shot Chart Detail,1021300137,169,200676,Candice Dupree,1611661317,Phoenix Mercury,2,2,7,Made Shot,Jump Shot,2PT Field Goal,In The Paint (Non-RA),Center(C),8-16 ft.,13,-5,134,1,1,20130814,PHO,IND,2013,1021300137169,10730,validated,100940,1,matched,playbyplayv2,1611661325,100940|200676|201886|203398|203427,complete,playbyplay_inferred,100646|101039|201896|202640|203067,complete,playbyplay_inferred
Shot Chart Detail,1021300137,221,200676,Candice Dupree,1611661317,Phoenix Mercury,3,6,58,Missed Shot,Jump Shot,2PT Field Goal,In The Paint (Non-RA),Left Side(L),8-16 ft.,10,-64,77,1,0,20130814,PHO,IND,2013,1021300137221,13820,validated,,0,matched,playbyplayv2,1611661325,100940|200676|201886|203046|203398,complete,playbyplay_inferred,100646|101039|201503|201896|202640,complete,playbyplay_inferred
Shot Chart Detail,1021300137,225,200676,Candice Dupree,1611661317,Phoenix Mercury,3,6,45,Made Shot,Jump Shot,2PT Field Goal,Mid-Range,Center(C),8-16 ft.,15,-52,149,1,1,20130814,PHO,IND,2013,1021300137225,13950,validated,100940,1,matched,playbyplayv2,1611661325,100940|200676|201886|203046|203398,complete,playbyplay_inferred,100646|101039|201503|201896|202640,complete,playbyplay_inferred
Shot Chart Detail,1021300143,20,200676,Candice Dupree,1611661317,Phoenix Mercury,1,7,41,Missed Shot,Jump Shot,2PT Field Goal,In The Paint (Non-RA),Center(C),Less Than 8 ft.,4,-40,14,1,0,20130817,SAN,PHO,2013,102130014320,1390,validated,,0,matched,playbyplayv2,1611661319,100940|200676|201886|203046|203398,complete,playbyplay_inferred,100952|202251|202634|202658|203018,complete,playbyplay_inferred
Shot Chart Detail,1021300143,28,200676,Candice Dupree,1611661317,Phoenix Mercury,1,6,45,Missed Shot,Layup Shot,2PT Field Goal,Restricted Area,Center(C),Less Than 8 ft.,1,-10,6,1,0,20130817,SAN,PHO,2013,102130014328,1950,validated,,0,matched,playbyplayv2,1611661319,100940|200676|201886|203046|203398,complete,playbyplay_inferred,100952|202251|202634|202658|203018,complete,playbyplay_inferred
Shot Chart Detail,1021300143,33,200676,Candice Dupree,1611661317,Phoenix Mercury,1,6,17,Made Shot,Jump Shot,2PT Field Goal,Mid-Range,Center(C),16-24 ft.,18,42,176,1,1,20130817,SAN,PHO,2013,102130014333,2230,validated,100940,1,matched,playbyplayv2,1611661319,100940|200676|201886|203046|203398,complete,playbyplay_inferred,100952|202251|202634|202658|203018,complete,playbyplay_inferred
Shot Chart Detail,1021300143,119,200676,Candice Dupree,1611661317,Phoenix Mercury,2,7,27,Missed Shot,Jump Shot,2PT Field Goal,Mid-Range,Right Side(R),16-24 ft.,17,149,99,1,0,20130817,SAN,PHO,2013,1021300143119,7530,validated,,0,matched,playbyplayv2,1611661319,100940|200676|201501|203046|203398,complete,playbyplay_inferred,100937|202634|203018|203405|203413,complete,playbyplay_inferred
Shot Chart Detail,1021300143,187,200676,Candice Dupree,1611661317,Phoenix Mercury,2,0,16,Made Shot,Jump Shot,2PT Field Goal,In The Paint (Non-RA),Center(C),8-16 ft.,9,43,89,1,1,20130817,SAN,PHO,2013,1021300143187,11840,validated,,0,matched,playbyplayv2,1611661319,100940|200676|201487|201886|202663,complete,playbyplay_inferred,100952|202251|202634|202658|203018,complete,playbyplay_inferred
Shot Chart Detail,1021300143,204,200676,Candice Dupree,1611661317,Phoenix Mercury,3,8,42,Made Shot,Jump Shot,2PT Field Goal,Mid-Range,Left Side(L),8-16 ft.,14,-144,23,1,1,20130817,SAN,PHO,2013,1021300143204,12780,validated,100940,1,matched,playbyplayv2,1611661319,100940|200676|201886|203046|203398,complete,playbyplay_inferred,100952|202251|202634|202658|203018,complete,playbyplay_inferred
Shot Chart Detail,1021300143,215,200676,Candice Dupree,1611661317,Phoenix Mercury,3,6,43,Made Shot,Layup Shot,2PT Field Goal,Restricted Area,Center(C),Less Than 8 ft.,2,26,3,1,1,20130817,SAN,PHO,2013,1021300143215,13970,validated,100940,1,matched,playbyplayv2,1611661319,100940|200676|201886|203046|203398,complete,playbyplay_inferred,100952|202251|202634|202658|203018,complete,playbyplay_inferred
Shot Chart Detail,1021300143,278,200676,Candice Dupree,1611661317,Phoenix Mercury,3,2,5,Missed Shot,Turnaround Jump Shot,2PT Field Goal,Mid-Range,Left Side(L),8-16 ft.,10,-92,48,1,0,20130817,SAN,PHO,2013,1021300143278,16750,validated,,0,matched,playbyplayv2,1611661319,100940|200676|201886|203046|203398,complete,playbyplay_inferred,100937|100952|101049|202251|202658,complete,playbyplay_inferred
Shot Chart Detail,1021300150,22,200676,Candice Dupree,1611661317,Phoenix Mercury,1,6,45,Missed Shot,Jump Shot,2PT Field Goal,In The Paint (Non-RA),Center(C),Less Than 8 ft.,7,-60,45,1,0,20130820,TUL,PHO,2013,102130015022,1950,validated,,0,matched,playbyplayv2,1611661321,100940|200676|201501|203046|203398,complete,playbyplay_inferred,100919|201050|201499|202633|203426,complete,playbyplay_inferred
Shot Chart Detail,1021300150,34,200676,Candice Dupree,1611661317,Phoenix Mercury,1,5,29,Made Shot,Pullup Jump shot,2PT Field Goal,In The Paint (Non-RA),Center(C),Less Than 8 ft.,5,-43,31,1,1,20130820,TUL,PHO,2013,102130015034,2710,validated,,0,matched,playbyplayv2,1611661321,100940|200676|201501|203046|203398,complete,playbyplay_inferred,100919|201050|201499|202633|203426,complete,playbyplay_inferred
Shot Chart Detail,1021300150,47,200676,Candice Dupree,1611661317,Phoenix Mercury,1,4,52,Missed Shot,Jump Shot,2PT Field Goal,In The Paint (Non-RA),Center(C),Less Than 8 ft.,5,-51,3,1,0,20130820,TUL,PHO,2013,102130015047,3080,validated,,0,matched,playbyplayv2,1611661321,100940|200676|201886|202663|203046,complete,playbyplay_inferred,100919|201050|201499|203017|203426,complete,playbyplay_inferred
Shot Chart Detail,1021300150,115,200676,Candice Dupree,1611661317,Phoenix Mercury,2,7,26,Missed Shot,Jump Shot,2PT Field Goal,Mid-Range,Left Side(L),8-16 ft.,12,-127,6,1,0,20130820,TUL,PHO,2013,1021300150115,7540,validated,,0,matched,playbyplayv2,1611661321,100940|200676|201487|201886|203398,complete,playbyplay_inferred,101033|202633|203017|203029|203400,complete,playbyplay_inferred
Shot Chart Detail,1021300150,137,200676,Candice Dupree,1611661317,Phoenix Mercury,2,5,46,Made Shot,Layup Shot,2PT Field Goal,Restricted Area,Center(C),Less Than 8 ft.,1,-15,11,1,1,20130820,TUL,PHO,2013,1021300150137,8540,validated,100940,1,matched,playbyplayv2,1611661321,100940|200676|201501|203046|203398,complete,playbyplay_inferred,101033|201050|202633|203029|203400,complete,playbyplay_inferred
Shot Chart Detail,1021300150,160,200676,Candice Dupree,1611661317,Phoenix Mercury,2,3,54,Made Shot,Turnaround Jump Shot,2PT Field Goal,In The Paint (Non-RA),Center(C),Less Than 8 ft.,6,50,42,1,1,20130820,TUL,PHO,2013,1021300150160,9660,validated,,0,matched,playbyplayv2,1611661321,100940|200676|201487|201886|202663,complete,playbyplay_inferred,201050|202633|203029|203400|203426,complete,playbyplay_inferred
Shot Chart Detail,1021300150,162,200676,Candice Dupree,1611661317,Phoenix Mercury,2,3,13,Missed Shot,Jump Shot,2PT Field Goal,Mid-Range,Left Side(L),8-16 ft.,12,-127,23,1,0,20130820,TUL,PHO,2013,1021300150162,10070,validated,,0,matched,playbyplayv2,1611661321,100940|200676|201487|201886|202663,complete,playbyplay_inferred,201050|202633|203029|203400|203426,complete,playbyplay_inferred
Shot Chart Detail,1021300150,252,200676,Candice Dupree,1611661317,Phoenix Mercury,3,6,37,Made Shot,Layup Shot,2PT Field Goal,Restricted Area,Center(C),Less Than 8 ft.,3,29,17,1,1,20130820,TUL,PHO,2013,1021300150252,14030,validated,201501,1,matched,playbyplayv2,1611661321,100940|200676|201501|203046|203398,complete,playbyplay_inferred,100919|201050|201499|202633|203426,complete,playbyplay_inferred
Shot Chart Detail,1021300150,265,200676,Candice Dupree,1611661317,Phoenix Mercury,3,4,54,Made Shot,Jump Shot,2PT Field Goal,Mid-Range,Center(C),8-16 ft.,15,39,151,1,1,20130820,TUL,PHO,2013,1021300150265,15060,validated,100940,1,matched,playbyplayv2,1611661321,100940|200676|201886|203046|203398,complete,playbyplay_inferred,100919|201050|201499|202633|203426,complete,playbyplay_inferred
Shot Chart Detail,1021300150,281,200676,Candice Dupree,1611661317,Phoenix Mercury,3,4,11,Missed Shot,Jump Shot,2PT Field Goal,Mid-Range,Right Side(R),8-16 ft.,9,91,20,1,0,20130820,TUL,PHO,2013,1021300150281,15490,validated,,0,matched,playbyplayv2,1611661321,100940|200676|201487|201886|203041,complete,playbyplay_inferred,201050|203017|203029|203400|203426,complete,playbyplay_inferred
Shot Chart Detail,1021300150,295,200676,Candice Dupree,1611661317,Phoenix Mercury,3,2,15,Made Shot,Layup Shot,2PT Field Goal,Restricted Area,Center(C),Less Than 8 ft.,1,-16,11,1,1,20130820,TUL,PHO,2013,1021300150295,16650,validated,203041,1,matched,playbyplayv2,1611661321,100940|200676|201487|201886|203041,complete,playbyplay_inferred,202633|203017|203029|203400|203426,complete,playbyplay_inferred
Shot Chart Detail,1021300150,360,200676,Candice Dupree,1611661317,Phoenix Mercury,4,6,10,Made Shot,Jump Shot,2PT Field Goal,In The Paint (Non-RA),Center(C),Less Than 8 ft.,4,36,20,1,1,20130820,TUL,PHO,2013,1021300150360,20300,validated,,0,matched,playbyplayv2,1611661321,100940|200676|201501|203046|203398,complete,playbyplay_inferred,101033|201050|203017|203029|203426,complete,playbyplay_inferred
Shot Chart Detail,1021300150,363,200676,Candice Dupree,1611661317,Phoenix Mercury,4,5,51,Made Shot,Jump Shot,2PT Field Goal,Mid-Range,Right Side(R),8-16 ft.,14,140,0,1,1,20130820,TUL,PHO,2013,1021300150363,20490,validated,100940,1,matched,playbyplayv2,1611661321,100940|200676|201501|203046|203398,complete,playbyplay_inferred,101033|201050|203017|203029|203426,complete,playbyplay_inferred
Shot Chart Detail,1021300150,371,200676,Candice Dupree,1611661317,Phoenix Mercury,4,5,9,Made Shot,Jump Shot,2PT Field Goal,In The Paint (Non-RA),Center(C),Less Than 8 ft.,6,-34,61,1,1,20130820,TUL,PHO,2013,1021300150371,20910,validated,100940,1,matched,playbyplayv2,1611661321,100940|200676|201501|203046|203398,complete,playbyplay_inferred,201050|201499|202633|203029|203426,complete,playbyplay_inferred
Shot Chart Detail,1021300150,415,200676,Candice Dupree,1611661317,Phoenix Mercury,4,0,56,Made Shot,Jump Shot,2PT Field Goal,Mid-Range,Left Side(L),8-16 ft.,14,-147,7,1,1,20130820,TUL,PHO,2013,1021300150415,23440,validated,100940,1,matched,playbyplayv2,1611661321,100940|200676|201487|201886|203398,complete,playbyplay_inferred,201050|201499|203017|203029|203400,complete,playbyplay_inferred
Shot Chart Detail,1021300150,419,200676,Candice Dupree,1611661317,Phoenix Mercury,4,0,22,Missed Shot,Jump Shot,2PT Field Goal,In The Paint (Non-RA),Center(C),8-16 ft.,12,-8,121,1,0,20130820,TUL,PHO,2013,1021300150419,23780,validated,,0,matched,playbyplayv2,1611661321,100940|200676|201487|201886|203398,complete,playbyplay_inferred,201050|201499|203017|203029|203400,complete,playbyplay_inferred
Shot Chart Detail,1021300157,5,200676,Candice Dupree,1611661317,Phoenix Mercury,1,9,14,Made Shot,Jump Shot,2PT Field Goal,Mid-Range,Center(C),16-24 ft.,19,-57,183,1,1,20130823,PHO,SEA,2013,10213001575,460,validated,100940,1,matched,playbyplayv2,1611661328,100940|200676|201886|203046|203398,complete,playbyplay_inferred,100076|101024|101030|201067|203015,complete,playbyplay_inferred
Shot Chart Detail,1021300157,66,200676,Candice Dupree,1611661317,Phoenix Mercury,1,0,36,Made Shot,Layup Shot,2PT Field Goal,Restricted Area,Center(C),Less Than 8 ft.,1,10,9,1,1,20130823,PHO,SEA,2013,102130015766,5640,validated,,0,matched,playbyplayv2,1611661328,100940|200676|201886|202663|203427,complete,playbyplay_inferred,100942|101024|201049|201067|202252,complete,playbyplay_inferred
Shot Chart Detail,1021300157,112,200676,Candice Dupree,1611661317,Phoenix Mercury,2,6,15,Made Shot,Jump Shot,2PT Field Goal,Restricted Area,Center(C),Less Than 8 ft.,3,-29,15,1,1,20130823,PHO,SEA,2013,1021300157112,8250,validated,203046,1,matched,playbyplayv2,1611661328,100940|200676|201487|203046|203398,complete,playbyplay_inferred,100076|101024|101030|201067|202252,complete,playbyplay_inferred
Shot Chart Detail,1021300157,172,200676,Candice Dupree,1611661317,Phoenix Mercury,2,1,15,Missed Shot,Jump Shot,2PT Field Goal,Mid-Range,Left Side Center(LC),16-24 ft.,18,-68,175,1,0,20130823,PHO,SEA,2013,1021300157172,11250,validated,,0,matched,playbyplayv2,1611661328,100940|200676|201501|201886|203398,complete,playbyplay_inferred,100076|101024|201049|201067|203015,complete,playbyplay_inferred
Shot Chart Detail,1021300157,186,200676,Candice Dupree,1611661317,Phoenix Mercury,2,0,2,Made Shot,Running Hook Shot,2PT Field Goal,In The Paint (Non-RA),Center(C),Less Than 8 ft.,5,-18,56,1,1,20130823,PHO,SEA,2013,1021300157186,11980,validated,,0,matched,playbyplayv2,1611661328,100940|200676|201886|203398|203427,complete,playbyplay_inferred,100076|101024|201049|201067|203015,complete,playbyplay_inferred
Shot Chart Detail,1021300157,208,200676,Candice Dupree,1611661317,Phoenix Mercury,3,8,7,Missed Shot,Hook Shot,2PT Field Goal,In The Paint (Non-RA),Center(C),Less Than 8 ft.,7,-57,52,1,0,20130823,PHO,SEA,2013,1021300157208,13130,validated,,0,matched,playbyplayv2,1611661328,100940|200676|201886|203046|203398,complete,playbyplay_inferred,100076|101024|101030|201067|203015,complete,playbyplay_inferred
Shot Chart Detail,1021300157,216,200676,Candice Dupree,1611661317,Phoenix Mercury,3,7,17,Made Shot,Jump Shot,2PT Field Goal,Mid-Range,Center(C),16-24 ft.,18,-23,183,1,1,20130823,PHO,SEA,2013,1021300157216,13630,validated,201886,1,matched,playbyplayv2,1611661328,100940|200676|201886|203046|203398,complete,playbyplay_inferred,100076|101024|101030|201067|203015,complete,playbyplay_inferred
Shot Chart Detail,1021300157,307,200676,Candice Dupree,1611661317,Phoenix Mercury,3,0,6,Made Shot,Jump Shot,2PT Field Goal,Mid-Range,Left Side Center(LC),16-24 ft.,18,-122,137,1,1,20130823,PHO,SEA,2013,1021300157307,17940,validated,100940,1,matched,playbyplayv2,1611661328,100940|200676|201501|201886|202663,complete,playbyplay_inferred,100942|101030|201049|201067|202252,complete,playbyplay_inferred
Shot Chart Detail,1021300157,356,200676,Candice Dupree,1611661317,Phoenix Mercury,4,5,47,Missed Shot,Jump Shot,2PT Field Goal,Mid-Range,Right Side(R),16-24 ft.,17,176,0,1,0,20130823,PHO,SEA,2013,1021300157356,20530,validated,,0,matched,playbyplayv2,1611661328,100940|200676|201487|201886|203398,complete,playbyplay_inferred,100076|101030|201049|201067|203015,complete,playbyplay_inferred
Shot Chart Detail,1021300157,375,200676,Candice Dupree,1611661317,Phoenix Mercury,4,4,5,Missed Shot,Jump Shot,2PT Field Goal,Mid-Range,Right Side Center(RC),16-24 ft.,17,67,164,1,0,20130823,PHO,SEA,2013,1021300157375,21550,validated,,0,matched,playbyplayv2,1611661328,100940|200676|201501|201886|203398,complete,playbyplay_inferred,100076|101030|201049|201067|203015,complete,playbyplay_inferred
Shot Chart Detail,1021300173,19,200676,Candice Dupree,1611661317,Phoenix Mercury,1,7,44,Missed Shot,Jump Shot,2PT Field Goal,In The Paint (Non-RA),Center(C),Less Than 8 ft.,4,-45,9,1,0,20130831,PHO,CON,2013,102130017319,1360,validated,,0,matched,playbyplayv2,1611661323,100940|200676|201886|203046|203398,complete,playbyplay_inferred,101020|201904|202250|202253|202254,complete,playbyplay_inferred
Shot Chart Detail,1021300173,25,200676,Candice Dupree,1611661317,Phoenix Mercury,1,7,3,Missed Shot,Jump Shot,2PT Field Goal,In The Paint (Non-RA),Left Side(L),8-16 ft.,8,-79,22,1,0,20130831,PHO,CON,2013,102130017325,1770,validated,,0,matched,playbyplayv2,1611661323,100940|200676|201886|203046|203398,complete,playbyplay_inferred,101020|201904|202250|202253|202254,complete,playbyplay_inferred
Shot Chart Detail,1021300173,111,200676,Candice Dupree,1611661317,Phoenix Mercury,1,1,12,Missed Shot,Layup Shot,2PT Field Goal,Restricted Area,Center(C),Less Than 8 ft.,2,-26,12,1,0,20130831,PHO,CON,2013,1021300173111,5280,validated,,0,matched,playbyplayv2,1611661323,100940|200676|201487|202663|203046,complete,playbyplay_inferred,200691|201904|202250|202253|203039,complete,playbyplay_inferred
Shot Chart Detail,1021300173,113,200676,Candice Dupree,1611661317,Phoenix Mercury,1,1,8,Missed Shot,Jump Shot,2PT Field Goal,Restricted Area,Center(C),Less Than 8 ft.,3,-32,7,1,0,20130831,PHO,CON,2013,1021300173113,5320,validated,,0,matched,playbyplayv2,1611661323,100940|200676|201487|202663|203046,complete,playbyplay_inferred,200691|201904|202250|202253|203039,complete,playbyplay_inferred
Shot Chart Detail,1021300173,128,200676,Candice Dupree,1611661317,Phoenix Mercury,1,0,8,Missed Shot,Jump Shot,2PT Field Goal,Mid-Range,Left Side Center(LC),16-24 ft.,19,-103,164,1,0,20130831,PHO,CON,2013,1021300173128,5920,validated,,0,matched,playbyplayv2,1611661323,100940|200676|202663|203046|203427,complete,playbyplay_inferred,200691|201904|202250|202253|203039,complete,playbyplay_inferred
Shot Chart Detail,1021300173,138,200676,Candice Dupree,1611661317,Phoenix Mercury,2,9,26,Missed Shot,Jump Shot,2PT Field Goal,In The Paint (Non-RA),Center(C),Less Than 8 ft.,4,21,39,1,0,20130831,PHO,CON,2013,1021300173138,6340,validated,,0,matched,playbyplayv2,1611661323,100940|200676|201886|203398|203427,complete,playbyplay_inferred,101020|201904|202250|202253|202254,complete,playbyplay_inferred
Shot Chart Detail,1021300173,160,200676,Candice Dupree,1611661317,Phoenix Mercury,2,7,20,Made Shot,Layup Shot,2PT Field Goal,Restricted Area,Center(C),Less Than 8 ft.,0,-8,0,1,1,20130831,PHO,CON,2013,1021300173160,7600,validated,100940,1,matched,playbyplayv2,1611661323,100940|200676|201886|203398|203427,complete,playbyplay_inferred,101020|201904|202250|202253|202254,complete,playbyplay_inferred
Shot Chart Detail,1021300173,172,200676,Candice Dupree,1611661317,Phoenix Mercury,2,6,8,Missed Shot,Jump Shot,2PT Field Goal,Restricted Area,Center(C),Less Than 8 ft.,3,36,11,1,0,20130831,PHO,CON,2013,1021300173172,8320,validated,,0,matched,playbyplayv2,1611661323,100940|200676|201886|203398|203427,complete,playbyplay_inferred,101020|201904|202250|202253|202254,complete,playbyplay_inferred
Shot Chart Detail,1021300173,173,200676,Candice Dupree,1611661317,Phoenix Mercury,2,6,7,Missed Shot,Putback Layup Shot,2PT Field Goal,Restricted Area,Center(C),Less Than 8 ft.,1,-13,6,1,0,20130831,PHO,CON,2013,1021300173173,8330,validated,,0,matched,playbyplayv2,1611661323,100940|200676|201886|203398|203427,complete,playbyplay_inferred,101020|201904|202250|202253|202254,complete,playbyplay_inferred
Shot Chart Detail,1021300173,228,200676,Candice Dupree,1611661317,Phoenix Mercury,2,1,10,Made Shot,Driving Layup Shot,2PT Field Goal,Restricted Area,Center(C),Less Than 8 ft.,1,-19,1,1,1,20130831,PHO,CON,2013,1021300173228,11300,validated,,0,matched,playbyplayv2,1611661323,100940|200676|201487|201886|202663,complete,playbyplay_inferred,100796|101020|200691|202254|203039,complete,playbyplay_inferred
Shot Chart Detail,1021300173,231,200676,Candice Dupree,1611661317,Phoenix Mercury,2,0,33,Made Shot,Pullup Jump shot,2PT Field Goal,In The Paint (Non-RA),Right Side(R),8-16 ft.,11,70,88,1,1,20130831,PHO,CON,2013,1021300173231,11670,validated,,0,matched,playbyplayv2,1611661323,100940|200676|201487|201886|202663,complete,playbyplay_inferred,100796|101020|200691|202254|203039,complete,playbyplay_inferred
Shot Chart Detail,1021300173,256,200676,Candice Dupree,1611661317,Phoenix Mercury,3,8,29,Missed Shot,Jump Shot,2PT Field Goal,Mid-Range,Right Side(R),8-16 ft.,15,119,97,1,0,20130831,PHO,CON,2013,1021300173256,12910,validated,,0,matched,playbyplayv2,1611661323,100940|200676|201886|203046|203398,complete,playbyplay_inferred,101020|201904|202250|202253|202254,complete,playbyplay_inferred
Shot Chart Detail,1021300173,293,200676,Candice Dupree,1611661317,Phoenix Mercury,3,5,39,Made Shot,Layup Shot,2PT Field Goal,Restricted Area,Center(C),Less Than 8 ft.,2,10,26,1,1,20130831,PHO,CON,2013,1021300173293,14610,validated,203398,1,matched,playbyplayv2,1611661323,100940|200676|201886|203046|203398,complete,playbyplay_inferred,101020|200691|201904|202250|202253,complete,playbyplay_inferred
Shot Chart Detail,1021300173,314,200676,Candice Dupree,1611661317,Phoenix Mercury,3,3,25,Made Shot,Layup Shot,2PT Field Goal,Restricted Area,Center(C),Less Than 8 ft.,1,15,9,1,1,20130831,PHO,CON,2013,1021300173314,15950,validated,203398,1,matched,playbyplayv2,1611661323,100940|200676|201501|201886|203398,complete,playbyplay_inferred,101020|200691|201904|202253|202653,complete,playbyplay_inferred
Shot Chart Detail,1021300173,357,200676,Candice Dupree,1611661317,Phoenix Mercury,4,8,55,Made Shot,Jump Shot,2PT Field Goal,Mid-Range,Left Side Center(LC),16-24 ft.,18,-81,167,1,1,20130831,PHO,CON,2013,1021300173357,18650,validated,203427,1,matched,playbyplayv2,1611661323,100940|200676|201886|203398|203427,complete,playbyplay_inferred,100796|201904|202250|202253|202653,complete,playbyplay_inferred
Shot Chart Detail,1021300173,371,200676,Candice Dupree,1611661317,Phoenix Mercury,4,7,24,Made Shot,Jump Bank Shot,2PT Field Goal,In The Paint (Non-RA),Center(C),Less Than 8 ft.,7,-68,23,1,1,20130831,PHO,CON,2013,1021300173371,19560,validated,,0,matched,playbyplayv2,1611661323,100940|200676|201886|203398|203427,complete,playbyplay_inferred,100796|101020|202250|202653|203039,complete,playbyplay_inferred
Shot Chart Detail,1021300173,409,200676,Candice Dupree,1611661317,Phoenix Mercury,4,3,54,Made Shot,Jump Shot,2PT Field Goal,In The Paint (Non-RA),Center(C),Less Than 8 ft.,4,4,47,1,1,20130831,PHO,CON,2013,1021300173409,21660,validated,100940,1,matched,playbyplayv2,1611661323,100940|200676|201886|202663|203046,complete,playbyplay_inferred,100796|101020|201904|202250|202254,complete,playbyplay_inferred
Shot Chart Detail,1021300173,422,200676,Candice Dupree,1611661317,Phoenix Mercury,4,2,31,Missed Shot,Jump Shot,2PT Field Goal,Mid-Range,Left Side Center(LC),16-24 ft.,18,-64,172,1,0,20130831,PHO,CON,2013,1021300173422,22490,validated,,0,matched,playbyplayv2,1611661323,100940|200676|201886|203046|203398,complete,playbyplay_inferred,100796|101020|201904|202250|202254,complete,playbyplay_inferred
Shot Chart Detail,1021300173,439,200676,Candice Dupree,1611661317,Phoenix Mercury,4,0,32,Made Shot,Layup Shot,2PT Field Goal,Restricted Area,Center(C),Less Than 8 ft.,1,15,7,1,1,20130831,PHO,CON,2013,1021300173439,23680,validated,100940,1,matched,playbyplayv2,1611661323,100940|200676|201886|203046|203398,complete,playbyplay_inferred,100796|101020|201904|202250|202254,complete,playbyplay_inferred
Shot Chart Detail,1021300182,4,200676,Candice Dupree,1611661317,Phoenix Mercury,1,9,28,Missed Shot,Jump Shot,2PT Field Goal,Restricted Area,Center(C),Less Than 8 ft.,3,32,12,1,0,20130906,PHO,SAN,2013,10213001824,320,validated,,0,matched,playbyplayv2,1611661319,100940|200676|201886|203046|203398,complete,playbyplay_inferred,100937|100952|202251|202634|203018,complete,playbyplay_inferred
Shot Chart Detail,1021300182,15,200676,Candice Dupree,1611661317,Phoenix Mercury,1,7,58,Missed Shot,Jump Shot,2PT Field Goal,Mid-Range,Left Side Center(LC),16-24 ft.,17,-71,164,1,0,20130906,PHO,SAN,2013,102130018215,1220,validated,,0,matched,playbyplayv2,1611661319,100940|200676|201886|203046|203398,complete,playbyplay_inferred,100937|100952|202251|202634|203018,complete,playbyplay_inferred
Shot Chart Detail,1021300182,32,200676,Candice Dupree,1611661317,Phoenix Mercury,1,6,23,Made Shot,Layup Shot,2PT Field Goal,Restricted Area,Center(C),Less Than 8 ft.,1,-13,-2,1,1,20130906,PHO,SAN,2013,102130018232,2170,validated,100940,1,matched,playbyplayv2,1611661319,100940|200676|201886|203046|203398,complete,playbyplay_inferred,100937|100952|202251|202634|203018,complete,playbyplay_inferred
Shot Chart Detail,1021300182,45,200676,Candice Dupree,1611661317,Phoenix Mercury,1,5,16,Made Shot,Jump Bank Shot,2PT Field Goal,Mid-Range,Right Side(R),8-16 ft.,12,119,23,1,1,20130906,PHO,SAN,2013,102130018245,2840,validated,100940,1,matched,playbyplayv2,1611661319,100940|200676|201886|203046|203398,complete,playbyplay_inferred,100937|100952|202251|202634|203018,complete,playbyplay_inferred
Shot Chart Detail,1021300182,95,200676,Candice Dupree,1611661317,Phoenix Mercury,1,0,30,Made Shot,Layup Shot,2PT Field Goal,Restricted Area,Center(C),Less Than 8 ft.,1,13,6,1,1,20130906,PHO,SAN,2013,102130018295,5700,validated,201886,1,matched,playbyplayv2,1611661319,200676|201501|201886|202663|203427,complete,playbyplay_inferred,100952|101049|202251|203405|1962936717,complete,playbyplay_inferred
Shot Chart Detail,1021300182,143,200676,Candice Dupree,1611661317,Phoenix Mercury,2,6,8,Made Shot,Layup Shot,2PT Field Goal,Restricted Area,Center(C),Less Than 8 ft.,0,9,4,1,1,20130906,PHO,SAN,2013,1021300182143,8320,validated,100940,1,matched,playbyplayv2,1611661319,100940|200676|201886|203046|203398,complete,playbyplay_inferred,100937|101049|202634|203018|203415,complete,playbyplay_inferred
Shot Chart Detail,1021300182,183,200676,Candice Dupree,1611661317,Phoenix Mercury,2,2,12,Made Shot,Jump Shot,2PT Field Goal,Mid-Range,Right Side Center(RC),16-24 ft.,17,118,132,1,1,20130906,PHO,SAN,2013,1021300182183,10680,validated,100940,1,matched,playbyplayv2,1611661319,100940|200676|201501|201886|203398,complete,playbyplay_inferred,100937|100952|101049|202251|202634,complete,playbyplay_inferred
Shot Chart Detail,1021300182,185,200676,Candice Dupree,1611661317,Phoenix Mercury,2,1,32,Missed Shot,Jump Shot,2PT Field Goal,In The Paint (Non-RA),Center(C),8-16 ft.,12,-2,127,1,0,20130906,PHO,SAN,2013,1021300182185,11080,validated,,0,matched,playbyplayv2,1611661319,100940|200676|201501|201886|203398,complete,playbyplay_inferred,100937|100952|101049|202251|202634,complete,playbyplay_inferred
Shot Chart Detail,1021300182,200,200676,Candice Dupree,1611661317,Phoenix Mercury,2,0,27,Missed Shot,Jump Shot,2PT Field Goal,Mid-Range,Right Side(R),8-16 ft.,12,92,82,1,0,20130906,PHO,SAN,2013,1021300182200,11730,validated,,0,matched,playbyplayv2,1611661319,100940|200676|201501|201886|202663,complete,playbyplay_inferred,100937|100952|101049|202251|202634,complete,playbyplay_inferred
Shot Chart Detail,1021300182,253,200676,Candice Dupree,1611661317,Phoenix Mercury,3,6,13,Made Shot,Running Bank shot,2PT Field Goal,In The Paint (Non-RA),Center(C),Less Than 8 ft.,4,-43,20,1,1,20130906,PHO,SAN,2013,1021300182253,14270,validated,,0,matched,playbyplayv2,1611661319,100940|200676|201886|202663|203046,complete,playbyplay_inferred,100937|100952|202251|202634|203018,complete,playbyplay_inferred
Shot Chart Detail,1021300182,272,200676,Candice Dupree,1611661317,Phoenix Mercury,3,4,47,Missed Shot,Driving Reverse Layup Shot,2PT Field Goal,Restricted Area,Center(C),Less Than 8 ft.,0,7,0,1,0,20130906,PHO,SAN,2013,1021300182272,15130,validated,,0,matched,playbyplayv2,1611661319,100940|200676|201886|202663|203427,complete,playbyplay_inferred,100937|100952|202251|202634|203018,complete,playbyplay_inferred
Shot Chart Detail,1021300182,369,200676,Candice Dupree,1611661317,Phoenix Mercury,4,9,48,Made Shot,Layup Shot,2PT Field Goal,Restricted Area,Center(C),Less Than 8 ft.,1,-11,3,1,1,20130906,PHO,SAN,2013,1021300182369,18120,validated,100940,1,matched,playbyplayv2,1611661319,100940|200676|201487|203046|203398,complete,playbyplay_inferred,101049|202251|203018|203415|1962936717,complete,playbyplay_inferred
Shot Chart Detail,1021300182,389,200676,Candice Dupree,1611661317,Phoenix Mercury,4,7,32,Missed Shot,Driving Layup Shot,2PT Field Goal,Restricted Area,Center(C),Less Than 8 ft.,0,-8,3,1,0,20130906,PHO,SAN,2013,1021300182389,19480,validated,,0,matched,playbyplayv2,1611661319,100940|200676|201487|203046|203398,complete,playbyplay_inferred,101049|202251|202634|203018|1962936717,complete,playbyplay_inferred
Shot Chart Detail,1021300182,476,200676,Candice Dupree,1611661317,Phoenix Mercury,4,1,57,Missed Shot,Jump Shot,2PT Field Goal,Mid-Range,Left Side(L),16-24 ft.,18,-187,-8,1,0,20130906,PHO,SAN,2013,1021300182476,22830,validated,,0,matched,playbyplayv2,1611661319,100940|200676|201886|203046|203398,complete,playbyplay_inferred,100952|202251|202634|203018|1962936717,complete,playbyplay_inferred
Shot Chart Detail,1021300182,478,200676,Candice Dupree,1611661317,Phoenix Mercury,4,1,43,Missed Shot,Jump Shot,2PT Field Goal,Mid-Range,Left Side(L),16-24 ft.,16,-164,6,1,0,20130906,PHO,SAN,2013,1021300182478,22970,validated,,0,matched,playbyplayv2,1611661319,100940|200676|201886|203046|203398,complete,playbyplay_inferred,100952|202251|202634|203018|1962936717,complete,playbyplay_inferred
Shot Chart Detail,1021300182,483,200676,Candice Dupree,1611661317,Phoenix Mercury,4,1,9,Missed Shot,Jump Shot,2PT Field Goal,Mid-Range,Left Side Center(LC),16-24 ft.,17,-134,115,1,0,20130906,PHO,SAN,2013,1021300182483,23310,validated,,0,matched,playbyplayv2,1611661319,100940|200676|201886|203046|203398,complete,playbyplay_inferred,100937|100952|202634|203018|1962936717,complete,playbyplay_inferred
Shot Chart Detail,1021300185,18,200676,Candice Dupree,1611661317,Phoenix Mercury,1,7,16,Missed Shot,Jump Shot,2PT Field Goal,In The Paint (Non-RA),Center(C),8-16 ft.,11,-10,119,1,0,20130908,ATL,PHO,2013,102130018518,1640,validated,,0,matched,playbyplayv2,1611661330,100940|200676|201886|203046|203398,complete,playbyplay_inferred,100812|100973|201048|201881|202662,complete,playbyplay_inferred
Shot Chart Detail,1021300185,68,200676,Candice Dupree,1611661317,Phoenix Mercury,1,2,36,Made Shot,Jump Shot,2PT Field Goal,Mid-Range,Left Side Center(LC),16-24 ft.,17,-90,148,1,1,20130908,ATL,PHO,2013,102130018568,4440,validated,100940,1,matched,playbyplayv2,1611661330,100940|200676|201501|201886|202663,complete,playbyplay_inferred,100973|201048|201881|202623|203410,complete,playbyplay_inferred
Shot Chart Detail,1021300185,134,200676,Candice Dupree,1611661317,Phoenix Mercury,2,9,29,Made Shot,Running Layup Shot,2PT Field Goal,Restricted Area,Center(C),Less Than 8 ft.,3,-34,14,1,1,20130908,ATL,PHO,2013,1021300185134,6310,validated,100940,1,matched,playbyplayv2,1611661330,100940|200676|203046|203398|203427,complete,playbyplay_inferred,100656|100812|203026|203410|203451,complete,playbyplay_inferred
Shot Chart Detail,1021300185,146,200676,Candice Dupree,1611661317,Phoenix Mercury,2,8,25,Made Shot,Jump Shot,2PT Field Goal,Mid-Range,Center(C),8-16 ft.,15,-24,157,1,1,20130908,ATL,PHO,2013,1021300185146,6950,validated,,0,matched,playbyplayv2,1611661330,100940|200676|201886|203046|203398,complete,playbyplay_inferred,100656|100812|202662|203026|203410,complete,playbyplay_inferred
Shot Chart Detail,1021300185,154,200676,Candice Dupree,1611661317,Phoenix Mercury,2,7,44,Made Shot,Jump Shot,2PT Field Goal,In The Paint (Non-RA),Center(C),Less Than 8 ft.,7,4,78,1,1,20130908,ATL,PHO,2013,1021300185154,7360,validated,203398,1,matched,playbyplayv2,1611661330,100940|200676|201886|203046|203398,complete,playbyplay_inferred,100656|100812|202662|203026|203410,complete,playbyplay_inferred
Shot Chart Detail,1021300185,219,200676,Candice Dupree,1611661317,Phoenix Mercury,2,3,15,Missed Shot,Jump Shot,2PT Field Goal,Mid-Range,Right Side(R),16-24 ft.,18,176,45,1,0,20130908,ATL,PHO,2013,1021300185219,10050,validated,,0,matched,playbyplayv2,1611661330,100940|200676|201487|201886|203398,complete,playbyplay_inferred,100812|100973|201048|201881|202662,complete,playbyplay_inferred
Shot Chart Detail,1021300185,261,200676,Candice Dupree,1611661317,Phoenix Mercury,3,8,57,Missed Shot,Turnaround Jump Shot,2PT Field Goal,In The Paint (Non-RA),Center(C),Less Than 8 ft.,7,-4,74,1,0,20130908,ATL,PHO,2013,1021300185261,12630,validated,,0,matched,playbyplayv2,1611661330,100940|200676|201886|203046|203398,complete,playbyplay_inferred,100812|100973|201048|201881|202662,complete,playbyplay_inferred
Shot Chart Detail,1021300185,279,200676,Candice Dupree,1611661317,Phoenix Mercury,3,6,56,Missed Shot,Jump Shot,2PT Field Goal,Mid-Range,Center(C),16-24 ft.,20,-19,206,1,0,20130908,ATL,PHO,2013,1021300185279,13840,validated,,0,matched,playbyplayv2,1611661330,100940|200676|201886|203046|203398,complete,playbyplay_inferred,100812|100973|201048|201881|202662,complete,playbyplay_inferred
Shot Chart Detail,1021300185,362,200676,Candice Dupree,1611661317,Phoenix Mercury,4,9,43,Missed Shot,Fadeaway Jump Shot,2PT Field Goal,In The Paint (Non-RA),Center(C),8-16 ft.,13,-49,124,1,0,20130908,ATL,PHO,2013,1021300185362,18170,validated,,0,matched,playbyplayv2,1611661330,100940|200676|201886|203046|203398,complete,playbyplay_inferred,201048|201881|202623|202662|203026,complete,playbyplay_inferred
Shot Chart Detail,1021300185,395,200676,Candice Dupree,1611661317,Phoenix Mercury,4,6,49,Made Shot,Jump Shot,2PT Field Goal,Mid-Range,Left Side Center(LC),16-24 ft.,18,-136,124,1,1,20130908,ATL,PHO,2013,1021300185395,19910,validated,100940,1,matched,playbyplayv2,1611661330,100940|200676|201886|203046|203398,complete,playbyplay_inferred,201048|201881|202623|202662|203026,complete,playbyplay_inferred
Shot Chart Detail,1021300185,419,200676,Candice Dupree,1611661317,Phoenix Mercury,4,5,46,Missed Shot,Driving Layup Shot,2PT Field Goal,Restricted Area,Center(C),Less Than 8 ft.,2,18,12,1,0,20130908,ATL,PHO,2013,1021300185419,20540,validated,,0,matched,playbyplayv2,1611661330,100634|100940|200676|201886|203398,complete,playbyplay_inferred,100812|100973|201048|203026|203410,complete,playbyplay_inferred
Shot Chart Detail,1021300185,423,200676,Candice Dupree,1611661317,Phoenix Mercury,4,5,24,Made Shot,Reverse Layup Shot,2PT Field Goal,Restricted Area,Center(C),Less Than 8 ft.,1,-11,9,1,1,20130908,ATL,PHO,2013,1021300185423,20760,validated,100634,1,matched,playbyplayv2,1611661330,100634|100940|200676|201886|203398,complete,playbyplay_inferred,100812|100973|201048|203026|203410,complete,playbyplay_inferred
Shot Chart Detail,1021300185,454,200676,Candice Dupree,1611661317,Phoenix Mercury,4,1,59,Missed Shot,Fadeaway Jump Shot,2PT Field Goal,In The Paint (Non-RA),Center(C),Less Than 8 ft.,6,-11,63,1,0,20130908,ATL,PHO,2013,1021300185454,22810,validated,,0,matched,playbyplayv2,1611661330,100634|100940|200676|201886|203398,complete,playbyplay_inferred,100812|201048|201881|202662|203026,complete,playbyplay_inferred
Shot Chart Detail,1021300189,13,200676,Candice Dupree,1611661317,Phoenix Mercury,1,7,52,Missed Shot,Layup Shot,2PT Field Goal,Restricted Area,Center(C),Less Than 8 ft.,2,-8,23,1,0,20130910,NYL,PHO,2013,102130018913,1280,validated,,0,matched,playbyplayv2,1611661313,100940|200676|201886|203046|203398,complete,playbyplay_inferred,100404|100888|101025|201507|203404,complete,playbyplay_inferred
Shot Chart Detail,1021300189,16,200676,Candice Dupree,1611661317,Phoenix Mercury,1,7,32,Made Shot,Layup Shot,2PT Field Goal,Restricted Area,Center(C),Less Than 8 ft.,2,-13,20,1,1,20130910,NYL,PHO,2013,102130018916,1480,validated,100940,1,matched,playbyplayv2,1611661313,100940|200676|201886|203046|203398,complete,playbyplay_inferred,100404|100888|101025|201507|203404,complete,playbyplay_inferred
Shot Chart Detail,1021300189,124,200676,Candice Dupree,1611661317,Phoenix Mercury,2,9,28,Missed Shot,Driving Layup Shot,2PT Field Goal,Restricted Area,Center(C),Less Than 8 ft.,2,-13,20,1,0,20130910,NYL,PHO,2013,1021300189124,6320,validated,,0,matched,playbyplayv2,1611661313,200676|201886|203046|203398|203427,complete,playbyplay_inferred,100396|100888|101025|201507|202652,complete,playbyplay_inferred
Shot Chart Detail,1021300189,165,200676,Candice Dupree,1611661317,Phoenix Mercury,2,6,13,Made Shot,Layup Shot,2PT Field Goal,Restricted Area,Center(C),Less Than 8 ft.,2,-15,14,1,1,20130910,NYL,PHO,2013,1021300189165,8270,validated,100940,1,matched,playbyplayv2,1611661313,100634|100940|200676|202663|203046,complete,playbyplay_inferred,100404|100888|101025|201507|202652,complete,playbyplay_inferred
Shot Chart Detail,1021300189,175,200676,Candice Dupree,1611661317,Phoenix Mercury,2,5,27,Missed Shot,Jump Shot,2PT Field Goal,Mid-Range,Right Side Center(RC),16-24 ft.,18,61,170,1,0,20130910,NYL,PHO,2013,1021300189175,8730,validated,,0,matched,playbyplayv2,1611661313,100634|100940|200676|201487|202663,complete,playbyplay_inferred,100404|100888|201507|202652|203402,complete,playbyplay_inferred
Shot Chart Detail,1021300189,192,200676,Candice Dupree,1611661317,Phoenix Mercury,2,4,17,Missed Shot,Jump Shot,2PT Field Goal,Mid-Range,Center(C),16-24 ft.,18,-40,179,1,0,20130910,NYL,PHO,2013,1021300189192,9430,validated,,0,matched,playbyplayv2,1611661313,100634|100940|200676|201487|202663,complete,playbyplay_inferred,100404|100888|201507|203402|203404,complete,playbyplay_inferred
Shot Chart Detail,1021300189,247,200676,Candice Dupree,1611661317,Phoenix Mercury,3,9,32,Made Shot,Pullup Bank shot,2PT Field Goal,Mid-Range,Left Side(L),8-16 ft.,11,-95,66,1,1,20130910,NYL,PHO,2013,1021300189247,12280,validated,,0,matched,playbyplayv2,1611661313,100940|200676|201886|203046|203398,complete,playbyplay_inferred,100404|100888|101025|201507|203404,complete,playbyplay_inferred
Shot Chart Detail,1021300189,251,200676,Candice Dupree,1611661317,Phoenix Mercury,3,8,36,Made Shot,Pullup Jump shot,2PT Field Goal,Mid-Range,Center(C),8-16 ft.,15,12,159,1,1,20130910,NYL,PHO,2013,1021300189251,12840,validated,100940,1,matched,playbyplayv2,1611661313,100940|200676|201886|203046|203398,complete,playbyplay_inferred,100404|100888|101025|201507|203404,complete,playbyplay_inferred
Shot Chart Detail,1021300189,269,200676,Candice Dupree,1611661317,Phoenix Mercury,3,7,1,Made Shot,Layup Shot,2PT Field Goal,Restricted Area,Center(C),Less Than 8 ft.,2,18,15,1,1,20130910,NYL,PHO,2013,1021300189269,13790,validated,201886,1,matched,playbyplayv2,1611661313,100940|200676|201886|203046|203398,complete,playbyplay_inferred,100404|100888|101025|201507|203404,complete,playbyplay_inferred
Shot Chart Detail,1021300189,282,200676,Candice Dupree,1611661317,Phoenix Mercury,3,5,45,Missed Shot,Jump Shot,2PT Field Goal,Restricted Area,Center(C),Less Than 8 ft.,3,26,28,1,0,20130910,NYL,PHO,2013,1021300189282,14550,validated,,0,matched,playbyplayv2,1611661313,100634|100940|200676|201886|203398,complete,playbyplay_inferred,100404|100888|101025|201507|203404,complete,playbyplay_inferred
Shot Chart Detail,1021300189,376,200676,Candice Dupree,1611661317,Phoenix Mercury,4,9,37,Made Shot,Fadeaway Jump Shot,2PT Field Goal,In The Paint (Non-RA),Center(C),Less Than 8 ft.,6,-29,60,1,1,20130910,NYL,PHO,2013,1021300189376,18230,validated,,0,matched,playbyplayv2,1611661313,200676|201886|203046|203398|203427,complete,playbyplay_inferred,100396|101025|201507|202652|203404,complete,playbyplay_inferred
Shot Chart Detail,1021300189,378,200676,Candice Dupree,1611661317,Phoenix Mercury,4,8,56,Made Shot,Turnaround Bank shot,2PT Field Goal,In The Paint (Non-RA),Center(C),Less Than 8 ft.,7,-56,42,1,1,20130910,NYL,PHO,2013,1021300189378,18640,validated,,0,matched,playbyplayv2,1611661313,200676|201886|203046|203398|203427,complete,playbyplay_inferred,100396|101025|201507|202652|203404,complete,playbyplay_inferred
Shot Chart Detail,1021300189,393,200676,Candice Dupree,1611661317,Phoenix Mercury,4,7,14,Made Shot,Jump Shot,2PT Field Goal,In The Paint (Non-RA),Center(C),8-16 ft.,11,9,119,1,1,20130910,NYL,PHO,2013,1021300189393,19660,validated,,0,matched,playbyplayv2,1611661313,100940|200676|201886|202663|203046,complete,playbyplay_inferred,100396|100404|101025|202652|203404,complete,playbyplay_inferred
Shot Chart Detail,1021300189,427,200676,Candice Dupree,1611661317,Phoenix Mercury,4,4,18,Made Shot,Jump Shot,2PT Field Goal,Mid-Range,Center(C),8-16 ft.,15,0,157,1,1,20130910,NYL,PHO,2013,1021300189427,21420,validated,100940,1,matched,playbyplayv2,1611661313,100634|100940|200676|201886|203398,complete,playbyplay_inferred,100396|100404|100888|101025|201507,complete,playbyplay_inferred
Shot Chart Detail,1021300189,453,200676,Candice Dupree,1611661317,Phoenix Mercury,4,1,37,Missed Shot,Jump Shot,2PT Field Goal,Mid-Range,Center(C),16-24 ft.,16,26,159,1,0,20130910,NYL,PHO,2013,1021300189453,23030,validated,,0,matched,playbyplayv2,1611661313,100634|100940|200676|201886|203398,complete,playbyplay_inferred,100396|100404|100888|202652|203402,complete,playbyplay_inferred
Shot Chart Detail,1021300192,14,200676,Candice Dupree,1611661317,Phoenix Mercury,1,8,7,Missed Shot,Jump Shot,2PT Field Goal,Mid-Range,Left Side(L),8-16 ft.,14,-92,108,1,0,20130911,CHI,PHO,2013,102130019214,1130,validated,,0,matched,playbyplayv2,1611661329,200676|201886|203046|203398|203427,complete,playbyplay_inferred,100721|201480|202259|202664|203399,complete,playbyplay_inferred
Shot Chart Detail,1021300192,35,200676,Candice Dupree,1611661317,Phoenix Mercury,1,6,1,Missed Shot,Jump Shot,2PT Field Goal,In The Paint (Non-RA),Center(C),Less Than 8 ft.,7,6,75,1,0,20130911,CHI,PHO,2013,102130019235,2390,validated,,0,matched,playbyplayv2,1611661329,200676|201886|203046|203398|203427,complete,playbyplay_inferred,100721|201480|202259|202664|203399,complete,playbyplay_inferred
Shot Chart Detail,1021300192,54,200676,Candice Dupree,1611661317,Phoenix Mercury,1,3,52,Made Shot,Jump Shot,2PT Field Goal,In The Paint (Non-RA),Center(C),8-16 ft.,13,13,135,1,1,20130911,CHI,PHO,2013,102130019254,3680,validated,201487,1,matched,playbyplayv2,1611661329,200676|201487|201886|202663|203046,complete,playbyplay_inferred,100721|201480|202259|202664|203399,complete,playbyplay_inferred
Shot Chart Detail,1021300192,68,200676,Candice Dupree,1611661317,Phoenix Mercury,1,2,30,Missed Shot,Jump Shot,2PT Field Goal,In The Paint (Non-RA),Center(C),Less Than 8 ft.,7,-68,28,1,0,20130911,CHI,PHO,2013,102130019268,4500,validated,,0,matched,playbyplayv2,1611661329,200676|201487|201886|202663|203046,complete,playbyplay_inferred,201477|201480|202259|202664|203399,complete,playbyplay_inferred
Shot Chart Detail,1021300192,122,200676,Candice Dupree,1611661317,Phoenix Mercury,2,8,2,Made Shot,Putback Layup Shot,2PT Field Goal,Restricted Area,Center(C),Less Than 8 ft.,2,21,0,1,1,20130911,CHI,PHO,2013,1021300192122,7180,validated,,0,matched,playbyplayv2,1611661329,200676|201501|203046|203398|203427,complete,playbyplay_inferred,100721|201062|201477|201480|202259,complete,playbyplay_inferred
Shot Chart Detail,1021300192,137,200676,Candice Dupree,1611661317,Phoenix Mercury,2,6,52,Missed Shot,Jump Shot,2PT Field Goal,Mid-Range,Left Side(L),8-16 ft.,12,-128,12,1,0,20130911,CHI,PHO,2013,1021300192137,7880,validated,,0,matched,playbyplayv2,1611661329,200676|201501|203046|203398|203427,complete,playbyplay_inferred,100721|201477|201480|202664|203399,complete,playbyplay_inferred
Shot Chart Detail,1021300192,154,200676,Candice Dupree,1611661317,Phoenix Mercury,2,5,30,Made Shot,Jump Shot,2PT Field Goal,Mid-Range,Right Side(R),16-24 ft.,18,179,34,1,1,20130911,CHI,PHO,2013,1021300192154,8700,validated,201487,1,matched,playbyplayv2,1611661329,200676|201487|201886|202663|203046,complete,playbyplay_inferred,100721|201477|201480|202664|203399,complete,playbyplay_inferred
Shot Chart Detail,1021300192,162,200676,Candice Dupree,1611661317,Phoenix Mercury,2,5,7,Missed Shot,Layup Shot,2PT Field Goal,Restricted Area,Center(C),Less Than 8 ft.,2,16,14,1,0,20130911,CHI,PHO,2013,1021300192162,8930,validated,,0,matched,playbyplayv2,1611661329,200676|201487|201886|202663|203046,complete,playbyplay_inferred,100721|201477|201480|202664|203399,complete,playbyplay_inferred
Shot Chart Detail,1021300192,183,200676,Candice Dupree,1611661317,Phoenix Mercury,2,2,42,Made Shot,Jump Shot,2PT Field Goal,In The Paint (Non-RA),Center(C),8-16 ft.,10,32,97,1,1,20130911,CHI,PHO,2013,1021300192183,10380,validated,,0,matched,playbyplayv2,1611661329,200676|201487|201886|203046|203398,complete,playbyplay_inferred,100721|201480|202259|202664|203399,complete,playbyplay_inferred
Shot Chart Detail,1021300192,231,200676,Candice Dupree,1611661317,Phoenix Mercury,3,8,28,Made Shot,Layup Shot,2PT Field Goal,Restricted Area,Center(C),Less Than 8 ft.,2,26,-3,1,1,20130911,CHI,PHO,2013,1021300192231,12920,validated,203427,1,matched,playbyplayv2,1611661329,200676|201886|203046|203398|203427,complete,playbyplay_inferred,100721|201480|202259|202664|203399,complete,playbyplay_inferred
Shot Chart Detail,1021300192,249,200676,Candice Dupree,1611661317,Phoenix Mercury,3,5,42,Made Shot,Reverse Layup Shot,2PT Field Goal,Restricted Area,Center(C),Less Than 8 ft.,2,21,0,1,1,20130911,CHI,PHO,2013,1021300192249,14580,validated,,0,matched,playbyplayv2,1611661329,200676|201487|201886|203046|203398,complete,playbyplay_inferred,100721|201480|202259|202664|203399,complete,playbyplay_inferred
Shot Chart Detail,1021300192,312,200676,Candice Dupree,1611661317,Phoenix Mercury,4,8,28,Made Shot,Jump Shot,2PT Field Goal,Mid-Range,Center(C),16-24 ft.,16,-27,167,1,1,20130911,CHI,PHO,2013,1021300192312,18920,validated,201501,1,matched,playbyplayv2,1611661329,200676|201501|201886|203041|203427,complete,playbyplay_inferred,100721|201062|201477|201480|202259,complete,playbyplay_inferred
Shot Chart Detail,1021300192,375,200676,Candice Dupree,1611661317,Phoenix Mercury,4,2,21,Missed Shot,Jump Shot,2PT Field Goal,In The Paint (Non-RA),Center(C),8-16 ft.,10,45,93,1,0,20130911,CHI,PHO,2013,1021300192375,22590,validated,,0,matched,playbyplayv2,1611661329,200676|201487|201886|202663|203046,complete,playbyplay_inferred,100721|201480|202259|202664|203399,complete,playbyplay_inferred
Shot Chart Detail,1021300192,384,200676,Candice Dupree,1611661317,Phoenix Mercury,4,1,21,Missed Shot,Jump Shot,2PT Field Goal,Mid-Range,Left Side(L),16-24 ft.,16,-141,77,1,0,20130911,CHI,PHO,2013,1021300192384,23190,validated,,0,matched,playbyplayv2,1611661329,200676|201487|201886|203046|203398,complete,playbyplay_inferred,100721|201480|202259|202664|203399,complete,playbyplay_inferred
Shot Chart Detail,1021300198,2,200676,Candice Dupree,1611661317,Phoenix Mercury,1,9,53,Made Shot,Jump Shot,2PT Field Goal,Mid-Range,Right Side(R),16-24 ft.,18,184,14,1,1,20130913,PHO,SAN,2013,10213001982,70,validated,100940,1,matched,playbyplayv2,1611661319,100634|100940|200676|201886|203398,complete,playbyplay_inferred,100937|100952|202251|202634|203018,complete,playbyplay_inferred
Shot Chart Detail,1021300198,5,200676,Candice Dupree,1611661317,Phoenix Mercury,1,9,23,Missed Shot,Jump Shot,2PT Field Goal,Mid-Range,Right Side(R),8-16 ft.,14,141,1,1,0,20130913,PHO,SAN,2013,10213001985,370,validated,,0,matched,playbyplayv2,1611661319,100634|100940|200676|201886|203398,complete,playbyplay_inferred,100937|100952|202251|202634|203018,complete,playbyplay_inferred
Shot Chart Detail,1021300198,7,200676,Candice Dupree,1611661317,Phoenix Mercury,1,9,14,Made Shot,Driving Layup Shot,2PT Field Goal,Restricted Area,Center(C),Less Than 8 ft.,1,12,-3,1,1,20130913,PHO,SAN,2013,10213001987,460,validated,,0,matched,playbyplayv2,1611661319,100634|100940|200676|201886|203398,complete,playbyplay_inferred,100937|100952|202251|202634|203018,complete,playbyplay_inferred
Shot Chart Detail,1021300198,17,200676,Candice Dupree,1611661317,Phoenix Mercury,1,8,9,Made Shot,Layup Shot,2PT Field Goal,Restricted Area,Center(C),Less Than 8 ft.,1,-10,6,1,1,20130913,PHO,SAN,2013,102130019817,1110,validated,201886,1,matched,playbyplayv2,1611661319,100634|100940|200676|201886|203398,complete,playbyplay_inferred,100937|100952|202251|202634|203018,complete,playbyplay_inferred
Shot Chart Detail,1021300198,38,200676,Candice Dupree,1611661317,Phoenix Mercury,1,5,37,Made Shot,Jump Shot,2PT Field Goal,Mid-Range,Left Side(L),8-16 ft.,8,-89,6,1,1,20130913,PHO,SAN,2013,102130019838,2630,validated,201886,1,matched,playbyplayv2,1611661319,100634|100940|200676|201886|203398,complete,playbyplay_inferred,100937|100952|202251|202634|203018,complete,playbyplay_inferred
