GRID_TYPE,GAME_ID,GAME_EVENT_ID,PLAYER_ID,PLAYER_NAME,TEAM_ID,TEAM_NAME,PERIOD,MINUTES_REMAINING,SECONDS_REMAINING,EVENT_TYPE,ACTION_TYPE,SHOT_TYPE,SHOT_ZONE_BASIC,SHOT_ZONE_AREA,SHOT_ZONE_RANGE,SHOT_DISTANCE,LOC_X,LOC_Y,SHOT_ATTEMPTED_FLAG,SHOT_MADE_FLAG,GAME_DATE,HTM,VTM,SEASON,SHOT_ID,time,SHOT_DATA_STATUS,ASSIST_ID,assisted,ASSIST_STATUS,PBP_SOURCE,OPP_TEAM_ID,PLAYERS_ON,LINEUP_STATUS,LINEUP_SOURCE,OPP_PLAYERS_ON,OPP_LINEUP_STATUS,OPP_LINEUP_SOURCE
Shot Chart Detail,1021100009,166,201881,Angel McCoughtry,1611661330,Atlanta Dream,2,5,53,Missed Shot,Jump Shot,2PT Field Goal,In The Paint (Non-RA),Right Side(R),8-16 ft.,13,77,112,1,0,20110609,ATL,WAS,2011,1021100009166,8470,validated,,0,matched,playbyplayv2,1611661322,100796|100812|201046|201048|201881,complete,playbyplay_inferred,100627|201492|201500|201518|201889,complete,playbyplay_inferred
Shot Chart Detail,1021100009,178,201881,Angel McCoughtry,1611661330,Atlanta Dream,2,4,46,Made Shot,Jump Shot,2PT Field Goal,In The Paint (Non-RA),Center(C),8-16 ft.,11,21,108,1,1,20110609,ATL,WAS,2011,1021100009178,9140,validated,,0,matched,playbyplayv2,1611661322,100796|100812|201046|201048|201881,complete,playbyplay_inferred,100627|201492|201500|201518|201889,complete,playbyplay_inferred
Shot Chart Detail,1021100009,204,201881,Angel McCoughtry,1611661330,Atlanta Dream,2,3,44,Missed Shot,Driving Layup Shot,2PT Field Goal,Restricted Area,Center(C),Less Than 8 ft.,1,13,9,1,0,20110609,ATL,WAS,2011,1021100009204,9760,validated,,0,matched,playbyplayv2,1611661322,100796|100812|201046|201048|201881,complete,playbyplay_inferred,100627|201492|201500|201889|202643,complete,playbyplay_inferred
Shot Chart Detail,1021100009,206,201881,Angel McCoughtry,1611661330,Atlanta Dream,2,3,40,Missed Shot,Putback Layup Shot,2PT Field Goal,Restricted Area,Center(C),Less Than 8 ft.,1,-7,17,1,0,20110609,ATL,WAS,2011,1021100009206,9800,validated,,0,matched,playbyplayv2,1611661322,100796|100812|201046|201048|201881,complete,playbyplay_inferred,100627|201492|201500|201889|202643,complete,playbyplay_inferred
Shot Chart Detail,1021100017,3,201881,Angel McCoughtry,1611661330,Atlanta Dream,1,9,25,Missed Shot,Reverse Layup Shot,2PT Field Goal,Restricted Area,Center(C),Less Than 8 ft.,2,-19,-13,1,0,20110611,SAN,ATL,2011,10211000173,350,validated,,0,matched,playbyplayv2,1611661319,100796|100812|101023|201046|201881,complete,playbyplay_inferred,100284|100342|100656|101033|200674,complete,playbyplay_inferred
Shot Chart Detail,1021100017,21,201881,Angel McCoughtry,1611661330,Atlanta Dream,1,7,31,Missed Shot,Jump Shot,3PT Field Goal,Left Corner 3,Left Side(L),24+ ft.,22,-220,0,1,0,20110611,SAN,ATL,2011,102110001721,1490,validated,,0,matched,playbyplayv2,1611661319,100796|100812|101023|201046|201881,complete,playbyplay_inferred,100284|100342|100656|101033|200674,complete,playbyplay_inferred
Shot Chart Detail,1021100017,44,201881,Angel McCoughtry,1611661330,Atlanta Dream,1,5,10,Made Shot,Jump Shot,2PT Field Goal,In The Paint (Non-RA),Center(C),Less Than 8 ft.,4,-43,0,1,1,20110611,SAN,ATL,2011,102110001744,2900,validated,,0,matched,playbyplayv2,1611661319,100796|100812|201046|201054|201881,complete,playbyplay_inferred,100284|100342|100656|100952|200674,complete,playbyplay_inferred
Shot Chart Detail,1021100017,60,201881,Angel McCoughtry,1611661330,Atlanta Dream,1,3,47,Made Shot,Layup Shot,2PT Field Goal,Restricted Area,Center(C),Less Than 8 ft.,0,0,6,1,1,20110611,SAN,ATL,2011,102110001760,3730,validated,100812,1,matched,playbyplayv2,1611661319,100796|100812|201046|201054|201881,complete,playbyplay_inferred,100342|100656|100952|200674|202658,complete,playbyplay_inferred
Shot Chart Detail,1021100017,63,201881,Angel McCoughtry,1611661330,Atlanta Dream,1,3,13,Made Shot,Jump Shot,2PT Field Goal,Mid-Range,Right Side(R),8-16 ft.,14,140,7,1,1,20110611,SAN,ATL,2011,102110001763,4070,validated,201046,1,matched,playbyplayv2,1611661319,100796|100812|201046|201054|201881,complete,playbyplay_inferred,100342|100656|100952|200674|202658,complete,playbyplay_inferred
Shot Chart Detail,1021100017,69,201881,Angel McCoughtry,1611661330,Atlanta Dream,1,2,19,Missed Shot,Running Jump Shot,2PT Field Goal,Restricted Area,Center(C),Less Than 8 ft.,3,-23,31,1,0,20110611,SAN,ATL,2011,102110001769,4610,validated,,0,matched,playbyplayv2,1611661319,100796|100812|201054|201881|201898,complete,playbyplay_inferred,100342|100952|200674|202634|202658,complete,playbyplay_inferred
Shot Chart Detail,1021100017,131,201881,Angel McCoughtry,1611661330,Atlanta Dream,2,7,33,Missed Shot,Layup Shot,2PT Field Goal,Restricted Area,Center(C),Less Than 8 ft.,1,-13,0,1,0,20110611,SAN,ATL,2011,1021100017131,7470,validated,,0,matched,playbyplayv2,1611661319,100690|201046|201048|201054|201881,complete,playbyplay_inferred,100952|200684|202634|202654|202658,complete,playbyplay_inferred
Shot Chart Detail,1021100017,134,201881,Angel McCoughtry,1611661330,Atlanta Dream,2,7,29,Missed Shot,Jump Shot,2PT Field Goal,In The Paint (Non-RA),Left Side(L),8-16 ft.,8,-70,42,1,0,20110611,SAN,ATL,2011,1021100017134,7510,validated,,0,matched,playbyplayv2,1611661319,100690|201046|201048|201054|201881,complete,playbyplay_inferred,100952|200684|202634|202654|202658,complete,playbyplay_inferred
Shot Chart Detail,1021100017,138,201881,Angel McCoughtry,1611661330,Atlanta Dream,2,7,13,Missed Shot,Layup Shot,2PT Field Goal,Restricted Area,Center(C),Less Than 8 ft.,1,-16,-3,1,0,20110611,SAN,ATL,2011,1021100017138,7670,validated,,0,matched,playbyplayv2,1611661319,100690|201046|201048|201054|201881,complete,playbyplay_inferred,100952|200684|202634|202654|202658,complete,playbyplay_inferred
Shot Chart Detail,1021100017,146,201881,Angel McCoughtry,1611661330,Atlanta Dream,2,6,49,Missed Shot,Layup Shot,2PT Field Goal,Restricted Area,Center(C),Less Than 8 ft.,2,-26,1,1,0,20110611,SAN,ATL,2011,1021100017146,7910,validated,,0,matched,playbyplayv2,1611661319,100690|100796|201046|201054|201881,complete,playbyplay_inferred,100952|200684|202634|202654|202658,complete,playbyplay_inferred
Shot Chart Detail,1021100017,160,201881,Angel McCoughtry,1611661330,Atlanta Dream,2,4,18,Missed Shot,Jump Shot,2PT Field Goal,Mid-Range,Right Side Center(RC),16-24 ft.,18,92,161,1,0,20110611,SAN,ATL,2011,1021100017160,9420,validated,,0,matched,playbyplayv2,1611661319,100690|100796|201046|201054|201881,complete,playbyplay_inferred,100952|200684|202634|202654|202658,complete,playbyplay_inferred
Shot Chart Detail,1021100017,208,201881,Angel McCoughtry,1611661330,Atlanta Dream,3,9,43,Made Shot,Layup Shot,2PT Field Goal,Restricted Area,Center(C),Less Than 8 ft.,1,15,11,1,1,20110611,SAN,ATL,2011,1021100017208,12170,validated,,0,matched,playbyplayv2,1611661319,100796|100812|101023|201046|201881,complete,playbyplay_inferred,100284|100342|100656|101033|200674,complete,playbyplay_inferred
Shot Chart Detail,1021100017,226,201881,Angel McCoughtry,1611661330,Atlanta Dream,3,8,7,Made Shot,Jump Shot,2PT Field Goal,Restricted Area,Center(C),Less Than 8 ft.,3,26,20,1,1,20110611,SAN,ATL,2011,1021100017226,13130,validated,,0,matched,playbyplayv2,1611661319,100796|100812|101023|201046|201881,complete,playbyplay_inferred,100284|100342|100656|101033|200674,complete,playbyplay_inferred
Shot Chart Detail,1021100017,357,201881,Angel McCoughtry,1611661330,Atlanta Dream,4,8,11,Made Shot,Layup Shot,2PT Field Goal,Restricted Area,Center(C),Less Than 8 ft.,1,17,6,1,1,20110611,SAN,ATL,2011,1021100017357,19090,validated,201046,1,matched,playbyplayv2,1611661319,100796|101023|201046|201054|201881,complete,playbyplay_inferred,100342|100952|200674|202634|202658,complete,playbyplay_inferred
Shot Chart Detail,1021100017,361,201881,Angel McCoughtry,1611661330,Atlanta Dream,4,6,58,Made Shot,Layup Shot,2PT Field Goal,Restricted Area,Center(C),Less Than 8 ft.,0,6,7,1,1,20110611,SAN,ATL,2011,1021100017361,19820,validated,201054,1,matched,playbyplayv2,1611661319,100796|101023|201046|201054|201881,complete,playbyplay_inferred,100342|100952|200674|202634|202658,complete,playbyplay_inferred
Shot Chart Detail,1021100017,370,201881,Angel McCoughtry,1611661330,Atlanta Dream,4,6,24,Missed Shot,Jump Shot,3PT Field Goal,Above the Break 3,Left Side Center(LC),16-24 ft.,22,-78,213,1,0,20110611,SAN,ATL,2011,1021100017370,20160,validated,,0,matched,playbyplayv2,1611661319,100796|101023|201046|201054|201881,complete,playbyplay_inferred,100284|100342|100952|200674|202634,complete,playbyplay_inferred
Shot Chart Detail,1021100017,401,201881,Angel McCoughtry,1611661330,Atlanta Dream,4,3,56,Missed Shot,Jump Shot,2PT Field Goal,In The Paint (Non-RA),Left Side(L),8-16 ft.,12,-73,101,1,0,20110611,SAN,ATL,2011,1021100017401,21640,validated,,0,matched,playbyplayv2,1611661319,100690|100812|101023|201046|201881,complete,playbyplay_inferred,100284|100342|100656|100952|200674,complete,playbyplay_inferred
Shot Chart Detail,1021100017,420,201881,Angel McCoughtry,1611661330,Atlanta Dream,4,2,34,Missed Shot,Layup Shot,2PT Field Goal,Restricted Area,Center(C),Less Than 8 ft.,3,-30,3,1,0,20110611,SAN,ATL,2011,1021100017420,22460,validated,,0,matched,playbyplayv2,1611661319,100690|100812|101023|201046|201881,complete,playbyplay_inferred,100284|100342|100656|100952|200674,complete,playbyplay_inferred
Shot Chart Detail,1021100020,3,201881,Angel McCoughtry,1611661330,Atlanta Dream,1,9,31,Made Shot,Layup Shot,2PT Field Goal,Restricted Area,Center(C),Less Than 8 ft.,2,24,-6,1,1,20110614,NYL,ATL,2011,10211000203,290,validated,,0,matched,playbyplayv2,1611661313,100796|100812|101023|201046|201881,complete,playbyplay_inferred,100888|100919|200665|201502|201913,complete,playbyplay_inferred
Shot Chart Detail,1021100020,31,201881,Angel McCoughtry,1611661330,Atlanta Dream,1,5,44,Made Shot,Layup Shot,2PT Field Goal,Restricted Area,Center(C),Less Than 8 ft.,2,18,9,1,1,20110614,NYL,ATL,2011,102110002031,2560,validated,,0,matched,playbyplayv2,1611661313,100690|101023|201046|201054|201881,complete,playbyplay_inferred,100888|100919|200665|201502|201913,complete,playbyplay_inferred
Shot Chart Detail,1021100020,53,201881,Angel McCoughtry,1611661330,Atlanta Dream,1,4,11,Missed Shot,Jump Shot,2PT Field Goal,Mid-Range,Right Side(R),16-24 ft.,18,181,-25,1,0,20110614,NYL,ATL,2011,102110002053,3490,validated,,0,matched,playbyplayv2,1611661313,100690|101021|201046|201054|201881,complete,playbyplay_inferred,100888|201502|201507|201895|202652,complete,playbyplay_inferred
Shot Chart Detail,1021100020,57,201881,Angel McCoughtry,1611661330,Atlanta Dream,1,3,45,Made Shot,Layup Shot,2PT Field Goal,Restricted Area,Center(C),Less Than 8 ft.,2,23,0,1,1,20110614,NYL,ATL,2011,102110002057,3750,validated,,0,matched,playbyplayv2,1611661313,100690|101021|201046|201054|201881,complete,playbyplay_inferred,100888|201502|201507|201895|202652,complete,playbyplay_inferred
Shot Chart Detail,1021100020,59,201881,Angel McCoughtry,1611661330,Atlanta Dream,1,3,33,Made Shot,Jump Shot,3PT Field Goal,Above the Break 3,Left Side Center(LC),16-24 ft.,21,-141,159,1,1,20110614,NYL,ATL,2011,102110002059,3870,validated,100690,1,matched,playbyplayv2,1611661313,100690|101021|201046|201054|201881,complete,playbyplay_inferred,100888|201502|201507|201895|202652,complete,playbyplay_inferred
Shot Chart Detail,1021100020,61,201881,Angel McCoughtry,1611661330,Atlanta Dream,1,3,3,Missed Shot,Jump Shot,3PT Field Goal,Above the Break 3,Right Side Center(RC),16-24 ft.,23,181,146,1,0,20110614,NYL,ATL,2011,102110002061,4170,validated,,0,matched,playbyplayv2,1611661313,100690|101021|201046|201054|201881,complete,playbyplay_inferred,100888|201502|201507|201895|202652,complete,playbyplay_inferred
Shot Chart Detail,1021100020,65,201881,Angel McCoughtry,1611661330,Atlanta Dream,1,2,50,Missed Shot,Jump Shot,2PT Field Goal,In The Paint (Non-RA),Center(C),Less Than 8 ft.,4,-32,26,1,0,20110614,NYL,ATL,2011,102110002065,4300,validated,,0,matched,playbyplayv2,1611661313,100690|101021|201046|201054|201881,complete,playbyplay_inferred,100888|201502|201507|201895|202652,complete,playbyplay_inferred
Shot Chart Detail,1021100020,160,201881,Angel McCoughtry,1611661330,Atlanta Dream,2,3,39,Made Shot,Jump Shot,2PT Field Goal,Mid-Range,Right Side(R),8-16 ft.,12,119,34,1,1,20110614,NYL,ATL,2011,1021100020160,9810,validated,201898,1,matched,playbyplayv2,1611661313,100812|100920|201048|201881|201898,complete,playbyplay_inferred,100888|200665|201502|201895|202641,complete,playbyplay_inferred
Shot Chart Detail,1021100020,162,201881,Angel McCoughtry,1611661330,Atlanta Dream,2,3,4,Missed Shot,Reverse Layup Shot,2PT Field Goal,Restricted Area,Center(C),Less Than 8 ft.,2,28,3,1,0,20110614,NYL,ATL,2011,1021100020162,10160,validated,,0,matched,playbyplayv2,1611661313,100812|100920|201048|201881|201898,complete,playbyplay_inferred,100888|200665|201502|201895|202641,complete,playbyplay_inferred
Shot Chart Detail,1021100020,212,201881,Angel McCoughtry,1611661330,Atlanta Dream,3,8,59,Missed Shot,Jump Shot,3PT Field Goal,Above the Break 3,Right Side Center(RC),16-24 ft.,22,105,200,1,0,20110614,NYL,ATL,2011,1021100020212,12610,validated,,0,matched,playbyplayv2,1611661313,100796|100812|101023|201046|201881,complete,playbyplay_inferred,100888|100919|200665|201502|201913,complete,playbyplay_inferred
Shot Chart Detail,1021100020,256,201881,Angel McCoughtry,1611661330,Atlanta Dream,3,3,49,Made Shot,Driving Layup Shot,2PT Field Goal,Restricted Area,Center(C),Less Than 8 ft.,2,26,7,1,1,20110614,NYL,ATL,2011,1021100020256,15710,validated,201046,1,matched,playbyplayv2,1611661313,100690|101023|201046|201054|201881,complete,playbyplay_inferred,100888|100919|200665|201502|201913,complete,playbyplay_inferred
Shot Chart Detail,1021100022,8,201881,Angel McCoughtry,1611661330,Atlanta Dream,1,9,17,Missed Shot,Jump Shot,2PT Field Goal,Mid-Range,Right Side(R),8-16 ft.,13,132,39,1,0,20110617,MIN,ATL,2011,10211000228,430,validated,,0,matched,playbyplayv2,1611661324,100796|100812|201046|201054|201881,complete,playbyplay_inferred,100412|100915|100944|200671|202632,complete,playbyplay_inferred
Shot Chart Detail,1021100022,14,201881,Angel McCoughtry,1611661330,Atlanta Dream,1,8,19,Made Shot,Driving Jump shot,2PT Field Goal,In The Paint (Non-RA),Center(C),Less Than 8 ft.,4,20,36,1,1,20110617,MIN,ATL,2011,102110002214,1010,validated,,0,matched,playbyplayv2,1611661324,100796|100812|201046|201054|201881,complete,playbyplay_inferred,100412|100915|100944|200671|202632,complete,playbyplay_inferred
Shot Chart Detail,1021100022,21,201881,Angel McCoughtry,1611661330,Atlanta Dream,1,7,14,Missed Shot,Jump Shot,2PT Field Goal,Mid-Range,Right Side(R),8-16 ft.,15,136,75,1,0,20110617,MIN,ATL,2011,102110002221,1660,validated,,0,matched,playbyplayv2,1611661324,100796|100812|201046|201054|201881,complete,playbyplay_inferred,100412|100915|100944|200671|202632,complete,playbyplay_inferred
Shot Chart Detail,1021100022,34,201881,Angel McCoughtry,1611661330,Atlanta Dream,1,6,1,Made Shot,Layup Shot,2PT Field Goal,Restricted Area,Center(C),Less Than 8 ft.,2,-21,20,1,1,20110617,MIN,ATL,2011,102110002234,2390,validated,,0,matched,playbyplayv2,1611661324,100796|100812|201046|201054|201881,complete,playbyplay_inferred,100412|100915|100944|200671|202632,complete,playbyplay_inferred
Shot Chart Detail,1021100022,128,201881,Angel McCoughtry,1611661330,Atlanta Dream,2,8,50,Missed Shot,Jump Shot,2PT Field Goal,In The Paint (Non-RA),Center(C),Less Than 8 ft.,7,28,67,1,0,20110617,MIN,ATL,2011,1021100022128,6700,validated,,0,matched,playbyplayv2,1611661324,100690|101021|201048|201881|201898,complete,playbyplay_inferred,100944|201499|202257|202632|202644,complete,playbyplay_inferred
Shot Chart Detail,1021100022,133,201881,Angel McCoughtry,1611661330,Atlanta Dream,2,8,23,Missed Shot,Jump Shot,2PT Field Goal,Mid-Range,Left Side(L),8-16 ft.,14,-139,41,1,0,20110617,MIN,ATL,2011,1021100022133,6970,validated,,0,matched,playbyplayv2,1611661324,100690|101021|201048|201881|201898,complete,playbyplay_inferred,100944|201499|202257|202632|202644,complete,playbyplay_inferred
Shot Chart Detail,1021100022,184,201881,Angel McCoughtry,1611661330,Atlanta Dream,2,3,48,Made Shot,Jump Shot,2PT Field Goal,Mid-Range,Center(C),8-16 ft.,15,10,156,1,1,20110617,MIN,ATL,2011,1021100022184,9720,validated,101021,1,matched,playbyplayv2,1611661324,100796|100812|101021|201881|201898,complete,playbyplay_inferred,100915|100944|200671|202632|202644,complete,playbyplay_inferred
Shot Chart Detail,1021100022,189,201881,Angel McCoughtry,1611661330,Atlanta Dream,2,2,50,Missed Shot,Jump Shot,2PT Field Goal,Mid-Range,Center(C),16-24 ft.,16,42,156,1,0,20110617,MIN,ATL,2011,1021100022189,10300,validated,,0,matched,playbyplayv2,1611661324,100796|100812|101021|201881|201898,complete,playbyplay_inferred,100915|100944|200671|202632|202644,complete,playbyplay_inferred
Shot Chart Detail,1021100022,255,201881,Angel McCoughtry,1611661330,Atlanta Dream,3,8,22,Made Shot,Jump Shot,2PT Field Goal,In The Paint (Non-RA),Center(C),8-16 ft.,13,-59,121,1,1,20110617,MIN,ATL,2011,1021100022255,12980,validated,,0,matched,playbyplayv2,1611661324,100690|100796|100812|201046|201881,complete,playbyplay_inferred,100412|100915|100944|200671|202632,complete,playbyplay_inferred
Shot Chart Detail,1021100022,293,201881,Angel McCoughtry,1611661330,Atlanta Dream,3,5,15,Missed Shot,Layup Shot,2PT Field Goal,Restricted Area,Center(C),Less Than 8 ft.,2,-16,14,1,0,20110617,MIN,ATL,2011,1021100022293,14850,validated,,0,matched,playbyplayv2,1611661324,100796|100812|101021|201881|201898,complete,playbyplay_inferred,100412|100944|201499|202257|202632,complete,playbyplay_inferred
Shot Chart Detail,1021100022,301,201881,Angel McCoughtry,1611661330,Atlanta Dream,3,5,1,Missed Shot,Layup Shot,2PT Field Goal,Restricted Area,Center(C),Less Than 8 ft.,2,21,12,1,0,20110617,MIN,ATL,2011,1021100022301,14990,validated,,0,matched,playbyplayv2,1611661324,100796|100812|101021|201881|201898,complete,playbyplay_inferred,100412|100944|201499|202257|202632,complete,playbyplay_inferred
Shot Chart Detail,1021100022,302,201881,Angel McCoughtry,1611661330,Atlanta Dream,3,5,0,Made Shot,Layup Shot,2PT Field Goal,Restricted Area,Center(C),Less Than 8 ft.,2,-1,22,1,1,20110617,MIN,ATL,2011,1021100022302,15000,validated,,0,matched,playbyplayv2,1611661324,100796|100812|101021|201881|201898,complete,playbyplay_inferred,100412|100944|201499|202257|202632,complete,playbyplay_inferred
Shot Chart Detail,1021100022,357,201881,Angel McCoughtry,1611661330,Atlanta Dream,3,0,33,Missed Shot,Jump Shot,2PT Field Goal,Mid-Range,Right Side(R),16-24 ft.,16,155,50,1,0,20110617,MIN,ATL,2011,1021100022357,17670,validated,,0,matched,playbyplayv2,1611661324,100690|101021|201054|201881|201898,complete,playbyplay_inferred,100944|200671|201499|202257|202644,complete,playbyplay_inferred
Shot Chart Detail,1021100022,373,201881,Angel McCoughtry,1611661330,Atlanta Dream,4,9,48,Made Shot,Layup Shot,2PT Field Goal,Restricted Area,Center(C),Less Than 8 ft.,2,-8,25,1,1,20110617,MIN,ATL,2011,1021100022373,18120,validated,201054,1,matched,playbyplayv2,1611661324,100690|101021|201054|201881|201898,complete,playbyplay_inferred,100915|100944|200671|202632|202644,complete,playbyplay_inferred
Shot Chart Detail,1021100022,378,201881,Angel McCoughtry,1611661330,Atlanta Dream,4,9,25,Missed Shot,Layup Shot,2PT Field Goal,Restricted Area,Center(C),Less Than 8 ft.,2,-24,15,1,0,20110617,MIN,ATL,2011,1021100022378,18350,validated,,0,matched,playbyplayv2,1611661324,100690|101021|201054|201881|201898,complete,playbyplay_inferred,100915|100944|200671|202632|202644,complete,playbyplay_inferred
Shot Chart Detail,1021100022,444,201881,Angel McCoughtry,1611661330,Atlanta Dream,4,4,50,Made Shot,Jump Shot,3PT Field Goal,Above the Break 3,Center(C),16-24 ft.,21,50,209,1,1,20110617,MIN,ATL,2011,1021100022444,21100,validated,201046,1,matched,playbyplayv2,1611661324,100796|100812|201046|201048|201881,complete,playbyplay_inferred,100412|200671|201499|202632|202644,complete,playbyplay_inferred
Shot Chart Detail,1021100022,472,201881,Angel McCoughtry,1611661330,Atlanta Dream,4,2,23,Made Shot,Driving Layup Shot,2PT Field Goal,Restricted Area,Center(C),Less Than 8 ft.,2,17,17,1,1,20110617,MIN,ATL,2011,1021100022472,22570,validated,,0,matched,playbyplayv2,1611661324,100690|100796|100812|201048|201881,complete,playbyplay_inferred,100412|100915|100944|200671|202632,complete,playbyplay_inferred
Shot Chart Detail,1021100022,503,201881,Angel McCoughtry,1611661330,Atlanta Dream,4,0,17,Made Shot,Driving Layup Shot,2PT Field Goal,Restricted Area,Center(C),Less Than 8 ft.,2,26,12,1,1,20110617,MIN,ATL,2011,1021100022503,23830,validated,,0,matched,playbyplayv2,1611661324,100690|100796|100812|100920|201881,complete,playbyplay_inferred,100412|100915|100944|200671|202632,complete,playbyplay_inferred
Shot Chart Detail,1021100028,2,201881,Angel McCoughtry,1611661330,Atlanta Dream,1,9,42,Missed Shot,Driving Jump shot,2PT Field Goal,In The Paint (Non-RA),Center(C),Less Than 8 ft.,4,-40,22,1,0,20110619,ATL,MIN,2011,10211000282,180,validated,,0,matched,playbyplayv2,1611661324,100796|100812|101021|201046|201881,complete,playbyplay_inferred,100412|100915|100944|200671|202632,complete,playbyplay_inferred
Shot Chart Detail,1021100028,15,201881,Angel McCoughtry,1611661330,Atlanta Dream,1,7,51,Missed Shot,Jump Shot,2PT Field Goal,In The Paint (Non-RA),Center(C),Less Than 8 ft.,7,-40,63,1,0,20110619,ATL,MIN,2011,102110002815,1290,validated,,0,matched,playbyplayv2,1611661324,100796|100812|101021|201046|201881,complete,playbyplay_inferred,100412|100915|100944|200671|202632,complete,playbyplay_inferred
Shot Chart Detail,1021100028,28,201881,Angel McCoughtry,1611661330,Atlanta Dream,1,7,7,Missed Shot,Jump Shot,2PT Field Goal,Mid-Range,Right Side(R),16-24 ft.,16,155,64,1,0,20110619,ATL,MIN,2011,102110002828,1730,validated,,0,matched,playbyplayv2,1611661324,100796|100812|101021|201046|201881,complete,playbyplay_inferred,100412|100915|100944|200671|202632,complete,playbyplay_inferred
Shot Chart Detail,1021100028,34,201881,Angel McCoughtry,1611661330,Atlanta Dream,1,6,38,Missed Shot,Putback Layup Shot,2PT Field Goal,Restricted Area,Center(C),Less Than 8 ft.,1,-7,15,1,0,20110619,ATL,MIN,2011,102110002834,2020,validated,,0,matched,playbyplayv2,1611661324,100796|100812|101021|201046|201881,complete,playbyplay_inferred,100412|100915|100944|200671|202632,complete,playbyplay_inferred
Shot Chart Detail,1021100028,45,201881,Angel McCoughtry,1611661330,Atlanta Dream,1,5,40,Made Shot,Driving Layup Shot,2PT Field Goal,Restricted Area,Center(C),Less Than 8 ft.,2,-21,12,1,1,20110619,ATL,MIN,2011,102110002845,2600,validated,,0,matched,playbyplayv2,1611661324,100796|100812|101021|201046|201881,complete,playbyplay_inferred,100412|100915|100944|200671|202632,complete,playbyplay_inferred
Shot Chart Detail,1021100028,99,201881,Angel McCoughtry,1611661330,Atlanta Dream,1,2,49,Made Shot,Jump Shot,2PT Field Goal,Mid-Range,Center(C),8-16 ft.,15,0,159,1,1,20110619,ATL,MIN,2011,102110002899,4310,validated,,0,matched,playbyplayv2,1611661324,100796|100812|101021|201881|201898,complete,playbyplay_inferred,201487|201499|201501|201882|202257,complete,playbyplay_inferred
Shot Chart Detail,1021100028,108,201881,Angel McCoughtry,1611661330,Atlanta Dream,1,1,55,Missed Shot,Jump Shot,3PT Field Goal,Above the Break 3,Right Side Center(RC),16-24 ft.,21,171,135,1,0,20110619,ATL,MIN,2011,1021100028108,4850,validated,,0,matched,playbyplayv2,1611661324,100796|100812|101021|201881|201898,complete,playbyplay_inferred,201487|201499|201501|201882|202257,complete,playbyplay_inferred
Shot Chart Detail,1021100028,148,201881,Angel McCoughtry,1611661330,Atlanta Dream,2,8,56,Missed Shot,Jump Shot,2PT Field Goal,Mid-Range,Left Side Center(LC),16-24 ft.,18,-86,159,1,0,20110619,ATL,MIN,2011,1021100028148,6640,validated,,0,matched,playbyplayv2,1611661324,100796|100812|201046|201054|201881,complete,playbyplay_inferred,100412|100915|100944|200671|202632,complete,playbyplay_inferred
Shot Chart Detail,1021100028,163,201881,Angel McCoughtry,1611661330,Atlanta Dream,2,8,7,Missed Shot,Jump Shot,3PT Field Goal,Above the Break 3,Center(C),16-24 ft.,22,-21,222,1,0,20110619,ATL,MIN,2011,1021100028163,7130,validated,,0,matched,playbyplayv2,1611661324,100690|100812|201046|201054|201881,complete,playbyplay_inferred,100412|100915|200671|201501|202632,complete,playbyplay_inferred
Shot Chart Detail,1021100028,184,201881,Angel McCoughtry,1611661330,Atlanta Dream,2,6,17,Missed Shot,Driving Layup Shot,2PT Field Goal,Restricted Area,Center(C),Less Than 8 ft.,2,6,20,1,0,20110619,ATL,MIN,2011,1021100028184,8230,validated,,0,matched,playbyplayv2,1611661324,100690|100812|201046|201054|201881,complete,playbyplay_inferred,100412|100915|201501|202257|202632,complete,playbyplay_inferred
Shot Chart Detail,1021100028,256,201881,Angel McCoughtry,1611661330,Atlanta Dream,2,1,44,Missed Shot,Jump Shot,2PT Field Goal,Mid-Range,Center(C),8-16 ft.,15,65,143,1,0,20110619,ATL,MIN,2011,1021100028256,10960,validated,,0,matched,playbyplayv2,1611661324,100690|100796|101021|201046|201881,complete,playbyplay_inferred,100412|100915|100944|200671|202632,complete,playbyplay_inferred
Shot Chart Detail,1021100028,278,201881,Angel McCoughtry,1611661330,Atlanta Dream,2,0,7,Missed Shot,Driving Jump shot,2PT Field Goal,Restricted Area,Center(C),Less Than 8 ft.,3,-15,34,1,0,20110619,ATL,MIN,2011,1021100028278,11930,validated,,0,matched,playbyplayv2,1611661324,100796|101021|201048|201881|201898,complete,playbyplay_inferred,100412|201487|201499|201882|202632,complete,playbyplay_inferred
Shot Chart Detail,1021100028,311,201881,Angel McCoughtry,1611661330,Atlanta Dream,3,6,15,Missed Shot,Jump Shot,3PT Field Goal,Above the Break 3,Left Side Center(LC),16-24 ft.,22,-93,200,1,0,20110619,ATL,MIN,2011,1021100028311,14250,validated,,0,matched,playbyplayv2,1611661324,100690|100812|201046|201048|201881,complete,playbyplay_inferred,100412|100915|100944|200671|202632,complete,playbyplay_inferred
Shot Chart Detail,1021100031,19,201881,Angel McCoughtry,1611661330,Atlanta Dream,1,7,47,Made Shot,Jump Shot,2PT Field Goal,In The Paint (Non-RA),Center(C),8-16 ft.,11,-5,116,1,1,20110621,ATL,CHI,2011,102110003119,1330,validated,,0,matched,playbyplayv2,1611661329,100796|100812|201046|201054|201881,complete,playbyplay_inferred,100729|101049|201480|202259|202664,complete,playbyplay_inferred
Shot Chart Detail,1021100031,40,201881,Angel McCoughtry,1611661330,Atlanta Dream,1,5,57,Made Shot,Running Layup Shot,2PT Field Goal,Restricted Area,Center(C),Less Than 8 ft.,1,-11,4,1,1,20110621,ATL,CHI,2011,102110003140,2430,validated,,0,matched,playbyplayv2,1611661329,100796|100812|201046|201054|201881,complete,playbyplay_inferred,100729|101049|201480|202259|202664,complete,playbyplay_inferred
Shot Chart Detail,1021100031,98,201881,Angel McCoughtry,1611661330,Atlanta Dream,1,1,45,Made Shot,Driving Jump shot,2PT Field Goal,In The Paint (Non-RA),Center(C),Less Than 8 ft.,4,-43,20,1,1,20110621,ATL,CHI,2011,102110003198,4950,validated,101021,1,matched,playbyplayv2,1611661329,100796|101021|201046|201881|201907,complete,playbyplay_inferred,100384|201477|201480|201918|202259,complete,playbyplay_inferred
Shot Chart Detail,1021100031,237,201881,Angel McCoughtry,1611661330,Atlanta Dream,2,3,43,Missed Shot,Jump Shot,2PT Field Goal,Mid-Range,Right Side(R),8-16 ft.,12,95,77,1,0,20110621,ATL,CHI,2011,1021100031237,9770,validated,,0,matched,playbyplayv2,1611661329,100796|101021|201046|201054|201881,complete,playbyplay_inferred,100384|100729|101049|201477|202670,complete,playbyplay_inferred
Shot Chart Detail,1021100031,244,201881,Angel McCoughtry,1611661330,Atlanta Dream,2,3,12,Made Shot,Jump Shot,2PT Field Goal,Mid-Range,Left Side Center(LC),16-24 ft.,17,-59,167,1,1,20110621,ATL,CHI,2011,1021100031244,10080,validated,201046,1,matched,playbyplayv2,1611661329,100796|201046|201048|201054|201881,complete,playbyplay_inferred,201477|201918|202259|202664|202670,complete,playbyplay_inferred
Shot Chart Detail,1021100031,275,201881,Angel McCoughtry,1611661330,Atlanta Dream,2,1,22,Missed Shot,Putback Layup Shot,2PT Field Goal,Restricted Area,Center(C),Less Than 8 ft.,0,-2,6,1,0,20110621,ATL,CHI,2011,1021100031275,11180,validated,,0,matched,playbyplayv2,1611661329,100796|201046|201048|201054|201881,complete,playbyplay_inferred,100384|101049|202259|202664|202670,complete,playbyplay_inferred
Shot Chart Detail,1021100031,287,201881,Angel McCoughtry,1611661330,Atlanta Dream,2,0,5,Made Shot,Jump Shot,3PT Field Goal,Above the Break 3,Right Side(R),16-24 ft.,22,218,34,1,1,20110621,ATL,CHI,2011,1021100031287,11950,validated,201046,1,matched,playbyplayv2,1611661329,100796|201046|201048|201054|201881,complete,playbyplay_inferred,100384|101049|202259|202664|202670,complete,playbyplay_inferred
Shot Chart Detail,1021100031,294,201881,Angel McCoughtry,1611661330,Atlanta Dream,3,9,38,Missed Shot,Jump Shot,2PT Field Goal,Mid-Range,Left Side Center(LC),16-24 ft.,17,-139,112,1,0,20110621,ATL,CHI,2011,1021100031294,12220,validated,,0,matched,playbyplayv2,1611661329,100796|100812|201046|201054|201881,complete,playbyplay_inferred,100729|101049|201480|202259|202664,complete,playbyplay_inferred
Shot Chart Detail,1021100031,317,201881,Angel McCoughtry,1611661330,Atlanta Dream,3,6,49,Missed Shot,Running Layup Shot,2PT Field Goal,Restricted Area,Center(C),Less Than 8 ft.,2,-19,7,1,0,20110621,ATL,CHI,2011,1021100031317,13910,validated,,0,matched,playbyplayv2,1611661329,100796|100812|201046|201054|201881,complete,playbyplay_inferred,100729|101049|201480|202259|202664,complete,playbyplay_inferred
Shot Chart Detail,1021100031,333,201881,Angel McCoughtry,1611661330,Atlanta Dream,3,5,49,Missed Shot,Jump Shot,3PT Field Goal,Above the Break 3,Left Side Center(LC),16-24 ft.,21,-153,156,1,0,20110621,ATL,CHI,2011,1021100031333,14510,validated,,0,matched,playbyplayv2,1611661329,100796|100812|201046|201054|201881,complete,playbyplay_inferred,100729|201477|201918|202259|202664,complete,playbyplay_inferred
Shot Chart Detail,1021100031,361,201881,Angel McCoughtry,1611661330,Atlanta Dream,3,3,11,Missed Shot,Jump Shot,2PT Field Goal,Mid-Range,Center(C),16-24 ft.,17,17,170,1,0,20110621,ATL,CHI,2011,1021100031361,16090,validated,,0,matched,playbyplayv2,1611661329,100812|201048|201054|201881|201898,complete,playbyplay_inferred,100729|100835|201477|202259|202670,complete,playbyplay_inferred
Shot Chart Detail,1021100031,431,201881,Angel McCoughtry,1611661330,Atlanta Dream,4,8,11,Missed Shot,Jump Shot,2PT Field Goal,Mid-Range,Left Side(L),8-16 ft.,11,-111,11,1,0,20110621,ATL,CHI,2011,1021100031431,19090,validated,,0,matched,playbyplayv2,1611661329,100796|100812|201046|201881|201907,complete,playbyplay_inferred,100835|201477|201480|202664|202670,complete,playbyplay_inferred
Shot Chart Detail,1021100031,444,201881,Angel McCoughtry,1611661330,Atlanta Dream,4,7,40,Missed Shot,Jump Shot,2PT Field Goal,Mid-Range,Left Side(L),8-16 ft.,15,-120,96,1,0,20110621,ATL,CHI,2011,1021100031444,19400,validated,,0,matched,playbyplayv2,1611661329,100796|100812|201046|201881|201907,complete,playbyplay_inferred,100835|201477|201480|202664|202670,complete,playbyplay_inferred
Shot Chart Detail,1021100031,464,201881,Angel McCoughtry,1611661330,Atlanta Dream,4,7,10,Made Shot,Running Layup Shot,2PT Field Goal,Restricted Area,Center(C),Less Than 8 ft.,1,12,3,1,1,20110621,ATL,CHI,2011,1021100031464,19700,validated,,0,matched,playbyplayv2,1611661329,100796|201046|201048|201054|201881,complete,playbyplay_inferred,101049|201477|201480|202259|202664,complete,playbyplay_inferred
Shot Chart Detail,1021100031,485,201881,Angel McCoughtry,1611661330,Atlanta Dream,4,5,47,Missed Shot,Jump Shot,2PT Field Goal,Mid-Range,Center(C),8-16 ft.,14,10,148,1,0,20110621,ATL,CHI,2011,1021100031485,20530,validated,,0,matched,playbyplayv2,1611661329,201046|201048|201054|201881|201898,complete,playbyplay_inferred,100729|100835|201477|201480|202664,complete,playbyplay_inferred
Shot Chart Detail,1021100031,491,201881,Angel McCoughtry,1611661330,Atlanta Dream,4,4,34,Missed Shot,Driving Jump shot,2PT Field Goal,In The Paint (Non-RA),Center(C),Less Than 8 ft.,4,-29,30,1,0,20110621,ATL,CHI,2011,1021100031491,21260,validated,,0,matched,playbyplayv2,1611661329,201046|201048|201054|201881|201898,complete,playbyplay_inferred,100729|100835|201477|201480|202664,complete,playbyplay_inferred
Shot Chart Detail,1021100031,515,201881,Angel McCoughtry,1611661330,Atlanta Dream,4,1,42,Missed Shot,Jump Shot,2PT Field Goal,In The Paint (Non-RA),Center(C),8-16 ft.,11,10,119,1,0,20110621,ATL,CHI,2011,1021100031515,22980,validated,,0,matched,playbyplayv2,1611661329,100796|100812|201046|201048|201881,complete,playbyplay_inferred,100729|201477|201480|202259|202664,complete,playbyplay_inferred
Shot Chart Detail,1021100038,23,201881,Angel McCoughtry,1611661330,Atlanta Dream,1,7,20,Missed Shot,Jump Shot,2PT Field Goal,Mid-Range,Center(C),8-16 ft.,15,18,154,1,0,20110624,ATL,PHO,2011,102110003823,1600,validated,,0,matched,playbyplayv2,1611661317,100796|100812|201046|201054|201881,complete,playbyplay_inferred,100634|100940|101025|200676|201484,complete,playbyplay_inferred
Shot Chart Detail,1021100038,40,201881,Angel McCoughtry,1611661330,Atlanta Dream,1,5,8,Made Shot,Jump Shot,3PT Field Goal,Above the Break 3,Right Side(R),16-24 ft.,21,207,48,1,1,20110624,ATL,PHO,2011,102110003840,2920,validated,100796,1,matched,playbyplayv2,1611661317,100796|100812|201046|201054|201881,complete,playbyplay_inferred,100634|100940|101025|200676|201484,complete,playbyplay_inferred
Shot Chart Detail,1021100038,57,201881,Angel McCoughtry,1611661330,Atlanta Dream,1,4,7,Missed Shot,Jump Shot,2PT Field Goal,Mid-Range,Right Side(R),16-24 ft.,16,160,20,1,0,20110624,ATL,PHO,2011,102110003857,3530,validated,,0,matched,playbyplayv2,1611661317,100796|100812|201046|201048|201881,complete,playbyplay_inferred,100685|100940|200676|201886|202280,complete,playbyplay_inferred
Shot Chart Detail,1021100038,59,201881,Angel McCoughtry,1611661330,Atlanta Dream,1,3,53,Made Shot,Jump Shot,3PT Field Goal,Above the Break 3,Left Side Center(LC),16-24 ft.,22,-89,211,1,1,20110624,ATL,PHO,2011,102110003859,3670,validated,201046,1,matched,playbyplayv2,1611661317,100796|100812|201046|201048|201881,complete,playbyplay_inferred,100685|100940|200676|201886|202280,complete,playbyplay_inferred
Shot Chart Detail,1021100038,167,201881,Angel McCoughtry,1611661330,Atlanta Dream,2,6,57,Missed Shot,Fadeaway Jump Shot,2PT Field Goal,Mid-Range,Right Side(R),8-16 ft.,11,114,28,1,0,20110624,ATL,PHO,2011,1021100038167,7830,validated,,0,matched,playbyplayv2,1611661317,100796|100812|201046|201881|201898,complete,playbyplay_inferred,100634|100940|101025|200676|201484,complete,playbyplay_inferred
Shot Chart Detail,1021100038,201,201881,Angel McCoughtry,1611661330,Atlanta Dream,2,4,14,Missed Shot,Driving Jump shot,2PT Field Goal,Restricted Area,Center(C),Less Than 8 ft.,3,-27,25,1,0,20110624,ATL,PHO,2011,1021100038201,9460,validated,,0,matched,playbyplayv2,1611661317,100796|100812|201046|201881|201898,complete,playbyplay_inferred,100634|100940|200676|201484|201886,complete,playbyplay_inferred
Shot Chart Detail,1021100038,209,201881,Angel McCoughtry,1611661330,Atlanta Dream,2,3,34,Missed Shot,Jump Shot,3PT Field Goal,Left Corner 3,Left Side(L),16-24 ft.,21,-217,20,1,0,20110624,ATL,PHO,2011,1021100038209,9860,validated,,0,matched,playbyplayv2,1611661317,100796|201046|201054|201881|201898,complete,playbyplay_inferred,100634|100940|200676|201886|202280,complete,playbyplay_inferred
Shot Chart Detail,1021100038,214,201881,Angel McCoughtry,1611661330,Atlanta Dream,2,3,2,Made Shot,Putback Layup Shot,2PT Field Goal,Restricted Area,Center(C),Less Than 8 ft.,1,-10,3,1,1,20110624,ATL,PHO,2011,1021100038214,10180,validated,,0,matched,playbyplayv2,1611661317,100796|201046|201054|201881|201898,complete,playbyplay_inferred,100634|100940|200676|201886|202280,complete,playbyplay_inferred
Shot Chart Detail,1021100038,233,201881,Angel McCoughtry,1611661330,Atlanta Dream,2,0,40,Made Shot,Driving Layup Shot,2PT Field Goal,Restricted Area,Center(C),Less Than 8 ft.,1,-13,6,1,1,20110624,ATL,PHO,2011,1021100038233,11600,validated,201046,1,matched,playbyplayv2,1611661317,100796|201046|201054|201881|201898,complete,playbyplay_inferred,100634|100940|200676|201886|202280,complete,playbyplay_inferred
Shot Chart Detail,1021100038,237,201881,Angel McCoughtry,1611661330,Atlanta Dream,2,0,0,Missed Shot,Jump Shot,2PT Field Goal,Mid-Range,Right Side(R),16-24 ft.,16,147,80,1,0,20110624,ATL,PHO,2011,1021100038237,12000,validated,,0,matched,playbyplayv2,1611661317,100796|201046|201054|201881|201898,complete,playbyplay_inferred,100634|100940|200676|201886|202280,complete,playbyplay_inferred
Shot Chart Detail,1021100038,289,201881,Angel McCoughtry,1611661330,Atlanta Dream,3,7,16,Missed Shot,Jump Shot,2PT Field Goal,Mid-Range,Right Side Center(RC),16-24 ft.,19,155,113,1,0,20110624,ATL,PHO,2011,1021100038289,13640,validated,,0,matched,playbyplayv2,1611661317,100796|201046|201048|201881|201907,complete,playbyplay_inferred,100634|100685|101025|200676|201484,complete,playbyplay_inferred
Shot Chart Detail,1021100038,303,201881,Angel McCoughtry,1611661330,Atlanta Dream,3,5,52,Missed Shot,Jump Shot,2PT Field Goal,Restricted Area,Center(C),Less Than 8 ft.,3,-24,23,1,0,20110624,ATL,PHO,2011,1021100038303,14480,validated,,0,matched,playbyplayv2,1611661317,100796|201046|201048|201881|201907,complete,playbyplay_inferred,100634|100685|101025|200676|201484,complete,playbyplay_inferred
Shot Chart Detail,1021100038,370,201881,Angel McCoughtry,1611661330,Atlanta Dream,3,2,4,Missed Shot,Running Layup Shot,2PT Field Goal,Restricted Area,Center(C),Less Than 8 ft.,1,-16,4,1,0,20110624,ATL,PHO,2011,1021100038370,16760,validated,,0,matched,playbyplayv2,1611661317,100812|201046|201048|201881|201898,complete,playbyplay_inferred,100634|100685|101025|200676|202280,complete,playbyplay_inferred
Shot Chart Detail,1021100038,383,201881,Angel McCoughtry,1611661330,Atlanta Dream,3,1,20,Missed Shot,Jump Shot,3PT Field Goal,Above the Break 3,Center(C),16-24 ft.,22,-29,219,1,0,20110624,ATL,PHO,2011,1021100038383,17200,validated,,0,matched,playbyplayv2,1611661317,100812|201046|201048|201881|201898,complete,playbyplay_inferred,100634|100685|101025|200676|201484,complete,playbyplay_inferred
Shot Chart Detail,1021100038,464,201881,Angel McCoughtry,1611661330,Atlanta Dream,4,5,31,Made Shot,Driving Jump shot,2PT Field Goal,Restricted Area,Center(C),Less Than 8 ft.,3,9,31,1,1,20110624,ATL,PHO,2011,1021100038464,20690,validated,201054,1,matched,playbyplayv2,1611661317,100920|201046|201054|201881|201907,complete,playbyplay_inferred,100685|100940|200676|201484|201886,complete,playbyplay_inferred
Shot Chart Detail,1021100038,466,201881,Angel McCoughtry,1611661330,Atlanta Dream,4,5,6,Made Shot,Running Layup Shot,2PT Field Goal,Restricted Area,Center(C),Less Than 8 ft.,1,-11,4,1,1,20110624,ATL,PHO,2011,1021100038466,20940,validated,,0,matched,playbyplayv2,1611661317,100920|201046|201054|201881|201907,complete,playbyplay_inferred,100685|100940|200676|201484|201886,complete,playbyplay_inferred
Shot Chart Detail,1021100038,469,201881,Angel McCoughtry,1611661330,Atlanta Dream,4,4,41,Missed Shot,Jump Shot,3PT Field Goal,Above the Break 3,Center(C),16-24 ft.,22,-8,222,1,0,20110624,ATL,PHO,2011,1021100038469,21190,validated,,0,matched,playbyplayv2,1611661317,100920|201046|201054|201881|201907,complete,playbyplay_inferred,100685|100940|200676|201484|201886,complete,playbyplay_inferred
Shot Chart Detail,1021100038,476,201881,Angel McCoughtry,1611661330,Atlanta Dream,4,3,57,Missed Shot,Running Layup Shot,2PT Field Goal,Restricted Area,Center(C),Less Than 8 ft.,1,-10,7,1,0,20110624,ATL,PHO,2011,1021100038476,21630,validated,,0,matched,playbyplayv2,1611661317,100920|201046|201054|201881|201907,complete,playbyplay_inferred,100685|100940|200676|201484|201886,complete,playbyplay_inferred
Shot Chart Detail,1021100038,512,201881,Angel McCoughtry,1611661330,Atlanta Dream,4,1,41,Missed Shot,Jump Shot,2PT Field Goal,Mid-Range,Right Side Center(RC),16-24 ft.,17,80,154,1,0,20110624,ATL,PHO,2011,1021100038512,22990,validated,,0,matched,playbyplayv2,1611661317,100920|101021|201046|201881|201907,complete,playbyplay_inferred,100556|100685|201484|201489|202280,complete,playbyplay_inferred
Shot Chart Detail,1021100038,524,201881,Angel McCoughtry,1611661330,Atlanta Dream,4,0,54,Made Shot,Running Layup Shot,2PT Field Goal,Restricted Area,Center(C),Less Than 8 ft.,0,-8,1,1,1,20110624,ATL,PHO,2011,1021100038524,23460,validated,,0,matched,playbyplayv2,1611661317,100920|101021|201046|201881|201907,complete,playbyplay_inferred,100556|100685|201484|201489|202280,complete,playbyplay_inferred
Shot Chart Detail,1021100038,527,201881,Angel McCoughtry,1611661330,Atlanta Dream,4,0,30,Missed Shot,Jump Shot,2PT Field Goal,Mid-Range,Center(C),16-24 ft.,18,-52,178,1,0,20110624,ATL,PHO,2011,1021100038527,23700,validated,,0,matched,playbyplayv2,1611661317,100920|101021|201046|201881|201907,complete,playbyplay_inferred,100556|100685|201484|201489|202280,complete,playbyplay_inferred
Shot Chart Detail,1021100043,16,201881,Angel McCoughtry,1611661330,Atlanta Dream,1,8,55,Missed Shot,Jump Shot,2PT Field Goal,Mid-Range,Left Side Center(LC),16-24 ft.,16,-98,137,1,0,20110626,ATL,SAN,2011,102110004316,650,validated,,0,matched,playbyplayv2,1611661319,100796|100812|201046|201054|201881,complete,playbyplay_inferred,100284|100342|100656|200674|200684,complete,playbyplay_inferred
Shot Chart Detail,1021100043,68,201881,Angel McCoughtry,1611661330,Atlanta Dream,1,4,54,Made Shot,Driving Layup Shot,2PT Field Goal,Restricted Area,Center(C),Less Than 8 ft.,2,10,20,1,1,20110626,ATL,SAN,2011,102110004368,3060,validated,,0,matched,playbyplayv2,1611661319,100796|100812|201054|201881|201898,complete,playbyplay_inferred,100342|100952|200674|202634|202658,complete,playbyplay_inferred
Shot Chart Detail,1021100043,89,201881,Angel McCoughtry,1611661330,Atlanta Dream,1,3,19,Missed Shot,Layup Shot,2PT Field Goal,Restricted Area,Center(C),Less Than 8 ft.,2,23,4,1,0,20110626,ATL,SAN,2011,102110004389,4010,validated,,0,matched,playbyplayv2,1611661319,100812|201048|201054|201881|201898,complete,playbyplay_inferred,100342|100952|200674|202634|202658,complete,playbyplay_inferred
Shot Chart Detail,1021100043,240,201881,Angel McCoughtry,1611661330,Atlanta Dream,2,1,51,Made Shot,Jump Shot,2PT Field Goal,In The Paint (Non-RA),Center(C),Less Than 8 ft.,7,6,75,1,1,20110626,ATL,SAN,2011,1021100043240,10890,validated,201046,1,matched,playbyplayv2,1611661319,100796|100812|201046|201054|201881,complete,playbyplay_inferred,100284|100342|100656|200674|200684,complete,playbyplay_inferred
Shot Chart Detail,1021100043,279,201881,Angel McCoughtry,1611661330,Atlanta Dream,3,7,18,Missed Shot,Jump Shot,2PT Field Goal,Mid-Range,Center(C),16-24 ft.,16,-37,165,1,0,20110626,ATL,SAN,2011,1021100043279,13620,validated,,0,matched,playbyplayv2,1611661319,100796|100812|201046|201054|201881,complete,playbyplay_inferred,100342|100656|100952|200674|202634,complete,playbyplay_inferred
Shot Chart Detail,1021100043,288,201881,Angel McCoughtry,1611661330,Atlanta Dream,3,6,38,Made Shot,Running Layup Shot,2PT Field Goal,Restricted Area,Center(C),Less Than 8 ft.,1,15,6,1,1,20110626,ATL,SAN,2011,1021100043288,14020,validated,201054,1,matched,playbyplayv2,1611661319,100796|100812|201054|201881|201898,complete,playbyplay_inferred,100342|100656|100952|200674|202634,complete,playbyplay_inferred
Shot Chart Detail,1021100043,290,201881,Angel McCoughtry,1611661330,Atlanta Dream,3,6,12,Made Shot,Jump Shot,2PT Field Goal,Mid-Range,Right Side(R),16-24 ft.,17,155,75,1,1,20110626,ATL,SAN,2011,1021100043290,14280,validated,201898,1,matched,playbyplayv2,1611661319,100796|100812|201054|201881|201898,complete,playbyplay_inferred,100342|100656|100952|200674|202634,complete,playbyplay_inferred
Shot Chart Detail,1021100043,508,201881,Angel McCoughtry,1611661330,Atlanta Dream,4,2,5,Missed Shot,Driving Layup Shot,2PT Field Goal,Restricted Area,Center(C),Less Than 8 ft.,1,12,14,1,0,20110626,ATL,SAN,2011,1021100043508,22750,validated,,0,matched,playbyplayv2,1611661319,100690|201046|201048|201881|201907,complete,playbyplay_inferred,100342|100952|200674|202634|202658,complete,playbyplay_inferred
Shot Chart Detail,1021100043,525,201881,Angel McCoughtry,1611661330,Atlanta Dream,4,1,19,Missed Shot,Driving Jump shot,2PT Field Goal,Restricted Area,Center(C),Less Than 8 ft.,3,20,34,1,0,20110626,ATL,SAN,2011,1021100043525,23210,validated,,0,matched,playbyplayv2,1611661319,100690|201046|201048|201881|201907,complete,playbyplay_inferred,100342|100952|200674|202634|202658,complete,playbyplay_inferred
Shot Chart Detail,1021100043,576,201881,Angel McCoughtry,1611661330,Atlanta Dream,4,0,5,Made Shot,Jump Shot,3PT Field Goal,Above the Break 3,Center(C),16-24 ft.,22,17,225,1,1,20110626,ATL,SAN,2011,1021100043576,23950,validated,201048,1,matched,playbyplayv2,1611661319,100690|100796|201046|201048|201881,complete,playbyplay_inferred,100284|100342|100952|200674|202658,complete,playbyplay_inferred
Shot Chart Detail,1021100050,8,201881,Angel McCoughtry,1611661330,Atlanta Dream,1,9,4,Missed Shot,Jump Shot,2PT Field Goal,Mid-Range,Right Side Center(RC),16-24 ft.,17,88,156,1,0,20110630,ATL,NYL,2011,10211000508,560,validated,,0,matched,playbyplayv2,1611661313,100796|100812|201046|201054|201881,complete,playbyplay_inferred,100888|100919|200665|201507|201913,complete,playbyplay_inferred
Shot Chart Detail,1021100050,18,201881,Angel McCoughtry,1611661330,Atlanta Dream,1,8,10,Missed Shot,Layup Shot,2PT Field Goal,Restricted Area,Center(C),Less Than 8 ft.,1,-6,17,1,0,20110630,ATL,NYL,2011,102110005018,1100,validated,,0,matched,playbyplayv2,1611661313,100796|100812|201046|201054|201881,complete,playbyplay_inferred,100888|100919|200665|201507|201913,complete,playbyplay_inferred
Shot Chart Detail,1021100050,26,201881,Angel McCoughtry,1611661330,Atlanta Dream,1,7,48,Made Shot,Driving Layup Shot,2PT Field Goal,In The Paint (Non-RA),Center(C),Less Than 8 ft.,4,32,29,1,1,20110630,ATL,NYL,2011,102110005026,1320,validated,201046,1,matched,playbyplayv2,1611661313,100796|100812|201046|201054|201881,complete,playbyplay_inferred,100888|100919|200665|201507|201913,complete,playbyplay_inferred
Shot Chart Detail,1021100050,220,201881,Angel McCoughtry,1611661330,Atlanta Dream,2,3,31,Missed Shot,Jump Shot,2PT Field Goal,Mid-Range,Center(C),8-16 ft.,15,-19,153,1,0,20110630,ATL,NYL,2011,1021100050220,9890,validated,,0,matched,playbyplayv2,1611661313,100812|201046|201048|201881|201907,complete,playbyplay_inferred,100888|100919|200665|201507|201913,complete,playbyplay_inferred
Shot Chart Detail,1021100050,228,201881,Angel McCoughtry,1611661330,Atlanta Dream,2,2,55,Made Shot,Running Layup Shot,2PT Field Goal,Restricted Area,Center(C),Less Than 8 ft.,2,26,0,1,1,20110630,ATL,NYL,2011,1021100050228,10250,validated,201046,1,matched,playbyplayv2,1611661313,201046|201048|201054|201881|201907,complete,playbyplay_inferred,100888|200665|201502|201507|201913,complete,playbyplay_inferred
Shot Chart Detail,1021100062,20,201881,Angel McCoughtry,1611661330,Atlanta Dream,1,7,33,Made Shot,Layup Shot,2PT Field Goal,Restricted Area,Center(C),Less Than 8 ft.,2,23,12,1,1,20110709,CHI,ATL,2011,102110006220,1470,validated,100796,1,matched,playbyplayv2,1611661329,100796|100812|201046|201054|201881,complete,playbyplay_inferred,100729|101049|201480|202259|202664,complete,playbyplay_inferred
Shot Chart Detail,1021100062,62,201881,Angel McCoughtry,1611661330,Atlanta Dream,1,4,25,Missed Shot,Layup Shot,2PT Field Goal,Restricted Area,Center(C),Less Than 8 ft.,1,-15,11,1,0,20110709,CHI,ATL,2011,102110006262,3350,validated,,0,matched,playbyplayv2,1611661329,100796|100812|201046|201054|201881,complete,playbyplay_inferred,100835|201480|201918|202259|202637,complete,playbyplay_inferred
Shot Chart Detail,1021100062,73,201881,Angel McCoughtry,1611661330,Atlanta Dream,1,3,41,Missed Shot,Layup Shot,2PT Field Goal,Restricted Area,Center(C),Less Than 8 ft.,1,-10,14,1,0,20110709,CHI,ATL,2011,102110006273,3790,validated,,0,matched,playbyplayv2,1611661329,100796|100812|201046|201054|201881,complete,playbyplay_inferred,100835|201480|201918|202259|202637,complete,playbyplay_inferred
Shot Chart Detail,1021100062,85,201881,Angel McCoughtry,1611661330,Atlanta Dream,1,2,50,Made Shot,Layup Shot,2PT Field Goal,Restricted Area,Center(C),Less Than 8 ft.,1,15,12,1,1,20110709,CHI,ATL,2011,102110006285,4300,validated,100812,1,matched,playbyplayv2,1611661329,100796|100812|201046|201054|201881,complete,playbyplay_inferred,201477|201480|201918|202259|202664,complete,playbyplay_inferred
Shot Chart Detail,1021100062,209,201881,Angel McCoughtry,1611661330,Atlanta Dream,2,2,52,Missed Shot,Jump Shot,2PT Field Goal,Mid-Range,Right Side(R),16-24 ft.,17,177,-3,1,0,20110709,CHI,ATL,2011,1021100062209,10280,validated,,0,matched,playbyplayv2,1611661329,100796|100812|101021|201046|201881,complete,playbyplay_inferred,100729|202259|202637|202664|202670,complete,playbyplay_inferred
Shot Chart Detail,1021100062,221,201881,Angel McCoughtry,1611661330,Atlanta Dream,2,2,10,Missed Shot,Jump Shot,2PT Field Goal,Mid-Range,Center(C),16-24 ft.,16,2,168,1,0,20110709,CHI,ATL,2011,1021100062221,10700,validated,,0,matched,playbyplayv2,1611661329,100796|100812|101021|201046|201881,complete,playbyplay_inferred,100729|202259|202637|202664|202670,complete,playbyplay_inferred
Shot Chart Detail,1021100062,235,201881,Angel McCoughtry,1611661330,Atlanta Dream,2,0,24,Missed Shot,Layup Shot,2PT Field Goal,Restricted Area,Center(C),Less Than 8 ft.,2,-15,23,1,0,20110709,CHI,ATL,2011,1021100062235,11760,validated,,0,matched,playbyplayv2,1611661329,100796|100812|101021|201046|201881,complete,playbyplay_inferred,101049|201480|202259|202637|202664,complete,playbyplay_inferred
Shot Chart Detail,1021100062,254,201881,Angel McCoughtry,1611661330,Atlanta Dream,3,8,33,Made Shot,Driving Layup Shot,2PT Field Goal,Restricted Area,Center(C),Less Than 8 ft.,2,-23,4,1,1,20110709,CHI,ATL,2011,1021100062254,12870,validated,,0,matched,playbyplayv2,1611661329,100796|100812|201046|201054|201881,complete,playbyplay_inferred,100729|101049|201480|202259|202664,complete,playbyplay_inferred
Shot Chart Detail,1021100062,256,201881,Angel McCoughtry,1611661330,Atlanta Dream,3,8,12,Missed Shot,Jump Shot,2PT Field Goal,Mid-Range,Center(C),16-24 ft.,18,-41,184,1,0,20110709,CHI,ATL,2011,1021100062256,13080,validated,,0,matched,playbyplayv2,1611661329,100796|100812|201046|201054|201881,complete,playbyplay_inferred,100729|101049|201480|202259|202664,complete,playbyplay_inferred
Shot Chart Detail,1021100062,259,201881,Angel McCoughtry,1611661330,Atlanta Dream,3,7,47,Missed Shot,Layup Shot,2PT Field Goal,Restricted Area,Center(C),Less Than 8 ft.,2,-5,23,1,0,20110709,CHI,ATL,2011,1021100062259,13330,validated,,0,matched,playbyplayv2,1611661329,100796|100812|201046|201054|201881,complete,playbyplay_inferred,100729|101049|201480|202259|202664,complete,playbyplay_inferred
Shot Chart Detail,1021100062,267,201881,Angel McCoughtry,1611661330,Atlanta Dream,3,7,14,Missed Shot,Jump Shot,2PT Field Goal,Restricted Area,Center(C),Less Than 8 ft.,3,1,36,1,0,20110709,CHI,ATL,2011,1021100062267,13660,validated,,0,matched,playbyplayv2,1611661329,100796|100812|201046|201054|201881,complete,playbyplay_inferred,100729|101049|201480|202259|202664,complete,playbyplay_inferred
Shot Chart Detail,1021100062,297,201881,Angel McCoughtry,1611661330,Atlanta Dream,3,4,14,Made Shot,Layup Shot,2PT Field Goal,Restricted Area,Center(C),Less Than 8 ft.,2,1,26,1,1,20110709,CHI,ATL,2011,1021100062297,15460,validated,,0,matched,playbyplayv2,1611661329,100796|100812|201046|201881|201907,complete,playbyplay_inferred,201477|201480|201918|202259|202664,complete,playbyplay_inferred
Shot Chart Detail,1021100062,310,201881,Angel McCoughtry,1611661330,Atlanta Dream,3,2,52,Missed Shot,Jump Shot,2PT Field Goal,Mid-Range,Center(C),16-24 ft.,18,-48,181,1,0,20110709,CHI,ATL,2011,1021100062310,16280,validated,,0,matched,playbyplayv2,1611661329,100796|100812|201046|201881|201907,complete,playbyplay_inferred,100835|201477|201480|201918|202259,complete,playbyplay_inferred
Shot Chart Detail,1021100062,398,201881,Angel McCoughtry,1611661330,Atlanta Dream,4,6,22,Made Shot,Layup Shot,2PT Field Goal,Restricted Area,Center(C),Less Than 8 ft.,2,-7,22,1,1,20110709,CHI,ATL,2011,1021100062398,20180,validated,100812,1,matched,playbyplayv2,1611661329,100796|100812|201046|201054|201881,complete,playbyplay_inferred,100729|100835|201477|201480|202259,complete,playbyplay_inferred
Shot Chart Detail,1021100062,411,201881,Angel McCoughtry,1611661330,Atlanta Dream,4,5,6,Made Shot,Driving Layup Shot,2PT Field Goal,Restricted Area,Center(C),Less Than 8 ft.,2,18,9,1,1,20110709,CHI,ATL,2011,1021100062411,20940,validated,,0,matched,playbyplayv2,1611661329,100796|100812|201046|201054|201881,complete,playbyplay_inferred,100729|201477|201480|202259|202664,complete,playbyplay_inferred
Shot Chart Detail,1021100062,416,201881,Angel McCoughtry,1611661330,Atlanta Dream,4,4,12,Missed Shot,Jump Shot,2PT Field Goal,In The Paint (Non-RA),Center(C),Less Than 8 ft.,7,43,63,1,0,20110709,CHI,ATL,2011,1021100062416,21480,validated,,0,matched,playbyplayv2,1611661329,100796|100812|201046|201054|201881,complete,playbyplay_inferred,100729|201477|201480|202259|202664,complete,playbyplay_inferred
Shot Chart Detail,1021100062,419,201881,Angel McCoughtry,1611661330,Atlanta Dream,4,3,42,Missed Shot,Jump Shot,3PT Field Goal,Above the Break 3,Right Side Center(RC),16-24 ft.,21,157,151,1,0,20110709,CHI,ATL,2011,1021100062419,21780,validated,,0,matched,playbyplayv2,1611661329,100796|100812|201046|201054|201881,complete,playbyplay_inferred,100729|201477|201480|202259|202664,complete,playbyplay_inferred
Shot Chart Detail,1021100062,423,201881,Angel McCoughtry,1611661330,Atlanta Dream,4,3,11,Missed Shot,Jump Shot,2PT Field Goal,Mid-Range,Right Side(R),8-16 ft.,15,154,41,1,0,20110709,CHI,ATL,2011,1021100062423,22090,validated,,0,matched,playbyplayv2,1611661329,100796|100812|201046|201054|201881,complete,playbyplay_inferred,100729|201477|201480|202259|202664,complete,playbyplay_inferred
Shot Chart Detail,1021100062,434,201881,Angel McCoughtry,1611661330,Atlanta Dream,4,2,14,Missed Shot,Layup Shot,2PT Field Goal,Restricted Area,Center(C),Less Than 8 ft.,2,20,6,1,0,20110709,CHI,ATL,2011,1021100062434,22660,validated,,0,matched,playbyplayv2,1611661329,100796|100812|201046|201054|201881,complete,playbyplay_inferred,100729|201477|201480|202259|202664,complete,playbyplay_inferred
Shot Chart Detail,1021100062,436,201881,Angel McCoughtry,1611661330,Atlanta Dream,4,2,11,Missed Shot,Layup Shot,2PT Field Goal,Restricted Area,Center(C),Less Than 8 ft.,2,28,6,1,0,20110709,CHI,ATL,2011,1021100062436,22690,validated,,0,matched,playbyplayv2,1611661329,100796|100812|201046|201054|201881,complete,playbyplay_inferred,100729|201477|201480|202259|202664,complete,playbyplay_inferred
Shot Chart Detail,1021100062,456,201881,Angel McCoughtry,1611661330,Atlanta Dream,4,1,45,Missed Shot,Jump Shot,2PT Field Goal,In The Paint (Non-RA),Center(C),Less Than 8 ft.,7,78,9,1,0,20110709,CHI,ATL,2011,1021100062456,22950,validated,,0,matched,playbyplayv2,1611661329,100796|100812|201046|201054|201881,complete,playbyplay_inferred,100729|201477|201480|202259|202664,complete,playbyplay_inferred
Shot Chart Detail,1021100062,476,201881,Angel McCoughtry,1611661330,Atlanta Dream,4,0,45,Missed Shot,Jump Shot,2PT Field Goal,In The Paint (Non-RA),Center(C),Less Than 8 ft.,5,1,55,1,0,20110709,CHI,ATL,2011,1021100062476,23550,validated,,0,matched,playbyplayv2,1611661329,100796|100812|201046|201048|201881,complete,playbyplay_inferred,100729|201477|201480|202259|202664,complete,playbyplay_inferred
Shot Chart Detail,1021100062,493,201881,Angel McCoughtry,1611661330,Atlanta Dream,4,0,24,Missed Shot,Jump Shot,3PT Field Goal,Above the Break 3,Center(C),16-24 ft.,21,-62,208,1,0,20110709,CHI,ATL,2011,1021100062493,23760,validated,,0,matched,playbyplayv2,1611661329,100796|100812|201046|201048|201881,complete,playbyplay_inferred,100729|201477|201480|202259|202664,complete,playbyplay_inferred
Shot Chart Detail,1021100069,11,201881,Angel McCoughtry,1611661330,Atlanta Dream,1,8,56,Missed Shot,Driving Jump shot,2PT Field Goal,In The Paint (Non-RA),Center(C),Less Than 8 ft.,4,-35,22,1,0,20110713,NYL,ATL,2011,102110006911,640,validated,,0,matched,playbyplayv2,1611661313,100690|100812|201046|201048|201881,complete,playbyplay_inferred,100888|100919|200665|201507|201913,complete,playbyplay_inferred
Shot Chart Detail,1021100069,22,201881,Angel McCoughtry,1611661330,Atlanta Dream,1,8,14,Made Shot,Layup Shot,2PT Field Goal,Restricted Area,Center(C),Less Than 8 ft.,2,21,7,1,1,20110713,NYL,ATL,2011,102110006922,1060,validated,100690,1,matched,playbyplayv2,1611661313,100690|100812|201046|201048|201881,complete,playbyplay_inferred,100888|100919|200665|201507|201913,complete,playbyplay_inferred
Shot Chart Detail,1021100069,60,201881,Angel McCoughtry,1611661330,Atlanta Dream,1,4,25,Missed Shot,Jump Shot,2PT Field Goal,In The Paint (Non-RA),Left Side(L),8-16 ft.,8,-76,25,1,0,20110713,NYL,ATL,2011,102110006960,3350,validated,,0,matched,playbyplayv2,1611661313,100796|100812|201046|201048|201881,complete,playbyplay_inferred,100919|200665|201502|201507|201913,complete,playbyplay_inferred
Shot Chart Detail,1021100069,75,201881,Angel McCoughtry,1611661330,Atlanta Dream,1,3,6,Made Shot,Driving Layup Shot,2PT Field Goal,Restricted Area,Center(C),Less Than 8 ft.,2,26,11,1,1,20110713,NYL,ATL,2011,102110006975,4140,validated,,0,matched,playbyplayv2,1611661313,100796|100812|201046|201054|201881,complete,playbyplay_inferred,200665|201502|201507|201895|201913,complete,playbyplay_inferred
Shot Chart Detail,1021100069,103,201881,Angel McCoughtry,1611661330,Atlanta Dream,1,1,9,Missed Shot,Pullup Jump shot,2PT Field Goal,In The Paint (Non-RA),Center(C),Less Than 8 ft.,7,21,77,1,0,20110713,NYL,ATL,2011,1021100069103,5310,validated,,0,matched,playbyplayv2,1611661313,100796|201046|201054|201881|201907,complete,playbyplay_inferred,200665|201502|201895|201913|202641,complete,playbyplay_inferred
Shot Chart Detail,1021100069,127,201881,Angel McCoughtry,1611661330,Atlanta Dream,2,9,46,Missed Shot,Layup Shot,2PT Field Goal,Restricted Area,Center(C),Less Than 8 ft.,2,15,22,1,0,20110713,NYL,ATL,2011,1021100069127,6140,validated,,0,matched,playbyplayv2,1611661313,100796|201054|201881|201898|201907,complete,playbyplay_inferred,100888|201086|201502|201895|202641,complete,playbyplay_inferred
Shot Chart Detail,1021100069,136,201881,Angel McCoughtry,1611661330,Atlanta Dream,2,8,57,Missed Shot,Layup Shot,2PT Field Goal,Restricted Area,Center(C),Less Than 8 ft.,2,24,6,1,0,20110713,NYL,ATL,2011,1021100069136,6630,validated,,0,matched,playbyplayv2,1611661313,100796|100812|201881|201898|201907,complete,playbyplay_inferred,100888|201086|201502|201895|202641,complete,playbyplay_inferred
Shot Chart Detail,1021100069,147,201881,Angel McCoughtry,1611661330,Atlanta Dream,2,8,16,Made Shot,Driving Layup Shot,2PT Field Goal,Restricted Area,Center(C),Less Than 8 ft.,1,15,7,1,1,20110713,NYL,ATL,2011,1021100069147,7040,validated,,0,matched,playbyplayv2,1611661313,100796|100812|201881|201898|201907,complete,playbyplay_inferred,100888|201086|201502|201895|202641,complete,playbyplay_inferred
Shot Chart Detail,1021100069,170,201881,Angel McCoughtry,1611661330,Atlanta Dream,2,7,3,Missed Shot,Layup Shot,2PT Field Goal,Restricted Area,Center(C),Less Than 8 ft.,2,-21,-5,1,0,20110713,NYL,ATL,2011,1021100069170,7770,validated,,0,matched,playbyplayv2,1611661313,100796|100812|201881|201898|201907,complete,playbyplay_inferred,100888|100919|200665|201507|201895,complete,playbyplay_inferred
Shot Chart Detail,1021100069,176,201881,Angel McCoughtry,1611661330,Atlanta Dream,2,6,22,Missed Shot,Jump Shot,3PT Field Goal,Right Corner 3,Right Side(R),16-24 ft.,21,215,-24,1,0,20110713,NYL,ATL,2011,1021100069176,8180,validated,,0,matched,playbyplayv2,1611661313,100796|100812|201881|201898|201907,complete,playbyplay_inferred,100888|100919|200665|201507|201895,complete,playbyplay_inferred
Shot Chart Detail,1021100069,217,201881,Angel McCoughtry,1611661330,Atlanta Dream,2,2,52,Made Shot,Driving Layup Shot,2PT Field Goal,Restricted Area,Center(C),Less Than 8 ft.,2,-27,1,1,1,20110713,NYL,ATL,2011,1021100069217,10280,validated,201898,1,matched,playbyplayv2,1611661313,100690|100812|201054|201881|201898,complete,playbyplay_inferred,100888|100919|200665|201913|202652,complete,playbyplay_inferred
Shot Chart Detail,1021100069,227,201881,Angel McCoughtry,1611661330,Atlanta Dream,2,1,44,Made Shot,Jump Shot,2PT Field Goal,Mid-Range,Center(C),8-16 ft.,15,-71,143,1,1,20110713,NYL,ATL,2011,1021100069227,10960,validated,,0,matched,playbyplayv2,1611661313,100690|100812|201054|201881|201898,complete,playbyplay_inferred,100888|100919|200665|201913|202652,complete,playbyplay_inferred
Shot Chart Detail,1021100069,343,201881,Angel McCoughtry,1611661330,Atlanta Dream,3,1,48,Missed Shot,Jump Shot,2PT Field Goal,In The Paint (Non-RA),Center(C),8-16 ft.,9,-40,85,1,0,20110713,NYL,ATL,2011,1021100069343,16920,validated,,0,matched,playbyplayv2,1611661313,100796|100812|201048|201881|201898,complete,playbyplay_inferred,201502|201895|201913|202641|202652,complete,playbyplay_inferred
Shot Chart Detail,1021100069,352,201881,Angel McCoughtry,1611661330,Atlanta Dream,3,1,19,Missed Shot,Jump Shot,2PT Field Goal,Mid-Range,Left Side Center(LC),16-24 ft.,18,-106,154,1,0,20110713,NYL,ATL,2011,1021100069352,17210,validated,,0,matched,playbyplayv2,1611661313,100796|100812|201048|201881|201898,complete,playbyplay_inferred,201502|201895|201913|202641|202652,complete,playbyplay_inferred
Shot Chart Detail,1021100069,489,201881,Angel McCoughtry,1611661330,Atlanta Dream,4,1,34,Missed Shot,Jump Shot,2PT Field Goal,Mid-Range,Right Side(R),8-16 ft.,12,123,42,1,0,20110713,NYL,ATL,2011,1021100069489,23060,validated,,0,matched,playbyplayv2,1611661313,100690|100812|201048|201881|201898,complete,playbyplay_inferred,100919|200665|201502|201507|201913,complete,playbyplay_inferred
Shot Chart Detail,1021100069,483,201881,Angel McCoughtry,1611661330,Atlanta Dream,4,1,32,Missed Shot,Layup Shot,2PT Field Goal,Restricted Area,Center(C),Less Than 8 ft.,2,3,20,1,0,20110713,NYL,ATL,2011,1021100069483,23080,validated,,0,matched,playbyplayv2,1611661313,100690|100812|201048|201881|201898,complete,playbyplay_inferred,100919|200665|201502|201507|201913,complete,playbyplay_inferred
Shot Chart Detail,1021100078,5,201881,Angel McCoughtry,1611661330,Atlanta Dream,1,9,11,Missed Shot,Jump Shot,2PT Field Goal,Mid-Range,Center(C),16-24 ft.,16,-15,164,1,0,20110716,ATL,CHI,2011,10211000785,490,validated,,0,matched,playbyplayv2,1611661329,100812|201046|201048|201054|201881,complete,playbyplay_inferred,100729|201477|201480|202259|202664,complete,playbyplay_inferred
Shot Chart Detail,1021100078,24,201881,Angel McCoughtry,1611661330,Atlanta Dream,1,7,9,Made Shot,Jump Shot,2PT Field Goal,Mid-Range,Right Side Center(RC),16-24 ft.,18,121,143,1,1,20110716,ATL,CHI,2011,102110007824,1710,validated,201048,1,matched,playbyplayv2,1611661329,100812|201046|201048|201054|201881,complete,playbyplay_inferred,100729|201477|201480|202259|202664,complete,playbyplay_inferred
Shot Chart Detail,1021100078,55,201881,Angel McCoughtry,1611661330,Atlanta Dream,1,4,46,Missed Shot,Layup Shot,2PT Field Goal,Restricted Area,Center(C),Less Than 8 ft.,1,-10,6,1,0,20110716,ATL,CHI,2011,102110007855,3140,validated,,0,matched,playbyplayv2,1611661329,100812|201046|201048|201054|201881,complete,playbyplay_inferred,100729|100835|101049|201480|202259,complete,playbyplay_inferred
Shot Chart Detail,1021100078,66,201881,Angel McCoughtry,1611661330,Atlanta Dream,1,4,2,Made Shot,Driving Jump shot,2PT Field Goal,In The Paint (Non-RA),Center(C),Less Than 8 ft.,5,18,52,1,1,20110716,ATL,CHI,2011,102110007866,3580,validated,,0,matched,playbyplayv2,1611661329,100812|201046|201048|201054|201881,complete,playbyplay_inferred,100835|101049|201477|201480|201918,complete,playbyplay_inferred
Shot Chart Detail,1021100078,137,201881,Angel McCoughtry,1611661330,Atlanta Dream,2,7,4,Missed Shot,Jump Shot,3PT Field Goal,Above the Break 3,Right Side Center(RC),16-24 ft.,22,122,194,1,0,20110716,ATL,CHI,2011,1021100078137,7760,validated,,0,matched,playbyplayv2,1611661329,100812|201046|201048|201881|201907,complete,playbyplay_inferred,100729|100835|101049|201480|202259,complete,playbyplay_inferred
Shot Chart Detail,1021100078,208,201881,Angel McCoughtry,1611661330,Atlanta Dream,2,0,57,Made Shot,Jump Shot,2PT Field Goal,Mid-Range,Right Side Center(RC),16-24 ft.,16,91,143,1,1,20110716,ATL,CHI,2011,1021100078208,11430,validated,201054,1,matched,playbyplayv2,1611661329,100812|201046|201048|201054|201881,complete,playbyplay_inferred,100729|100835|101049|201480|202259,complete,playbyplay_inferred
Shot Chart Detail,1021100078,211,201881,Angel McCoughtry,1611661330,Atlanta Dream,2,0,30,Missed Shot,Jump Shot,3PT Field Goal,Above the Break 3,Left Side Center(LC),16-24 ft.,22,-116,190,1,0,20110716,ATL,CHI,2011,1021100078211,11700,validated,,0,matched,playbyplayv2,1611661329,100812|201046|201048|201054|201881,complete,playbyplay_inferred,100729|100835|101049|201480|202259,complete,playbyplay_inferred
Shot Chart Detail,1021100078,214,201881,Angel McCoughtry,1611661330,Atlanta Dream,2,0,0,Missed Shot,Driving Jump shot,2PT Field Goal,In The Paint (Non-RA),Center(C),Less Than 8 ft.,7,13,75,1,0,20110716,ATL,CHI,2011,1021100078214,12000,validated,,0,matched,playbyplayv2,1611661329,100812|201046|201048|201054|201881,complete,playbyplay_inferred,100729|100835|101049|201480|202259,complete,playbyplay_inferred
Shot Chart Detail,1021100078,239,201881,Angel McCoughtry,1611661330,Atlanta Dream,3,7,39,Made Shot,Putback Layup Shot,2PT Field Goal,Restricted Area,Center(C),Less Than 8 ft.,0,7,3,1,1,20110716,ATL,CHI,2011,1021100078239,13410,validated,,0,matched,playbyplayv2,1611661329,100812|201046|201048|201054|201881,complete,playbyplay_inferred,100729|100835|101049|201480|202259,complete,playbyplay_inferred
Shot Chart Detail,1021100078,244,201881,Angel McCoughtry,1611661330,Atlanta Dream,3,6,43,Missed Shot,Jump Shot,2PT Field Goal,In The Paint (Non-RA),Right Side(R),8-16 ft.,9,70,63,1,0,20110716,ATL,CHI,2011,1021100078244,13970,validated,,0,matched,playbyplayv2,1611661329,100812|201046|201048|201054|201881,complete,playbyplay_inferred,100729|100835|101049|201480|202259,complete,playbyplay_inferred
Shot Chart Detail,1021100078,248,201881,Angel McCoughtry,1611661330,Atlanta Dream,3,6,9,Made Shot,Driving Layup Shot,2PT Field Goal,Restricted Area,Center(C),Less Than 8 ft.,1,18,1,1,1,20110716,ATL,CHI,2011,1021100078248,14310,validated,201046,1,matched,playbyplayv2,1611661329,100812|201046|201048|201054|201881,complete,playbyplay_inferred,100729|100835|101049|201480|202259,complete,playbyplay_inferred
Shot Chart Detail,1021100078,258,201881,Angel McCoughtry,1611661330,Atlanta Dream,3,5,2,Made Shot,Running Layup Shot,2PT Field Goal,Restricted Area,Center(C),Less Than 8 ft.,0,-4,-2,1,1,20110716,ATL,CHI,2011,1021100078258,14980,validated,201048,1,matched,playbyplayv2,1611661329,100812|201046|201048|201054|201881,complete,playbyplay_inferred,100729|100835|101049|201480|202259,complete,playbyplay_inferred
Shot Chart Detail,1021100078,293,201881,Angel McCoughtry,1611661330,Atlanta Dream,3,2,37,Missed Shot,Jump Shot,2PT Field Goal,Mid-Range,Left Side(L),16-24 ft.,17,-168,31,1,0,20110716,ATL,CHI,2011,1021100078293,16430,validated,,0,matched,playbyplayv2,1611661329,100812|201046|201048|201054|201881,complete,playbyplay_inferred,101049|201480|201918|202259|202664,complete,playbyplay_inferred
Shot Chart Detail,1021100078,301,201881,Angel McCoughtry,1611661330,Atlanta Dream,3,1,6,Missed Shot,Jump Shot,2PT Field Goal,In The Paint (Non-RA),Right Side(R),8-16 ft.,9,48,82,1,0,20110716,ATL,CHI,2011,1021100078301,17340,validated,,0,matched,playbyplayv2,1611661329,100812|201046|201048|201054|201881,complete,playbyplay_inferred,100729|101049|201480|202259|202664,complete,playbyplay_inferred
Shot Chart Detail,1021100078,329,201881,Angel McCoughtry,1611661330,Atlanta Dream,4,9,39,Made Shot,Jump Shot,2PT Field Goal,In The Paint (Non-RA),Center(C),8-16 ft.,15,72,135,1,1,20110716,ATL,CHI,2011,1021100078329,18210,validated,201048,1,matched,playbyplayv2,1611661329,100812|201046|201048|201881|201907,complete,playbyplay_inferred,100729|100835|201480|202259|202664,complete,playbyplay_inferred
Shot Chart Detail,1021100078,352,201881,Angel McCoughtry,1611661330,Atlanta Dream,4,7,37,Missed Shot,Jump Shot,3PT Field Goal,Above the Break 3,Right Side(R),24+ ft.,23,223,85,1,0,20110716,ATL,CHI,2011,1021100078352,19430,validated,,0,matched,playbyplayv2,1611661329,100812|201046|201048|201881|201907,complete,playbyplay_inferred,100729|100835|101049|201480|202664,complete,playbyplay_inferred
Shot Chart Detail,1021100078,364,201881,Angel McCoughtry,1611661330,Atlanta Dream,4,6,55,Made Shot,Running Layup Shot,2PT Field Goal,Restricted Area,Center(C),Less Than 8 ft.,0,4,4,1,1,20110716,ATL,CHI,2011,1021100078364,19850,validated,,0,matched,playbyplayv2,1611661329,100812|201046|201048|201881|201907,complete,playbyplay_inferred,100729|100835|101049|201480|202664,complete,playbyplay_inferred
Shot Chart Detail,1021100078,379,201881,Angel McCoughtry,1611661330,Atlanta Dream,4,5,18,Missed Shot,Turnaround Jump Shot,2PT Field Goal,Mid-Range,Right Side(R),8-16 ft.,15,151,44,1,0,20110716,ATL,CHI,2011,1021100078379,20820,validated,,0,matched,playbyplayv2,1611661329,100812|201046|201048|201054|201881,complete,playbyplay_inferred,100729|100835|101049|201480|202664,complete,playbyplay_inferred
Shot Chart Detail,1021100078,394,201881,Angel McCoughtry,1611661330,Atlanta Dream,4,4,52,Made Shot,Jump Shot,2PT Field Goal,In The Paint (Non-RA),Center(C),8-16 ft.,9,-41,89,1,1,20110716,ATL,CHI,2011,1021100078394,21080,validated,201046,1,matched,playbyplayv2,1611661329,100812|201046|201048|201054|201881,complete,playbyplay_inferred,100729|100835|101049|201480|202259,complete,playbyplay_inferred
Shot Chart Detail,1021100078,397,201881,Angel McCoughtry,1611661330,Atlanta Dream,4,4,16,Missed Shot,Jump Shot,2PT Field Goal,Mid-Range,Right Side(R),8-16 ft.,15,155,12,1,0,20110716,ATL,CHI,2011,1021100078397,21440,validated,,0,matched,playbyplayv2,1611661329,100812|201046|201048|201054|201881,complete,playbyplay_inferred,100729|100835|101049|201480|202259,complete,playbyplay_inferred
Shot Chart Detail,1021100078,416,201881,Angel McCoughtry,1611661330,Atlanta Dream,4,1,39,Missed Shot,Jump Shot,2PT Field Goal,Mid-Range,Left Side(L),8-16 ft.,13,-86,108,1,0,20110716,ATL,CHI,2011,1021100078416,23010,validated,,0,matched,playbyplayv2,1611661329,100812|201046|201048|201054|201881,complete,playbyplay_inferred,100729|100835|101049|201480|202259,complete,playbyplay_inferred
Shot Chart Detail,1021100078,444,201881,Angel McCoughtry,1611661330,Atlanta Dream,4,0,3,Missed Shot,Jump Shot,3PT Field Goal,Above the Break 3,Right Side Center(RC),16-24 ft.,22,75,213,1,0,20110716,ATL,CHI,2011,1021100078444,23970,validated,,0,matched,playbyplayv2,1611661329,100812|201046|201048|201054|201881,complete,playbyplay_inferred,100729|100835|101049|201480|202259,complete,playbyplay_inferred
Shot Chart Detail,1021100084,2,201881,Angel McCoughtry,1611661330,Atlanta Dream,1,9,35,Missed Shot,Jump Shot,2PT Field Goal,Mid-Range,Right Side(R),8-16 ft.,15,108,116,1,0,20110719,ATL,IND,2011,10211000842,250,validated,,0,matched,playbyplayv2,1611661325,100812|201046|201048|201054|201881,complete,playbyplay_inferred,100628|100646|100666|101039|201919,complete,playbyplay_inferred
Shot Chart Detail,1021100084,14,201881,Angel McCoughtry,1611661330,Atlanta Dream,1,8,52,Missed Shot,Driving Jump shot,2PT Field Goal,Restricted Area,Center(C),Less Than 8 ft.,3,1,30,1,0,20110719,ATL,IND,2011,102110008414,680,validated,,0,matched,playbyplayv2,1611661325,100812|201046|201048|201054|201881,complete,playbyplay_inferred,100628|100646|100666|101039|201919,complete,playbyplay_inferred
Shot Chart Detail,1021100084,22,201881,Angel McCoughtry,1611661330,Atlanta Dream,1,8,5,Missed Shot,Jump Shot,3PT Field Goal,Above the Break 3,Right Side Center(RC),16-24 ft.,22,165,149,1,0,20110719,ATL,IND,2011,102110008422,1150,validated,,0,matched,playbyplayv2,1611661325,100812|201046|201048|201054|201881,complete,playbyplay_inferred,100628|100646|100666|101039|201919,complete,playbyplay_inferred
Shot Chart Detail,1021100084,52,201881,Angel McCoughtry,1611661330,Atlanta Dream,1,5,15,Missed Shot,Driving Jump shot,2PT Field Goal,In The Paint (Non-RA),Center(C),Less Than 8 ft.,5,-38,33,1,0,20110719,ATL,IND,2011,102110008452,2850,validated,,0,matched,playbyplayv2,1611661325,100812|201046|201048|201054|201881,complete,playbyplay_inferred,100628|100646|100666|101039|201919,complete,playbyplay_inferred
Shot Chart Detail,1021100084,67,201881,Angel McCoughtry,1611661330,Atlanta Dream,1,4,3,Missed Shot,Driving Jump shot,2PT Field Goal,In The Paint (Non-RA),Center(C),Less Than 8 ft.,4,-16,42,1,0,20110719,ATL,IND,2011,102110008467,3570,validated,,0,matched,playbyplayv2,1611661325,100812|201046|201048|201054|201881,complete,playbyplay_inferred,100628|100646|100666|101039|201919,complete,playbyplay_inferred
Shot Chart Detail,1021100084,120,201881,Angel McCoughtry,1611661330,Atlanta Dream,1,0,46,Made Shot,Jump Shot,2PT Field Goal,Mid-Range,Left Side Center(LC),16-24 ft.,16,-95,140,1,1,20110719,ATL,IND,2011,1021100084120,5540,validated,201046,1,matched,playbyplayv2,1611661325,100812|201046|201048|201054|201881,complete,playbyplay_inferred,100646|100666|101032|201047|201497,complete,playbyplay_inferred
Shot Chart Detail,1021100084,142,201881,Angel McCoughtry,1611661330,Atlanta Dream,2,9,6,Made Shot,Layup Shot,2PT Field Goal,Restricted Area,Center(C),Less Than 8 ft.,1,17,-2,1,1,20110719,ATL,IND,2011,1021100084142,6540,validated,,0,matched,playbyplayv2,1611661325,100796|100812|201046|201054|201881,complete,playbyplay_inferred,100646|101032|201047|201497|202656,complete,playbyplay_inferred
Shot Chart Detail,1021100084,269,201881,Angel McCoughtry,1611661330,Atlanta Dream,3,9,27,Missed Shot,Driving Layup Shot,2PT Field Goal,Restricted Area,Center(C),Less Than 8 ft.,2,18,11,1,0,20110719,ATL,IND,2011,1021100084269,12330,validated,,0,matched,playbyplayv2,1611661325,100812|201046|201048|201054|201881,complete,playbyplay_inferred,100628|100646|100666|101039|201919,complete,playbyplay_inferred
Shot Chart Detail,1021100084,274,201881,Angel McCoughtry,1611661330,Atlanta Dream,3,8,48,Made Shot,Jump Shot,2PT Field Goal,In The Paint (Non-RA),Center(C),Less Than 8 ft.,5,45,30,1,1,20110719,ATL,IND,2011,1021100084274,12720,validated,,0,matched,playbyplayv2,1611661325,100812|201046|201048|201054|201881,complete,playbyplay_inferred,100628|100646|100666|101039|201919,complete,playbyplay_inferred
Shot Chart Detail,1021100084,279,201881,Angel McCoughtry,1611661330,Atlanta Dream,3,7,36,Made Shot,Jump Shot,2PT Field Goal,Mid-Range,Center(C),16-24 ft.,18,50,178,1,1,20110719,ATL,IND,2011,1021100084279,13440,validated,201048,1,matched,playbyplayv2,1611661325,100812|201046|201048|201054|201881,complete,playbyplay_inferred,100628|100646|100666|101039|201919,complete,playbyplay_inferred
Shot Chart Detail,1021100084,404,201881,Angel McCoughtry,1611661330,Atlanta Dream,4,6,55,Missed Shot,Driving Jump shot,2PT Field Goal,In The Paint (Non-RA),Center(C),8-16 ft.,9,13,91,1,0,20110719,ATL,IND,2011,1021100084404,19850,validated,,0,matched,playbyplayv2,1611661325,100796|201046|201048|201881|201907,complete,playbyplay_inferred,100646|100666|101039|201047|201919,complete,playbyplay_inferred
Shot Chart Detail,1021100084,408,201881,Angel McCoughtry,1611661330,Atlanta Dream,4,6,34,Missed Shot,Jump Shot,2PT Field Goal,Mid-Range,Right Side Center(RC),16-24 ft.,17,138,102,1,0,20110719,ATL,IND,2011,1021100084408,20060,validated,,0,matched,playbyplayv2,1611661325,100796|201046|201048|201881|201907,complete,playbyplay_inferred,100628|100646|100666|101039|201919,complete,playbyplay_inferred
Shot Chart Detail,1021100084,474,201881,Angel McCoughtry,1611661330,Atlanta Dream,4,0,41,Missed Shot,Jump Shot,2PT Field Goal,In The Paint (Non-RA),Center(C),Less Than 8 ft.,4,40,25,1,0,20110719,ATL,IND,2011,1021100084474,23590,validated,,0,matched,playbyplayv2,1611661325,100812|201046|201048|201054|201881,complete,playbyplay_inferred,100646|100666|101039|201047|202656,complete,playbyplay_inferred
Shot Chart Detail,1021100084,487,201881,Angel McCoughtry,1611661330,Atlanta Dream,4,0,9,Made Shot,Jump Shot,2PT Field Goal,Mid-Range,Right Side(R),8-16 ft.,15,132,77,1,1,20110719,ATL,IND,2011,1021100084487,23910,validated,,0,matched,playbyplayv2,1611661325,100796|100812|201046|201048|201881,complete,playbyplay_inferred,100646|100666|101039|201047|202656,complete,playbyplay_inferred
Shot Chart Detail,1021100087,2,201881,Angel McCoughtry,1611661330,Atlanta Dream,1,9,42,Made Shot,Driving Layup Shot,2PT Field Goal,Restricted Area,Center(C),Less Than 8 ft.,0,-2,-6,1,1,20110720,WAS,ATL,2011,10211000872,180,validated,,0,matched,playbyplayv2,1611661322,100812|201046|201048|201054|201881,complete,playbyplay_inferred,100627|201492|201500|201518|201889,complete,playbyplay_inferred
Shot Chart Detail,1021100087,22,201881,Angel McCoughtry,1611661330,Atlanta Dream,1,7,4,Made Shot,Driving Layup Shot,2PT Field Goal,Restricted Area,Center(C),Less Than 8 ft.,1,-8,-8,1,1,20110720,WAS,ATL,2011,102110008722,1760,validated,,0,matched,playbyplayv2,1611661322,100812|201046|201048|201054|201881,complete,playbyplay_inferred,100627|201492|201500|201518|201889,complete,playbyplay_inferred
Shot Chart Detail,1021100087,112,201881,Angel McCoughtry,1611661330,Atlanta Dream,2,8,10,Missed Shot,Jump Shot,2PT Field Goal,In The Paint (Non-RA),Right Side(R),8-16 ft.,12,80,94,1,0,20110720,WAS,ATL,2011,1021100087112,7100,validated,,0,matched,playbyplayv2,1611661322,100796|101021|201054|201881|201898,complete,playbyplay_inferred,100627|201500|201518|201889|202662,complete,playbyplay_inferred
Shot Chart Detail,1021100087,178,201881,Angel McCoughtry,1611661330,Atlanta Dream,2,3,54,Made Shot,Jump Shot,3PT Field Goal,Above the Break 3,Right Side Center(RC),16-24 ft.,22,83,209,1,1,20110720,WAS,ATL,2011,1021100087178,9660,validated,201046,1,matched,playbyplayv2,1611661322,100812|101021|201046|201048|201881,complete,playbyplay_inferred,100627|200704|201492|201518|202662,complete,playbyplay_inferred
Shot Chart Detail,1021100087,180,201881,Angel McCoughtry,1611661330,Atlanta Dream,2,3,21,Made Shot,Driving Layup Shot,2PT Field Goal,Restricted Area,Center(C),Less Than 8 ft.,1,-5,12,1,1,20110720,WAS,ATL,2011,1021100087180,9990,validated,,0,matched,playbyplayv2,1611661322,100812|101021|201046|201048|201881,complete,playbyplay_inferred,100627|200704|201492|201518|202662,complete,playbyplay_inferred
Shot Chart Detail,1021100087,186,201881,Angel McCoughtry,1611661330,Atlanta Dream,2,2,55,Made Shot,Running Jump Shot,2PT Field Goal,Mid-Range,Left Side(L),8-16 ft.,9,-87,41,1,1,20110720,WAS,ATL,2011,1021100087186,10250,validated,,0,matched,playbyplayv2,1611661322,100812|101021|201046|201048|201881,complete,playbyplay_inferred,100627|200704|201492|201518|201889,complete,playbyplay_inferred
Shot Chart Detail,1021100087,204,201881,Angel McCoughtry,1611661330,Atlanta Dream,2,0,29,Missed Shot,Jump Shot,2PT Field Goal,In The Paint (Non-RA),Center(C),Less Than 8 ft.,4,-48,9,1,0,20110720,WAS,ATL,2011,1021100087204,11710,validated,,0,matched,playbyplayv2,1611661322,100812|101021|201046|201048|201881,complete,playbyplay_inferred,100627|200704|201492|201518|201889,complete,playbyplay_inferred
Shot Chart Detail,1021100087,212,201881,Angel McCoughtry,1611661330,Atlanta Dream,2,0,2,Made Shot,Driving Jump shot,2PT Field Goal,In The Paint (Non-RA),Center(C),Less Than 8 ft.,6,-5,60,1,1,20110720,WAS,ATL,2011,1021100087212,11980,validated,,0,matched,playbyplayv2,1611661322,100812|101021|201046|201048|201881,complete,playbyplay_inferred,100627|200704|201492|201518|201889,complete,playbyplay_inferred
Shot Chart Detail,1021100087,230,201881,Angel McCoughtry,1611661330,Atlanta Dream,3,8,25,Made Shot,Jump Shot,2PT Field Goal,Mid-Range,Right Side(R),16-24 ft.,16,166,22,1,1,20110720,WAS,ATL,2011,1021100087230,12950,validated,,0,matched,playbyplayv2,1611661322,100812|201046|201048|201054|201881,complete,playbyplay_inferred,100627|201492|201500|201518|201889,complete,playbyplay_inferred
Shot Chart Detail,1021100087,246,201881,Angel McCoughtry,1611661330,Atlanta Dream,3,6,7,Made Shot,Layup Shot,2PT Field Goal,Restricted Area,Center(C),Less Than 8 ft.,1,7,11,1,1,20110720,WAS,ATL,2011,1021100087246,14330,validated,,0,matched,playbyplayv2,1611661322,100812|201046|201048|201054|201881,complete,playbyplay_inferred,100627|201492|201500|201518|201889,complete,playbyplay_inferred
Shot Chart Detail,1021100087,263,201881,Angel McCoughtry,1611661330,Atlanta Dream,3,4,56,Missed Shot,Jump Shot,2PT Field Goal,Restricted Area,Center(C),Less Than 8 ft.,3,-10,36,1,0,20110720,WAS,ATL,2011,1021100087263,15040,validated,,0,matched,playbyplayv2,1611661322,100812|201046|201048|201054|201881,complete,playbyplay_inferred,100627|201492|201500|201518|201889,complete,playbyplay_inferred
Shot Chart Detail,1021100087,312,201881,Angel McCoughtry,1611661330,Atlanta Dream,3,0,0,Made Shot,Jump Shot,3PT Field Goal,Above the Break 3,Left Side(L),24+ ft.,23,-226,48,1,1,20110720,WAS,ATL,2011,1021100087312,18000,validated,101021,1,matched,playbyplayv2,1611661322,101021|201046|201048|201054|201881,complete,playbyplay_inferred,100627|201492|201518|202643|202662,complete,playbyplay_inferred
Shot Chart Detail,1021100087,318,201881,Angel McCoughtry,1611661330,Atlanta Dream,4,9,38,Made Shot,Layup Shot,2PT Field Goal,Restricted Area,Center(C),Less Than 8 ft.,1,9,-14,1,1,20110720,WAS,ATL,2011,1021100087318,18220,validated,201054,1,matched,playbyplayv2,1611661322,101021|201046|201048|201054|201881,complete,playbyplay_inferred,100627|201492|201518|201889|202643,complete,playbyplay_inferred
Shot Chart Detail,1021100087,334,201881,Angel McCoughtry,1611661330,Atlanta Dream,4,7,30,Missed Shot,Jump Shot,2PT Field Goal,Mid-Range,Center(C),8-16 ft.,15,-52,145,1,0,20110720,WAS,ATL,2011,1021100087334,19500,validated,,0,matched,playbyplayv2,1611661322,101021|201046|201048|201054|201881,complete,playbyplay_inferred,100627|201492|201518|201889|202643,complete,playbyplay_inferred
Shot Chart Detail,1021100087,343,201881,Angel McCoughtry,1611661330,Atlanta Dream,4,6,45,Missed Shot,Jump Shot,3PT Field Goal,Above the Break 3,Left Side Center(LC),16-24 ft.,22,-174,138,1,0,20110720,WAS,ATL,2011,1021100087343,19950,validated,,0,matched,playbyplayv2,1611661322,101021|201046|201048|201054|201881,complete,playbyplay_inferred,201492|201500|201518|201889|202662,complete,playbyplay_inferred
Shot Chart Detail,1021100087,352,201881,Angel McCoughtry,1611661330,Atlanta Dream,4,5,37,Missed Shot,Jump Shot,2PT Field Goal,Mid-Range,Right Side Center(RC),16-24 ft.,16,75,142,1,0,20110720,WAS,ATL,2011,1021100087352,20630,validated,,0,matched,playbyplayv2,1611661322,101021|201046|201048|201054|201881,complete,playbyplay_inferred,201492|201500|201518|201889|202662,complete,playbyplay_inferred
Shot Chart Detail,1021100087,375,201881,Angel McCoughtry,1611661330,Atlanta Dream,4,3,45,Missed Shot,Jump Shot,2PT Field Goal,Mid-Range,Right Side(R),8-16 ft.,14,81,115,1,0,20110720,WAS,ATL,2011,1021100087375,21750,validated,,0,matched,playbyplayv2,1611661322,101021|201046|201048|201054|201881,complete,playbyplay_inferred,201492|201500|201518|201889|202662,complete,playbyplay_inferred
Shot Chart Detail,1021100087,389,201881,Angel McCoughtry,1611661330,Atlanta Dream,4,2,4,Missed Shot,Jump Shot,2PT Field Goal,Restricted Area,Center(C),Less Than 8 ft.,3,17,28,1,0,20110720,WAS,ATL,2011,1021100087389,22760,validated,,0,matched,playbyplayv2,1611661322,101021|201046|201048|201054|201881,complete,playbyplay_inferred,201492|201500|201518|201889|202662,complete,playbyplay_inferred
Shot Chart Detail,1021100094,21,201881,Angel McCoughtry,1611661330,Atlanta Dream,1,8,16,Made Shot,Driving Layup Shot,2PT Field Goal,In The Paint (Non-RA),Center(C),Less Than 8 ft.,4,11,40,1,1,20110726,TUL,ATL,2011,102110009421,1040,validated,201046,1,matched,playbyplayv2,1611661321,100812|201046|201048|201054|201881,complete,playbyplay_inferred,100072|201050|201056|201483|202633,complete,playbyplay_inferred
Shot Chart Detail,1021100094,34,201881,Angel McCoughtry,1611661330,Atlanta Dream,1,6,43,Made Shot,Layup Shot,2PT Field Goal,Restricted Area,Center(C),Less Than 8 ft.,2,-23,19,1,1,20110726,TUL,ATL,2011,102110009434,1970,validated,,0,matched,playbyplayv2,1611661321,100812|201046|201048|201054|201881,complete,playbyplay_inferred,100072|201050|201056|201483|202633,complete,playbyplay_inferred
Shot Chart Detail,1021100094,41,201881,Angel McCoughtry,1611661330,Atlanta Dream,1,5,44,Made Shot,Layup Shot,2PT Field Goal,Restricted Area,Center(C),Less Than 8 ft.,2,-21,15,1,1,20110726,TUL,ATL,2011,102110009441,2560,validated,,0,matched,playbyplayv2,1611661321,100812|201046|201048|201054|201881,complete,playbyplay_inferred,100072|201050|201056|201483|202633,complete,playbyplay_inferred
Shot Chart Detail,1021100094,86,201881,Angel McCoughtry,1611661330,Atlanta Dream,1,2,10,Missed Shot,Jump Shot,3PT Field Goal,Above the Break 3,Left Side(L),16-24 ft.,21,-183,119,1,0,20110726,TUL,ATL,2011,102110009486,4700,validated,,0,matched,playbyplayv2,1611661321,100812|201046|201048|201054|201881,complete,playbyplay_inferred,100484|101080|201050|202315|202653,complete,playbyplay_inferred
Shot Chart Detail,1021100094,92,201881,Angel McCoughtry,1611661330,Atlanta Dream,1,1,21,Made Shot,Layup Shot,2PT Field Goal,Restricted Area,Center(C),Less Than 8 ft.,2,15,25,1,1,20110726,TUL,ATL,2011,102110009492,5190,validated,,0,matched,playbyplayv2,1611661321,100812|201046|201048|201054|201881,complete,playbyplay_inferred,100484|101080|201050|202315|202653,complete,playbyplay_inferred
Shot Chart Detail,1021100094,95,201881,Angel McCoughtry,1611661330,Atlanta Dream,1,0,50,Made Shot,Jump Shot,2PT Field Goal,Mid-Range,Right Side Center(RC),16-24 ft.,18,110,153,1,1,20110726,TUL,ATL,2011,102110009495,5500,validated,,0,matched,playbyplayv2,1611661321,100812|201046|201048|201054|201881,complete,playbyplay_inferred,100484|101080|201050|202315|202653,complete,playbyplay_inferred
Shot Chart Detail,1021100094,147,201881,Angel McCoughtry,1611661330,Atlanta Dream,2,5,37,Missed Shot,Jump Shot,2PT Field Goal,Mid-Range,Left Side Center(LC),16-24 ft.,18,-59,179,1,0,20110726,TUL,ATL,2011,1021100094147,8630,validated,,0,matched,playbyplayv2,1611661321,100796|101021|201881|201898|201907,complete,playbyplay_inferred,100072|101080|201483|202315|202633,complete,playbyplay_inferred
Shot Chart Detail,1021100094,176,201881,Angel McCoughtry,1611661330,Atlanta Dream,2,4,13,Made Shot,Jump Shot,2PT Field Goal,In The Paint (Non-RA),Center(C),8-16 ft.,14,67,126,1,1,20110726,TUL,ATL,2011,1021100094176,9470,validated,201898,1,matched,playbyplayv2,1611661321,100796|101021|201881|201898|201907,complete,playbyplay_inferred,100072|100484|101080|201050|202315,complete,playbyplay_inferred
Shot Chart Detail,1021100094,179,201881,Angel McCoughtry,1611661330,Atlanta Dream,2,3,50,Made Shot,Jump Shot,2PT Field Goal,In The Paint (Non-RA),Center(C),Less Than 8 ft.,4,2,45,1,1,20110726,TUL,ATL,2011,1021100094179,9700,validated,,0,matched,playbyplayv2,1611661321,100796|101021|201881|201898|201907,complete,playbyplay_inferred,100072|100484|101080|201050|202315,complete,playbyplay_inferred
Shot Chart Detail,1021100094,185,201881,Angel McCoughtry,1611661330,Atlanta Dream,2,3,25,Missed Shot,Jump Shot,2PT Field Goal,Mid-Range,Right Side(R),8-16 ft.,12,99,77,1,0,20110726,TUL,ATL,2011,1021100094185,9950,validated,,0,matched,playbyplayv2,1611661321,100796|101021|201881|201898|201907,complete,playbyplay_inferred,100072|100484|101080|201050|201056,complete,playbyplay_inferred
Shot Chart Detail,1021100094,208,201881,Angel McCoughtry,1611661330,Atlanta Dream,2,1,38,Made Shot,Jump Shot,2PT Field Goal,Mid-Range,Center(C),8-16 ft.,15,6,159,1,1,20110726,TUL,ATL,2011,1021100094208,11020,validated,201898,1,matched,playbyplayv2,1611661321,100796|101021|201881|201898|201907,complete,playbyplay_inferred,100072|100484|201050|201056|202633,complete,playbyplay_inferred
Shot Chart Detail,1021100094,220,201881,Angel McCoughtry,1611661330,Atlanta Dream,2,0,39,Missed Shot,Layup Shot,2PT Field Goal,Restricted Area,Center(C),Less Than 8 ft.,3,-8,34,1,0,20110726,TUL,ATL,2011,1021100094220,11610,validated,,0,matched,playbyplayv2,1611661321,100796|100812|201054|201881|201898,complete,playbyplay_inferred,100484|201050|201056|202633|202653,complete,playbyplay_inferred
Shot Chart Detail,1021100094,232,201881,Angel McCoughtry,1611661330,Atlanta Dream,3,9,28,Missed Shot,Jump Shot,2PT Field Goal,In The Paint (Non-RA),Center(C),Less Than 8 ft.,5,34,41,1,0,20110726,TUL,ATL,2011,1021100094232,12320,validated,,0,matched,playbyplayv2,1611661321,101021|201046|201048|201054|201881,complete,playbyplay_inferred,100072|101080|201050|201056|201483,complete,playbyplay_inferred
Shot Chart Detail,1021100094,250,201881,Angel McCoughtry,1611661330,Atlanta Dream,3,7,54,Made Shot,Jump Shot,2PT Field Goal,In The Paint (Non-RA),Center(C),8-16 ft.,10,-21,105,1,1,20110726,TUL,ATL,2011,1021100094250,13260,validated,201048,1,matched,playbyplayv2,1611661321,101021|201046|201048|201054|201881,complete,playbyplay_inferred,100072|101080|201050|201056|202653,complete,playbyplay_inferred
Shot Chart Detail,1021100094,264,201881,Angel McCoughtry,1611661330,Atlanta Dream,3,6,9,Made Shot,Jump Bank Shot,2PT Field Goal,Restricted Area,Center(C),Less Than 8 ft.,3,-27,26,1,1,20110726,TUL,ATL,2011,1021100094264,14310,validated,201046,1,matched,playbyplayv2,1611661321,101021|201046|201048|201054|201881,complete,playbyplay_inferred,100072|101080|201050|201056|202653,complete,playbyplay_inferred
Shot Chart Detail,1021100094,308,201881,Angel McCoughtry,1611661330,Atlanta Dream,3,2,27,Missed Shot,Jump Shot,2PT Field Goal,Mid-Range,Right Side(R),8-16 ft.,15,108,110,1,0,20110726,TUL,ATL,2011,1021100094308,16530,validated,,0,matched,playbyplayv2,1611661321,100690|101021|201046|201054|201881,complete,playbyplay_inferred,100072|101080|201050|202315|202653,complete,playbyplay_inferred
Shot Chart Detail,1021100094,320,201881,Angel McCoughtry,1611661330,Atlanta Dream,3,1,30,Made Shot,Jump Shot,2PT Field Goal,In The Paint (Non-RA),Center(C),8-16 ft.,13,-4,138,1,1,20110726,TUL,ATL,2011,1021100094320,17100,validated,,0,matched,playbyplayv2,1611661321,100690|101021|201046|201054|201881,complete,playbyplay_inferred,100072|101080|201050|202315|202653,complete,playbyplay_inferred
Shot Chart Detail,1021100094,329,201881,Angel McCoughtry,1611661330,Atlanta Dream,3,0,58,Missed Shot,Jump Shot,2PT Field Goal,Mid-Range,Center(C),8-16 ft.,15,-24,154,1,0,20110726,TUL,ATL,2011,1021100094329,17420,validated,,0,matched,playbyplayv2,1611661321,100690|101021|201046|201054|201881,complete,playbyplay_inferred,100072|101080|201050|201056|202653,complete,playbyplay_inferred
Shot Chart Detail,1021100094,383,201881,Angel McCoughtry,1611661330,Atlanta Dream,4,6,4,Missed Shot,Jump Shot,2PT Field Goal,Mid-Range,Center(C),8-16 ft.,14,28,140,1,0,20110726,TUL,ATL,2011,1021100094383,20360,validated,,0,matched,playbyplayv2,1611661321,201046|201048|201054|201881|201907,complete,playbyplay_inferred,100072|201050|201056|201483|202633,complete,playbyplay_inferred
Shot Chart Detail,1021100094,391,201881,Angel McCoughtry,1611661330,Atlanta Dream,4,5,23,Missed Shot,Jump Shot,2PT Field Goal,Mid-Range,Right Side(R),16-24 ft.,18,152,107,1,0,20110726,TUL,ATL,2011,1021100094391,20770,validated,,0,matched,playbyplayv2,1611661321,201046|201048|201054|201881|201907,complete,playbyplay_inferred,100072|201050|201056|201483|202633,complete,playbyplay_inferred
Shot Chart Detail,1021100094,416,201881,Angel McCoughtry,1611661330,Atlanta Dream,4,3,53,Missed Shot,Jump Shot,2PT Field Goal,Mid-Range,Right Side Center(RC),16-24 ft.,19,95,173,1,0,20110726,TUL,ATL,2011,1021100094416,21670,validated,,0,matched,playbyplayv2,1611661321,100796|201046|201054|201881|201907,complete,playbyplay_inferred,100072|201050|201056|201483|202633,complete,playbyplay_inferred
Shot Chart Detail,1021100094,438,201881,Angel McCoughtry,1611661330,Atlanta Dream,4,1,49,Missed Shot,Jump Shot,2PT Field Goal,In The Paint (Non-RA),Center(C),8-16 ft.,13,-29,132,1,0,20110726,TUL,ATL,2011,1021100094438,22910,validated,,0,matched,playbyplayv2,1611661321,100796|201046|201048|201054|201881,complete,playbyplay_inferred,100072|201050|201056|201483|202633,complete,playbyplay_inferred
Shot Chart Detail,1021100097,5,201881,Angel McCoughtry,1611661330,Atlanta Dream,1,9,24,Missed Shot,Jump Shot,2PT Field Goal,In The Paint (Non-RA),Center(C),8-16 ft.,9,32,89,1,0,20110728,ATL,LAS,2011,10211000975,360,validated,,0,matched,playbyplayv2,1611661320,100812|201046|201048|201054|201881,complete,playbyplay_inferred,100076|100396|100928|201049|201911,complete,playbyplay_inferred
Shot Chart Detail,1021100097,7,201881,Angel McCoughtry,1611661330,Atlanta Dream,1,9,15,Missed Shot,Jump Shot,2PT Field Goal,Mid-Range,Right Side(R),8-16 ft.,9,92,36,1,0,20110728,ATL,LAS,2011,10211000977,450,validated,,0,matched,playbyplayv2,1611661320,100812|201046|201048|201054|201881,complete,playbyplay_inferred,100076|100396|100928|201049|201911,complete,playbyplay_inferred
Shot Chart Detail,1021100097,32,201881,Angel McCoughtry,1611661330,Atlanta Dream,1,6,20,Missed Shot,Jump Shot,2PT Field Goal,Mid-Range,Left Side(L),8-16 ft.,13,-134,14,1,0,20110728,ATL,LAS,2011,102110009732,2200,validated,,0,matched,playbyplayv2,1611661320,100812|201046|201048|201054|201881,complete,playbyplay_inferred,100076|100396|100928|201049|201911,complete,playbyplay_inferred
Shot Chart Detail,1021100097,43,201881,Angel McCoughtry,1611661330,Atlanta Dream,1,5,7,Missed Shot,Jump Shot,2PT Field Goal,Mid-Range,Right Side(R),16-24 ft.,18,152,99,1,0,20110728,ATL,LAS,2011,102110009743,2930,validated,,0,matched,playbyplayv2,1611661320,100812|201046|201048|201054|201881,complete,playbyplay_inferred,100076|100396|100928|201049|201911,complete,playbyplay_inferred
Shot Chart Detail,1021100097,65,201881,Angel McCoughtry,1611661330,Atlanta Dream,1,3,6,Missed Shot,Jump Shot,2PT Field Goal,Mid-Range,Left Side(L),8-16 ft.,15,-128,88,1,0,20110728,ATL,LAS,2011,102110009765,4140,validated,,0,matched,playbyplayv2,1611661320,100812|201046|201048|201054|201881,complete,playbyplay_inferred,100076|100234|100396|100928|201911,complete,playbyplay_inferred
Shot Chart Detail,1021100097,76,201881,Angel McCoughtry,1611661330,Atlanta Dream,1,2,11,Missed Shot,Running Hook Shot,2PT Field Goal,In The Paint (Non-RA),Center(C),Less Than 8 ft.,5,-19,47,1,0,20110728,ATL,LAS,2011,102110009776,4690,validated,,0,matched,playbyplayv2,1611661320,100812|201046|201048|201054|201881,complete,playbyplay_inferred,100076|100234|100928|201911|202626,complete,playbyplay_inferred
Shot Chart Detail,1021100097,135,201881,Angel McCoughtry,1611661330,Atlanta Dream,2,6,35,Made Shot,Turnaround Jump Shot,2PT Field Goal,Mid-Range,Center(C),8-16 ft.,15,7,151,1,1,20110728,ATL,LAS,2011,1021100097135,8050,validated,100796,1,matched,playbyplayv2,1611661320,100796|101021|201881|201898|201907,complete,playbyplay_inferred,100234|100396|201490|202626|202650,complete,playbyplay_inferred
Shot Chart Detail,1021100097,185,201881,Angel McCoughtry,1611661330,Atlanta Dream,2,3,11,Made Shot,Driving Layup Shot,2PT Field Goal,Restricted Area,Center(C),Less Than 8 ft.,0,0,4,1,1,20110728,ATL,LAS,2011,1021100097185,10090,validated,,0,matched,playbyplayv2,1611661320,100796|100812|101023|201881|201898,complete,playbyplay_inferred,100234|100928|201049|201506|202626,complete,playbyplay_inferred
Shot Chart Detail,1021100097,194,201881,Angel McCoughtry,1611661330,Atlanta Dream,2,1,24,Made Shot,Fadeaway Jump Shot,2PT Field Goal,Mid-Range,Right Side Center(RC),16-24 ft.,17,95,142,1,1,20110728,ATL,LAS,2011,1021100097194,11160,validated,101023,1,matched,playbyplayv2,1611661320,100796|100812|101023|201881|201898,complete,playbyplay_inferred,100234|100928|201049|201506|202626,complete,playbyplay_inferred
Shot Chart Detail,1021100097,203,201881,Angel McCoughtry,1611661330,Atlanta Dream,2,0,59,Made Shot,Layup Shot,2PT Field Goal,Restricted Area,Center(C),Less Than 8 ft.,0,-7,-2,1,1,20110728,ATL,LAS,2011,1021100097203,11410,validated,,0,matched,playbyplayv2,1611661320,100796|100812|101023|201881|201898,complete,playbyplay_inferred,100928|201049|201506|201911|202626,complete,playbyplay_inferred
Shot Chart Detail,1021100097,224,201881,Angel McCoughtry,1611661330,Atlanta Dream,3,9,44,Missed Shot,Driving Layup Shot,2PT Field Goal,Restricted Area,Center(C),Less Than 8 ft.,0,2,1,1,0,20110728,ATL,LAS,2011,1021100097224,12160,validated,,0,matched,playbyplayv2,1611661320,100812|201046|201048|201054|201881,complete,playbyplay_inferred,100076|100396|100928|201049|201911,complete,playbyplay_inferred
Shot Chart Detail,1021100097,232,201881,Angel McCoughtry,1611661330,Atlanta Dream,3,9,12,Made Shot,Jump Shot,2PT Field Goal,In The Paint (Non-RA),Center(C),Less Than 8 ft.,4,-21,44,1,1,20110728,ATL,LAS,2011,1021100097232,12480,validated,201054,1,matched,playbyplayv2,1611661320,100812|201046|201048|201054|201881,complete,playbyplay_inferred,100076|100396|100928|201049|201911,complete,playbyplay_inferred
Shot Chart Detail,1021100097,235,201881,Angel McCoughtry,1611661330,Atlanta Dream,3,8,47,Missed Shot,Jump Shot,3PT Field Goal,Above the Break 3,Center(C),16-24 ft.,22,-5,228,1,0,20110728,ATL,LAS,2011,1021100097235,12730,validated,,0,matched,playbyplayv2,1611661320,100812|201046|201048|201054|201881,complete,playbyplay_inferred,100076|100396|100928|201049|201911,complete,playbyplay_inferred
Shot Chart Detail,1021100097,242,201881,Angel McCoughtry,1611661330,Atlanta Dream,3,8,0,Missed Shot,Driving Layup Shot,2PT Field Goal,Restricted Area,Center(C),Less Than 8 ft.,1,-4,11,1,0,20110728,ATL,LAS,2011,1021100097242,13200,validated,,0,matched,playbyplayv2,1611661320,100812|201046|201048|201054|201881,complete,playbyplay_inferred,100076|100396|100928|201049|201911,complete,playbyplay_inferred
Shot Chart Detail,1021100097,257,201881,Angel McCoughtry,1611661330,Atlanta Dream,3,6,34,Missed Shot,Driving Layup Shot,2PT Field Goal,Restricted Area,Center(C),Less Than 8 ft.,1,-13,14,1,0,20110728,ATL,LAS,2011,1021100097257,14060,validated,,0,matched,playbyplayv2,1611661320,100812|201046|201048|201054|201881,complete,playbyplay_inferred,100076|100396|100928|201049|201911,complete,playbyplay_inferred
Shot Chart Detail,1021100097,341,201881,Angel McCoughtry,1611661330,Atlanta Dream,3,0,7,Missed Shot,Jump Shot,2PT Field Goal,Mid-Range,Right Side Center(RC),16-24 ft.,16,118,119,1,0,20110728,ATL,LAS,2011,1021100097341,17930,validated,,0,matched,playbyplayv2,1611661320,100796|101023|201881|201898|201907,complete,playbyplay_inferred,100234|100928|201049|201506|202626,complete,playbyplay_inferred
Shot Chart Detail,1021100097,396,201881,Angel McCoughtry,1611661330,Atlanta Dream,4,5,30,Made Shot,Driving Layup Shot,2PT Field Goal,Restricted Area,Center(C),Less Than 8 ft.,1,7,17,1,1,20110728,ATL,LAS,2011,1021100097396,20700,validated,101023,1,matched,playbyplayv2,1611661320,100812|101023|201046|201048|201881,complete,playbyplay_inferred,100234|201506|201911|202626|202650,complete,playbyplay_inferred
Shot Chart Detail,1021100097,403,201881,Angel McCoughtry,1611661330,Atlanta Dream,4,3,35,Made Shot,Layup Shot,2PT Field Goal,Restricted Area,Center(C),Less Than 8 ft.,1,-13,4,1,1,20110728,ATL,LAS,2011,1021100097403,21850,validated,201048,1,matched,playbyplayv2,1611661320,100812|101023|201046|201048|201881,complete,playbyplay_inferred,100234|201506|201911|202626|202650,complete,playbyplay_inferred
Shot Chart Detail,1021100097,411,201881,Angel McCoughtry,1611661330,Atlanta Dream,4,3,1,Made Shot,Driving Jump shot,2PT Field Goal,Mid-Range,Right Side(R),8-16 ft.,13,100,93,1,1,20110728,ATL,LAS,2011,1021100097411,22190,validated,201048,1,matched,playbyplayv2,1611661320,100812|101023|201046|201048|201881,complete,playbyplay_inferred,100076|100234|100928|201911|202626,complete,playbyplay_inferred
Shot Chart Detail,1021100097,427,201881,Angel McCoughtry,1611661330,Atlanta Dream,4,1,34,Made Shot,Jump Shot,2PT Field Goal,Mid-Range,Right Side(R),16-24 ft.,17,173,-8,1,1,20110728,ATL,LAS,2011,1021100097427,23060,validated,201054,1,matched,playbyplayv2,1611661320,101023|201046|201048|201054|201881,complete,playbyplay_inferred,100076|100234|100928|201911|202626,complete,playbyplay_inferred
Shot Chart Detail,1021100107,100,201881,Angel McCoughtry,1611661330,Atlanta Dream,1,0,41,Missed Shot,Jump Shot,2PT Field Goal,In The Paint (Non-RA),Center(C),8-16 ft.,14,-49,137,1,0,20110731,CON,ATL,2011,1021100107100,5590,validated,,0,matched,playbyplayv2,1611661323,100796|100812|101023|201046|201881,complete,playbyplay_inferred,100874|101020|101042|202254|202255,complete,playbyplay_inferred
Shot Chart Detail,1021100107,128,201881,Angel McCoughtry,1611661330,Atlanta Dream,2,9,3,Missed Shot,Jump Shot,2PT Field Goal,Mid-Range,Left Side Center(LC),16-24 ft.,16,-128,105,1,0,20110731,CON,ATL,2011,1021100107128,6570,validated,,0,matched,playbyplayv2,1611661323,100796|101023|201046|201881|201907,complete,playbyplay_inferred,100723|201904|202250|202253|202263,complete,playbyplay_inferred
Shot Chart Detail,1021100107,136,201881,Angel McCoughtry,1611661330,Atlanta Dream,2,8,44,Made Shot,Driving Layup Shot,2PT Field Goal,Restricted Area,Center(C),Less Than 8 ft.,0,0,3,1,1,20110731,CON,ATL,2011,1021100107136,6760,validated,,0,matched,playbyplayv2,1611661323,100690|101023|201046|201881|201907,complete,playbyplay_inferred,100723|201904|202250|202253|202263,complete,playbyplay_inferred
Shot Chart Detail,1021100107,139,201881,Angel McCoughtry,1611661330,Atlanta Dream,2,8,14,Missed Shot,Jump Shot,2PT Field Goal,In The Paint (Non-RA),Center(C),Less Than 8 ft.,5,45,30,1,0,20110731,CON,ATL,2011,1021100107139,7060,validated,,0,matched,playbyplayv2,1611661323,100690|101023|201046|201881|201907,complete,playbyplay_inferred,100723|201904|202250|202253|202263,complete,playbyplay_inferred
Shot Chart Detail,1021100107,154,201881,Angel McCoughtry,1611661330,Atlanta Dream,2,7,18,Missed Shot,Jump Shot,2PT Field Goal,Mid-Range,Left Side(L),8-16 ft.,10,-101,42,1,0,20110731,CON,ATL,2011,1021100107154,7620,validated,,0,matched,playbyplayv2,1611661323,100690|101023|201048|201881|201907,complete,playbyplay_inferred,100723|201904|202250|202253|202263,complete,playbyplay_inferred
Shot Chart Detail,1021100107,155,201881,Angel McCoughtry,1611661330,Atlanta Dream,2,6,47,Made Shot,Jump Shot,2PT Field Goal,Mid-Range,Right Side(R),16-24 ft.,18,152,104,1,1,20110731,CON,ATL,2011,1021100107155,7930,validated,100690,1,matched,playbyplayv2,1611661323,100690|101023|201048|201881|201907,complete,playbyplay_inferred,100723|201904|202250|202253|202263,complete,playbyplay_inferred
Shot Chart Detail,1021100107,159,201881,Angel McCoughtry,1611661330,Atlanta Dream,2,6,20,Missed Shot,Jump Shot,2PT Field Goal,In The Paint (Non-RA),Center(C),Less Than 8 ft.,5,-51,15,1,0,20110731,CON,ATL,2011,1021100107159,8200,validated,,0,matched,playbyplayv2,1611661323,100690|101023|201048|201881|201907,complete,playbyplay_inferred,100723|100874|201904|202250|202253,complete,playbyplay_inferred
Shot Chart Detail,1021100107,188,201881,Angel McCoughtry,1611661330,Atlanta Dream,2,4,54,Missed Shot,Jump Shot,3PT Field Goal,Above the Break 3,Left Side Center(LC),16-24 ft.,22,-160,161,1,0,20110731,CON,ATL,2011,1021100107188,9060,validated,,0,matched,playbyplayv2,1611661323,100690|101021|101023|201048|201881,complete,playbyplay_inferred,100874|101020|202250|202253|202254,complete,playbyplay_inferred
Shot Chart Detail,1021100107,207,201881,Angel McCoughtry,1611661330,Atlanta Dream,2,2,57,Made Shot,Driving Layup Shot,2PT Field Goal,Restricted Area,Center(C),Less Than 8 ft.,0,2,1,1,1,20110731,CON,ATL,2011,1021100107207,10230,validated,100796,1,matched,playbyplayv2,1611661323,100690|100796|100812|201054|201881,complete,playbyplay_inferred,100723|100874|101020|202250|202253,complete,playbyplay_inferred
Shot Chart Detail,1021100107,213,201881,Angel McCoughtry,1611661330,Atlanta Dream,2,2,22,Made Shot,Jump Shot,2PT Field Goal,In The Paint (Non-RA),Center(C),8-16 ft.,9,26,89,1,1,20110731,CON,ATL,2011,1021100107213,10580,validated,,0,matched,playbyplayv2,1611661323,100690|100796|100812|201054|201881,complete,playbyplay_inferred,100723|100874|101020|101042|202253,complete,playbyplay_inferred
Shot Chart Detail,1021100107,216,201881,Angel McCoughtry,1611661330,Atlanta Dream,2,1,56,Missed Shot,Layup Shot,2PT Field Goal,Restricted Area,Center(C),Less Than 8 ft.,1,1,14,1,0,20110731,CON,ATL,2011,1021100107216,10840,validated,,0,matched,playbyplayv2,1611661323,100690|100796|100812|201054|201881,complete,playbyplay_inferred,100723|100874|101020|101042|202253,complete,playbyplay_inferred
Shot Chart Detail,1021100107,235,201881,Angel McCoughtry,1611661330,Atlanta Dream,3,9,15,Missed Shot,Jump Shot,2PT Field Goal,Restricted Area,Center(C),Less Than 8 ft.,3,10,34,1,0,20110731,CON,ATL,2011,1021100107235,12450,validated,,0,matched,playbyplayv2,1611661323,100690|100796|100812|201054|201881,complete,playbyplay_inferred,100723|201904|202250|202253|202263,complete,playbyplay_inferred
Shot Chart Detail,1021100107,237,201881,Angel McCoughtry,1611661330,Atlanta Dream,3,9,13,Made Shot,Putback Layup Shot,2PT Field Goal,Restricted Area,Center(C),Less Than 8 ft.,1,15,-3,1,1,20110731,CON,ATL,2011,1021100107237,12470,validated,,0,matched,playbyplayv2,1611661323,100690|100796|100812|201054|201881,complete,playbyplay_inferred,100723|201904|202250|202253|202263,complete,playbyplay_inferred
Shot Chart Detail,1021100107,264,201881,Angel McCoughtry,1611661330,Atlanta Dream,3,6,45,Made Shot,Driving Layup Shot,2PT Field Goal,Restricted Area,Center(C),Less Than 8 ft.,0,-8,4,1,1,20110731,CON,ATL,2011,1021100107264,13950,validated,100796,1,matched,playbyplayv2,1611661323,100690|100796|100812|201054|201881,complete,playbyplay_inferred,100723|201904|202250|202253|202263,complete,playbyplay_inferred
Shot Chart Detail,1021100107,279,201881,Angel McCoughtry,1611661330,Atlanta Dream,3,4,56,Made Shot,Driving Finger Roll Layup Shot,2PT Field Goal,Restricted Area,Center(C),Less Than 8 ft.,0,-2,7,1,1,20110731,CON,ATL,2011,1021100107279,15040,validated,,0,matched,playbyplayv2,1611661323,100690|100796|100812|201054|201881,complete,playbyplay_inferred,100723|201904|202250|202253|202263,complete,playbyplay_inferred
Shot Chart Detail,1021100107,364,201881,Angel McCoughtry,1611661330,Atlanta Dream,4,8,41,Made Shot,Jump Shot,2PT Field Goal,Restricted Area,Center(C),Less Than 8 ft.,3,1,36,1,1,20110731,CON,ATL,2011,1021100107364,18790,validated,,0,matched,playbyplayv2,1611661323,100796|101021|101023|201046|201881,complete,playbyplay_inferred,101020|201904|202250|202254|202263,complete,playbyplay_inferred
Shot Chart Detail,1021100107,372,201881,Angel McCoughtry,1611661330,Atlanta Dream,4,8,13,Made Shot,Driving Layup Shot,2PT Field Goal,Restricted Area,Center(C),Less Than 8 ft.,1,12,0,1,1,20110731,CON,ATL,2011,1021100107372,19070,validated,101023,1,matched,playbyplayv2,1611661323,100690|100796|100812|101023|201881,complete,playbyplay_inferred,101020|201904|202250|202254|202263,complete,playbyplay_inferred
Shot Chart Detail,1021100107,388,201881,Angel McCoughtry,1611661330,Atlanta Dream,4,6,39,Made Shot,Step Back Jump shot,2PT Field Goal,Mid-Range,Center(C),16-24 ft.,19,7,197,1,1,20110731,CON,ATL,2011,1021100107388,20010,validated,,0,matched,playbyplayv2,1611661323,100690|100796|100812|101023|201881,complete,playbyplay_inferred,100723|100874|202250|202255|202263,complete,playbyplay_inferred
Shot Chart Detail,1021100107,394,201881,Angel McCoughtry,1611661330,Atlanta Dream,4,5,28,Missed Shot,Driving Reverse Layup Shot,2PT Field Goal,Restricted Area,Center(C),Less Than 8 ft.,2,23,9,1,0,20110731,CON,ATL,2011,1021100107394,20720,validated,,0,matched,playbyplayv2,1611661323,100690|100796|100812|101023|201881,complete,playbyplay_inferred,100723|100874|202250|202255|202263,complete,playbyplay_inferred
Shot Chart Detail,1021100107,400,201881,Angel McCoughtry,1611661330,Atlanta Dream,4,4,34,Missed Shot,Jump Shot,3PT Field Goal,Above the Break 3,Left Side Center(LC),16-24 ft.,22,-101,200,1,0,20110731,CON,ATL,2011,1021100107400,21260,validated,,0,matched,playbyplayv2,1611661323,100690|100796|100812|101023|201881,complete,playbyplay_inferred,100723|100874|202250|202255|202263,complete,playbyplay_inferred
Shot Chart Detail,1021100107,408,201881,Angel McCoughtry,1611661330,Atlanta Dream,4,4,7,Made Shot,Layup Shot,2PT Field Goal,Restricted Area,Center(C),Less Than 8 ft.,1,9,17,1,1,20110731,CON,ATL,2011,1021100107408,21530,validated,,0,matched,playbyplayv2,1611661323,100796|100812|201046|201054|201881,complete,playbyplay_inferred,100723|100874|202250|202253|202255,complete,playbyplay_inferred
Shot Chart Detail,1021100107,416,201881,Angel McCoughtry,1611661330,Atlanta Dream,4,3,32,Missed Shot,Jump Shot,3PT Field Goal,Right Corner 3,Right Side(R),24+ ft.,23,233,6,1,0,20110731,CON,ATL,2011,1021100107416,21880,validated,,0,matched,playbyplayv2,1611661323,100796|100812|201046|201054|201881,complete,playbyplay_inferred,100723|100874|202250|202253|202255,complete,playbyplay_inferred
Shot Chart Detail,1021100107,419,201881,Angel McCoughtry,1611661330,Atlanta Dream,4,2,57,Made Shot,Jump Shot,2PT Field Goal,Restricted Area,Center(C),Less Than 8 ft.,3,12,36,1,1,20110731,CON,ATL,2011,1021100107419,22230,validated,201054,1,matched,playbyplayv2,1611661323,100796|100812|201046|201054|201881,complete,playbyplay_inferred,100723|100874|202250|202253|202255,complete,playbyplay_inferred
Shot Chart Detail,1021100107,425,201881,Angel McCoughtry,1611661330,Atlanta Dream,4,2,27,Made Shot,Jump Shot,2PT Field Goal,Mid-Range,Left Side(L),8-16 ft.,15,-130,91,1,1,20110731,CON,ATL,2011,1021100107425,22530,validated,201046,1,matched,playbyplayv2,1611661323,100796|100812|201046|201054|201881,complete,playbyplay_inferred,100723|100874|202250|202253|202255,complete,playbyplay_inferred
Shot Chart Detail,1021100107,438,201881,Angel McCoughtry,1611661330,Atlanta Dream,4,1,32,Missed Shot,Jump Shot,3PT Field Goal,Above the Break 3,Left Side(L),16-24 ft.,22,-185,129,1,0,20110731,CON,ATL,2011,1021100107438,23080,validated,,0,matched,playbyplayv2,1611661323,100812|101023|201046|201048|201881,complete,playbyplay_inferred,100723|100874|202250|202253|202255,complete,playbyplay_inferred
Shot Chart Detail,1021100107,449,201881,Angel McCoughtry,1611661330,Atlanta Dream,4,0,52,Missed Shot,Jump Shot,3PT Field Goal,Above the Break 3,Left Side Center(LC),16-24 ft.,21,-111,186,1,0,20110731,CON,ATL,2011,1021100107449,23480,validated,,0,matched,playbyplayv2,1611661323,100812|101023|201046|201048|201881,complete,playbyplay_inferred,100874|202250|202253|202254|202255,complete,playbyplay_inferred
Shot Chart Detail,1021100107,481,201881,Angel McCoughtry,1611661330,Atlanta Dream,4,0,16,Made Shot,Jump Shot,3PT Field Goal,Above the Break 3,Left Side Center(LC),16-24 ft.,22,-86,206,1,1,20110731,CON,ATL,2011,1021100107481,23840,validated,100796,1,matched,playbyplayv2,1611661323,100690|100796|100812|101023|201881,complete,playbyplay_inferred,100723|101020|202250|202253|202255,complete,playbyplay_inferred
Shot Chart Detail,1021100109,63,201881,Angel McCoughtry,1611661330,Atlanta Dream,1,2,21,Missed Shot,Jump Shot,2PT Field Goal,In The Paint (Non-RA),Right Side(R),8-16 ft.,10,73,74,1,0,20110802,ATL,NYL,2011,102110010963,4590,validated,,0,matched,playbyplayv2,1611661313,100690|100812|101023|201048|201881,complete,playbyplay_inferred,100888|200665|201895|202641|202652,complete,playbyplay_inferred
Shot Chart Detail,1021100109,75,201881,Angel McCoughtry,1611661330,Atlanta Dream,1,1,39,Made Shot,Jump Shot,2PT Field Goal,Mid-Range,Center(C),8-16 ft.,15,-19,157,1,1,20110802,ATL,NYL,2011,102110010975,5010,validated,,0,matched,playbyplayv2,1611661313,100690|100812|101023|201048|201881,complete,playbyplay_inferred,100888|200665|201895|202641|202652,complete,playbyplay_inferred
Shot Chart Detail,1021100109,96,201881,Angel McCoughtry,1611661330,Atlanta Dream,1,0,25,Missed Shot,Jump Shot,2PT Field Goal,Mid-Range,Right Side(R),8-16 ft.,13,103,88,1,0,20110802,ATL,NYL,2011,102110010996,5750,validated,,0,matched,playbyplayv2,1611661313,100690|101023|201048|201881|201907,complete,playbyplay_inferred,100888|201502|201895|202641|202652,complete,playbyplay_inferred
Shot Chart Detail,1021100109,99,201881,Angel McCoughtry,1611661330,Atlanta Dream,1,0,15,Missed Shot,Layup Shot,2PT Field Goal,Restricted Area,Center(C),Less Than 8 ft.,1,-18,4,1,0,20110802,ATL,NYL,2011,102110010999,5850,validated,,0,matched,playbyplayv2,1611661313,100690|101023|201048|201881|201907,complete,playbyplay_inferred,100888|201502|201895|202641|202652,complete,playbyplay_inferred
Shot Chart Detail,1021100109,129,201881,Angel McCoughtry,1611661330,Atlanta Dream,2,7,54,Missed Shot,Driving Layup Shot,2PT Field Goal,Restricted Area,Center(C),Less Than 8 ft.,2,15,14,1,0,20110802,ATL,NYL,2011,1021100109129,7260,validated,,0,matched,playbyplayv2,1611661313,100690|100796|101023|201881|201907,complete,playbyplay_inferred,100888|100919|201502|201507|201913,complete,playbyplay_inferred
Shot Chart Detail,1021100109,136,201881,Angel McCoughtry,1611661330,Atlanta Dream,2,7,10,Missed Shot,Driving Layup Shot,2PT Field Goal,Restricted Area,Center(C),Less Than 8 ft.,2,-23,0,1,0,20110802,ATL,NYL,2011,1021100109136,7700,validated,,0,matched,playbyplayv2,1611661313,100690|100796|101023|201881|201907,complete,playbyplay_inferred,100888|100919|201502|201507|201913,complete,playbyplay_inferred
Shot Chart Detail,1021100109,167,201881,Angel McCoughtry,1611661330,Atlanta Dream,2,4,1,Made Shot,Layup Shot,2PT Field Goal,Restricted Area,Center(C),Less Than 8 ft.,2,-19,11,1,1,20110802,ATL,NYL,2011,1021100109167,9590,validated,201054,1,matched,playbyplayv2,1611661313,100812|201046|201048|201054|201881,complete,playbyplay_inferred,100888|100919|200665|201507|202655,complete,playbyplay_inferred
Shot Chart Detail,1021100109,171,201881,Angel McCoughtry,1611661330,Atlanta Dream,2,3,27,Made Shot,Layup Shot,2PT Field Goal,Restricted Area,Center(C),Less Than 8 ft.,1,13,9,1,1,20110802,ATL,NYL,2011,1021100109171,9930,validated,201046,1,matched,playbyplayv2,1611661313,100812|201046|201048|201054|201881,complete,playbyplay_inferred,100888|100919|200665|201507|202655,complete,playbyplay_inferred
Shot Chart Detail,1021100109,180,201881,Angel McCoughtry,1611661330,Atlanta Dream,2,3,12,Made Shot,Running Layup Shot,2PT Field Goal,Restricted Area,Center(C),Less Than 8 ft.,0,1,3,1,1,20110802,ATL,NYL,2011,1021100109180,10080,validated,,0,matched,playbyplayv2,1611661313,100812|101023|201046|201048|201881,complete,playbyplay_inferred,100888|100919|200665|201895|202641,complete,playbyplay_inferred
Shot Chart Detail,1021100109,189,201881,Angel McCoughtry,1611661330,Atlanta Dream,2,2,25,Missed Shot,Jump Shot,2PT Field Goal,Mid-Range,Right Side(R),8-16 ft.,11,108,31,1,0,20110802,ATL,NYL,2011,1021100109189,10550,validated,,0,matched,playbyplayv2,1611661313,100812|101023|201046|201048|201881,complete,playbyplay_inferred,100888|100919|200665|201895|202641,complete,playbyplay_inferred
Shot Chart Detail,1021100109,313,201881,Angel McCoughtry,1611661330,Atlanta Dream,3,3,32,Made Shot,Running Layup Shot,2PT Field Goal,Restricted Area,Center(C),Less Than 8 ft.,2,21,1,1,1,20110802,ATL,NYL,2011,1021100109313,15880,validated,201046,1,matched,playbyplayv2,1611661313,100690|100812|201046|201054|201881,complete,playbyplay_inferred,100919|201502|201895|201913|202641,complete,playbyplay_inferred
Shot Chart Detail,1021100109,320,201881,Angel McCoughtry,1611661330,Atlanta Dream,3,3,0,Missed Shot,Driving Jump shot,2PT Field Goal,In The Paint (Non-RA),Right Side(R),8-16 ft.,9,61,69,1,0,20110802,ATL,NYL,2011,1021100109320,16200,validated,,0,matched,playbyplayv2,1611661313,100690|100812|201046|201054|201881,complete,playbyplay_inferred,100888|100919|201502|201507|201895,complete,playbyplay_inferred
Shot Chart Detail,1021100109,351,201881,Angel McCoughtry,1611661330,Atlanta Dream,3,0,2,Missed Shot,Jump Shot,3PT Field Goal,Above the Break 3,Left Side(L),16-24 ft.,21,-201,85,1,0,20110802,ATL,NYL,2011,1021100109351,17980,validated,,0,matched,playbyplayv2,1611661313,100690|100812|101023|201046|201881,complete,playbyplay_inferred,100888|201502|201507|201895|202652,complete,playbyplay_inferred
Shot Chart Detail,1021100109,377,201881,Angel McCoughtry,1611661330,Atlanta Dream,4,7,3,Missed Shot,Driving Jump shot,2PT Field Goal,Restricted Area,Center(C),Less Than 8 ft.,3,12,33,1,0,20110802,ATL,NYL,2011,1021100109377,19770,validated,,0,matched,playbyplayv2,1611661313,101023|201046|201048|201881|201907,complete,playbyplay_inferred,100888|100919|201502|201507|201895,complete,playbyplay_inferred
Shot Chart Detail,1021100109,386,201881,Angel McCoughtry,1611661330,Atlanta Dream,4,6,35,Made Shot,Jump Shot,2PT Field Goal,Mid-Range,Left Side Center(LC),16-24 ft.,17,-62,164,1,1,20110802,ATL,NYL,2011,1021100109386,20050,validated,201046,1,matched,playbyplayv2,1611661313,101023|201046|201048|201881|201907,complete,playbyplay_inferred,100919|200665|201507|201895|201913,complete,playbyplay_inferred
Shot Chart Detail,1021100109,388,201881,Angel McCoughtry,1611661330,Atlanta Dream,4,6,1,Made Shot,Driving Layup Shot,2PT Field Goal,Restricted Area,Center(C),Less Than 8 ft.,1,9,9,1,1,20110802,ATL,NYL,2011,1021100109388,20390,validated,201046,1,matched,playbyplayv2,1611661313,101023|201046|201048|201881|201907,complete,playbyplay_inferred,100919|200665|201507|201895|201913,complete,playbyplay_inferred
Shot Chart Detail,1021100109,422,201881,Angel McCoughtry,1611661330,Atlanta Dream,4,2,23,Missed Shot,Jump Shot,2PT Field Goal,Mid-Range,Left Side(L),16-24 ft.,18,-155,102,1,0,20110802,ATL,NYL,2011,1021100109422,22570,validated,,0,matched,playbyplayv2,1611661313,100812|101023|201046|201048|201881,complete,playbyplay_inferred,100888|100919|200665|201507|201913,complete,playbyplay_inferred
Shot Chart Detail,1021100109,430,201881,Angel McCoughtry,1611661330,Atlanta Dream,4,1,57,Made Shot,Putback Layup Shot,2PT Field Goal,Restricted Area,Center(C),Less Than 8 ft.,0,0,1,1,1,20110802,ATL,NYL,2011,1021100109430,22830,validated,,0,matched,playbyplayv2,1611661313,100812|101023|201046|201048|201881,complete,playbyplay_inferred,100888|100919|200665|201507|201913,complete,playbyplay_inferred
Shot Chart Detail,1021100119,10,201881,Angel McCoughtry,1611661330,Atlanta Dream,1,8,54,Missed Shot,Jump Shot,2PT Field Goal,In The Paint (Non-RA),Center(C),Less Than 8 ft.,7,47,61,1,0,20110807,ATL,SEA,2011,102110011910,660,validated,,0,matched,playbyplayv2,1611661328,100812|101023|201046|201048|201881,complete,playbyplay_inferred,100720|100721|100942|101030|201067,complete,playbyplay_inferred
Shot Chart Detail,1021100119,25,201881,Angel McCoughtry,1611661330,Atlanta Dream,1,7,39,Made Shot,Driving Layup Shot,2PT Field Goal,Restricted Area,Center(C),Less Than 8 ft.,0,-8,-3,1,1,20110807,ATL,SEA,2011,102110011925,1410,validated,,0,matched,playbyplayv2,1611661328,100812|101023|201046|201048|201881,complete,playbyplay_inferred,100720|100721|100942|101030|201067,complete,playbyplay_inferred
Shot Chart Detail,1021100119,71,201881,Angel McCoughtry,1611661330,Atlanta Dream,1,3,20,Missed Shot,Jump Shot,2PT Field Goal,Mid-Range,Left Side(L),8-16 ft.,15,-153,39,1,0,20110807,ATL,SEA,2011,102110011971,4000,validated,,0,matched,playbyplayv2,1611661328,100812|201046|201048|201054|201881,complete,playbyplay_inferred,100404|100721|100942|100973|101030,complete,playbyplay_inferred
Shot Chart Detail,1021100119,74,201881,Angel McCoughtry,1611661330,Atlanta Dream,1,2,44,Missed Shot,Driving Jump shot,2PT Field Goal,Restricted Area,Center(C),Less Than 8 ft.,3,-24,19,1,0,20110807,ATL,SEA,2011,102110011974,4360,validated,,0,matched,playbyplayv2,1611661328,100812|201046|201048|201054|201881,complete,playbyplay_inferred,100404|100721|100942|100973|101030,complete,playbyplay_inferred
Shot Chart Detail,1021100119,80,201881,Angel McCoughtry,1611661330,Atlanta Dream,1,2,24,Made Shot,Putback Layup Shot,2PT Field Goal,Restricted Area,Center(C),Less Than 8 ft.,2,21,7,1,1,20110807,ATL,SEA,2011,102110011980,4560,validated,,0,matched,playbyplayv2,1611661328,100812|201046|201048|201054|201881,complete,playbyplay_inferred,100404|100721|100942|100973|101030,complete,playbyplay_inferred
Shot Chart Detail,1021100119,187,201881,Angel McCoughtry,1611661330,Atlanta Dream,2,4,8,Missed Shot,Driving Jump shot,2PT Field Goal,In The Paint (Non-RA),Center(C),Less Than 8 ft.,6,-51,42,1,0,20110807,ATL,SEA,2011,1021100119187,9520,validated,,0,matched,playbyplayv2,1611661328,100812|101023|201046|201048|201881,complete,playbyplay_inferred,100404|100721|100973|101030|201067,complete,playbyplay_inferred
Shot Chart Detail,1021100119,195,201881,Angel McCoughtry,1611661330,Atlanta Dream,2,3,35,Missed Shot,Jump Shot,2PT Field Goal,In The Paint (Non-RA),Center(C),8-16 ft.,12,59,105,1,0,20110807,ATL,SEA,2011,1021100119195,9850,validated,,0,matched,playbyplayv2,1611661328,100812|101023|201046|201048|201881,complete,playbyplay_inferred,100404|100721|100973|101030|201067,complete,playbyplay_inferred
Shot Chart Detail,1021100119,215,201881,Angel McCoughtry,1611661330,Atlanta Dream,2,1,23,Made Shot,Fadeaway Jump Shot,2PT Field Goal,Mid-Range,Right Side(R),16-24 ft.,17,176,7,1,1,20110807,ATL,SEA,2011,1021100119215,11170,validated,201048,1,matched,playbyplayv2,1611661328,100812|101023|201046|201048|201881,complete,playbyplay_inferred,100404|100721|100973|101030|201067,complete,playbyplay_inferred
Shot Chart Detail,1021100119,218,201881,Angel McCoughtry,1611661330,Atlanta Dream,2,0,46,Made Shot,Fadeaway Jump Shot,2PT Field Goal,Mid-Range,Left Side(L),8-16 ft.,15,-108,118,1,1,20110807,ATL,SEA,2011,1021100119218,11540,validated,201048,1,matched,playbyplayv2,1611661328,100812|101023|201046|201048|201881,complete,playbyplay_inferred,100404|100721|100973|101030|201067,complete,playbyplay_inferred
Shot Chart Detail,1021100119,231,201881,Angel McCoughtry,1611661330,Atlanta Dream,3,9,43,Made Shot,Driving Jump shot,2PT Field Goal,In The Paint (Non-RA),Center(C),Less Than 8 ft.,7,61,50,1,1,20110807,ATL,SEA,2011,1021100119231,12170,validated,,0,matched,playbyplayv2,1611661328,100690|100812|101023|201046|201881,complete,playbyplay_inferred,100720|100721|100942|101030|201067,complete,playbyplay_inferred
Shot Chart Detail,1021100119,233,201881,Angel McCoughtry,1611661330,Atlanta Dream,3,9,10,Missed Shot,Driving Layup Shot,2PT Field Goal,Restricted Area,Center(C),Less Than 8 ft.,0,-8,4,1,0,20110807,ATL,SEA,2011,1021100119233,12500,validated,,0,matched,playbyplayv2,1611661328,100690|100812|101023|201046|201881,complete,playbyplay_inferred,100720|100721|100942|101030|201067,complete,playbyplay_inferred
Shot Chart Detail,1021100119,285,201881,Angel McCoughtry,1611661330,Atlanta Dream,3,5,41,Missed Shot,Jump Shot,3PT Field Goal,Above the Break 3,Right Side Center(RC),16-24 ft.,21,100,186,1,0,20110807,ATL,SEA,2011,1021100119285,14590,validated,,0,matched,playbyplayv2,1611661328,100690|100812|101023|201046|201881,complete,playbyplay_inferred,100720|100721|100942|100973|101030,complete,playbyplay_inferred
Shot Chart Detail,1021100119,363,201881,Angel McCoughtry,1611661330,Atlanta Dream,4,8,42,Made Shot,Jump Shot,2PT Field Goal,Mid-Range,Right Side Center(RC),16-24 ft.,16,130,101,1,1,20110807,ATL,SEA,2011,1021100119363,18780,validated,201046,1,matched,playbyplayv2,1611661328,100690|100812|101023|201046|201881,complete,playbyplay_inferred,100404|100721|100973|101030|201067,complete,playbyplay_inferred
Shot Chart Detail,1021100119,366,201881,Angel McCoughtry,1611661330,Atlanta Dream,4,8,5,Missed Shot,Jump Shot,2PT Field Goal,In The Paint (Non-RA),Center(C),8-16 ft.,10,-5,108,1,0,20110807,ATL,SEA,2011,1021100119366,19150,validated,,0,matched,playbyplayv2,1611661328,100690|100812|101023|201046|201881,complete,playbyplay_inferred,100404|100721|100973|101030|201067,complete,playbyplay_inferred
Shot Chart Detail,1021100119,372,201881,Angel McCoughtry,1611661330,Atlanta Dream,4,7,41,Missed Shot,Jump Shot,3PT Field Goal,Above the Break 3,Right Side(R),16-24 ft.,21,201,75,1,0,20110807,ATL,SEA,2011,1021100119372,19390,validated,,0,matched,playbyplayv2,1611661328,100690|100812|101023|201046|201881,complete,playbyplay_inferred,100404|100721|100973|101030|201067,complete,playbyplay_inferred
Shot Chart Detail,1021100119,391,201881,Angel McCoughtry,1611661330,Atlanta Dream,4,6,21,Missed Shot,Running Jump Shot,2PT Field Goal,In The Paint (Non-RA),Center(C),8-16 ft.,10,-37,99,1,0,20110807,ATL,SEA,2011,1021100119391,20190,validated,,0,matched,playbyplayv2,1611661328,100690|100812|101023|201046|201881,complete,playbyplay_inferred,100404|100696|100720|100942|201067,complete,playbyplay_inferred
Shot Chart Detail,1021100119,398,201881,Angel McCoughtry,1611661330,Atlanta Dream,4,5,48,Missed Shot,Jump Shot,2PT Field Goal,Mid-Range,Center(C),16-24 ft.,17,-51,167,1,0,20110807,ATL,SEA,2011,1021100119398,20520,validated,,0,matched,playbyplayv2,1611661328,100690|100812|101023|201046|201881,complete,playbyplay_inferred,100404|100696|100720|100942|201067,complete,playbyplay_inferred
Shot Chart Detail,1021100119,414,201881,Angel McCoughtry,1611661330,Atlanta Dream,4,4,36,Missed Shot,Jump Shot,2PT Field Goal,In The Paint (Non-RA),Left Side(L),8-16 ft.,9,-48,83,1,0,20110807,ATL,SEA,2011,1021100119414,21240,validated,,0,matched,playbyplayv2,1611661328,100690|100812|101023|201046|201881,complete,playbyplay_inferred,100404|100720|100721|100942|201067,complete,playbyplay_inferred
Shot Chart Detail,1021100119,422,201881,Angel McCoughtry,1611661330,Atlanta Dream,4,4,0,Missed Shot,Jump Shot,2PT Field Goal,Mid-Range,Right Side(R),8-16 ft.,9,83,42,1,0,20110807,ATL,SEA,2011,1021100119422,21600,validated,,0,matched,playbyplayv2,1611661328,100690|100812|101023|201046|201881,complete,playbyplay_inferred,100404|100720|100721|100942|201067,complete,playbyplay_inferred
Shot Chart Detail,1021100119,443,201881,Angel McCoughtry,1611661330,Atlanta Dream,4,2,58,Made Shot,Jump Shot,2PT Field Goal,Mid-Range,Right Side Center(RC),16-24 ft.,16,81,145,1,1,20110807,ATL,SEA,2011,1021100119443,22220,validated,,0,matched,playbyplayv2,1611661328,100690|100812|101023|201046|201881,complete,playbyplay_inferred,100696|100721|100942|100973|201516,complete,playbyplay_inferred
Shot Chart Detail,1021100124,146,201881,Angel McCoughtry,1611661330,Atlanta Dream,2,5,47,Made Shot,Layup Shot,2PT Field Goal,Restricted Area,Center(C),Less Than 8 ft.,0,-7,1,1,1,20110809,WAS,ATL,2011,1021100124146,8530,validated,101023,1,matched,playbyplayv2,1611661322,100796|100812|101023|201046|201881,complete,playbyplay_inferred,100533|100627|201492|201500|201889,complete,playbyplay_inferred
Shot Chart Detail,1021100124,173,201881,Angel McCoughtry,1611661330,Atlanta Dream,2,3,24,Missed Shot,Jump Shot,2PT Field Goal,In The Paint (Non-RA),Right Side(R),8-16 ft.,11,73,91,1,0,20110809,WAS,ATL,2011,1021100124173,9960,validated,,0,matched,playbyplayv2,1611661322,100690|100796|101023|201881|201907,complete,playbyplay_inferred,100533|100627|200704|201492|201518,complete,playbyplay_inferred
Shot Chart Detail,1021100124,191,201881,Angel McCoughtry,1611661330,Atlanta Dream,2,2,36,Missed Shot,Jump Shot,3PT Field Goal,Above the Break 3,Left Side Center(LC),24+ ft.,24,-207,124,1,0,20110809,WAS,ATL,2011,1021100124191,10440,validated,,0,matched,playbyplayv2,1611661322,100690|100812|101023|201046|201881,complete,playbyplay_inferred,100627|200704|201492|201500|201518,complete,playbyplay_inferred
Shot Chart Detail,1021100124,249,201881,Angel McCoughtry,1611661330,Atlanta Dream,3,8,29,Missed Shot,Jump Shot,2PT Field Goal,In The Paint (Non-RA),Center(C),8-16 ft.,13,-49,129,1,0,20110809,WAS,ATL,2011,1021100124249,12910,validated,,0,matched,playbyplayv2,1611661322,100690|100796|100812|101023|201881,complete,playbyplay_inferred,100627|201492|201500|201518|201889,complete,playbyplay_inferred
Shot Chart Detail,1021100124,264,201881,Angel McCoughtry,1611661330,Atlanta Dream,3,7,32,Missed Shot,Jump Shot,2PT Field Goal,Mid-Range,Left Side(L),16-24 ft.,16,-166,9,1,0,20110809,WAS,ATL,2011,1021100124264,13480,validated,,0,matched,playbyplayv2,1611661322,100690|100796|100812|101023|201881,complete,playbyplay_inferred,100627|201492|201500|201518|201889,complete,playbyplay_inferred
Shot Chart Detail,1021100124,300,201881,Angel McCoughtry,1611661330,Atlanta Dream,3,5,18,Missed Shot,Jump Shot,2PT Field Goal,Mid-Range,Left Side(L),8-16 ft.,10,-108,12,1,0,20110809,WAS,ATL,2011,1021100124300,14820,validated,,0,matched,playbyplayv2,1611661322,100690|100796|100812|201054|201881,complete,playbyplay_inferred,100627|201492|201500|201518|201889,complete,playbyplay_inferred
Shot Chart Detail,1021100124,320,201881,Angel McCoughtry,1611661330,Atlanta Dream,3,3,41,Missed Shot,Layup Shot,2PT Field Goal,Restricted Area,Center(C),Less Than 8 ft.,2,28,9,1,0,20110809,WAS,ATL,2011,1021100124320,15790,validated,,0,matched,playbyplayv2,1611661322,100690|100796|101021|201054|201881,complete,playbyplay_inferred,100533|100627|201500|201889|202662,complete,playbyplay_inferred
Shot Chart Detail,1021100124,322,201881,Angel McCoughtry,1611661330,Atlanta Dream,3,3,34,Missed Shot,Jump Shot,2PT Field Goal,Mid-Range,Right Side(R),16-24 ft.,18,181,-19,1,0,20110809,WAS,ATL,2011,1021100124322,15860,validated,,0,matched,playbyplayv2,1611661322,100690|100796|101021|201054|201881,complete,playbyplay_inferred,100533|100627|201500|201889|202662,complete,playbyplay_inferred
Shot Chart Detail,1021100124,327,201881,Angel McCoughtry,1611661330,Atlanta Dream,3,2,48,Made Shot,Layup Shot,2PT Field Goal,Restricted Area,Center(C),Less Than 8 ft.,0,0,7,1,1,20110809,WAS,ATL,2011,1021100124327,16320,validated,100690,1,matched,playbyplayv2,1611661322,100690|100796|101021|201054|201881,complete,playbyplay_inferred,100533|100627|201500|201889|202662,complete,playbyplay_inferred
Shot Chart Detail,1021100124,335,201881,Angel McCoughtry,1611661330,Atlanta Dream,3,2,21,Missed Shot,Jump Shot,2PT Field Goal,Mid-Range,Center(C),16-24 ft.,18,0,183,1,0,20110809,WAS,ATL,2011,1021100124335,16590,validated,,0,matched,playbyplayv2,1611661322,100690|100796|101021|201054|201881,complete,playbyplay_inferred,100533|100627|201492|201518|201889,complete,playbyplay_inferred
Shot Chart Detail,1021100124,405,201881,Angel McCoughtry,1611661330,Atlanta Dream,4,5,30,Missed Shot,Jump Shot,2PT Field Goal,Mid-Range,Right Side(R),8-16 ft.,12,125,-21,1,0,20110809,WAS,ATL,2011,1021100124405,20700,validated,,0,matched,playbyplayv2,1611661322,100690|100796|100812|201054|201881,complete,playbyplay_inferred,201492|201500|201518|201889|202662,complete,playbyplay_inferred
Shot Chart Detail,1021100124,409,201881,Angel McCoughtry,1611661330,Atlanta Dream,4,4,47,Missed Shot,Jump Shot,2PT Field Goal,Mid-Range,Right Side(R),8-16 ft.,8,81,-24,1,0,20110809,WAS,ATL,2011,1021100124409,21130,validated,,0,matched,playbyplayv2,1611661322,100690|100796|100812|201054|201881,complete,playbyplay_inferred,201492|201500|201518|201889|202662,complete,playbyplay_inferred
Shot Chart Detail,1021100124,419,201881,Angel McCoughtry,1611661330,Atlanta Dream,4,4,20,Missed Shot,Jump Shot,2PT Field Goal,Mid-Range,Right Side Center(RC),16-24 ft.,16,58,157,1,0,20110809,WAS,ATL,2011,1021100124419,21400,validated,,0,matched,playbyplayv2,1611661322,100690|100812|201048|201054|201881,complete,playbyplay_inferred,201492|201500|201518|201889|202662,complete,playbyplay_inferred
Shot Chart Detail,1021100124,422,201881,Angel McCoughtry,1611661330,Atlanta Dream,4,3,52,Made Shot,Jump Shot,2PT Field Goal,Mid-Range,Right Side(R),16-24 ft.,17,170,-28,1,1,20110809,WAS,ATL,2011,1021100124422,21680,validated,201048,1,matched,playbyplayv2,1611661322,100690|100812|201048|201054|201881,complete,playbyplay_inferred,201492|201500|201518|201889|202662,complete,playbyplay_inferred
Shot Chart Detail,1021100124,426,201881,Angel McCoughtry,1611661330,Atlanta Dream,4,3,9,Missed Shot,Jump Shot,2PT Field Goal,Mid-Range,Right Side Center(RC),16-24 ft.,17,91,149,1,0,20110809,WAS,ATL,2011,1021100124426,22110,validated,,0,matched,playbyplayv2,1611661322,100690|100812|201048|201054|201881,complete,playbyplay_inferred,201492|201500|201518|201889|202662,complete,playbyplay_inferred
Shot Chart Detail,1021100124,452,201881,Angel McCoughtry,1611661330,Atlanta Dream,4,0,57,Missed Shot,Jump Shot,2PT Field Goal,Mid-Range,Right Side(R),8-16 ft.,14,100,104,1,0,20110809,WAS,ATL,2011,1021100124452,23430,validated,,0,matched,playbyplayv2,1611661322,100796|101023|201048|201054|201881,complete,playbyplay_inferred,100627|201492|201500|201518|201889,complete,playbyplay_inferred
Shot Chart Detail,1021100124,473,201881,Angel McCoughtry,1611661330,Atlanta Dream,4,0,33,Made Shot,Jump Shot,3PT Field Goal,Above the Break 3,Left Side(L),16-24 ft.,23,-207,102,1,1,20110809,WAS,ATL,2011,1021100124473,23670,validated,101023,1,matched,playbyplayv2,1611661322,100690|100796|100812|101023|201881,complete,playbyplay_inferred,100627|201492|201500|201518|201889,complete,playbyplay_inferred
Shot Chart Detail,1021100130,15,201881,Angel McCoughtry,1611661330,Atlanta Dream,1,7,41,Missed Shot,Jump Shot,2PT Field Goal,Mid-Range,Right Side(R),8-16 ft.,13,130,9,1,0,20110811,PHO,ATL,2011,102110013015,1390,validated,,0,matched,playbyplayv2,1611661317,100690|100796|100812|101023|201881,complete,playbyplay_inferred,100556|100634|100940|101024|200676,complete,playbyplay_inferred
Shot Chart Detail,1021100130,32,201881,Angel McCoughtry,1611661330,Atlanta Dream,1,5,48,Made Shot,Jump Shot,2PT Field Goal,Mid-Range,Left Side(L),8-16 ft.,11,-86,69,1,1,20110811,PHO,ATL,2011,102110013032,2520,validated,100690,1,matched,playbyplayv2,1611661317,100690|100796|100812|101023|201881,complete,playbyplay_inferred,100634|100940|200676|201484|201886,complete,playbyplay_inferred
Shot Chart Detail,1021100130,68,201881,Angel McCoughtry,1611661330,Atlanta Dream,1,3,7,Missed Shot,Jump Shot,2PT Field Goal,In The Paint (Non-RA),Center(C),Less Than 8 ft.,4,42,-2,1,0,20110811,PHO,ATL,2011,102110013068,4130,validated,,0,matched,playbyplayv2,1611661317,101023|201046|201048|201054|201881,complete,playbyplay_inferred,100556|100685|101024|201086|201886,complete,playbyplay_inferred
Shot Chart Detail,1021100130,163,201881,Angel McCoughtry,1611661330,Atlanta Dream,2,5,42,Missed Shot,Jump Bank Shot,2PT Field Goal,In The Paint (Non-RA),Center(C),Less Than 8 ft.,6,58,30,1,0,20110811,PHO,ATL,2011,1021100130163,8580,validated,,0,matched,playbyplayv2,1611661317,100690|201046|201054|201881|201907,complete,playbyplay_inferred,100556|100634|100940|101024|201886,complete,playbyplay_inferred
Shot Chart Detail,1021100130,172,201881,Angel McCoughtry,1611661330,Atlanta Dream,2,5,13,Made Shot,Reverse Layup Shot,2PT Field Goal,Restricted Area,Center(C),Less Than 8 ft.,2,-21,0,1,1,20110811,PHO,ATL,2011,1021100130172,8870,validated,201046,1,matched,playbyplayv2,1611661317,100690|201046|201054|201881|201907,complete,playbyplay_inferred,100556|100634|100940|101024|201886,complete,playbyplay_inferred
Shot Chart Detail,1021100130,174,201881,Angel McCoughtry,1611661330,Atlanta Dream,2,4,52,Missed Shot,Driving Layup Shot,2PT Field Goal,Restricted Area,Center(C),Less Than 8 ft.,2,29,4,1,0,20110811,PHO,ATL,2011,1021100130174,9080,validated,,0,matched,playbyplayv2,1611661317,100690|201046|201054|201881|201907,complete,playbyplay_inferred,100556|100634|100940|101024|201886,complete,playbyplay_inferred
Shot Chart Detail,1021100130,179,201881,Angel McCoughtry,1611661330,Atlanta Dream,2,4,13,Made Shot,Jump Shot,3PT Field Goal,Left Corner 3,Left Side(L),16-24 ft.,20,-207,-11,1,1,20110811,PHO,ATL,2011,1021100130179,9470,validated,100690,1,matched,playbyplayv2,1611661317,100690|201046|201054|201881|201907,complete,playbyplay_inferred,100556|100634|100940|101024|201886,complete,playbyplay_inferred
Shot Chart Detail,1021100130,226,201881,Angel McCoughtry,1611661330,Atlanta Dream,2,1,8,Made Shot,Jump Shot,2PT Field Goal,In The Paint (Non-RA),Center(C),8-16 ft.,14,56,134,1,1,20110811,PHO,ATL,2011,1021100130226,11320,validated,,0,matched,playbyplayv2,1611661317,100796|201046|201054|201881|201907,complete,playbyplay_inferred,100685|101024|200676|201086|201886,complete,playbyplay_inferred
Shot Chart Detail,1021100130,249,201881,Angel McCoughtry,1611661330,Atlanta Dream,2,0,8,Made Shot,Jump Bank Shot,2PT Field Goal,In The Paint (Non-RA),Center(C),Less Than 8 ft.,4,-40,23,1,1,20110811,PHO,ATL,2011,1021100130249,11920,validated,,0,matched,playbyplayv2,1611661317,100690|100796|201054|201881|201907,complete,playbyplay_inferred,100556|100634|100940|101024|200676,complete,playbyplay_inferred
Shot Chart Detail,1021100130,271,201881,Angel McCoughtry,1611661330,Atlanta Dream,3,8,43,Missed Shot,Jump Shot,3PT Field Goal,Above the Break 3,Left Side Center(LC),16-24 ft.,22,-76,208,1,0,20110811,PHO,ATL,2011,1021100130271,12770,validated,,0,matched,playbyplayv2,1611661317,100690|100796|100812|101023|201881,complete,playbyplay_inferred,100556|100634|100940|101024|200676,complete,playbyplay_inferred
Shot Chart Detail,1021100130,284,201881,Angel McCoughtry,1611661330,Atlanta Dream,3,8,5,Missed Shot,Jump Shot,2PT Field Goal,Restricted Area,Center(C),Less Than 8 ft.,3,10,33,1,0,20110811,PHO,ATL,2011,1021100130284,13150,validated,,0,matched,playbyplayv2,1611661317,100690|100796|100812|101023|201881,complete,playbyplay_inferred,100556|100634|100940|101024|200676,complete,playbyplay_inferred
Shot Chart Detail,1021100130,287,201881,Angel McCoughtry,1611661330,Atlanta Dream,3,7,58,Missed Shot,Jump Shot,2PT Field Goal,Restricted Area,Center(C),Less Than 8 ft.,3,-23,25,1,0,20110811,PHO,ATL,2011,1021100130287,13220,validated,,0,matched,playbyplayv2,1611661317,100690|100796|100812|101023|201881,complete,playbyplay_inferred,100556|100634|100940|101024|200676,complete,playbyplay_inferred
Shot Chart Detail,1021100130,401,201881,Angel McCoughtry,1611661330,Atlanta Dream,4,8,43,Missed Shot,Jump Shot,2PT Field Goal,In The Paint (Non-RA),Center(C),8-16 ft.,12,-49,116,1,0,20110811,PHO,ATL,2011,1021100130401,18770,validated,,0,matched,playbyplayv2,1611661317,100812|201046|201048|201054|201881,complete,playbyplay_inferred,100685|100940|200676|201484|201886,complete,playbyplay_inferred
Shot Chart Detail,1021100130,437,201881,Angel McCoughtry,1611661330,Atlanta Dream,4,6,20,Made Shot,Driving Reverse Layup Shot,2PT Field Goal,Restricted Area,Center(C),Less Than 8 ft.,2,-18,14,1,1,20110811,PHO,ATL,2011,1021100130437,20200,validated,,0,matched,playbyplayv2,1611661317,101023|201046|201048|201881|201907,complete,playbyplay_inferred,100556|100634|100940|200676|201484,complete,playbyplay_inferred
Shot Chart Detail,1021100130,444,201881,Angel McCoughtry,1611661330,Atlanta Dream,4,5,55,Missed Shot,Jump Shot,3PT Field Goal,Left Corner 3,Left Side(L),24+ ft.,22,-223,-8,1,0,20110811,PHO,ATL,2011,1021100130444,20450,validated,,0,matched,playbyplayv2,1611661317,101023|201046|201048|201881|201907,complete,playbyplay_inferred,100556|100634|100940|200676|201484,complete,playbyplay_inferred
Shot Chart Detail,1021100130,493,201881,Angel McCoughtry,1611661330,Atlanta Dream,4,2,36,Missed Shot,Jump Shot,2PT Field Goal,Mid-Range,Right Side(R),8-16 ft.,14,136,-40,1,0,20110811,PHO,ATL,2011,1021100130493,22440,validated,,0,matched,playbyplayv2,1611661317,100690|100796|100812|201054|201881,complete,playbyplay_inferred,100634|100940|101024|200676|201886,complete,playbyplay_inferred
Shot Chart Detail,1021100137,19,201881,Angel McCoughtry,1611661330,Atlanta Dream,1,7,47,Missed Shot,Layup Shot,2PT Field Goal,Restricted Area,Center(C),Less Than 8 ft.,1,-10,15,1,0,20110813,SEA,ATL,2011,102110013719,1330,validated,,0,matched,playbyplayv2,1611661328,100812|101023|201046|201048|201881,complete,playbyplay_inferred,100720|100721|100942|101030|201067,complete,playbyplay_inferred
Shot Chart Detail,1021100137,69,201881,Angel McCoughtry,1611661330,Atlanta Dream,1,3,50,Missed Shot,Jump Shot,2PT Field Goal,In The Paint (Non-RA),Center(C),8-16 ft.,13,48,126,1,0,20110813,SEA,ATL,2011,102110013769,3700,validated,,0,matched,playbyplayv2,1611661328,100690|100812|101023|201046|201881,complete,playbyplay_inferred,100404|100720|100973|101030|201067,complete,playbyplay_inferred
Shot Chart Detail,1021100137,75,201881,Angel McCoughtry,1611661330,Atlanta Dream,1,3,27,Made Shot,Jump Shot,2PT Field Goal,Mid-Range,Right Side(R),8-16 ft.,10,100,34,1,1,20110813,SEA,ATL,2011,102110013775,3930,validated,,0,matched,playbyplayv2,1611661328,100796|100812|101023|201046|201881,complete,playbyplay_inferred,100404|100720|100973|101030|201067,complete,playbyplay_inferred
Shot Chart Detail,1021100137,90,201881,Angel McCoughtry,1611661330,Atlanta Dream,1,2,17,Made Shot,Layup Shot,2PT Field Goal,Restricted Area,Center(C),Less Than 8 ft.,2,15,15,1,1,20110813,SEA,ATL,2011,102110013790,4630,validated,201046,1,matched,playbyplayv2,1611661328,100796|100812|201046|201054|201881,complete,playbyplay_inferred,100404|100720|100721|100942|100973,complete,playbyplay_inferred
Shot Chart Detail,1021100137,106,201881,Angel McCoughtry,1611661330,Atlanta Dream,1,0,46,Made Shot,Jump Shot,2PT Field Goal,Mid-Range,Left Side Center(LC),16-24 ft.,19,-125,154,1,1,20110813,SEA,ATL,2011,1021100137106,5540,validated,,0,matched,playbyplayv2,1611661328,100796|100812|201046|201054|201881,complete,playbyplay_inferred,100404|100720|100721|100942|100973,complete,playbyplay_inferred
Shot Chart Detail,1021100137,114,201881,Angel McCoughtry,1611661330,Atlanta Dream,1,0,0,Missed Shot,Jump Shot,3PT Field Goal,Backcourt,Back Court(BC),Back Court Shot,50,47,507,1,0,20110813,SEA,ATL,2011,1021100137114,6000,validated,,0,matched,playbyplayv2,1611661328,100796|100812|201046|201054|201881,complete,playbyplay_inferred,100404|100720|100721|100942|100973,complete,playbyplay_inferred
Shot Chart Detail,1021100137,167,201881,Angel McCoughtry,1611661330,Atlanta Dream,2,4,55,Missed Shot,Jump Shot,2PT Field Goal,Mid-Range,Left Side(L),8-16 ft.,10,-103,37,1,0,20110813,SEA,ATL,2011,1021100137167,9050,validated,,0,matched,playbyplayv2,1611661328,100690|100796|201054|201881|201907,complete,playbyplay_inferred,100404|100720|100942|100973|101030,complete,playbyplay_inferred
Shot Chart Detail,1021100137,169,201881,Angel McCoughtry,1611661330,Atlanta Dream,2,4,51,Made Shot,Jump Shot,2PT Field Goal,In The Paint (Non-RA),Center(C),Less Than 8 ft.,6,-16,58,1,1,20110813,SEA,ATL,2011,1021100137169,9090,validated,,0,matched,playbyplayv2,1611661328,100690|100796|201054|201881|201907,complete,playbyplay_inferred,100404|100720|100942|100973|101030,complete,playbyplay_inferred
Shot Chart Detail,1021100137,256,201881,Angel McCoughtry,1611661330,Atlanta Dream,3,8,50,Made Shot,Jump Shot,2PT Field Goal,In The Paint (Non-RA),Center(C),8-16 ft.,10,-38,99,1,1,20110813,SEA,ATL,2011,1021100137256,12700,validated,,0,matched,playbyplayv2,1611661328,100812|101023|201046|201048|201881,complete,playbyplay_inferred,100720|100721|100942|100973|101030,complete,playbyplay_inferred
Shot Chart Detail,1021100137,262,201881,Angel McCoughtry,1611661330,Atlanta Dream,3,8,11,Made Shot,Jump Shot,2PT Field Goal,In The Paint (Non-RA),Center(C),Less Than 8 ft.,6,59,30,1,1,20110813,SEA,ATL,2011,1021100137262,13090,validated,,0,matched,playbyplayv2,1611661328,100812|101023|201046|201048|201881,complete,playbyplay_inferred,100720|100721|100942|100973|101030,complete,playbyplay_inferred
Shot Chart Detail,1021100137,277,201881,Angel McCoughtry,1611661330,Atlanta Dream,3,5,59,Missed Shot,Jump Shot,2PT Field Goal,In The Paint (Non-RA),Center(C),8-16 ft.,12,9,121,1,0,20110813,SEA,ATL,2011,1021100137277,14410,validated,,0,matched,playbyplayv2,1611661328,100812|101023|201046|201048|201881,complete,playbyplay_inferred,100404|100720|100721|100942|100973,complete,playbyplay_inferred
Shot Chart Detail,1021100137,284,201881,Angel McCoughtry,1611661330,Atlanta Dream,3,5,22,Made Shot,Jump Shot,2PT Field Goal,Mid-Range,Center(C),16-24 ft.,16,-24,167,1,1,20110813,SEA,ATL,2011,1021100137284,14780,validated,201048,1,matched,playbyplayv2,1611661328,100812|101023|201046|201048|201881,complete,playbyplay_inferred,100404|100720|100721|100942|100973,complete,playbyplay_inferred
Shot Chart Detail,1021100137,307,201881,Angel McCoughtry,1611661330,Atlanta Dream,3,3,59,Missed Shot,Jump Shot,2PT Field Goal,Mid-Range,Right Side(R),8-16 ft.,14,114,89,1,0,20110813,SEA,ATL,2011,1021100137307,15610,validated,,0,matched,playbyplayv2,1611661328,100812|101023|201046|201048|201881,complete,playbyplay_inferred,100404|100720|100721|100973|201067,complete,playbyplay_inferred
Shot Chart Detail,1021100144,2,201881,Angel McCoughtry,1611661330,Atlanta Dream,1,9,55,Missed Shot,Layup Shot,2PT Field Goal,Restricted Area,Center(C),Less Than 8 ft.,2,21,6,1,0,20110816,LAS,ATL,2011,10211001442,50,validated,,0,matched,playbyplayv2,1611661320,100812|101023|201046|201048|201881,complete,playbyplay_inferred,100076|100234|100396|100928|201049,complete,playbyplay_inferred
Shot Chart Detail,1021100144,18,201881,Angel McCoughtry,1611661330,Atlanta Dream,1,8,9,Made Shot,Driving Layup Shot,2PT Field Goal,Restricted Area,Center(C),Less Than 8 ft.,1,-11,9,1,1,20110816,LAS,ATL,2011,102110014418,1110,validated,,0,matched,playbyplayv2,1611661320,100812|101023|201046|201048|201881,complete,playbyplay_inferred,100076|100234|100396|100928|201049,complete,playbyplay_inferred
Shot Chart Detail,1021100144,34,201881,Angel McCoughtry,1611661330,Atlanta Dream,1,6,9,Missed Shot,Jump Shot,2PT Field Goal,In The Paint (Non-RA),Center(C),8-16 ft.,15,-64,137,1,0,20110816,LAS,ATL,2011,102110014434,2310,validated,,0,matched,playbyplayv2,1611661320,100812|101023|201046|201048|201881,complete,playbyplay_inferred,100076|100234|100396|100928|201049,complete,playbyplay_inferred
Shot Chart Detail,1021100144,68,201881,Angel McCoughtry,1611661330,Atlanta Dream,1,2,3,Made Shot,Jump Shot,2PT Field Goal,In The Paint (Non-RA),Center(C),8-16 ft.,11,28,110,1,1,20110816,LAS,ATL,2011,102110014468,4770,validated,,0,matched,playbyplayv2,1611661320,100812|101023|201046|201048|201881,complete,playbyplay_inferred,100076|100234|100396|100928|201049,complete,playbyplay_inferred
Shot Chart Detail,1021100144,156,201881,Angel McCoughtry,1611661330,Atlanta Dream,2,4,35,Missed Shot,Jump Shot,2PT Field Goal,Mid-Range,Left Side Center(LC),16-24 ft.,17,-65,164,1,0,20110816,LAS,ATL,2011,1021100144156,9250,validated,,0,matched,playbyplayv2,1611661320,100690|101023|201048|201881|201907,complete,playbyplay_inferred,100396|201490|201496|201911|202650,complete,playbyplay_inferred
Shot Chart Detail,1021100144,160,201881,Angel McCoughtry,1611661330,Atlanta Dream,2,4,5,Missed Shot,Layup Shot,2PT Field Goal,Restricted Area,Center(C),Less Than 8 ft.,2,28,0,1,0,20110816,LAS,ATL,2011,1021100144160,9550,validated,,0,matched,playbyplayv2,1611661320,100690|101023|201048|201881|201907,complete,playbyplay_inferred,100396|201490|201496|201911|202650,complete,playbyplay_inferred
Shot Chart Detail,1021100144,253,201881,Angel McCoughtry,1611661330,Atlanta Dream,3,4,0,Made Shot,Driving Layup Shot,2PT Field Goal,Restricted Area,Center(C),Less Than 8 ft.,2,23,3,1,1,20110816,LAS,ATL,2011,1021100144253,15600,validated,201048,1,matched,playbyplayv2,1611661320,100812|101023|201046|201048|201881,complete,playbyplay_inferred,100076|100234|100396|201049|201496,complete,playbyplay_inferred
Shot Chart Detail,1021100144,256,201881,Angel McCoughtry,1611661330,Atlanta Dream,3,3,27,Made Shot,Driving Layup Shot,2PT Field Goal,Restricted Area,Center(C),Less Than 8 ft.,1,15,3,1,1,20110816,LAS,ATL,2011,1021100144256,15930,validated,,0,matched,playbyplayv2,1611661320,100812|101023|201046|201048|201881,complete,playbyplay_inferred,100076|100234|100396|201049|201496,complete,playbyplay_inferred
Shot Chart Detail,1021100144,320,201881,Angel McCoughtry,1611661330,Atlanta Dream,4,7,53,Missed Shot,Turnaround Jump Shot,2PT Field Goal,In The Paint (Non-RA),Left Side(L),8-16 ft.,9,-79,48,1,0,20110816,LAS,ATL,2011,1021100144320,19270,validated,,0,matched,playbyplayv2,1611661320,100812|101023|201046|201048|201881,complete,playbyplay_inferred,100234|100396|201490|201496|202650,complete,playbyplay_inferred
Shot Chart Detail,1021100144,322,201881,Angel McCoughtry,1611661330,Atlanta Dream,4,7,45,Missed Shot,Jump Shot,3PT Field Goal,Above the Break 3,Left Side Center(LC),16-24 ft.,22,-128,186,1,0,20110816,LAS,ATL,2011,1021100144322,19350,validated,,0,matched,playbyplayv2,1611661320,100812|101023|201046|201048|201881,complete,playbyplay_inferred,100234|100396|201490|201496|202650,complete,playbyplay_inferred
Shot Chart Detail,1021100144,363,201881,Angel McCoughtry,1611661330,Atlanta Dream,4,4,14,Made Shot,Jump Shot,2PT Field Goal,Mid-Range,Center(C),16-24 ft.,18,-11,187,1,1,20110816,LAS,ATL,2011,1021100144363,21460,validated,,0,matched,playbyplayv2,1611661320,100812|101023|201046|201048|201881,complete,playbyplay_inferred,100076|100234|201490|201496|202650,complete,playbyplay_inferred
Shot Chart Detail,1021100144,365,201881,Angel McCoughtry,1611661330,Atlanta Dream,4,3,48,Missed Shot,Jump Shot,2PT Field Goal,In The Paint (Non-RA),Center(C),8-16 ft.,11,48,107,1,0,20110816,LAS,ATL,2011,1021100144365,21720,validated,,0,matched,playbyplayv2,1611661320,100812|101023|201046|201048|201881,complete,playbyplay_inferred,100076|100234|201490|201496|202650,complete,playbyplay_inferred
Shot Chart Detail,1021100144,388,201881,Angel McCoughtry,1611661330,Atlanta Dream,4,2,7,Made Shot,Tip Shot,2PT Field Goal,Restricted Area,Center(C),Less Than 8 ft.,2,20,11,1,1,20110816,LAS,ATL,2011,1021100144388,22730,validated,,0,matched,playbyplayv2,1611661320,100812|101023|201046|201048|201881,complete,playbyplay_inferred,100076|100234|201490|201496|202650,complete,playbyplay_inferred
Shot Chart Detail,1021100144,396,201881,Angel McCoughtry,1611661330,Atlanta Dream,4,1,15,Made Shot,Driving Layup Shot,2PT Field Goal,Restricted Area,Center(C),Less Than 8 ft.,1,-15,12,1,1,20110816,LAS,ATL,2011,1021100144396,23250,validated,,0,matched,playbyplayv2,1611661320,100812|101023|201046|201048|201881,complete,playbyplay_inferred,100076|100234|201490|201496|202650,complete,playbyplay_inferred
Shot Chart Detail,1021100144,398,201881,Angel McCoughtry,1611661330,Atlanta Dream,4,0,47,Made Shot,Floating Jump shot,2PT Field Goal,In The Paint (Non-RA),Center(C),Less Than 8 ft.,4,12,39,1,1,20110816,LAS,ATL,2011,1021100144398,23530,validated,201048,1,matched,playbyplayv2,1611661320,100812|101023|201046|201048|201881,complete,playbyplay_inferred,100076|100234|201490|201496|202650,complete,playbyplay_inferred
Shot Chart Detail,1021100148,22,201881,Angel McCoughtry,1611661330,Atlanta Dream,1,7,50,Made Shot,Running Layup Shot,2PT Field Goal,Restricted Area,Center(C),Less Than 8 ft.,0,0,3,1,1,20110819,ATL,CON,2011,102110014822,1300,validated,201046,1,matched,playbyplayv2,1611661323,100812|101023|201046|201048|201881,complete,playbyplay_inferred,100723|201904|202250|202253|202263,complete,playbyplay_inferred
Shot Chart Detail,1021100148,30,201881,Angel McCoughtry,1611661330,Atlanta Dream,1,6,51,Missed Shot,Running Jump Shot,2PT Field Goal,In The Paint (Non-RA),Center(C),Less Than 8 ft.,5,21,56,1,0,20110819,ATL,CON,2011,102110014830,1890,validated,,0,matched,playbyplayv2,1611661323,100812|101023|201046|201048|201881,complete,playbyplay_inferred,100723|201904|202250|202253|202263,complete,playbyplay_inferred
Shot Chart Detail,1021100148,39,201881,Angel McCoughtry,1611661330,Atlanta Dream,1,5,39,Missed Shot,Jump Shot,2PT Field Goal,Mid-Range,Left Side(L),16-24 ft.,17,-168,42,1,0,20110819,ATL,CON,2011,102110014839,2610,validated,,0,matched,playbyplayv2,1611661323,100812|101023|201046|201048|201881,complete,playbyplay_inferred,100723|201904|202250|202253|202263,complete,playbyplay_inferred
Shot Chart Detail,1021100148,85,201881,Angel McCoughtry,1611661330,Atlanta Dream,1,1,47,Made Shot,Layup Shot,2PT Field Goal,Restricted Area,Center(C),Less Than 8 ft.,1,15,6,1,1,20110819,ATL,CON,2011,102110014885,4930,validated,,0,matched,playbyplayv2,1611661323,100812|101023|201046|201048|201881,complete,playbyplay_inferred,100874|101020|202250|202254|202255,complete,playbyplay_inferred
Shot Chart Detail,1021100148,158,201881,Angel McCoughtry,1611661330,Atlanta Dream,2,7,52,Made Shot,Putback Layup Shot,2PT Field Goal,Restricted Area,Center(C),Less Than 8 ft.,0,6,0,1,1,20110819,ATL,CON,2011,1021100148158,7280,validated,,0,matched,playbyplayv2,1611661323,100690|100796|201054|201881|201907,complete,playbyplay_inferred,100874|101020|101042|201904|202254,complete,playbyplay_inferred
Shot Chart Detail,1021100148,171,201881,Angel McCoughtry,1611661330,Atlanta Dream,2,7,4,Missed Shot,Jump Shot,3PT Field Goal,Above the Break 3,Right Side Center(RC),16-24 ft.,21,127,176,1,0,20110819,ATL,CON,2011,1021100148171,7760,validated,,0,matched,playbyplayv2,1611661323,100690|100796|201054|201881|201907,complete,playbyplay_inferred,100874|101020|101042|201904|202254,complete,playbyplay_inferred
Shot Chart Detail,1021100148,187,201881,Angel McCoughtry,1611661330,Atlanta Dream,2,5,44,Made Shot,Driving Jump shot,2PT Field Goal,In The Paint (Non-RA),Center(C),Less Than 8 ft.,4,-35,25,1,1,20110819,ATL,CON,2011,1021100148187,8560,validated,,0,matched,playbyplayv2,1611661323,100812|101023|201046|201048|201881,complete,playbyplay_inferred,100723|201904|202250|202253|202263,complete,playbyplay_inferred
Shot Chart Detail,1021100148,199,201881,Angel McCoughtry,1611661330,Atlanta Dream,2,4,20,Missed Shot,Jump Shot,3PT Field Goal,Above the Break 3,Right Side Center(RC),16-24 ft.,21,94,198,1,0,20110819,ATL,CON,2011,1021100148199,9400,validated,,0,matched,playbyplayv2,1611661323,100812|101023|201046|201048|201881,complete,playbyplay_inferred,100723|201904|202250|202253|202263,complete,playbyplay_inferred
Shot Chart Detail,1021100148,205,201881,Angel McCoughtry,1611661330,Atlanta Dream,2,3,47,Missed Shot,Jump Shot,2PT Field Goal,Mid-Range,Right Side(R),16-24 ft.,17,146,96,1,0,20110819,ATL,CON,2011,1021100148205,9730,validated,,0,matched,playbyplayv2,1611661323,100812|101023|201046|201048|201881,complete,playbyplay_inferred,100723|100874|202250|202253|202263,complete,playbyplay_inferred
Shot Chart Detail,1021100148,231,201881,Angel McCoughtry,1611661330,Atlanta Dream,2,2,20,Missed Shot,Jump Shot,2PT Field Goal,Mid-Range,Left Side(L),8-16 ft.,14,-123,85,1,0,20110819,ATL,CON,2011,1021100148231,10600,validated,,0,matched,playbyplayv2,1611661323,100812|101023|201046|201048|201881,complete,playbyplay_inferred,100723|100874|202250|202253|202263,complete,playbyplay_inferred
Shot Chart Detail,1021100148,285,201881,Angel McCoughtry,1611661330,Atlanta Dream,3,7,45,Missed Shot,Running Layup Shot,2PT Field Goal,Restricted Area,Center(C),Less Than 8 ft.,2,-21,0,1,0,20110819,ATL,CON,2011,1021100148285,13350,validated,,0,matched,playbyplayv2,1611661323,100812|101023|201046|201048|201881,complete,playbyplay_inferred,100723|201904|202250|202253|202263,complete,playbyplay_inferred
Shot Chart Detail,1021100148,287,201881,Angel McCoughtry,1611661330,Atlanta Dream,3,7,44,Made Shot,Putback Layup Shot,2PT Field Goal,Restricted Area,Center(C),Less Than 8 ft.,0,-2,6,1,1,20110819,ATL,CON,2011,1021100148287,13360,validated,,0,matched,playbyplayv2,1611661323,100812|101023|201046|201048|201881,complete,playbyplay_inferred,100723|201904|202250|202253|202263,complete,playbyplay_inferred
Shot Chart Detail,1021100148,292,201881,Angel McCoughtry,1611661330,Atlanta Dream,3,7,38,Made Shot,Layup Shot,2PT Field Goal,Restricted Area,Center(C),Less Than 8 ft.,1,13,7,1,1,20110819,ATL,CON,2011,1021100148292,13420,validated,101023,1,matched,playbyplayv2,1611661323,100812|101023|201046|201048|201881,complete,playbyplay_inferred,100723|201904|202250|202253|202263,complete,playbyplay_inferred
Shot Chart Detail,1021100148,297,201881,Angel McCoughtry,1611661330,Atlanta Dream,3,7,17,Missed Shot,Jump Shot,2PT Field Goal,Mid-Range,Right Side(R),16-24 ft.,16,151,69,1,0,20110819,ATL,CON,2011,1021100148297,13630,validated,,0,matched,playbyplayv2,1611661323,100812|101023|201046|201048|201881,complete,playbyplay_inferred,100723|201904|202250|202253|202263,complete,playbyplay_inferred
Shot Chart Detail,1021100148,331,201881,Angel McCoughtry,1611661330,Atlanta Dream,3,5,6,Made Shot,Jump Shot,2PT Field Goal,Mid-Range,Right Side(R),16-24 ft.,17,176,3,1,1,20110819,ATL,CON,2011,1021100148331,14940,validated,201048,1,matched,playbyplayv2,1611661323,100812|101023|201046|201048|201881,complete,playbyplay_inferred,100723|101020|201904|202250|202253,complete,playbyplay_inferred
Shot Chart Detail,1021100148,349,201881,Angel McCoughtry,1611661330,Atlanta Dream,3,3,37,Missed Shot,Jump Shot,3PT Field Goal,Above the Break 3,Right Side Center(RC),16-24 ft.,22,78,208,1,0,20110819,ATL,CON,2011,1021100148349,15830,validated,,0,matched,playbyplayv2,1611661323,100812|101023|201046|201048|201881,complete,playbyplay_inferred,100723|100874|101020|202250|202255,complete,playbyplay_inferred
Shot Chart Detail,1021100148,450,201881,Angel McCoughtry,1611661330,Atlanta Dream,4,5,38,Missed Shot,Jump Shot,2PT Field Goal,Mid-Range,Right Side(R),8-16 ft.,14,143,17,1,0,20110819,ATL,CON,2011,1021100148450,20620,validated,,0,matched,playbyplayv2,1611661323,100812|101023|201046|201048|201881,complete,playbyplay_inferred,100723|100874|101020|202250|202253,complete,playbyplay_inferred
Shot Chart Detail,1021100148,481,201881,Angel McCoughtry,1611661330,Atlanta Dream,4,1,59,Missed Shot,Driving Jump shot,2PT Field Goal,In The Paint (Non-RA),Center(C),Less Than 8 ft.,5,53,23,1,0,20110819,ATL,CON,2011,1021100148481,22810,validated,,0,matched,playbyplayv2,1611661323,100812|101023|201046|201048|201881,complete,playbyplay_inferred,100723|100874|101020|202250|202253,complete,playbyplay_inferred
Shot Chart Detail,1021100148,527,201881,Angel McCoughtry,1611661330,Atlanta Dream,5,3,45,Missed Shot,Jump Shot,2PT Field Goal,Mid-Range,Left Side Center(LC),16-24 ft.,17,-87,148,1,0,20110819,ATL,CON,2011,1021100148527,24750,validated,,0,matched,playbyplayv2,1611661323,100812|101023|201046|201048|201881,complete,playbyplay_inferred,100723|100874|101020|202250|202253,complete,playbyplay_inferred
Shot Chart Detail,1021100148,533,201881,Angel McCoughtry,1611661330,Atlanta Dream,5,3,4,Missed Shot,Putback Layup Shot,2PT Field Goal,Restricted Area,Center(C),Less Than 8 ft.,0,-2,9,1,0,20110819,ATL,CON,2011,1021100148533,25160,validated,,0,matched,playbyplayv2,1611661323,100812|101023|201046|201048|201881,complete,playbyplay_inferred,100723|100874|101020|202250|202253,complete,playbyplay_inferred
Shot Chart Detail,1021100148,553,201881,Angel McCoughtry,1611661330,Atlanta Dream,5,1,6,Made Shot,Driving Jump shot,2PT Field Goal,In The Paint (Non-RA),Center(C),Less Than 8 ft.,6,50,34,1,1,20110819,ATL,CON,2011,1021100148553,26340,validated,201046,1,matched,playbyplayv2,1611661323,100812|101023|201046|201048|201881,complete,playbyplay_inferred,100723|100874|101020|202250|202253,complete,playbyplay_inferred
Shot Chart Detail,1021100148,557,201881,Angel McCoughtry,1611661330,Atlanta Dream,5,0,22,Made Shot,Jump Shot,2PT Field Goal,Mid-Range,Center(C),16-24 ft.,18,10,181,1,1,20110819,ATL,CON,2011,1021100148557,26780,validated,101023,1,matched,playbyplayv2,1611661323,100812|101023|201046|201048|201881,complete,playbyplay_inferred,100723|100874|101020|202250|202253,complete,playbyplay_inferred
Shot Chart Detail,1021100153,9,201881,Angel McCoughtry,1611661330,Atlanta Dream,1,9,5,Missed Shot,Jump Shot,2PT Field Goal,Mid-Range,Left Side(L),8-16 ft.,10,-86,58,1,0,20110821,CON,ATL,2011,10211001539,550,validated,,0,matched,playbyplayv2,1611661323,100812|101023|201046|201048|201881,complete,playbyplay_inferred,100723|201904|202250|202253|202263,complete,playbyplay_inferred
Shot Chart Detail,1021100153,38,201881,Angel McCoughtry,1611661330,Atlanta Dream,1,5,56,Missed Shot,Jump Shot,2PT Field Goal,Mid-Range,Left Side Center(LC),16-24 ft.,18,-76,172,1,0,20110821,CON,ATL,2011,102110015338,2440,validated,,0,matched,playbyplayv2,1611661323,100812|101023|201046|201048|201881,complete,playbyplay_inferred,100723|201904|202250|202253|202263,complete,playbyplay_inferred
Shot Chart Detail,1021100153,42,201881,Angel McCoughtry,1611661330,Atlanta Dream,1,5,40,Missed Shot,Layup Shot,2PT Field Goal,Restricted Area,Center(C),Less Than 8 ft.,0,0,3,1,0,20110821,CON,ATL,2011,102110015342,2600,validated,,0,matched,playbyplayv2,1611661323,100812|101023|201046|201048|201881,complete,playbyplay_inferred,100723|201904|202250|202253|202263,complete,playbyplay_inferred
Shot Chart Detail,1021100153,46,201881,Angel McCoughtry,1611661330,Atlanta Dream,1,5,27,Made Shot,Layup Shot,2PT Field Goal,Restricted Area,Center(C),Less Than 8 ft.,0,-2,9,1,1,20110821,CON,ATL,2011,102110015346,2730,validated,201046,1,matched,playbyplayv2,1611661323,100812|101023|201046|201048|201881,complete,playbyplay_inferred,100723|201904|202250|202253|202263,complete,playbyplay_inferred
Shot Chart Detail,1021100153,80,201881,Angel McCoughtry,1611661330,Atlanta Dream,1,2,20,Made Shot,Jump Shot,3PT Field Goal,Above the Break 3,Left Side Center(LC),16-24 ft.,22,-134,184,1,1,20110821,CON,ATL,2011,102110015380,4600,validated,201046,1,matched,playbyplayv2,1611661323,201046|201048|201054|201881|201907,complete,playbyplay_inferred,100874|101020|202250|202254|202255,complete,playbyplay_inferred
Shot Chart Detail,1021100153,148,201881,Angel McCoughtry,1611661330,Atlanta Dream,2,6,39,Missed Shot,Layup Shot,2PT Field Goal,Restricted Area,Center(C),Less Than 8 ft.,0,7,6,1,0,20110821,CON,ATL,2011,1021100153148,8010,validated,,0,matched,playbyplayv2,1611661323,100690|100812|101023|201048|201881,complete,playbyplay_inferred,100723|100874|101020|201904|202250,complete,playbyplay_inferred
Shot Chart Detail,1021100153,155,201881,Angel McCoughtry,1611661330,Atlanta Dream,2,6,29,Missed Shot,Jump Shot,3PT Field Goal,Above the Break 3,Right Side Center(RC),16-24 ft.,21,160,143,1,0,20110821,CON,ATL,2011,1021100153155,8110,validated,,0,matched,playbyplayv2,1611661323,100812|101023|201046|201048|201881,complete,playbyplay_inferred,100723|101020|201904|202250|202253,complete,playbyplay_inferred
Shot Chart Detail,1021100153,211,201881,Angel McCoughtry,1611661330,Atlanta Dream,2,2,11,Missed Shot,Jump Shot,2PT Field Goal,Restricted Area,Center(C),Less Than 8 ft.,3,36,14,1,0,20110821,CON,ATL,2011,1021100153211,10690,validated,,0,matched,playbyplayv2,1611661323,100812|101023|201046|201048|201881,complete,playbyplay_inferred,100723|100874|201904|202250|202253,complete,playbyplay_inferred
Shot Chart Detail,1021100153,225,201881,Angel McCoughtry,1611661330,Atlanta Dream,2,1,27,Made Shot,Jump Shot,2PT Field Goal,Mid-Range,Center(C),16-24 ft.,17,1,179,1,1,20110821,CON,ATL,2011,1021100153225,11130,validated,201048,1,matched,playbyplayv2,1611661323,100812|101023|201046|201048|201881,complete,playbyplay_inferred,100723|100874|201904|202250|202253,complete,playbyplay_inferred
Shot Chart Detail,1021100153,237,201881,Angel McCoughtry,1611661330,Atlanta Dream,2,0,0,Missed Shot,Jump Shot,2PT Field Goal,Mid-Range,Right Side(R),8-16 ft.,9,97,19,1,0,20110821,CON,ATL,2011,1021100153237,12000,validated,,0,matched,playbyplayv2,1611661323,100812|101023|201046|201048|201881,complete,playbyplay_inferred,100723|100874|201904|202250|202253,complete,playbyplay_inferred
Shot Chart Detail,1021100153,249,201881,Angel McCoughtry,1611661330,Atlanta Dream,3,8,46,Missed Shot,Jump Shot,3PT Field Goal,Above the Break 3,Right Side Center(RC),16-24 ft.,22,102,197,1,0,20110821,CON,ATL,2011,1021100153249,12740,validated,,0,matched,playbyplayv2,1611661323,100812|101023|201046|201048|201881,complete,playbyplay_inferred,100723|201904|202250|202253|202263,complete,playbyplay_inferred
Shot Chart Detail,1021100153,316,201881,Angel McCoughtry,1611661330,Atlanta Dream,3,4,29,Made Shot,Turnaround Jump Shot,2PT Field Goal,Mid-Range,Right Side(R),8-16 ft.,14,84,121,1,1,20110821,CON,ATL,2011,1021100153316,15310,validated,,0,matched,playbyplayv2,1611661323,100812|101023|201046|201048|201881,complete,playbyplay_inferred,100723|100874|101020|202250|202255,complete,playbyplay_inferred
Shot Chart Detail,1021100153,327,201881,Angel McCoughtry,1611661330,Atlanta Dream,3,3,31,Missed Shot,Jump Shot,2PT Field Goal,Mid-Range,Left Side Center(LC),16-24 ft.,16,-86,146,1,0,20110821,CON,ATL,2011,1021100153327,15890,validated,,0,matched,playbyplayv2,1611661323,100812|101023|201046|201048|201881,complete,playbyplay_inferred,100874|101020|101042|202250|202255,complete,playbyplay_inferred
Shot Chart Detail,1021100153,339,201881,Angel McCoughtry,1611661330,Atlanta Dream,3,2,26,Missed Shot,Jump Shot,2PT Field Goal,Restricted Area,Center(C),Less Than 8 ft.,3,-34,1,1,0,20110821,CON,ATL,2011,1021100153339,16540,validated,,0,matched,playbyplayv2,1611661323,100812|201046|201048|201054|201881,complete,playbyplay_inferred,100874|101020|101042|202250|202255,complete,playbyplay_inferred
Shot Chart Detail,1021100153,342,201881,Angel McCoughtry,1611661330,Atlanta Dream,3,2,15,Made Shot,Layup Shot,2PT Field Goal,Restricted Area,Center(C),Less Than 8 ft.,1,-10,0,1,1,20110821,CON,ATL,2011,1021100153342,16650,validated,201048,1,matched,playbyplayv2,1611661323,100812|201046|201048|201054|201881,complete,playbyplay_inferred,100874|101020|101042|202250|202255,complete,playbyplay_inferred
Shot Chart Detail,1021100153,353,201881,Angel McCoughtry,1611661330,Atlanta Dream,3,1,9,Missed Shot,Jump Shot,2PT Field Goal,Mid-Range,Center(C),16-24 ft.,18,51,176,1,0,20110821,CON,ATL,2011,1021100153353,17310,validated,,0,matched,playbyplayv2,1611661323,100812|201046|201048|201054|201881,complete,playbyplay_inferred,100874|101020|101042|202250|202255,complete,playbyplay_inferred
Shot Chart Detail,1021100153,366,201881,Angel McCoughtry,1611661330,Atlanta Dream,3,0,1,Missed Shot,Jump Shot,2PT Field Goal,In The Paint (Non-RA),Left Side(L),8-16 ft.,9,-70,64,1,0,20110821,CON,ATL,2011,1021100153366,17990,validated,,0,matched,playbyplayv2,1611661323,100812|201046|201048|201054|201881,complete,playbyplay_inferred,100874|101020|101042|202250|202255,complete,playbyplay_inferred
Shot Chart Detail,1021100153,411,201881,Angel McCoughtry,1611661330,Atlanta Dream,4,6,32,Made Shot,Driving Layup Shot,2PT Field Goal,Restricted Area,Center(C),Less Than 8 ft.,0,0,6,1,1,20110821,CON,ATL,2011,1021100153411,20080,validated,,0,matched,playbyplayv2,1611661323,101023|201046|201048|201054|201881,complete,playbyplay_inferred,100723|101020|201904|202250|202253,complete,playbyplay_inferred
Shot Chart Detail,1021100153,446,201881,Angel McCoughtry,1611661330,Atlanta Dream,4,2,28,Made Shot,Jump Shot,2PT Field Goal,Mid-Range,Right Side(R),8-16 ft.,10,97,41,1,1,20110821,CON,ATL,2011,1021100153446,22520,validated,201046,1,matched,playbyplayv2,1611661323,100812|101023|201046|201048|201881,complete,playbyplay_inferred,100723|100874|101020|201904|202250,complete,playbyplay_inferred
Shot Chart Detail,1021100153,449,201881,Angel McCoughtry,1611661330,Atlanta Dream,4,1,58,Missed Shot,Jump Shot,2PT Field Goal,Mid-Range,Right Side(R),8-16 ft.,12,125,12,1,0,20110821,CON,ATL,2011,1021100153449,22820,validated,,0,matched,playbyplayv2,1611661323,100812|101023|201046|201048|201881,complete,playbyplay_inferred,100723|100874|101020|201904|202250,complete,playbyplay_inferred
Shot Chart Detail,1021100157,21,201881,Angel McCoughtry,1611661330,Atlanta Dream,1,8,13,Made Shot,Jump Shot,2PT Field Goal,Mid-Range,Left Side(L),8-16 ft.,15,-147,42,1,1,20110823,CHI,ATL,2011,102110015721,1070,validated,201046,1,matched,playbyplayv2,1611661329,100812|101023|201046|201048|201881,complete,playbyplay_inferred,100729|201477|201480|202259|202664,complete,playbyplay_inferred
Shot Chart Detail,1021100157,33,201881,Angel McCoughtry,1611661330,Atlanta Dream,1,6,2,Missed Shot,Jump Shot,2PT Field Goal,Mid-Range,Right Side Center(RC),16-24 ft.,17,94,149,1,0,20110823,CHI,ATL,2011,102110015733,2380,validated,,0,matched,playbyplayv2,1611661329,100812|101023|201046|201048|201881,complete,playbyplay_inferred,100729|201477|201480|202259|202664,complete,playbyplay_inferred
Shot Chart Detail,1021100157,85,201881,Angel McCoughtry,1611661330,Atlanta Dream,1,1,2,Made Shot,Jump Shot,2PT Field Goal,In The Paint (Non-RA),Center(C),8-16 ft.,13,-46,124,1,1,20110823,CHI,ATL,2011,102110015785,5380,validated,,0,matched,playbyplayv2,1611661329,101023|201046|201048|201054|201881,complete,playbyplay_inferred,100384|100835|101049|201062|202670,complete,playbyplay_inferred
Shot Chart Detail,1021100157,105,201881,Angel McCoughtry,1611661330,Atlanta Dream,2,9,7,Missed Shot,Running Jump Shot,2PT Field Goal,Mid-Range,Right Side(R),8-16 ft.,9,84,33,1,0,20110823,CHI,ATL,2011,1021100157105,6530,validated,,0,matched,playbyplayv2,1611661329,100796|100812|201046|201054|201881,complete,playbyplay_inferred,100729|201477|201480|202259|202664,complete,playbyplay_inferred
Shot Chart Detail,1021100157,179,201881,Angel McCoughtry,1611661330,Atlanta Dream,2,1,15,Missed Shot,Jump Shot,2PT Field Goal,Mid-Range,Right Side Center(RC),16-24 ft.,16,113,127,1,0,20110823,CHI,ATL,2011,1021100157179,11250,validated,,0,matched,playbyplayv2,1611661329,100690|100796|100812|201054|201881,complete,playbyplay_inferred,100384|101049|201062|201477|201480,complete,playbyplay_inferred
Shot Chart Detail,1021100157,200,201881,Angel McCoughtry,1611661330,Atlanta Dream,2,0,2,Missed Shot,Jump Shot,2PT Field Goal,Mid-Range,Right Side(R),8-16 ft.,9,92,-5,1,0,20110823,CHI,ATL,2011,1021100157200,11980,validated,,0,matched,playbyplayv2,1611661329,100690|100796|201054|201881|201907,complete,playbyplay_inferred,100384|100729|201062|201477|201480,complete,playbyplay_inferred
Shot Chart Detail,1021100157,207,201881,Angel McCoughtry,1611661330,Atlanta Dream,3,9,48,Missed Shot,Jump Shot,2PT Field Goal,Mid-Range,Left Side(L),16-24 ft.,18,-174,75,1,0,20110823,CHI,ATL,2011,1021100157207,12120,validated,,0,matched,playbyplayv2,1611661329,100812|101023|201046|201048|201881,complete,playbyplay_inferred,100729|201477|201480|202259|202664,complete,playbyplay_inferred
Shot Chart Detail,1021100157,211,201881,Angel McCoughtry,1611661330,Atlanta Dream,3,9,11,Missed Shot,Driving Layup Shot,2PT Field Goal,Restricted Area,Center(C),Less Than 8 ft.,3,26,15,1,0,20110823,CHI,ATL,2011,1021100157211,12490,validated,,0,matched,playbyplayv2,1611661329,100812|101023|201046|201048|201881,complete,playbyplay_inferred,100729|201477|201480|202259|202664,complete,playbyplay_inferred
Shot Chart Detail,1021100157,215,201881,Angel McCoughtry,1611661330,Atlanta Dream,3,8,59,Made Shot,Running Layup Shot,2PT Field Goal,Restricted Area,Center(C),Less Than 8 ft.,2,24,1,1,1,20110823,CHI,ATL,2011,1021100157215,12610,validated,201048,1,matched,playbyplayv2,1611661329,100812|101023|201046|201048|201881,complete,playbyplay_inferred,100729|201477|201480|202259|202664,complete,playbyplay_inferred
Shot Chart Detail,1021100157,235,201881,Angel McCoughtry,1611661330,Atlanta Dream,3,6,43,Missed Shot,Jump Shot,3PT Field Goal,Above the Break 3,Right Side Center(RC),16-24 ft.,23,88,213,1,0,20110823,CHI,ATL,2011,1021100157235,13970,validated,,0,matched,playbyplayv2,1611661329,100812|101023|201046|201048|201881,complete,playbyplay_inferred,100729|201477|201480|202259|202664,complete,playbyplay_inferred
Shot Chart Detail,1021100157,237,201881,Angel McCoughtry,1611661330,Atlanta Dream,3,6,40,Made Shot,Layup Shot,2PT Field Goal,Restricted Area,Center(C),Less Than 8 ft.,2,23,3,1,1,20110823,CHI,ATL,2011,1021100157237,14000,validated,,0,matched,playbyplayv2,1611661329,100812|101023|201046|201048|201881,complete,playbyplay_inferred,100729|201477|201480|202259|202664,complete,playbyplay_inferred
Shot Chart Detail,1021100157,276,201881,Angel McCoughtry,1611661330,Atlanta Dream,3,1,55,Missed Shot,Jump Shot,2PT Field Goal,Mid-Range,Center(C),16-24 ft.,17,45,164,1,0,20110823,CHI,ATL,2011,1021100157276,16850,validated,,0,matched,playbyplayv2,1611661329,100812|101023|201046|201048|201881,complete,playbyplay_inferred,100384|101049|201062|201477|201480,complete,playbyplay_inferred
Shot Chart Detail,1021100157,288,201881,Angel McCoughtry,1611661330,Atlanta Dream,3,0,35,Missed Shot,Jump Shot,2PT Field Goal,Mid-Range,Right Side(R),8-16 ft.,15,97,121,1,0,20110823,CHI,ATL,2011,1021100157288,17650,validated,,0,matched,playbyplayv2,1611661329,100812|201046|201048|201054|201881,complete,playbyplay_inferred,100384|101049|201062|201477|201480,complete,playbyplay_inferred
Shot Chart Detail,1021100157,340,201881,Angel McCoughtry,1611661330,Atlanta Dream,4,5,52,Missed Shot,Jump Bank Shot,2PT Field Goal,In The Paint (Non-RA),Center(C),Less Than 8 ft.,7,-70,12,1,0,20110823,CHI,ATL,2011,1021100157340,20480,validated,,0,matched,playbyplayv2,1611661329,100812|101023|201046|201048|201881,complete,playbyplay_inferred,100384|101049|201062|201480|202259,complete,playbyplay_inferred
Shot Chart Detail,1021100157,346,201881,Angel McCoughtry,1611661330,Atlanta Dream,4,5,38,Made Shot,Layup Shot,2PT Field Goal,Restricted Area,Center(C),Less Than 8 ft.,3,31,14,1,1,20110823,CHI,ATL,2011,1021100157346,20620,validated,,0,matched,playbyplayv2,1611661329,100812|101023|201046|201048|201881,complete,playbyplay_inferred,101049|201062|201477|201480|202664,complete,playbyplay_inferred
Shot Chart Detail,1021100157,359,201881,Angel McCoughtry,1611661330,Atlanta Dream,4,4,19,Missed Shot,Layup Shot,2PT Field Goal,Restricted Area,Center(C),Less Than 8 ft.,2,24,17,1,0,20110823,CHI,ATL,2011,1021100157359,21410,validated,,0,matched,playbyplayv2,1611661329,100812|101023|201046|201048|201881,complete,playbyplay_inferred,101049|201062|201477|201480|202664,complete,playbyplay_inferred
Shot Chart Detail,1021100157,372,201881,Angel McCoughtry,1611661330,Atlanta Dream,4,3,31,Made Shot,Jump Shot,2PT Field Goal,Mid-Range,Center(C),16-24 ft.,19,6,197,1,1,20110823,CHI,ATL,2011,1021100157372,21890,validated,201046,1,matched,playbyplayv2,1611661329,100812|101023|201046|201048|201881,complete,playbyplay_inferred,100384|101049|201062|201477|201480,complete,playbyplay_inferred
Shot Chart Detail,1021100166,18,201881,Angel McCoughtry,1611661330,Atlanta Dream,1,7,41,Made Shot,Pullup Jump shot,3PT Field Goal,Above the Break 3,Left Side Center(LC),16-24 ft.,22,-103,197,1,1,20110827,IND,ATL,2011,102110016618,1390,validated,,0,matched,playbyplayv2,1611661325,100812|101023|201046|201048|201881,complete,playbyplay_inferred,100236|100628|100646|100666|101039,complete,playbyplay_inferred
Shot Chart Detail,1021100166,26,201881,Angel McCoughtry,1611661330,Atlanta Dream,1,6,45,Missed Shot,Jump Shot,2PT Field Goal,Mid-Range,Right Side Center(RC),16-24 ft.,17,118,124,1,0,20110827,IND,ATL,2011,102110016626,1950,validated,,0,matched,playbyplayv2,1611661325,100812|101023|201046|201048|201881,complete,playbyplay_inferred,100236|100628|100646|100666|101039,complete,playbyplay_inferred
Shot Chart Detail,1021100166,52,201881,Angel McCoughtry,1611661330,Atlanta Dream,1,3,35,Missed Shot,Jump Shot,2PT Field Goal,Mid-Range,Left Side(L),16-24 ft.,17,-152,86,1,0,20110827,IND,ATL,2011,102110016652,3850,validated,,0,matched,playbyplayv2,1611661325,100812|101023|201046|201048|201881,complete,playbyplay_inferred,100236|100628|100646|100666|101039,complete,playbyplay_inferred
Shot Chart Detail,1021100166,55,201881,Angel McCoughtry,1611661330,Atlanta Dream,1,3,5,Missed Shot,Layup Shot,2PT Field Goal,Restricted Area,Center(C),Less Than 8 ft.,1,-10,-3,1,0,20110827,IND,ATL,2011,102110016655,4150,validated,,0,matched,playbyplayv2,1611661325,100812|101023|201046|201048|201881,complete,playbyplay_inferred,100236|100628|100646|100666|101039,complete,playbyplay_inferred
Shot Chart Detail,1021100166,85,201881,Angel McCoughtry,1611661330,Atlanta Dream,1,1,13,Missed Shot,Jump Shot,2PT Field Goal,Restricted Area,Center(C),Less Than 8 ft.,3,0,30,1,0,20110827,IND,ATL,2011,102110016685,5270,validated,,0,matched,playbyplayv2,1611661325,100812|101023|201046|201048|201881,complete,playbyplay_inferred,100646|101032|201047|201497|202656,complete,playbyplay_inferred
Shot Chart Detail,1021100166,88,201881,Angel McCoughtry,1611661330,Atlanta Dream,1,1,9,Made Shot,Layup Shot,2PT Field Goal,Restricted Area,Center(C),Less Than 8 ft.,1,4,-13,1,1,20110827,IND,ATL,2011,102110016688,5310,validated,,0,matched,playbyplayv2,1611661325,100812|101023|201046|201048|201881,complete,playbyplay_inferred,100646|101032|201047|201497|202656,complete,playbyplay_inferred
Shot Chart Detail,1021100166,175,201881,Angel McCoughtry,1611661330,Atlanta Dream,2,4,55,Made Shot,Driving Layup Shot,2PT Field Goal,Restricted Area,Center(C),Less Than 8 ft.,1,-16,3,1,1,20110827,IND,ATL,2011,1021100166175,9050,validated,,0,matched,playbyplayv2,1611661325,100812|101023|201046|201048|201881,complete,playbyplay_inferred,100236|100646|101039|201047|201919,complete,playbyplay_inferred
Shot Chart Detail,1021100166,180,201881,Angel McCoughtry,1611661330,Atlanta Dream,2,4,14,Made Shot,Layup Shot,2PT Field Goal,Restricted Area,Center(C),Less Than 8 ft.,2,17,12,1,1,20110827,IND,ATL,2011,1021100166180,9460,validated,,0,matched,playbyplayv2,1611661325,100812|101023|201046|201048|201881,complete,playbyplay_inferred,100236|100646|101039|201047|201919,complete,playbyplay_inferred
Shot Chart Detail,1021100166,184,201881,Angel McCoughtry,1611661330,Atlanta Dream,2,3,42,Missed Shot,Jump Shot,3PT Field Goal,Above the Break 3,Right Side Center(RC),16-24 ft.,22,171,142,1,0,20110827,IND,ATL,2011,1021100166184,9780,validated,,0,matched,playbyplayv2,1611661325,100812|101023|201046|201048|201881,complete,playbyplay_inferred,100236|100646|101039|201047|201919,complete,playbyplay_inferred
Shot Chart Detail,1021100166,203,201881,Angel McCoughtry,1611661330,Atlanta Dream,2,2,36,Made Shot,Driving Layup Shot,2PT Field Goal,Restricted Area,Center(C),Less Than 8 ft.,1,17,4,1,1,20110827,IND,ATL,2011,1021100166203,10440,validated,,0,matched,playbyplayv2,1611661325,100812|101023|201046|201048|201881,complete,playbyplay_inferred,100236|100646|101039|201047|201919,complete,playbyplay_inferred
Shot Chart Detail,1021100166,205,201881,Angel McCoughtry,1611661330,Atlanta Dream,2,2,11,Missed Shot,Jump Shot,2PT Field Goal,Mid-Range,Left Side(L),8-16 ft.,9,-90,31,1,0,20110827,IND,ATL,2011,1021100166205,10690,validated,,0,matched,playbyplayv2,1611661325,100812|101023|201046|201048|201881,complete,playbyplay_inferred,100236|100646|101039|201047|201919,complete,playbyplay_inferred
Shot Chart Detail,1021100166,241,201881,Angel McCoughtry,1611661330,Atlanta Dream,3,9,34,Made Shot,Pullup Jump shot,2PT Field Goal,Mid-Range,Right Side Center(RC),16-24 ft.,16,84,145,1,1,20110827,IND,ATL,2011,1021100166241,12260,validated,,0,matched,playbyplayv2,1611661325,100812|101023|201046|201048|201881,complete,playbyplay_inferred,100236|100628|100646|100666|101039,complete,playbyplay_inferred
Shot Chart Detail,1021100166,257,201881,Angel McCoughtry,1611661330,Atlanta Dream,3,7,47,Missed Shot,Jump Shot,2PT Field Goal,Mid-Range,Left Side Center(LC),16-24 ft.,18,-71,170,1,0,20110827,IND,ATL,2011,1021100166257,13330,validated,,0,matched,playbyplayv2,1611661325,100812|101023|201046|201048|201881,complete,playbyplay_inferred,100236|100628|100646|100666|101039,complete,playbyplay_inferred
Shot Chart Detail,1021100166,385,201881,Angel McCoughtry,1611661330,Atlanta Dream,4,5,27,Missed Shot,Layup Shot,2PT Field Goal,Restricted Area,Center(C),Less Than 8 ft.,1,10,7,1,0,20110827,IND,ATL,2011,1021100166385,20730,validated,,0,matched,playbyplayv2,1611661325,100796|101023|201046|201881|201907,complete,playbyplay_inferred,100236|100628|100646|100666|101039,complete,playbyplay_inferred
Shot Chart Detail,1021100173,20,201881,Angel McCoughtry,1611661330,Atlanta Dream,1,8,1,Missed Shot,Driving Jump shot,2PT Field Goal,Mid-Range,Left Side(L),8-16 ft.,12,-106,64,1,0,20110830,ATL,IND,2011,102110017320,1190,validated,,0,matched,playbyplayv2,1611661325,100812|101023|201046|201048|201881,complete,playbyplay_inferred,100236|100628|100646|100666|101039,complete,playbyplay_inferred
Shot Chart Detail,1021100173,38,201881,Angel McCoughtry,1611661330,Atlanta Dream,1,6,27,Missed Shot,Jump Shot,3PT Field Goal,Above the Break 3,Left Side Center(LC),16-24 ft.,20,-127,167,1,0,20110830,ATL,IND,2011,102110017338,2130,validated,,0,matched,playbyplayv2,1611661325,100812|101023|201046|201048|201881,complete,playbyplay_inferred,100236|100628|100646|100666|101039,complete,playbyplay_inferred
Shot Chart Detail,1021100173,47,201881,Angel McCoughtry,1611661330,Atlanta Dream,1,4,46,Missed Shot,Jump Shot,3PT Field Goal,Above the Break 3,Left Side Center(LC),16-24 ft.,22,-158,167,1,0,20110830,ATL,IND,2011,102110017347,3140,validated,,0,matched,playbyplayv2,1611661325,100812|101023|201046|201048|201881,complete,playbyplay_inferred,100236|100628|100646|100666|101039,complete,playbyplay_inferred
Shot Chart Detail,1021100173,76,201881,Angel McCoughtry,1611661330,Atlanta Dream,1,2,31,Missed Shot,Layup Shot,2PT Field Goal,Restricted Area,Center(C),Less Than 8 ft.,1,15,4,1,0,20110830,ATL,IND,2011,102110017376,4490,validated,,0,matched,playbyplayv2,1611661325,100812|101023|201046|201048|201881,complete,playbyplay_inferred,100628|100646|100666|101039|201047,complete,playbyplay_inferred
Shot Chart Detail,1021100173,91,201881,Angel McCoughtry,1611661330,Atlanta Dream,1,0,44,Made Shot,Driving Jump shot,2PT Field Goal,Restricted Area,Center(C),Less Than 8 ft.,3,23,25,1,1,20110830,ATL,IND,2011,102110017391,5560,validated,,0,matched,playbyplayv2,1611661325,100812|101023|201046|201048|201881,complete,playbyplay_inferred,100646|100666|101032|101039|201047,complete,playbyplay_inferred
Shot Chart Detail,1021100173,100,201881,Angel McCoughtry,1611661330,Atlanta Dream,1,0,25,Missed Shot,Jump Shot,2PT Field Goal,Mid-Range,Right Side(R),8-16 ft.,14,133,47,1,0,20110830,ATL,IND,2011,1021100173100,5750,validated,,0,matched,playbyplayv2,1611661325,100812|101023|201046|201048|201881,complete,playbyplay_inferred,100666|101032|201047|201497|201919,complete,playbyplay_inferred
Shot Chart Detail,1021100173,165,201881,Angel McCoughtry,1611661330,Atlanta Dream,2,4,59,Missed Shot,Driving Jump shot,2PT Field Goal,Restricted Area,Center(C),Less Than 8 ft.,3,-5,30,1,0,20110830,ATL,IND,2011,1021100173165,9010,validated,,0,matched,playbyplayv2,1611661325,100796|101023|201046|201881|201907,complete,playbyplay_inferred,100236|100666|201047|201497|201919,complete,playbyplay_inferred
Shot Chart Detail,1021100173,180,201881,Angel McCoughtry,1611661330,Atlanta Dream,2,4,42,Made Shot,Driving Layup Shot,2PT Field Goal,Restricted Area,Center(C),Less Than 8 ft.,1,15,0,1,1,20110830,ATL,IND,2011,1021100173180,9180,validated,,0,matched,playbyplayv2,1611661325,100690|100796|101023|201881|201907,complete,playbyplay_inferred,100236|100628|100646|101039|201919,complete,playbyplay_inferred
Shot Chart Detail,1021100173,197,201881,Angel McCoughtry,1611661330,Atlanta Dream,2,2,30,Missed Shot,Jump Shot,2PT Field Goal,Mid-Range,Left Side(L),8-16 ft.,15,-150,48,1,0,20110830,ATL,IND,2011,1021100173197,10500,validated,,0,matched,playbyplayv2,1611661325,100690|100812|101023|201048|201881,complete,playbyplay_inferred,100236|100628|100646|101039|201919,complete,playbyplay_inferred
Shot Chart Detail,1021100173,208,201881,Angel McCoughtry,1611661330,Atlanta Dream,2,2,10,Made Shot,Running Layup Shot,2PT Field Goal,Restricted Area,Center(C),Less Than 8 ft.,0,0,7,1,1,20110830,ATL,IND,2011,1021100173208,10700,validated,201048,1,matched,playbyplayv2,1611661325,100690|100812|101023|201048|201881,complete,playbyplay_inferred,100628|100646|100666|101039|201919,complete,playbyplay_inferred
Shot Chart Detail,1021100173,222,201881,Angel McCoughtry,1611661330,Atlanta Dream,2,1,29,Missed Shot,Layup Shot,2PT Field Goal,Restricted Area,Center(C),Less Than 8 ft.,0,7,6,1,0,20110830,ATL,IND,2011,1021100173222,11110,validated,,0,matched,playbyplayv2,1611661325,100690|100812|101023|201048|201881,complete,playbyplay_inferred,100628|100646|100666|101039|201919,complete,playbyplay_inferred
Shot Chart Detail,1021100173,266,201881,Angel McCoughtry,1611661330,Atlanta Dream,3,9,11,Made Shot,Putback Layup Shot,2PT Field Goal,Restricted Area,Center(C),Less Than 8 ft.,0,-2,3,1,1,20110830,ATL,IND,2011,1021100173266,12490,validated,,0,matched,playbyplayv2,1611661325,100812|101023|201046|201048|201881,complete,playbyplay_inferred,100236|100628|100646|100666|101039,complete,playbyplay_inferred
Shot Chart Detail,1021100173,272,201881,Angel McCoughtry,1611661330,Atlanta Dream,3,8,26,Made Shot,Driving Layup Shot,2PT Field Goal,Restricted Area,Center(C),Less Than 8 ft.,1,-19,0,1,1,20110830,ATL,IND,2011,1021100173272,12940,validated,201046,1,matched,playbyplayv2,1611661325,100812|101023|201046|201048|201881,complete,playbyplay_inferred,100236|100628|100646|100666|101039,complete,playbyplay_inferred
Shot Chart Detail,1021100173,292,201881,Angel McCoughtry,1611661330,Atlanta Dream,3,6,55,Made Shot,Running Layup Shot,2PT Field Goal,Restricted Area,Center(C),Less Than 8 ft.,1,10,-2,1,1,20110830,ATL,IND,2011,1021100173292,13850,validated,,0,matched,playbyplayv2,1611661325,100812|101023|201046|201048|201881,complete,playbyplay_inferred,100236|100628|100646|100666|101039,complete,playbyplay_inferred
Shot Chart Detail,1021100173,304,201881,Angel McCoughtry,1611661330,Atlanta Dream,3,5,29,Made Shot,Running Jump Shot,2PT Field Goal,Restricted Area,Center(C),Less Than 8 ft.,3,4,39,1,1,20110830,ATL,IND,2011,1021100173304,14710,validated,,0,matched,playbyplayv2,1611661325,100812|101023|201046|201048|201881,complete,playbyplay_inferred,100236|100646|100666|201047|201497,complete,playbyplay_inferred
Shot Chart Detail,1021100173,334,201881,Angel McCoughtry,1611661330,Atlanta Dream,3,3,37,Made Shot,Fadeaway Jump Shot,2PT Field Goal,Mid-Range,Right Side(R),16-24 ft.,16,159,28,1,1,20110830,ATL,IND,2011,1021100173334,15830,validated,101023,1,matched,playbyplayv2,1611661325,101023|201046|201048|201054|201881,complete,playbyplay_inferred,100236|100646|100666|101039|201047,complete,playbyplay_inferred
Shot Chart Detail,1021100173,373,201881,Angel McCoughtry,1611661330,Atlanta Dream,3,0,40,Missed Shot,Turnaround Jump Shot,2PT Field Goal,Mid-Range,Center(C),8-16 ft.,14,10,140,1,0,20110830,ATL,IND,2011,1021100173373,17600,validated,,0,matched,playbyplayv2,1611661325,100690|100796|101021|201054|201881,complete,playbyplay_inferred,100628|101039|201047|201919|202656,complete,playbyplay_inferred
Shot Chart Detail,1021100173,423,201881,Angel McCoughtry,1611661330,Atlanta Dream,4,7,10,Made Shot,Driving Layup Shot,2PT Field Goal,Restricted Area,Center(C),Less Than 8 ft.,2,20,22,1,1,20110830,ATL,IND,2011,1021100173423,19700,validated,,0,matched,playbyplayv2,1611661325,100796|101023|201046|201048|201881,complete,playbyplay_inferred,100628|100646|101039|201047|201919,complete,playbyplay_inferred
Shot Chart Detail,1021100173,426,201881,Angel McCoughtry,1611661330,Atlanta Dream,4,6,39,Made Shot,Jump Shot,2PT Field Goal,Mid-Range,Center(C),16-24 ft.,18,28,181,1,1,20110830,ATL,IND,2011,1021100173426,20010,validated,,0,matched,playbyplayv2,1611661325,100796|101023|201046|201048|201881,complete,playbyplay_inferred,100628|100646|101039|201047|201919,complete,playbyplay_inferred
Shot Chart Detail,1021100173,463,201881,Angel McCoughtry,1611661330,Atlanta Dream,4,3,15,Missed Shot,Driving Layup Shot,2PT Field Goal,Restricted Area,Center(C),Less Than 8 ft.,2,2,26,1,0,20110830,ATL,IND,2011,1021100173463,22050,validated,,0,matched,playbyplayv2,1611661325,100690|100796|101023|201046|201881,complete,playbyplay_inferred,100628|100646|100666|101039|201919,complete,playbyplay_inferred
Shot Chart Detail,1021100173,478,201881,Angel McCoughtry,1611661330,Atlanta Dream,4,1,39,Made Shot,Jump Shot,3PT Field Goal,Above the Break 3,Right Side Center(RC),16-24 ft.,21,129,173,1,1,20110830,ATL,IND,2011,1021100173478,23010,validated,201046,1,matched,playbyplayv2,1611661325,100796|101023|201046|201048|201881,complete,playbyplay_inferred,100628|100646|100666|101039|201919,complete,playbyplay_inferred
Shot Chart Detail,1021100178,6,201881,Angel McCoughtry,1611661330,Atlanta Dream,1,9,9,Made Shot,Layup Shot,2PT Field Goal,Restricted Area,Center(C),Less Than 8 ft.,1,-10,0,1,1,20110901,WAS,ATL,2011,10211001786,510,validated,101023,1,matched,playbyplayv2,1611661322,101023|201046|201048|201054|201881,complete,playbyplay_inferred,100533|100627|200704|201518|202662,complete,playbyplay_inferred
Shot Chart Detail,1021100178,38,201881,Angel McCoughtry,1611661330,Atlanta Dream,1,6,27,Made Shot,Jump Shot,2PT Field Goal,Mid-Range,Left Side(L),8-16 ft.,15,-158,-25,1,1,20110901,WAS,ATL,2011,102110017838,2130,validated,,0,matched,playbyplayv2,1611661322,101023|201046|201048|201054|201881,complete,playbyplay_inferred,100533|100627|200704|201518|202662,complete,playbyplay_inferred
Shot Chart Detail,1021100178,46,201881,Angel McCoughtry,1611661330,Atlanta Dream,1,5,6,Missed Shot,Jump Shot,3PT Field Goal,Right Corner 3,Right Side(R),24+ ft.,23,230,-25,1,0,20110901,WAS,ATL,2011,102110017846,2940,validated,,0,matched,playbyplayv2,1611661322,101023|201046|201048|201054|201881,complete,playbyplay_inferred,100533|100627|200704|201518|202662,complete,playbyplay_inferred
Shot Chart Detail,1021100178,80,201881,Angel McCoughtry,1611661330,Atlanta Dream,1,3,9,Missed Shot,Layup Shot,2PT Field Goal,Restricted Area,Center(C),Less Than 8 ft.,2,28,6,1,0,20110901,WAS,ATL,2011,102110017880,4110,validated,,0,matched,playbyplayv2,1611661322,201046|201048|201054|201881|201907,complete,playbyplay_inferred,100627|200704|201500|201518|202662,complete,playbyplay_inferred
Shot Chart Detail,1021100178,88,201881,Angel McCoughtry,1611661330,Atlanta Dream,1,2,45,Made Shot,Layup Shot,2PT Field Goal,Restricted Area,Center(C),Less Than 8 ft.,1,-16,1,1,1,20110901,WAS,ATL,2011,102110017888,4350,validated,,0,matched,playbyplayv2,1611661322,201046|201048|201054|201881|201907,complete,playbyplay_inferred,100627|200704|201500|201518|202662,complete,playbyplay_inferred
Shot Chart Detail,1021100178,103,201881,Angel McCoughtry,1611661330,Atlanta Dream,1,1,28,Made Shot,Running Layup Shot,2PT Field Goal,Restricted Area,Center(C),Less Than 8 ft.,0,1,1,1,1,20110901,WAS,ATL,2011,1021100178103,5120,validated,,0,matched,playbyplayv2,1611661322,201046|201048|201054|201881|201907,complete,playbyplay_inferred,200673|201492|201500|201518|202662,complete,playbyplay_inferred
Shot Chart Detail,1021100178,112,201881,Angel McCoughtry,1611661330,Atlanta Dream,1,0,45,Missed Shot,Jump Shot,2PT Field Goal,Mid-Range,Left Side Center(LC),16-24 ft.,17,-141,107,1,0,20110901,WAS,ATL,2011,1021100178112,5550,validated,,0,matched,playbyplayv2,1611661322,101021|201046|201048|201881|201907,complete,playbyplay_inferred,100533|200673|201492|201500|202662,complete,playbyplay_inferred
Shot Chart Detail,1021100178,117,201881,Angel McCoughtry,1611661330,Atlanta Dream,1,0,26,Missed Shot,Jump Shot,2PT Field Goal,Mid-Range,Center(C),8-16 ft.,15,43,148,1,0,20110901,WAS,ATL,2011,1021100178117,5740,validated,,0,matched,playbyplayv2,1611661322,101021|201046|201048|201881|201907,complete,playbyplay_inferred,100533|200673|201492|201500|202662,complete,playbyplay_inferred
Shot Chart Detail,1021100178,192,201881,Angel McCoughtry,1611661330,Atlanta Dream,2,5,1,Made Shot,Running Layup Shot,2PT Field Goal,Restricted Area,Center(C),Less Than 8 ft.,0,-4,0,1,1,20110901,WAS,ATL,2011,1021100178192,8990,validated,201046,1,matched,playbyplayv2,1611661322,101021|201046|201048|201054|201881,complete,playbyplay_inferred,100533|200704|201492|201518|202662,complete,playbyplay_inferred
Shot Chart Detail,1021100178,194,201881,Angel McCoughtry,1611661330,Atlanta Dream,2,4,26,Made Shot,Jump Shot,2PT Field Goal,Mid-Range,Left Side Center(LC),16-24 ft.,17,-67,159,1,1,20110901,WAS,ATL,2011,1021100178194,9340,validated,201046,1,matched,playbyplayv2,1611661322,101021|201046|201048|201054|201881,complete,playbyplay_inferred,100533|200704|201492|201518|202662,complete,playbyplay_inferred
Shot Chart Detail,1021100178,200,201881,Angel McCoughtry,1611661330,Atlanta Dream,2,3,59,Missed Shot,Jump Shot,3PT Field Goal,Above the Break 3,Left Side Center(LC),16-24 ft.,23,-127,194,1,0,20110901,WAS,ATL,2011,1021100178200,9610,validated,,0,matched,playbyplayv2,1611661322,101021|201046|201048|201054|201881,complete,playbyplay_inferred,100533|200704|201492|201518|202662,complete,playbyplay_inferred
Shot Chart Detail,1021100178,220,201881,Angel McCoughtry,1611661330,Atlanta Dream,2,2,22,Missed Shot,Jump Shot,2PT Field Goal,Mid-Range,Right Side(R),8-16 ft.,12,119,-25,1,0,20110901,WAS,ATL,2011,1021100178220,10580,validated,,0,matched,playbyplayv2,1611661322,101021|201046|201048|201054|201881,complete,playbyplay_inferred,200673|201492|201500|201518|202662,complete,playbyplay_inferred
Shot Chart Detail,1021100178,267,201881,Angel McCoughtry,1611661330,Atlanta Dream,3,8,58,Made Shot,Running Jump Shot,2PT Field Goal,In The Paint (Non-RA),Center(C),Less Than 8 ft.,4,10,39,1,1,20110901,WAS,ATL,2011,1021100178267,12620,validated,201046,1,matched,playbyplayv2,1611661322,101023|201046|201048|201054|201881,complete,playbyplay_inferred,100533|100627|200704|201518|202662,complete,playbyplay_inferred
Shot Chart Detail,1021100178,287,201881,Angel McCoughtry,1611661330,Atlanta Dream,3,7,7,Made Shot,Jump Shot,2PT Field Goal,Mid-Range,Center(C),16-24 ft.,17,-7,178,1,1,20110901,WAS,ATL,2011,1021100178287,13730,validated,201046,1,matched,playbyplayv2,1611661322,101023|201046|201048|201054|201881,complete,playbyplay_inferred,100533|100627|200704|201518|202662,complete,playbyplay_inferred
Shot Chart Detail,1021100178,365,201881,Angel McCoughtry,1611661330,Atlanta Dream,3,0,8,Made Shot,Jump Shot,2PT Field Goal,In The Paint (Non-RA),Right Side(R),8-16 ft.,9,56,75,1,1,20110901,WAS,ATL,2011,1021100178365,17920,validated,,0,matched,playbyplayv2,1611661322,100690|101021|101023|201046|201881,complete,playbyplay_inferred,100627|201492|201500|201518|201889,complete,playbyplay_inferred
Shot Chart Detail,1021100178,378,201881,Angel McCoughtry,1611661330,Atlanta Dream,4,9,1,Made Shot,Running Jump Shot,2PT Field Goal,In The Paint (Non-RA),Center(C),Less Than 8 ft.,5,1,56,1,1,20110901,WAS,ATL,2011,1021100178378,18590,validated,,0,matched,playbyplayv2,1611661322,100690|101021|101023|201046|201881,complete,playbyplay_inferred,100533|100627|201492|201500|201889,complete,playbyplay_inferred
Shot Chart Detail,1021100178,401,201881,Angel McCoughtry,1611661330,Atlanta Dream,4,6,27,Missed Shot,Jump Shot,2PT Field Goal,Mid-Range,Left Side(L),16-24 ft.,16,-144,77,1,0,20110901,WAS,ATL,2011,1021100178401,20130,validated,,0,matched,playbyplayv2,1611661322,100690|101021|101023|201046|201881,complete,playbyplay_inferred,100627|201500|201518|201889|202662,complete,playbyplay_inferred
Shot Chart Detail,1021100178,427,201881,Angel McCoughtry,1611661330,Atlanta Dream,4,4,51,Missed Shot,Jump Shot,2PT Field Goal,In The Paint (Non-RA),Center(C),8-16 ft.,8,-23,83,1,0,20110901,WAS,ATL,2011,1021100178427,21090,validated,,0,matched,playbyplayv2,1611661322,101023|201046|201048|201054|201881,complete,playbyplay_inferred,100533|200704|201492|201518|202662,complete,playbyplay_inferred
Shot Chart Detail,1021100178,432,201881,Angel McCoughtry,1611661330,Atlanta Dream,4,3,44,Missed Shot,Jump Shot,3PT Field Goal,Above the Break 3,Right Side Center(RC),16-24 ft.,22,72,209,1,0,20110901,WAS,ATL,2011,1021100178432,21760,validated,,0,matched,playbyplayv2,1611661322,101023|201046|201048|201054|201881,complete,playbyplay_inferred,100533|200704|201492|201518|202662,complete,playbyplay_inferred
Shot Chart Detail,1021100178,472,201881,Angel McCoughtry,1611661330,Atlanta Dream,4,1,1,Missed Shot,Layup Shot,2PT Field Goal,Restricted Area,Center(C),Less Than 8 ft.,0,0,7,1,0,20110901,WAS,ATL,2011,1021100178472,23390,validated,,0,matched,playbyplayv2,1611661322,101023|201046|201048|201054|201881,complete,playbyplay_inferred,100533|200673|201492|201518|202662,complete,playbyplay_inferred
Shot Chart Detail,1021100178,492,201881,Angel McCoughtry,1611661330,Atlanta Dream,4,0,0,Missed Shot,Jump Shot,3PT Field Goal,Above the Break 3,Left Side Center(LC),24+ ft.,24,-187,162,1,0,20110901,WAS,ATL,2011,1021100178492,24000,validated,,0,matched,playbyplayv2,1611661322,101023|201046|201048|201054|201881,complete,playbyplay_inferred,100533|200673|201492|201518|202662,complete,playbyplay_inferred
Shot Chart Detail,1021100180,12,201881,Angel McCoughtry,1611661330,Atlanta Dream,1,8,8,Missed Shot,Driving Layup Shot,2PT Field Goal,Restricted Area,Center(C),Less Than 8 ft.,3,-37,9,1,0,20110902,ATL,WAS,2011,102110018012,1120,validated,,0,matched,playbyplayv2,1611661322,101023|201046|201048|201054|201881,complete,playbyplay_inferred,100533|200704|201492|201518|202662,complete,playbyplay_inferred
Shot Chart Detail,1021100180,23,201881,Angel McCoughtry,1611661330,Atlanta Dream,1,7,14,Missed Shot,Jump Shot,2PT Field Goal,Mid-Range,Left Side(L),8-16 ft.,13,-130,1,1,0,20110902,ATL,WAS,2011,102110018023,1660,validated,,0,matched,playbyplayv2,1611661322,101023|201046|201048|201054|201881,complete,playbyplay_inferred,100533|200704|201492|201518|202662,complete,playbyplay_inferred
Shot Chart Detail,1021100180,43,201881,Angel McCoughtry,1611661330,Atlanta Dream,1,4,28,Missed Shot,Jump Shot,2PT Field Goal,Mid-Range,Right Side(R),16-24 ft.,16,143,82,1,0,20110902,ATL,WAS,2011,102110018043,3320,validated,,0,matched,playbyplayv2,1611661322,101023|201046|201048|201054|201881,complete,playbyplay_inferred,100533|100627|200704|201518|202662,complete,playbyplay_inferred
Shot Chart Detail,1021100180,67,201881,Angel McCoughtry,1611661330,Atlanta Dream,1,2,29,Made Shot,Fadeaway Jump Shot,2PT Field Goal,Mid-Range,Right Side(R),8-16 ft.,14,143,12,1,1,20110902,ATL,WAS,2011,102110018067,4510,validated,,0,matched,playbyplayv2,1611661322,100690|101023|201048|201054|201881,complete,playbyplay_inferred,100627|200704|201492|201500|201518,complete,playbyplay_inferred
Shot Chart Detail,1021100180,205,201881,Angel McCoughtry,1611661330,Atlanta Dream,3,9,33,Made Shot,Putback Layup Shot,2PT Field Goal,Restricted Area,Center(C),Less Than 8 ft.,0,2,-5,1,1,20110902,ATL,WAS,2011,1021100180205,12270,validated,,0,matched,playbyplayv2,1611661322,101023|201046|201048|201054|201881,complete,playbyplay_inferred,100533|200704|201492|201518|202662,complete,playbyplay_inferred
Shot Chart Detail,1021100180,243,201881,Angel McCoughtry,1611661330,Atlanta Dream,3,6,30,Missed Shot,Jump Shot,2PT Field Goal,Mid-Range,Right Side Center(RC),16-24 ft.,19,125,148,1,0,20110902,ATL,WAS,2011,1021100180243,14100,validated,,0,matched,playbyplayv2,1611661322,101023|201046|201048|201054|201881,complete,playbyplay_inferred,100533|201492|201518|201889|202662,complete,playbyplay_inferred
Shot Chart Detail,1021100180,258,201881,Angel McCoughtry,1611661330,Atlanta Dream,3,5,32,Made Shot,Jump Shot,2PT Field Goal,Restricted Area,Center(C),Less Than 8 ft.,3,-21,23,1,1,20110902,ATL,WAS,2011,1021100180258,14680,validated,201048,1,matched,playbyplayv2,1611661322,101023|201046|201048|201054|201881,complete,playbyplay_inferred,100533|100627|201518|201889|202662,complete,playbyplay_inferred
Shot Chart Detail,1021100180,327,201881,Angel McCoughtry,1611661330,Atlanta Dream,3,2,36,Made Shot,Fadeaway Jump Shot,2PT Field Goal,Mid-Range,Left Side Center(LC),16-24 ft.,17,-86,153,1,1,20110902,ATL,WAS,2011,1021100180327,16440,validated,100690,1,matched,playbyplayv2,1611661322,100690|100796|101021|201881|201907,complete,playbyplay_inferred,100533|100627|201518|201889|202662,complete,playbyplay_inferred
Shot Chart Detail,1021100180,357,201881,Angel McCoughtry,1611661330,Atlanta Dream,3,0,46,Missed Shot,Layup Shot,2PT Field Goal,Restricted Area,Center(C),Less Than 8 ft.,1,12,9,1,0,20110902,ATL,WAS,2011,1021100180357,17540,validated,,0,matched,playbyplayv2,1611661322,101023|201046|201048|201054|201881,complete,playbyplay_inferred,100533|100627|201492|201500|201889,complete,playbyplay_inferred
Shot Chart Detail,1021100186,16,201881,Angel McCoughtry,1611661330,Atlanta Dream,1,7,46,Missed Shot,Turnaround Jump Shot,2PT Field Goal,In The Paint (Non-RA),Center(C),8-16 ft.,12,0,126,1,0,20110904,ATL,TUL,2011,102110018616,1340,validated,,0,matched,playbyplayv2,1611661321,100812|101023|201046|201048|201881,complete,playbyplay_inferred,100072|101080|201050|201483|202315,complete,playbyplay_inferred
Shot Chart Detail,1021100186,32,201881,Angel McCoughtry,1611661330,Atlanta Dream,1,6,37,Made Shot,Driving Layup Shot,2PT Field Goal,Restricted Area,Center(C),Less Than 8 ft.,2,1,23,1,1,20110904,ATL,TUL,2011,102110018632,2030,validated,,0,matched,playbyplayv2,1611661321,100796|100812|101023|201046|201881,complete,playbyplay_inferred,100072|101080|201050|201483|202315,complete,playbyplay_inferred
Shot Chart Detail,1021100186,72,201881,Angel McCoughtry,1611661330,Atlanta Dream,1,3,24,Missed Shot,Putback Layup Shot,2PT Field Goal,Restricted Area,Center(C),Less Than 8 ft.,1,17,6,1,0,20110904,ATL,TUL,2011,102110018672,3960,validated,,0,matched,playbyplayv2,1611661321,100796|101023|201046|201054|201881,complete,playbyplay_inferred,100072|201050|201483|202315|202633,complete,playbyplay_inferred
Shot Chart Detail,1021100186,91,201881,Angel McCoughtry,1611661330,Atlanta Dream,1,1,20,Missed Shot,Running Layup Shot,2PT Field Goal,Restricted Area,Center(C),Less Than 8 ft.,1,13,0,1,0,20110904,ATL,TUL,2011,102110018691,5200,validated,,0,matched,playbyplayv2,1611661321,100796|101023|201046|201054|201881,complete,playbyplay_inferred,100072|101080|201050|201483|202640,complete,playbyplay_inferred
Shot Chart Detail,1021100186,98,201881,Angel McCoughtry,1611661330,Atlanta Dream,1,0,36,Missed Shot,Turnaround Jump Shot,2PT Field Goal,In The Paint (Non-RA),Center(C),Less Than 8 ft.,6,-52,36,1,0,20110904,ATL,TUL,2011,102110018698,5640,validated,,0,matched,playbyplayv2,1611661321,100796|101023|201046|201054|201881,complete,playbyplay_inferred,100072|101080|201050|201483|202640,complete,playbyplay_inferred
Shot Chart Detail,1021100186,101,201881,Angel McCoughtry,1611661330,Atlanta Dream,1,0,14,Made Shot,Running Layup Shot,2PT Field Goal,Restricted Area,Center(C),Less Than 8 ft.,0,6,4,1,1,20110904,ATL,TUL,2011,1021100186101,5860,validated,,0,matched,playbyplayv2,1611661321,100796|101023|201046|201054|201881,complete,playbyplay_inferred,100072|101080|201050|201483|202640,complete,playbyplay_inferred
Shot Chart Detail,1021100186,161,201881,Angel McCoughtry,1611661330,Atlanta Dream,2,3,37,Made Shot,Jump Shot,3PT Field Goal,Above the Break 3,Right Side Center(RC),16-24 ft.,21,92,195,1,1,20110904,ATL,TUL,2011,1021100186161,9830,validated,201054,1,matched,playbyplayv2,1611661321,100690|101023|201048|201054|201881,complete,playbyplay_inferred,101080|201050|201483|202315|202653,complete,playbyplay_inferred
Shot Chart Detail,1021100186,165,201881,Angel McCoughtry,1611661330,Atlanta Dream,2,3,5,Made Shot,Driving Jump shot,2PT Field Goal,Restricted Area,Center(C),Less Than 8 ft.,3,-18,33,1,1,20110904,ATL,TUL,2011,1021100186165,10150,validated,100690,1,matched,playbyplayv2,1611661321,100690|101023|201048|201054|201881,complete,playbyplay_inferred,101080|201050|201483|202315|202653,complete,playbyplay_inferred
Shot Chart Detail,1021100186,180,201881,Angel McCoughtry,1611661330,Atlanta Dream,2,1,39,Missed Shot,Jump Shot,2PT Field Goal,Mid-Range,Left Side Center(LC),16-24 ft.,18,-100,154,1,0,20110904,ATL,TUL,2011,1021100186180,11010,validated,,0,matched,playbyplayv2,1611661321,101023|201046|201048|201881|201907,complete,playbyplay_inferred,100072|201483|202315|202633|202653,complete,playbyplay_inferred
Shot Chart Detail,1021100186,196,201881,Angel McCoughtry,1611661330,Atlanta Dream,2,1,7,Made Shot,Running Layup Shot,2PT Field Goal,Restricted Area,Center(C),Less Than 8 ft.,0,-5,0,1,1,20110904,ATL,TUL,2011,1021100186196,11330,validated,201048,1,matched,playbyplayv2,1611661321,101023|201046|201048|201881|201907,complete,playbyplay_inferred,100072|201483|202315|202633|202653,complete,playbyplay_inferred
Shot Chart Detail,1021100186,201,201881,Angel McCoughtry,1611661330,Atlanta Dream,2,0,25,Made Shot,Jump Shot,2PT Field Goal,Mid-Range,Center(C),16-24 ft.,18,-11,183,1,1,20110904,ATL,TUL,2011,1021100186201,11750,validated,201046,1,matched,playbyplayv2,1611661321,101023|201046|201048|201881|201907,complete,playbyplay_inferred,100072|201483|202315|202633|202653,complete,playbyplay_inferred
Shot Chart Detail,1021100186,215,201881,Angel McCoughtry,1611661330,Atlanta Dream,3,9,19,Made Shot,Jump Shot,3PT Field Goal,Above the Break 3,Right Side Center(RC),16-24 ft.,21,97,194,1,1,20110904,ATL,TUL,2011,1021100186215,12410,validated,201046,1,matched,playbyplayv2,1611661321,100812|101023|201046|201048|201881,complete,playbyplay_inferred,100072|101080|201050|201483|202315,complete,playbyplay_inferred
Shot Chart Detail,1021100186,236,201881,Angel McCoughtry,1611661330,Atlanta Dream,3,6,59,Missed Shot,Jump Shot,2PT Field Goal,In The Paint (Non-RA),Right Side(R),8-16 ft.,8,56,66,1,0,20110904,ATL,TUL,2011,1021100186236,13810,validated,,0,matched,playbyplayv2,1611661321,100812|101023|201046|201048|201881,complete,playbyplay_inferred,100072|101080|201050|201483|202315,complete,playbyplay_inferred
Shot Chart Detail,1021100186,253,201881,Angel McCoughtry,1611661330,Atlanta Dream,3,5,44,Missed Shot,Jump Shot,2PT Field Goal,Mid-Range,Center(C),16-24 ft.,18,-11,184,1,0,20110904,ATL,TUL,2011,1021100186253,14560,validated,,0,matched,playbyplayv2,1611661321,100812|101023|201046|201048|201881,complete,playbyplay_inferred,100072|101080|201050|201483|202315,complete,playbyplay_inferred
Shot Chart Detail,1021100186,282,201881,Angel McCoughtry,1611661330,Atlanta Dream,3,3,0,Missed Shot,Driving Jump shot,2PT Field Goal,In The Paint (Non-RA),Center(C),Less Than 8 ft.,4,24,37,1,0,20110904,ATL,TUL,2011,1021100186282,16200,validated,,0,matched,playbyplayv2,1611661321,100812|101023|201046|201048|201881,complete,playbyplay_inferred,100072|101080|201050|201483|202315,complete,playbyplay_inferred
Shot Chart Detail,1021100190,2,201881,Angel McCoughtry,1611661330,Atlanta Dream,1,9,47,Made Shot,Jump Shot,3PT Field Goal,Above the Break 3,Left Side Center(LC),16-24 ft.,22,-114,189,1,1,20110906,ATL,CON,2011,10211001902,130,validated,101023,1,matched,playbyplayv2,1611661323,100812|101023|201046|201048|201881,complete,playbyplay_inferred,100723|201904|202250|202253|202263,complete,playbyplay_inferred
Shot Chart Detail,1021100190,25,201881,Angel McCoughtry,1611661330,Atlanta Dream,1,7,51,Missed Shot,Jump Shot,3PT Field Goal,Above the Break 3,Center(C),16-24 ft.,21,37,216,1,0,20110906,ATL,CON,2011,102110019025,1290,validated,,0,matched,playbyplayv2,1611661323,100812|101023|201046|201048|201881,complete,playbyplay_inferred,100723|201904|202250|202253|202263,complete,playbyplay_inferred
Shot Chart Detail,1021100190,29,201881,Angel McCoughtry,1611661330,Atlanta Dream,1,7,29,Made Shot,Jump Shot,2PT Field Goal,In The Paint (Non-RA),Center(C),Less Than 8 ft.,4,34,30,1,1,20110906,ATL,CON,2011,102110019029,1510,validated,,0,matched,playbyplayv2,1611661323,100812|101023|201046|201048|201881,complete,playbyplay_inferred,100723|201904|202250|202253|202263,complete,playbyplay_inferred
Shot Chart Detail,1021100190,55,201881,Angel McCoughtry,1611661330,Atlanta Dream,1,5,12,Missed Shot,Jump Shot,2PT Field Goal,Mid-Range,Center(C),16-24 ft.,17,9,173,1,0,20110906,ATL,CON,2011,102110019055,2880,validated,,0,matched,playbyplayv2,1611661323,100812|101023|201046|201048|201881,complete,playbyplay_inferred,100723|201904|202250|202255|202263,complete,playbyplay_inferred
Shot Chart Detail,1021100190,61,201881,Angel McCoughtry,1611661330,Atlanta Dream,1,4,14,Missed Shot,Jump Shot,2PT Field Goal,Mid-Range,Left Side Center(LC),16-24 ft.,18,-65,168,1,0,20110906,ATL,CON,2011,102110019061,3460,validated,,0,matched,playbyplayv2,1611661323,100812|101023|201046|201048|201881,complete,playbyplay_inferred,100723|201904|202250|202255|202263,complete,playbyplay_inferred
Shot Chart Detail,1021100190,121,201881,Angel McCoughtry,1611661330,Atlanta Dream,2,9,28,Missed Shot,Jump Shot,2PT Field Goal,Mid-Range,Right Side(R),16-24 ft.,16,159,58,1,0,20110906,ATL,CON,2011,1021100190121,6320,validated,,0,matched,playbyplayv2,1611661323,100690|100796|101021|201054|201881,complete,playbyplay_inferred,100874|101020|101042|202254|202255,complete,playbyplay_inferred
Shot Chart Detail,1021100190,133,201881,Angel McCoughtry,1611661330,Atlanta Dream,2,8,20,Made Shot,Putback Layup Shot,2PT Field Goal,Restricted Area,Center(C),Less Than 8 ft.,1,10,11,1,1,20110906,ATL,CON,2011,1021100190133,7000,validated,,0,matched,playbyplayv2,1611661323,100690|100796|101021|201054|201881,complete,playbyplay_inferred,100874|101020|101042|202254|202255,complete,playbyplay_inferred
Shot Chart Detail,1021100190,140,201881,Angel McCoughtry,1611661330,Atlanta Dream,2,7,27,Made Shot,Driving Jump shot,2PT Field Goal,Restricted Area,Center(C),Less Than 8 ft.,3,-13,28,1,1,20110906,ATL,CON,2011,1021100190140,7530,validated,,0,matched,playbyplayv2,1611661323,100690|100796|101021|201054|201881,complete,playbyplay_inferred,100874|101020|101042|202254|202255,complete,playbyplay_inferred
Shot Chart Detail,1021100190,181,201881,Angel McCoughtry,1611661330,Atlanta Dream,2,4,39,Missed Shot,Jump Shot,3PT Field Goal,Above the Break 3,Center(C),16-24 ft.,21,-37,213,1,0,20110906,ATL,CON,2011,1021100190181,9210,validated,,0,matched,playbyplayv2,1611661323,100690|100796|101023|201054|201881,complete,playbyplay_inferred,100723|201904|202250|202253|202263,complete,playbyplay_inferred
Shot Chart Detail,1021100190,196,201881,Angel McCoughtry,1611661330,Atlanta Dream,2,3,23,Made Shot,Driving Layup Shot,2PT Field Goal,Restricted Area,Center(C),Less Than 8 ft.,2,-5,28,1,1,20110906,ATL,CON,2011,1021100190196,9970,validated,101023,1,matched,playbyplayv2,1611661323,100796|101023|201046|201054|201881,complete,playbyplay_inferred,100723|201904|202250|202253|202263,complete,playbyplay_inferred
Shot Chart Detail,1021100190,206,201881,Angel McCoughtry,1611661330,Atlanta Dream,2,2,7,Made Shot,Driving Layup Shot,2PT Field Goal,Restricted Area,Center(C),Less Than 8 ft.,0,9,-2,1,1,20110906,ATL,CON,2011,1021100190206,10730,validated,100796,1,matched,playbyplayv2,1611661323,100796|101023|201046|201054|201881,complete,playbyplay_inferred,100723|201904|202250|202253|202263,complete,playbyplay_inferred
Shot Chart Detail,1021100190,245,201881,Angel McCoughtry,1611661330,Atlanta Dream,3,8,32,Made Shot,Running Jump Shot,2PT Field Goal,Restricted Area,Center(C),Less Than 8 ft.,3,15,34,1,1,20110906,ATL,CON,2011,1021100190245,12880,validated,201046,1,matched,playbyplayv2,1611661323,100812|101023|201046|201048|201881,complete,playbyplay_inferred,100723|201904|202250|202253|202263,complete,playbyplay_inferred
Shot Chart Detail,1021100190,252,201881,Angel McCoughtry,1611661330,Atlanta Dream,3,8,14,Made Shot,Driving Layup Shot,2PT Field Goal,Restricted Area,Center(C),Less Than 8 ft.,1,-19,1,1,1,20110906,ATL,CON,2011,1021100190252,13060,validated,,0,matched,playbyplayv2,1611661323,100812|101023|201046|201048|201881,complete,playbyplay_inferred,100723|201904|202250|202253|202263,complete,playbyplay_inferred
Shot Chart Detail,1021100190,323,201881,Angel McCoughtry,1611661330,Atlanta Dream,3,3,9,Missed Shot,Jump Shot,2PT Field Goal,Mid-Range,Center(C),16-24 ft.,17,45,170,1,0,20110906,ATL,CON,2011,1021100190323,16110,validated,,0,matched,playbyplayv2,1611661323,101023|201046|201048|201054|201881,complete,playbyplay_inferred,100874|101020|202250|202254|202255,complete,playbyplay_inferred
Shot Chart Detail,1021100190,327,201881,Angel McCoughtry,1611661330,Atlanta Dream,3,2,31,Missed Shot,Jump Shot,2PT Field Goal,Mid-Range,Center(C),16-24 ft.,16,20,167,1,0,20110906,ATL,CON,2011,1021100190327,16490,validated,,0,matched,playbyplayv2,1611661323,101023|201046|201048|201054|201881,complete,playbyplay_inferred,100874|101020|202250|202254|202255,complete,playbyplay_inferred
Shot Chart Detail,1021100190,356,201881,Angel McCoughtry,1611661330,Atlanta Dream,3,0,23,Made Shot,Jump Shot,2PT Field Goal,Mid-Range,Right Side Center(RC),16-24 ft.,17,135,108,1,1,20110906,ATL,CON,2011,1021100190356,17770,validated,,0,matched,playbyplayv2,1611661323,101021|201046|201048|201054|201881,complete,playbyplay_inferred,100874|101020|101042|201904|202254,complete,playbyplay_inferred
Shot Chart Detail,1021100190,358,201881,Angel McCoughtry,1611661330,Atlanta Dream,3,0,0,Missed Shot,Jump Shot,3PT Field Goal,Above the Break 3,Left Side Center(LC),24+ ft.,37,-174,336,1,0,20110906,ATL,CON,2011,1021100190358,18000,validated,,0,matched,playbyplayv2,1611661323,101021|201046|201048|201054|201881,complete,playbyplay_inferred,100874|101020|101042|201904|202254,complete,playbyplay_inferred
Shot Chart Detail,1021100190,412,201881,Angel McCoughtry,1611661330,Atlanta Dream,4,6,15,Missed Shot,Driving Layup Shot,2PT Field Goal,Restricted Area,Center(C),Less Than 8 ft.,1,12,9,1,0,20110906,ATL,CON,2011,1021100190412,20250,validated,,0,matched,playbyplayv2,1611661323,100812|101023|201046|201048|201881,complete,playbyplay_inferred,100723|100874|101020|201904|202250,complete,playbyplay_inferred
Shot Chart Detail,1021100190,424,201881,Angel McCoughtry,1611661330,Atlanta Dream,4,5,19,Missed Shot,Jump Shot,3PT Field Goal,Above the Break 3,Center(C),16-24 ft.,22,-7,222,1,0,20110906,ATL,CON,2011,1021100190424,20810,validated,,0,matched,playbyplayv2,1611661323,100812|101023|201046|201048|201881,complete,playbyplay_inferred,100723|100874|101020|201904|202250,complete,playbyplay_inferred
Shot Chart Detail,1021100190,452,201881,Angel McCoughtry,1611661330,Atlanta Dream,4,2,48,Made Shot,Jump Shot,2PT Field Goal,Mid-Range,Right Side(R),8-16 ft.,14,141,15,1,1,20110906,ATL,CON,2011,1021100190452,22320,validated,201046,1,matched,playbyplayv2,1611661323,100812|101023|201046|201048|201881,complete,playbyplay_inferred,100723|100874|201904|202250|202255,complete,playbyplay_inferred
Shot Chart Detail,1021100190,454,201881,Angel McCoughtry,1611661330,Atlanta Dream,4,2,30,Made Shot,Fadeaway Jump Shot,2PT Field Goal,Mid-Range,Right Side(R),16-24 ft.,17,171,0,1,1,20110906,ATL,CON,2011,1021100190454,22500,validated,101023,1,matched,playbyplayv2,1611661323,100812|101023|201046|201048|201881,complete,playbyplay_inferred,100723|100874|201904|202250|202255,complete,playbyplay_inferred
Shot Chart Detail,1021100190,464,201881,Angel McCoughtry,1611661330,Atlanta Dream,4,1,39,Made Shot,Jump Shot,2PT Field Goal,Mid-Range,Right Side Center(RC),16-24 ft.,17,110,137,1,1,20110906,ATL,CON,2011,1021100190464,23010,validated,,0,matched,playbyplayv2,1611661323,100812|101023|201046|201048|201881,complete,playbyplay_inferred,100723|100874|201904|202250|202255,complete,playbyplay_inferred
Shot Chart Detail,1021100190,485,201881,Angel McCoughtry,1611661330,Atlanta Dream,4,0,19,Missed Shot,Jump Shot,2PT Field Goal,Mid-Range,Left Side Center(LC),16-24 ft.,18,-75,170,1,0,20110906,ATL,CON,2011,1021100190485,23810,validated,,0,matched,playbyplayv2,1611661323,100690|101021|201048|201881|201907,complete,playbyplay_inferred,100874|201904|202254|202255|202263,complete,playbyplay_inferred
Shot Chart Detail,1021100201,8,201881,Angel McCoughtry,1611661330,Atlanta Dream,1,9,2,Missed Shot,Jump Shot,2PT Field Goal,In The Paint (Non-RA),Center(C),Less Than 8 ft.,7,-37,67,1,0,20110911,IND,ATL,2011,10211002018,580,validated,,0,matched,playbyplayv2,1611661325,100812|101023|201046|201048|201881,complete,gamerotation,100236|100628|100666|201497|201919,complete,gamerotation
Shot Chart Detail,1021100201,51,201881,Angel McCoughtry,1611661330,Atlanta Dream,1,5,51,Made Shot,Jump Shot,2PT Field Goal,Mid-Range,Left Side(L),8-16 ft.,15,-158,-17,1,1,20110911,IND,ATL,2011,102110020151,2490,validated,201046,1,matched,playbyplayv2,1611661325,100812|101023|201046|201048|201881,complete,gamerotation,100628|100666|101032|201497|201919,complete,gamerotation
Shot Chart Detail,1021100201,79,201881,Angel McCoughtry,1611661330,Atlanta Dream,1,4,1,Missed Shot,Jump Shot,3PT Field Goal,Above the Break 3,Right Side Center(RC),24+ ft.,24,129,203,1,0,20110911,IND,ATL,2011,102110020179,3590,validated,,0,matched,playbyplayv2,1611661325,100812|201046|201048|201054|201881,complete,gamerotation,100628|100666|101032|201497|202656,complete,gamerotation
Shot Chart Detail,1021100201,99,201881,Angel McCoughtry,1611661330,Atlanta Dream,1,1,49,Made Shot,Turnaround Bank shot,2PT Field Goal,In The Paint (Non-RA),Center(C),Less Than 8 ft.,4,-46,19,1,1,20110911,IND,ATL,2011,102110020199,4910,validated,,0,matched,playbyplayv2,1611661325,100690|201048|201054|201881|201907,complete,gamerotation,100666|101032|201047|201497|202656,complete,gamerotation
Shot Chart Detail,1021100201,261,201881,Angel McCoughtry,1611661330,Atlanta Dream,3,9,35,Made Shot,Pullup Jump shot,3PT Field Goal,Above the Break 3,Right Side Center(RC),16-24 ft.,22,127,186,1,1,20110911,IND,ATL,2011,1021100201261,12250,validated,,0,matched,playbyplayv2,1611661325,100812|101023|201046|201048|201881,complete,gamerotation,100236|100628|100666|201497|201919,complete,gamerotation
Shot Chart Detail,1021100201,263,201881,Angel McCoughtry,1611661330,Atlanta Dream,3,9,7,Missed Shot,Layup Shot,2PT Field Goal,Restricted Area,Center(C),Less Than 8 ft.,2,29,1,1,0,20110911,IND,ATL,2011,1021100201263,12530,validated,,0,matched,playbyplayv2,1611661325,100812|101023|201046|201048|201881,complete,gamerotation,100236|100628|100666|201497|201919,complete,gamerotation
Shot Chart Detail,1021100201,283,201881,Angel McCoughtry,1611661330,Atlanta Dream,3,7,32,Made Shot,Layup Shot,2PT Field Goal,Restricted Area,Center(C),Less Than 8 ft.,2,18,9,1,1,20110911,IND,ATL,2011,1021100201283,13480,validated,201046,1,matched,playbyplayv2,1611661325,100812|101023|201046|201048|201881,complete,gamerotation,100236|100628|100666|201497|201919,complete,gamerotation
Shot Chart Detail,1021100201,289,201881,Angel McCoughtry,1611661330,Atlanta Dream,3,6,49,Made Shot,Jump Shot,2PT Field Goal,Mid-Range,Left Side Center(LC),16-24 ft.,18,-79,172,1,1,20110911,IND,ATL,2011,1021100201289,13910,validated,,0,matched,playbyplayv2,1611661325,100812|101023|201046|201048|201881,complete,gamerotation,100236|100666|201047|201497|201919,complete,gamerotation
Shot Chart Detail,1021100201,296,201881,Angel McCoughtry,1611661330,Atlanta Dream,3,5,33,Made Shot,Jump Shot,2PT Field Goal,Mid-Range,Right Side(R),8-16 ft.,13,136,-22,1,1,20110911,IND,ATL,2011,1021100201296,14670,validated,201048,1,matched,playbyplayv2,1611661325,100812|101023|201046|201048|201881,complete,gamerotation,100236|100666|201047|201497|201919,complete,gamerotation
Shot Chart Detail,1021100201,380,201881,Angel McCoughtry,1611661330,Atlanta Dream,4,8,43,Made Shot,Layup Shot,2PT Field Goal,Restricted Area,Center(C),Less Than 8 ft.,1,13,-14,1,1,20110911,IND,ATL,2011,1021100201380,18770,validated,101023,1,matched,playbyplayv2,1611661325,100690|101023|201046|201054|201881,complete,gamerotation,101032|201047|201497|201919|202656,complete,gamerotation
Shot Chart Detail,1021100201,394,201881,Angel McCoughtry,1611661330,Atlanta Dream,4,7,43,Missed Shot,Jump Shot,2PT Field Goal,Mid-Range,Right Side(R),8-16 ft.,14,140,41,1,0,20110911,IND,ATL,2011,1021100201394,19370,validated,,0,matched,playbyplayv2,1611661325,100690|101023|201046|201054|201881,complete,gamerotation,100236|100628|100666|201497|202656,complete,gamerotation
Shot Chart Detail,1021100201,400,201881,Angel McCoughtry,1611661330,Atlanta Dream,4,7,13,Missed Shot,Layup Shot,2PT Field Goal,Restricted Area,Center(C),Less Than 8 ft.,2,-26,-3,1,0,20110911,IND,ATL,2011,1021100201400,19670,validated,,0,matched,playbyplayv2,1611661325,100690|101023|201046|201054|201881,complete,gamerotation,100236|100628|100666|201497|202656,complete,gamerotation
Shot Chart Detail,1021100201,403,201881,Angel McCoughtry,1611661330,Atlanta Dream,4,6,41,Made Shot,Layup Shot,2PT Field Goal,Restricted Area,Center(C),Less Than 8 ft.,1,9,-14,1,1,20110911,IND,ATL,2011,1021100201403,19990,validated,201054,1,matched,playbyplayv2,1611661325,100690|101023|201046|201054|201881,complete,gamerotation,100236|100628|100666|201497|202656,complete,gamerotation
Shot Chart Detail,1021100201,424,201881,Angel McCoughtry,1611661330,Atlanta Dream,4,4,31,Made Shot,Jump Shot,3PT Field Goal,Above the Break 3,Left Side Center(LC),16-24 ft.,22,-142,179,1,1,20110911,IND,ATL,2011,1021100201424,21290,validated,100690,1,matched,playbyplayv2,1611661325,100690|201046|201054|201881|201907,complete,gamerotation,100236|100666|201047|201497|202656,complete,gamerotation
