GRID_TYPE,GAME_ID,GAME_EVENT_ID,PLAYER_ID,PLAYER_NAME,TEAM_ID,TEAM_NAME,PERIOD,MINUTES_REMAINING,SECONDS_REMAINING,EVENT_TYPE,ACTION_TYPE,SHOT_TYPE,SHOT_ZONE_BASIC,SHOT_ZONE_AREA,SHOT_ZONE_RANGE,SHOT_DISTANCE,LOC_X,LOC_Y,SHOT_ATTEMPTED_FLAG,SHOT_MADE_FLAG,GAME_DATE,HTM,VTM,SEASON,SHOT_ID,time,SHOT_DATA_STATUS,ASSIST_ID,assisted,ASSIST_STATUS,PBP_SOURCE,OPP_TEAM_ID,PLAYERS_ON,LINEUP_STATUS,LINEUP_SOURCE,OPP_PLAYERS_ON,OPP_LINEUP_STATUS,OPP_LINEUP_SOURCE
Shot Chart Detail,1042000111,9,1628280,Brionna Jones,1611661323,Connecticut Sun,1,9,28,Missed Shot,Driving Layup Shot,2PT Field Goal,Restricted Area,Center(C),Less Than 8 ft.,2,20,6,1,0,20200915,CHI,CON,2020,10420001119,320,validated,,0,matched,playbyplayv2,1611661329,201886|201896|202662|203826|1628280,complete,playbyplay_inferred,201516|202664|204323|1627674|1630113,complete,playbyplay_inferred
Shot Chart Detail,1042000111,14,202662,Jasmine Thomas,1611661323,Connecticut Sun,1,8,59,Missed Shot,Pullup Jump shot,2PT Field Goal,Mid-Range,Left Side Center(LC),16-24 ft.,17,-85,154,1,0,20200915,CHI,CON,2020,104200011114,610,validated,,0,matched,playbyplayv2,1611661329,201886|201896|202662|203826|1628280,complete,playbyplay_inferred,201516|202664|204323|1627674|1630113,complete,playbyplay_inferred
Shot Chart Detail,1042000111,16,203826,Alyssa Thomas,1611661323,Connecticut Sun,1,8,47,Made Shot,Layup Shot,2PT Field Goal,Restricted Area,Center(C),Less Than 8 ft.,1,9,6,1,1,20200915,CHI,CON,2020,104200011116,730,validated,202662,1,matched,playbyplayv2,1611661329,201886|201896|202662|203826|1628280,complete,playbyplay_inferred,201516|202664|204323|1627674|1630113,complete,playbyplay_inferred
Shot Chart Detail,1042000111,24,203826,Alyssa Thomas,1611661323,Connecticut Sun,1,8,8,Made Shot,Driving Layup Shot,2PT Field Goal,Restricted Area,Center(C),Less Than 8 ft.,2,-26,-4,1,1,20200915,CHI,CON,2020,104200011124,1120,validated,1628280,1,matched,playbyplayv2,1611661329,201886|201896|202662|203826|1628280,complete,playbyplay_inferred,201516|202664|204323|1627674|1630113,complete,playbyplay_inferred
Shot Chart Detail,1042000111,27,202662,Jasmine Thomas,1611661323,Connecticut Sun,1,7,36,Missed Shot,Jump Shot,3PT Field Goal,Above the Break 3,Left Side Center(LC),24+ ft.,23,-211,112,1,0,20200915,CHI,CON,2020,104200011127,1440,validated,,0,matched,playbyplayv2,1611661329,201886|201896|202662|203826|1628280,complete,playbyplay_inferred,201516|202664|204323|1627674|1630113,complete,playbyplay_inferred
Shot Chart Detail,1042000111,30,202662,Jasmine Thomas,1611661323,Connecticut Sun,1,7,5,Missed Shot,Turnaround Jump Shot,2PT Field Goal,In The Paint (Non-RA),Right Side(R),8-16 ft.,8,56,70,1,0,20200915,CHI,CON,2020,104200011130,1750,validated,,0,matched,playbyplayv2,1611661329,201886|201896|202662|203826|1628280,complete,playbyplay_inferred,201516|202664|204323|1627674|1630113,complete,playbyplay_inferred
Shot Chart Detail,1042000111,34,201886,DeWanna Bonner,1611661323,Connecticut Sun,1,6,46,Made Shot,Jump Shot,3PT Field Goal,Above the Break 3,Right Side Center(RC),24+ ft.,24,130,205,1,1,20200915,CHI,CON,2020,104200011134,1940,validated,,0,matched,playbyplayv2,1611661329,201886|201896|202662|203826|1628280,complete,playbyplay_inferred,201516|202664|204323|1627674|1630113,complete,playbyplay_inferred
Shot Chart Detail,1042000111,37,203826,Alyssa Thomas,1611661323,Connecticut Sun,1,6,12,Made Shot,Jump Shot,2PT Field Goal,In The Paint (Non-RA),Center(C),Less Than 8 ft.,4,-38,20,1,1,20200915,CHI,CON,2020,104200011137,2280,validated,201896,1,matched,playbyplayv2,1611661329,201886|201896|202662|203826|1628280,complete,playbyplay_inferred,201516|202664|204323|1627674|1630113,complete,playbyplay_inferred
Shot Chart Detail,1042000111,68,1628280,Brionna Jones,1611661323,Connecticut Sun,1,3,19,Made Shot,Jump Shot,2PT Field Goal,Mid-Range,Left Side Center(LC),16-24 ft.,18,-59,174,1,1,20200915,CHI,CON,2020,104200011168,4010,validated,202662,1,matched,playbyplayv2,1611661329,201886|201896|202662|203826|1628280,complete,playbyplay_inferred,201516|202664|203828|1627674|1628931,complete,playbyplay_inferred
Shot Chart Detail,1042000111,93,201886,DeWanna Bonner,1611661323,Connecticut Sun,1,1,37,Missed Shot,Jump Shot,3PT Field Goal,Above the Break 3,Left Side Center(LC),24+ ft.,27,-122,242,1,0,20200915,CHI,CON,2020,104200011193,5030,validated,,0,matched,playbyplayv2,1611661329,201886|202662|203826|1629492|1630097,complete,playbyplay_inferred,203828|1627674|1628297|1628931|1630113,complete,playbyplay_inferred
Shot Chart Detail,1042000111,97,203826,Alyssa Thomas,1611661323,Connecticut Sun,1,1,17,Made Shot,Driving Layup Shot,2PT Field Goal,Restricted Area,Center(C),Less Than 8 ft.,1,13,11,1,1,20200915,CHI,CON,2020,104200011197,5230,validated,,0,matched,playbyplayv2,1611661329,201886|202662|203826|1629492|1630097,complete,playbyplay_inferred,203828|1627674|1628297|1628931|1630113,complete,playbyplay_inferred
Shot Chart Detail,1042000111,100,1630097,Kaila Charles,1611661323,Connecticut Sun,1,0,47,Missed Shot,Pullup Jump shot,2PT Field Goal,Mid-Range,Center(C),8-16 ft.,15,-37,149,1,0,20200915,CHI,CON,2020,1042000111100,5530,validated,,0,matched,playbyplayv2,1611661329,201886|202662|203826|1629492|1630097,complete,playbyplay_inferred,203828|1627674|1628297|1628931|1630113,complete,playbyplay_inferred
Shot Chart Detail,1042000111,102,203826,Alyssa Thomas,1611661323,Connecticut Sun,1,0,44,Made Shot,Putback Layup Shot,2PT Field Goal,Restricted Area,Center(C),Less Than 8 ft.,3,24,21,1,1,20200915,CHI,CON,2020,1042000111102,5560,validated,,0,matched,playbyplayv2,1611661329,201886|202662|203826|1629492|1630097,complete,playbyplay_inferred,203828|1627674|1628297|1628931|1630113,complete,playbyplay_inferred
Shot Chart Detail,1042000111,105,1629492,Beatrice Mompremier,1611661323,Connecticut Sun,1,0,11,Missed Shot,Layup Shot,2PT Field Goal,In The Paint (Non-RA),Center(C),Less Than 8 ft.,5,-52,28,1,0,20200915,CHI,CON,2020,1042000111105,5890,validated,,0,matched,playbyplayv2,1611661329,201886|202662|203826|1629492|1630097,complete,playbyplay_inferred,203828|1627674|1628297|1628931|1630113,complete,playbyplay_inferred
Shot Chart Detail,1042000111,120,201896,Briann January,1611661323,Connecticut Sun,2,9,43,Made Shot,Jump Shot,3PT Field Goal,Above the Break 3,Right Side Center(RC),24+ ft.,24,189,150,1,1,20200915,CHI,CON,2020,1042000111120,6170,validated,203826,1,matched,playbyplayv2,1611661329,201886|201896|203826|1629492|1630097,complete,playbyplay_inferred,201516|202664|204323|1628297|1630113,complete,playbyplay_inferred
Shot Chart Detail,1042000111,128,1630097,Kaila Charles,1611661323,Connecticut Sun,2,9,1,Missed Shot,Jump Shot,3PT Field Goal,Above the Break 3,Left Side Center(LC),24+ ft.,24,-185,166,1,0,20200915,CHI,CON,2020,1042000111128,6590,validated,,0,matched,playbyplayv2,1611661329,201886|201896|203826|1629492|1630097,complete,playbyplay_inferred,201516|202664|204323|1628931|1630113,complete,playbyplay_inferred
Shot Chart Detail,1042000111,132,1630097,Kaila Charles,1611661323,Connecticut Sun,2,8,32,Made Shot,Driving Layup Shot,2PT Field Goal,Restricted Area,Center(C),Less Than 8 ft.,3,-11,38,1,1,20200915,CHI,CON,2020,1042000111132,6880,validated,201896,1,matched,playbyplayv2,1611661329,201886|201896|203826|1629492|1630097,complete,playbyplay_inferred,201516|202664|204323|1628931|1630113,complete,playbyplay_inferred
Shot Chart Detail,1042000111,141,201886,DeWanna Bonner,1611661323,Connecticut Sun,2,8,0,Missed Shot,Driving Layup Shot,2PT Field Goal,In The Paint (Non-RA),Center(C),Less Than 8 ft.,6,46,47,1,0,20200915,CHI,CON,2020,1042000111141,7200,validated,,0,matched,playbyplayv2,1611661329,201886|201896|203826|1629492|1630097,complete,playbyplay_inferred,201516|202664|204323|1628931|1630113,complete,playbyplay_inferred
Shot Chart Detail,1042000111,144,203826,Alyssa Thomas,1611661323,Connecticut Sun,2,7,50,Missed Shot,Pullup Jump shot,2PT Field Goal,In The Paint (Non-RA),Center(C),8-16 ft.,10,31,102,1,0,20200915,CHI,CON,2020,1042000111144,7300,validated,,0,matched,playbyplayv2,1611661329,201886|201896|203826|1629492|1630097,complete,playbyplay_inferred,201516|202664|204323|1628931|1630113,complete,playbyplay_inferred
Shot Chart Detail,1042000111,149,201886,DeWanna Bonner,1611661323,Connecticut Sun,2,7,24,Made Shot,Jump Shot,3PT Field Goal,Above the Break 3,Right Side Center(RC),24+ ft.,25,107,232,1,1,20200915,CHI,CON,2020,1042000111149,7560,validated,201896,1,matched,playbyplayv2,1611661329,201886|201896|203826|1629492|1630097,complete,playbyplay_inferred,201516|202664|204323|1628931|1630113,complete,playbyplay_inferred
Shot Chart Detail,1042000111,154,1630097,Kaila Charles,1611661323,Connecticut Sun,2,6,53,Made Shot,Driving Layup Shot,2PT Field Goal,Restricted Area,Center(C),Less Than 8 ft.,2,20,18,1,1,20200915,CHI,CON,2020,1042000111154,7870,validated,203826,1,matched,playbyplayv2,1611661329,201886|201896|203826|1628280|1630097,complete,playbyplay_inferred,201516|202664|204323|1628931|1630113,complete,playbyplay_inferred
Shot Chart Detail,1042000111,169,1630097,Kaila Charles,1611661323,Connecticut Sun,2,5,23,Missed Shot,Layup Shot,2PT Field Goal,In The Paint (Non-RA),Center(C),Less Than 8 ft.,4,39,15,1,0,20200915,CHI,CON,2020,1042000111169,8770,validated,,0,matched,playbyplayv2,1611661329,201886|201896|203826|1628280|1630097,complete,playbyplay_inferred,202664|203828|1627674|1628931|1630113,complete,playbyplay_inferred
Shot Chart Detail,1042000111,172,1630097,Kaila Charles,1611661323,Connecticut Sun,2,5,18,Made Shot,Reverse Layup Shot,2PT Field Goal,Restricted Area,Center(C),Less Than 8 ft.,2,-21,4,1,1,20200915,CHI,CON,2020,1042000111172,8820,validated,203826,1,matched,playbyplayv2,1611661329,201886|201896|203826|1628280|1630097,complete,playbyplay_inferred,202664|203828|1627674|1628931|1630113,complete,playbyplay_inferred
Shot Chart Detail,1042000111,179,203826,Alyssa Thomas,1611661323,Connecticut Sun,2,4,11,Missed Shot,Jump Shot,2PT Field Goal,In The Paint (Non-RA),Center(C),Less Than 8 ft.,5,-43,40,1,0,20200915,CHI,CON,2020,1042000111179,9490,validated,,0,matched,playbyplayv2,1611661329,201886|201896|203826|1628280|1630097,complete,playbyplay_inferred,202664|203828|1627674|1628931|1630113,complete,playbyplay_inferred
Shot Chart Detail,1042000111,191,201886,DeWanna Bonner,1611661323,Connecticut Sun,2,3,42,Made Shot,Jump Shot,2PT Field Goal,In The Paint (Non-RA),Center(C),8-16 ft.,10,25,107,1,1,20200915,CHI,CON,2020,1042000111191,9780,validated,,0,matched,playbyplayv2,1611661329,201886|201896|202662|203826|1628280,complete,playbyplay_inferred,202664|204323|1627674|1628931|1630113,complete,playbyplay_inferred
Shot Chart Detail,1042000111,194,1628280,Brionna Jones,1611661323,Connecticut Sun,2,3,16,Missed Shot,Jump Shot,2PT Field Goal,Mid-Range,Right Side(R),8-16 ft.,8,86,11,1,0,20200915,CHI,CON,2020,1042000111194,10040,validated,,0,matched,playbyplayv2,1611661329,201886|201896|202662|203826|1628280,complete,playbyplay_inferred,202664|204323|1627674|1628931|1630113,complete,playbyplay_inferred
Shot Chart Detail,1042000111,198,201896,Briann January,1611661323,Connecticut Sun,2,2,44,Missed Shot,Jump Shot,3PT Field Goal,Above the Break 3,Left Side Center(LC),24+ ft.,25,-147,208,1,0,20200915,CHI,CON,2020,1042000111198,10360,validated,,0,matched,playbyplayv2,1611661329,201886|201896|202662|203826|1628280,complete,playbyplay_inferred,202664|204323|1627674|1628931|1630113,complete,playbyplay_inferred
Shot Chart Detail,1042000111,204,201896,Briann January,1611661323,Connecticut Sun,2,2,23,Missed Shot,Jump Shot,3PT Field Goal,Left Corner 3,Left Side(L),24+ ft.,23,-232,-14,1,0,20200915,CHI,CON,2020,1042000111204,10570,validated,,0,matched,playbyplayv2,1611661329,201886|201896|202662|203826|1628280,complete,playbyplay_inferred,201516|202664|204323|1627674|1630113,complete,playbyplay_inferred
Shot Chart Detail,1042000111,206,203826,Alyssa Thomas,1611661323,Connecticut Sun,2,2,11,Missed Shot,Turnaround Jump Shot,2PT Field Goal,Restricted Area,Center(C),Less Than 8 ft.,3,-30,20,1,0,20200915,CHI,CON,2020,1042000111206,10690,validated,,0,matched,playbyplayv2,1611661329,201886|201896|202662|203826|1628280,complete,playbyplay_inferred,201516|202664|204323|1627674|1630113,complete,playbyplay_inferred
Shot Chart Detail,1042000111,215,1628280,Brionna Jones,1611661323,Connecticut Sun,2,1,19,Missed Shot,Hook Shot,2PT Field Goal,Restricted Area,Center(C),Less Than 8 ft.,2,-13,21,1,0,20200915,CHI,CON,2020,1042000111215,11210,validated,,0,matched,playbyplayv2,1611661329,201886|201896|202662|203826|1628280,complete,playbyplay_inferred,201516|202664|204323|1627674|1630113,complete,playbyplay_inferred
Shot Chart Detail,1042000111,217,202662,Jasmine Thomas,1611661323,Connecticut Sun,2,1,16,Missed Shot,Jump Shot,3PT Field Goal,Above the Break 3,Right Side Center(RC),24+ ft.,24,159,183,1,0,20200915,CHI,CON,2020,1042000111217,11240,validated,,0,matched,playbyplayv2,1611661329,201886|201896|202662|203826|1628280,complete,playbyplay_inferred,201516|202664|204323|1627674|1630113,complete,playbyplay_inferred
Shot Chart Detail,1042000111,226,201896,Briann January,1611661323,Connecticut Sun,2,0,36,Missed Shot,Jump Shot,3PT Field Goal,Above the Break 3,Right Side Center(RC),24+ ft.,24,184,156,1,0,20200915,CHI,CON,2020,1042000111226,11640,validated,,0,matched,playbyplayv2,1611661329,201886|201896|202662|203826|1628280,complete,playbyplay_inferred,201516|202664|203828|1627674|1628931,complete,playbyplay_inferred
Shot Chart Detail,1042000111,230,203826,Alyssa Thomas,1611661323,Connecticut Sun,2,0,1,Made Shot,Hook Shot,2PT Field Goal,In The Paint (Non-RA),Center(C),Less Than 8 ft.,6,50,44,1,1,20200915,CHI,CON,2020,1042000111230,11990,validated,201886,1,matched,playbyplayv2,1611661329,201886|201896|202662|203826|1628280,complete,playbyplay_inferred,201516|202664|203828|1627674|1628931,complete,playbyplay_inferred
Shot Chart Detail,1042000111,238,202662,Jasmine Thomas,1611661323,Connecticut Sun,3,9,43,Made Shot,Jump Shot,3PT Field Goal,Above the Break 3,Right Side Center(RC),24+ ft.,25,97,235,1,1,20200915,CHI,CON,2020,1042000111238,12170,validated,203826,1,matched,playbyplayv2,1611661329,201886|201896|202662|203826|1628280,complete,playbyplay_inferred,201516|202664|204323|1627674|1630113,complete,playbyplay_inferred
Shot Chart Detail,1042000111,242,201896,Briann January,1611661323,Connecticut Sun,3,9,8,Missed Shot,Jump Shot,3PT Field Goal,Above the Break 3,Right Side Center(RC),24+ ft.,25,161,192,1,0,20200915,CHI,CON,2020,1042000111242,12520,validated,,0,matched,playbyplayv2,1611661329,201886|201896|202662|203826|1628280,complete,playbyplay_inferred,201516|202664|204323|1627674|1630113,complete,playbyplay_inferred
Shot Chart Detail,1042000111,244,1628280,Brionna Jones,1611661323,Connecticut Sun,3,9,3,Made Shot,Putback Layup Shot,2PT Field Goal,Restricted Area,Center(C),Less Than 8 ft.,0,0,-6,1,1,20200915,CHI,CON,2020,1042000111244,12570,validated,,0,matched,playbyplayv2,1611661329,201886|201896|202662|203826|1628280,complete,playbyplay_inferred,201516|202664|204323|1627674|1630113,complete,playbyplay_inferred
Shot Chart Detail,1042000111,249,201896,Briann January,1611661323,Connecticut Sun,3,8,40,Missed Shot,Driving Layup Shot,2PT Field Goal,In The Paint (Non-RA),Center(C),Less Than 8 ft.,4,3,43,1,0,20200915,CHI,CON,2020,1042000111249,12800,validated,,0,matched,playbyplayv2,1611661329,201886|201896|202662|203826|1628280,complete,playbyplay_inferred,201516|202664|204323|1627674|1628931,complete,playbyplay_inferred
Shot Chart Detail,1042000111,265,201886,DeWanna Bonner,1611661323,Connecticut Sun,3,7,50,Missed Shot,Jump Shot,3PT Field Goal,Above the Break 3,Center(C),24+ ft.,26,-24,259,1,0,20200915,CHI,CON,2020,1042000111265,13300,validated,,0,matched,playbyplayv2,1611661329,201886|201896|202662|203826|1628280,complete,playbyplay_inferred,201516|202664|203828|1627674|1628931,complete,playbyplay_inferred
Shot Chart Detail,1042000111,267,1628280,Brionna Jones,1611661323,Connecticut Sun,3,7,45,Made Shot,Putback Layup Shot,2PT Field Goal,Restricted Area,Center(C),Less Than 8 ft.,0,0,-6,1,1,20200915,CHI,CON,2020,1042000111267,13350,validated,,0,matched,playbyplayv2,1611661329,201886|201896|202662|203826|1628280,complete,playbyplay_inferred,201516|202664|203828|1627674|1628931,complete,playbyplay_inferred
Shot Chart Detail,1042000111,271,202662,Jasmine Thomas,1611661323,Connecticut Sun,3,7,20,Made Shot,Jump Shot,3PT Field Goal,Left Corner 3,Left Side(L),24+ ft.,23,-237,-9,1,1,20200915,CHI,CON,2020,1042000111271,13600,validated,203826,1,matched,playbyplayv2,1611661329,201886|201896|202662|203826|1628280,complete,playbyplay_inferred,201516|202664|203828|1627674|1628931,complete,playbyplay_inferred
Shot Chart Detail,1042000111,276,201896,Briann January,1611661323,Connecticut Sun,3,6,54,Made Shot,Jump Shot,2PT Field Goal,Mid-Range,Center(C),16-24 ft.,19,-53,188,1,1,20200915,CHI,CON,2020,1042000111276,13860,validated,1628280,1,matched,playbyplayv2,1611661329,201886|201896|202662|203826|1628280,complete,playbyplay_inferred,201516|202664|203828|1627674|1628931,complete,playbyplay_inferred
Shot Chart Detail,1042000111,286,202662,Jasmine Thomas,1611661323,Connecticut Sun,3,6,14,Made Shot,Driving Layup Shot,2PT Field Goal,Restricted Area,Center(C),Less Than 8 ft.,3,-29,27,1,1,20200915,CHI,CON,2020,1042000111286,14260,validated,,0,matched,playbyplayv2,1611661329,201886|201896|202662|203826|1628280,complete,playbyplay_inferred,201516|202664|203828|1627674|1628931,complete,playbyplay_inferred
Shot Chart Detail,1042000111,288,203826,Alyssa Thomas,1611661323,Connecticut Sun,3,5,50,Missed Shot,Layup Shot,2PT Field Goal,In The Paint (Non-RA),Center(C),Less Than 8 ft.,6,-2,62,1,0,20200915,CHI,CON,2020,1042000111288,14500,validated,,0,matched,playbyplayv2,1611661329,201886|201896|202662|203826|1628280,complete,playbyplay_inferred,201516|202664|203828|1627674|1628931,complete,playbyplay_inferred
Shot Chart Detail,1042000111,291,202662,Jasmine Thomas,1611661323,Connecticut Sun,3,5,23,Missed Shot,Jump Shot,2PT Field Goal,Mid-Range,Right Side Center(RC),16-24 ft.,18,72,169,1,0,20200915,CHI,CON,2020,1042000111291,14770,validated,,0,matched,playbyplayv2,1611661329,201886|201896|202662|203826|1628280,complete,playbyplay_inferred,201516|202664|203828|1627674|1628931,complete,playbyplay_inferred
Shot Chart Detail,1042000111,293,201896,Briann January,1611661323,Connecticut Sun,3,5,16,Missed Shot,Pullup Jump shot,2PT Field Goal,Mid-Range,Center(C),8-16 ft.,15,36,152,1,0,20200915,CHI,CON,2020,1042000111293,14840,validated,,0,matched,playbyplayv2,1611661329,201886|201896|202662|203826|1628280,complete,playbyplay_inferred,201516|202664|203828|1627674|1628931,complete,playbyplay_inferred
Shot Chart Detail,1042000111,302,203826,Alyssa Thomas,1611661323,Connecticut Sun,3,4,21,Made Shot,Layup Shot,2PT Field Goal,Restricted Area,Center(C),Less Than 8 ft.,1,-13,13,1,1,20200915,CHI,CON,2020,1042000111302,15390,validated,202662,1,matched,playbyplayv2,1611661329,201886|201896|202662|203826|1628280,complete,playbyplay_inferred,201516|202664|203828|1627674|1628931,complete,playbyplay_inferred
Shot Chart Detail,1042000111,307,1628280,Brionna Jones,1611661323,Connecticut Sun,3,3,50,Made Shot,Layup Shot,2PT Field Goal,Restricted Area,Center(C),Less Than 8 ft.,3,35,13,1,1,20200915,CHI,CON,2020,1042000111307,15700,validated,201886,1,matched,playbyplayv2,1611661329,201886|201896|202662|203826|1628280,complete,playbyplay_inferred,201516|202664|203828|1627674|1628931,complete,playbyplay_inferred
Shot Chart Detail,1042000111,323,203826,Alyssa Thomas,1611661323,Connecticut Sun,3,3,14,Missed Shot,Layup Shot,2PT Field Goal,In The Paint (Non-RA),Center(C),Less Than 8 ft.,4,-36,34,1,0,20200915,CHI,CON,2020,1042000111323,16060,validated,,0,matched,playbyplayv2,1611661329,201896|202662|203826|1629492|1630097,complete,playbyplay_inferred,202664|204323|1627674|1628297|1630113,complete,playbyplay_inferred
Shot Chart Detail,1042000111,337,1630097,Kaila Charles,1611661323,Connecticut Sun,3,2,37,Made Shot,Pullup Jump shot,2PT Field Goal,Mid-Range,Center(C),16-24 ft.,17,-39,174,1,1,20200915,CHI,CON,2020,1042000111337,16430,validated,203826,1,matched,playbyplayv2,1611661329,201896|202662|203826|1629492|1630097,complete,playbyplay_inferred,204323|1627674|1628297|1628931|1630113,complete,playbyplay_inferred
Shot Chart Detail,1042000111,354,1629567,Natisha Hiedeman,1611661323,Connecticut Sun,3,1,48,Made Shot,Jump Shot,2PT Field Goal,Mid-Range,Left Side(L),16-24 ft.,19,-184,56,1,1,20200915,CHI,CON,2020,1042000111354,16920,validated,201896,1,matched,playbyplayv2,1611661329,201896|203826|1629492|1629567|1630097,complete,playbyplay_inferred,203828|204323|1627674|1628297|1628931,complete,playbyplay_inferred
Shot Chart Detail,1042000111,362,1629567,Natisha Hiedeman,1611661323,Connecticut Sun,3,1,14,Missed Shot,Jump Shot,3PT Field Goal,Above the Break 3,Left Side Center(LC),24+ ft.,24,-220,113,1,0,20200915,CHI,CON,2020,1042000111362,17260,validated,,0,matched,playbyplayv2,1611661329,201896|203826|1629492|1629567|1630097,complete,playbyplay_inferred,201516|202664|203828|204323|1628931,complete,playbyplay_inferred
Shot Chart Detail,1042000111,366,201896,Briann January,1611661323,Connecticut Sun,3,0,45,Made Shot,Driving Layup Shot,2PT Field Goal,Restricted Area,Center(C),Less Than 8 ft.,3,-29,22,1,1,20200915,CHI,CON,2020,1042000111366,17550,validated,1629567,1,matched,playbyplayv2,1611661329,201896|203826|1629492|1629567|1630097,complete,playbyplay_inferred,201516|202664|203828|204323|1628931,complete,playbyplay_inferred
Shot Chart Detail,1042000111,377,201886,DeWanna Bonner,1611661323,Connecticut Sun,3,0,1,Missed Shot,Jump Shot,3PT Field Goal,Above the Break 3,Center(C),24+ ft.,27,43,276,1,0,20200915,CHI,CON,2020,1042000111377,17990,validated,,0,matched,playbyplayv2,1611661329,201886|203826|1629492|1629567|1630097,complete,playbyplay_inferred,201516|202664|203828|1628906|1628931,complete,playbyplay_inferred
Shot Chart Detail,1042000111,399,1630097,Kaila Charles,1611661323,Connecticut Sun,4,8,44,Missed Shot,Jump Shot,2PT Field Goal,In The Paint (Non-RA),Center(C),Less Than 8 ft.,5,53,24,1,0,20200915,CHI,CON,2020,1042000111399,18760,validated,,0,matched,playbyplayv2,1611661329,201886|203826|1629492|1629567|1630097,complete,playbyplay_inferred,201516|202664|204323|1627674|1628931,complete,playbyplay_inferred
Shot Chart Detail,1042000111,401,203826,Alyssa Thomas,1611661323,Connecticut Sun,4,8,41,Missed Shot,Tip Layup Shot,2PT Field Goal,Restricted Area,Center(C),Less Than 8 ft.,0,0,-6,1,0,20200915,CHI,CON,2020,1042000111401,18790,validated,,0,matched,playbyplayv2,1611661329,201886|203826|1629492|1629567|1630097,complete,playbyplay_inferred,201516|202664|204323|1627674|1628931,complete,playbyplay_inferred
Shot Chart Detail,1042000111,403,203826,Alyssa Thomas,1611661323,Connecticut Sun,4,8,39,Missed Shot,Putback Layup Shot,2PT Field Goal,Restricted Area,Center(C),Less Than 8 ft.,0,0,-6,1,0,20200915,CHI,CON,2020,1042000111403,18810,validated,,0,matched,playbyplayv2,1611661329,201886|203826|1629492|1629567|1630097,complete,playbyplay_inferred,201516|202664|204323|1627674|1628931,complete,playbyplay_inferred
Shot Chart Detail,1042000111,417,1628280,Brionna Jones,1611661323,Connecticut Sun,4,7,39,Missed Shot,Jump Shot,2PT Field Goal,Mid-Range,Left Side(L),8-16 ft.,14,-148,-3,1,0,20200915,CHI,CON,2020,1042000111417,19410,validated,,0,matched,playbyplayv2,1611661329,201886|203826|1628280|1629567|1630097,complete,playbyplay_inferred,201516|202664|204323|1627674|1628931,complete,playbyplay_inferred
Shot Chart Detail,1042000111,423,203826,Alyssa Thomas,1611661323,Connecticut Sun,4,7,24,Made Shot,Turnaround Jump Shot,2PT Field Goal,In The Paint (Non-RA),Center(C),Less Than 8 ft.,4,7,49,1,1,20200915,CHI,CON,2020,1042000111423,19560,validated,201886,1,matched,playbyplayv2,1611661329,201886|202662|203826|1628280|1630097,complete,playbyplay_inferred,201516|202664|204323|1627674|1628931,complete,playbyplay_inferred
Shot Chart Detail,1042000111,439,203826,Alyssa Thomas,1611661323,Connecticut Sun,4,6,42,Made Shot,Layup Shot,2PT Field Goal,Restricted Area,Center(C),Less Than 8 ft.,3,-9,29,1,1,20200915,CHI,CON,2020,1042000111439,19980,validated,201896,1,matched,playbyplayv2,1611661329,201886|201896|202662|203826|1628280,complete,playbyplay_inferred,201516|202664|204323|1627674|1628931,complete,playbyplay_inferred
Shot Chart Detail,1042000111,443,202662,Jasmine Thomas,1611661323,Connecticut Sun,4,6,0,Missed Shot,Jump Shot,3PT Field Goal,Above the Break 3,Right Side Center(RC),24+ ft.,24,203,137,1,0,20200915,CHI,CON,2020,1042000111443,20400,validated,,0,matched,playbyplayv2,1611661329,201886|201896|202662|203826|1628280,complete,playbyplay_inferred,201516|202664|204323|1627674|1628931,complete,playbyplay_inferred
Shot Chart Detail,1042000111,458,202662,Jasmine Thomas,1611661323,Connecticut Sun,4,5,11,Missed Shot,Driving Layup Shot,2PT Field Goal,Restricted Area,Center(C),Less Than 8 ft.,2,-25,7,1,0,20200915,CHI,CON,2020,1042000111458,20890,validated,,0,matched,playbyplayv2,1611661329,201886|201896|202662|203826|1628280,complete,playbyplay_inferred,202664|204323|1627674|1628297|1628931,complete,playbyplay_inferred
Shot Chart Detail,1042000111,460,1628280,Brionna Jones,1611661323,Connecticut Sun,4,5,8,Made Shot,Putback Layup Shot,2PT Field Goal,Restricted Area,Center(C),Less Than 8 ft.,0,0,-6,1,1,20200915,CHI,CON,2020,1042000111460,20920,validated,,0,matched,playbyplayv2,1611661329,201886|201896|202662|203826|1628280,complete,playbyplay_inferred,202664|204323|1627674|1628297|1628931,complete,playbyplay_inferred
Shot Chart Detail,1042000111,467,201896,Briann January,1611661323,Connecticut Sun,4,4,0,Missed Shot,Jump Shot,2PT Field Goal,Mid-Range,Right Side Center(RC),16-24 ft.,21,148,158,1,0,20200915,CHI,CON,2020,1042000111467,21600,validated,,0,matched,playbyplayv2,1611661329,201886|201896|202662|203826|1628280,complete,playbyplay_inferred,202664|204323|1627674|1628297|1628931,complete,playbyplay_inferred
Shot Chart Detail,1042000111,475,203826,Alyssa Thomas,1611661323,Connecticut Sun,4,3,46,Made Shot,Driving Layup Shot,2PT Field Goal,Restricted Area,Center(C),Less Than 8 ft.,1,-8,7,1,1,20200915,CHI,CON,2020,1042000111475,21740,validated,,0,matched,playbyplayv2,1611661329,201886|201896|203826|1628280|1630097,complete,playbyplay_inferred,202664|204323|1627674|1628297|1628931,complete,playbyplay_inferred
Shot Chart Detail,1042000111,480,201896,Briann January,1611661323,Connecticut Sun,4,3,16,Missed Shot,Layup Shot,2PT Field Goal,Restricted Area,Center(C),Less Than 8 ft.,2,24,14,1,0,20200915,CHI,CON,2020,1042000111480,22040,validated,,0,matched,playbyplayv2,1611661329,201886|201896|203826|1628280|1630097,complete,playbyplay_inferred,202664|204323|1627674|1628297|1628931,complete,playbyplay_inferred
Shot Chart Detail,1042000111,490,201886,DeWanna Bonner,1611661323,Connecticut Sun,4,2,57,Missed Shot,Layup Shot,2PT Field Goal,Restricted Area,Center(C),Less Than 8 ft.,3,27,25,1,0,20200915,CHI,CON,2020,1042000111490,22230,validated,,0,matched,playbyplayv2,1611661329,201886|201896|203826|1628280|1630097,complete,playbyplay_inferred,201516|202664|204323|1627674|1628931,complete,playbyplay_inferred
Shot Chart Detail,1042000111,494,1630097,Kaila Charles,1611661323,Connecticut Sun,4,2,34,Made Shot,Driving Layup Shot,2PT Field Goal,Restricted Area,Center(C),Less Than 8 ft.,3,27,22,1,1,20200915,CHI,CON,2020,1042000111494,22460,validated,203826,1,matched,playbyplayv2,1611661329,201886|201896|203826|1628280|1630097,complete,playbyplay_inferred,201516|202664|204323|1627674|1628931,complete,playbyplay_inferred
Shot Chart Detail,1042000111,501,203826,Alyssa Thomas,1611661323,Connecticut Sun,4,1,35,Missed Shot,Pullup Jump shot,2PT Field Goal,Mid-Range,Center(C),16-24 ft.,17,22,176,1,0,20200915,CHI,CON,2020,1042000111501,23050,validated,,0,matched,playbyplayv2,1611661329,201886|201896|203826|1628280|1630097,complete,playbyplay_inferred,201516|202664|204323|1627674|1628931,complete,playbyplay_inferred
Shot Chart Detail,1042000111,503,201886,DeWanna Bonner,1611661323,Connecticut Sun,4,1,26,Made Shot,Reverse Layup Shot,2PT Field Goal,Restricted Area,Center(C),Less Than 8 ft.,1,-13,8,1,1,20200915,CHI,CON,2020,1042000111503,23140,validated,203826,1,matched,playbyplayv2,1611661329,201886|201896|203826|1628280|1630097,complete,playbyplay_inferred,201516|202664|204323|1627674|1628931,complete,playbyplay_inferred
Shot Chart Detail,1042000111,507,203826,Alyssa Thomas,1611661323,Connecticut Sun,4,1,2,Missed Shot,Layup Shot,2PT Field Goal,In The Paint (Non-RA),Center(C),Less Than 8 ft.,7,-7,70,1,0,20200915,CHI,CON,2020,1042000111507,23380,validated,,0,matched,playbyplayv2,1611661329,201886|201896|203826|1628280|1630097,complete,playbyplay_inferred,201516|202664|204323|1627674|1628931,complete,playbyplay_inferred
Shot Chart Detail,1042000201,13,203826,Alyssa Thomas,1611661323,Connecticut Sun,1,9,19,Missed Shot,Jump Shot,2PT Field Goal,Mid-Range,Left Side(L),8-16 ft.,15,-148,55,1,0,20200917,LAS,CON,2020,104200020113,410,validated,,0,matched,playbyplayv2,1611661320,201886|201896|202662|203826|1628280,complete,playbyplay_inferred,201496|203833|1628279|1628282|1629485,complete,playbyplay_inferred
Shot Chart Detail,1042000201,17,202662,Jasmine Thomas,1611661323,Connecticut Sun,1,8,59,Missed Shot,Jump Shot,3PT Field Goal,Above the Break 3,Left Side Center(LC),24+ ft.,25,-147,203,1,0,20200917,LAS,CON,2020,104200020117,610,validated,,0,matched,playbyplayv2,1611661320,201886|201896|202662|203826|1628280,complete,playbyplay_inferred,201496|203833|1628279|1628282|1629485,complete,playbyplay_inferred
Shot Chart Detail,1042000201,22,201886,DeWanna Bonner,1611661323,Connecticut Sun,1,8,18,Missed Shot,Running Layup Shot,2PT Field Goal,Mid-Range,Right Side(R),8-16 ft.,10,89,55,1,0,20200917,LAS,CON,2020,104200020122,1020,validated,,0,matched,playbyplayv2,1611661320,201886|201896|202662|203826|1628280,complete,playbyplay_inferred,201496|203833|1628279|1628282|1629485,complete,playbyplay_inferred
Shot Chart Detail,1042000201,24,1628280,Brionna Jones,1611661323,Connecticut Sun,1,8,15,Missed Shot,Putback Layup Shot,2PT Field Goal,Restricted Area,Center(C),Less Than 8 ft.,0,0,-6,1,0,20200917,LAS,CON,2020,104200020124,1050,validated,,0,matched,playbyplayv2,1611661320,201886|201896|202662|203826|1628280,complete,playbyplay_inferred,201496|203833|1628279|1628282|1629485,complete,playbyplay_inferred
Shot Chart Detail,1042000201,43,1628280,Brionna Jones,1611661323,Connecticut Sun,1,6,51,Missed Shot,Layup Shot,2PT Field Goal,Restricted Area,Center(C),Less Than 8 ft.,3,37,10,1,0,20200917,LAS,CON,2020,104200020143,1890,validated,,0,matched,playbyplayv2,1611661320,201886|201896|202662|203826|1628280,complete,playbyplay_inferred,201496|203833|1628279|1628282|1629485,complete,playbyplay_inferred
Shot Chart Detail,1042000201,45,1628280,Brionna Jones,1611661323,Connecticut Sun,1,6,47,Made Shot,Turnaround Hook Shot,2PT Field Goal,Restricted Area,Center(C),Less Than 8 ft.,2,2,29,1,1,20200917,LAS,CON,2020,104200020145,1930,validated,201886,1,matched,playbyplayv2,1611661320,201886|201896|202662|203826|1628280,complete,playbyplay_inferred,201496|203833|1628279|1628282|1629485,complete,playbyplay_inferred
Shot Chart Detail,1042000201,49,203826,Alyssa Thomas,1611661323,Connecticut Sun,1,6,16,Missed Shot,Layup Shot,2PT Field Goal,Restricted Area,Center(C),Less Than 8 ft.,1,-14,-14,1,0,20200917,LAS,CON,2020,104200020149,2240,validated,,0,matched,playbyplayv2,1611661320,201886|201896|202662|203826|1628280,complete,playbyplay_inferred,201496|203833|1628279|1628282|1629485,complete,playbyplay_inferred
Shot Chart Detail,1042000201,53,201896,Briann January,1611661323,Connecticut Sun,1,6,0,Made Shot,Jump Shot,3PT Field Goal,Left Corner 3,Left Side(L),24+ ft.,22,-225,-34,1,1,20200917,LAS,CON,2020,104200020153,2400,validated,201886,1,matched,playbyplayv2,1611661320,201886|201896|202662|203826|1628280,complete,playbyplay_inferred,201496|203833|1628279|1628282|1629485,complete,playbyplay_inferred
Shot Chart Detail,1042000201,57,201886,DeWanna Bonner,1611661323,Connecticut Sun,1,5,21,Made Shot,Pullup Jump shot,2PT Field Goal,Mid-Range,Left Side(L),8-16 ft.,14,-99,99,1,1,20200917,LAS,CON,2020,104200020157,2790,validated,,0,matched,playbyplayv2,1611661320,201886|201896|202662|203826|1628280,complete,playbyplay_inferred,201496|203833|1628279|1628282|1629485,complete,playbyplay_inferred
Shot Chart Detail,1042000201,62,201896,Briann January,1611661323,Connecticut Sun,1,4,47,Made Shot,Jump Shot,3PT Field Goal,Above the Break 3,Right Side Center(RC),24+ ft.,27,124,241,1,1,20200917,LAS,CON,2020,104200020162,3130,validated,202662,1,matched,playbyplayv2,1611661320,201886|201896|202662|203826|1628280,complete,playbyplay_inferred,201496|203833|1628279|1628282|1629485,complete,playbyplay_inferred
Shot Chart Detail,1042000201,71,1628280,Brionna Jones,1611661323,Connecticut Sun,1,4,8,Made Shot,Layup Shot,2PT Field Goal,Restricted Area,Center(C),Less Than 8 ft.,3,-33,12,1,1,20200917,LAS,CON,2020,104200020171,3520,validated,201886,1,matched,playbyplayv2,1611661320,201886|201896|202662|203826|1628280,complete,playbyplay_inferred,201496|203029|203437|203833|1629485,complete,playbyplay_inferred
Shot Chart Detail,1042000201,73,202662,Jasmine Thomas,1611661323,Connecticut Sun,1,3,35,Missed Shot,Jump Shot,2PT Field Goal,Mid-Range,Center(C),16-24 ft.,16,-7,165,1,0,20200917,LAS,CON,2020,104200020173,3850,validated,,0,matched,playbyplayv2,1611661320,201886|201896|202662|203826|1628280,complete,playbyplay_inferred,201496|203029|203437|203833|1629485,complete,playbyplay_inferred
Shot Chart Detail,1042000201,77,202662,Jasmine Thomas,1611661323,Connecticut Sun,1,3,10,Made Shot,Jump Shot,3PT Field Goal,Above the Break 3,Right Side Center(RC),24+ ft.,24,212,119,1,1,20200917,LAS,CON,2020,104200020177,4100,validated,201896,1,matched,playbyplayv2,1611661320,201886|201896|202662|203826|1628280,complete,playbyplay_inferred,201496|203029|203437|203833|1629485,complete,playbyplay_inferred
Shot Chart Detail,1042000201,82,201886,DeWanna Bonner,1611661323,Connecticut Sun,1,2,31,Missed Shot,Driving Layup Shot,2PT Field Goal,Restricted Area,Center(C),Less Than 8 ft.,3,-35,4,1,0,20200917,LAS,CON,2020,104200020182,4490,validated,,0,matched,playbyplayv2,1611661320,201886|201896|202662|203826|1628280,complete,playbyplay_inferred,201496|203029|203437|203833|1629485,complete,playbyplay_inferred
Shot Chart Detail,1042000201,85,201886,DeWanna Bonner,1611661323,Connecticut Sun,1,2,26,Missed Shot,Reverse Layup Shot,2PT Field Goal,Restricted Area,Center(C),Less Than 8 ft.,2,17,15,1,0,20200917,LAS,CON,2020,104200020185,4540,validated,,0,matched,playbyplayv2,1611661320,201886|201896|202662|203826|1628280,complete,playbyplay_inferred,201496|203029|203437|203833|1629485,complete,playbyplay_inferred
Shot Chart Detail,1042000201,99,202662,Jasmine Thomas,1611661323,Connecticut Sun,1,1,26,Missed Shot,Jump Shot,3PT Field Goal,Above the Break 3,Left Side(L),24+ ft.,22,-222,60,1,0,20200917,LAS,CON,2020,104200020199,5140,validated,,0,matched,playbyplayv2,1611661320,201886|202662|203826|1628280|1630097,complete,playbyplay_inferred,200671|201496|203029|203437|203833,complete,playbyplay_inferred
Shot Chart Detail,1042000201,103,1630097,Kaila Charles,1611661323,Connecticut Sun,1,1,6,Made Shot,Jump Shot,3PT Field Goal,Above the Break 3,Left Side(L),16-24 ft.,22,-194,119,1,1,20200917,LAS,CON,2020,1042000201103,5340,validated,201886,1,matched,playbyplayv2,1611661320,201886|202662|203826|1628280|1630097,complete,playbyplay_inferred,200671|201496|203029|203437|203833,complete,playbyplay_inferred
Shot Chart Detail,1042000201,107,203826,Alyssa Thomas,1611661323,Connecticut Sun,1,0,35,Made Shot,Pullup Jump shot,2PT Field Goal,In The Paint (Non-RA),Center(C),8-16 ft.,13,-3,133,1,1,20200917,LAS,CON,2020,1042000201107,5650,validated,201886,1,matched,playbyplayv2,1611661320,201886|202662|203826|1628280|1630097,complete,playbyplay_inferred,200671|201496|203029|203437|203833,complete,playbyplay_inferred
Shot Chart Detail,1042000201,115,201886,DeWanna Bonner,1611661323,Connecticut Sun,1,0,0,Missed Shot,Jump Shot,2PT Field Goal,Mid-Range,Left Side Center(LC),16-24 ft.,21,-125,177,1,0,20200917,LAS,CON,2020,1042000201115,6000,validated,,0,matched,playbyplayv2,1611661320,201886|202662|203826|1628280|1630097,complete,playbyplay_inferred,200671|201496|203029|203437|1630099,complete,playbyplay_inferred
Shot Chart Detail,1042000201,123,201886,DeWanna Bonner,1611661323,Connecticut Sun,2,9,46,Made Shot,Driving Layup Shot,2PT Field Goal,Restricted Area,Center(C),Less Than 8 ft.,0,-3,4,1,1,20200917,LAS,CON,2020,1042000201123,6140,validated,,0,matched,playbyplayv2,1611661320,201886|203826|1629492|1629567|1630097,complete,playbyplay_inferred,200671|201496|203029|203437|1630099,complete,playbyplay_inferred
Shot Chart Detail,1042000201,129,203826,Alyssa Thomas,1611661323,Connecticut Sun,2,9,12,Missed Shot,Floating Jump shot,2PT Field Goal,In The Paint (Non-RA),Center(C),8-16 ft.,11,6,111,1,0,20200917,LAS,CON,2020,1042000201129,6480,validated,,0,matched,playbyplayv2,1611661320,201886|203826|1629492|1629567|1630097,complete,playbyplay_inferred,200671|201496|203029|203437|1630099,complete,playbyplay_inferred
Shot Chart Detail,1042000201,148,201886,DeWanna Bonner,1611661323,Connecticut Sun,2,7,40,Made Shot,Jump Shot,3PT Field Goal,Above the Break 3,Left Side Center(LC),24+ ft.,24,-202,133,1,1,20200917,LAS,CON,2020,1042000201148,7400,validated,1629567,1,matched,playbyplayv2,1611661320,201886|203826|1629492|1629567|1630097,complete,playbyplay_inferred,200671|201496|1628279|1628282|1630099,complete,playbyplay_inferred
Shot Chart Detail,1042000201,152,201886,DeWanna Bonner,1611661323,Connecticut Sun,2,6,54,Missed Shot,Jump Shot,3PT Field Goal,Above the Break 3,Left Side Center(LC),24+ ft.,24,-182,171,1,0,20200917,LAS,CON,2020,1042000201152,7860,validated,,0,matched,playbyplayv2,1611661320,201886|203826|1629492|1629567|1630097,complete,playbyplay_inferred,200671|201496|1628279|1628282|1630099,complete,playbyplay_inferred
Shot Chart Detail,1042000201,164,201896,Briann January,1611661323,Connecticut Sun,2,6,18,Made Shot,Pullup Jump shot,2PT Field Goal,Mid-Range,Left Side Center(LC),16-24 ft.,18,-97,152,1,1,20200917,LAS,CON,2020,1042000201164,8220,validated,203826,1,matched,playbyplayv2,1611661320,201886|201896|203826|1628280|1630097,complete,playbyplay_inferred,200671|201496|1628279|1628282|1630099,complete,playbyplay_inferred
Shot Chart Detail,1042000201,168,201886,DeWanna Bonner,1611661323,Connecticut Sun,2,5,40,Missed Shot,Pullup Jump shot,2PT Field Goal,Mid-Range,Right Side(R),8-16 ft.,15,97,119,1,0,20200917,LAS,CON,2020,1042000201168,8600,validated,,0,matched,playbyplayv2,1611661320,201886|201896|203826|1628280|1630097,complete,playbyplay_inferred,200671|201496|1628279|1628282|1630099,complete,playbyplay_inferred
Shot Chart Detail,1042000201,172,1630097,Kaila Charles,1611661323,Connecticut Sun,2,5,15,Missed Shot,Jump Shot,3PT Field Goal,Right Corner 3,Right Side(R),24+ ft.,22,225,5,1,0,20200917,LAS,CON,2020,1042000201172,8850,validated,,0,matched,playbyplayv2,1611661320,201886|201896|203826|1628280|1630097,complete,playbyplay_inferred,200671|201496|1628279|1628282|1630099,complete,playbyplay_inferred
Shot Chart Detail,1042000201,174,203826,Alyssa Thomas,1611661323,Connecticut Sun,2,5,3,Missed Shot,Cutting Layup Shot,2PT Field Goal,Restricted Area,Center(C),Less Than 8 ft.,2,-27,12,1,0,20200917,LAS,CON,2020,1042000201174,8970,validated,,0,matched,playbyplayv2,1611661320,201886|201896|203826|1628280|1630097,complete,playbyplay_inferred,200671|201496|1628279|1628282|1630099,complete,playbyplay_inferred
Shot Chart Detail,1042000201,183,1628280,Brionna Jones,1611661323,Connecticut Sun,2,4,23,Missed Shot,Layup Shot,2PT Field Goal,Restricted Area,Center(C),Less Than 8 ft.,3,34,21,1,0,20200917,LAS,CON,2020,1042000201183,9370,validated,,0,matched,playbyplayv2,1611661320,201886|201896|202662|203826|1628280,complete,playbyplay_inferred,200671|201496|203833|1628279|1628282,complete,playbyplay_inferred
Shot Chart Detail,1042000201,193,1628280,Brionna Jones,1611661323,Connecticut Sun,2,3,45,Missed Shot,Layup Shot,2PT Field Goal,In The Paint (Non-RA),Center(C),Less Than 8 ft.,4,-42,15,1,0,20200917,LAS,CON,2020,1042000201193,9750,validated,,0,matched,playbyplayv2,1611661320,201886|201896|202662|203826|1628280,complete,playbyplay_inferred,201496|203833|1628279|1628282|1629485,complete,playbyplay_inferred
Shot Chart Detail,1042000201,202,203826,Alyssa Thomas,1611661323,Connecticut Sun,2,3,17,Made Shot,Driving Layup Shot,2PT Field Goal,In The Paint (Non-RA),Center(C),Less Than 8 ft.,5,7,53,1,1,20200917,LAS,CON,2020,1042000201202,10030,validated,202662,1,matched,playbyplayv2,1611661320,201886|201896|202662|203826|1628280,complete,playbyplay_inferred,201496|203833|1628282|1629485|1630099,complete,playbyplay_inferred
Shot Chart Detail,1042000201,209,203826,Alyssa Thomas,1611661323,Connecticut Sun,2,2,54,Made Shot,Pullup Jump shot,2PT Field Goal,In The Paint (Non-RA),Center(C),8-16 ft.,8,6,85,1,1,20200917,LAS,CON,2020,1042000201209,10260,validated,202662,1,matched,playbyplayv2,1611661320,201886|201896|202662|203826|1628280,complete,playbyplay_inferred,201496|203833|1628282|1629485|1630099,complete,playbyplay_inferred
Shot Chart Detail,1042000201,213,201886,DeWanna Bonner,1611661323,Connecticut Sun,2,2,29,Made Shot,Running Layup Shot,2PT Field Goal,Restricted Area,Center(C),Less Than 8 ft.,2,7,25,1,1,20200917,LAS,CON,2020,1042000201213,10510,validated,203826,1,matched,playbyplayv2,1611661320,201886|201896|202662|203826|1628280,complete,playbyplay_inferred,201496|203833|1628282|1629485|1630099,complete,playbyplay_inferred
Shot Chart Detail,1042000201,223,201886,DeWanna Bonner,1611661323,Connecticut Sun,2,1,41,Missed Shot,Jump Shot,3PT Field Goal,Above the Break 3,Center(C),24+ ft.,31,7,317,1,0,20200917,LAS,CON,2020,1042000201223,10990,validated,,0,matched,playbyplayv2,1611661320,201502|201886|201896|202662|1628280,complete,playbyplay_inferred,200671|201496|203833|1628282|1630099,complete,playbyplay_inferred
Shot Chart Detail,1042000201,230,201886,DeWanna Bonner,1611661323,Connecticut Sun,2,1,4,Missed Shot,Turnaround Jump Shot,2PT Field Goal,Mid-Range,Right Side(R),8-16 ft.,11,112,10,1,0,20200917,LAS,CON,2020,1042000201230,11360,validated,,0,matched,playbyplayv2,1611661320,201502|201886|201896|202662|1628280,complete,playbyplay_inferred,200671|201496|203833|1628282|1630099,complete,playbyplay_inferred
Shot Chart Detail,1042000201,235,201886,DeWanna Bonner,1611661323,Connecticut Sun,2,0,40,Made Shot,Jump Shot,3PT Field Goal,Left Corner 3,Left Side(L),24+ ft.,23,-233,10,1,1,20200917,LAS,CON,2020,1042000201235,11600,validated,1628280,1,matched,playbyplayv2,1611661320,201502|201886|201896|202662|1628280,complete,playbyplay_inferred,200671|201496|203833|1628282|1630099,complete,playbyplay_inferred
Shot Chart Detail,1042000201,239,201886,DeWanna Bonner,1611661323,Connecticut Sun,2,0,0,Missed Shot,Driving Layup Shot,2PT Field Goal,In The Paint (Non-RA),Center(C),Less Than 8 ft.,6,-61,0,1,0,20200917,LAS,CON,2020,1042000201239,12000,validated,,0,matched,playbyplayv2,1611661320,201502|201886|201896|202662|1628280,complete,playbyplay_inferred,200671|201496|203833|1628282|1630099,complete,playbyplay_inferred
Shot Chart Detail,1042000201,249,202662,Jasmine Thomas,1611661323,Connecticut Sun,3,9,41,Missed Shot,Driving Floating Jump Shot,2PT Field Goal,In The Paint (Non-RA),Center(C),Less Than 8 ft.,6,-2,61,1,0,20200917,LAS,CON,2020,1042000201249,12190,validated,,0,matched,playbyplayv2,1611661320,201886|201896|202662|203826|1628280,complete,playbyplay_inferred,201496|203833|1628279|1628282|1629485,complete,playbyplay_inferred
Shot Chart Detail,1042000201,256,203826,Alyssa Thomas,1611661323,Connecticut Sun,3,8,55,Missed Shot,Jump Shot,2PT Field Goal,In The Paint (Non-RA),Center(C),Less Than 8 ft.,7,-7,77,1,0,20200917,LAS,CON,2020,1042000201256,12650,validated,,0,matched,playbyplayv2,1611661320,201886|201896|202662|203826|1628280,complete,playbyplay_inferred,201496|203833|1628279|1628282|1629485,complete,playbyplay_inferred
Shot Chart Detail,1042000201,261,1628280,Brionna Jones,1611661323,Connecticut Sun,3,8,33,Made Shot,Layup Shot,2PT Field Goal,Restricted Area,Center(C),Less Than 8 ft.,3,33,6,1,1,20200917,LAS,CON,2020,1042000201261,12870,validated,201896,1,matched,playbyplayv2,1611661320,201886|201896|202662|203826|1628280,complete,playbyplay_inferred,201496|203833|1628279|1628282|1629485,complete,playbyplay_inferred
Shot Chart Detail,1042000201,273,203826,Alyssa Thomas,1611661323,Connecticut Sun,3,7,28,Missed Shot,Driving Layup Shot,2PT Field Goal,In The Paint (Non-RA),Center(C),Less Than 8 ft.,4,-40,15,1,0,20200917,LAS,CON,2020,1042000201273,13520,validated,,0,matched,playbyplayv2,1611661320,201886|201896|202662|203826|1628280,complete,playbyplay_inferred,201496|203833|1628279|1628282|1629485,complete,playbyplay_inferred
Shot Chart Detail,1042000201,277,202662,Jasmine Thomas,1611661323,Connecticut Sun,3,7,6,Made Shot,Jump Shot,2PT Field Goal,Mid-Range,Center(C),16-24 ft.,20,-35,201,1,1,20200917,LAS,CON,2020,1042000201277,13740,validated,,0,matched,playbyplayv2,1611661320,201886|201896|202662|203826|1628280,complete,playbyplay_inferred,201496|203833|1628279|1628282|1629485,complete,playbyplay_inferred
Shot Chart Detail,1042000201,280,201896,Briann January,1611661323,Connecticut Sun,3,6,43,Missed Shot,Jump Shot,2PT Field Goal,Mid-Range,Right Side Center(RC),16-24 ft.,20,116,170,1,0,20200917,LAS,CON,2020,1042000201280,13970,validated,,0,matched,playbyplayv2,1611661320,201886|201896|202662|203826|1628280,complete,playbyplay_inferred,201496|203833|1628279|1628282|1629485,complete,playbyplay_inferred
Shot Chart Detail,1042000201,289,202662,Jasmine Thomas,1611661323,Connecticut Sun,3,6,19,Missed Shot,Jump Shot,3PT Field Goal,Left Corner 3,Left Side(L),24+ ft.,22,-225,14,1,0,20200917,LAS,CON,2020,1042000201289,14210,validated,,0,matched,playbyplayv2,1611661320,201886|201896|202662|203826|1628280,complete,playbyplay_inferred,201496|203029|203833|1628279|1629485,complete,playbyplay_inferred
Shot Chart Detail,1042000201,293,201886,DeWanna Bonner,1611661323,Connecticut Sun,3,6,6,Missed Shot,Jump Shot,2PT Field Goal,Mid-Range,Right Side(R),16-24 ft.,18,152,109,1,0,20200917,LAS,CON,2020,1042000201293,14340,validated,,0,matched,playbyplayv2,1611661320,201886|201896|202662|203826|1628280,complete,playbyplay_inferred,201496|203029|203833|1628279|1629485,complete,playbyplay_inferred
Shot Chart Detail,1042000201,299,203826,Alyssa Thomas,1611661323,Connecticut Sun,3,5,46,Made Shot,Layup Shot,2PT Field Goal,Restricted Area,Center(C),Less Than 8 ft.,2,-19,19,1,1,20200917,LAS,CON,2020,1042000201299,14540,validated,202662,1,matched,playbyplayv2,1611661320,201886|201896|202662|203826|1628280,complete,playbyplay_inferred,201496|203029|203833|1628279|1629485,complete,playbyplay_inferred
Shot Chart Detail,1042000201,302,202662,Jasmine Thomas,1611661323,Connecticut Sun,3,5,20,Made Shot,Jump Shot,2PT Field Goal,Mid-Range,Right Side Center(RC),16-24 ft.,22,92,201,1,1,20200917,LAS,CON,2020,1042000201302,14800,validated,,0,matched,playbyplayv2,1611661320,201886|201896|202662|203826|1628280,complete,playbyplay_inferred,201496|203029|203833|1628279|1629485,complete,playbyplay_inferred
Shot Chart Detail,1042000201,310,201886,DeWanna Bonner,1611661323,Connecticut Sun,3,4,36,Missed Shot,Pullup Jump shot,2PT Field Goal,Mid-Range,Center(C),16-24 ft.,21,-54,211,1,0,20200917,LAS,CON,2020,1042000201310,15240,validated,,0,matched,playbyplayv2,1611661320,201886|201896|202662|203826|1628280,complete,playbyplay_inferred,201496|203029|203833|1628279|1629485,complete,playbyplay_inferred
Shot Chart Detail,1042000201,319,202662,Jasmine Thomas,1611661323,Connecticut Sun,3,3,55,Missed Shot,Jump Shot,3PT Field Goal,Left Corner 3,Left Side(L),24+ ft.,23,-232,9,1,0,20200917,LAS,CON,2020,1042000201319,15650,validated,,0,matched,playbyplayv2,1611661320,201886|201896|202662|203826|1628280,complete,playbyplay_inferred,201496|203029|203833|1628279|1629485,complete,playbyplay_inferred
Shot Chart Detail,1042000201,325,203826,Alyssa Thomas,1611661323,Connecticut Sun,3,3,20,Missed Shot,Jump Shot,2PT Field Goal,In The Paint (Non-RA),Center(C),Less Than 8 ft.,5,53,-7,1,0,20200917,LAS,CON,2020,1042000201325,16000,validated,,0,matched,playbyplayv2,1611661320,201886|201896|202662|203826|1628280,complete,playbyplay_inferred,201496|203029|203833|1628279|1629485,complete,playbyplay_inferred
Shot Chart Detail,1042000201,329,203826,Alyssa Thomas,1611661323,Connecticut Sun,3,2,58,Made Shot,Pullup Jump shot,2PT Field Goal,In The Paint (Non-RA),Center(C),8-16 ft.,8,21,83,1,1,20200917,LAS,CON,2020,1042000201329,16220,validated,202662,1,matched,playbyplayv2,1611661320,201886|201896|202662|203826|1628280,complete,playbyplay_inferred,201496|203029|203833|1628279|1629485,complete,playbyplay_inferred
Shot Chart Detail,1042000201,333,201886,DeWanna Bonner,1611661323,Connecticut Sun,3,2,29,Made Shot,Cutting Layup Shot,2PT Field Goal,Restricted Area,Center(C),Less Than 8 ft.,3,28,15,1,1,20200917,LAS,CON,2020,1042000201333,16510,validated,203826,1,matched,playbyplayv2,1611661320,201886|201896|202662|203826|1628280,complete,playbyplay_inferred,201496|203029|203833|1628279|1629485,complete,playbyplay_inferred
Shot Chart Detail,1042000201,354,203826,Alyssa Thomas,1611661323,Connecticut Sun,3,1,22,Made Shot,Driving Floating Bank Jump Shot,2PT Field Goal,In The Paint (Non-RA),Center(C),Less Than 8 ft.,6,48,46,1,1,20200917,LAS,CON,2020,1042000201354,17180,validated,202662,1,matched,playbyplayv2,1611661320,201886|202662|203826|1628280|1630097,complete,playbyplay_inferred,200671|201496|203437|203833|1630099,complete,playbyplay_inferred
Shot Chart Detail,1042000201,356,202662,Jasmine Thomas,1611661323,Connecticut Sun,3,1,0,Missed Shot,Jump Shot,3PT Field Goal,Above the Break 3,Center(C),24+ ft.,24,9,248,1,0,20200917,LAS,CON,2020,1042000201356,17400,validated,,0,matched,playbyplayv2,1611661320,201886|202662|203826|1628280|1630097,complete,playbyplay_inferred,200671|201496|203437|203833|1630099,complete,playbyplay_inferred
Shot Chart Detail,1042000201,362,201502,Essence Carson,1611661323,Connecticut Sun,3,0,34,Made Shot,Jump Shot,3PT Field Goal,Above the Break 3,Left Side Center(LC),24+ ft.,25,-90,238,1,1,20200917,LAS,CON,2020,1042000201362,17660,validated,203826,1,matched,playbyplayv2,1611661320,201502|202662|203826|1628280|1630097,complete,playbyplay_inferred,200671|201496|203437|203833|1630099,complete,playbyplay_inferred
Shot Chart Detail,1042000201,366,1628280,Brionna Jones,1611661323,Connecticut Sun,3,0,0,Missed Shot,Hook Shot,2PT Field Goal,Mid-Range,Right Side(R),8-16 ft.,8,85,11,1,0,20200917,LAS,CON,2020,1042000201366,18000,validated,,0,matched,playbyplayv2,1611661320,201502|202662|203826|1628280|1630097,complete,playbyplay_inferred,200671|201496|203437|203833|1630099,complete,playbyplay_inferred
Shot Chart Detail,1042000201,380,201896,Briann January,1611661323,Connecticut Sun,4,9,21,Made Shot,Jump Shot,3PT Field Goal,Left Corner 3,Left Side(L),24+ ft.,22,-228,1,1,1,20200917,LAS,CON,2020,1042000201380,18390,validated,1628280,1,matched,playbyplayv2,1611661320,201502|201896|203826|1628280|1630097,complete,playbyplay_inferred,200671|201496|203437|203833|1630099,complete,playbyplay_inferred
Shot Chart Detail,1042000201,388,201502,Essence Carson,1611661323,Connecticut Sun,4,8,41,Missed Shot,Jump Shot,3PT Field Goal,Above the Break 3,Right Side Center(RC),24+ ft.,25,133,221,1,0,20200917,LAS,CON,2020,1042000201388,18790,validated,,0,matched,playbyplayv2,1611661320,201502|201896|203826|1628280|1630097,complete,playbyplay_inferred,200671|201496|203437|203833|1630099,complete,playbyplay_inferred
Shot Chart Detail,1042000201,390,1628280,Brionna Jones,1611661323,Connecticut Sun,4,8,30,Missed Shot,Jump Shot,2PT Field Goal,In The Paint (Non-RA),Center(C),Less Than 8 ft.,6,-6,62,1,0,20200917,LAS,CON,2020,1042000201390,18900,validated,,0,matched,playbyplayv2,1611661320,201502|201896|203826|1628280|1630097,complete,playbyplay_inferred,200671|201496|203437|203833|1630099,complete,playbyplay_inferred
Shot Chart Detail,1042000201,393,203826,Alyssa Thomas,1611661323,Connecticut Sun,4,8,25,Missed Shot,Jump Shot,2PT Field Goal,In The Paint (Non-RA),Center(C),8-16 ft.,15,-64,136,1,0,20200917,LAS,CON,2020,1042000201393,18950,validated,,0,matched,playbyplayv2,1611661320,201502|201896|203826|1628280|1630097,complete,playbyplay_inferred,200671|201496|203437|203833|1630099,complete,playbyplay_inferred
Shot Chart Detail,1042000201,401,1630097,Kaila Charles,1611661323,Connecticut Sun,4,7,58,Missed Shot,Jump Shot,2PT Field Goal,Mid-Range,Right Side(R),8-16 ft.,12,126,15,1,0,20200917,LAS,CON,2020,1042000201401,19220,validated,,0,matched,playbyplayv2,1611661320,201502|201886|201896|1628280|1630097,complete,playbyplay_inferred,200671|201496|203437|203833|1630099,complete,playbyplay_inferred
Shot Chart Detail,1042000201,405,201896,Briann January,1611661323,Connecticut Sun,4,7,33,Missed Shot,Pullup Jump shot,2PT Field Goal,Mid-Range,Left Side(L),16-24 ft.,17,-140,100,1,0,20200917,LAS,CON,2020,1042000201405,19470,validated,,0,matched,playbyplayv2,1611661320,201502|201886|201896|1628280|1630097,complete,playbyplay_inferred,200671|201496|203437|203833|1630099,complete,playbyplay_inferred
Shot Chart Detail,1042000201,413,201502,Essence Carson,1611661323,Connecticut Sun,4,6,55,Missed Shot,Jump Shot,3PT Field Goal,Above the Break 3,Center(C),24+ ft.,24,-71,238,1,0,20200917,LAS,CON,2020,1042000201413,19850,validated,,0,matched,playbyplayv2,1611661320,201502|201886|201896|202662|1628280,complete,playbyplay_inferred,200671|201496|203437|203833|1630099,complete,playbyplay_inferred
Shot Chart Detail,1042000201,425,201502,Essence Carson,1611661323,Connecticut Sun,4,5,45,Missed Shot,Pullup Jump shot,2PT Field Goal,Mid-Range,Left Side(L),8-16 ft.,13,-104,93,1,0,20200917,LAS,CON,2020,1042000201425,20550,validated,,0,matched,playbyplayv2,1611661320,201502|201886|201896|202662|1628280,complete,playbyplay_inferred,200671|201496|203437|203833|1630099,complete,playbyplay_inferred
Shot Chart Detail,1042000201,429,1628280,Brionna Jones,1611661323,Connecticut Sun,4,5,9,Made Shot,Cutting Layup Shot,2PT Field Goal,In The Paint (Non-RA),Center(C),Less Than 8 ft.,4,39,23,1,1,20200917,LAS,CON,2020,1042000201429,20910,validated,201896,1,matched,playbyplayv2,1611661320,201502|201886|201896|202662|1628280,complete,playbyplay_inferred,200671|201496|203437|203833|1630099,complete,playbyplay_inferred
Shot Chart Detail,1042000201,433,1628280,Brionna Jones,1611661323,Connecticut Sun,4,4,36,Missed Shot,Cutting Layup Shot,2PT Field Goal,In The Paint (Non-RA),Center(C),Less Than 8 ft.,5,41,30,1,0,20200917,LAS,CON,2020,1042000201433,21240,validated,,0,matched,playbyplayv2,1611661320,201502|201886|201896|202662|1628280,complete,playbyplay_inferred,200671|201496|203437|203833|1630099,complete,playbyplay_inferred
Shot Chart Detail,1042000201,438,201896,Briann January,1611661323,Connecticut Sun,4,4,32,Missed Shot,Jump Shot,2PT Field Goal,Mid-Range,Left Side(L),16-24 ft.,19,-193,-2,1,0,20200917,LAS,CON,2020,1042000201438,21280,validated,,0,matched,playbyplayv2,1611661320,201502|201886|201896|202662|1628280,complete,playbyplay_inferred,200671|201496|203833|1628279|1630099,complete,playbyplay_inferred
Shot Chart Detail,1042000201,445,201502,Essence Carson,1611661323,Connecticut Sun,4,3,52,Missed Shot,Jump Shot,2PT Field Goal,Mid-Range,Left Side(L),8-16 ft.,13,-125,50,1,0,20200917,LAS,CON,2020,1042000201445,21680,validated,,0,matched,playbyplayv2,1611661320,201502|201886|201896|202662|203826,complete,playbyplay_inferred,200671|201496|203833|1628279|1630099,complete,playbyplay_inferred
Shot Chart Detail,1042000201,449,203826,Alyssa Thomas,1611661323,Connecticut Sun,4,3,22,Made Shot,Jump Shot,2PT Field Goal,In The Paint (Non-RA),Center(C),8-16 ft.,14,-36,136,1,1,20200917,LAS,CON,2020,1042000201449,21980,validated,201896,1,matched,playbyplayv2,1611661320,201502|201886|201896|202662|203826,complete,playbyplay_inferred,200671|201496|203833|1628279|1630099,complete,playbyplay_inferred
Shot Chart Detail,1042000201,475,202662,Jasmine Thomas,1611661323,Connecticut Sun,4,1,43,Made Shot,Jump Shot,3PT Field Goal,Above the Break 3,Left Side Center(LC),24+ ft.,27,-145,235,1,1,20200917,LAS,CON,2020,1042000201475,22970,validated,203826,1,matched,playbyplayv2,1611661320,201502|201886|201896|202662|203826,complete,playbyplay_inferred,200671|201496|203833|1628279|1630099,complete,playbyplay_inferred
Shot Chart Detail,1042000201,490,201502,Essence Carson,1611661323,Connecticut Sun,4,1,6,Missed Shot,Jump Shot,3PT Field Goal,Above the Break 3,Center(C),24+ ft.,23,-70,229,1,0,20200917,LAS,CON,2020,1042000201490,23340,validated,,0,matched,playbyplayv2,1611661320,201502|201896|203849|1629567|1630097,complete,playbyplay_inferred,200671|201496|203833|204334|1630099,complete,playbyplay_inferred
Shot Chart Detail,1042000201,498,201896,Briann January,1611661323,Connecticut Sun,4,0,12,Missed Shot,Jump Shot,2PT Field Goal,Mid-Range,Center(C),16-24 ft.,18,57,178,1,0,20200917,LAS,CON,2020,1042000201498,23880,validated,,0,matched,playbyplayv2,1611661320,201502|201896|203849|1629567|1630097,complete,playbyplay_inferred,200671|201496|203833|204334|1630099,complete,playbyplay_inferred
Shot Chart Detail,1042000301,10,201886,DeWanna Bonner,1611661323,Connecticut Sun,1,9,38,Missed Shot,Pullup Jump shot,2PT Field Goal,Mid-Range,Right Side(R),16-24 ft.,18,178,34,1,0,20200920,LVA,CON,2020,104200030110,220,validated,,0,matched,playbyplayv2,1611661319,201886|201896|202662|203826|1628280,complete,playbyplay_inferred,201881|202670|203825|1628263|1628932,complete,playbyplay_inferred
Shot Chart Detail,1042000301,13,203826,Alyssa Thomas,1611661323,Connecticut Sun,1,8,56,Missed Shot,Driving Layup Shot,2PT Field Goal,Restricted Area,Center(C),Less Than 8 ft.,2,12,21,1,0,20200920,LVA,CON,2020,104200030113,640,validated,,0,matched,playbyplayv2,1611661319,201886|201896|202662|203826|1628280,complete,playbyplay_inferred,201881|202670|203825|1628263|1628932,complete,playbyplay_inferred
Shot Chart Detail,1042000301,19,202662,Jasmine Thomas,1611661323,Connecticut Sun,1,8,30,Made Shot,Pullup Jump shot,2PT Field Goal,Mid-Range,Left Side Center(LC),16-24 ft.,16,-61,149,1,1,20200920,LVA,CON,2020,104200030119,900,validated,,0,matched,playbyplayv2,1611661319,201886|201896|202662|203826|1628280,complete,playbyplay_inferred,201881|202670|203825|1628263|1628932,complete,playbyplay_inferred
Shot Chart Detail,1042000301,24,202662,Jasmine Thomas,1611661323,Connecticut Sun,1,7,55,Missed Shot,Jump Shot,2PT Field Goal,Mid-Range,Left Side Center(LC),16-24 ft.,18,-77,170,1,0,20200920,LVA,CON,2020,104200030124,1250,validated,,0,matched,playbyplayv2,1611661319,201886|201896|202662|203826|1628280,complete,playbyplay_inferred,201881|202670|203825|1628263|1628932,complete,playbyplay_inferred
Shot Chart Detail,1042000301,26,203826,Alyssa Thomas,1611661323,Connecticut Sun,1,7,47,Made Shot,Driving Finger Roll Layup Shot,2PT Field Goal,Restricted Area,Center(C),Less Than 8 ft.,2,-26,-1,1,1,20200920,LVA,CON,2020,104200030126,1330,validated,201896,1,matched,playbyplayv2,1611661319,201886|201896|202662|203826|1628280,complete,playbyplay_inferred,201881|202670|203825|1628263|1628932,complete,playbyplay_inferred
Shot Chart Detail,1042000301,40,203826,Alyssa Thomas,1611661323,Connecticut Sun,1,6,44,Made Shot,Driving Floating Jump Shot,2PT Field Goal,Restricted Area,Center(C),Less Than 8 ft.,3,26,20,1,1,20200920,LVA,CON,2020,104200030140,1960,validated,201896,1,matched,playbyplayv2,1611661319,201886|201896|202662|203826|1628280,complete,playbyplay_inferred,201881|202670|203825|1628263|1628932,complete,playbyplay_inferred
Shot Chart Detail,1042000301,49,202662,Jasmine Thomas,1611661323,Connecticut Sun,1,6,6,Made Shot,Pullup Jump shot,2PT Field Goal,In The Paint (Non-RA),Right Side(R),8-16 ft.,10,64,77,1,1,20200920,LVA,CON,2020,104200030149,2340,validated,203826,1,matched,playbyplayv2,1611661319,201886|201896|202662|203826|1628280,complete,playbyplay_inferred,201881|202670|203825|1628263|1628932,complete,playbyplay_inferred
Shot Chart Detail,1042000301,53,201886,DeWanna Bonner,1611661323,Connecticut Sun,1,5,45,Missed Shot,Jump Shot,3PT Field Goal,Left Corner 3,Left Side(L),24+ ft.,23,-234,-6,1,0,20200920,LVA,CON,2020,104200030153,2550,validated,,0,matched,playbyplayv2,1611661319,201886|201896|202662|203826|1628280,complete,playbyplay_inferred,201881|202670|203825|1628263|1628932,complete,playbyplay_inferred
Shot Chart Detail,1042000301,65,201896,Briann January,1611661323,Connecticut Sun,1,5,15,Missed Shot,Jump Shot,2PT Field Goal,Mid-Range,Center(C),16-24 ft.,20,1,208,1,0,20200920,LVA,CON,2020,104200030165,2850,validated,,0,matched,playbyplayv2,1611661319,201886|201896|202662|203826|1629492,complete,playbyplay_inferred,201881|202658|203825|204324|1628932,complete,playbyplay_inferred
Shot Chart Detail,1042000301,69,201886,DeWanna Bonner,1611661323,Connecticut Sun,1,4,55,Missed Shot,Turnaround Jump Shot,2PT Field Goal,Mid-Range,Right Side(R),8-16 ft.,11,97,64,1,0,20200920,LVA,CON,2020,104200030169,3050,validated,,0,matched,playbyplayv2,1611661319,201886|201896|202662|203826|1629492,complete,playbyplay_inferred,201881|202658|203825|204324|1628932,complete,playbyplay_inferred
Shot Chart Detail,1042000301,72,202662,Jasmine Thomas,1611661323,Connecticut Sun,1,4,18,Made Shot,Pullup Jump shot,2PT Field Goal,Mid-Range,Left Side Center(LC),16-24 ft.,19,-125,146,1,1,20200920,LVA,CON,2020,104200030172,3420,validated,,0,matched,playbyplayv2,1611661319,201886|201896|202662|203826|1629492,complete,playbyplay_inferred,201881|202658|203825|204324|1628932,complete,playbyplay_inferred
Shot Chart Detail,1042000301,79,1629492,Beatrice Mompremier,1611661323,Connecticut Sun,1,3,49,Made Shot,Layup Shot,2PT Field Goal,Restricted Area,Center(C),Less Than 8 ft.,2,-26,0,1,1,20200920,LVA,CON,2020,104200030179,3710,validated,201896,1,matched,playbyplayv2,1611661319,201886|201896|202662|203826|1629492,complete,playbyplay_inferred,202658|203825|204324|1628932|1629498,complete,playbyplay_inferred
Shot Chart Detail,1042000301,83,201886,DeWanna Bonner,1611661323,Connecticut Sun,1,3,24,Missed Shot,Jump Shot,3PT Field Goal,Above the Break 3,Right Side Center(RC),24+ ft.,24,147,193,1,0,20200920,LVA,CON,2020,104200030183,3960,validated,,0,matched,playbyplayv2,1611661319,201886|201896|202662|203826|1629492,complete,playbyplay_inferred,202658|203825|204324|1628932|1629498,complete,playbyplay_inferred
Shot Chart Detail,1042000301,85,201896,Briann January,1611661323,Connecticut Sun,1,3,14,Missed Shot,Jump Shot,2PT Field Goal,Mid-Range,Center(C),16-24 ft.,20,-19,206,1,0,20200920,LVA,CON,2020,104200030185,4060,validated,,0,matched,playbyplayv2,1611661319,201886|201896|202662|203826|1629492,complete,playbyplay_inferred,202658|203825|204324|1628932|1629498,complete,playbyplay_inferred
Shot Chart Detail,1042000301,89,203826,Alyssa Thomas,1611661323,Connecticut Sun,1,2,45,Missed Shot,Layup Shot,2PT Field Goal,In The Paint (Non-RA),Center(C),Less Than 8 ft.,4,-41,21,1,0,20200920,LVA,CON,2020,104200030189,4350,validated,,0,matched,playbyplayv2,1611661319,201886|201896|202662|203826|1629492,complete,playbyplay_inferred,202658|203825|204324|1628932|1629498,complete,playbyplay_inferred
Shot Chart Detail,1042000301,95,202662,Jasmine Thomas,1611661323,Connecticut Sun,1,2,30,Made Shot,Pullup Jump shot,2PT Field Goal,Mid-Range,Center(C),16-24 ft.,18,-49,177,1,1,20200920,LVA,CON,2020,104200030195,4500,validated,,0,matched,playbyplayv2,1611661319,201886|201896|202662|203826|1629492,complete,playbyplay_inferred,202658|203411|204324|1628932|1629498,complete,playbyplay_inferred
Shot Chart Detail,1042000301,98,202662,Jasmine Thomas,1611661323,Connecticut Sun,1,2,6,Missed Shot,Driving Layup Shot,2PT Field Goal,Restricted Area,Center(C),Less Than 8 ft.,3,-26,18,1,0,20200920,LVA,CON,2020,104200030198,4740,validated,,0,matched,playbyplayv2,1611661319,201886|201896|202662|203826|1629492,complete,playbyplay_inferred,202658|203411|204324|1628932|1629498,complete,playbyplay_inferred
Shot Chart Detail,1042000301,127,1630097,Kaila Charles,1611661323,Connecticut Sun,1,0,55,Missed Shot,Jump Shot,3PT Field Goal,Above the Break 3,Left Side Center(LC),24+ ft.,24,-176,177,1,0,20200920,LVA,CON,2020,1042000301127,5450,validated,,0,matched,playbyplayv2,1611661319,201886|203826|1629492|1629567|1630097,complete,playbyplay_inferred,202658|202670|203411|204324|1629498,complete,playbyplay_inferred
Shot Chart Detail,1042000301,134,1629492,Beatrice Mompremier,1611661323,Connecticut Sun,1,0,18,Missed Shot,Jump Shot,2PT Field Goal,Mid-Range,Left Side(L),16-24 ft.,19,-199,11,1,0,20200920,LVA,CON,2020,1042000301134,5820,validated,,0,matched,playbyplayv2,1611661319,201886|203826|1629492|1629567|1630097,complete,playbyplay_inferred,202658|202670|203411|204324|1629498,complete,playbyplay_inferred
Shot Chart Detail,1042000301,150,1629567,Natisha Hiedeman,1611661323,Connecticut Sun,2,9,21,Missed Shot,Jump Shot,2PT Field Goal,Mid-Range,Right Side(R),8-16 ft.,15,124,98,1,0,20200920,LVA,CON,2020,1042000301150,6390,validated,,0,matched,playbyplayv2,1611661319,201886|203826|1629492|1629567|1630097,complete,playbyplay_inferred,202658|202670|203411|204324|1629498,complete,playbyplay_inferred
Shot Chart Detail,1042000301,154,201886,DeWanna Bonner,1611661323,Connecticut Sun,2,9,10,Missed Shot,Driving Layup Shot,2PT Field Goal,In The Paint (Non-RA),Center(C),Less Than 8 ft.,6,48,36,1,0,20200920,LVA,CON,2020,1042000301154,6500,validated,,0,matched,playbyplayv2,1611661319,201886|203826|1629492|1629567|1630097,complete,playbyplay_inferred,201881|202658|202670|204324|1629498,complete,playbyplay_inferred
Shot Chart Detail,1042000301,156,201886,DeWanna Bonner,1611661323,Connecticut Sun,2,8,55,Missed Shot,Jump Shot,3PT Field Goal,Above the Break 3,Center(C),24+ ft.,26,-60,259,1,0,20200920,LVA,CON,2020,1042000301156,6650,validated,,0,matched,playbyplayv2,1611661319,201886|203826|1629492|1629567|1630097,complete,playbyplay_inferred,201881|202658|202670|204324|1629498,complete,playbyplay_inferred
Shot Chart Detail,1042000301,186,1628280,Brionna Jones,1611661323,Connecticut Sun,2,7,17,Made Shot,Layup Shot,2PT Field Goal,In The Paint (Non-RA),Center(C),Less Than 8 ft.,4,-26,31,1,1,20200920,LVA,CON,2020,1042000301186,7630,validated,201886,1,matched,playbyplayv2,1611661319,201886|201896|202662|203826|1628280,complete,playbyplay_inferred,201881|202658|203825|204324|1628932,complete,playbyplay_inferred
Shot Chart Detail,1042000301,204,203826,Alyssa Thomas,1611661323,Connecticut Sun,2,6,25,Missed Shot,Layup Shot,2PT Field Goal,Restricted Area,Center(C),Less Than 8 ft.,2,25,13,1,0,20200920,LVA,CON,2020,1042000301204,8150,validated,,0,matched,playbyplayv2,1611661319,201886|201896|202662|203826|1629492,complete,playbyplay_inferred,201881|203825|204324|1628932|1629498,complete,playbyplay_inferred
Shot Chart Detail,1042000301,210,202662,Jasmine Thomas,1611661323,Connecticut Sun,2,5,52,Made Shot,Jump Shot,2PT Field Goal,Mid-Range,Right Side Center(RC),16-24 ft.,18,102,160,1,1,20200920,LVA,CON,2020,1042000301210,8480,validated,,0,matched,playbyplayv2,1611661319,201886|201896|202662|203826|1629492,complete,playbyplay_inferred,201881|203825|204324|1628932|1629498,complete,playbyplay_inferred
Shot Chart Detail,1042000301,213,202662,Jasmine Thomas,1611661323,Connecticut Sun,2,5,24,Made Shot,Jump Shot,3PT Field Goal,Above the Break 3,Left Side Center(LC),24+ ft.,23,-159,177,1,1,20200920,LVA,CON,2020,1042000301213,8760,validated,201886,1,matched,playbyplayv2,1611661319,201886|201896|202662|203826|1629492,complete,playbyplay_inferred,201881|203825|204324|1628932|1629498,complete,playbyplay_inferred
Shot Chart Detail,1042000301,229,201886,DeWanna Bonner,1611661323,Connecticut Sun,2,4,22,Missed Shot,Pullup Jump shot,2PT Field Goal,Mid-Range,Left Side(L),16-24 ft.,16,-161,47,1,0,20200920,LVA,CON,2020,1042000301229,9380,validated,,0,matched,playbyplayv2,1611661319,201886|201896|202662|203826|1629492,complete,playbyplay_inferred,202658|203825|204324|1628932|1629498,complete,playbyplay_inferred
Shot Chart Detail,1042000301,234,201886,DeWanna Bonner,1611661323,Connecticut Sun,2,3,53,Missed Shot,Driving Layup Shot,2PT Field Goal,Restricted Area,Center(C),Less Than 8 ft.,3,25,22,1,0,20200920,LVA,CON,2020,1042000301234,9670,validated,,0,matched,playbyplayv2,1611661319,201886|201896|202662|203826|1629492,complete,playbyplay_inferred,202658|203825|204324|1628932|1629498,complete,playbyplay_inferred
Shot Chart Detail,1042000301,236,1629492,Beatrice Mompremier,1611661323,Connecticut Sun,2,3,50,Made Shot,Putback Layup Shot,2PT Field Goal,Restricted Area,Center(C),Less Than 8 ft.,0,0,-6,1,1,20200920,LVA,CON,2020,1042000301236,9700,validated,,0,matched,playbyplayv2,1611661319,201886|201896|202662|203826|1629492,complete,playbyplay_inferred,202658|203825|204324|1628932|1629498,complete,playbyplay_inferred
Shot Chart Detail,1042000301,255,202662,Jasmine Thomas,1611661323,Connecticut Sun,2,2,20,Made Shot,Jump Shot,2PT Field Goal,In The Paint (Non-RA),Right Side(R),8-16 ft.,8,70,40,1,1,20200920,LVA,CON,2020,1042000301255,10600,validated,,0,matched,playbyplayv2,1611661319,201896|202662|203826|1629492|1630097,complete,playbyplay_inferred,201881|202658|203825|204324|1628932,complete,playbyplay_inferred
Shot Chart Detail,1042000301,258,202662,Jasmine Thomas,1611661323,Connecticut Sun,2,1,48,Made Shot,Pullup Jump shot,2PT Field Goal,Mid-Range,Right Side Center(RC),16-24 ft.,18,62,170,1,1,20200920,LVA,CON,2020,1042000301258,10920,validated,,0,matched,playbyplayv2,1611661319,201896|202662|203826|1629492|1630097,complete,playbyplay_inferred,201881|202658|203825|204324|1628932,complete,playbyplay_inferred
Shot Chart Detail,1042000301,261,202662,Jasmine Thomas,1611661323,Connecticut Sun,2,1,28,Made Shot,Jump Shot,3PT Field Goal,Above the Break 3,Right Side Center(RC),24+ ft.,23,187,150,1,1,20200920,LVA,CON,2020,1042000301261,11120,validated,203826,1,matched,playbyplayv2,1611661319,201896|202662|203826|1629492|1630097,complete,playbyplay_inferred,201881|202658|203825|204324|1628932,complete,playbyplay_inferred
Shot Chart Detail,1042000301,272,202662,Jasmine Thomas,1611661323,Connecticut Sun,2,0,24,Missed Shot,Jump Shot,3PT Field Goal,Above the Break 3,Left Side Center(LC),24+ ft.,25,-145,209,1,0,20200920,LVA,CON,2020,1042000301272,11760,validated,,0,matched,playbyplayv2,1611661319,201896|202662|203826|1629492|1630097,complete,playbyplay_inferred,201881|202658|203825|204324|1628932,complete,playbyplay_inferred
Shot Chart Detail,1042000301,297,203826,Alyssa Thomas,1611661323,Connecticut Sun,3,9,48,Made Shot,Jump Shot,2PT Field Goal,Mid-Range,Left Side(L),8-16 ft.,14,-96,103,1,1,20200920,LVA,CON,2020,1042000301297,12120,validated,202662,1,matched,playbyplayv2,1611661319,201886|201896|202662|203826|1628280,complete,playbyplay_inferred,201881|202670|203825|1628263|1628932,complete,playbyplay_inferred
Shot Chart Detail,1042000301,302,203826,Alyssa Thomas,1611661323,Connecticut Sun,3,9,6,Made Shot,Jump Shot,2PT Field Goal,In The Paint (Non-RA),Center(C),Less Than 8 ft.,7,-3,77,1,1,20200920,LVA,CON,2020,1042000301302,12540,validated,202662,1,matched,playbyplayv2,1611661319,201886|201896|202662|203826|1628280,complete,playbyplay_inferred,201881|202670|203825|1628263|1628932,complete,playbyplay_inferred
Shot Chart Detail,1042000301,307,203826,Alyssa Thomas,1611661323,Connecticut Sun,3,8,33,Missed Shot,Floating Jump shot,2PT Field Goal,In The Paint (Non-RA),Left Side(L),8-16 ft.,8,-57,58,1,0,20200920,LVA,CON,2020,1042000301307,12870,validated,,0,matched,playbyplayv2,1611661319,201886|201896|202662|203826|1628280,complete,playbyplay_inferred,201881|202670|203825|1628263|1628932,complete,playbyplay_inferred
Shot Chart Detail,1042000301,311,202662,Jasmine Thomas,1611661323,Connecticut Sun,3,8,20,Made Shot,Jump Shot,3PT Field Goal,Above the Break 3,Left Side Center(LC),24+ ft.,27,-154,224,1,1,20200920,LVA,CON,2020,1042000301311,13000,validated,201886,1,matched,playbyplayv2,1611661319,201886|201896|202662|203826|1628280,complete,playbyplay_inferred,201881|202670|203825|1628263|1628932,complete,playbyplay_inferred
Shot Chart Detail,1042000301,315,202662,Jasmine Thomas,1611661323,Connecticut Sun,3,7,49,Made Shot,Jump Shot,2PT Field Goal,In The Paint (Non-RA),Center(C),Less Than 8 ft.,7,-65,39,1,1,20200920,LVA,CON,2020,1042000301315,13310,validated,,0,matched,playbyplayv2,1611661319,201886|201896|202662|203826|1628280,complete,playbyplay_inferred,201881|202670|203825|1628263|1628932,complete,playbyplay_inferred
Shot Chart Detail,1042000301,318,202662,Jasmine Thomas,1611661323,Connecticut Sun,3,7,29,Missed Shot,Jump Shot,3PT Field Goal,Above the Break 3,Right Side Center(RC),24+ ft.,24,211,127,1,0,20200920,LVA,CON,2020,1042000301318,13510,validated,,0,matched,playbyplayv2,1611661319,201886|201896|202662|203826|1628280,complete,playbyplay_inferred,201881|202670|203825|1628263|1628932,complete,playbyplay_inferred
Shot Chart Detail,1042000301,324,201886,DeWanna Bonner,1611661323,Connecticut Sun,3,6,59,Missed Shot,Jump Shot,2PT Field Goal,Mid-Range,Left Side(L),8-16 ft.,13,-97,87,1,0,20200920,LVA,CON,2020,1042000301324,13810,validated,,0,matched,playbyplayv2,1611661319,201886|201896|202662|203826|1628280,complete,playbyplay_inferred,202670|203825|1628263|1628932|1629498,complete,playbyplay_inferred
Shot Chart Detail,1042000301,327,202662,Jasmine Thomas,1611661323,Connecticut Sun,3,6,30,Made Shot,Layup Shot,2PT Field Goal,In The Paint (Non-RA),Center(C),Less Than 8 ft.,4,-36,19,1,1,20200920,LVA,CON,2020,1042000301327,14100,validated,,0,matched,playbyplayv2,1611661319,201886|201896|202662|203826|1628280,complete,playbyplay_inferred,202670|203825|1628263|1628932|1629498,complete,playbyplay_inferred
Shot Chart Detail,1042000301,333,201886,DeWanna Bonner,1611661323,Connecticut Sun,3,6,0,Missed Shot,Layup Shot,2PT Field Goal,In The Paint (Non-RA),Center(C),Less Than 8 ft.,4,22,39,1,0,20200920,LVA,CON,2020,1042000301333,14400,validated,,0,matched,playbyplayv2,1611661319,201886|201896|202662|203826|1628280,complete,playbyplay_inferred,203825|204324|1628263|1628932|1629498,complete,playbyplay_inferred
Shot Chart Detail,1042000301,337,201886,DeWanna Bonner,1611661323,Connecticut Sun,3,5,36,Made Shot,Finger Roll Layup Shot,2PT Field Goal,Restricted Area,Center(C),Less Than 8 ft.,3,27,25,1,1,20200920,LVA,CON,2020,1042000301337,14640,validated,203826,1,matched,playbyplayv2,1611661319,201886|201896|202662|203826|1628280,complete,playbyplay_inferred,203825|204324|1628263|1628932|1629498,complete,playbyplay_inferred
Shot Chart Detail,1042000301,341,201886,DeWanna Bonner,1611661323,Connecticut Sun,3,5,10,Made Shot,Driving Finger Roll Layup Shot,2PT Field Goal,Restricted Area,Center(C),Less Than 8 ft.,2,15,15,1,1,20200920,LVA,CON,2020,1042000301341,14900,validated,,0,matched,playbyplayv2,1611661319,201886|201896|202662|203826|1628280,complete,playbyplay_inferred,203825|204324|1628263|1628932|1629498,complete,playbyplay_inferred
Shot Chart Detail,1042000301,347,203826,Alyssa Thomas,1611661323,Connecticut Sun,3,4,35,Made Shot,Jump Shot,2PT Field Goal,In The Paint (Non-RA),Center(C),8-16 ft.,10,-30,100,1,1,20200920,LVA,CON,2020,1042000301347,15250,validated,202662,1,matched,playbyplayv2,1611661319,201886|201896|202662|203826|1628280,complete,playbyplay_inferred,203411|203825|204324|1628932|1629498,complete,playbyplay_inferred
Shot Chart Detail,1042000301,353,202662,Jasmine Thomas,1611661323,Connecticut Sun,3,4,10,Missed Shot,Jump Shot,3PT Field Goal,Above the Break 3,Right Side Center(RC),24+ ft.,26,119,232,1,0,20200920,LVA,CON,2020,1042000301353,15500,validated,,0,matched,playbyplayv2,1611661319,201886|201896|202662|203826|1628280,complete,playbyplay_inferred,203411|203825|204324|1628932|1629498,complete,playbyplay_inferred
Shot Chart Detail,1042000301,357,202662,Jasmine Thomas,1611661323,Connecticut Sun,3,3,53,Made Shot,Layup Shot,2PT Field Goal,Restricted Area,Center(C),Less Than 8 ft.,3,24,29,1,1,20200920,LVA,CON,2020,1042000301357,15670,validated,203826,1,matched,playbyplayv2,1611661319,201886|201896|202662|203826|1628280,complete,playbyplay_inferred,203411|203825|204324|1628932|1629498,complete,playbyplay_inferred
Shot Chart Detail,1042000301,370,1630097,Kaila Charles,1611661323,Connecticut Sun,3,3,19,Missed Shot,Jump Shot,3PT Field Goal,Above the Break 3,Center(C),24+ ft.,25,21,256,1,0,20200920,LVA,CON,2020,1042000301370,16010,validated,,0,matched,playbyplayv2,1611661319,201886|202662|203826|1629492|1630097,complete,playbyplay_inferred,203411|203825|204324|1628932|1629498,complete,playbyplay_inferred
Shot Chart Detail,1042000301,373,1629492,Beatrice Mompremier,1611661323,Connecticut Sun,3,2,53,Missed Shot,Jump Shot,2PT Field Goal,Mid-Range,Right Side(R),8-16 ft.,14,145,6,1,0,20200920,LVA,CON,2020,1042000301373,16270,validated,,0,matched,playbyplayv2,1611661319,201886|202662|203826|1629492|1630097,complete,playbyplay_inferred,203411|203825|204324|1628932|1629498,complete,playbyplay_inferred
Shot Chart Detail,1042000301,383,1629567,Natisha Hiedeman,1611661323,Connecticut Sun,3,2,18,Made Shot,Jump Shot,3PT Field Goal,Above the Break 3,Left Side Center(LC),24+ ft.,25,-97,239,1,1,20200920,LVA,CON,2020,1042000301383,16620,validated,203826,1,matched,playbyplayv2,1611661319,201886|203826|1629492|1629567|1630097,complete,playbyplay_inferred,203411|203825|204324|1628932|1629498,complete,playbyplay_inferred
Shot Chart Detail,1042000301,387,203826,Alyssa Thomas,1611661323,Connecticut Sun,3,1,36,Made Shot,Cutting Layup Shot,2PT Field Goal,Restricted Area,Center(C),Less Than 8 ft.,2,-4,25,1,1,20200920,LVA,CON,2020,1042000301387,17040,validated,201886,1,matched,playbyplayv2,1611661319,201886|203826|1629492|1629567|1630097,complete,playbyplay_inferred,203411|203825|204324|1628932|1629498,complete,playbyplay_inferred
Shot Chart Detail,1042000301,391,203826,Alyssa Thomas,1611661323,Connecticut Sun,3,1,1,Missed Shot,Jump Shot,2PT Field Goal,In The Paint (Non-RA),Center(C),8-16 ft.,9,9,98,1,0,20200920,LVA,CON,2020,1042000301391,17390,validated,,0,matched,playbyplayv2,1611661319,201886|203826|1629492|1629567|1630097,complete,playbyplay_inferred,203411|203825|204324|1628932|1629498,complete,playbyplay_inferred
Shot Chart Detail,1042000301,395,203826,Alyssa Thomas,1611661323,Connecticut Sun,3,0,27,Missed Shot,Jump Shot,2PT Field Goal,In The Paint (Non-RA),Center(C),Less Than 8 ft.,7,58,52,1,0,20200920,LVA,CON,2020,1042000301395,17730,validated,,0,matched,playbyplayv2,1611661319,201886|203826|1629492|1629567|1630097,complete,playbyplay_inferred,203411|203825|204324|1628932|1629498,complete,playbyplay_inferred
Shot Chart Detail,1042000301,399,203826,Alyssa Thomas,1611661323,Connecticut Sun,3,0,18,Made Shot,Layup Shot,2PT Field Goal,Restricted Area,Center(C),Less Than 8 ft.,2,-2,24,1,1,20200920,LVA,CON,2020,1042000301399,17820,validated,1629567,1,matched,playbyplayv2,1611661319,201886|203826|1629492|1629567|1630097,complete,playbyplay_inferred,203411|203825|204324|1628932|1629498,complete,playbyplay_inferred
Shot Chart Detail,1042000301,421,1630097,Kaila Charles,1611661323,Connecticut Sun,4,9,23,Made Shot,Driving Layup Shot,2PT Field Goal,In The Paint (Non-RA),Center(C),Less Than 8 ft.,4,33,30,1,1,20200920,LVA,CON,2020,1042000301421,18370,validated,1629567,1,matched,playbyplayv2,1611661319,201896|203826|1629492|1629567|1630097,complete,playbyplay_inferred,202658|203411|204324|1628242|1629498,complete,playbyplay_inferred
Shot Chart Detail,1042000301,428,1629567,Natisha Hiedeman,1611661323,Connecticut Sun,4,9,4,Made Shot,Jump Shot,3PT Field Goal,Above the Break 3,Center(C),24+ ft.,25,-23,249,1,1,20200920,LVA,CON,2020,1042000301428,18560,validated,,0,matched,playbyplayv2,1611661319,201896|203826|1629492|1629567|1630097,complete,playbyplay_inferred,202658|203411|204324|1628242|1629498,complete,playbyplay_inferred
Shot Chart Detail,1042000301,435,201896,Briann January,1611661323,Connecticut Sun,4,8,35,Made Shot,Jump Shot,3PT Field Goal,Above the Break 3,Center(C),24+ ft.,26,-64,253,1,1,20200920,LVA,CON,2020,1042000301435,18850,validated,,0,matched,playbyplayv2,1611661319,201896|203826|1629492|1629567|1630097,complete,playbyplay_inferred,202658|202670|203411|1628242|1629498,complete,playbyplay_inferred
Shot Chart Detail,1042000301,447,203826,Alyssa Thomas,1611661323,Connecticut Sun,4,7,31,Made Shot,Driving Layup Shot,2PT Field Goal,Restricted Area,Center(C),Less Than 8 ft.,3,-3,30,1,1,20200920,LVA,CON,2020,1042000301447,19490,validated,201896,1,matched,playbyplayv2,1611661319,201896|203826|1629492|1629567|1630097,complete,playbyplay_inferred,202658|202670|203411|1628242|1629498,complete,playbyplay_inferred
Shot Chart Detail,1042000301,455,201896,Briann January,1611661323,Connecticut Sun,4,6,28,Missed Shot,Jump Shot,3PT Field Goal,Above the Break 3,Right Side Center(RC),24+ ft.,26,99,246,1,0,20200920,LVA,CON,2020,1042000301455,20120,validated,,0,matched,playbyplayv2,1611661319,201896|203826|1629492|1629567|1630097,complete,playbyplay_inferred,202658|202670|203411|1628242|1629498,complete,playbyplay_inferred
Shot Chart Detail,1042000301,482,1628280,Brionna Jones,1611661323,Connecticut Sun,4,4,26,Missed Shot,Driving Hook Shot,2PT Field Goal,In The Paint (Non-RA),Center(C),Less Than 8 ft.,4,31,28,1,0,20200920,LVA,CON,2020,1042000301482,21340,validated,,0,matched,playbyplayv2,1611661319,201896|203849|1628280|1629567|1630097,complete,playbyplay_inferred,203411|204332|1628242|1628263|1629498,complete,playbyplay_inferred
Shot Chart Detail,1042000301,487,1629567,Natisha Hiedeman,1611661323,Connecticut Sun,4,4,6,Missed Shot,Pullup Jump shot,2PT Field Goal,Mid-Range,Right Side Center(RC),16-24 ft.,16,92,136,1,0,20200920,LVA,CON,2020,1042000301487,21540,validated,,0,matched,playbyplayv2,1611661319,201896|203849|1628280|1629567|1630097,complete,playbyplay_inferred,203411|204332|1628242|1628263|1629498,complete,playbyplay_inferred
Shot Chart Detail,1042000301,497,1629567,Natisha Hiedeman,1611661323,Connecticut Sun,4,3,39,Made Shot,Pullup Jump shot,3PT Field Goal,Above the Break 3,Center(C),24+ ft.,26,36,258,1,1,20200920,LVA,CON,2020,1042000301497,21810,validated,,0,matched,playbyplayv2,1611661319,201502|203849|204321|1629567|1630097,complete,playbyplay_inferred,203411|204332|1628242|1628263|1629498,complete,playbyplay_inferred
Shot Chart Detail,1042000301,509,201502,Essence Carson,1611661323,Connecticut Sun,4,2,36,Made Shot,Layup Shot,2PT Field Goal,Restricted Area,Center(C),Less Than 8 ft.,2,21,15,1,1,20200920,LVA,CON,2020,1042000301509,22440,validated,204321,1,matched,playbyplayv2,1611661319,201502|203849|204321|1629567|1630097,complete,playbyplay_inferred,203411|204332|1628242|1628263|1629498,complete,playbyplay_inferred
Shot Chart Detail,1042000301,513,204321,Kaleena Mosqueda-Lewis,1611661323,Connecticut Sun,4,2,5,Missed Shot,Jump Shot,3PT Field Goal,Above the Break 3,Right Side Center(RC),24+ ft.,25,160,203,1,0,20200920,LVA,CON,2020,1042000301513,22750,validated,,0,matched,playbyplayv2,1611661319,201502|203849|204321|1629567|1630097,complete,playbyplay_inferred,203411|204332|1628242|1628263|1629498,complete,playbyplay_inferred
Shot Chart Detail,1042000301,515,1629567,Natisha Hiedeman,1611661323,Connecticut Sun,4,2,0,Made Shot,Jump Shot,3PT Field Goal,Above the Break 3,Center(C),24+ ft.,27,-34,275,1,1,20200920,LVA,CON,2020,1042000301515,22800,validated,203849,1,matched,playbyplayv2,1611661319,201502|203849|204321|1629567|1630097,complete,playbyplay_inferred,203411|204332|1628242|1628263|1629498,complete,playbyplay_inferred
Shot Chart Detail,1042000301,519,203849,Theresa Plaisance,1611661323,Connecticut Sun,4,1,21,Missed Shot,Jump Shot,2PT Field Goal,Mid-Range,Right Side(R),8-16 ft.,11,86,78,1,0,20200920,LVA,CON,2020,1042000301519,23190,validated,,0,matched,playbyplayv2,1611661319,201502|203849|204321|1629567|1630097,complete,playbyplay_inferred,203411|204332|1628242|1628263|1629498,complete,playbyplay_inferred
Shot Chart Detail,1042000301,523,204321,Kaleena Mosqueda-Lewis,1611661323,Connecticut Sun,4,0,55,Made Shot,Cutting Layup Shot,2PT Field Goal,Restricted Area,Center(C),Less Than 8 ft.,3,-11,29,1,1,20200920,LVA,CON,2020,1042000301523,23450,validated,1629567,1,matched,playbyplayv2,1611661319,201502|203849|204321|1629567|1630097,complete,playbyplay_inferred,203411|204332|1628242|1628263|1629498,complete,playbyplay_inferred
Shot Chart Detail,1042000301,527,1629567,Natisha Hiedeman,1611661323,Connecticut Sun,4,0,20,Missed Shot,Jump Shot,3PT Field Goal,Above the Break 3,Right Side Center(RC),24+ ft.,26,150,221,1,0,20200920,LVA,CON,2020,1042000301527,23800,validated,,0,matched,playbyplayv2,1611661319,201502|203849|204321|1629567|1630097,complete,playbyplay_inferred,203411|204332|1628242|1628263|1629498,complete,playbyplay_inferred
Shot Chart Detail,1042000302,9,203826,Alyssa Thomas,1611661323,Connecticut Sun,1,9,20,Made Shot,Finger Roll Layup Shot,2PT Field Goal,Restricted Area,Center(C),Less Than 8 ft.,3,-25,20,1,1,20200922,LVA,CON,2020,10420003029,400,validated,201886,1,matched,playbyplayv2,1611661319,201886|201896|202662|203826|1628280,complete,playbyplay_inferred,201881|202658|202670|203825|1628932,complete,playbyplay_inferred
Shot Chart Detail,1042000302,13,1628280,Brionna Jones,1611661323,Connecticut Sun,1,8,48,Made Shot,Driving Layup Shot,2PT Field Goal,Restricted Area,Center(C),Less Than 8 ft.,2,1,27,1,1,20200922,LVA,CON,2020,104200030213,720,validated,202662,1,matched,playbyplayv2,1611661319,201886|201896|202662|203826|1628280,complete,playbyplay_inferred,201881|202658|202670|203825|1628932,complete,playbyplay_inferred
Shot Chart Detail,1042000302,17,201896,Briann January,1611661323,Connecticut Sun,1,8,30,Made Shot,Pullup Jump shot,2PT Field Goal,Mid-Range,Center(C),16-24 ft.,18,-20,184,1,1,20200922,LVA,CON,2020,104200030217,900,validated,,0,matched,playbyplayv2,1611661319,201886|201896|202662|203826|1628280,complete,playbyplay_inferred,201881|202658|202670|203825|1628932,complete,playbyplay_inferred
Shot Chart Detail,1042000302,19,203826,Alyssa Thomas,1611661323,Connecticut Sun,1,8,1,Missed Shot,Jump Shot,2PT Field Goal,In The Paint (Non-RA),Right Side(R),8-16 ft.,8,46,72,1,0,20200922,LVA,CON,2020,104200030219,1190,validated,,0,matched,playbyplayv2,1611661319,201886|201896|202662|203826|1628280,complete,playbyplay_inferred,201881|202658|202670|203825|1628932,complete,playbyplay_inferred
Shot Chart Detail,1042000302,26,201896,Briann January,1611661323,Connecticut Sun,1,7,22,Made Shot,Jump Shot,3PT Field Goal,Above the Break 3,Right Side Center(RC),24+ ft.,23,202,126,1,1,20200922,LVA,CON,2020,104200030226,1580,validated,201886,1,matched,playbyplayv2,1611661319,201886|201896|202662|203826|1628280,complete,playbyplay_inferred,201881|202658|202670|203825|1628932,complete,playbyplay_inferred
Shot Chart Detail,1042000302,40,201886,DeWanna Bonner,1611661323,Connecticut Sun,1,6,19,Missed Shot,Jump Shot,3PT Field Goal,Above the Break 3,Left Side Center(LC),16-24 ft.,23,-189,142,1,0,20200922,LVA,CON,2020,104200030240,2210,validated,,0,matched,playbyplayv2,1611661319,201886|201896|202662|203826|1628280,complete,playbyplay_inferred,201881|202658|202670|203825|1628932,complete,playbyplay_inferred
Shot Chart Detail,1042000302,43,203826,Alyssa Thomas,1611661323,Connecticut Sun,1,5,53,Missed Shot,Floating Jump shot,2PT Field Goal,In The Paint (Non-RA),Center(C),Less Than 8 ft.,4,1,47,1,0,20200922,LVA,CON,2020,104200030243,2470,validated,,0,matched,playbyplayv2,1611661319,201886|201896|202662|203826|1628280,complete,playbyplay_inferred,201881|202658|202670|203825|1628932,complete,playbyplay_inferred
Shot Chart Detail,1042000302,45,1628280,Brionna Jones,1611661323,Connecticut Sun,1,5,49,Missed Shot,Putback Layup Shot,2PT Field Goal,Restricted Area,Center(C),Less Than 8 ft.,0,0,-6,1,0,20200922,LVA,CON,2020,104200030245,2510,validated,,0,matched,playbyplayv2,1611661319,201886|201896|202662|203826|1628280,complete,playbyplay_inferred,201881|202658|202670|203825|1628932,complete,playbyplay_inferred
Shot Chart Detail,1042000302,66,201886,DeWanna Bonner,1611661323,Connecticut Sun,1,4,45,Made Shot,Driving Floating Bank Jump Shot,2PT Field Goal,Mid-Range,Center(C),16-24 ft.,18,42,178,1,1,20200922,LVA,CON,2020,104200030266,3150,validated,202662,1,matched,playbyplayv2,1611661319,201886|201896|202662|1628280|1629492,complete,playbyplay_inferred,201881|202658|203825|204324|1628932,complete,playbyplay_inferred
Shot Chart Detail,1042000302,70,201886,DeWanna Bonner,1611661323,Connecticut Sun,1,4,21,Missed Shot,Pullup Jump shot,3PT Field Goal,Above the Break 3,Center(C),24+ ft.,24,17,249,1,0,20200922,LVA,CON,2020,104200030270,3390,validated,,0,matched,playbyplayv2,1611661319,201886|201896|202662|1628280|1629492,complete,playbyplay_inferred,201881|202658|203825|204324|1628932,complete,playbyplay_inferred
Shot Chart Detail,1042000302,72,201886,DeWanna Bonner,1611661323,Connecticut Sun,1,4,13,Missed Shot,Driving Finger Roll Layup Shot,2PT Field Goal,Restricted Area,Center(C),Less Than 8 ft.,3,-28,25,1,0,20200922,LVA,CON,2020,104200030272,3470,validated,,0,matched,playbyplayv2,1611661319,201886|201896|202662|1628280|1629492,complete,playbyplay_inferred,201881|202658|203825|204324|1628932,complete,playbyplay_inferred
Shot Chart Detail,1042000302,80,1628280,Brionna Jones,1611661323,Connecticut Sun,1,3,56,Made Shot,Layup Shot,2PT Field Goal,Restricted Area,Center(C),Less Than 8 ft.,3,34,16,1,1,20200922,LVA,CON,2020,104200030280,3640,validated,201896,1,matched,playbyplayv2,1611661319,201886|201896|202662|1628280|1629492,complete,playbyplay_inferred,202658|203825|204324|1628932|1629498,complete,playbyplay_inferred
Shot Chart Detail,1042000302,84,202662,Jasmine Thomas,1611661323,Connecticut Sun,1,3,14,Made Shot,Pullup Jump shot,2PT Field Goal,Mid-Range,Right Side Center(RC),16-24 ft.,16,81,145,1,1,20200922,LVA,CON,2020,104200030284,4060,validated,,0,matched,playbyplayv2,1611661319,201886|201896|202662|1628280|1629492,complete,playbyplay_inferred,202658|203825|204324|1628932|1629498,complete,playbyplay_inferred
Shot Chart Detail,1042000302,89,201886,DeWanna Bonner,1611661323,Connecticut Sun,1,2,38,Made Shot,Turnaround Jump Shot,2PT Field Goal,Mid-Range,Left Side(L),8-16 ft.,13,-114,65,1,1,20200922,LVA,CON,2020,104200030289,4420,validated,,0,matched,playbyplayv2,1611661319,201886|202662|1628280|1629492|1630097,complete,playbyplay_inferred,202658|203825|204324|1628932|1629498,complete,playbyplay_inferred
Shot Chart Detail,1042000302,93,202662,Jasmine Thomas,1611661323,Connecticut Sun,1,2,10,Missed Shot,Jump Shot,3PT Field Goal,Above the Break 3,Left Side Center(LC),24+ ft.,24,-131,211,1,0,20200922,LVA,CON,2020,104200030293,4700,validated,,0,matched,playbyplayv2,1611661319,201886|202662|1628280|1629492|1630097,complete,playbyplay_inferred,202658|203825|204324|1628932|1629498,complete,playbyplay_inferred
Shot Chart Detail,1042000302,97,201886,DeWanna Bonner,1611661323,Connecticut Sun,1,1,39,Made Shot,Driving Layup Shot,2PT Field Goal,In The Paint (Non-RA),Center(C),Less Than 8 ft.,5,-5,56,1,1,20200922,LVA,CON,2020,104200030297,5010,validated,1630097,1,matched,playbyplayv2,1611661319,201886|202662|1628280|1629492|1630097,complete,playbyplay_inferred,202658|203825|204324|1628932|1629498,complete,playbyplay_inferred
Shot Chart Detail,1042000302,109,201886,DeWanna Bonner,1611661323,Connecticut Sun,1,1,14,Made Shot,Jump Shot,2PT Field Goal,Mid-Range,Center(C),8-16 ft.,14,-24,146,1,1,20200922,LVA,CON,2020,1042000302109,5260,validated,,0,matched,playbyplayv2,1611661319,201502|201886|202662|1629492|1630097,complete,playbyplay_inferred,201881|203411|204324|1628932|1629498,complete,playbyplay_inferred
Shot Chart Detail,1042000302,113,1629492,Beatrice Mompremier,1611661323,Connecticut Sun,1,0,38,Missed Shot,Jump Shot,2PT Field Goal,Mid-Range,Center(C),8-16 ft.,15,29,149,1,0,20200922,LVA,CON,2020,1042000302113,5620,validated,,0,matched,playbyplayv2,1611661319,201502|201886|202662|1629492|1630097,complete,playbyplay_inferred,201881|203411|204324|1628932|1629498,complete,playbyplay_inferred
Shot Chart Detail,1042000302,132,201886,DeWanna Bonner,1611661323,Connecticut Sun,2,9,40,Missed Shot,Pullup Jump shot,3PT Field Goal,Above the Break 3,Left Side Center(LC),24+ ft.,25,-97,233,1,0,20200922,LVA,CON,2020,1042000302132,6200,validated,,0,matched,playbyplayv2,1611661319,201502|201886|202662|1629492|1630097,complete,playbyplay_inferred,202670|203411|203825|204324|1629498,complete,playbyplay_inferred
Shot Chart Detail,1042000302,138,202662,Jasmine Thomas,1611661323,Connecticut Sun,2,9,1,Missed Shot,Driving Layup Shot,2PT Field Goal,Restricted Area,Center(C),Less Than 8 ft.,3,-28,12,1,0,20200922,LVA,CON,2020,1042000302138,6590,validated,,0,matched,playbyplayv2,1611661319,201502|201886|202662|1629492|1630097,complete,playbyplay_inferred,202670|203411|203825|204324|1629498,complete,playbyplay_inferred
Shot Chart Detail,1042000302,158,1629492,Beatrice Mompremier,1611661323,Connecticut Sun,2,7,48,Missed Shot,Hook Shot,2PT Field Goal,In The Paint (Non-RA),Center(C),Less Than 8 ft.,4,9,49,1,0,20200922,LVA,CON,2020,1042000302158,7320,validated,,0,matched,playbyplayv2,1611661319,201502|201886|1629492|1629567|1630097,complete,playbyplay_inferred,203411|203825|204324|1628932|1629498,complete,playbyplay_inferred
Shot Chart Detail,1042000302,171,201502,Essence Carson,1611661323,Connecticut Sun,2,7,18,Made Shot,Jump Shot,2PT Field Goal,Mid-Range,Left Side Center(LC),16-24 ft.,18,-127,140,1,1,20200922,LVA,CON,2020,1042000302171,7620,validated,201886,1,matched,playbyplayv2,1611661319,201502|201886|201896|1628280|1630097,complete,playbyplay_inferred,202658|203825|204324|1628932|1629498,complete,playbyplay_inferred
Shot Chart Detail,1042000302,181,1628280,Brionna Jones,1611661323,Connecticut Sun,2,6,29,Missed Shot,Layup Shot,2PT Field Goal,In The Paint (Non-RA),Center(C),Less Than 8 ft.,4,41,21,1,0,20200922,LVA,CON,2020,1042000302181,8110,validated,,0,matched,playbyplayv2,1611661319,201886|201896|1628280|1629567|1630097,complete,playbyplay_inferred,202658|203825|204324|1628932|1629498,complete,playbyplay_inferred
Shot Chart Detail,1042000302,187,1628280,Brionna Jones,1611661323,Connecticut Sun,2,6,3,Made Shot,Jump Shot,2PT Field Goal,Mid-Range,Right Side(R),16-24 ft.,16,151,71,1,1,20200922,LVA,CON,2020,1042000302187,8370,validated,1629567,1,matched,playbyplayv2,1611661319,201886|201896|1628280|1629567|1630097,complete,playbyplay_inferred,202658|203825|204324|1628932|1629498,complete,playbyplay_inferred
Shot Chart Detail,1042000302,199,201896,Briann January,1611661323,Connecticut Sun,2,5,34,Made Shot,Pullup Jump shot,3PT Field Goal,Above the Break 3,Center(C),24+ ft.,24,22,243,1,1,20200922,LVA,CON,2020,1042000302199,8660,validated,,0,matched,playbyplayv2,1611661319,201886|201896|1628280|1629567|1630097,complete,playbyplay_inferred,202658|202670|204324|1628932|1629498,complete,playbyplay_inferred
Shot Chart Detail,1042000302,202,201896,Briann January,1611661323,Connecticut Sun,2,5,1,Made Shot,Pullup Jump shot,2PT Field Goal,Mid-Range,Center(C),16-24 ft.,19,-37,193,1,1,20200922,LVA,CON,2020,1042000302202,8990,validated,,0,matched,playbyplayv2,1611661319,201886|201896|1628280|1629567|1630097,complete,playbyplay_inferred,202658|202670|204324|1628932|1629498,complete,playbyplay_inferred
Shot Chart Detail,1042000302,205,1630097,Kaila Charles,1611661323,Connecticut Sun,2,4,34,Missed Shot,Jump Shot,3PT Field Goal,Above the Break 3,Left Side Center(LC),24+ ft.,24,-182,166,1,0,20200922,LVA,CON,2020,1042000302205,9260,validated,,0,matched,playbyplayv2,1611661319,201886|201896|1628280|1629567|1630097,complete,playbyplay_inferred,202658|202670|204324|1628932|1629498,complete,playbyplay_inferred
Shot Chart Detail,1042000302,216,201886,DeWanna Bonner,1611661323,Connecticut Sun,2,4,17,Missed Shot,Layup Shot,2PT Field Goal,Restricted Area,Center(C),Less Than 8 ft.,3,22,25,1,0,20200922,LVA,CON,2020,1042000302216,9430,validated,,0,matched,playbyplayv2,1611661319,201886|201896|202662|1628280|1629492,complete,playbyplay_inferred,201881|202658|202670|1628932|1629498,complete,playbyplay_inferred
Shot Chart Detail,1042000302,224,1628280,Brionna Jones,1611661323,Connecticut Sun,2,3,49,Missed Shot,Layup Shot,2PT Field Goal,In The Paint (Non-RA),Center(C),Less Than 8 ft.,5,40,33,1,0,20200922,LVA,CON,2020,1042000302224,9710,validated,,0,matched,playbyplayv2,1611661319,201886|201896|202662|1628280|1629492,complete,playbyplay_inferred,201881|202670|1628263|1628932|1629498,complete,playbyplay_inferred
Shot Chart Detail,1042000302,234,1629492,Beatrice Mompremier,1611661323,Connecticut Sun,2,2,59,Made Shot,Layup Shot,2PT Field Goal,Restricted Area,Center(C),Less Than 8 ft.,2,25,5,1,1,20200922,LVA,CON,2020,1042000302234,10210,validated,1628280,1,matched,playbyplayv2,1611661319,201886|201896|202662|1628280|1629492,complete,playbyplay_inferred,201881|202670|1628263|1628932|1629498,complete,playbyplay_inferred
Shot Chart Detail,1042000302,247,1628280,Brionna Jones,1611661323,Connecticut Sun,2,2,26,Missed Shot,Jump Shot,2PT Field Goal,Mid-Range,Right Side Center(RC),16-24 ft.,19,63,184,1,0,20200922,LVA,CON,2020,1042000302247,10540,validated,,0,matched,playbyplayv2,1611661319,201886|201896|202662|1628280|1629492,complete,playbyplay_inferred,202670|203825|204324|1628932|1629498,complete,playbyplay_inferred
Shot Chart Detail,1042000302,251,201886,DeWanna Bonner,1611661323,Connecticut Sun,2,2,2,Missed Shot,Jump Shot,2PT Field Goal,Mid-Range,Center(C),16-24 ft.,19,46,188,1,0,20200922,LVA,CON,2020,1042000302251,10780,validated,,0,matched,playbyplayv2,1611661319,201886|201896|202662|1628280|1629492,complete,playbyplay_inferred,202670|203825|204324|1628932|1629498,complete,playbyplay_inferred
Shot Chart Detail,1042000302,261,1629492,Beatrice Mompremier,1611661323,Connecticut Sun,2,1,0,Missed Shot,Reverse Layup Shot,2PT Field Goal,Restricted Area,Center(C),Less Than 8 ft.,3,30,2,1,0,20200922,LVA,CON,2020,1042000302261,11400,validated,,0,matched,playbyplayv2,1611661319,201886|201896|202662|1628280|1629492,complete,playbyplay_inferred,202670|203825|204324|1628932|1629498,complete,playbyplay_inferred
Shot Chart Detail,1042000302,268,201886,DeWanna Bonner,1611661323,Connecticut Sun,2,0,28,Missed Shot,Jump Shot,3PT Field Goal,Above the Break 3,Right Side Center(RC),24+ ft.,24,84,233,1,0,20200922,LVA,CON,2020,1042000302268,11720,validated,,0,matched,playbyplayv2,1611661319,201886|201896|202662|1628280|1629492,complete,playbyplay_inferred,202670|203825|204324|1628263|1628932,complete,playbyplay_inferred
Shot Chart Detail,1042000302,275,201896,Briann January,1611661323,Connecticut Sun,2,0,4,Made Shot,Pullup Jump shot,2PT Field Goal,Mid-Range,Left Side Center(LC),16-24 ft.,17,-113,133,1,1,20200922,LVA,CON,2020,1042000302275,11960,validated,,0,matched,playbyplayv2,1611661319,201886|201896|202662|1628280|1629492,complete,playbyplay_inferred,202670|203825|204324|1628263|1628932,complete,playbyplay_inferred
Shot Chart Detail,1042000302,295,201886,DeWanna Bonner,1611661323,Connecticut Sun,3,9,6,Made Shot,Pullup Jump shot,2PT Field Goal,Mid-Range,Right Side Center(RC),16-24 ft.,19,106,167,1,1,20200922,LVA,CON,2020,1042000302295,12540,validated,,0,matched,playbyplayv2,1611661319,201886|201896|202662|1628280|1629492,complete,playbyplay_inferred,201881|202658|202670|203825|1628932,complete,playbyplay_inferred
Shot Chart Detail,1042000302,298,201896,Briann January,1611661323,Connecticut Sun,3,8,37,Missed Shot,Layup Shot,2PT Field Goal,Restricted Area,Center(C),Less Than 8 ft.,3,21,22,1,0,20200922,LVA,CON,2020,1042000302298,12830,validated,,0,matched,playbyplayv2,1611661319,201886|201896|202662|1628280|1629492,complete,playbyplay_inferred,201881|202658|202670|203825|1628932,complete,playbyplay_inferred
Shot Chart Detail,1042000302,300,1629492,Beatrice Mompremier,1611661323,Connecticut Sun,3,8,34,Missed Shot,Putback Layup Shot,2PT Field Goal,Restricted Area,Center(C),Less Than 8 ft.,0,0,-6,1,0,20200922,LVA,CON,2020,1042000302300,12860,validated,,0,matched,playbyplayv2,1611661319,201886|201896|202662|1628280|1629492,complete,playbyplay_inferred,201881|202658|202670|203825|1628932,complete,playbyplay_inferred
Shot Chart Detail,1042000302,304,201886,DeWanna Bonner,1611661323,Connecticut Sun,3,8,16,Made Shot,Jump Shot,3PT Field Goal,Above the Break 3,Center(C),24+ ft.,25,-41,256,1,1,20200922,LVA,CON,2020,1042000302304,13040,validated,202662,1,matched,playbyplayv2,1611661319,201886|201896|202662|1628280|1629492,complete,playbyplay_inferred,201881|202658|202670|203825|1628932,complete,playbyplay_inferred
Shot Chart Detail,1042000302,311,201886,DeWanna Bonner,1611661323,Connecticut Sun,3,7,45,Made Shot,Jump Shot,3PT Field Goal,Above the Break 3,Left Side Center(LC),24+ ft.,24,-152,192,1,1,20200922,LVA,CON,2020,1042000302311,13350,validated,1628280,1,matched,playbyplayv2,1611661319,201886|201896|202662|1628280|1629492,complete,playbyplay_inferred,201881|202658|202670|203825|1628932,complete,playbyplay_inferred
Shot Chart Detail,1042000302,315,201896,Briann January,1611661323,Connecticut Sun,3,7,30,Made Shot,Jump Shot,3PT Field Goal,Above the Break 3,Right Side Center(RC),24+ ft.,25,147,211,1,1,20200922,LVA,CON,2020,1042000302315,13500,validated,1629492,1,matched,playbyplayv2,1611661319,201886|201896|202662|1628280|1629492,complete,playbyplay_inferred,201881|202658|202670|203825|1628932,complete,playbyplay_inferred
Shot Chart Detail,1042000302,320,201886,DeWanna Bonner,1611661323,Connecticut Sun,3,7,10,Made Shot,Jump Shot,3PT Field Goal,Above the Break 3,Left Side Center(LC),24+ ft.,26,-143,223,1,1,20200922,LVA,CON,2020,1042000302320,13700,validated,201896,1,matched,playbyplayv2,1611661319,201886|201896|202662|1628280|1629492,complete,playbyplay_inferred,201881|202658|202670|203825|1628932,complete,playbyplay_inferred
Shot Chart Detail,1042000302,334,201886,DeWanna Bonner,1611661323,Connecticut Sun,3,6,8,Missed Shot,Driving Layup Shot,2PT Field Goal,In The Paint (Non-RA),Center(C),Less Than 8 ft.,6,63,12,1,0,20200922,LVA,CON,2020,1042000302334,14320,validated,,0,matched,playbyplayv2,1611661319,201886|201896|202662|203849|1628280,complete,playbyplay_inferred,202658|202670|203825|1628932|1629498,complete,playbyplay_inferred
Shot Chart Detail,1042000302,340,201896,Briann January,1611661323,Connecticut Sun,3,5,43,Missed Shot,Jump Shot,2PT Field Goal,Mid-Range,Right Side Center(RC),16-24 ft.,20,85,191,1,0,20200922,LVA,CON,2020,1042000302340,14570,validated,,0,matched,playbyplayv2,1611661319,201886|201896|202662|203849|1628280,complete,playbyplay_inferred,202658|202670|203825|1628932|1629498,complete,playbyplay_inferred
Shot Chart Detail,1042000302,352,1628280,Brionna Jones,1611661323,Connecticut Sun,3,4,13,Missed Shot,Driving Layup Shot,2PT Field Goal,In The Paint (Non-RA),Center(C),Less Than 8 ft.,4,37,20,1,0,20200922,LVA,CON,2020,1042000302352,15470,validated,,0,matched,playbyplayv2,1611661319,201886|201896|202662|203849|1628280,complete,playbyplay_inferred,202658|202670|203825|1628932|1629498,complete,playbyplay_inferred
Shot Chart Detail,1042000302,356,201886,DeWanna Bonner,1611661323,Connecticut Sun,3,3,41,Missed Shot,Jump Shot,2PT Field Goal,Mid-Range,Left Side(L),8-16 ft.,15,-98,115,1,0,20200922,LVA,CON,2020,1042000302356,15790,validated,,0,matched,playbyplayv2,1611661319,201886|201896|202662|203849|1628280,complete,playbyplay_inferred,202658|202670|203825|1628932|1629498,complete,playbyplay_inferred
Shot Chart Detail,1042000302,362,202662,Jasmine Thomas,1611661323,Connecticut Sun,3,3,30,Made Shot,Pullup Jump shot,2PT Field Goal,Mid-Range,Right Side(R),16-24 ft.,16,141,89,1,1,20200922,LVA,CON,2020,1042000302362,15900,validated,,0,matched,playbyplayv2,1611661319,201886|201896|202662|203849|1628280,complete,playbyplay_inferred,202658|202670|203825|1628932|1629498,complete,playbyplay_inferred
Shot Chart Detail,1042000302,365,202662,Jasmine Thomas,1611661323,Connecticut Sun,3,3,10,Made Shot,Layup Shot,2PT Field Goal,Restricted Area,Center(C),Less Than 8 ft.,3,30,25,1,1,20200922,LVA,CON,2020,1042000302365,16100,validated,,0,matched,playbyplayv2,1611661319,201886|201896|202662|203849|1628280,complete,playbyplay_inferred,202658|202670|203825|1628932|1629498,complete,playbyplay_inferred
Shot Chart Detail,1042000302,375,203849,Theresa Plaisance,1611661323,Connecticut Sun,3,2,41,Missed Shot,Jump Shot,3PT Field Goal,Above the Break 3,Right Side Center(RC),24+ ft.,24,152,195,1,0,20200922,LVA,CON,2020,1042000302375,16390,validated,,0,matched,playbyplayv2,1611661319,201886|201896|202662|203849|1628280,complete,playbyplay_inferred,201881|203825|204324|1628932|1629498,complete,playbyplay_inferred
Shot Chart Detail,1042000302,386,201886,DeWanna Bonner,1611661323,Connecticut Sun,3,2,0,Made Shot,Layup Shot,2PT Field Goal,Restricted Area,Center(C),Less Than 8 ft.,2,-18,15,1,1,20200922,LVA,CON,2020,1042000302386,16800,validated,,0,matched,playbyplayv2,1611661319,201886|201896|202662|203849|1628280,complete,playbyplay_inferred,201881|203825|204324|1628932|1629498,complete,playbyplay_inferred
Shot Chart Detail,1042000302,401,202662,Jasmine Thomas,1611661323,Connecticut Sun,3,0,44,Made Shot,Pullup Jump shot,2PT Field Goal,Mid-Range,Right Side(R),8-16 ft.,14,102,98,1,1,20200922,LVA,CON,2020,1042000302401,17560,validated,,0,matched,playbyplayv2,1611661319,201502|201886|201896|202662|1628280,complete,playbyplay_inferred,201881|202670|203825|204324|1629498,complete,playbyplay_inferred
Shot Chart Detail,1042000302,414,201886,DeWanna Bonner,1611661323,Connecticut Sun,3,0,0,Missed Shot,Running Pull-Up Jump Shot,3PT Field Goal,Above the Break 3,Center(C),24+ ft.,40,-119,389,1,0,20200922,LVA,CON,2020,1042000302414,18000,validated,,0,matched,playbyplayv2,1611661319,201502|201886|201896|202662|1628280,complete,playbyplay_inferred,201881|203411|204324|1628932|1629498,complete,playbyplay_inferred
Shot Chart Detail,1042000302,431,201886,DeWanna Bonner,1611661323,Connecticut Sun,4,9,11,Missed Shot,Jump Shot,3PT Field Goal,Right Corner 3,Right Side(R),24+ ft.,23,231,19,1,0,20200922,LVA,CON,2020,1042000302431,18490,validated,,0,matched,playbyplayv2,1611661319,201502|201886|201896|202662|1629492,complete,playbyplay_inferred,201881|202658|203411|204324|1628932,complete,playbyplay_inferred
Shot Chart Detail,1042000302,435,201896,Briann January,1611661323,Connecticut Sun,4,8,38,Made Shot,Jump Shot,2PT Field Goal,Mid-Range,Center(C),16-24 ft.,18,-11,180,1,1,20200922,LVA,CON,2020,1042000302435,18820,validated,,0,matched,playbyplayv2,1611661319,201502|201886|201896|202662|1629492,complete,playbyplay_inferred,201881|202658|203411|204324|1628932,complete,playbyplay_inferred
Shot Chart Detail,1042000302,442,201502,Essence Carson,1611661323,Connecticut Sun,4,7,55,Made Shot,Jump Shot,2PT Field Goal,Mid-Range,Center(C),16-24 ft.,20,-7,202,1,1,20200922,LVA,CON,2020,1042000302442,19250,validated,202662,1,matched,playbyplayv2,1611661319,201502|201886|201896|202662|1629492,complete,playbyplay_inferred,201881|202658|203825|204324|1628932,complete,playbyplay_inferred
Shot Chart Detail,1042000302,450,201896,Briann January,1611661323,Connecticut Sun,4,7,7,Missed Shot,Jump Shot,3PT Field Goal,Above the Break 3,Right Side Center(RC),24+ ft.,24,104,219,1,0,20200922,LVA,CON,2020,1042000302450,19730,validated,,0,matched,playbyplayv2,1611661319,201502|201886|201896|202662|1628280,complete,playbyplay_inferred,201881|202658|203825|204324|1628932,complete,playbyplay_inferred
Shot Chart Detail,1042000302,469,201896,Briann January,1611661323,Connecticut Sun,4,5,51,Missed Shot,Driving Layup Shot,2PT Field Goal,Restricted Area,Center(C),Less Than 8 ft.,2,4,22,1,0,20200922,LVA,CON,2020,1042000302469,20490,validated,,0,matched,playbyplayv2,1611661319,201502|201886|201896|202662|1628280,complete,playbyplay_inferred,201881|202658|203825|204324|1628932,complete,playbyplay_inferred
Shot Chart Detail,1042000302,459,201886,DeWanna Bonner,1611661323,Connecticut Sun,4,5,49,Made Shot,Cutting Layup Shot,2PT Field Goal,Restricted Area,Center(C),Less Than 8 ft.,2,-20,18,1,1,20200922,LVA,CON,2020,1042000302459,20510,validated,,0,matched,playbyplayv2,1611661319,201502|201886|201896|202662|1628280,complete,playbyplay_inferred,201881|202658|203825|204324|1628932,complete,playbyplay_inferred
Shot Chart Detail,1042000302,465,202662,Jasmine Thomas,1611661323,Connecticut Sun,4,5,19,Missed Shot,Jump Shot,3PT Field Goal,Above the Break 3,Center(C),24+ ft.,25,-31,256,1,0,20200922,LVA,CON,2020,1042000302465,20810,validated,,0,matched,playbyplayv2,1611661319,201886|201896|202662|1628280|1630097,complete,playbyplay_inferred,201881|202658|203825|204324|1628932,complete,playbyplay_inferred
Shot Chart Detail,1042000302,474,1628280,Brionna Jones,1611661323,Connecticut Sun,4,4,36,Made Shot,Jump Shot,2PT Field Goal,Mid-Range,Right Side Center(RC),16-24 ft.,17,92,148,1,1,20200922,LVA,CON,2020,1042000302474,21240,validated,1630097,1,matched,playbyplayv2,1611661319,201886|201896|202662|1628280|1630097,complete,playbyplay_inferred,201881|202658|203825|204324|1628932,complete,playbyplay_inferred
Shot Chart Detail,1042000302,484,201886,DeWanna Bonner,1611661323,Connecticut Sun,4,3,28,Missed Shot,Jump Shot,2PT Field Goal,Mid-Range,Right Side(R),8-16 ft.,12,121,22,1,0,20200922,LVA,CON,2020,1042000302484,21920,validated,,0,matched,playbyplayv2,1611661319,201886|201896|202662|1628280|1630097,complete,playbyplay_inferred,201881|202658|203825|204324|1628932,complete,playbyplay_inferred
Shot Chart Detail,1042000302,493,202662,Jasmine Thomas,1611661323,Connecticut Sun,4,3,9,Made Shot,Driving Layup Shot,2PT Field Goal,Restricted Area,Center(C),Less Than 8 ft.,3,-18,33,1,1,20200922,LVA,CON,2020,1042000302493,22110,validated,,0,matched,playbyplayv2,1611661319,201886|201896|202662|1628280|1629492,complete,playbyplay_inferred,201881|202658|203825|204324|1628932,complete,playbyplay_inferred
Shot Chart Detail,1042000302,496,201886,DeWanna Bonner,1611661323,Connecticut Sun,4,2,45,Missed Shot,Jump Shot,3PT Field Goal,Above the Break 3,Right Side Center(RC),24+ ft.,25,126,218,1,0,20200922,LVA,CON,2020,1042000302496,22350,validated,,0,matched,playbyplayv2,1611661319,201886|201896|202662|1628280|1629492,complete,playbyplay_inferred,201881|202658|203825|204324|1628932,complete,playbyplay_inferred
Shot Chart Detail,1042000302,499,201896,Briann January,1611661323,Connecticut Sun,4,2,37,Missed Shot,Jump Shot,2PT Field Goal,Mid-Range,Left Side Center(LC),16-24 ft.,17,-115,127,1,0,20200922,LVA,CON,2020,1042000302499,22430,validated,,0,matched,playbyplayv2,1611661319,201886|201896|202662|1628280|1629492,complete,playbyplay_inferred,201881|202658|203825|204324|1628932,complete,playbyplay_inferred
Shot Chart Detail,1042000302,506,201886,DeWanna Bonner,1611661323,Connecticut Sun,4,1,18,Missed Shot,Jump Shot,2PT Field Goal,Mid-Range,Right Side(R),16-24 ft.,17,154,88,1,0,20200922,LVA,CON,2020,1042000302506,23220,validated,,0,matched,playbyplayv2,1611661319,201886|201896|202662|1628280|1629492,complete,playbyplay_inferred,201881|202658|203825|204324|1628932,complete,playbyplay_inferred
Shot Chart Detail,1042000302,509,1628280,Brionna Jones,1611661323,Connecticut Sun,4,1,18,Made Shot,Layup Shot,2PT Field Goal,Restricted Area,Center(C),Less Than 8 ft.,3,26,23,1,1,20200922,LVA,CON,2020,1042000302509,23220,validated,,0,matched,playbyplayv2,1611661319,201886|201896|202662|1628280|1629492,complete,playbyplay_inferred,201881|202658|203825|204324|1628932,complete,playbyplay_inferred
Shot Chart Detail,1042000302,527,201886,DeWanna Bonner,1611661323,Connecticut Sun,4,0,21,Missed Shot,Jump Shot,3PT Field Goal,Above the Break 3,Center(C),24+ ft.,24,-28,243,1,0,20200922,LVA,CON,2020,1042000302527,23790,validated,,0,matched,playbyplayv2,1611661319,201886|201896|202662|1628280|1630097,complete,playbyplay_inferred,201881|202658|203825|204324|1628932,complete,playbyplay_inferred
Shot Chart Detail,1042000302,539,201886,DeWanna Bonner,1611661323,Connecticut Sun,4,0,5,Missed Shot,Jump Shot,3PT Field Goal,Above the Break 3,Left Side Center(LC),24+ ft.,25,-170,189,1,0,20200922,LVA,CON,2020,1042000302539,23950,validated,,0,matched,playbyplayv2,1611661319,201886|201896|202662|1628280|1630097,complete,playbyplay_inferred,202658|203411|203825|204324|1629498,complete,playbyplay_inferred
Shot Chart Detail,1042000302,541,201896,Briann January,1611661323,Connecticut Sun,4,0,0,Missed Shot,Jump Shot,2PT Field Goal,Mid-Range,Center(C),16-24 ft.,19,11,192,1,0,20200922,LVA,CON,2020,1042000302541,24000,validated,,0,matched,playbyplayv2,1611661319,201886|201896|202662|1628280|1630097,complete,playbyplay_inferred,202658|203411|203825|204324|1629498,complete,playbyplay_inferred
Shot Chart Detail,1042000303,9,1628280,Brionna Jones,1611661323,Connecticut Sun,1,9,27,Missed Shot,Layup Shot,2PT Field Goal,In The Paint (Non-RA),Center(C),Less Than 8 ft.,4,35,33,1,0,20200924,CON,LVA,2020,10420003039,330,validated,,0,matched,playbyplayv2,1611661319,201886|201896|202662|203826|1628280,complete,playbyplay_inferred,201881|202658|202670|203825|1628932,complete,playbyplay_inferred
Shot Chart Detail,1042000303,14,201896,Briann January,1611661323,Connecticut Sun,1,9,2,Missed Shot,Jump Shot,2PT Field Goal,Mid-Range,Center(C),16-24 ft.,18,2,189,1,0,20200924,CON,LVA,2020,104200030314,580,validated,,0,matched,playbyplayv2,1611661319,201886|201896|202662|203826|1628280,complete,playbyplay_inferred,201881|202658|202670|203825|1628932,complete,playbyplay_inferred
Shot Chart Detail,1042000303,18,201886,DeWanna Bonner,1611661323,Connecticut Sun,1,8,50,Made Shot,Running Layup Shot,2PT Field Goal,Restricted Area,Center(C),Less Than 8 ft.,3,-26,16,1,1,20200924,CON,LVA,2020,104200030318,700,validated,203826,1,matched,playbyplayv2,1611661319,201886|201896|202662|203826|1628280,complete,playbyplay_inferred,201881|202658|202670|203825|1628932,complete,playbyplay_inferred
Shot Chart Detail,1042000303,24,202662,Jasmine Thomas,1611661323,Connecticut Sun,1,8,19,Missed Shot,Jump Shot,2PT Field Goal,Mid-Range,Center(C),16-24 ft.,19,1,192,1,0,20200924,CON,LVA,2020,104200030324,1010,validated,,0,matched,playbyplayv2,1611661319,201886|201896|202662|203826|1628280,complete,playbyplay_inferred,201881|202658|202670|203825|1628932,complete,playbyplay_inferred
Shot Chart Detail,1042000303,28,203826,Alyssa Thomas,1611661323,Connecticut Sun,1,7,58,Made Shot,Jump Shot,2PT Field Goal,In The Paint (Non-RA),Center(C),8-16 ft.,13,-3,138,1,1,20200924,CON,LVA,2020,104200030328,1220,validated,202662,1,matched,playbyplayv2,1611661319,201886|201896|202662|203826|1628280,complete,playbyplay_inferred,201881|202658|202670|203825|1628932,complete,playbyplay_inferred
Shot Chart Detail,1042000303,35,201896,Briann January,1611661323,Connecticut Sun,1,7,18,Missed Shot,Jump Shot,3PT Field Goal,Above the Break 3,Center(C),24+ ft.,24,17,243,1,0,20200924,CON,LVA,2020,104200030335,1620,validated,,0,matched,playbyplayv2,1611661319,201886|201896|202662|203826|1628280,complete,playbyplay_inferred,202658|202670|203825|1628932|1629498,complete,playbyplay_inferred
Shot Chart Detail,1042000303,39,201896,Briann January,1611661323,Connecticut Sun,1,6,59,Made Shot,Layup Shot,2PT Field Goal,In The Paint (Non-RA),Center(C),Less Than 8 ft.,4,35,25,1,1,20200924,CON,LVA,2020,104200030339,1810,validated,,0,matched,playbyplayv2,1611661319,201886|201896|202662|203826|1628280,complete,playbyplay_inferred,202658|202670|203825|1628932|1629498,complete,playbyplay_inferred
Shot Chart Detail,1042000303,46,1628280,Brionna Jones,1611661323,Connecticut Sun,1,6,18,Missed Shot,Cutting Layup Shot,2PT Field Goal,Restricted Area,Center(C),Less Than 8 ft.,1,-14,7,1,0,20200924,CON,LVA,2020,104200030346,2220,validated,,0,matched,playbyplayv2,1611661319,201886|201896|202662|203826|1628280,complete,playbyplay_inferred,202658|202670|203825|1628932|1629498,complete,playbyplay_inferred
Shot Chart Detail,1042000303,54,201896,Briann January,1611661323,Connecticut Sun,1,5,49,Missed Shot,Jump Shot,2PT Field Goal,Mid-Range,Right Side Center(RC),16-24 ft.,17,126,128,1,0,20200924,CON,LVA,2020,104200030354,2510,validated,,0,matched,playbyplayv2,1611661319,201886|201896|202662|203826|1628280,complete,playbyplay_inferred,202658|202670|203825|1628932|1629498,complete,playbyplay_inferred
Shot Chart Detail,1042000303,56,203826,Alyssa Thomas,1611661323,Connecticut Sun,1,5,44,Made Shot,Putback Layup Shot,2PT Field Goal,Restricted Area,Center(C),Less Than 8 ft.,0,0,-6,1,1,20200924,CON,LVA,2020,104200030356,2560,validated,,0,matched,playbyplayv2,1611661319,201886|201896|202662|203826|1628280,complete,playbyplay_inferred,202658|202670|203825|1628932|1629498,complete,playbyplay_inferred
Shot Chart Detail,1042000303,64,201886,DeWanna Bonner,1611661323,Connecticut Sun,1,5,21,Missed Shot,Jump Shot,3PT Field Goal,Above the Break 3,Right Side(R),24+ ft.,23,225,61,1,0,20200924,CON,LVA,2020,104200030364,2790,validated,,0,matched,playbyplayv2,1611661319,201886|201896|202662|203826|1628280,complete,playbyplay_inferred,202658|203825|204324|1628932|1629498,complete,playbyplay_inferred
Shot Chart Detail,1042000303,66,1628280,Brionna Jones,1611661323,Connecticut Sun,1,5,17,Made Shot,Putback Layup Shot,2PT Field Goal,Restricted Area,Center(C),Less Than 8 ft.,0,0,-6,1,1,20200924,CON,LVA,2020,104200030366,2830,validated,,0,matched,playbyplayv2,1611661319,201886|201896|202662|203826|1628280,complete,playbyplay_inferred,202658|203825|204324|1628932|1629498,complete,playbyplay_inferred
Shot Chart Detail,1042000303,69,203826,Alyssa Thomas,1611661323,Connecticut Sun,1,4,50,Missed Shot,Jump Shot,2PT Field Goal,In The Paint (Non-RA),Center(C),8-16 ft.,11,22,117,1,0,20200924,CON,LVA,2020,104200030369,3100,validated,,0,matched,playbyplayv2,1611661319,201886|201896|202662|203826|1628280,complete,playbyplay_inferred,202658|203825|204324|1628932|1629498,complete,playbyplay_inferred
Shot Chart Detail,1042000303,73,203826,Alyssa Thomas,1611661323,Connecticut Sun,1,4,24,Missed Shot,Layup Shot,2PT Field Goal,Restricted Area,Center(C),Less Than 8 ft.,3,-31,16,1,0,20200924,CON,LVA,2020,104200030373,3360,validated,,0,matched,playbyplayv2,1611661319,201886|201896|202662|203826|1628280,complete,playbyplay_inferred,202658|203825|204324|1628932|1629498,complete,playbyplay_inferred
Shot Chart Detail,1042000303,78,202662,Jasmine Thomas,1611661323,Connecticut Sun,1,4,4,Missed Shot,Pullup Jump shot,2PT Field Goal,Mid-Range,Center(C),16-24 ft.,17,14,177,1,0,20200924,CON,LVA,2020,104200030378,3560,validated,,0,matched,playbyplayv2,1611661319,201886|201896|202662|203826|1628280,complete,playbyplay_inferred,202658|203825|204324|1628932|1629498,complete,playbyplay_inferred
Shot Chart Detail,1042000303,82,201886,DeWanna Bonner,1611661323,Connecticut Sun,1,3,16,Made Shot,Driving Layup Shot,2PT Field Goal,In The Paint (Non-RA),Center(C),Less Than 8 ft.,4,45,17,1,1,20200924,CON,LVA,2020,104200030382,4040,validated,,0,matched,playbyplayv2,1611661319,201886|201896|202662|203826|1628280,complete,playbyplay_inferred,202658|203825|204324|1628932|1629498,complete,playbyplay_inferred
Shot Chart Detail,1042000303,87,1628280,Brionna Jones,1611661323,Connecticut Sun,1,2,35,Made Shot,Reverse Layup Shot,2PT Field Goal,In The Paint (Non-RA),Center(C),Less Than 8 ft.,5,50,17,1,1,20200924,CON,LVA,2020,104200030387,4450,validated,203826,1,matched,playbyplayv2,1611661319,201886|202662|203826|1628280|1630097,complete,playbyplay_inferred,202658|203825|204324|1628932|1629498,complete,playbyplay_inferred
Shot Chart Detail,1042000303,90,203826,Alyssa Thomas,1611661323,Connecticut Sun,1,2,5,Missed Shot,Hook Shot,2PT Field Goal,In The Paint (Non-RA),Center(C),Less Than 8 ft.,7,51,60,1,0,20200924,CON,LVA,2020,104200030390,4750,validated,,0,matched,playbyplayv2,1611661319,201886|202662|203826|1628280|1630097,complete,playbyplay_inferred,202658|203825|204324|1628932|1629498,complete,playbyplay_inferred
Shot Chart Detail,1042000303,92,201886,DeWanna Bonner,1611661323,Connecticut Sun,1,2,0,Missed Shot,Putback Layup Shot,2PT Field Goal,Restricted Area,Center(C),Less Than 8 ft.,0,0,-6,1,0,20200924,CON,LVA,2020,104200030392,4800,validated,,0,matched,playbyplayv2,1611661319,201886|202662|203826|1628280|1630097,complete,playbyplay_inferred,202658|203825|204324|1628932|1629498,complete,playbyplay_inferred
Shot Chart Detail,1042000303,94,1628280,Brionna Jones,1611661323,Connecticut Sun,1,1,58,Missed Shot,Layup Shot,2PT Field Goal,Restricted Area,Center(C),Less Than 8 ft.,0,0,-6,1,0,20200924,CON,LVA,2020,104200030394,4820,validated,,0,matched,playbyplayv2,1611661319,201886|202662|203826|1628280|1630097,complete,playbyplay_inferred,203411|203825|204324|1628932|1629498,complete,playbyplay_inferred
Shot Chart Detail,1042000303,104,1628280,Brionna Jones,1611661323,Connecticut Sun,1,1,40,Missed Shot,Hook Shot,2PT Field Goal,In The Paint (Non-RA),Center(C),Less Than 8 ft.,4,19,40,1,0,20200924,CON,LVA,2020,1042000303104,5000,validated,,0,matched,playbyplayv2,1611661319,201886|202662|203826|1628280|1630097,complete,playbyplay_inferred,203411|203825|204324|1628932|1629498,complete,playbyplay_inferred
Shot Chart Detail,1042000303,111,1630097,Kaila Charles,1611661323,Connecticut Sun,1,1,5,Made Shot,Jump Shot,3PT Field Goal,Above the Break 3,Right Side Center(RC),16-24 ft.,23,125,201,1,1,20200924,CON,LVA,2020,1042000303111,5350,validated,202662,1,matched,playbyplayv2,1611661319,201886|202662|203826|1629492|1630097,complete,playbyplay_inferred,203411|203825|204324|1628932|1629498,complete,playbyplay_inferred
Shot Chart Detail,1042000303,132,1629567,Natisha Hiedeman,1611661323,Connecticut Sun,2,9,41,Made Shot,Jump Shot,2PT Field Goal,Mid-Range,Center(C),8-16 ft.,14,15,142,1,1,20200924,CON,LVA,2020,1042000303132,6190,validated,203826,1,matched,playbyplayv2,1611661319,201886|203826|1629492|1629567|1630097,complete,playbyplay_inferred,202658|202670|203411|204324|1629498,complete,playbyplay_inferred
Shot Chart Detail,1042000303,139,203826,Alyssa Thomas,1611661323,Connecticut Sun,2,9,10,Made Shot,Driving Hook Shot,2PT Field Goal,In The Paint (Non-RA),Center(C),Less Than 8 ft.,7,-7,75,1,1,20200924,CON,LVA,2020,1042000303139,6500,validated,201886,1,matched,playbyplayv2,1611661319,201886|203826|1629492|1629567|1630097,complete,playbyplay_inferred,202658|202670|203411|204324|1629498,complete,playbyplay_inferred
Shot Chart Detail,1042000303,145,1630097,Kaila Charles,1611661323,Connecticut Sun,2,8,44,Missed Shot,Jump Shot,3PT Field Goal,Above the Break 3,Center(C),24+ ft.,25,35,249,1,0,20200924,CON,LVA,2020,1042000303145,6760,validated,,0,matched,playbyplayv2,1611661319,201886|203826|1629492|1629567|1630097,complete,playbyplay_inferred,202658|202670|203411|204324|1629498,complete,playbyplay_inferred
Shot Chart Detail,1042000303,149,1630097,Kaila Charles,1611661323,Connecticut Sun,2,8,13,Missed Shot,Jump Shot,2PT Field Goal,Mid-Range,Right Side(R),16-24 ft.,18,187,9,1,0,20200924,CON,LVA,2020,1042000303149,7070,validated,,0,matched,playbyplayv2,1611661319,201886|203826|1629492|1629567|1630097,complete,playbyplay_inferred,202658|202670|203411|204324|1629498,complete,playbyplay_inferred
Shot Chart Detail,1042000303,160,1630097,Kaila Charles,1611661323,Connecticut Sun,2,7,33,Missed Shot,Driving Layup Shot,2PT Field Goal,Mid-Range,Left Side(L),8-16 ft.,9,-91,17,1,0,20200924,CON,LVA,2020,1042000303160,7470,validated,,0,matched,playbyplayv2,1611661319,201886|203826|1629492|1629567|1630097,complete,playbyplay_inferred,202658|202670|203825|1628932|1629498,complete,playbyplay_inferred
Shot Chart Detail,1042000303,171,201886,DeWanna Bonner,1611661323,Connecticut Sun,2,7,7,Missed Shot,Jump Shot,2PT Field Goal,Mid-Range,Center(C),8-16 ft.,15,-46,147,1,0,20200924,CON,LVA,2020,1042000303171,7730,validated,,0,matched,playbyplayv2,1611661319,201886|201896|203826|1629492|1629567,complete,playbyplay_inferred,202658|202670|203825|1628932|1629498,complete,playbyplay_inferred
Shot Chart Detail,1042000303,180,1629567,Natisha Hiedeman,1611661323,Connecticut Sun,2,6,38,Missed Shot,Driving Layup Shot,2PT Field Goal,In The Paint (Non-RA),Center(C),Less Than 8 ft.,4,-46,1,1,0,20200924,CON,LVA,2020,1042000303180,8020,validated,,0,matched,playbyplayv2,1611661319,201886|201896|203826|1629492|1629567,complete,playbyplay_inferred,202658|202670|203825|1628932|1629498,complete,playbyplay_inferred
Shot Chart Detail,1042000303,188,203826,Alyssa Thomas,1611661323,Connecticut Sun,2,6,16,Made Shot,Driving Layup Shot,2PT Field Goal,Restricted Area,Center(C),Less Than 8 ft.,3,-28,25,1,1,20200924,CON,LVA,2020,1042000303188,8240,validated,202662,1,matched,playbyplayv2,1611661319,201886|201896|202662|203826|1629492,complete,playbyplay_inferred,202658|202670|203825|1628932|1629498,complete,playbyplay_inferred
Shot Chart Detail,1042000303,198,202662,Jasmine Thomas,1611661323,Connecticut Sun,2,5,41,Missed Shot,Jump Shot,3PT Field Goal,Left Corner 3,Left Side(L),24+ ft.,22,-226,-9,1,0,20200924,CON,LVA,2020,1042000303198,8590,validated,,0,matched,playbyplayv2,1611661319,201886|201896|202662|203826|1629492,complete,playbyplay_inferred,201881|202658|202670|1628932|1629498,complete,playbyplay_inferred
Shot Chart Detail,1042000303,200,201886,DeWanna Bonner,1611661323,Connecticut Sun,2,5,28,Missed Shot,Jump Shot,3PT Field Goal,Above the Break 3,Right Side(R),24+ ft.,23,229,33,1,0,20200924,CON,LVA,2020,1042000303200,8720,validated,,0,matched,playbyplayv2,1611661319,201886|201896|202662|203826|1629492,complete,playbyplay_inferred,201881|202658|202670|1628932|1629498,complete,playbyplay_inferred
Shot Chart Detail,1042000303,204,202662,Jasmine Thomas,1611661323,Connecticut Sun,2,4,49,Made Shot,Driving Layup Shot,2PT Field Goal,Restricted Area,Center(C),Less Than 8 ft.,3,-37,5,1,1,20200924,CON,LVA,2020,1042000303204,9110,validated,,0,matched,playbyplayv2,1611661319,201886|201896|202662|203826|1629492,complete,playbyplay_inferred,201881|202658|202670|1628932|1629498,complete,playbyplay_inferred
Shot Chart Detail,1042000303,207,202662,Jasmine Thomas,1611661323,Connecticut Sun,2,4,30,Made Shot,Running Layup Shot,2PT Field Goal,In The Paint (Non-RA),Center(C),Less Than 8 ft.,4,40,10,1,1,20200924,CON,LVA,2020,1042000303207,9300,validated,,0,matched,playbyplayv2,1611661319,201886|201896|202662|203826|1629492,complete,playbyplay_inferred,201881|202658|202670|1628932|1629498,complete,playbyplay_inferred
Shot Chart Detail,1042000303,210,203826,Alyssa Thomas,1611661323,Connecticut Sun,2,4,0,Made Shot,Running Layup Shot,2PT Field Goal,Restricted Area,Center(C),Less Than 8 ft.,3,-27,21,1,1,20200924,CON,LVA,2020,1042000303210,9600,validated,202662,1,matched,playbyplayv2,1611661319,201886|201896|202662|203826|1629492,complete,playbyplay_inferred,201881|202658|202670|1628932|1629498,complete,playbyplay_inferred
Shot Chart Detail,1042000303,221,201886,DeWanna Bonner,1611661323,Connecticut Sun,2,3,13,Missed Shot,Jump Shot,3PT Field Goal,Above the Break 3,Right Side(R),16-24 ft.,22,213,61,1,0,20200924,CON,LVA,2020,1042000303221,10070,validated,,0,matched,playbyplayv2,1611661319,201886|201896|202662|1628280|1629492,complete,playbyplay_inferred,201881|202670|203825|1628932|1629498,complete,playbyplay_inferred
Shot Chart Detail,1042000303,241,202662,Jasmine Thomas,1611661323,Connecticut Sun,2,2,18,Missed Shot,Jump Shot,2PT Field Goal,Mid-Range,Left Side(L),16-24 ft.,19,-194,27,1,0,20200924,CON,LVA,2020,1042000303241,10620,validated,,0,matched,playbyplayv2,1611661319,201886|201896|202662|203826|1628280,complete,playbyplay_inferred,202658|203825|204324|1628932|1629498,complete,playbyplay_inferred
Shot Chart Detail,1042000303,245,203826,Alyssa Thomas,1611661323,Connecticut Sun,2,1,49,Missed Shot,Jump Shot,2PT Field Goal,In The Paint (Non-RA),Right Side(R),8-16 ft.,14,73,123,1,0,20200924,CON,LVA,2020,1042000303245,10910,validated,,0,matched,playbyplayv2,1611661319,201886|201896|202662|203826|1628280,complete,playbyplay_inferred,202658|203825|204324|1628932|1629498,complete,playbyplay_inferred
Shot Chart Detail,1042000303,247,1628280,Brionna Jones,1611661323,Connecticut Sun,2,1,44,Made Shot,Putback Layup Shot,2PT Field Goal,Restricted Area,Center(C),Less Than 8 ft.,0,0,-6,1,1,20200924,CON,LVA,2020,1042000303247,10960,validated,,0,matched,playbyplayv2,1611661319,201886|201896|202662|203826|1628280,complete,playbyplay_inferred,202658|203825|204324|1628932|1629498,complete,playbyplay_inferred
Shot Chart Detail,1042000303,250,201886,DeWanna Bonner,1611661323,Connecticut Sun,2,1,21,Made Shot,Jump Bank Shot,2PT Field Goal,In The Paint (Non-RA),Center(C),Less Than 8 ft.,5,-48,20,1,1,20200924,CON,LVA,2020,1042000303250,11190,validated,202662,1,matched,playbyplayv2,1611661319,201886|201896|202662|203826|1628280,complete,playbyplay_inferred,202658|203825|204324|1628932|1629498,complete,playbyplay_inferred
Shot Chart Detail,1042000303,264,1628280,Brionna Jones,1611661323,Connecticut Sun,2,0,3,Missed Shot,Jump Shot,2PT Field Goal,Mid-Range,Left Side(L),8-16 ft.,14,-114,96,1,0,20200924,CON,LVA,2020,1042000303264,11970,validated,,0,matched,playbyplayv2,1611661319,201886|201896|202662|203826|1628280,complete,playbyplay_inferred,202658|202670|203825|1628932|1629498,complete,playbyplay_inferred
Shot Chart Detail,1042000303,270,1628280,Brionna Jones,1611661323,Connecticut Sun,3,9,38,Made Shot,Layup Shot,2PT Field Goal,In The Paint (Non-RA),Center(C),Less Than 8 ft.,5,-1,50,1,1,20200924,CON,LVA,2020,1042000303270,12220,validated,203826,1,matched,playbyplayv2,1611661319,201886|201896|202662|203826|1628280,complete,playbyplay_inferred,201881|202658|202670|203825|1628932,complete,playbyplay_inferred
Shot Chart Detail,1042000303,279,202662,Jasmine Thomas,1611661323,Connecticut Sun,3,9,1,Missed Shot,Floating Jump shot,2PT Field Goal,In The Paint (Non-RA),Center(C),8-16 ft.,8,-31,79,1,0,20200924,CON,LVA,2020,1042000303279,12590,validated,,0,matched,playbyplayv2,1611661319,201886|201896|202662|203826|1628280,complete,playbyplay_inferred,201881|202658|202670|203825|1628932,complete,playbyplay_inferred
Shot Chart Detail,1042000303,283,201896,Briann January,1611661323,Connecticut Sun,3,8,33,Missed Shot,Jump Shot,2PT Field Goal,Mid-Range,Right Side(R),16-24 ft.,16,159,43,1,0,20200924,CON,LVA,2020,1042000303283,12870,validated,,0,matched,playbyplayv2,1611661319,201886|201896|202662|203826|1628280,complete,playbyplay_inferred,201881|202658|202670|203825|1628932,complete,playbyplay_inferred
Shot Chart Detail,1042000303,286,203826,Alyssa Thomas,1611661323,Connecticut Sun,3,8,19,Missed Shot,Jump Shot,2PT Field Goal,Mid-Range,Center(C),16-24 ft.,17,42,169,1,0,20200924,CON,LVA,2020,1042000303286,13010,validated,,0,matched,playbyplayv2,1611661319,201886|201896|202662|203826|1628280,complete,playbyplay_inferred,201881|202658|202670|203825|1628932,complete,playbyplay_inferred
Shot Chart Detail,1042000303,289,201886,DeWanna Bonner,1611661323,Connecticut Sun,3,7,53,Missed Shot,Driving Layup Shot,2PT Field Goal,In The Paint (Non-RA),Center(C),Less Than 8 ft.,5,-41,41,1,0,20200924,CON,LVA,2020,1042000303289,13270,validated,,0,matched,playbyplayv2,1611661319,201886|201896|202662|203826|1628280,complete,playbyplay_inferred,201881|202658|202670|203825|1628932,complete,playbyplay_inferred
Shot Chart Detail,1042000303,293,202662,Jasmine Thomas,1611661323,Connecticut Sun,3,7,29,Missed Shot,Driving Layup Shot,2PT Field Goal,In The Paint (Non-RA),Center(C),Less Than 8 ft.,4,-26,38,1,0,20200924,CON,LVA,2020,1042000303293,13510,validated,,0,matched,playbyplayv2,1611661319,201886|201896|202662|203826|1628280,complete,playbyplay_inferred,201881|202658|202670|203825|1628932,complete,playbyplay_inferred
Shot Chart Detail,1042000303,297,202662,Jasmine Thomas,1611661323,Connecticut Sun,3,7,11,Made Shot,Driving Reverse Layup Shot,2PT Field Goal,In The Paint (Non-RA),Center(C),Less Than 8 ft.,4,37,27,1,1,20200924,CON,LVA,2020,1042000303297,13690,validated,,0,matched,playbyplayv2,1611661319,201886|201896|202662|203826|1628280,complete,playbyplay_inferred,201881|202658|202670|203825|1628932,complete,playbyplay_inferred
Shot Chart Detail,1042000303,300,202662,Jasmine Thomas,1611661323,Connecticut Sun,3,6,34,Missed Shot,Pullup Jump shot,2PT Field Goal,Mid-Range,Left Side Center(LC),16-24 ft.,19,-85,175,1,0,20200924,CON,LVA,2020,1042000303300,14060,validated,,0,matched,playbyplayv2,1611661319,201886|201896|202662|203826|1628280,complete,playbyplay_inferred,201881|202658|202670|203825|1628932,complete,playbyplay_inferred
Shot Chart Detail,1042000303,302,201886,DeWanna Bonner,1611661323,Connecticut Sun,3,6,22,Missed Shot,Turnaround Jump Shot,2PT Field Goal,Mid-Range,Right Side Center(RC),16-24 ft.,16,99,130,1,0,20200924,CON,LVA,2020,1042000303302,14180,validated,,0,matched,playbyplayv2,1611661319,201886|201896|202662|203826|1628280,complete,playbyplay_inferred,201881|202658|202670|203825|1628932,complete,playbyplay_inferred
Shot Chart Detail,1042000303,315,1628280,Brionna Jones,1611661323,Connecticut Sun,3,5,44,Missed Shot,Layup Shot,2PT Field Goal,In The Paint (Non-RA),Center(C),Less Than 8 ft.,4,-32,30,1,0,20200924,CON,LVA,2020,1042000303315,14560,validated,,0,matched,playbyplayv2,1611661319,201896|202662|203826|1628280|1630097,complete,playbyplay_inferred,202658|203825|204324|1628932|1629498,complete,playbyplay_inferred
Shot Chart Detail,1042000303,320,201896,Briann January,1611661323,Connecticut Sun,3,5,20,Made Shot,Pullup Jump shot,2PT Field Goal,Mid-Range,Center(C),8-16 ft.,15,58,148,1,1,20200924,CON,LVA,2020,1042000303320,14800,validated,,0,matched,playbyplayv2,1611661319,201896|202662|203826|1628280|1630097,complete,playbyplay_inferred,202658|203825|204324|1628932|1629498,complete,playbyplay_inferred
Shot Chart Detail,1042000303,323,203826,Alyssa Thomas,1611661323,Connecticut Sun,3,4,52,Missed Shot,Layup Shot,2PT Field Goal,In The Paint (Non-RA),Center(C),Less Than 8 ft.,5,-39,35,1,0,20200924,CON,LVA,2020,1042000303323,15080,validated,,0,matched,playbyplayv2,1611661319,201896|202662|203826|1628280|1630097,complete,playbyplay_inferred,202658|203825|204324|1628932|1629498,complete,playbyplay_inferred
Shot Chart Detail,1042000303,327,202662,Jasmine Thomas,1611661323,Connecticut Sun,3,4,25,Missed Shot,Jump Shot,2PT Field Goal,Mid-Range,Right Side(R),8-16 ft.,13,108,81,1,0,20200924,CON,LVA,2020,1042000303327,15350,validated,,0,matched,playbyplayv2,1611661319,201896|202662|203826|1628280|1630097,complete,playbyplay_inferred,202658|203825|204324|1628932|1629498,complete,playbyplay_inferred
Shot Chart Detail,1042000303,329,203826,Alyssa Thomas,1611661323,Connecticut Sun,3,4,20,Made Shot,Putback Layup Shot,2PT Field Goal,Restricted Area,Center(C),Less Than 8 ft.,0,0,-6,1,1,20200924,CON,LVA,2020,1042000303329,15400,validated,,0,matched,playbyplayv2,1611661319,201896|202662|203826|1628280|1630097,complete,playbyplay_inferred,202658|203825|204324|1628932|1629498,complete,playbyplay_inferred
Shot Chart Detail,1042000303,343,1630097,Kaila Charles,1611661323,Connecticut Sun,3,3,35,Missed Shot,Jump Shot,3PT Field Goal,Above the Break 3,Right Side(R),24+ ft.,24,238,50,1,0,20200924,CON,LVA,2020,1042000303343,15850,validated,,0,matched,playbyplayv2,1611661319,201896|202662|203826|1628280|1630097,complete,playbyplay_inferred,201881|202658|204324|1628932|1629498,complete,playbyplay_inferred
Shot Chart Detail,1042000303,347,1630097,Kaila Charles,1611661323,Connecticut Sun,3,2,58,Made Shot,Jump Shot,2PT Field Goal,In The Paint (Non-RA),Center(C),Less Than 8 ft.,4,-12,47,1,1,20200924,CON,LVA,2020,1042000303347,16220,validated,1628280,1,matched,playbyplayv2,1611661319,201896|202662|203826|1628280|1630097,complete,playbyplay_inferred,201881|202658|204324|1628932|1629498,complete,playbyplay_inferred
Shot Chart Detail,1042000303,356,1630097,Kaila Charles,1611661323,Connecticut Sun,3,2,25,Missed Shot,Jump Shot,3PT Field Goal,Above the Break 3,Left Side(L),16-24 ft.,23,-210,100,1,0,20200924,CON,LVA,2020,1042000303356,16550,validated,,0,matched,playbyplayv2,1611661319,201896|202662|203826|1628280|1630097,complete,playbyplay_inferred,201881|202658|202670|204324|1629498,complete,playbyplay_inferred
Shot Chart Detail,1042000303,360,201896,Briann January,1611661323,Connecticut Sun,3,2,17,Made Shot,Jump Shot,2PT Field Goal,Mid-Range,Right Side(R),8-16 ft.,13,139,15,1,1,20200924,CON,LVA,2020,1042000303360,16630,validated,,0,matched,playbyplayv2,1611661319,201896|202662|203826|1628280|1630097,complete,playbyplay_inferred,201881|202658|202670|204324|1629498,complete,playbyplay_inferred
Shot Chart Detail,1042000303,369,201896,Briann January,1611661323,Connecticut Sun,3,1,40,Missed Shot,Jump Shot,2PT Field Goal,Mid-Range,Right Side Center(RC),16-24 ft.,19,131,149,1,0,20200924,CON,LVA,2020,1042000303369,17000,validated,,0,matched,playbyplayv2,1611661319,201896|202662|203826|1629492|1630097,complete,playbyplay_inferred,201881|203825|204324|1628932|1629498,complete,playbyplay_inferred
Shot Chart Detail,1042000303,383,203826,Alyssa Thomas,1611661323,Connecticut Sun,3,0,39,Missed Shot,Layup Shot,2PT Field Goal,Restricted Area,Center(C),Less Than 8 ft.,3,-32,23,1,0,20200924,CON,LVA,2020,1042000303383,17610,validated,,0,matched,playbyplayv2,1611661319,201896|202662|203826|204321|1629492,complete,playbyplay_inferred,202658|203825|204324|1628932|1629498,complete,playbyplay_inferred
Shot Chart Detail,1042000303,385,1629492,Beatrice Mompremier,1611661323,Connecticut Sun,3,0,37,Made Shot,Putback Layup Shot,2PT Field Goal,Restricted Area,Center(C),Less Than 8 ft.,0,0,-6,1,1,20200924,CON,LVA,2020,1042000303385,17630,validated,,0,matched,playbyplayv2,1611661319,201896|202662|203826|204321|1629492,complete,playbyplay_inferred,202658|203825|204324|1628932|1629498,complete,playbyplay_inferred
Shot Chart Detail,1042000303,388,203826,Alyssa Thomas,1611661323,Connecticut Sun,3,0,5,Missed Shot,Jump Shot,2PT Field Goal,Mid-Range,Left Side(L),8-16 ft.,15,-84,129,1,0,20200924,CON,LVA,2020,1042000303388,17950,validated,,0,matched,playbyplayv2,1611661319,201896|202662|203826|204321|1629492,complete,playbyplay_inferred,202658|203825|204324|1628932|1629498,complete,playbyplay_inferred
Shot Chart Detail,1042000303,390,1629492,Beatrice Mompremier,1611661323,Connecticut Sun,3,0,0,Missed Shot,Jump Shot,2PT Field Goal,In The Paint (Non-RA),Center(C),Less Than 8 ft.,7,-39,63,1,0,20200924,CON,LVA,2020,1042000303390,18000,validated,,0,matched,playbyplayv2,1611661319,201896|202662|203826|204321|1629492,complete,playbyplay_inferred,202658|203825|204324|1628932|1629498,complete,playbyplay_inferred
Shot Chart Detail,1042000303,397,202662,Jasmine Thomas,1611661323,Connecticut Sun,4,9,28,Missed Shot,Jump Shot,3PT Field Goal,Above the Break 3,Right Side Center(RC),24+ ft.,25,176,179,1,0,20200924,CON,LVA,2020,1042000303397,18320,validated,,0,matched,playbyplayv2,1611661319,201896|202662|203826|204321|1629492,complete,playbyplay_inferred,202658|203825|204324|1628932|1629498,complete,playbyplay_inferred
Shot Chart Detail,1042000303,403,201896,Briann January,1611661323,Connecticut Sun,4,9,12,Missed Shot,Jump Shot,2PT Field Goal,Mid-Range,Left Side Center(LC),16-24 ft.,19,-126,151,1,0,20200924,CON,LVA,2020,1042000303403,18480,validated,,0,matched,playbyplayv2,1611661319,201886|201896|202662|203826|1629492,complete,playbyplay_inferred,202658|203825|204324|1628932|1629498,complete,playbyplay_inferred
Shot Chart Detail,1042000303,411,203826,Alyssa Thomas,1611661323,Connecticut Sun,4,8,49,Missed Shot,Layup Shot,2PT Field Goal,Restricted Area,Center(C),Less Than 8 ft.,1,13,3,1,0,20200924,CON,LVA,2020,1042000303411,18710,validated,,0,matched,playbyplayv2,1611661319,201886|201896|202662|203826|1629492,complete,playbyplay_inferred,202658|203825|204324|1628932|1629498,complete,playbyplay_inferred
Shot Chart Detail,1042000303,423,1628280,Brionna Jones,1611661323,Connecticut Sun,4,7,53,Made Shot,Cutting Layup Shot,2PT Field Goal,Restricted Area,Center(C),Less Than 8 ft.,3,-6,31,1,1,20200924,CON,LVA,2020,1042000303423,19270,validated,201896,1,matched,playbyplayv2,1611661319,201886|201896|202662|203826|1628280,complete,playbyplay_inferred,202658|203825|204324|1628932|1629498,complete,playbyplay_inferred
Shot Chart Detail,1042000303,427,203826,Alyssa Thomas,1611661323,Connecticut Sun,4,7,26,Missed Shot,Cutting Layup Shot,2PT Field Goal,In The Paint (Non-RA),Center(C),Less Than 8 ft.,4,43,18,1,0,20200924,CON,LVA,2020,1042000303427,19540,validated,,0,matched,playbyplayv2,1611661319,201886|201896|202662|203826|1628280,complete,playbyplay_inferred,202658|203825|204324|1628932|1629498,complete,playbyplay_inferred
Shot Chart Detail,1042000303,443,201896,Briann January,1611661323,Connecticut Sun,4,6,32,Missed Shot,Jump Shot,3PT Field Goal,Above the Break 3,Right Side(R),24+ ft.,23,238,29,1,0,20200924,CON,LVA,2020,1042000303443,20080,validated,,0,matched,playbyplayv2,1611661319,201886|201896|202662|203826|1628280,complete,playbyplay_inferred,201881|203825|204324|1628932|1629498,complete,playbyplay_inferred
Shot Chart Detail,1042000303,445,202662,Jasmine Thomas,1611661323,Connecticut Sun,4,6,19,Missed Shot,Reverse Layup Shot,2PT Field Goal,In The Paint (Non-RA),Center(C),Less Than 8 ft.,4,24,33,1,0,20200924,CON,LVA,2020,1042000303445,20210,validated,,0,matched,playbyplayv2,1611661319,201886|201896|202662|203826|1628280,complete,playbyplay_inferred,201881|203825|204324|1628932|1629498,complete,playbyplay_inferred
Shot Chart Detail,1042000303,450,1628280,Brionna Jones,1611661323,Connecticut Sun,4,5,50,Missed Shot,Driving Reverse Layup Shot,2PT Field Goal,In The Paint (Non-RA),Center(C),Less Than 8 ft.,4,-32,24,1,0,20200924,CON,LVA,2020,1042000303450,20500,validated,,0,matched,playbyplayv2,1611661319,201886|201896|202662|203826|1628280,complete,playbyplay_inferred,201881|203825|204324|1628932|1629498,complete,playbyplay_inferred
Shot Chart Detail,1042000303,454,201896,Briann January,1611661323,Connecticut Sun,4,5,19,Made Shot,Pullup Jump shot,2PT Field Goal,Mid-Range,Left Side Center(LC),16-24 ft.,17,-121,126,1,1,20200924,CON,LVA,2020,1042000303454,20810,validated,,0,matched,playbyplayv2,1611661319,201886|201896|202662|203826|1628280,complete,playbyplay_inferred,201881|203825|204324|1628932|1629498,complete,playbyplay_inferred
Shot Chart Detail,1042000303,457,1628280,Brionna Jones,1611661323,Connecticut Sun,4,4,44,Made Shot,Layup Shot,2PT Field Goal,Restricted Area,Center(C),Less Than 8 ft.,3,9,30,1,1,20200924,CON,LVA,2020,1042000303457,21160,validated,201886,1,matched,playbyplayv2,1611661319,201886|201896|202662|203826|1628280,complete,playbyplay_inferred,201881|203825|204324|1628932|1629498,complete,playbyplay_inferred
Shot Chart Detail,1042000303,464,201886,DeWanna Bonner,1611661323,Connecticut Sun,4,4,5,Made Shot,Driving Layup Shot,2PT Field Goal,In The Paint (Non-RA),Center(C),Less Than 8 ft.,4,-28,40,1,1,20200924,CON,LVA,2020,1042000303464,21550,validated,,0,matched,playbyplayv2,1611661319,201886|201896|202662|203826|1628280,complete,playbyplay_inferred,201881|202658|204324|1628932|1629498,complete,playbyplay_inferred
Shot Chart Detail,1042000303,472,1628280,Brionna Jones,1611661323,Connecticut Sun,4,3,32,Made Shot,Cutting Layup Shot,2PT Field Goal,In The Paint (Non-RA),Center(C),Less Than 8 ft.,4,43,13,1,1,20200924,CON,LVA,2020,1042000303472,21880,validated,201896,1,matched,playbyplayv2,1611661319,201886|201896|202662|203826|1628280,complete,playbyplay_inferred,201881|202658|203825|204324|1628932,complete,playbyplay_inferred
Shot Chart Detail,1042000303,476,203826,Alyssa Thomas,1611661323,Connecticut Sun,4,3,3,Made Shot,Driving Layup Shot,2PT Field Goal,In The Paint (Non-RA),Center(C),Less Than 8 ft.,5,-41,33,1,1,20200924,CON,LVA,2020,1042000303476,22170,validated,202662,1,matched,playbyplayv2,1611661319,201886|201896|202662|203826|1628280,complete,playbyplay_inferred,201881|202658|203825|204324|1628932,complete,playbyplay_inferred
Shot Chart Detail,1042000303,480,203826,Alyssa Thomas,1611661323,Connecticut Sun,4,2,35,Missed Shot,Jump Shot,2PT Field Goal,Mid-Range,Right Side Center(RC),16-24 ft.,18,98,152,1,0,20200924,CON,LVA,2020,1042000303480,22450,validated,,0,matched,playbyplayv2,1611661319,201886|201896|202662|203826|1628280,complete,playbyplay_inferred,201881|202658|203825|204324|1628932,complete,playbyplay_inferred
Shot Chart Detail,1042000303,489,203826,Alyssa Thomas,1611661323,Connecticut Sun,4,2,5,Made Shot,Floating Jump shot,2PT Field Goal,Mid-Range,Center(C),8-16 ft.,15,0,157,1,1,20200924,CON,LVA,2020,1042000303489,22750,validated,201896,1,matched,playbyplayv2,1611661319,201886|201896|202662|203826|1628280,complete,playbyplay_inferred,201881|203825|204324|1628932|1629498,complete,playbyplay_inferred
Shot Chart Detail,1042000303,500,1628280,Brionna Jones,1611661323,Connecticut Sun,4,1,9,Missed Shot,Layup Shot,2PT Field Goal,In The Paint (Non-RA),Center(C),Less Than 8 ft.,4,37,22,1,0,20200924,CON,LVA,2020,1042000303500,23310,validated,,0,matched,playbyplayv2,1611661319,201886|201896|202662|203826|1628280,complete,playbyplay_inferred,201881|203825|204324|1628932|1629498,complete,playbyplay_inferred
Shot Chart Detail,1042000303,505,203826,Alyssa Thomas,1611661323,Connecticut Sun,4,0,48,Made Shot,Driving Floating Bank Jump Shot,2PT Field Goal,In The Paint (Non-RA),Left Side(L),8-16 ft.,8,-54,68,1,1,20200924,CON,LVA,2020,1042000303505,23520,validated,201896,1,matched,playbyplayv2,1611661319,201886|201896|202662|203826|1628280,complete,playbyplay_inferred,201881|203825|204324|1628932|1629498,complete,playbyplay_inferred
Shot Chart Detail,1042000303,510,203826,Alyssa Thomas,1611661323,Connecticut Sun,4,0,45,Made Shot,Running Layup Shot,2PT Field Goal,In The Paint (Non-RA),Center(C),Less Than 8 ft.,5,33,41,1,1,20200924,CON,LVA,2020,1042000303510,23550,validated,,0,matched,playbyplayv2,1611661319,201886|201896|202662|203826|1628280,complete,playbyplay_inferred,201881|203825|204324|1628932|1629498,complete,playbyplay_inferred
Shot Chart Detail,1042000304,7,201886,DeWanna Bonner,1611661323,Connecticut Sun,1,9,41,Made Shot,Jump Shot,3PT Field Goal,Above the Break 3,Right Side Center(RC),16-24 ft.,23,170,158,1,1,20200927,CON,LVA,2020,10420003047,190,validated,,0,matched,playbyplayv2,1611661319,201886|201896|202662|203826|1628280,complete,playbyplay_inferred,201881|202658|202670|203825|1628932,complete,playbyplay_inferred
Shot Chart Detail,1042000304,11,201886,DeWanna Bonner,1611661323,Connecticut Sun,1,9,9,Missed Shot,Jump Shot,2PT Field Goal,Mid-Range,Left Side(L),16-24 ft.,20,-197,37,1,0,20200927,CON,LVA,2020,104200030411,510,validated,,0,matched,playbyplayv2,1611661319,201886|201896|202662|203826|1628280,complete,playbyplay_inferred,201881|202658|202670|203825|1628932,complete,playbyplay_inferred
Shot Chart Detail,1042000304,18,202662,Jasmine Thomas,1611661323,Connecticut Sun,1,8,30,Made Shot,Layup Shot,2PT Field Goal,Restricted Area,Center(C),Less Than 8 ft.,2,-20,-1,1,1,20200927,CON,LVA,2020,104200030418,900,validated,,0,matched,playbyplayv2,1611661319,201886|201896|202662|203826|1628280,complete,playbyplay_inferred,201881|202658|202670|203825|1628932,complete,playbyplay_inferred
Shot Chart Detail,1042000304,23,202662,Jasmine Thomas,1611661323,Connecticut Sun,1,7,49,Missed Shot,Jump Shot,3PT Field Goal,Right Corner 3,Right Side(R),24+ ft.,23,234,-3,1,0,20200927,CON,LVA,2020,104200030423,1310,validated,,0,matched,playbyplayv2,1611661319,201886|201896|202662|203826|1628280,complete,playbyplay_inferred,201881|202658|202670|203825|1628932,complete,playbyplay_inferred
Shot Chart Detail,1042000304,25,201896,Briann January,1611661323,Connecticut Sun,1,7,45,Missed Shot,Jump Shot,3PT Field Goal,Above the Break 3,Left Side Center(LC),24+ ft.,24,-155,193,1,0,20200927,CON,LVA,2020,104200030425,1350,validated,,0,matched,playbyplayv2,1611661319,201886|201896|202662|203826|1628280,complete,playbyplay_inferred,201881|202658|202670|203825|1628932,complete,playbyplay_inferred
Shot Chart Detail,1042000304,29,203826,Alyssa Thomas,1611661323,Connecticut Sun,1,7,15,Missed Shot,Layup Shot,2PT Field Goal,Restricted Area,Center(C),Less Than 8 ft.,3,29,25,1,0,20200927,CON,LVA,2020,104200030429,1650,validated,,0,matched,playbyplayv2,1611661319,201886|201896|202662|203826|1628280,complete,playbyplay_inferred,201881|202658|202670|203825|1628932,complete,playbyplay_inferred
Shot Chart Detail,1042000304,38,201896,Briann January,1611661323,Connecticut Sun,1,6,43,Made Shot,Jump Shot,2PT Field Goal,Mid-Range,Right Side Center(RC),16-24 ft.,18,78,167,1,1,20200927,CON,LVA,2020,104200030438,1970,validated,,0,matched,playbyplayv2,1611661319,201886|201896|202662|203826|1628280,complete,playbyplay_inferred,201881|202658|202670|203825|1628932,complete,playbyplay_inferred
Shot Chart Detail,1042000304,49,201886,DeWanna Bonner,1611661323,Connecticut Sun,1,5,58,Missed Shot,Jump Shot,3PT Field Goal,Left Corner 3,Left Side(L),24+ ft.,23,-236,4,1,0,20200927,CON,LVA,2020,104200030449,2420,validated,,0,matched,playbyplayv2,1611661319,201886|201896|202662|203826|1628280,complete,playbyplay_inferred,201881|202658|202670|203825|1628932,complete,playbyplay_inferred
Shot Chart Detail,1042000304,58,202662,Jasmine Thomas,1611661323,Connecticut Sun,1,5,18,Made Shot,Jump Shot,3PT Field Goal,Above the Break 3,Right Side Center(RC),16-24 ft.,23,174,157,1,1,20200927,CON,LVA,2020,104200030458,2820,validated,201886,1,matched,playbyplayv2,1611661319,201886|201896|202662|203826|1628280,complete,playbyplay_inferred,201881|202658|202670|203825|1628932,complete,playbyplay_inferred
Shot Chart Detail,1042000304,62,202662,Jasmine Thomas,1611661323,Connecticut Sun,1,4,56,Missed Shot,Jump Shot,3PT Field Goal,Above the Break 3,Right Side Center(RC),24+ ft.,24,184,160,1,0,20200927,CON,LVA,2020,104200030462,3040,validated,,0,matched,playbyplayv2,1611661319,201886|201896|202662|203826|1628280,complete,playbyplay_inferred,201881|202658|202670|203825|1628932,complete,playbyplay_inferred
Shot Chart Detail,1042000304,64,201886,DeWanna Bonner,1611661323,Connecticut Sun,1,4,50,Missed Shot,Putback Layup Shot,2PT Field Goal,Restricted Area,Center(C),Less Than 8 ft.,0,0,-6,1,0,20200927,CON,LVA,2020,104200030464,3100,validated,,0,matched,playbyplayv2,1611661319,201886|201896|202662|203826|1628280,complete,playbyplay_inferred,201881|202658|202670|203825|1628932,complete,playbyplay_inferred
Shot Chart Detail,1042000304,68,201896,Briann January,1611661323,Connecticut Sun,1,4,21,Made Shot,Jump Shot,3PT Field Goal,Above the Break 3,Right Side(R),16-24 ft.,23,203,123,1,1,20200927,CON,LVA,2020,104200030468,3390,validated,202662,1,matched,playbyplayv2,1611661319,201886|201896|202662|203826|1628280,complete,playbyplay_inferred,201881|202658|202670|203825|1628932,complete,playbyplay_inferred
Shot Chart Detail,1042000304,72,1628280,Brionna Jones,1611661323,Connecticut Sun,1,3,50,Made Shot,Layup Shot,2PT Field Goal,Restricted Area,Center(C),Less Than 8 ft.,3,29,22,1,1,20200927,CON,LVA,2020,104200030472,3700,validated,202662,1,matched,playbyplayv2,1611661319,201886|201896|202662|203826|1628280,complete,playbyplay_inferred,201881|202658|202670|203825|1628932,complete,playbyplay_inferred
Shot Chart Detail,1042000304,77,201896,Briann January,1611661323,Connecticut Sun,1,3,20,Missed Shot,Jump Shot,2PT Field Goal,Mid-Range,Left Side Center(LC),16-24 ft.,18,-126,138,1,0,20200927,CON,LVA,2020,104200030477,4000,validated,,0,matched,playbyplayv2,1611661319,201886|201896|202662|203826|1628280,complete,playbyplay_inferred,201881|202658|202670|203825|1628932,complete,playbyplay_inferred
Shot Chart Detail,1042000304,80,201896,Briann January,1611661323,Connecticut Sun,1,2,41,Missed Shot,Jump Shot,3PT Field Goal,Above the Break 3,Left Side Center(LC),16-24 ft.,23,-110,209,1,0,20200927,CON,LVA,2020,104200030480,4390,validated,,0,matched,playbyplayv2,1611661319,201886|201896|202662|203826|1628280,complete,playbyplay_inferred,201881|202658|202670|203825|1628932,complete,playbyplay_inferred
Shot Chart Detail,1042000304,84,201886,DeWanna Bonner,1611661323,Connecticut Sun,1,2,20,Made Shot,Layup Shot,2PT Field Goal,Restricted Area,Center(C),Less Than 8 ft.,2,22,4,1,1,20200927,CON,LVA,2020,104200030484,4600,validated,202662,1,matched,playbyplayv2,1611661319,201886|201896|202662|203826|1628280,complete,playbyplay_inferred,201881|202658|202670|203825|1628932,complete,playbyplay_inferred
Shot Chart Detail,1042000304,89,201886,DeWanna Bonner,1611661323,Connecticut Sun,1,1,52,Made Shot,Pullup Jump shot,3PT Field Goal,Above the Break 3,Right Side Center(RC),24+ ft.,24,195,151,1,1,20200927,CON,LVA,2020,104200030489,4880,validated,203826,1,matched,playbyplayv2,1611661319,201886|201896|202662|203826|1628280,complete,playbyplay_inferred,201881|202658|202670|203825|1628932,complete,playbyplay_inferred
Shot Chart Detail,1042000304,118,203826,Alyssa Thomas,1611661323,Connecticut Sun,1,0,2,Made Shot,Floating Jump shot,2PT Field Goal,In The Paint (Non-RA),Center(C),8-16 ft.,9,6,99,1,1,20200927,CON,LVA,2020,1042000304118,5980,validated,1629567,1,matched,playbyplayv2,1611661319,201886|203826|1628280|1629567|1630097,complete,playbyplay_inferred,202658|203411|1628242|1628932|1629498,complete,playbyplay_inferred
Shot Chart Detail,1042000304,137,1629492,Beatrice Mompremier,1611661323,Connecticut Sun,2,8,36,Missed Shot,Jump Shot,2PT Field Goal,In The Paint (Non-RA),Center(C),Less Than 8 ft.,7,76,9,1,0,20200927,CON,LVA,2020,1042000304137,6840,validated,,0,matched,playbyplayv2,1611661319,201886|203826|1629492|1629567|1630097,complete,playbyplay_inferred,202670|203411|203825|1628932|1629498,complete,playbyplay_inferred
Shot Chart Detail,1042000304,141,201886,DeWanna Bonner,1611661323,Connecticut Sun,2,8,28,Missed Shot,Jump Shot,2PT Field Goal,Mid-Range,Left Side Center(LC),16-24 ft.,18,-89,157,1,0,20200927,CON,LVA,2020,1042000304141,6920,validated,,0,matched,playbyplayv2,1611661319,201886|203826|1629492|1629567|1630097,complete,playbyplay_inferred,202670|203411|203825|1628932|1629498,complete,playbyplay_inferred
Shot Chart Detail,1042000304,145,203826,Alyssa Thomas,1611661323,Connecticut Sun,2,8,0,Made Shot,Floating Jump shot,2PT Field Goal,Mid-Range,Right Side(R),8-16 ft.,14,86,122,1,1,20200927,CON,LVA,2020,1042000304145,7200,validated,1630097,1,matched,playbyplayv2,1611661319,201886|203826|1629492|1629567|1630097,complete,playbyplay_inferred,202670|203411|203825|1628932|1629498,complete,playbyplay_inferred
Shot Chart Detail,1042000304,166,201886,DeWanna Bonner,1611661323,Connecticut Sun,2,6,42,Missed Shot,Driving Layup Shot,2PT Field Goal,Restricted Area,Center(C),Less Than 8 ft.,2,-21,20,1,0,20200927,CON,LVA,2020,1042000304166,7980,validated,,0,matched,playbyplayv2,1611661319,201886|201896|202662|203826|1629492,complete,playbyplay_inferred,201881|202658|202670|203825|1628932,complete,playbyplay_inferred
Shot Chart Detail,1042000304,180,201896,Briann January,1611661323,Connecticut Sun,2,5,57,Made Shot,Layup Shot,2PT Field Goal,Restricted Area,Center(C),Less Than 8 ft.,3,29,22,1,1,20200927,CON,LVA,2020,1042000304180,8430,validated,201886,1,matched,playbyplayv2,1611661319,201886|201896|202662|1628280|1629492,complete,playbyplay_inferred,201881|202658|203825|1628242|1628932,complete,playbyplay_inferred
Shot Chart Detail,1042000304,187,201886,DeWanna Bonner,1611661323,Connecticut Sun,2,5,10,Missed Shot,Jump Shot,3PT Field Goal,Above the Break 3,Left Side Center(LC),16-24 ft.,23,-122,197,1,0,20200927,CON,LVA,2020,1042000304187,8900,validated,,0,matched,playbyplayv2,1611661319,201886|201896|202662|1628280|1629492,complete,playbyplay_inferred,201881|202658|203825|1628242|1628932,complete,playbyplay_inferred
Shot Chart Detail,1042000304,189,1629492,Beatrice Mompremier,1611661323,Connecticut Sun,2,5,7,Missed Shot,Putback Layup Shot,2PT Field Goal,Restricted Area,Center(C),Less Than 8 ft.,0,0,-6,1,0,20200927,CON,LVA,2020,1042000304189,8930,validated,,0,matched,playbyplayv2,1611661319,201886|201896|202662|1628280|1629492,complete,playbyplay_inferred,201881|202658|203825|1628242|1628932,complete,playbyplay_inferred
Shot Chart Detail,1042000304,191,1628280,Brionna Jones,1611661323,Connecticut Sun,2,5,5,Missed Shot,Putback Layup Shot,2PT Field Goal,Restricted Area,Center(C),Less Than 8 ft.,0,0,-6,1,0,20200927,CON,LVA,2020,1042000304191,8950,validated,,0,matched,playbyplayv2,1611661319,201886|201896|202662|1628280|1629492,complete,playbyplay_inferred,201881|202658|203825|1628242|1628932,complete,playbyplay_inferred
Shot Chart Detail,1042000304,195,201896,Briann January,1611661323,Connecticut Sun,2,4,28,Missed Shot,Layup Shot,2PT Field Goal,In The Paint (Non-RA),Center(C),Less Than 8 ft.,6,-60,29,1,0,20200927,CON,LVA,2020,1042000304195,9320,validated,,0,matched,playbyplayv2,1611661319,201886|201896|202662|1628280|1629492,complete,playbyplay_inferred,201881|202658|203825|1628242|1628932,complete,playbyplay_inferred
Shot Chart Detail,1042000304,199,202662,Jasmine Thomas,1611661323,Connecticut Sun,2,4,7,Missed Shot,Jump Shot,2PT Field Goal,Mid-Range,Right Side(R),8-16 ft.,15,96,117,1,0,20200927,CON,LVA,2020,1042000304199,9530,validated,,0,matched,playbyplayv2,1611661319,201886|201896|202662|1628280|1629492,complete,playbyplay_inferred,201881|202658|203825|1628242|1628932,complete,playbyplay_inferred
Shot Chart Detail,1042000304,220,202662,Jasmine Thomas,1611661323,Connecticut Sun,2,2,21,Made Shot,Jump Shot,3PT Field Goal,Left Corner 3,Left Side(L),24+ ft.,23,-236,26,1,1,20200927,CON,LVA,2020,1042000304220,10590,validated,1628280,1,matched,playbyplayv2,1611661319,201886|201896|202662|203826|1628280,complete,playbyplay_inferred,201881|202658|203825|1628242|1628932,complete,playbyplay_inferred
Shot Chart Detail,1042000304,224,201896,Briann January,1611661323,Connecticut Sun,2,1,51,Missed Shot,Jump Shot,3PT Field Goal,Above the Break 3,Left Side(L),16-24 ft.,23,-194,134,1,0,20200927,CON,LVA,2020,1042000304224,10890,validated,,0,matched,playbyplayv2,1611661319,201886|201896|202662|203826|1628280,complete,playbyplay_inferred,201881|202658|203825|1628242|1628932,complete,playbyplay_inferred
Shot Chart Detail,1042000304,233,201896,Briann January,1611661323,Connecticut Sun,2,1,3,Missed Shot,Jump Shot,3PT Field Goal,Above the Break 3,Left Side Center(LC),24+ ft.,23,-192,142,1,0,20200927,CON,LVA,2020,1042000304233,11370,validated,,0,matched,playbyplayv2,1611661319,201886|201896|202662|203826|1628280,complete,playbyplay_inferred,201881|202658|203825|1628242|1628932,complete,playbyplay_inferred
Shot Chart Detail,1042000304,239,201896,Briann January,1611661323,Connecticut Sun,2,0,48,Missed Shot,Driving Layup Shot,2PT Field Goal,Restricted Area,Center(C),Less Than 8 ft.,2,-26,10,1,0,20200927,CON,LVA,2020,1042000304239,11520,validated,,0,matched,playbyplayv2,1611661319,201886|201896|202662|203826|1628280,complete,playbyplay_inferred,201881|202658|203825|1628242|1628932,complete,playbyplay_inferred
Shot Chart Detail,1042000304,243,203826,Alyssa Thomas,1611661323,Connecticut Sun,2,0,23,Made Shot,Driving Layup Shot,2PT Field Goal,Restricted Area,Center(C),Less Than 8 ft.,3,22,29,1,1,20200927,CON,LVA,2020,1042000304243,11770,validated,,0,matched,playbyplayv2,1611661319,201886|201896|202662|203826|1628280,complete,playbyplay_inferred,201881|202658|203825|1628242|1628932,complete,playbyplay_inferred
Shot Chart Detail,1042000304,267,1628280,Brionna Jones,1611661323,Connecticut Sun,3,9,8,Made Shot,Jump Shot,2PT Field Goal,Mid-Range,Center(C),16-24 ft.,19,-17,191,1,1,20200927,CON,LVA,2020,1042000304267,12520,validated,201886,1,matched,playbyplayv2,1611661319,201886|201896|202662|203826|1628280,complete,playbyplay_inferred,201881|202658|202670|203825|1628932,complete,playbyplay_inferred
Shot Chart Detail,1042000304,271,201886,DeWanna Bonner,1611661323,Connecticut Sun,3,8,35,Missed Shot,Jump Shot,2PT Field Goal,In The Paint (Non-RA),Center(C),8-16 ft.,14,72,127,1,0,20200927,CON,LVA,2020,1042000304271,12850,validated,,0,matched,playbyplayv2,1611661319,201886|201896|202662|203826|1628280,complete,playbyplay_inferred,201881|202658|202670|203825|1628932,complete,playbyplay_inferred
Shot Chart Detail,1042000304,276,1628280,Brionna Jones,1611661323,Connecticut Sun,3,8,0,Missed Shot,Reverse Layup Shot,2PT Field Goal,Restricted Area,Center(C),Less Than 8 ft.,2,24,13,1,0,20200927,CON,LVA,2020,1042000304276,13200,validated,,0,matched,playbyplayv2,1611661319,201886|201896|202662|203826|1628280,complete,playbyplay_inferred,201881|202658|202670|203825|1628932,complete,playbyplay_inferred
Shot Chart Detail,1042000304,287,201896,Briann January,1611661323,Connecticut Sun,3,6,57,Missed Shot,Jump Shot,2PT Field Goal,Mid-Range,Center(C),16-24 ft.,18,-26,186,1,0,20200927,CON,LVA,2020,1042000304287,13830,validated,,0,matched,playbyplayv2,1611661319,201886|201896|202662|203826|1628280,complete,playbyplay_inferred,201881|202658|202670|203825|1628932,complete,playbyplay_inferred
Shot Chart Detail,1042000304,297,202662,Jasmine Thomas,1611661323,Connecticut Sun,3,6,25,Made Shot,Pullup Jump shot,2PT Field Goal,Mid-Range,Left Side Center(LC),16-24 ft.,16,-108,119,1,1,20200927,CON,LVA,2020,1042000304297,14150,validated,,0,matched,playbyplayv2,1611661319,201886|201896|202662|203826|1628280,complete,playbyplay_inferred,201881|202658|202670|203825|1628932,complete,playbyplay_inferred
Shot Chart Detail,1042000304,301,203826,Alyssa Thomas,1611661323,Connecticut Sun,3,6,0,Missed Shot,Jump Shot,2PT Field Goal,In The Paint (Non-RA),Center(C),8-16 ft.,13,-50,121,1,0,20200927,CON,LVA,2020,1042000304301,14400,validated,,0,matched,playbyplayv2,1611661319,201886|201896|202662|203826|1629492,complete,playbyplay_inferred,201881|202658|202670|203825|1628932,complete,playbyplay_inferred
Shot Chart Detail,1042000304,310,202662,Jasmine Thomas,1611661323,Connecticut Sun,3,5,13,Made Shot,Jump Shot,2PT Field Goal,Mid-Range,Left Side Center(LC),16-24 ft.,20,-94,179,1,1,20200927,CON,LVA,2020,1042000304310,14870,validated,203826,1,matched,playbyplayv2,1611661319,201886|201896|202662|203826|1629492,complete,playbyplay_inferred,201881|202658|202670|203825|1628932,complete,playbyplay_inferred
Shot Chart Detail,1042000304,318,201896,Briann January,1611661323,Connecticut Sun,3,4,18,Missed Shot,Jump Shot,2PT Field Goal,Mid-Range,Center(C),16-24 ft.,17,-23,175,1,0,20200927,CON,LVA,2020,1042000304318,15420,validated,,0,matched,playbyplayv2,1611661319,201886|201896|202662|203826|1629492,complete,playbyplay_inferred,201881|202658|202670|203825|1628932,complete,playbyplay_inferred
Shot Chart Detail,1042000304,320,201886,DeWanna Bonner,1611661323,Connecticut Sun,3,4,11,Missed Shot,Jump Shot,3PT Field Goal,Above the Break 3,Right Side Center(RC),24+ ft.,25,115,227,1,0,20200927,CON,LVA,2020,1042000304320,15490,validated,,0,matched,playbyplayv2,1611661319,201886|201896|202662|203826|1629492,complete,playbyplay_inferred,201881|202658|202670|203825|1628932,complete,playbyplay_inferred
Shot Chart Detail,1042000304,323,202662,Jasmine Thomas,1611661323,Connecticut Sun,3,3,36,Missed Shot,Jump Shot,3PT Field Goal,Above the Break 3,Left Side Center(LC),24+ ft.,24,-129,212,1,0,20200927,CON,LVA,2020,1042000304323,15840,validated,,0,matched,playbyplayv2,1611661319,201886|201896|202662|203826|1629492,complete,playbyplay_inferred,201881|202658|202670|203825|1628932,complete,playbyplay_inferred
Shot Chart Detail,1042000304,329,202662,Jasmine Thomas,1611661323,Connecticut Sun,3,3,24,Made Shot,Jump Shot,3PT Field Goal,Above the Break 3,Center(C),24+ ft.,26,-18,267,1,1,20200927,CON,LVA,2020,1042000304329,15960,validated,201896,1,matched,playbyplayv2,1611661319,201886|201896|202662|203826|1629492,complete,playbyplay_inferred,201881|202658|203825|1628242|1628932,complete,playbyplay_inferred
Shot Chart Detail,1042000304,333,202662,Jasmine Thomas,1611661323,Connecticut Sun,3,2,43,Missed Shot,Jump Shot,3PT Field Goal,Above the Break 3,Center(C),24+ ft.,24,-20,249,1,0,20200927,CON,LVA,2020,1042000304333,16370,validated,,0,matched,playbyplayv2,1611661319,201886|201896|202662|203826|1629492,complete,playbyplay_inferred,201881|202658|203825|1628242|1628932,complete,playbyplay_inferred
Shot Chart Detail,1042000304,337,203826,Alyssa Thomas,1611661323,Connecticut Sun,3,2,15,Missed Shot,Layup Shot,2PT Field Goal,Mid-Range,Left Side(L),8-16 ft.,9,-89,29,1,0,20200927,CON,LVA,2020,1042000304337,16650,validated,,0,matched,playbyplayv2,1611661319,201886|201896|202662|203826|1629492,complete,playbyplay_inferred,201881|202658|203825|1628242|1628932,complete,playbyplay_inferred
Shot Chart Detail,1042000304,364,202662,Jasmine Thomas,1611661323,Connecticut Sun,3,1,16,Missed Shot,Driving Finger Roll Layup Shot,2PT Field Goal,Restricted Area,Center(C),Less Than 8 ft.,2,10,24,1,0,20200927,CON,LVA,2020,1042000304364,17240,validated,,0,matched,playbyplayv2,1611661319,201502|202662|203826|1629492|1629567,complete,playbyplay_inferred,202658|203411|1628242|1628932|1629498,complete,playbyplay_inferred
Shot Chart Detail,1042000304,368,201502,Essence Carson,1611661323,Connecticut Sun,3,0,59,Made Shot,Pullup Jump shot,2PT Field Goal,Mid-Range,Center(C),16-24 ft.,16,-40,163,1,1,20200927,CON,LVA,2020,1042000304368,17410,validated,,0,matched,playbyplayv2,1611661319,201502|202662|203826|1629492|1629567,complete,playbyplay_inferred,202658|203411|1628242|1628932|1629498,complete,playbyplay_inferred
Shot Chart Detail,1042000304,371,1629492,Beatrice Mompremier,1611661323,Connecticut Sun,3,0,21,Made Shot,Cutting Layup Shot,2PT Field Goal,Restricted Area,Center(C),Less Than 8 ft.,2,-2,28,1,1,20200927,CON,LVA,2020,1042000304371,17790,validated,202662,1,matched,playbyplayv2,1611661319,201502|202662|203826|1629492|1629567,complete,playbyplay_inferred,202658|203411|1628242|1628932|1629498,complete,playbyplay_inferred
Shot Chart Detail,1042000304,399,201896,Briann January,1611661323,Connecticut Sun,4,9,21,Missed Shot,Jump Shot,3PT Field Goal,Above the Break 3,Left Side Center(LC),24+ ft.,25,-100,238,1,0,20200927,CON,LVA,2020,1042000304399,18390,validated,,0,matched,playbyplayv2,1611661319,201502|201896|203826|1629492|1629567,complete,playbyplay_inferred,201881|202670|203411|1628932|1629498,complete,playbyplay_inferred
Shot Chart Detail,1042000304,424,1628280,Brionna Jones,1611661323,Connecticut Sun,4,7,54,Missed Shot,Layup Shot,2PT Field Goal,In The Paint (Non-RA),Center(C),Less Than 8 ft.,4,26,38,1,0,20200927,CON,LVA,2020,1042000304424,19260,validated,,0,matched,playbyplayv2,1611661319,201502|201896|203826|1628280|1629567,complete,playbyplay_inferred,201881|202658|202670|203825|1628932,complete,playbyplay_inferred
Shot Chart Detail,1042000304,427,201896,Briann January,1611661323,Connecticut Sun,4,7,44,Missed Shot,Jump Shot,3PT Field Goal,Above the Break 3,Left Side Center(LC),24+ ft.,23,-74,227,1,0,20200927,CON,LVA,2020,1042000304427,19360,validated,,0,matched,playbyplayv2,1611661319,201502|201896|203826|1628280|1629567,complete,playbyplay_inferred,201881|202658|202670|203825|1628932,complete,playbyplay_inferred
Shot Chart Detail,1042000304,442,202662,Jasmine Thomas,1611661323,Connecticut Sun,4,6,39,Made Shot,Jump Shot,3PT Field Goal,Above the Break 3,Left Side Center(LC),24+ ft.,26,-154,216,1,1,20200927,CON,LVA,2020,1042000304442,20010,validated,201896,1,matched,playbyplayv2,1611661319,201886|201896|202662|203826|1628280,complete,playbyplay_inferred,201881|202658|202670|203825|1628932,complete,playbyplay_inferred
Shot Chart Detail,1042000304,446,203826,Alyssa Thomas,1611661323,Connecticut Sun,4,6,7,Made Shot,Layup Shot,2PT Field Goal,In The Paint (Non-RA),Center(C),Less Than 8 ft.,4,36,28,1,1,20200927,CON,LVA,2020,1042000304446,20330,validated,202662,1,matched,playbyplayv2,1611661319,201886|201896|202662|203826|1628280,complete,playbyplay_inferred,201881|202658|202670|203825|1628932,complete,playbyplay_inferred
Shot Chart Detail,1042000304,449,1628280,Brionna Jones,1611661323,Connecticut Sun,4,5,35,Made Shot,Layup Shot,2PT Field Goal,Restricted Area,Center(C),Less Than 8 ft.,3,33,17,1,1,20200927,CON,LVA,2020,1042000304449,20650,validated,203826,1,matched,playbyplayv2,1611661319,201886|201896|202662|203826|1628280,complete,playbyplay_inferred,201881|202658|202670|203825|1628932,complete,playbyplay_inferred
Shot Chart Detail,1042000304,456,201896,Briann January,1611661323,Connecticut Sun,4,4,53,Missed Shot,Jump Shot,3PT Field Goal,Above the Break 3,Left Side Center(LC),24+ ft.,25,-128,221,1,0,20200927,CON,LVA,2020,1042000304456,21070,validated,,0,matched,playbyplayv2,1611661319,201886|201896|202662|203826|1628280,complete,playbyplay_inferred,201881|202658|202670|203825|1628932,complete,playbyplay_inferred
Shot Chart Detail,1042000304,464,203826,Alyssa Thomas,1611661323,Connecticut Sun,4,4,5,Missed Shot,Layup Shot,2PT Field Goal,Restricted Area,Center(C),Less Than 8 ft.,1,-1,17,1,0,20200927,CON,LVA,2020,1042000304464,21550,validated,,0,matched,playbyplayv2,1611661319,201886|201896|202662|203826|1628280,complete,playbyplay_inferred,201881|202658|202670|203825|1628932,complete,playbyplay_inferred
Shot Chart Detail,1042000304,468,202662,Jasmine Thomas,1611661323,Connecticut Sun,4,3,41,Missed Shot,Jump Shot,3PT Field Goal,Above the Break 3,Left Side Center(LC),24+ ft.,25,-89,237,1,0,20200927,CON,LVA,2020,1042000304468,21790,validated,,0,matched,playbyplayv2,1611661319,201886|201896|202662|203826|1628280,complete,playbyplay_inferred,201881|202658|202670|203825|1628932,complete,playbyplay_inferred
Shot Chart Detail,1042000304,478,201896,Briann January,1611661323,Connecticut Sun,4,2,39,Made Shot,Jump Shot,2PT Field Goal,Mid-Range,Left Side(L),8-16 ft.,14,-123,78,1,1,20200927,CON,LVA,2020,1042000304478,22410,validated,202662,1,matched,playbyplayv2,1611661319,201886|201896|202662|203826|1628280,complete,playbyplay_inferred,201881|202658|202670|203825|1628932,complete,playbyplay_inferred
Shot Chart Detail,1042000304,482,202662,Jasmine Thomas,1611661323,Connecticut Sun,4,2,6,Made Shot,Jump Shot,3PT Field Goal,Above the Break 3,Center(C),24+ ft.,25,-68,248,1,1,20200927,CON,LVA,2020,1042000304482,22740,validated,201896,1,matched,playbyplayv2,1611661319,201886|201896|202662|203826|1628280,complete,playbyplay_inferred,201881|202658|202670|203825|1628932,complete,playbyplay_inferred
Shot Chart Detail,1042000304,494,203826,Alyssa Thomas,1611661323,Connecticut Sun,4,1,24,Missed Shot,Jump Shot,2PT Field Goal,Mid-Range,Right Side Center(RC),16-24 ft.,18,76,169,1,0,20200927,CON,LVA,2020,1042000304494,23160,validated,,0,matched,playbyplayv2,1611661319,201886|201896|202662|203826|1628280,complete,playbyplay_inferred,201881|202658|203825|1628932|1629498,complete,playbyplay_inferred
Shot Chart Detail,1042000304,498,1628280,Brionna Jones,1611661323,Connecticut Sun,4,0,45,Made Shot,Driving Layup Shot,2PT Field Goal,Restricted Area,Center(C),Less Than 8 ft.,2,21,13,1,1,20200927,CON,LVA,2020,1042000304498,23550,validated,201886,1,matched,playbyplayv2,1611661319,201886|201896|202662|203826|1628280,complete,playbyplay_inferred,201881|202658|203825|1628932|1629498,complete,playbyplay_inferred
Shot Chart Detail,1042000304,506,202662,Jasmine Thomas,1611661323,Connecticut Sun,4,0,16,Made Shot,Pullup Jump shot,3PT Field Goal,Above the Break 3,Left Side Center(LC),24+ ft.,25,-148,212,1,1,20200927,CON,LVA,2020,1042000304506,23840,validated,,0,matched,playbyplayv2,1611661319,201886|201896|202662|203826|1628280,complete,playbyplay_inferred,201881|202658|203825|1628242|1629498,complete,playbyplay_inferred
Shot Chart Detail,1042000305,9,1628280,Brionna Jones,1611661323,Connecticut Sun,1,9,37,Missed Shot,Layup Shot,2PT Field Goal,Restricted Area,Center(C),Less Than 8 ft.,3,-27,29,1,0,20200929,LVA,CON,2020,10420003059,230,validated,,0,matched,playbyplayv2,1611661319,201886|201896|202662|203826|1628280,complete,playbyplay_inferred,201881|202658|202670|203825|1628932,complete,playbyplay_inferred
Shot Chart Detail,1042000305,12,203826,Alyssa Thomas,1611661323,Connecticut Sun,1,9,32,Made Shot,Jump Shot,2PT Field Goal,Mid-Range,Right Side(R),16-24 ft.,17,158,82,1,1,20200929,LVA,CON,2020,104200030512,280,validated,1628280,1,matched,playbyplayv2,1611661319,201886|201896|202662|203826|1628280,complete,playbyplay_inferred,201881|202658|202670|203825|1628932,complete,playbyplay_inferred
Shot Chart Detail,1042000305,16,203826,Alyssa Thomas,1611661323,Connecticut Sun,1,9,7,Made Shot,Layup Shot,2PT Field Goal,Restricted Area,Center(C),Less Than 8 ft.,3,-32,21,1,1,20200929,LVA,CON,2020,104200030516,530,validated,,0,matched,playbyplayv2,1611661319,201886|201896|202662|203826|1628280,complete,playbyplay_inferred,201881|202658|202670|203825|1628932,complete,playbyplay_inferred
Shot Chart Detail,1042000305,19,201886,DeWanna Bonner,1611661323,Connecticut Sun,1,8,30,Missed Shot,Jump Shot,2PT Field Goal,Mid-Range,Right Side(R),16-24 ft.,16,159,-21,1,0,20200929,LVA,CON,2020,104200030519,900,validated,,0,matched,playbyplayv2,1611661319,201886|201896|202662|203826|1628280,complete,playbyplay_inferred,201881|202658|202670|203825|1628932,complete,playbyplay_inferred
Shot Chart Detail,1042000305,28,203826,Alyssa Thomas,1611661323,Connecticut Sun,1,7,52,Made Shot,Jump Shot,2PT Field Goal,Mid-Range,Center(C),8-16 ft.,14,15,147,1,1,20200929,LVA,CON,2020,104200030528,1280,validated,1628280,1,matched,playbyplayv2,1611661319,201886|201896|202662|203826|1628280,complete,playbyplay_inferred,201881|202658|202670|203825|1628932,complete,playbyplay_inferred
Shot Chart Detail,1042000305,32,203826,Alyssa Thomas,1611661323,Connecticut Sun,1,7,19,Missed Shot,Jump Shot,2PT Field Goal,Mid-Range,Center(C),8-16 ft.,15,-36,147,1,0,20200929,LVA,CON,2020,104200030532,1610,validated,,0,matched,playbyplayv2,1611661319,201886|201896|202662|203826|1628280,complete,playbyplay_inferred,201881|202658|202670|203825|1628932,complete,playbyplay_inferred
Shot Chart Detail,1042000305,36,201896,Briann January,1611661323,Connecticut Sun,1,6,52,Missed Shot,Jump Shot,3PT Field Goal,Above the Break 3,Left Side(L),24+ ft.,23,-225,63,1,0,20200929,LVA,CON,2020,104200030536,1880,validated,,0,matched,playbyplayv2,1611661319,201886|201896|202662|203826|1628280,complete,playbyplay_inferred,201881|202658|202670|203825|1628932,complete,playbyplay_inferred
Shot Chart Detail,1042000305,45,201896,Briann January,1611661323,Connecticut Sun,1,6,12,Made Shot,Driving Layup Shot,2PT Field Goal,In The Paint (Non-RA),Center(C),Less Than 8 ft.,4,41,20,1,1,20200929,LVA,CON,2020,104200030545,2280,validated,,0,matched,playbyplayv2,1611661319,201886|201896|202662|203826|1628280,complete,playbyplay_inferred,201881|202658|202670|203825|1628932,complete,playbyplay_inferred
Shot Chart Detail,1042000305,48,203826,Alyssa Thomas,1611661323,Connecticut Sun,1,5,45,Made Shot,Floating Jump shot,2PT Field Goal,In The Paint (Non-RA),Center(C),8-16 ft.,8,-27,83,1,1,20200929,LVA,CON,2020,104200030548,2550,validated,201886,1,matched,playbyplayv2,1611661319,201886|201896|202662|203826|1628280,complete,playbyplay_inferred,201881|202658|202670|203825|1628932,complete,playbyplay_inferred
Shot Chart Detail,1042000305,58,1628280,Brionna Jones,1611661323,Connecticut Sun,1,4,51,Missed Shot,Layup Shot,2PT Field Goal,Restricted Area,Center(C),Less Than 8 ft.,2,25,12,1,0,20200929,LVA,CON,2020,104200030558,3090,validated,,0,matched,playbyplayv2,1611661319,201886|201896|202662|203826|1628280,complete,playbyplay_inferred,201881|202658|202670|203825|1628932,complete,playbyplay_inferred
Shot Chart Detail,1042000305,61,202662,Jasmine Thomas,1611661323,Connecticut Sun,1,4,43,Missed Shot,Jump Shot,3PT Field Goal,Above the Break 3,Left Side Center(LC),24+ ft.,25,-160,193,1,0,20200929,LVA,CON,2020,104200030561,3170,validated,,0,matched,playbyplayv2,1611661319,201886|201896|202662|203826|1628280,complete,playbyplay_inferred,201881|202658|202670|203825|1628932,complete,playbyplay_inferred
Shot Chart Detail,1042000305,68,201886,DeWanna Bonner,1611661323,Connecticut Sun,1,4,23,Made Shot,Jump Shot,2PT Field Goal,Mid-Range,Left Side Center(LC),16-24 ft.,17,-61,160,1,1,20200929,LVA,CON,2020,104200030568,3370,validated,201896,1,matched,playbyplayv2,1611661319,201886|201896|202662|203826|1628280,complete,playbyplay_inferred,202658|202670|203825|1628932|1629498,complete,playbyplay_inferred
Shot Chart Detail,1042000305,77,201896,Briann January,1611661323,Connecticut Sun,1,3,50,Made Shot,Jump Shot,3PT Field Goal,Above the Break 3,Left Side Center(LC),24+ ft.,25,-208,144,1,1,20200929,LVA,CON,2020,104200030577,3700,validated,201886,1,matched,playbyplayv2,1611661319,201886|201896|202662|203826|1628280,complete,playbyplay_inferred,202658|202670|203825|1628932|1629498,complete,playbyplay_inferred
Shot Chart Detail,1042000305,81,1628280,Brionna Jones,1611661323,Connecticut Sun,1,3,10,Missed Shot,Jump Shot,2PT Field Goal,Mid-Range,Left Side(L),8-16 ft.,15,-133,79,1,0,20200929,LVA,CON,2020,104200030581,4100,validated,,0,matched,playbyplayv2,1611661319,201886|201896|202662|203826|1628280,complete,playbyplay_inferred,202658|202670|203825|1628932|1629498,complete,playbyplay_inferred
Shot Chart Detail,1042000305,92,202662,Jasmine Thomas,1611661323,Connecticut Sun,1,2,45,Missed Shot,Jump Shot,3PT Field Goal,Above the Break 3,Left Side Center(LC),16-24 ft.,23,-108,210,1,0,20200929,LVA,CON,2020,104200030592,4350,validated,,0,matched,playbyplayv2,1611661319,201886|201896|202662|203826|1628280,complete,playbyplay_inferred,201881|202658|1628242|1628932|1629498,complete,playbyplay_inferred
Shot Chart Detail,1042000305,96,203826,Alyssa Thomas,1611661323,Connecticut Sun,1,2,29,Made Shot,Layup Shot,2PT Field Goal,In The Paint (Non-RA),Center(C),Less Than 8 ft.,4,41,11,1,1,20200929,LVA,CON,2020,104200030596,4510,validated,201896,1,matched,playbyplayv2,1611661319,201886|201896|202662|203826|1628280,complete,playbyplay_inferred,201881|202658|1628242|1628932|1629498,complete,playbyplay_inferred
Shot Chart Detail,1042000305,100,203826,Alyssa Thomas,1611661323,Connecticut Sun,1,2,7,Made Shot,Driving Floating Bank Jump Shot,2PT Field Goal,In The Paint (Non-RA),Left Side(L),8-16 ft.,10,-67,76,1,1,20200929,LVA,CON,2020,1042000305100,4730,validated,201896,1,matched,playbyplayv2,1611661319,201886|201896|202662|203826|1628280,complete,playbyplay_inferred,201881|202658|1628242|1628932|1629498,complete,playbyplay_inferred
Shot Chart Detail,1042000305,104,1628280,Brionna Jones,1611661323,Connecticut Sun,1,1,45,Made Shot,Cutting Layup Shot,2PT Field Goal,In The Paint (Non-RA),Center(C),Less Than 8 ft.,4,45,15,1,1,20200929,LVA,CON,2020,1042000305104,4950,validated,201886,1,matched,playbyplayv2,1611661319,201886|201896|202662|203826|1628280,complete,playbyplay_inferred,201881|202658|1628242|1628932|1629498,complete,playbyplay_inferred
Shot Chart Detail,1042000305,117,201886,DeWanna Bonner,1611661323,Connecticut Sun,1,1,16,Made Shot,Jump Shot,3PT Field Goal,Above the Break 3,Center(C),24+ ft.,24,4,243,1,1,20200929,LVA,CON,2020,1042000305117,5240,validated,203826,1,matched,playbyplayv2,1611661319,201886|202662|203826|1628280|1629567,complete,playbyplay_inferred,201881|203411|1628242|1628932|1629498,complete,playbyplay_inferred
Shot Chart Detail,1042000305,125,201502,Essence Carson,1611661323,Connecticut Sun,1,0,38,Made Shot,Jump Shot,2PT Field Goal,Mid-Range,Right Side(R),8-16 ft.,15,156,6,1,1,20200929,LVA,CON,2020,1042000305125,5620,validated,201886,1,matched,playbyplayv2,1611661319,201502|201886|202662|203826|1629567,complete,playbyplay_inferred,201881|203411|1628242|1628932|1629498,complete,playbyplay_inferred
Shot Chart Detail,1042000305,129,202662,Jasmine Thomas,1611661323,Connecticut Sun,1,0,23,Made Shot,Finger Roll Layup Shot,2PT Field Goal,In The Paint (Non-RA),Center(C),Less Than 8 ft.,4,45,9,1,1,20200929,LVA,CON,2020,1042000305129,5770,validated,,0,matched,playbyplayv2,1611661319,201502|201886|202662|203826|1629567,complete,playbyplay_inferred,201881|203411|1628242|1628932|1629498,complete,playbyplay_inferred
Shot Chart Detail,1042000305,132,201886,DeWanna Bonner,1611661323,Connecticut Sun,1,0,0,Missed Shot,Running Pull-Up Jump Shot,3PT Field Goal,Above the Break 3,Left Side Center(LC),24+ ft.,35,-139,324,1,0,20200929,LVA,CON,2020,1042000305132,6000,validated,,0,matched,playbyplayv2,1611661319,201502|201886|202662|203826|1629567,complete,playbyplay_inferred,201881|203411|1628242|1628932|1629498,complete,playbyplay_inferred
Shot Chart Detail,1042000305,138,201886,DeWanna Bonner,1611661323,Connecticut Sun,2,9,46,Missed Shot,Jump Shot,3PT Field Goal,Right Corner 3,Right Side(R),24+ ft.,22,229,13,1,0,20200929,LVA,CON,2020,1042000305138,6140,validated,,0,matched,playbyplayv2,1611661319,201502|201886|202662|203826|1629567,complete,playbyplay_inferred,201881|202658|203411|1628242|1628932,complete,playbyplay_inferred
Shot Chart Detail,1042000305,156,1629567,Natisha Hiedeman,1611661323,Connecticut Sun,2,8,30,Made Shot,Jump Shot,3PT Field Goal,Above the Break 3,Center(C),24+ ft.,27,34,273,1,1,20200929,LVA,CON,2020,1042000305156,6900,validated,202662,1,matched,playbyplayv2,1611661319,201502|201886|202662|203826|1629567,complete,playbyplay_inferred,201881|202658|203825|1628242|1628932,complete,playbyplay_inferred
Shot Chart Detail,1042000305,160,203826,Alyssa Thomas,1611661323,Connecticut Sun,2,7,58,Made Shot,Driving Floating Bank Jump Shot,2PT Field Goal,In The Paint (Non-RA),Center(C),Less Than 8 ft.,7,7,72,1,1,20200929,LVA,CON,2020,1042000305160,7220,validated,202662,1,matched,playbyplayv2,1611661319,201502|201886|202662|203826|1629567,complete,playbyplay_inferred,201881|202658|203825|1628242|1628932,complete,playbyplay_inferred
Shot Chart Detail,1042000305,175,201896,Briann January,1611661323,Connecticut Sun,2,6,53,Missed Shot,Pullup Jump shot,2PT Field Goal,Mid-Range,Right Side Center(RC),16-24 ft.,20,132,154,1,0,20200929,LVA,CON,2020,1042000305175,7870,validated,,0,matched,playbyplayv2,1611661319,201502|201886|201896|203826|1629567,complete,playbyplay_inferred,201881|202658|202670|203825|1628932,complete,playbyplay_inferred
Shot Chart Detail,1042000305,201,201502,Essence Carson,1611661323,Connecticut Sun,2,5,18,Missed Shot,Jump Shot,2PT Field Goal,Mid-Range,Left Side Center(LC),16-24 ft.,18,-142,114,1,0,20200929,LVA,CON,2020,1042000305201,8820,validated,,0,matched,playbyplayv2,1611661319,201502|201896|202662|203826|1628280,complete,playbyplay_inferred,202658|202670|203825|1628932|1629498,complete,playbyplay_inferred
Shot Chart Detail,1042000305,203,1628280,Brionna Jones,1611661323,Connecticut Sun,2,5,8,Made Shot,Layup Shot,2PT Field Goal,Restricted Area,Center(C),Less Than 8 ft.,3,-16,28,1,1,20200929,LVA,CON,2020,1042000305203,8920,validated,202662,1,matched,playbyplayv2,1611661319,201502|201896|202662|203826|1628280,complete,playbyplay_inferred,202658|202670|203825|1628932|1629498,complete,playbyplay_inferred
Shot Chart Detail,1042000305,209,201502,Essence Carson,1611661323,Connecticut Sun,2,4,34,Missed Shot,Jump Shot,3PT Field Goal,Above the Break 3,Right Side(R),16-24 ft.,23,201,117,1,0,20200929,LVA,CON,2020,1042000305209,9260,validated,,0,matched,playbyplayv2,1611661319,201502|201896|202662|203826|1628280,complete,playbyplay_inferred,202658|202670|203825|1628932|1629498,complete,playbyplay_inferred
Shot Chart Detail,1042000305,218,203826,Alyssa Thomas,1611661323,Connecticut Sun,2,3,51,Missed Shot,Floating Jump shot,2PT Field Goal,In The Paint (Non-RA),Center(C),Less Than 8 ft.,7,-8,75,1,0,20200929,LVA,CON,2020,1042000305218,9690,validated,,0,matched,playbyplayv2,1611661319,201886|201896|202662|203826|1628280,complete,playbyplay_inferred,202658|202670|203825|1628932|1629498,complete,playbyplay_inferred
Shot Chart Detail,1042000305,222,202662,Jasmine Thomas,1611661323,Connecticut Sun,2,3,26,Made Shot,Layup Shot,2PT Field Goal,In The Paint (Non-RA),Center(C),Less Than 8 ft.,4,41,18,1,1,20200929,LVA,CON,2020,1042000305222,9940,validated,203826,1,matched,playbyplayv2,1611661319,201886|201896|202662|203826|1628280,complete,playbyplay_inferred,202658|202670|203825|1628932|1629498,complete,playbyplay_inferred
Shot Chart Detail,1042000305,230,1628280,Brionna Jones,1611661323,Connecticut Sun,2,2,57,Missed Shot,Layup Shot,2PT Field Goal,In The Paint (Non-RA),Center(C),Less Than 8 ft.,4,-14,38,1,0,20200929,LVA,CON,2020,1042000305230,10230,validated,,0,matched,playbyplayv2,1611661319,201886|201896|202662|203826|1628280,complete,playbyplay_inferred,201881|202658|202670|203825|1628932,complete,playbyplay_inferred
Shot Chart Detail,1042000305,234,201886,DeWanna Bonner,1611661323,Connecticut Sun,2,2,32,Missed Shot,Layup Shot,2PT Field Goal,In The Paint (Non-RA),Center(C),Less Than 8 ft.,5,8,52,1,0,20200929,LVA,CON,2020,1042000305234,10480,validated,,0,matched,playbyplayv2,1611661319,201886|201896|202662|203826|1628280,complete,playbyplay_inferred,201881|202658|202670|203825|1628932,complete,playbyplay_inferred
Shot Chart Detail,1042000305,238,202662,Jasmine Thomas,1611661323,Connecticut Sun,2,2,1,Missed Shot,Jump Shot,2PT Field Goal,Mid-Range,Right Side Center(RC),16-24 ft.,19,141,133,1,0,20200929,LVA,CON,2020,1042000305238,10790,validated,,0,matched,playbyplayv2,1611661319,201886|201896|202662|203826|1628280,complete,playbyplay_inferred,201881|202658|202670|203825|1628932,complete,playbyplay_inferred
Shot Chart Detail,1042000305,257,203826,Alyssa Thomas,1611661323,Connecticut Sun,2,1,8,Missed Shot,Jump Shot,2PT Field Goal,In The Paint (Non-RA),Center(C),8-16 ft.,12,-3,124,1,0,20200929,LVA,CON,2020,1042000305257,11320,validated,,0,matched,playbyplayv2,1611661319,201896|202662|203826|1628280|1630097,complete,playbyplay_inferred,201881|202658|202670|203825|1628932,complete,playbyplay_inferred
Shot Chart Detail,1042000305,261,202662,Jasmine Thomas,1611661323,Connecticut Sun,2,0,32,Missed Shot,Pullup Jump shot,2PT Field Goal,Mid-Range,Left Side(L),8-16 ft.,14,-148,1,1,0,20200929,LVA,CON,2020,1042000305261,11680,validated,,0,matched,playbyplayv2,1611661319,201896|202662|203826|1628280|1630097,complete,playbyplay_inferred,201881|202658|202670|203825|1628932,complete,playbyplay_inferred
Shot Chart Detail,1042000305,263,1628280,Brionna Jones,1611661323,Connecticut Sun,2,0,30,Made Shot,Putback Layup Shot,2PT Field Goal,Restricted Area,Center(C),Less Than 8 ft.,0,0,-6,1,1,20200929,LVA,CON,2020,1042000305263,11700,validated,,0,matched,playbyplayv2,1611661319,201896|202662|203826|1628280|1630097,complete,playbyplay_inferred,201881|202658|202670|203825|1628932,complete,playbyplay_inferred
Shot Chart Detail,1042000305,266,1630097,Kaila Charles,1611661323,Connecticut Sun,2,0,0,Missed Shot,Jump Shot,3PT Field Goal,Above the Break 3,Left Side Center(LC),24+ ft.,24,-197,152,1,0,20200929,LVA,CON,2020,1042000305266,12000,validated,,0,matched,playbyplayv2,1611661319,201896|202662|203826|1628280|1630097,complete,playbyplay_inferred,201881|202658|202670|203825|1628932,complete,playbyplay_inferred
Shot Chart Detail,1042000305,272,201896,Briann January,1611661323,Connecticut Sun,3,9,41,Missed Shot,Floating Jump shot,2PT Field Goal,In The Paint (Non-RA),Center(C),Less Than 8 ft.,7,64,46,1,0,20200929,LVA,CON,2020,1042000305272,12190,validated,,0,matched,playbyplayv2,1611661319,201886|201896|202662|203826|1628280,complete,playbyplay_inferred,201881|202658|202670|203825|1628932,complete,playbyplay_inferred
Shot Chart Detail,1042000305,276,201886,DeWanna Bonner,1611661323,Connecticut Sun,3,9,11,Made Shot,Reverse Layup Shot,2PT Field Goal,In The Paint (Non-RA),Center(C),Less Than 8 ft.,4,-39,18,1,1,20200929,LVA,CON,2020,1042000305276,12490,validated,203826,1,matched,playbyplayv2,1611661319,201886|201896|202662|203826|1628280,complete,playbyplay_inferred,201881|202658|202670|203825|1628932,complete,playbyplay_inferred
Shot Chart Detail,1042000305,282,202662,Jasmine Thomas,1611661323,Connecticut Sun,3,8,48,Missed Shot,Jump Shot,3PT Field Goal,Above the Break 3,Right Side Center(RC),24+ ft.,24,214,119,1,0,20200929,LVA,CON,2020,1042000305282,12720,validated,,0,matched,playbyplayv2,1611661319,201886|201896|202662|203826|1628280,complete,playbyplay_inferred,201881|202658|202670|203825|1628932,complete,playbyplay_inferred
Shot Chart Detail,1042000305,286,201886,DeWanna Bonner,1611661323,Connecticut Sun,3,8,31,Made Shot,Layup Shot,2PT Field Goal,In The Paint (Non-RA),Center(C),Less Than 8 ft.,4,25,40,1,1,20200929,LVA,CON,2020,1042000305286,12890,validated,,0,matched,playbyplayv2,1611661319,201886|201896|202662|203826|1628280,complete,playbyplay_inferred,201881|202658|202670|203825|1628932,complete,playbyplay_inferred
Shot Chart Detail,1042000305,290,203826,Alyssa Thomas,1611661323,Connecticut Sun,3,8,8,Missed Shot,Jump Shot,2PT Field Goal,Mid-Range,Left Side Center(LC),16-24 ft.,16,-81,145,1,0,20200929,LVA,CON,2020,1042000305290,13120,validated,,0,matched,playbyplayv2,1611661319,201886|201896|202662|203826|1628280,complete,playbyplay_inferred,201881|202658|202670|203825|1628932,complete,playbyplay_inferred
Shot Chart Detail,1042000305,299,201886,DeWanna Bonner,1611661323,Connecticut Sun,3,7,29,Missed Shot,Layup Shot,2PT Field Goal,Restricted Area,Center(C),Less Than 8 ft.,3,-7,32,1,0,20200929,LVA,CON,2020,1042000305299,13510,validated,,0,matched,playbyplayv2,1611661319,201886|201896|202662|203826|1628280,complete,playbyplay_inferred,201881|202658|202670|203825|1628932,complete,playbyplay_inferred
Shot Chart Detail,1042000305,303,201896,Briann January,1611661323,Connecticut Sun,3,6,53,Missed Shot,Jump Shot,3PT Field Goal,Above the Break 3,Left Side Center(LC),24+ ft.,25,-140,217,1,0,20200929,LVA,CON,2020,1042000305303,13870,validated,,0,matched,playbyplayv2,1611661319,201886|201896|202662|203826|1628280,complete,playbyplay_inferred,201881|202658|202670|203825|1628932,complete,playbyplay_inferred
Shot Chart Detail,1042000305,316,1628280,Brionna Jones,1611661323,Connecticut Sun,3,5,35,Missed Shot,Layup Shot,2PT Field Goal,In The Paint (Non-RA),Center(C),Less Than 8 ft.,5,-40,44,1,0,20200929,LVA,CON,2020,1042000305316,14650,validated,,0,matched,playbyplayv2,1611661319,201886|201896|202662|203826|1628280,complete,playbyplay_inferred,201881|202658|202670|203825|1628932,complete,playbyplay_inferred
Shot Chart Detail,1042000305,319,1628280,Brionna Jones,1611661323,Connecticut Sun,3,5,31,Missed Shot,Layup Shot,2PT Field Goal,In The Paint (Non-RA),Center(C),Less Than 8 ft.,5,-39,45,1,0,20200929,LVA,CON,2020,1042000305319,14690,validated,,0,matched,playbyplayv2,1611661319,201886|201896|202662|203826|1628280,complete,playbyplay_inferred,201881|202658|202670|203825|1628932,complete,playbyplay_inferred
Shot Chart Detail,1042000305,322,1628280,Brionna Jones,1611661323,Connecticut Sun,3,5,25,Missed Shot,Putback Layup Shot,2PT Field Goal,In The Paint (Non-RA),Center(C),Less Than 8 ft.,6,-28,55,1,0,20200929,LVA,CON,2020,1042000305322,14750,validated,,0,matched,playbyplayv2,1611661319,201886|201896|202662|203826|1628280,complete,playbyplay_inferred,201881|202658|202670|203825|1628932,complete,playbyplay_inferred
Shot Chart Detail,1042000305,328,202662,Jasmine Thomas,1611661323,Connecticut Sun,3,5,12,Missed Shot,Jump Shot,3PT Field Goal,Above the Break 3,Center(C),24+ ft.,26,-63,260,1,0,20200929,LVA,CON,2020,1042000305328,14880,validated,,0,matched,playbyplayv2,1611661319,201886|201896|202662|203826|1628280,complete,playbyplay_inferred,201881|202658|202670|203825|1628932,complete,playbyplay_inferred
Shot Chart Detail,1042000305,335,201896,Briann January,1611661323,Connecticut Sun,3,4,29,Missed Shot,Jump Shot,2PT Field Goal,Mid-Range,Center(C),16-24 ft.,20,7,202,1,0,20200929,LVA,CON,2020,1042000305335,15310,validated,,0,matched,playbyplayv2,1611661319,201886|201896|202662|203826|1628280,complete,playbyplay_inferred,201881|202658|202670|203825|1628932,complete,playbyplay_inferred
Shot Chart Detail,1042000305,343,201886,DeWanna Bonner,1611661323,Connecticut Sun,3,3,40,Missed Shot,Layup Shot,2PT Field Goal,Mid-Range,Right Side(R),8-16 ft.,10,100,43,1,0,20200929,LVA,CON,2020,1042000305343,15800,validated,,0,matched,playbyplayv2,1611661319,201886|201896|202662|203826|1628280,complete,playbyplay_inferred,201881|202658|202670|203825|1628932,complete,playbyplay_inferred
Shot Chart Detail,1042000305,356,203826,Alyssa Thomas,1611661323,Connecticut Sun,3,2,50,Made Shot,Floating Jump shot,2PT Field Goal,Mid-Range,Center(C),8-16 ft.,15,-57,141,1,1,20200929,LVA,CON,2020,1042000305356,16300,validated,201886,1,matched,playbyplayv2,1611661319,201886|201896|202662|203826|1628280,complete,playbyplay_inferred,202658|203411|203825|1628242|1628932,complete,playbyplay_inferred
Shot Chart Detail,1042000305,367,203826,Alyssa Thomas,1611661323,Connecticut Sun,3,1,47,Missed Shot,Floating Jump shot,2PT Field Goal,In The Paint (Non-RA),Center(C),8-16 ft.,14,28,138,1,0,20200929,LVA,CON,2020,1042000305367,16930,validated,,0,matched,playbyplayv2,1611661319,201886|201896|202662|203826|1628280,complete,playbyplay_inferred,202658|203411|203825|1628242|1628932,complete,playbyplay_inferred
Shot Chart Detail,1042000305,393,202662,Jasmine Thomas,1611661323,Connecticut Sun,3,0,11,Made Shot,Layup Shot,2PT Field Goal,In The Paint (Non-RA),Center(C),Less Than 8 ft.,6,61,33,1,1,20200929,LVA,CON,2020,1042000305393,17890,validated,1629567,1,matched,playbyplayv2,1611661319,201886|202662|203826|1628280|1629567,complete,playbyplay_inferred,201881|202658|203411|1628242|1628932,complete,playbyplay_inferred
Shot Chart Detail,1042000305,414,203826,Alyssa Thomas,1611661323,Connecticut Sun,4,9,27,Made Shot,Layup Shot,2PT Field Goal,Restricted Area,Center(C),Less Than 8 ft.,3,16,36,1,1,20200929,LVA,CON,2020,1042000305414,18330,validated,,0,matched,playbyplayv2,1611661319,201886|202662|203826|1629492|1629567,complete,playbyplay_inferred,201881|202658|202670|203825|1628932,complete,playbyplay_inferred
Shot Chart Detail,1042000305,424,202662,Jasmine Thomas,1611661323,Connecticut Sun,4,8,29,Missed Shot,Driving Layup Shot,2PT Field Goal,In The Paint (Non-RA),Center(C),8-16 ft.,9,2,93,1,0,20200929,LVA,CON,2020,1042000305424,18910,validated,,0,matched,playbyplayv2,1611661319,201886|202662|203826|1629492|1629567,complete,playbyplay_inferred,201881|202670|203825|1628932|1629498,complete,playbyplay_inferred
Shot Chart Detail,1042000305,430,202662,Jasmine Thomas,1611661323,Connecticut Sun,4,7,57,Made Shot,Driving Layup Shot,2PT Field Goal,In The Paint (Non-RA),Center(C),Less Than 8 ft.,5,43,36,1,1,20200929,LVA,CON,2020,1042000305430,19230,validated,,0,matched,playbyplayv2,1611661319,201886|202662|203826|1629492|1629567,complete,playbyplay_inferred,201881|202670|203825|1628932|1629498,complete,playbyplay_inferred
Shot Chart Detail,1042000305,442,202662,Jasmine Thomas,1611661323,Connecticut Sun,4,7,19,Missed Shot,Step Back Jump shot,3PT Field Goal,Above the Break 3,Right Side Center(RC),24+ ft.,24,183,165,1,0,20200929,LVA,CON,2020,1042000305442,19610,validated,,0,matched,playbyplayv2,1611661319,201886|202662|203826|1629492|1629567,complete,playbyplay_inferred,201881|202670|203825|1628932|1629498,complete,playbyplay_inferred
Shot Chart Detail,1042000305,446,203826,Alyssa Thomas,1611661323,Connecticut Sun,4,6,54,Made Shot,Layup Shot,2PT Field Goal,Restricted Area,Center(C),Less Than 8 ft.,3,31,22,1,1,20200929,LVA,CON,2020,1042000305446,19860,validated,1629567,1,matched,playbyplayv2,1611661319,201886|202662|203826|1629492|1629567,complete,playbyplay_inferred,201881|202670|203825|1628932|1629498,complete,playbyplay_inferred
Shot Chart Detail,1042000305,457,1629567,Natisha Hiedeman,1611661323,Connecticut Sun,4,6,27,Missed Shot,Jump Shot,3PT Field Goal,Right Corner 3,Right Side(R),24+ ft.,22,227,24,1,0,20200929,LVA,CON,2020,1042000305457,20130,validated,,0,matched,playbyplayv2,1611661319,201886|202662|203826|1628280|1629567,complete,playbyplay_inferred,201881|202658|202670|203825|1628932,complete,playbyplay_inferred
Shot Chart Detail,1042000305,465,203826,Alyssa Thomas,1611661323,Connecticut Sun,4,6,1,Missed Shot,Jump Shot,2PT Field Goal,In The Paint (Non-RA),Center(C),Less Than 8 ft.,7,67,36,1,0,20200929,LVA,CON,2020,1042000305465,20390,validated,,0,matched,playbyplayv2,1611661319,201886|201896|202662|203826|1628280,complete,playbyplay_inferred,201881|202658|202670|203825|1628932,complete,playbyplay_inferred
Shot Chart Detail,1042000305,469,201886,DeWanna Bonner,1611661323,Connecticut Sun,4,5,44,Missed Shot,Jump Shot,2PT Field Goal,Mid-Range,Right Side(R),8-16 ft.,12,120,46,1,0,20200929,LVA,CON,2020,1042000305469,20560,validated,,0,matched,playbyplayv2,1611661319,201886|201896|202662|203826|1628280,complete,playbyplay_inferred,201881|202658|202670|203825|1628932,complete,playbyplay_inferred
Shot Chart Detail,1042000305,471,202662,Jasmine Thomas,1611661323,Connecticut Sun,4,5,39,Missed Shot,Jump Shot,3PT Field Goal,Above the Break 3,Left Side Center(LC),24+ ft.,24,-193,148,1,0,20200929,LVA,CON,2020,1042000305471,20610,validated,,0,matched,playbyplayv2,1611661319,201886|201896|202662|203826|1628280,complete,playbyplay_inferred,201881|202658|202670|203825|1628932,complete,playbyplay_inferred
Shot Chart Detail,1042000305,477,202662,Jasmine Thomas,1611661323,Connecticut Sun,4,4,55,Missed Shot,Floating Jump shot,2PT Field Goal,In The Paint (Non-RA),Center(C),8-16 ft.,12,-24,124,1,0,20200929,LVA,CON,2020,1042000305477,21050,validated,,0,matched,playbyplayv2,1611661319,201886|201896|202662|203826|1628280,complete,playbyplay_inferred,201881|202658|202670|203825|1628932,complete,playbyplay_inferred
Shot Chart Detail,1042000305,486,201886,DeWanna Bonner,1611661323,Connecticut Sun,4,4,9,Missed Shot,Jump Shot,2PT Field Goal,Mid-Range,Center(C),16-24 ft.,16,10,167,1,0,20200929,LVA,CON,2020,1042000305486,21510,validated,,0,matched,playbyplayv2,1611661319,201886|201896|202662|203826|1628280,complete,playbyplay_inferred,201881|202658|202670|203825|1628932,complete,playbyplay_inferred
Shot Chart Detail,1042000305,492,201896,Briann January,1611661323,Connecticut Sun,4,3,25,Missed Shot,Jump Shot,3PT Field Goal,Above the Break 3,Left Side Center(LC),24+ ft.,25,-203,159,1,0,20200929,LVA,CON,2020,1042000305492,21950,validated,,0,matched,playbyplayv2,1611661319,201886|201896|202662|203826|1628280,complete,playbyplay_inferred,201881|202658|202670|203825|1628932,complete,playbyplay_inferred
Shot Chart Detail,1042000305,498,203826,Alyssa Thomas,1611661323,Connecticut Sun,4,2,39,Made Shot,Jump Shot,2PT Field Goal,Mid-Range,Left Side Center(LC),16-24 ft.,16,-81,145,1,1,20200929,LVA,CON,2020,1042000305498,22410,validated,201886,1,matched,playbyplayv2,1611661319,201886|201896|202662|203826|1628280,complete,playbyplay_inferred,201881|202658|202670|203825|1628932,complete,playbyplay_inferred
Shot Chart Detail,1042000305,502,201896,Briann January,1611661323,Connecticut Sun,4,1,57,Missed Shot,Pullup Jump shot,3PT Field Goal,Above the Break 3,Left Side Center(LC),24+ ft.,26,-95,243,1,0,20200929,LVA,CON,2020,1042000305502,22830,validated,,0,matched,playbyplayv2,1611661319,201886|201896|202662|203826|1628280,complete,playbyplay_inferred,201881|202658|202670|203825|1628932,complete,playbyplay_inferred
Shot Chart Detail,1042000305,508,203826,Alyssa Thomas,1611661323,Connecticut Sun,4,1,37,Missed Shot,Driving Layup Shot,2PT Field Goal,In The Paint (Non-RA),Center(C),Less Than 8 ft.,5,53,22,1,0,20200929,LVA,CON,2020,1042000305508,23030,validated,,0,matched,playbyplayv2,1611661319,201886|201896|202662|203826|1628280,complete,playbyplay_inferred,201881|202658|202670|203825|1628932,complete,playbyplay_inferred
Shot Chart Detail,1042000305,522,202662,Jasmine Thomas,1611661323,Connecticut Sun,4,0,39,Missed Shot,Jump Shot,3PT Field Goal,Above the Break 3,Left Side Center(LC),24+ ft.,25,-152,206,1,0,20200929,LVA,CON,2020,1042000305522,23610,validated,,0,matched,playbyplayv2,1611661319,201886|201896|202662|203826|1628280,complete,playbyplay_inferred,201881|202658|202670|203825|1628932,complete,playbyplay_inferred
Shot Chart Detail,1042000305,531,201886,DeWanna Bonner,1611661323,Connecticut Sun,4,0,1,Missed Shot,Jump Shot,2PT Field Goal,Mid-Range,Right Side Center(RC),16-24 ft.,19,99,167,1,0,20200929,LVA,CON,2020,1042000305531,23990,validated,,0,matched,playbyplayv2,1611661319,201886|201896|202662|203826|1630097,complete,playbyplay_inferred,201881|202658|203411|203825|1628932,complete,playbyplay_inferred
