GRID_TYPE,GAME_ID,GAME_EVENT_ID,PLAYER_ID,PLAYER_NAME,TEAM_ID,TEAM_NAME,PERIOD,MINUTES_REMAINING,SECONDS_REMAINING,EVENT_TYPE,ACTION_TYPE,SHOT_TYPE,SHOT_ZONE_BASIC,SHOT_ZONE_AREA,SHOT_ZONE_RANGE,SHOT_DISTANCE,LOC_X,LOC_Y,SHOT_ATTEMPTED_FLAG,SHOT_MADE_FLAG,GAME_DATE,HTM,VTM,SEASON,SHOT_ID,time,SHOT_DATA_STATUS,ASSIST_ID,assisted,ASSIST_STATUS,PBP_SOURCE,OPP_TEAM_ID,PLAYERS_ON,LINEUP_STATUS,LINEUP_SOURCE,OPP_PLAYERS_ON,OPP_LINEUP_STATUS,OPP_LINEUP_SOURCE
Shot Chart Detail,1022300006,13,1630149,Satou Sabally,1611661321,Dallas Wings,1,9,22,Missed Shot,Jump Shot,2PT Field Goal,Mid-Range,Right Side(R),8-16 ft.,12,122,39,1,0,20230520,DAL,ATL,2023,102230000613,380,validated,,0,matched,playbyplayv2,1611661330,203827|1629479|1629481|1630149|1631007,complete,playbyplay_inferred,204323|1628269|1628277|1630462|1631009,complete,playbyplay_inferred
Shot Chart Detail,1022300006,138,1630149,Satou Sabally,1611661321,Dallas Wings,1,1,41,Made Shot,Pullup Jump shot,3PT Field Goal,Above the Break 3,Center(C),24+ ft.,24,-12,246,1,1,20230520,DAL,ATL,2023,1022300006138,4990,validated,1630386,1,matched,playbyplayv2,1611661330,203827|1629481|1630101|1630149|1630386,complete,playbyplay_inferred,202658|204323|1629476|1631009|1631044,complete,playbyplay_inferred
Shot Chart Detail,1022300006,182,1630149,Satou Sabally,1611661321,Dallas Wings,2,9,16,Made Shot,Finger Roll Layup Shot,2PT Field Goal,Restricted Area,Center(C),Less Than 8 ft.,3,21,30,1,1,20230520,DAL,ATL,2023,1022300006182,6440,validated,,0,matched,playbyplayv2,1611661330,1629479|1629481|1630149|1630386|1631007,complete,playbyplay_inferred,204323|1628269|1630462|1631009|1641650,complete,playbyplay_inferred
Shot Chart Detail,1022300006,265,1630149,Satou Sabally,1611661321,Dallas Wings,2,3,45,Made Shot,Jump Shot,3PT Field Goal,Above the Break 3,Right Side Center(RC),24+ ft.,25,156,202,1,1,20230520,DAL,ATL,2023,1022300006265,9750,validated,203827,1,matched,playbyplayv2,1611661330,203827|1629481|1630101|1630149|1641652,complete,playbyplay_inferred,204323|1628277|1629476|1630462|1631044,complete,playbyplay_inferred
Shot Chart Detail,1022300006,348,1630149,Satou Sabally,1611661321,Dallas Wings,3,9,28,Made Shot,Driving Layup Shot,2PT Field Goal,Restricted Area,Center(C),Less Than 8 ft.,3,27,20,1,1,20230520,DAL,ATL,2023,1022300006348,12320,validated,,0,matched,playbyplayv2,1611661330,203827|1629479|1629481|1630149|1631007,complete,playbyplay_inferred,204323|1628269|1628277|1630462|1631009,complete,playbyplay_inferred
Shot Chart Detail,1022300006,376,1630149,Satou Sabally,1611661321,Dallas Wings,3,7,5,Missed Shot,Pullup Jump shot,2PT Field Goal,In The Paint (Non-RA),Center(C),8-16 ft.,14,60,136,1,0,20230520,DAL,ATL,2023,1022300006376,13750,validated,,0,matched,playbyplayv2,1611661330,203827|1629481|1630149|1631007|1631029,complete,playbyplay_inferred,204323|1628269|1628277|1630462|1631009,complete,playbyplay_inferred
Shot Chart Detail,1022300006,449,1630149,Satou Sabally,1611661321,Dallas Wings,3,2,53,Made Shot,Cutting Layup Shot,2PT Field Goal,Restricted Area,Center(C),Less Than 8 ft.,2,-23,9,1,1,20230520,DAL,ATL,2023,1022300006449,16270,validated,203827,1,matched,playbyplayv2,1611661330,203827|1629481|1630101|1630149|1631029,complete,playbyplay_inferred,204323|1628277|1629476|1631009|1641650,complete,playbyplay_inferred
Shot Chart Detail,1022300006,468,1630149,Satou Sabally,1611661321,Dallas Wings,3,1,40,Made Shot,Driving Layup Shot,2PT Field Goal,Restricted Area,Center(C),Less Than 8 ft.,2,20,12,1,1,20230520,DAL,ATL,2023,1022300006468,17000,validated,,0,matched,playbyplayv2,1611661330,203827|1629481|1630101|1630149|1630386,complete,playbyplay_inferred,204323|1628277|1629476|1631009|1631044,complete,playbyplay_inferred
Shot Chart Detail,1022300006,515,1630149,Satou Sabally,1611661321,Dallas Wings,4,9,17,Made Shot,Running Jump Shot,3PT Field Goal,Above the Break 3,Right Side Center(RC),24+ ft.,24,132,210,1,1,20230520,DAL,ATL,2023,1022300006515,18430,validated,1629481,1,matched,playbyplayv2,1611661330,203827|1629481|1630101|1630149|1631029,complete,playbyplay_inferred,1628269|1628277|1630462|1631009|1631044,complete,playbyplay_inferred
Shot Chart Detail,1022300006,534,1630149,Satou Sabally,1611661321,Dallas Wings,4,8,30,Missed Shot,Jump Shot,3PT Field Goal,Above the Break 3,Center(C),24+ ft.,24,55,242,1,0,20230520,DAL,ATL,2023,1022300006534,18900,validated,,0,matched,playbyplayv2,1611661330,203827|1629481|1630101|1630149|1631007,complete,playbyplay_inferred,1628269|1628277|1630462|1631009|1631044,complete,playbyplay_inferred
Shot Chart Detail,1022300006,569,1630149,Satou Sabally,1611661321,Dallas Wings,4,6,11,Missed Shot,Running Pull-Up Jump Shot,3PT Field Goal,Above the Break 3,Center(C),24+ ft.,24,67,235,1,0,20230520,DAL,ATL,2023,1022300006569,20290,validated,,0,matched,playbyplayv2,1611661330,203827|1630101|1630149|1631007|1631029,complete,playbyplay_inferred,204323|1628277|1630462|1631009|1631044,complete,playbyplay_inferred
Shot Chart Detail,1022300006,607,1630149,Satou Sabally,1611661321,Dallas Wings,4,3,33,Missed Shot,Layup Shot,2PT Field Goal,In The Paint (Non-RA),Center(C),Less Than 8 ft.,5,6,54,1,0,20230520,DAL,ATL,2023,1022300006607,21870,validated,,0,matched,playbyplayv2,1611661330,203827|1629481|1630101|1630149|1631007,complete,playbyplay_inferred,1628269|1628277|1630462|1631009|1631044,complete,playbyplay_inferred
Shot Chart Detail,1022300006,609,1630149,Satou Sabally,1611661321,Dallas Wings,4,3,30,Missed Shot,Putback Layup Shot,2PT Field Goal,Restricted Area,Center(C),Less Than 8 ft.,0,-5,5,1,0,20230520,DAL,ATL,2023,1022300006609,21900,validated,,0,matched,playbyplayv2,1611661330,203827|1629481|1630101|1630149|1631007,complete,playbyplay_inferred,1628269|1628277|1630462|1631009|1631044,complete,playbyplay_inferred
Shot Chart Detail,1022300015,18,1630149,Satou Sabally,1611661321,Dallas Wings,1,8,42,Missed Shot,Jump Shot,3PT Field Goal,Above the Break 3,Center(C),16-24 ft.,23,-63,222,1,0,20230526,SEA,DAL,2023,102230001518,780,validated,,0,matched,playbyplayv2,1611661328,203827|1629481|1630101|1630149|1631007,complete,playbyplay_inferred,203389|204319|1628915|1628920|1629496,complete,playbyplay_inferred
Shot Chart Detail,1022300015,30,1630149,Satou Sabally,1611661321,Dallas Wings,1,7,45,Made Shot,Turnaround Jump Shot,2PT Field Goal,In The Paint (Non-RA),Center(C),Less Than 8 ft.,7,-27,70,1,1,20230526,SEA,DAL,2023,102230001530,1350,validated,,0,matched,playbyplayv2,1611661328,203827|1629481|1630101|1630149|1631007,complete,playbyplay_inferred,203389|204319|1628915|1628920|1629496,complete,playbyplay_inferred
Shot Chart Detail,1022300015,82,1630149,Satou Sabally,1611661321,Dallas Wings,1,3,18,Made Shot,Layup Shot,2PT Field Goal,Restricted Area,Center(C),Less Than 8 ft.,3,36,13,1,1,20230526,SEA,DAL,2023,102230001582,4020,validated,,0,matched,playbyplayv2,1611661328,203827|1629481|1630101|1630149|1631029,complete,playbyplay_inferred,203389|204319|1628915|1629496|1641651,complete,playbyplay_inferred
Shot Chart Detail,1022300015,96,1630149,Satou Sabally,1611661321,Dallas Wings,1,2,18,Made Shot,Jump Shot,2PT Field Goal,Mid-Range,Left Side(L),16-24 ft.,20,-207,25,1,1,20230526,SEA,DAL,2023,102230001596,4620,validated,1631029,1,matched,playbyplayv2,1611661328,203827|1629481|1630101|1630149|1631029,complete,playbyplay_inferred,204319|1628920|1630097|1641602|1641651,complete,playbyplay_inferred
Shot Chart Detail,1022300015,136,1630149,Satou Sabally,1611661321,Dallas Wings,1,0,25,Missed Shot,Pullup Jump shot,2PT Field Goal,Mid-Range,Left Side(L),8-16 ft.,15,-118,105,1,0,20230526,SEA,DAL,2023,1022300015136,5750,validated,,0,matched,playbyplayv2,1611661328,1630101|1630149|1630386|1641652|1641653,complete,playbyplay_inferred,204319|1628244|1628920|1641602|1641651,complete,playbyplay_inferred
Shot Chart Detail,1022300015,186,1630149,Satou Sabally,1611661321,Dallas Wings,2,6,59,Missed Shot,Jump Shot,3PT Field Goal,Above the Break 3,Left Side Center(LC),24+ ft.,24,-157,184,1,0,20230526,SEA,DAL,2023,1022300015186,7810,validated,,0,matched,playbyplayv2,1611661328,203827|1629481|1630101|1630149|1631007,complete,playbyplay_inferred,203389|204319|1628915|1628920|1629496,complete,playbyplay_inferred
Shot Chart Detail,1022300015,218,1630149,Satou Sabally,1611661321,Dallas Wings,2,3,52,Made Shot,Layup Shot,2PT Field Goal,Restricted Area,Center(C),Less Than 8 ft.,2,22,17,1,1,20230526,SEA,DAL,2023,1022300015218,9680,validated,1629481,1,matched,playbyplayv2,1611661328,203827|1629481|1630101|1630149|1631007,complete,playbyplay_inferred,203389|204319|1628915|1628920|1629496,complete,playbyplay_inferred
Shot Chart Detail,1022300015,226,1630149,Satou Sabally,1611661321,Dallas Wings,2,3,16,Made Shot,Pullup Jump shot,3PT Field Goal,Above the Break 3,Right Side Center(RC),24+ ft.,24,123,207,1,1,20230526,SEA,DAL,2023,1022300015226,10040,validated,203827,1,matched,playbyplayv2,1611661328,203827|1629481|1630101|1630149|1631007,complete,playbyplay_inferred,203389|204319|1628915|1628920|1629496,complete,playbyplay_inferred
Shot Chart Detail,1022300015,238,1630149,Satou Sabally,1611661321,Dallas Wings,2,2,27,Missed Shot,Driving Floating Jump Shot,2PT Field Goal,In The Paint (Non-RA),Center(C),8-16 ft.,8,10,82,1,0,20230526,SEA,DAL,2023,1022300015238,10530,validated,,0,matched,playbyplayv2,1611661328,203827|1629481|1630101|1630149|1631007,complete,playbyplay_inferred,203389|204319|1628915|1629496|1641651,complete,playbyplay_inferred
Shot Chart Detail,1022300015,287,1630149,Satou Sabally,1611661321,Dallas Wings,3,8,21,Missed Shot,Jump Shot,3PT Field Goal,Above the Break 3,Right Side Center(RC),24+ ft.,24,170,172,1,0,20230526,SEA,DAL,2023,1022300015287,12990,validated,,0,matched,playbyplayv2,1611661328,203827|1629481|1630101|1630149|1631007,complete,playbyplay_inferred,203389|204319|1628915|1628920|1629496,complete,playbyplay_inferred
Shot Chart Detail,1022300015,413,1630149,Satou Sabally,1611661321,Dallas Wings,4,9,21,Missed Shot,Driving Floating Jump Shot,2PT Field Goal,In The Paint (Non-RA),Center(C),Less Than 8 ft.,6,-10,60,1,0,20230526,SEA,DAL,2023,1022300015413,18390,validated,,0,matched,playbyplayv2,1611661328,203827|1629481|1630101|1630149|1631007,complete,playbyplay_inferred,204319|1628244|1629496|1630097|1630441,complete,playbyplay_inferred
Shot Chart Detail,1022300015,415,1630149,Satou Sabally,1611661321,Dallas Wings,4,9,18,Missed Shot,Putback Layup Shot,2PT Field Goal,Restricted Area,Center(C),Less Than 8 ft.,3,-22,25,1,0,20230526,SEA,DAL,2023,1022300015415,18420,validated,,0,matched,playbyplayv2,1611661328,203827|1629481|1630101|1630149|1631007,complete,playbyplay_inferred,204319|1628244|1629496|1630097|1630441,complete,playbyplay_inferred
Shot Chart Detail,1022300015,452,1630149,Satou Sabally,1611661321,Dallas Wings,4,6,25,Missed Shot,Jump Shot,3PT Field Goal,Above the Break 3,Center(C),24+ ft.,24,-72,237,1,0,20230526,SEA,DAL,2023,1022300015452,20150,validated,,0,matched,playbyplayv2,1611661328,203827|1629481|1630101|1630149|1631007,complete,playbyplay_inferred,1628244|1628915|1629496|1630097|1630441,complete,playbyplay_inferred
Shot Chart Detail,1022300015,526,1630149,Satou Sabally,1611661321,Dallas Wings,4,0,4,Made Shot,Putback Layup Shot,2PT Field Goal,Restricted Area,Center(C),Less Than 8 ft.,2,15,25,1,1,20230526,SEA,DAL,2023,1022300015526,23960,validated,,0,matched,playbyplayv2,1611661328,203827|1629481|1630101|1630149|1631007,complete,playbyplay_inferred,204319|1628244|1628915|1629496|1630097,complete,playbyplay_inferred
Shot Chart Detail,1022300019,15,1630149,Satou Sabally,1611661321,Dallas Wings,1,9,1,Made Shot,Putback Layup Shot,2PT Field Goal,Restricted Area,Center(C),Less Than 8 ft.,0,0,-6,1,1,20230528,CHI,DAL,2023,102230001915,590,validated,,0,matched,playbyplayv2,1611661329,203827|1629481|1630101|1630149|1631007,complete,playbyplay_inferred,204322|1627674|1627675|1629497|1629501,complete,playbyplay_inferred
Shot Chart Detail,1022300019,49,1630149,Satou Sabally,1611661321,Dallas Wings,1,6,20,Made Shot,Driving Finger Roll Layup Shot,2PT Field Goal,In The Paint (Non-RA),Center(C),Less Than 8 ft.,5,-11,54,1,1,20230528,CHI,DAL,2023,102230001949,2200,validated,,0,matched,playbyplayv2,1611661329,203827|1629481|1630101|1630149|1631007,complete,playbyplay_inferred,204322|1627674|1627675|1629497|1629501,complete,playbyplay_inferred
Shot Chart Detail,1022300019,55,1630149,Satou Sabally,1611661321,Dallas Wings,1,5,31,Missed Shot,Step Back Jump shot,2PT Field Goal,Mid-Range,Right Side Center(RC),16-24 ft.,21,86,195,1,0,20230528,CHI,DAL,2023,102230001955,2690,validated,,0,matched,playbyplayv2,1611661329,203827|1629481|1630101|1630149|1631007,complete,playbyplay_inferred,204322|1627674|1627675|1629497|1629501,complete,playbyplay_inferred
Shot Chart Detail,1022300019,202,1630149,Satou Sabally,1611661321,Dallas Wings,2,4,38,Made Shot,Layup Shot,2PT Field Goal,Restricted Area,Center(C),Less Than 8 ft.,1,-3,12,1,1,20230528,CHI,DAL,2023,1022300019202,9220,validated,,0,matched,playbyplayv2,1611661329,203827|1629481|1630101|1630149|1631007,complete,playbyplay_inferred,204322|1627674|1627675|1629497|1631021,complete,playbyplay_inferred
Shot Chart Detail,1022300019,225,1630149,Satou Sabally,1611661321,Dallas Wings,2,3,33,Missed Shot,Driving Finger Roll Layup Shot,2PT Field Goal,Mid-Range,Left Side(L),8-16 ft.,14,-105,94,1,0,20230528,CHI,DAL,2023,1022300019225,9870,validated,,0,matched,playbyplayv2,1611661329,203827|1629481|1630101|1630149|1631007,complete,playbyplay_inferred,204322|1627674|1629497|1629501|1630389,complete,playbyplay_inferred
Shot Chart Detail,1022300019,299,1630149,Satou Sabally,1611661321,Dallas Wings,3,9,14,Made Shot,Jump Shot,3PT Field Goal,Above the Break 3,Center(C),16-24 ft.,23,-17,231,1,1,20230528,CHI,DAL,2023,1022300019299,12460,validated,1629481,1,matched,playbyplayv2,1611661329,203827|1629481|1630101|1630149|1631007,complete,playbyplay_inferred,204322|1627674|1627675|1629497|1629501,complete,playbyplay_inferred
Shot Chart Detail,1022300019,305,1630149,Satou Sabally,1611661321,Dallas Wings,3,8,50,Made Shot,Driving Layup Shot,2PT Field Goal,Restricted Area,Center(C),Less Than 8 ft.,1,3,10,1,1,20230528,CHI,DAL,2023,1022300019305,12700,validated,1631007,1,matched,playbyplayv2,1611661329,203827|1629481|1630101|1630149|1631007,complete,playbyplay_inferred,204322|1627674|1627675|1629497|1629501,complete,playbyplay_inferred
Shot Chart Detail,1022300019,309,1630149,Satou Sabally,1611661321,Dallas Wings,3,8,29,Made Shot,Layup Shot,2PT Field Goal,Restricted Area,Center(C),Less Than 8 ft.,0,1,4,1,1,20230528,CHI,DAL,2023,1022300019309,12910,validated,1629481,1,matched,playbyplayv2,1611661329,203827|1629481|1630101|1630149|1631007,complete,playbyplay_inferred,204322|1627674|1627675|1629497|1629501,complete,playbyplay_inferred
Shot Chart Detail,1022300019,319,1630149,Satou Sabally,1611661321,Dallas Wings,3,7,24,Missed Shot,Pullup Jump shot,3PT Field Goal,Above the Break 3,Left Side Center(LC),24+ ft.,23,-163,173,1,0,20230528,CHI,DAL,2023,1022300019319,13560,validated,,0,matched,playbyplayv2,1611661329,203827|1629481|1630101|1630149|1631007,complete,playbyplay_inferred,204322|1627674|1627675|1629497|1629501,complete,playbyplay_inferred
Shot Chart Detail,1022300019,339,1630149,Satou Sabally,1611661321,Dallas Wings,3,5,57,Made Shot,Driving Finger Roll Layup Shot,2PT Field Goal,Restricted Area,Center(C),Less Than 8 ft.,0,-6,2,1,1,20230528,CHI,DAL,2023,1022300019339,14430,validated,,0,matched,playbyplayv2,1611661329,203827|1629481|1630101|1630149|1631007,complete,playbyplay_inferred,204322|1627674|1627675|1629497|1631021,complete,playbyplay_inferred
Shot Chart Detail,1022300019,361,1630149,Satou Sabally,1611661321,Dallas Wings,3,4,17,Made Shot,Putback Layup Shot,2PT Field Goal,Restricted Area,Center(C),Less Than 8 ft.,0,0,-6,1,1,20230528,CHI,DAL,2023,1022300019361,15430,validated,,0,matched,playbyplayv2,1611661329,1629481|1630101|1630149|1630386|1631007,complete,playbyplay_inferred,204322|1627674|1627675|1629497|1631021,complete,playbyplay_inferred
Shot Chart Detail,1022300019,380,1630149,Satou Sabally,1611661321,Dallas Wings,3,2,52,Missed Shot,Running Finger Roll Layup Shot,2PT Field Goal,Restricted Area,Center(C),Less Than 8 ft.,1,7,18,1,0,20230528,CHI,DAL,2023,1022300019380,16280,validated,,0,matched,playbyplayv2,1611661329,1629481|1630101|1630149|1630386|1631007,complete,playbyplay_inferred,1627674|1629497|1629501|1630389|1631021,complete,playbyplay_inferred
Shot Chart Detail,1022300019,475,1630149,Satou Sabally,1611661321,Dallas Wings,4,7,4,Missed Shot,Driving Layup Shot,2PT Field Goal,Restricted Area,Center(C),Less Than 8 ft.,2,-17,12,1,0,20230528,CHI,DAL,2023,1022300019475,19760,validated,,0,matched,playbyplayv2,1611661329,1629481|1630101|1630149|1631007|1641652,complete,playbyplay_inferred,1627674|1627675|1629501|1630389|1631021,complete,playbyplay_inferred
Shot Chart Detail,1022300019,479,1630149,Satou Sabally,1611661321,Dallas Wings,4,6,57,Missed Shot,Layup Shot,2PT Field Goal,Restricted Area,Center(C),Less Than 8 ft.,2,-2,29,1,0,20230528,CHI,DAL,2023,1022300019479,19830,validated,,0,matched,playbyplayv2,1611661329,1629481|1630101|1630149|1631007|1641652,complete,playbyplay_inferred,1627674|1627675|1629501|1630389|1631021,complete,playbyplay_inferred
Shot Chart Detail,1022300019,502,1630149,Satou Sabally,1611661321,Dallas Wings,4,5,11,Missed Shot,Jump Shot,2PT Field Goal,Restricted Area,Center(C),Less Than 8 ft.,3,3,31,1,0,20230528,CHI,DAL,2023,1022300019502,20890,validated,,0,matched,playbyplayv2,1611661329,203827|1629481|1630101|1630149|1641652,complete,playbyplay_inferred,1627674|1627675|1629501|1630389|1631021,complete,playbyplay_inferred
Shot Chart Detail,1022300019,563,1630149,Satou Sabally,1611661321,Dallas Wings,4,0,59,Made Shot,Driving Layup Shot,2PT Field Goal,Restricted Area,Center(C),Less Than 8 ft.,1,11,5,1,1,20230528,CHI,DAL,2023,1022300019563,23410,validated,,0,matched,playbyplayv2,1611661329,203827|1629481|1630101|1630149|1631007,complete,playbyplay_inferred,204322|1627674|1627675|1629497|1629501,complete,playbyplay_inferred
Shot Chart Detail,1022300023,19,1630149,Satou Sabally,1611661321,Dallas Wings,1,8,57,Missed Shot,Cutting Layup Shot,2PT Field Goal,Restricted Area,Center(C),Less Than 8 ft.,3,-32,11,1,0,20230530,DAL,MIN,2023,102230002319,630,validated,,0,matched,playbyplayv2,1611661324,203827|1629481|1630101|1630149|1631007,complete,playbyplay_inferred,203825|1627676|1629483|1629491|1641649,complete,playbyplay_inferred
Shot Chart Detail,1022300023,49,1630149,Satou Sabally,1611661321,Dallas Wings,1,6,2,Missed Shot,Cutting Layup Shot,2PT Field Goal,In The Paint (Non-RA),Center(C),Less Than 8 ft.,5,28,53,1,0,20230530,DAL,MIN,2023,102230002349,2380,validated,,0,matched,playbyplayv2,1611661324,203827|1629481|1630101|1630149|1631007,complete,playbyplay_inferred,203825|1627676|1629483|1629491|1641649,complete,playbyplay_inferred
Shot Chart Detail,1022300023,62,1630149,Satou Sabally,1611661321,Dallas Wings,1,5,4,Missed Shot,Jump Shot,3PT Field Goal,Above the Break 3,Left Side(L),16-24 ft.,23,-212,92,1,0,20230530,DAL,MIN,2023,102230002362,2960,validated,,0,matched,playbyplayv2,1611661324,1629480|1629481|1630149|1631007|1631029,complete,playbyplay_inferred,203825|1627676|1629483|1629491|1641649,complete,playbyplay_inferred
Shot Chart Detail,1022300023,76,1630149,Satou Sabally,1611661321,Dallas Wings,1,4,7,Made Shot,Jump Shot,3PT Field Goal,Above the Break 3,Left Side Center(LC),24+ ft.,24,-134,200,1,1,20230530,DAL,MIN,2023,102230002376,3530,validated,1631007,1,matched,playbyplayv2,1611661324,1629480|1629481|1630149|1631007|1631029,complete,playbyplay_inferred,203825|1627676|1629483|1629491|1641649,complete,playbyplay_inferred
Shot Chart Detail,1022300023,101,1630149,Satou Sabally,1611661321,Dallas Wings,1,2,42,Made Shot,Pullup Jump shot,3PT Field Goal,Above the Break 3,Right Side Center(RC),24+ ft.,23,172,166,1,1,20230530,DAL,MIN,2023,1022300023101,4380,validated,1630101,1,matched,playbyplayv2,1611661324,1629480|1630101|1630149|1630386|1631029,complete,playbyplay_inferred,203825|1627676|1629483|1629491|1631263,complete,playbyplay_inferred
Shot Chart Detail,1022300023,105,1630149,Satou Sabally,1611661321,Dallas Wings,1,2,12,Made Shot,Driving Finger Roll Layup Shot,2PT Field Goal,In The Paint (Non-RA),Center(C),Less Than 8 ft.,6,4,69,1,1,20230530,DAL,MIN,2023,1022300023105,4680,validated,,0,matched,playbyplayv2,1611661324,1629480|1630101|1630149|1630386|1631029,complete,playbyplay_inferred,203825|1627676|1629483|1629491|1631263,complete,playbyplay_inferred
Shot Chart Detail,1022300023,122,1630149,Satou Sabally,1611661321,Dallas Wings,1,1,9,Made Shot,Jump Shot,3PT Field Goal,Above the Break 3,Left Side(L),24+ ft.,22,-221,49,1,1,20230530,DAL,MIN,2023,1022300023122,5310,validated,1629481,1,matched,playbyplayv2,1611661324,1629480|1629481|1630149|1630386|1631029,complete,playbyplay_inferred,1627671|1627672|1627676|1629491|1631263,complete,playbyplay_inferred
Shot Chart Detail,1022300023,183,1630149,Satou Sabally,1611661321,Dallas Wings,2,7,5,Missed Shot,Layup Shot,2PT Field Goal,Restricted Area,Center(C),Less Than 8 ft.,3,-29,27,1,0,20230530,DAL,MIN,2023,1022300023183,7750,validated,,0,matched,playbyplayv2,1611661324,203827|1629480|1629481|1630101|1630149,complete,playbyplay_inferred,203825|1627676|1629483|1629491|1641649,complete,playbyplay_inferred
Shot Chart Detail,1022300023,202,1630149,Satou Sabally,1611661321,Dallas Wings,2,5,45,Made Shot,Jump Shot,2PT Field Goal,Mid-Range,Right Side(R),8-16 ft.,13,132,33,1,1,20230530,DAL,MIN,2023,1022300023202,8550,validated,1629481,1,matched,playbyplayv2,1611661324,203827|1629481|1630149|1630386|1631007,complete,playbyplay_inferred,203825|1627676|1629483|1629491|1641649,complete,playbyplay_inferred
Shot Chart Detail,1022300023,208,1630149,Satou Sabally,1611661321,Dallas Wings,2,4,55,Missed Shot,Jump Shot,3PT Field Goal,Above the Break 3,Center(C),24+ ft.,27,49,269,1,0,20230530,DAL,MIN,2023,1022300023208,9050,validated,,0,matched,playbyplayv2,1611661324,203827|1629481|1630149|1630386|1631007,complete,playbyplay_inferred,203825|1627676|1629483|1629491|1641649,complete,playbyplay_inferred
Shot Chart Detail,1022300023,275,1630149,Satou Sabally,1611661321,Dallas Wings,2,1,12,Missed Shot,Jump Shot,3PT Field Goal,Above the Break 3,Right Side Center(RC),24+ ft.,24,163,182,1,0,20230530,DAL,MIN,2023,1022300023275,11280,validated,,0,matched,playbyplayv2,1611661324,203827|1629480|1629481|1630149|1631007,complete,playbyplay_inferred,203825|1627676|1629483|1629491|1641657,complete,playbyplay_inferred
Shot Chart Detail,1022300023,296,1630149,Satou Sabally,1611661321,Dallas Wings,3,9,42,Missed Shot,Jump Shot,2PT Field Goal,Mid-Range,Center(C),16-24 ft.,20,-44,196,1,0,20230530,DAL,MIN,2023,1022300023296,12180,validated,,0,matched,playbyplayv2,1611661324,203827|1629481|1630101|1630149|1631007,complete,playbyplay_inferred,203825|1627672|1627676|1629483|1629491,complete,playbyplay_inferred
Shot Chart Detail,1022300023,324,1630149,Satou Sabally,1611661321,Dallas Wings,3,6,40,Made Shot,Floating Jump shot,2PT Field Goal,In The Paint (Non-RA),Center(C),Less Than 8 ft.,4,38,31,1,1,20230530,DAL,MIN,2023,1022300023324,14000,validated,1631007,1,matched,playbyplayv2,1611661324,203827|1629481|1630101|1630149|1631007,complete,playbyplay_inferred,203825|1627672|1627676|1629483|1629491,complete,playbyplay_inferred
Shot Chart Detail,1022300023,345,1630149,Satou Sabally,1611661321,Dallas Wings,3,5,14,Missed Shot,Jump Shot,3PT Field Goal,Above the Break 3,Left Side Center(LC),24+ ft.,24,-93,224,1,0,20230530,DAL,MIN,2023,1022300023345,14860,validated,,0,matched,playbyplayv2,1611661324,203827|1629481|1630101|1630149|1631007,complete,playbyplay_inferred,203825|1627672|1627676|1629483|1629491,complete,playbyplay_inferred
Shot Chart Detail,1022300023,407,1630149,Satou Sabally,1611661321,Dallas Wings,3,0,30,Missed Shot,Driving Layup Shot,2PT Field Goal,In The Paint (Non-RA),Center(C),Less Than 8 ft.,5,35,46,1,0,20230530,DAL,MIN,2023,1022300023407,17700,validated,,0,matched,playbyplayv2,1611661324,1629480|1630149|1630386|1631007|1631029,complete,playbyplay_inferred,203825|1627672|1627676|1629491|1641657,complete,playbyplay_inferred
Shot Chart Detail,1022300023,437,1630149,Satou Sabally,1611661321,Dallas Wings,4,8,26,Made Shot,Driving Layup Shot,2PT Field Goal,In The Paint (Non-RA),Center(C),Less Than 8 ft.,6,-23,60,1,1,20230530,DAL,MIN,2023,1022300023437,18940,validated,1629481,1,matched,playbyplayv2,1611661324,203827|1629480|1629481|1630101|1630149,complete,playbyplay_inferred,203825|1627671|1627672|1629491|1641657,complete,playbyplay_inferred
Shot Chart Detail,1022300026,18,1630149,Satou Sabally,1611661321,Dallas Wings,1,8,42,Made Shot,Driving Layup Shot,2PT Field Goal,Restricted Area,Center(C),Less Than 8 ft.,3,39,6,1,1,20230602,WAS,DAL,2023,102230002618,780,validated,,0,matched,playbyplayv2,1611661322,203827|1629481|1630101|1630149|1631007,complete,playbyplay_inferred,203399|204333|1628279|1628878|1631022,complete,playbyplay_inferred
Shot Chart Detail,1022300026,34,1630149,Satou Sabally,1611661321,Dallas Wings,1,6,41,Missed Shot,Jump Shot,3PT Field Goal,Above the Break 3,Center(C),24+ ft.,25,54,248,1,0,20230602,WAS,DAL,2023,102230002634,1990,validated,,0,matched,playbyplayv2,1611661322,203827|1629481|1630101|1630149|1631007,complete,playbyplay_inferred,203399|204333|1628279|1628878|1631022,complete,playbyplay_inferred
Shot Chart Detail,1022300026,47,1630149,Satou Sabally,1611661321,Dallas Wings,1,5,27,Missed Shot,Driving Layup Shot,2PT Field Goal,Mid-Range,Left Side(L),8-16 ft.,8,-81,38,1,0,20230602,WAS,DAL,2023,102230002647,2730,validated,,0,matched,playbyplayv2,1611661322,203827|1629481|1630101|1630149|1631007,complete,playbyplay_inferred,203399|204333|1628279|1628878|1631022,complete,playbyplay_inferred
Shot Chart Detail,1022300026,99,1630149,Satou Sabally,1611661321,Dallas Wings,1,2,21,Missed Shot,Jump Shot,3PT Field Goal,Above the Break 3,Left Side Center(LC),24+ ft.,27,-123,246,1,0,20230602,WAS,DAL,2023,102230002699,4590,validated,,0,matched,playbyplayv2,1611661322,1629480|1629481|1630101|1630149|1631007,complete,playbyplay_inferred,201911|203403|204320|204333|1628278,complete,playbyplay_inferred
Shot Chart Detail,1022300026,101,1630149,Satou Sabally,1611661321,Dallas Wings,1,2,8,Missed Shot,Floating Jump shot,2PT Field Goal,In The Paint (Non-RA),Center(C),Less Than 8 ft.,4,0,49,1,0,20230602,WAS,DAL,2023,1022300026101,4720,validated,,0,matched,playbyplayv2,1611661322,1629480|1629481|1630101|1630149|1631007,complete,playbyplay_inferred,201911|203403|204320|204333|1628278,complete,playbyplay_inferred
Shot Chart Detail,1022300026,131,1630149,Satou Sabally,1611661321,Dallas Wings,1,0,30,Missed Shot,Jump Shot,3PT Field Goal,Above the Break 3,Left Side Center(LC),24+ ft.,27,-128,248,1,0,20230602,WAS,DAL,2023,1022300026131,5700,validated,,0,matched,playbyplayv2,1611661322,1629481|1630101|1630149|1630386|1631029,complete,playbyplay_inferred,201911|203399|203403|1628278|1628279,complete,playbyplay_inferred
Shot Chart Detail,1022300026,144,1630149,Satou Sabally,1611661321,Dallas Wings,2,9,26,Made Shot,Driving Layup Shot,2PT Field Goal,Restricted Area,Center(C),Less Than 8 ft.,2,24,13,1,1,20230602,WAS,DAL,2023,1022300026144,6340,validated,1629481,1,matched,playbyplayv2,1611661322,1629481|1630149|1630386|1631007|1631029,complete,playbyplay_inferred,201911|203399|203403|1628278|1628279,complete,playbyplay_inferred
Shot Chart Detail,1022300026,199,1630149,Satou Sabally,1611661321,Dallas Wings,2,6,7,Missed Shot,Layup Shot,2PT Field Goal,Restricted Area,Center(C),Less Than 8 ft.,3,33,4,1,0,20230602,WAS,DAL,2023,1022300026199,8330,validated,,0,matched,playbyplayv2,1611661322,203827|1630101|1630149|1631007|1631029,complete,playbyplay_inferred,203399|1628279|1628878|1631022|1641642,complete,playbyplay_inferred
Shot Chart Detail,1022300026,216,1630149,Satou Sabally,1611661321,Dallas Wings,2,5,22,Missed Shot,Jump Shot,3PT Field Goal,Above the Break 3,Right Side Center(RC),24+ ft.,24,116,213,1,0,20230602,WAS,DAL,2023,1022300026216,8780,validated,,0,matched,playbyplayv2,1611661322,1629480|1629481|1630101|1630149|1631007,complete,playbyplay_inferred,203399|204333|1628878|1631022|1641642,complete,playbyplay_inferred
Shot Chart Detail,1022300026,224,1630149,Satou Sabally,1611661321,Dallas Wings,2,4,20,Missed Shot,Jump Shot,3PT Field Goal,Above the Break 3,Center(C),24+ ft.,24,67,231,1,0,20230602,WAS,DAL,2023,1022300026224,9400,validated,,0,matched,playbyplayv2,1611661322,1629480|1629481|1630101|1630149|1631007,complete,playbyplay_inferred,203399|204333|1628878|1631022|1641642,complete,playbyplay_inferred
Shot Chart Detail,1022300026,241,1630149,Satou Sabally,1611661321,Dallas Wings,2,3,20,Missed Shot,Driving Finger Roll Layup Shot,2PT Field Goal,In The Paint (Non-RA),Center(C),Less Than 8 ft.,6,-46,43,1,0,20230602,WAS,DAL,2023,1022300026241,10000,validated,,0,matched,playbyplayv2,1611661322,1629480|1629481|1630101|1630149|1631007,complete,playbyplay_inferred,203403|204333|1628878|1631022|1641642,complete,playbyplay_inferred
Shot Chart Detail,1022300026,268,1630149,Satou Sabally,1611661321,Dallas Wings,2,1,28,Made Shot,Pullup Jump shot,2PT Field Goal,Mid-Range,Center(C),16-24 ft.,21,45,207,1,1,20230602,WAS,DAL,2023,1022300026268,11120,validated,,0,matched,playbyplayv2,1611661322,1629480|1629481|1630101|1630149|1631007,complete,playbyplay_inferred,203403|204333|1628279|1631022|1641642,complete,playbyplay_inferred
Shot Chart Detail,1022300026,324,1630149,Satou Sabally,1611661321,Dallas Wings,3,7,31,Made Shot,Driving Layup Shot,2PT Field Goal,In The Paint (Non-RA),Center(C),Less Than 8 ft.,4,-1,42,1,1,20230602,WAS,DAL,2023,1022300026324,13490,validated,1631007,1,matched,playbyplayv2,1611661322,203827|1629481|1630101|1630149|1631007,complete,playbyplay_inferred,203399|204333|1628279|1628878|1631022,complete,playbyplay_inferred
Shot Chart Detail,1022300026,417,1630149,Satou Sabally,1611661321,Dallas Wings,3,0,1,Made Shot,Jump Shot,3PT Field Goal,Above the Break 3,Left Side Center(LC),24+ ft.,23,-125,204,1,1,20230602,WAS,DAL,2023,1022300026417,17990,validated,1629481,1,matched,playbyplayv2,1611661322,203827|1629481|1630149|1631029|1641652,complete,playbyplay_inferred,201911|203403|1628278|1628279|1631022,complete,playbyplay_inferred
Shot Chart Detail,1022300026,421,1630149,Satou Sabally,1611661321,Dallas Wings,4,9,45,Made Shot,Jump Shot,3PT Field Goal,Above the Break 3,Left Side Center(LC),24+ ft.,24,-85,226,1,1,20230602,WAS,DAL,2023,1022300026421,18150,validated,1629481,1,matched,playbyplayv2,1611661322,203827|1629481|1630149|1631029|1641652,complete,playbyplay_inferred,201911|203403|1628278|1628279|1631022,complete,playbyplay_inferred
Shot Chart Detail,1022300026,486,1630149,Satou Sabally,1611661321,Dallas Wings,4,5,7,Missed Shot,Jump Shot,3PT Field Goal,Right Corner 3,Right Side(R),24+ ft.,23,230,18,1,0,20230602,WAS,DAL,2023,1022300026486,20930,validated,,0,matched,playbyplayv2,1611661322,203827|1629480|1629481|1630149|1631007,complete,playbyplay_inferred,203399|204333|1628279|1628878|1631022,complete,playbyplay_inferred
Shot Chart Detail,1022300026,588,1630149,Satou Sabally,1611661321,Dallas Wings,4,0,8,Missed Shot,Jump Shot,3PT Field Goal,Left Corner 3,Left Side(L),24+ ft.,23,-232,-25,1,0,20230602,WAS,DAL,2023,1022300026588,23920,validated,,0,matched,playbyplayv2,1611661322,203827|1629481|1630149|1631007|1641652,complete,playbyplay_inferred,201911|203399|204333|1628279|1628878,complete,playbyplay_inferred
Shot Chart Detail,1022300026,596,1630149,Satou Sabally,1611661321,Dallas Wings,4,0,1,Made Shot,Jump Shot,3PT Field Goal,Above the Break 3,Left Side Center(LC),24+ ft.,27,-163,216,1,1,20230602,WAS,DAL,2023,1022300026596,23990,validated,1629481,1,matched,playbyplayv2,1611661322,203827|1629481|1630149|1631007|1641652,complete,playbyplay_inferred,203399|204333|1628278|1628279|1628878,complete,playbyplay_inferred
Shot Chart Detail,1022300032,7,1630149,Satou Sabally,1611661321,Dallas Wings,1,9,44,Missed Shot,Jump Shot,3PT Field Goal,Above the Break 3,Right Side Center(RC),24+ ft.,26,134,230,1,0,20230604,CON,DAL,2023,10223000327,160,validated,,0,matched,playbyplayv2,1611661323,203827|1629481|1630101|1630149|1631007,complete,playbyplay_inferred,201886|203026|203826|1628280|1629567,complete,playbyplay_inferred
Shot Chart Detail,1022300032,93,1630149,Satou Sabally,1611661321,Dallas Wings,1,1,44,Missed Shot,Driving Layup Shot,2PT Field Goal,In The Paint (Non-RA),Center(C),Less Than 8 ft.,4,31,36,1,0,20230604,CON,DAL,2023,102230003293,4960,validated,,0,matched,playbyplayv2,1611661323,203827|1629481|1630101|1630149|1631007,complete,playbyplay_inferred,201886|203026|203826|1628280|1629567,complete,playbyplay_inferred
Shot Chart Detail,1022300032,120,1630149,Satou Sabally,1611661321,Dallas Wings,1,0,0,Made Shot,Putback Layup Shot,2PT Field Goal,Restricted Area,Center(C),Less Than 8 ft.,1,6,14,1,1,20230604,CON,DAL,2023,1022300032120,6000,validated,,0,matched,playbyplayv2,1611661323,203827|1629481|1630149|1631007|1631029,complete,playbyplay_inferred,201886|203026|203826|1628280|1629567,complete,playbyplay_inferred
Shot Chart Detail,1022300032,153,1630149,Satou Sabally,1611661321,Dallas Wings,2,7,55,Missed Shot,Pullup Jump shot,3PT Field Goal,Above the Break 3,Center(C),24+ ft.,24,67,233,1,0,20230604,CON,DAL,2023,1022300032153,7250,validated,,0,matched,playbyplayv2,1611661323,203827|1629481|1630149|1631007|1631029,complete,playbyplay_inferred,203826|204296|1628280|1630096|1630112,complete,playbyplay_inferred
Shot Chart Detail,1022300032,187,1630149,Satou Sabally,1611661321,Dallas Wings,2,5,41,Missed Shot,Jump Shot,2PT Field Goal,Mid-Range,Right Side(R),8-16 ft.,12,127,17,1,0,20230604,CON,DAL,2023,1022300032187,8590,validated,,0,matched,playbyplayv2,1611661323,1629481|1630101|1630149|1630386|1641652,complete,playbyplay_inferred,204296|1628280|1630096|1630112|1631135,complete,playbyplay_inferred
Shot Chart Detail,1022300032,189,1630149,Satou Sabally,1611661321,Dallas Wings,2,5,38,Made Shot,Putback Layup Shot,2PT Field Goal,Restricted Area,Center(C),Less Than 8 ft.,3,29,9,1,1,20230604,CON,DAL,2023,1022300032189,8620,validated,,0,matched,playbyplayv2,1611661323,1629481|1630101|1630149|1630386|1641652,complete,playbyplay_inferred,204296|1628280|1630096|1630112|1631135,complete,playbyplay_inferred
Shot Chart Detail,1022300032,192,1630149,Satou Sabally,1611661321,Dallas Wings,2,5,12,Missed Shot,Jump Shot,2PT Field Goal,In The Paint (Non-RA),Right Side(R),8-16 ft.,11,68,98,1,0,20230604,CON,DAL,2023,1022300032192,8880,validated,,0,matched,playbyplayv2,1611661323,1629481|1630101|1630149|1630386|1641652,complete,playbyplay_inferred,204296|1628280|1630096|1630112|1631135,complete,playbyplay_inferred
Shot Chart Detail,1022300032,217,1630149,Satou Sabally,1611661321,Dallas Wings,2,4,11,Missed Shot,Jump Shot,3PT Field Goal,Above the Break 3,Left Side Center(LC),24+ ft.,24,-97,230,1,0,20230604,CON,DAL,2023,1022300032217,9490,validated,,0,matched,playbyplayv2,1611661323,1630101|1630149|1630386|1631007|1641652,complete,playbyplay_inferred,201886|203026|203826|1628280|1630096,complete,playbyplay_inferred
Shot Chart Detail,1022300032,299,1630149,Satou Sabally,1611661321,Dallas Wings,3,6,50,Made Shot,Driving Finger Roll Layup Shot,2PT Field Goal,Restricted Area,Center(C),Less Than 8 ft.,2,-21,12,1,1,20230604,CON,DAL,2023,1022300032299,13900,validated,,0,matched,playbyplayv2,1611661323,203827|1629481|1630101|1630149|1631007,complete,playbyplay_inferred,201886|203026|203826|1628280|1629567,complete,playbyplay_inferred
Shot Chart Detail,1022300032,320,1630149,Satou Sabally,1611661321,Dallas Wings,3,4,53,Made Shot,Turnaround Hook Shot,2PT Field Goal,Mid-Range,Right Side(R),8-16 ft.,9,95,12,1,1,20230604,CON,DAL,2023,1022300032320,15070,validated,,0,matched,playbyplayv2,1611661323,203827|1629481|1630101|1630149|1631007,complete,playbyplay_inferred,201886|203026|203826|1628280|1629567,complete,playbyplay_inferred
Shot Chart Detail,1022300032,324,1630149,Satou Sabally,1611661321,Dallas Wings,3,4,29,Made Shot,Jump Shot,3PT Field Goal,Above the Break 3,Right Side Center(RC),24+ ft.,24,106,221,1,1,20230604,CON,DAL,2023,1022300032324,15310,validated,1631007,1,matched,playbyplayv2,1611661323,203827|1629481|1630101|1630149|1631007,complete,playbyplay_inferred,201886|203026|203826|1628280|1629567,complete,playbyplay_inferred
Shot Chart Detail,1022300032,384,1630149,Satou Sabally,1611661321,Dallas Wings,4,9,46,Made Shot,Jump Shot,3PT Field Goal,Above the Break 3,Center(C),24+ ft.,25,54,250,1,1,20230604,CON,DAL,2023,1022300032384,18140,validated,1629481,1,matched,playbyplayv2,1611661323,1629481|1630149|1630386|1631007|1641652,complete,playbyplay_inferred,204296|1628280|1629567|1630096|1631135,complete,playbyplay_inferred
Shot Chart Detail,1022300032,419,1630149,Satou Sabally,1611661321,Dallas Wings,4,7,27,Missed Shot,Layup Shot,2PT Field Goal,Restricted Area,Center(C),Less Than 8 ft.,3,30,7,1,0,20230604,CON,DAL,2023,1022300032419,19530,validated,,0,matched,playbyplayv2,1611661323,1629480|1629481|1630149|1630386|1631007,complete,playbyplay_inferred,203826|204296|1629567|1630096|1631135,complete,playbyplay_inferred
Shot Chart Detail,1022300032,491,1630149,Satou Sabally,1611661321,Dallas Wings,4,2,17,Made Shot,Pullup Jump shot,2PT Field Goal,Mid-Range,Center(C),16-24 ft.,18,-5,184,1,1,20230604,CON,DAL,2023,1022300032491,22630,validated,203827,1,matched,playbyplayv2,1611661323,203827|1629481|1630149|1630386|1631007,complete,playbyplay_inferred,201886|203026|203826|1628280|1629567,complete,playbyplay_inferred
Shot Chart Detail,1022300032,510,1630149,Satou Sabally,1611661321,Dallas Wings,4,0,48,Missed Shot,Putback Layup Shot,2PT Field Goal,Restricted Area,Center(C),Less Than 8 ft.,1,-9,13,1,0,20230604,CON,DAL,2023,1022300032510,23520,validated,,0,matched,playbyplayv2,1611661323,203827|1629481|1630149|1630386|1631007,complete,playbyplay_inferred,201886|203026|203826|1628280|1629567,complete,playbyplay_inferred
Shot Chart Detail,1022300032,537,1630149,Satou Sabally,1611661321,Dallas Wings,4,0,9,Made Shot,Driving Finger Roll Layup Shot,2PT Field Goal,In The Paint (Non-RA),Center(C),Less Than 8 ft.,4,5,47,1,1,20230604,CON,DAL,2023,1022300032537,23910,validated,1629481,1,matched,playbyplayv2,1611661323,1629481|1630149|1630386|1631007|1631029,complete,playbyplay_inferred,201886|203026|203826|1628280|1629567,complete,playbyplay_inferred
Shot Chart Detail,1022300032,549,1630149,Satou Sabally,1611661321,Dallas Wings,4,0,5,Missed Shot,Pullup Jump shot,3PT Field Goal,Above the Break 3,Center(C),24+ ft.,30,-9,307,1,0,20230604,CON,DAL,2023,1022300032549,23950,validated,,0,matched,playbyplayv2,1611661323,1630149|1630386|1631007|1631029|1641652,complete,playbyplay_inferred,203026|203826|1628280|1629567|1630096,complete,playbyplay_inferred
Shot Chart Detail,1022300039,8,1630149,Satou Sabally,1611661321,Dallas Wings,1,9,21,Made Shot,Jump Shot,3PT Field Goal,Above the Break 3,Left Side Center(LC),24+ ft.,24,-89,228,1,1,20230607,DAL,PHO,2023,10223000398,390,validated,203827,1,matched,playbyplayv2,1611661317,203827|1629480|1629481|1630149|1631007,complete,playbyplay_inferred,100940|203398|1627669|1629482|1630446,complete,playbyplay_inferred
Shot Chart Detail,1022300039,16,1630149,Satou Sabally,1611661321,Dallas Wings,1,8,19,Made Shot,Layup Shot,2PT Field Goal,Restricted Area,Center(C),Less Than 8 ft.,2,-26,12,1,1,20230607,DAL,PHO,2023,102230003916,1010,validated,,0,matched,playbyplayv2,1611661317,203827|1629480|1629481|1630149|1631007,complete,playbyplay_inferred,100940|203398|1627669|1629482|1630446,complete,playbyplay_inferred
Shot Chart Detail,1022300039,37,1630149,Satou Sabally,1611661321,Dallas Wings,1,6,34,Made Shot,Pullup Jump shot,3PT Field Goal,Above the Break 3,Right Side Center(RC),24+ ft.,24,84,233,1,1,20230607,DAL,PHO,2023,102230003937,2060,validated,,0,matched,playbyplayv2,1611661317,203827|1629480|1629481|1630149|1631007,complete,playbyplay_inferred,100940|203398|1627669|1629482|1630446,complete,playbyplay_inferred
Shot Chart Detail,1022300039,113,1630149,Satou Sabally,1611661321,Dallas Wings,1,2,21,Made Shot,Jump Shot,2PT Field Goal,Mid-Range,Right Side(R),8-16 ft.,15,150,29,1,1,20230607,DAL,PHO,2023,1022300039113,4590,validated,203824,1,matched,playbyplayv2,1611661317,203824|1629480|1629481|1630149|1631029,complete,playbyplay_inferred,203035|203398|1629482|1629488|1630134,complete,playbyplay_inferred
Shot Chart Detail,1022300039,152,1630149,Satou Sabally,1611661321,Dallas Wings,1,0,8,Missed Shot,Jump Shot,3PT Field Goal,Above the Break 3,Right Side Center(RC),24+ ft.,26,170,206,1,0,20230607,DAL,PHO,2023,1022300039152,5920,validated,,0,matched,playbyplayv2,1611661317,203824|1629480|1629481|1630149|1631029,complete,playbyplay_inferred,100940|203035|203398|1629488|1630134,complete,playbyplay_inferred
Shot Chart Detail,1022300039,180,1630149,Satou Sabally,1611661321,Dallas Wings,2,8,26,Made Shot,Jump Shot,3PT Field Goal,Above the Break 3,Center(C),24+ ft.,24,1,246,1,1,20230607,DAL,PHO,2023,1022300039180,6940,validated,203824,1,matched,playbyplayv2,1611661317,203824|1629480|1629481|1630149|1641652,complete,playbyplay_inferred,100940|203398|1629482|1629488|1630134,complete,playbyplay_inferred
Shot Chart Detail,1022300039,186,1630149,Satou Sabally,1611661321,Dallas Wings,2,7,46,Missed Shot,Reverse Layup Shot,2PT Field Goal,Restricted Area,Center(C),Less Than 8 ft.,2,-26,13,1,0,20230607,DAL,PHO,2023,1022300039186,7340,validated,,0,matched,playbyplayv2,1611661317,203824|1629480|1629481|1630149|1641652,complete,playbyplay_inferred,100940|1629482|1629488|1630134|1630446,complete,playbyplay_inferred
Shot Chart Detail,1022300039,190,1630149,Satou Sabally,1611661321,Dallas Wings,2,7,33,Made Shot,Layup Shot,2PT Field Goal,Restricted Area,Center(C),Less Than 8 ft.,2,21,12,1,1,20230607,DAL,PHO,2023,1022300039190,7470,validated,203824,1,matched,playbyplayv2,1611661317,203824|1629480|1629481|1630149|1641652,complete,playbyplay_inferred,100940|1629482|1629488|1630134|1630446,complete,playbyplay_inferred
Shot Chart Detail,1022300039,321,1630149,Satou Sabally,1611661321,Dallas Wings,3,9,50,Missed Shot,Jump Shot,3PT Field Goal,Above the Break 3,Left Side Center(LC),24+ ft.,24,-146,196,1,0,20230607,DAL,PHO,2023,1022300039321,12100,validated,,0,matched,playbyplayv2,1611661317,203827|1629480|1629481|1630149|1631007,complete,playbyplay_inferred,100940|203398|1629482|1630134|1630446,complete,playbyplay_inferred
Shot Chart Detail,1022300039,340,1630149,Satou Sabally,1611661321,Dallas Wings,3,7,57,Missed Shot,Jump Shot,3PT Field Goal,Above the Break 3,Right Side(R),24+ ft.,23,228,62,1,0,20230607,DAL,PHO,2023,1022300039340,13230,validated,,0,matched,playbyplayv2,1611661317,203824|203827|1629480|1629481|1630149,complete,playbyplay_inferred,100940|203398|1629482|1630134|1630446,complete,playbyplay_inferred
Shot Chart Detail,1022300039,393,1630149,Satou Sabally,1611661321,Dallas Wings,3,4,26,Missed Shot,Pullup Jump shot,2PT Field Goal,Mid-Range,Right Side Center(RC),16-24 ft.,20,94,184,1,0,20230607,DAL,PHO,2023,1022300039393,15340,validated,,0,matched,playbyplayv2,1611661317,203824|203827|1630149|1630386|1641652,complete,playbyplay_inferred,203035|203398|1629482|1629488|1630134,complete,playbyplay_inferred
Shot Chart Detail,1022300039,398,1630149,Satou Sabally,1611661321,Dallas Wings,3,4,9,Made Shot,Layup Shot,2PT Field Goal,Restricted Area,Center(C),Less Than 8 ft.,3,24,25,1,1,20230607,DAL,PHO,2023,1022300039398,15510,validated,,0,matched,playbyplayv2,1611661317,203824|203827|1630149|1630386|1641652,complete,playbyplay_inferred,203035|203398|1629482|1629488|1630134,complete,playbyplay_inferred
Shot Chart Detail,1022300039,475,1630149,Satou Sabally,1611661321,Dallas Wings,3,0,0,Missed Shot,Jump Shot,3PT Field Goal,Backcourt,Back Court(BC),Back Court Shot,65,-45,653,1,0,20230607,DAL,PHO,2023,1022300039475,18000,validated,,0,matched,playbyplayv2,1611661317,203827|1630149|1630386|1631007|1641652,complete,playbyplay_inferred,100940|203398|1629482|1630134|1630446,complete,playbyplay_inferred
Shot Chart Detail,1022300039,512,1630149,Satou Sabally,1611661321,Dallas Wings,4,7,45,Made Shot,Driving Layup Shot,2PT Field Goal,In The Paint (Non-RA),Center(C),Less Than 8 ft.,4,32,27,1,1,20230607,DAL,PHO,2023,1022300039512,19350,validated,,0,matched,playbyplayv2,1611661317,203827|1629481|1630149|1631007|1641652,complete,playbyplay_inferred,100940|203035|1629482|1629488|1630134,complete,playbyplay_inferred
Shot Chart Detail,1022300039,515,1630149,Satou Sabally,1611661321,Dallas Wings,4,7,19,Missed Shot,Driving Layup Shot,2PT Field Goal,Restricted Area,Center(C),Less Than 8 ft.,3,24,30,1,0,20230607,DAL,PHO,2023,1022300039515,19610,validated,,0,matched,playbyplayv2,1611661317,203827|1629481|1630149|1631007|1641652,complete,playbyplay_inferred,100940|203035|1629482|1629488|1630134,complete,playbyplay_inferred
Shot Chart Detail,1022300039,519,1630149,Satou Sabally,1611661321,Dallas Wings,4,7,12,Missed Shot,Jump Shot,3PT Field Goal,Above the Break 3,Left Side Center(LC),24+ ft.,25,-135,222,1,0,20230607,DAL,PHO,2023,1022300039519,19680,validated,,0,matched,playbyplayv2,1611661317,203827|1629481|1630149|1631007|1641652,complete,playbyplay_inferred,100940|203035|1629482|1629488|1630134,complete,playbyplay_inferred
Shot Chart Detail,1022300039,547,1630149,Satou Sabally,1611661321,Dallas Wings,4,5,52,Missed Shot,Step Back Jump shot,3PT Field Goal,Above the Break 3,Right Side Center(RC),24+ ft.,24,138,201,1,0,20230607,DAL,PHO,2023,1022300039547,20480,validated,,0,matched,playbyplayv2,1611661317,203824|203827|1629480|1629481|1630149,complete,playbyplay_inferred,100940|203035|203398|1629482|1630134,complete,playbyplay_inferred
Shot Chart Detail,1022300042,28,1630149,Satou Sabally,1611661321,Dallas Wings,1,8,32,Missed Shot,Driving Layup Shot,2PT Field Goal,Restricted Area,Center(C),Less Than 8 ft.,3,-32,10,1,0,20230609,DAL,PHO,2023,102230004228,880,validated,,0,matched,playbyplayv2,1611661317,203827|1629480|1629481|1630149|1631007,complete,playbyplay_inferred,100940|203398|1629482|1630134|1630446,complete,playbyplay_inferred
Shot Chart Detail,1022300042,67,1630149,Satou Sabally,1611661321,Dallas Wings,1,6,4,Missed Shot,Jump Shot,3PT Field Goal,Above the Break 3,Left Side Center(LC),24+ ft.,24,-214,115,1,0,20230609,DAL,PHO,2023,102230004267,2360,validated,,0,matched,playbyplayv2,1611661317,203827|1629480|1629481|1630149|1631007,complete,playbyplay_inferred,100940|203398|1629482|1630134|1630446,complete,playbyplay_inferred
Shot Chart Detail,1022300042,74,1630149,Satou Sabally,1611661321,Dallas Wings,1,5,11,Missed Shot,Driving Layup Shot,2PT Field Goal,In The Paint (Non-RA),Center(C),Less Than 8 ft.,5,34,45,1,0,20230609,DAL,PHO,2023,102230004274,2890,validated,,0,matched,playbyplayv2,1611661317,203827|1629480|1629481|1630149|1631007,complete,playbyplay_inferred,100940|203398|1629482|1630134|1630446,complete,playbyplay_inferred
Shot Chart Detail,1022300042,113,1630149,Satou Sabally,1611661321,Dallas Wings,1,3,5,Missed Shot,Floating Jump shot,2PT Field Goal,In The Paint (Non-RA),Center(C),8-16 ft.,11,28,114,1,0,20230609,DAL,PHO,2023,1022300042113,4150,validated,,0,matched,playbyplayv2,1611661317,203824|203827|1629481|1630149|1641652,complete,playbyplay_inferred,203035|1627669|1629488|1630446|1631091,complete,playbyplay_inferred
Shot Chart Detail,1022300042,115,1630149,Satou Sabally,1611661321,Dallas Wings,1,3,2,Missed Shot,Layup Shot,2PT Field Goal,Restricted Area,Center(C),Less Than 8 ft.,3,1,37,1,0,20230609,DAL,PHO,2023,1022300042115,4180,validated,,0,matched,playbyplayv2,1611661317,203824|203827|1629481|1630149|1641652,complete,playbyplay_inferred,203035|1627669|1629488|1630446|1631091,complete,playbyplay_inferred
Shot Chart Detail,1022300042,123,1630149,Satou Sabally,1611661321,Dallas Wings,1,2,21,Missed Shot,Driving Layup Shot,2PT Field Goal,Restricted Area,Center(C),Less Than 8 ft.,3,20,34,1,0,20230609,DAL,PHO,2023,1022300042123,4590,validated,,0,matched,playbyplayv2,1611661317,203824|203827|1629481|1630149|1641652,complete,playbyplay_inferred,203035|203398|1629488|1630134|1631091,complete,playbyplay_inferred
Shot Chart Detail,1022300042,206,1630149,Satou Sabally,1611661321,Dallas Wings,2,7,7,Missed Shot,Jump Shot,3PT Field Goal,Above the Break 3,Right Side Center(RC),24+ ft.,24,145,200,1,0,20230609,DAL,PHO,2023,1022300042206,7730,validated,,0,matched,playbyplayv2,1611661317,203827|1629480|1629481|1630149|1631029,complete,playbyplay_inferred,100940|203398|1630134|1630446|1641690,complete,playbyplay_inferred
Shot Chart Detail,1022300042,353,1630149,Satou Sabally,1611661321,Dallas Wings,3,8,46,Made Shot,Driving Layup Shot,2PT Field Goal,In The Paint (Non-RA),Center(C),Less Than 8 ft.,7,-51,56,1,1,20230609,DAL,PHO,2023,1022300042353,12740,validated,1629480,1,matched,playbyplayv2,1611661317,203827|1629480|1629481|1630149|1631007,complete,playbyplay_inferred,100940|203398|1629482|1630134|1630446,complete,playbyplay_inferred
Shot Chart Detail,1022300042,395,1630149,Satou Sabally,1611661321,Dallas Wings,3,5,20,Made Shot,Driving Hook Shot,2PT Field Goal,In The Paint (Non-RA),Center(C),Less Than 8 ft.,4,-6,40,1,1,20230609,DAL,PHO,2023,1022300042395,14800,validated,1629481,1,matched,playbyplayv2,1611661317,203824|203827|1629480|1629481|1630149,complete,playbyplay_inferred,100940|203035|203398|1629482|1630446,complete,playbyplay_inferred
Shot Chart Detail,1022300042,410,1630149,Satou Sabally,1611661321,Dallas Wings,3,4,9,Made Shot,Putback Layup Shot,2PT Field Goal,Restricted Area,Center(C),Less Than 8 ft.,2,17,13,1,1,20230609,DAL,PHO,2023,1022300042410,15510,validated,,0,matched,playbyplayv2,1611661317,203824|203827|1629480|1629481|1630149,complete,playbyplay_inferred,100940|203035|203398|1629482|1630446,complete,playbyplay_inferred
Shot Chart Detail,1022300042,416,1630149,Satou Sabally,1611661321,Dallas Wings,3,3,47,Made Shot,Pullup Jump shot,3PT Field Goal,Above the Break 3,Right Side Center(RC),24+ ft.,24,77,233,1,1,20230609,DAL,PHO,2023,1022300042416,15730,validated,,0,matched,playbyplayv2,1611661317,203824|203827|1629480|1629481|1630149,complete,playbyplay_inferred,100940|203035|1627669|1629482|1629488,complete,playbyplay_inferred
Shot Chart Detail,1022300042,468,1630149,Satou Sabally,1611661321,Dallas Wings,3,0,53,Missed Shot,Jump Shot,3PT Field Goal,Above the Break 3,Left Side Center(LC),24+ ft.,25,-113,232,1,0,20230609,DAL,PHO,2023,1022300042468,17470,validated,,0,matched,playbyplayv2,1611661317,203824|203827|1629481|1630149|1630386,complete,playbyplay_inferred,203035|1627669|1629488|1630134|1630446,complete,playbyplay_inferred
Shot Chart Detail,1022300042,495,1630149,Satou Sabally,1611661321,Dallas Wings,4,9,29,Made Shot,Pullup Jump shot,2PT Field Goal,Mid-Range,Left Side Center(LC),16-24 ft.,20,-132,156,1,1,20230609,DAL,PHO,2023,1022300042495,18310,validated,203824,1,matched,playbyplayv2,1611661317,203824|1629480|1629481|1630149|1631007,complete,playbyplay_inferred,100940|203398|1629482|1630134|1630446,complete,playbyplay_inferred
Shot Chart Detail,1022300042,501,1630149,Satou Sabally,1611661321,Dallas Wings,4,8,45,Missed Shot,Jump Shot,3PT Field Goal,Above the Break 3,Right Side Center(RC),24+ ft.,24,93,223,1,0,20230609,DAL,PHO,2023,1022300042501,18750,validated,,0,matched,playbyplayv2,1611661317,203824|1629480|1629481|1630149|1631007,complete,playbyplay_inferred,100940|203398|1629482|1630134|1630446,complete,playbyplay_inferred
Shot Chart Detail,1022300042,532,1630149,Satou Sabally,1611661321,Dallas Wings,4,6,27,Missed Shot,Jump Shot,3PT Field Goal,Above the Break 3,Center(C),24+ ft.,24,-18,248,1,0,20230609,DAL,PHO,2023,1022300042532,20130,validated,,0,matched,playbyplayv2,1611661317,203824|1629480|1629481|1630149|1631007,complete,playbyplay_inferred,100940|203035|203398|1629482|1629488,complete,playbyplay_inferred
Shot Chart Detail,1022300046,17,1630149,Satou Sabally,1611661321,Dallas Wings,1,9,1,Missed Shot,Driving Floating Jump Shot,2PT Field Goal,Restricted Area,Center(C),Less Than 8 ft.,3,20,33,1,0,20230611,NYL,DAL,2023,102230004617,590,validated,,0,matched,playbyplayv2,1611661313,203827|1629480|1629481|1630149|1631007,complete,playbyplay_inferred,202664|204335|1627668|1627673|1629477,complete,playbyplay_inferred
Shot Chart Detail,1022300046,26,1630149,Satou Sabally,1611661321,Dallas Wings,1,8,14,Missed Shot,Jump Shot,3PT Field Goal,Above the Break 3,Right Side Center(RC),24+ ft.,24,168,185,1,0,20230611,NYL,DAL,2023,102230004626,1060,validated,,0,matched,playbyplayv2,1611661313,203827|1629480|1629481|1630149|1631007,complete,playbyplay_inferred,202664|204335|1627668|1627673|1629477,complete,playbyplay_inferred
Shot Chart Detail,1022300046,40,1630149,Satou Sabally,1611661321,Dallas Wings,1,7,36,Missed Shot,Floating Jump shot,2PT Field Goal,In The Paint (Non-RA),Center(C),Less Than 8 ft.,6,22,56,1,0,20230611,NYL,DAL,2023,102230004640,1440,validated,,0,matched,playbyplayv2,1611661313,203827|1629480|1629481|1630149|1631007,complete,playbyplay_inferred,202664|204335|1627668|1627673|1629477,complete,playbyplay_inferred
Shot Chart Detail,1022300046,42,1630149,Satou Sabally,1611661321,Dallas Wings,1,7,34,Made Shot,Putback Layup Shot,2PT Field Goal,Restricted Area,Center(C),Less Than 8 ft.,1,1,13,1,1,20230611,NYL,DAL,2023,102230004642,1460,validated,,0,matched,playbyplayv2,1611661313,203827|1629480|1629481|1630149|1631007,complete,playbyplay_inferred,202664|204335|1627668|1627673|1629477,complete,playbyplay_inferred
Shot Chart Detail,1022300046,63,1630149,Satou Sabally,1611661321,Dallas Wings,1,5,36,Missed Shot,Step Back Jump shot,3PT Field Goal,Above the Break 3,Right Side Center(RC),24+ ft.,24,165,179,1,0,20230611,NYL,DAL,2023,102230004663,2640,validated,,0,matched,playbyplayv2,1611661313,203827|1629480|1629481|1630149|1631007,complete,playbyplay_inferred,202664|203866|1627668|1627673|1629477,complete,playbyplay_inferred
Shot Chart Detail,1022300046,92,1630149,Satou Sabally,1611661321,Dallas Wings,1,3,39,Missed Shot,Driving Floating Jump Shot,2PT Field Goal,In The Paint (Non-RA),Center(C),Less Than 8 ft.,7,32,66,1,0,20230611,NYL,DAL,2023,102230004692,3810,validated,,0,matched,playbyplayv2,1611661313,203824|203827|1629481|1630149|1641652,complete,playbyplay_inferred,202664|203866|1627668|1627673|1629477,complete,playbyplay_inferred
Shot Chart Detail,1022300046,98,1630149,Satou Sabally,1611661321,Dallas Wings,1,3,4,Missed Shot,Putback Layup Shot,2PT Field Goal,Restricted Area,Center(C),Less Than 8 ft.,2,1,29,1,0,20230611,NYL,DAL,2023,102230004698,4160,validated,,0,matched,playbyplayv2,1611661313,203824|203827|1629481|1630149|1641652,complete,playbyplay_inferred,202664|203866|1627668|1627673|1629477,complete,playbyplay_inferred
Shot Chart Detail,1022300046,123,1630149,Satou Sabally,1611661321,Dallas Wings,1,1,31,Missed Shot,Running Layup Shot,2PT Field Goal,Restricted Area,Center(C),Less Than 8 ft.,2,3,22,1,0,20230611,NYL,DAL,2023,1022300046123,5090,validated,,0,matched,playbyplayv2,1611661313,203824|1629481|1630149|1630386|1641652,complete,playbyplay_inferred,202664|203866|1627668|1629546|1631055,complete,playbyplay_inferred
Shot Chart Detail,1022300046,166,1630149,Satou Sabally,1611661321,Dallas Wings,2,8,6,Missed Shot,Jump Shot,3PT Field Goal,Above the Break 3,Right Side Center(RC),24+ ft.,24,146,199,1,0,20230611,NYL,DAL,2023,1022300046166,7140,validated,,0,matched,playbyplayv2,1611661313,203824|203827|1629481|1630149|1641652,complete,playbyplay_inferred,204335|1627668|1627673|1629477|1629546,complete,playbyplay_inferred
Shot Chart Detail,1022300046,182,1630149,Satou Sabally,1611661321,Dallas Wings,2,7,6,Missed Shot,Pullup Jump shot,2PT Field Goal,Mid-Range,Right Side(R),8-16 ft.,14,128,63,1,0,20230611,NYL,DAL,2023,1022300046182,7740,validated,,0,matched,playbyplayv2,1611661313,203824|203827|1629481|1630149|1631007,complete,playbyplay_inferred,202664|204335|1627668|1627673|1629477,complete,playbyplay_inferred
Shot Chart Detail,1022300046,224,1630149,Satou Sabally,1611661321,Dallas Wings,2,4,34,Made Shot,Running Jump Shot,2PT Field Goal,Mid-Range,Right Side(R),8-16 ft.,11,81,86,1,1,20230611,NYL,DAL,2023,1022300046224,9260,validated,,0,matched,playbyplayv2,1611661313,203827|1629480|1629481|1630149|1631007,complete,playbyplay_inferred,202664|203828|204335|1627668|1629546,complete,playbyplay_inferred
Shot Chart Detail,1022300046,247,1630149,Satou Sabally,1611661321,Dallas Wings,2,2,12,Made Shot,Driving Layup Shot,2PT Field Goal,Restricted Area,Center(C),Less Than 8 ft.,2,-17,13,1,1,20230611,NYL,DAL,2023,1022300046247,10680,validated,1629481,1,matched,playbyplayv2,1611661313,203827|1629480|1629481|1630149|1631007,complete,playbyplay_inferred,202664|203828|204335|1627668|1629546,complete,playbyplay_inferred
Shot Chart Detail,1022300046,263,1630149,Satou Sabally,1611661321,Dallas Wings,2,1,23,Made Shot,Driving Floating Bank Jump Shot,2PT Field Goal,In The Paint (Non-RA),Right Side(R),8-16 ft.,8,71,49,1,1,20230611,NYL,DAL,2023,1022300046263,11170,validated,1629481,1,matched,playbyplayv2,1611661313,203824|1629481|1630149|1630386|1641652,complete,playbyplay_inferred,202664|204335|1627668|1627673|1629546,complete,playbyplay_inferred
Shot Chart Detail,1022300046,306,1630149,Satou Sabally,1611661321,Dallas Wings,3,9,45,Missed Shot,Jump Shot,3PT Field Goal,Above the Break 3,Center(C),24+ ft.,25,-56,249,1,0,20230611,NYL,DAL,2023,1022300046306,12150,validated,,0,matched,playbyplayv2,1611661313,203827|1629480|1629481|1630149|1631007,complete,playbyplay_inferred,202664|204335|1627668|1627673|1629477,complete,playbyplay_inferred
Shot Chart Detail,1022300046,313,1630149,Satou Sabally,1611661321,Dallas Wings,3,8,44,Missed Shot,Jump Shot,3PT Field Goal,Above the Break 3,Right Side Center(RC),24+ ft.,24,188,154,1,0,20230611,NYL,DAL,2023,1022300046313,12760,validated,,0,matched,playbyplayv2,1611661313,203827|1629480|1629481|1630149|1631007,complete,playbyplay_inferred,202664|204335|1627668|1627673|1629477,complete,playbyplay_inferred
Shot Chart Detail,1022300046,397,1630149,Satou Sabally,1611661321,Dallas Wings,3,3,18,Made Shot,Driving Hook Shot,2PT Field Goal,Restricted Area,Center(C),Less Than 8 ft.,3,-2,32,1,1,20230611,NYL,DAL,2023,1022300046397,16020,validated,,0,matched,playbyplayv2,1611661313,1629481|1630149|1630386|1631007|1641652,complete,playbyplay_inferred,203866|1627668|1629477|1629546|1631055,complete,playbyplay_inferred
Shot Chart Detail,1022300046,400,1630149,Satou Sabally,1611661321,Dallas Wings,3,2,46,Made Shot,Jump Shot,3PT Field Goal,Above the Break 3,Center(C),24+ ft.,24,33,240,1,1,20230611,NYL,DAL,2023,1022300046400,16340,validated,1630386,1,matched,playbyplayv2,1611661313,1629481|1630149|1630386|1631007|1641652,complete,playbyplay_inferred,203866|1627668|1629477|1629546|1631055,complete,playbyplay_inferred
Shot Chart Detail,1022300055,42,1630149,Satou Sabally,1611661321,Dallas Wings,1,6,27,Missed Shot,Jump Shot,3PT Field Goal,Above the Break 3,Right Side Center(RC),16-24 ft.,23,148,185,1,0,20230614,DAL,LAS,2023,102230005542,2130,validated,,0,matched,playbyplayv2,1611661320,203827|1629480|1629481|1630149|1631007,complete,playbyplay_inferred,203014|204324|1628882|1628886|1628922,complete,playbyplay_inferred
Shot Chart Detail,1022300055,51,1630149,Satou Sabally,1611661321,Dallas Wings,1,5,43,Missed Shot,Putback Layup Shot,2PT Field Goal,Restricted Area,Center(C),Less Than 8 ft.,3,21,29,1,0,20230614,DAL,LAS,2023,102230005551,2570,validated,,0,matched,playbyplayv2,1611661320,203827|1629480|1629481|1630149|1631007,complete,playbyplay_inferred,203014|204324|1628882|1628886|1628922,complete,playbyplay_inferred
Shot Chart Detail,1022300055,90,1630149,Satou Sabally,1611661321,Dallas Wings,1,2,29,Missed Shot,Driving Layup Shot,2PT Field Goal,Restricted Area,Center(C),Less Than 8 ft.,3,-27,17,1,0,20230614,DAL,LAS,2023,102230005590,4510,validated,,0,matched,playbyplayv2,1611661320,1629480|1629481|1630149|1631007|1641652,complete,playbyplay_inferred,203014|1628317|1628882|1628886|1628922,complete,playbyplay_inferred
Shot Chart Detail,1022300055,92,1630149,Satou Sabally,1611661321,Dallas Wings,1,2,26,Missed Shot,Putback Layup Shot,2PT Field Goal,Restricted Area,Center(C),Less Than 8 ft.,2,-22,16,1,0,20230614,DAL,LAS,2023,102230005592,4540,validated,,0,matched,playbyplayv2,1611661320,1629480|1629481|1630149|1631007|1641652,complete,playbyplay_inferred,203014|1628317|1628882|1628886|1628922,complete,playbyplay_inferred
Shot Chart Detail,1022300055,182,1630149,Satou Sabally,1611661321,Dallas Wings,2,6,5,Made Shot,Driving Layup Shot,2PT Field Goal,Restricted Area,Center(C),Less Than 8 ft.,3,-36,16,1,1,20230614,DAL,LAS,2023,1022300055182,8350,validated,,0,matched,playbyplayv2,1611661320,203824|1629480|1629481|1630149|1630386,complete,playbyplay_inferred,203014|204324|1628317|1628886|1641660,complete,playbyplay_inferred
Shot Chart Detail,1022300055,218,1630149,Satou Sabally,1611661321,Dallas Wings,2,3,5,Made Shot,Driving Finger Roll Layup Shot,2PT Field Goal,Restricted Area,Center(C),Less Than 8 ft.,3,17,33,1,1,20230614,DAL,LAS,2023,1022300055218,10150,validated,,0,matched,playbyplayv2,1611661320,203824|1629480|1629481|1630149|1630386,complete,playbyplay_inferred,204324|1628317|1628886|1628922|1641660,complete,playbyplay_inferred
Shot Chart Detail,1022300055,234,1630149,Satou Sabally,1611661321,Dallas Wings,2,1,35,Made Shot,Jump Shot,2PT Field Goal,Mid-Range,Right Side Center(RC),16-24 ft.,17,81,160,1,1,20230614,DAL,LAS,2023,1022300055234,11050,validated,,0,matched,playbyplayv2,1611661320,203827|1629480|1629481|1630149|1631007,complete,playbyplay_inferred,203014|1628317|1628886|1628922|1641660,complete,playbyplay_inferred
Shot Chart Detail,1022300055,256,1630149,Satou Sabally,1611661321,Dallas Wings,2,0,0,Missed Shot,Jump Shot,3PT Field Goal,Above the Break 3,Center(C),24+ ft.,24,-68,233,1,0,20230614,DAL,LAS,2023,1022300055256,12000,validated,,0,matched,playbyplayv2,1611661320,203827|1629481|1630149|1631007|1641652,complete,playbyplay_inferred,203014|1628317|1628886|1628922|1641660,complete,playbyplay_inferred
Shot Chart Detail,1022300055,278,1630149,Satou Sabally,1611661321,Dallas Wings,3,8,27,Made Shot,Jump Shot,2PT Field Goal,Mid-Range,Left Side Center(LC),16-24 ft.,19,-123,149,1,1,20230614,DAL,LAS,2023,1022300055278,12930,validated,1631007,1,matched,playbyplayv2,1611661320,203827|1629480|1629481|1630149|1631007,complete,playbyplay_inferred,203014|204324|1628882|1628886|1628922,complete,playbyplay_inferred
Shot Chart Detail,1022300055,287,1630149,Satou Sabally,1611661321,Dallas Wings,3,7,32,Missed Shot,Driving Floating Jump Shot,2PT Field Goal,In The Paint (Non-RA),Left Side(L),8-16 ft.,13,-72,119,1,0,20230614,DAL,LAS,2023,1022300055287,13480,validated,,0,matched,playbyplayv2,1611661320,203827|1629480|1629481|1630149|1631007,complete,playbyplay_inferred,203014|204324|1628882|1628886|1628922,complete,playbyplay_inferred
Shot Chart Detail,1022300055,352,1630149,Satou Sabally,1611661321,Dallas Wings,3,2,26,Made Shot,Jump Shot,3PT Field Goal,Above the Break 3,Right Side Center(RC),24+ ft.,24,186,156,1,1,20230614,DAL,LAS,2023,1022300055352,16540,validated,1629481,1,matched,playbyplayv2,1611661320,203824|203827|1629481|1630149|1630386,complete,playbyplay_inferred,203014|204324|1628317|1628882|1628886,complete,playbyplay_inferred
Shot Chart Detail,1022300055,371,1630149,Satou Sabally,1611661321,Dallas Wings,3,0,32,Missed Shot,Driving Floating Jump Shot,2PT Field Goal,In The Paint (Non-RA),Center(C),8-16 ft.,10,16,99,1,0,20230614,DAL,LAS,2023,1022300055371,17680,validated,,0,matched,playbyplayv2,1611661320,203824|203827|1629481|1630149|1630386,complete,playbyplay_inferred,203014|204324|1628317|1628882|1628886,complete,playbyplay_inferred
Shot Chart Detail,1022300055,390,1630149,Satou Sabally,1611661321,Dallas Wings,4,9,46,Missed Shot,Pullup Jump shot,3PT Field Goal,Above the Break 3,Right Side Center(RC),24+ ft.,25,79,238,1,0,20230614,DAL,LAS,2023,1022300055390,18140,validated,,0,matched,playbyplayv2,1611661320,203827|1629480|1630149|1631007|1631029,complete,playbyplay_inferred,203014|204324|1628317|1628882|1628886,complete,playbyplay_inferred
Shot Chart Detail,1022300055,470,1630149,Satou Sabally,1611661321,Dallas Wings,4,3,19,Missed Shot,Pullup Jump shot,3PT Field Goal,Above the Break 3,Right Side Center(RC),24+ ft.,24,79,228,1,0,20230614,DAL,LAS,2023,1022300055470,22010,validated,,0,matched,playbyplayv2,1611661320,203824|203827|1629481|1630149|1630386,complete,playbyplay_inferred,203014|204324|1628882|1628886|1628922,complete,playbyplay_inferred
Shot Chart Detail,1022300055,490,1630149,Satou Sabally,1611661321,Dallas Wings,4,1,31,Missed Shot,Jump Shot,3PT Field Goal,Above the Break 3,Right Side Center(RC),24+ ft.,25,115,227,1,0,20230614,DAL,LAS,2023,1022300055490,23090,validated,,0,matched,playbyplayv2,1611661320,203824|1629481|1630149|1630386|1641652,complete,playbyplay_inferred,203014|204324|1628317|1628882|1628886,complete,playbyplay_inferred
Shot Chart Detail,1022300061,13,1630149,Satou Sabally,1611661321,Dallas Wings,1,8,47,Made Shot,Layup Shot,2PT Field Goal,Restricted Area,Center(C),Less Than 8 ft.,1,12,14,1,1,20230617,DAL,SEA,2023,102230006113,730,validated,,0,matched,playbyplayv2,1611661328,203827|1629480|1629481|1630149|1631007,complete,playbyplay_inferred,204319|1628915|1628920|1629496|1641602,complete,playbyplay_inferred
Shot Chart Detail,1022300061,24,1630149,Satou Sabally,1611661321,Dallas Wings,1,7,49,Missed Shot,Cutting Layup Shot,2PT Field Goal,Restricted Area,Center(C),Less Than 8 ft.,2,2,24,1,0,20230617,DAL,SEA,2023,102230006124,1310,validated,,0,matched,playbyplayv2,1611661328,203827|1629480|1629481|1630149|1631007,complete,playbyplay_inferred,204319|1628915|1628920|1629496|1641602,complete,playbyplay_inferred
Shot Chart Detail,1022300061,66,1630149,Satou Sabally,1611661321,Dallas Wings,1,4,30,Missed Shot,Jump Shot,3PT Field Goal,Above the Break 3,Left Side Center(LC),24+ ft.,25,-210,148,1,0,20230617,DAL,SEA,2023,102230006166,3300,validated,,0,matched,playbyplayv2,1611661328,203827|1629480|1629481|1630101|1630149,complete,playbyplay_inferred,204319|1628915|1628920|1629496|1631141,complete,playbyplay_inferred
Shot Chart Detail,1022300061,100,1630149,Satou Sabally,1611661321,Dallas Wings,1,1,59,Made Shot,Cutting Layup Shot,2PT Field Goal,Restricted Area,Center(C),Less Than 8 ft.,1,0,12,1,1,20230617,DAL,SEA,2023,1022300061100,4810,validated,1630101,1,matched,playbyplayv2,1611661328,203827|1629480|1629481|1630101|1630149,complete,playbyplay_inferred,204319|1628244|1628920|1629496|1631141,complete,playbyplay_inferred
Shot Chart Detail,1022300061,104,1630149,Satou Sabally,1611661321,Dallas Wings,1,1,25,Missed Shot,Layup Shot,2PT Field Goal,In The Paint (Non-RA),Center(C),Less Than 8 ft.,7,-28,72,1,0,20230617,DAL,SEA,2023,1022300061104,5150,validated,,0,matched,playbyplayv2,1611661328,203827|1629480|1629481|1630101|1630149,complete,playbyplay_inferred,204319|1628244|1628920|1629496|1631141,complete,playbyplay_inferred
Shot Chart Detail,1022300061,124,1630149,Satou Sabally,1611661321,Dallas Wings,1,0,33,Made Shot,Layup Shot,2PT Field Goal,In The Paint (Non-RA),Right Side(R),8-16 ft.,8,54,63,1,1,20230617,DAL,SEA,2023,1022300061124,5670,validated,1631007,1,matched,playbyplayv2,1611661328,203827|1629481|1630149|1630386|1631007,complete,playbyplay_inferred,204319|1628244|1629496|1631141|1641675,complete,playbyplay_inferred
Shot Chart Detail,1022300061,145,1630149,Satou Sabally,1611661321,Dallas Wings,2,9,21,Made Shot,Cutting Layup Shot,2PT Field Goal,Restricted Area,Center(C),Less Than 8 ft.,3,10,29,1,1,20230617,DAL,SEA,2023,1022300061145,6390,validated,1629480,1,matched,playbyplayv2,1611661328,203827|1629480|1629481|1630149|1631007,complete,playbyplay_inferred,204319|1628244|1629496|1641602|1641675,complete,playbyplay_inferred
Shot Chart Detail,1022300061,172,1630149,Satou Sabally,1611661321,Dallas Wings,2,7,20,Missed Shot,Driving Layup Shot,2PT Field Goal,Restricted Area,Center(C),Less Than 8 ft.,3,29,23,1,0,20230617,DAL,SEA,2023,1022300061172,7600,validated,,0,matched,playbyplayv2,1611661328,1629480|1629481|1630149|1631007|1641652,complete,playbyplay_inferred,1628244|1628915|1628920|1641602|1641651,complete,playbyplay_inferred
Shot Chart Detail,1022300061,224,1630149,Satou Sabally,1611661321,Dallas Wings,2,4,11,Missed Shot,Jump Shot,3PT Field Goal,Above the Break 3,Right Side(R),24+ ft.,23,230,47,1,0,20230617,DAL,SEA,2023,1022300061224,9490,validated,,0,matched,playbyplayv2,1611661328,203827|1629480|1629481|1630101|1630149,complete,playbyplay_inferred,204319|1628915|1628920|1641602|1641651,complete,playbyplay_inferred
Shot Chart Detail,1022300061,288,1630149,Satou Sabally,1611661321,Dallas Wings,2,0,10,Made Shot,Jump Shot,2PT Field Goal,Mid-Range,Left Side Center(LC),16-24 ft.,17,-88,157,1,1,20230617,DAL,SEA,2023,1022300061288,11900,validated,1631007,1,matched,playbyplayv2,1611661328,203827|1629480|1630101|1630149|1631007,complete,playbyplay_inferred,204319|1628915|1628920|1641602|1641651,complete,playbyplay_inferred
Shot Chart Detail,1022300061,323,1630149,Satou Sabally,1611661321,Dallas Wings,3,8,3,Missed Shot,Jump Shot,3PT Field Goal,Above the Break 3,Right Side Center(RC),24+ ft.,26,195,182,1,0,20230617,DAL,SEA,2023,1022300061323,13170,validated,,0,matched,playbyplayv2,1611661328,203827|1629480|1629481|1630101|1630149,complete,playbyplay_inferred,204319|1628915|1628920|1629496|1641602,complete,playbyplay_inferred
Shot Chart Detail,1022300061,335,1630149,Satou Sabally,1611661321,Dallas Wings,3,6,42,Made Shot,Driving Layup Shot,2PT Field Goal,Restricted Area,Center(C),Less Than 8 ft.,2,0,22,1,1,20230617,DAL,SEA,2023,1022300061335,13980,validated,,0,matched,playbyplayv2,1611661328,203827|1629480|1629481|1630101|1630149,complete,playbyplay_inferred,204319|1628915|1628920|1629496|1641602,complete,playbyplay_inferred
Shot Chart Detail,1022300061,416,1630149,Satou Sabally,1611661321,Dallas Wings,3,1,51,Made Shot,Jump Shot,3PT Field Goal,Above the Break 3,Center(C),24+ ft.,25,0,251,1,1,20230617,DAL,SEA,2023,1022300061416,16890,validated,1631007,1,matched,playbyplayv2,1611661328,203827|1629481|1630101|1630149|1631007,complete,playbyplay_inferred,204319|1628915|1628920|1641602|1641651,complete,playbyplay_inferred
Shot Chart Detail,1022300061,424,1630149,Satou Sabally,1611661321,Dallas Wings,3,1,33,Made Shot,Running Layup Shot,2PT Field Goal,Restricted Area,Center(C),Less Than 8 ft.,1,-6,15,1,1,20230617,DAL,SEA,2023,1022300061424,17070,validated,,0,matched,playbyplayv2,1611661328,203827|1629481|1630101|1630149|1631007,complete,playbyplay_inferred,1628244|1628915|1628920|1641602|1641651,complete,playbyplay_inferred
Shot Chart Detail,1022300061,477,1630149,Satou Sabally,1611661321,Dallas Wings,4,7,9,Made Shot,Driving Layup Shot,2PT Field Goal,In The Paint (Non-RA),Center(C),Less Than 8 ft.,5,-4,55,1,1,20230617,DAL,SEA,2023,1022300061477,19710,validated,1631007,1,matched,playbyplayv2,1611661328,,missing_rotation,,204319|1628244|1629496|1641602|1641651,complete,playbyplay_inferred
Shot Chart Detail,1022300061,611,1630149,Satou Sabally,1611661321,Dallas Wings,4,5,53,Missed Shot,Jump Shot,2PT Field Goal,In The Paint (Non-RA),Right Side(R),8-16 ft.,14,78,121,1,0,20230617,DAL,SEA,2023,1022300061611,20470,validated,,0,matched,playbyplayv2,1611661328,,missing_rotation,,204319|1628244|1628920|1629496|1641602,complete,playbyplay_inferred
Shot Chart Detail,1022300061,622,1630149,Satou Sabally,1611661321,Dallas Wings,4,3,15,Missed Shot,Jump Shot,3PT Field Goal,Right Corner 3,Right Side(R),24+ ft.,23,230,5,1,0,20230617,DAL,SEA,2023,1022300061622,22050,validated,,0,matched,playbyplayv2,1611661328,,missing_rotation,,204319|1628915|1628920|1629496|1641602,complete,playbyplay_inferred
Shot Chart Detail,1022300061,567,1630149,Satou Sabally,1611661321,Dallas Wings,4,1,19,Missed Shot,Driving Floating Jump Shot,2PT Field Goal,In The Paint (Non-RA),Center(C),Less Than 8 ft.,7,-8,77,1,0,20230617,DAL,SEA,2023,1022300061567,23210,validated,,0,matched,playbyplayv2,1611661328,,missing_rotation,,204319|1628915|1628920|1629496|1641602,complete,playbyplay_inferred
Shot Chart Detail,1022300067,46,1630149,Satou Sabally,1611661321,Dallas Wings,1,7,9,Missed Shot,Layup Shot,2PT Field Goal,In The Paint (Non-RA),Center(C),Less Than 8 ft.,4,21,43,1,0,20230620,DAL,ATL,2023,102230006746,1710,validated,,0,matched,playbyplayv2,1611661330,203827|1629479|1629481|1630101|1630149,complete,playbyplay_inferred,204323|1628269|1628277|1631009|1641650,complete,playbyplay_inferred
Shot Chart Detail,1022300067,51,1630149,Satou Sabally,1611661321,Dallas Wings,1,6,59,Missed Shot,Jump Shot,3PT Field Goal,Above the Break 3,Right Side Center(RC),24+ ft.,24,215,108,1,0,20230620,DAL,ATL,2023,102230006751,1810,validated,,0,matched,playbyplayv2,1611661330,203827|1629479|1629481|1630101|1630149,complete,playbyplay_inferred,204323|1628269|1628277|1631009|1641650,complete,playbyplay_inferred
Shot Chart Detail,1022300067,58,1630149,Satou Sabally,1611661321,Dallas Wings,1,6,40,Missed Shot,Driving Floating Bank Jump Shot,2PT Field Goal,In The Paint (Non-RA),Center(C),Less Than 8 ft.,7,0,77,1,0,20230620,DAL,ATL,2023,102230006758,2000,validated,,0,matched,playbyplayv2,1611661330,203827|1629479|1629481|1630101|1630149,complete,playbyplay_inferred,204323|1628269|1628277|1631009|1641650,complete,playbyplay_inferred
Shot Chart Detail,1022300067,66,1630149,Satou Sabally,1611661321,Dallas Wings,1,5,58,Missed Shot,Jump Shot,3PT Field Goal,Above the Break 3,Right Side Center(RC),24+ ft.,25,156,203,1,0,20230620,DAL,ATL,2023,102230006766,2420,validated,,0,matched,playbyplayv2,1611661330,203827|1629479|1629481|1630101|1630149,complete,playbyplay_inferred,204323|1628269|1628277|1631009|1641650,complete,playbyplay_inferred
Shot Chart Detail,1022300067,210,1630149,Satou Sabally,1611661321,Dallas Wings,2,6,59,Missed Shot,Driving Floating Jump Shot,2PT Field Goal,In The Paint (Non-RA),Center(C),8-16 ft.,9,-11,98,1,0,20230620,DAL,ATL,2023,1022300067210,7810,validated,,0,matched,playbyplayv2,1611661330,203827|1629479|1629481|1630101|1630149,complete,playbyplay_inferred,204323|1628277|1628881|1631009|1641650,complete,playbyplay_inferred
Shot Chart Detail,1022300067,220,1630149,Satou Sabally,1611661321,Dallas Wings,2,6,3,Missed Shot,Running Layup Shot,2PT Field Goal,In The Paint (Non-RA),Center(C),Less Than 8 ft.,4,-26,42,1,0,20230620,DAL,ATL,2023,1022300067220,8370,validated,,0,matched,playbyplayv2,1611661330,203827|1629479|1629481|1630101|1630149,complete,playbyplay_inferred,204323|1628269|1628881|1631009|1641650,complete,playbyplay_inferred
Shot Chart Detail,1022300067,289,1630149,Satou Sabally,1611661321,Dallas Wings,2,1,27,Missed Shot,Driving Layup Shot,2PT Field Goal,In The Paint (Non-RA),Center(C),Less Than 8 ft.,6,-32,54,1,0,20230620,DAL,ATL,2023,1022300067289,11130,validated,,0,matched,playbyplayv2,1611661330,203827|1629480|1629481|1630149|1631007,complete,playbyplay_inferred,202658|204323|1628269|1628277|1631009,complete,playbyplay_inferred
Shot Chart Detail,1022300067,311,1630149,Satou Sabally,1611661321,Dallas Wings,2,0,9,Missed Shot,Driving Layup Shot,2PT Field Goal,In The Paint (Non-RA),Center(C),Less Than 8 ft.,6,26,55,1,0,20230620,DAL,ATL,2023,1022300067311,11910,validated,,0,matched,playbyplayv2,1611661330,203827|1630149|1630386|1631007|1641652,complete,playbyplay_inferred,202658|204323|1628269|1628277|1631009,complete,playbyplay_inferred
Shot Chart Detail,1022300067,330,1630149,Satou Sabally,1611661321,Dallas Wings,3,9,21,Made Shot,Jump Shot,3PT Field Goal,Above the Break 3,Center(C),24+ ft.,25,-24,253,1,1,20230620,DAL,ATL,2023,1022300067330,12390,validated,1630101,1,matched,playbyplayv2,1611661330,203827|1629479|1629481|1630101|1630149,complete,playbyplay_inferred,204323|1628269|1628277|1631009|1641650,complete,playbyplay_inferred
Shot Chart Detail,1022300067,381,1630149,Satou Sabally,1611661321,Dallas Wings,3,6,1,Missed Shot,Hook Shot,2PT Field Goal,In The Paint (Non-RA),Center(C),Less Than 8 ft.,5,-49,21,1,0,20230620,DAL,ATL,2023,1022300067381,14390,validated,,0,matched,playbyplayv2,1611661330,203827|1629479|1629481|1630101|1630149,complete,playbyplay_inferred,204323|1628269|1628277|1631009|1641650,complete,playbyplay_inferred
Shot Chart Detail,1022300067,424,1630149,Satou Sabally,1611661321,Dallas Wings,3,4,1,Made Shot,Turnaround Jump Shot,2PT Field Goal,Mid-Range,Center(C),8-16 ft.,14,-3,142,1,1,20230620,DAL,ATL,2023,1022300067424,15590,validated,203827,1,matched,playbyplayv2,1611661330,203827|1629480|1629481|1630149|1631007,complete,playbyplay_inferred,202658|204323|1628277|1628881|1631009,complete,playbyplay_inferred
Shot Chart Detail,1022300075,7,1630149,Satou Sabally,1611661321,Dallas Wings,1,9,42,Missed Shot,Pullup Jump shot,2PT Field Goal,In The Paint (Non-RA),Center(C),8-16 ft.,12,41,113,1,0,20230623,LAS,DAL,2023,10223000757,180,validated,,0,matched,playbyplayv2,1611661320,203827|1629479|1629481|1630101|1630149,complete,playbyplay_inferred,203014|204324|1628317|1628886|1628922,complete,playbyplay_inferred
Shot Chart Detail,1022300075,16,1630149,Satou Sabally,1611661321,Dallas Wings,1,8,54,Made Shot,Running Layup Shot,2PT Field Goal,Restricted Area,Center(C),Less Than 8 ft.,1,1,12,1,1,20230623,LAS,DAL,2023,102230007516,660,validated,,0,matched,playbyplayv2,1611661320,203827|1629479|1629481|1630101|1630149,complete,playbyplay_inferred,203014|204324|1628317|1628886|1628922,complete,playbyplay_inferred
Shot Chart Detail,1022300075,57,1630149,Satou Sabally,1611661321,Dallas Wings,1,4,46,Missed Shot,Jump Shot,3PT Field Goal,Above the Break 3,Left Side Center(LC),24+ ft.,24,-224,93,1,0,20230623,LAS,DAL,2023,102230007557,3140,validated,,0,matched,playbyplayv2,1611661320,203827|1629479|1629481|1630101|1630149,complete,playbyplay_inferred,202662|203014|204324|1628317|1628922,complete,playbyplay_inferred
Shot Chart Detail,1022300075,62,1630149,Satou Sabally,1611661321,Dallas Wings,1,4,13,Missed Shot,Layup Shot,2PT Field Goal,In The Paint (Non-RA),Center(C),Less Than 8 ft.,5,46,25,1,0,20230623,LAS,DAL,2023,102230007562,3470,validated,,0,matched,playbyplayv2,1611661320,203827|1629479|1629481|1630101|1630149,complete,playbyplay_inferred,202662|203014|204324|1628317|1628922,complete,playbyplay_inferred
Shot Chart Detail,1022300075,79,1630149,Satou Sabally,1611661321,Dallas Wings,1,3,32,Missed Shot,Running Jump Shot,3PT Field Goal,Above the Break 3,Left Side Center(LC),24+ ft.,23,-200,131,1,0,20230623,LAS,DAL,2023,102230007579,3880,validated,,0,matched,playbyplayv2,1611661320,203827|1629480|1629481|1630101|1630149,complete,playbyplay_inferred,202662|203014|203823|1628922|1641660,complete,playbyplay_inferred
Shot Chart Detail,1022300075,93,1630149,Satou Sabally,1611661321,Dallas Wings,1,2,11,Missed Shot,Jump Shot,3PT Field Goal,Above the Break 3,Right Side Center(RC),24+ ft.,24,138,207,1,0,20230623,LAS,DAL,2023,102230007593,4690,validated,,0,matched,playbyplayv2,1611661320,203827|1629480|1629481|1630101|1630149,complete,playbyplay_inferred,202662|203014|203823|1628922|1641660,complete,playbyplay_inferred
Shot Chart Detail,1022300075,200,1630149,Satou Sabally,1611661321,Dallas Wings,2,6,44,Missed Shot,Putback Layup Shot,2PT Field Goal,Restricted Area,Center(C),Less Than 8 ft.,0,0,-6,1,0,20230623,LAS,DAL,2023,1022300075200,7960,validated,,0,matched,playbyplayv2,1611661320,203827|1629479|1629481|1630149|1631007,complete,playbyplay_inferred,203823|204324|1628317|1628886|1631089,complete,playbyplay_inferred
Shot Chart Detail,1022300075,218,1630149,Satou Sabally,1611661321,Dallas Wings,2,4,56,Made Shot,Jump Shot,3PT Field Goal,Above the Break 3,Left Side Center(LC),24+ ft.,25,-129,218,1,1,20230623,LAS,DAL,2023,1022300075218,9040,validated,203827,1,matched,playbyplayv2,1611661320,203827|1629479|1629481|1630149|1631007,complete,playbyplay_inferred,203823|204324|1628317|1628886|1631089,complete,playbyplay_inferred
Shot Chart Detail,1022300075,223,1630149,Satou Sabally,1611661321,Dallas Wings,2,4,10,Missed Shot,Jump Bank Shot,2PT Field Goal,In The Paint (Non-RA),Center(C),Less Than 8 ft.,7,55,46,1,0,20230623,LAS,DAL,2023,1022300075223,9500,validated,,0,matched,playbyplayv2,1611661320,203827|1629479|1629481|1630149|1631007,complete,playbyplay_inferred,203823|204324|1628317|1628886|1631089,complete,playbyplay_inferred
Shot Chart Detail,1022300075,327,1630149,Satou Sabally,1611661321,Dallas Wings,3,6,10,Made Shot,Pullup Jump shot,2PT Field Goal,Mid-Range,Right Side(R),8-16 ft.,15,118,93,1,1,20230623,LAS,DAL,2023,1022300075327,14300,validated,,0,matched,playbyplayv2,1611661320,203827|1629479|1629481|1630101|1630149,complete,playbyplay_inferred,203014|204324|1628317|1628886|1628922,complete,playbyplay_inferred
Shot Chart Detail,1022300075,337,1630149,Satou Sabally,1611661321,Dallas Wings,3,5,28,Missed Shot,Jump Shot,3PT Field Goal,Above the Break 3,Right Side Center(RC),24+ ft.,24,116,220,1,0,20230623,LAS,DAL,2023,1022300075337,14720,validated,,0,matched,playbyplayv2,1611661320,203827|1629479|1629481|1630101|1630149,complete,playbyplay_inferred,203014|204324|1628317|1628886|1628922,complete,playbyplay_inferred
Shot Chart Detail,1022300075,464,1630149,Satou Sabally,1611661321,Dallas Wings,4,9,41,Made Shot,Driving Floating Bank Jump Shot,2PT Field Goal,In The Paint (Non-RA),Center(C),Less Than 8 ft.,4,31,34,1,1,20230623,LAS,DAL,2023,1022300075464,18190,validated,,0,matched,playbyplayv2,1611661320,203827|1629479|1629481|1630101|1630149,complete,playbyplay_inferred,203014|203823|1628886|1630996|1631089,complete,playbyplay_inferred
Shot Chart Detail,1022300075,483,1630149,Satou Sabally,1611661321,Dallas Wings,4,8,14,Made Shot,Running Layup Shot,2PT Field Goal,Restricted Area,Center(C),Less Than 8 ft.,1,0,17,1,1,20230623,LAS,DAL,2023,1022300075483,19060,validated,1629481,1,matched,playbyplayv2,1611661320,203827|1629479|1629481|1630101|1630149,complete,playbyplay_inferred,203014|203823|1630996|1631089|1641660,complete,playbyplay_inferred
Shot Chart Detail,1022300075,516,1630149,Satou Sabally,1611661321,Dallas Wings,4,5,47,Missed Shot,Driving Layup Shot,2PT Field Goal,In The Paint (Non-RA),Center(C),Less Than 8 ft.,5,37,37,1,0,20230623,LAS,DAL,2023,1022300075516,20530,validated,,0,matched,playbyplayv2,1611661320,203827|1629479|1629481|1630101|1630149,complete,playbyplay_inferred,203014|203823|1628886|1628922|1631089,complete,playbyplay_inferred
Shot Chart Detail,1022300080,17,1630149,Satou Sabally,1611661321,Dallas Wings,1,8,29,Made Shot,Jump Shot,3PT Field Goal,Above the Break 3,Center(C),24+ ft.,24,63,232,1,1,20230625,LAS,DAL,2023,102230008017,910,validated,1630101,1,matched,playbyplayv2,1611661320,203827|1629479|1629481|1630101|1630149,complete,playbyplay_inferred,203014|204324|1628317|1628886|1628922,complete,playbyplay_inferred
Shot Chart Detail,1022300080,49,1630149,Satou Sabally,1611661321,Dallas Wings,1,5,27,Missed Shot,Jump Shot,3PT Field Goal,Above the Break 3,Center(C),24+ ft.,24,5,243,1,0,20230625,LAS,DAL,2023,102230008049,2730,validated,,0,matched,playbyplayv2,1611661320,203827|1629479|1629481|1630101|1630149,complete,playbyplay_inferred,203014|204324|1628317|1628886|1628922,complete,playbyplay_inferred
Shot Chart Detail,1022300080,73,1630149,Satou Sabally,1611661321,Dallas Wings,1,4,29,Missed Shot,Hook Shot,2PT Field Goal,In The Paint (Non-RA),Center(C),Less Than 8 ft.,4,10,45,1,0,20230625,LAS,DAL,2023,102230008073,3310,validated,,0,matched,playbyplayv2,1611661320,203827|1629480|1629481|1630101|1630149,complete,playbyplay_inferred,203014|203823|204324|1628317|1628886,complete,playbyplay_inferred
Shot Chart Detail,1022300080,83,1630149,Satou Sabally,1611661321,Dallas Wings,1,3,46,Made Shot,Pullup Jump shot,3PT Field Goal,Above the Break 3,Left Side Center(LC),16-24 ft.,23,-166,169,1,1,20230625,LAS,DAL,2023,102230008083,3740,validated,1629481,1,matched,playbyplayv2,1611661320,203827|1629480|1629481|1630101|1630149,complete,playbyplay_inferred,203014|203823|204324|1628317|1628886,complete,playbyplay_inferred
Shot Chart Detail,1022300080,98,1630149,Satou Sabally,1611661321,Dallas Wings,1,2,7,Missed Shot,Driving Layup Shot,2PT Field Goal,Restricted Area,Center(C),Less Than 8 ft.,3,17,27,1,0,20230625,LAS,DAL,2023,102230008098,4730,validated,,0,matched,playbyplayv2,1611661320,203827|1629480|1629481|1630101|1630149,complete,playbyplay_inferred,203014|203823|204324|1628317|1628886,complete,playbyplay_inferred
Shot Chart Detail,1022300080,449,1630149,Satou Sabally,1611661321,Dallas Wings,4,8,40,Missed Shot,Jump Shot,2PT Field Goal,In The Paint (Non-RA),Center(C),Less Than 8 ft.,6,28,54,1,0,20230625,LAS,DAL,2023,1022300080449,18800,validated,,0,matched,playbyplayv2,1611661320,203827|1629479|1629481|1630101|1630149,complete,playbyplay_inferred,203014|204324|1628317|1628886|1631089,complete,playbyplay_inferred
Shot Chart Detail,1022300080,489,1630149,Satou Sabally,1611661321,Dallas Wings,4,4,14,Missed Shot,Driving Layup Shot,2PT Field Goal,Restricted Area,Center(C),Less Than 8 ft.,1,11,11,1,0,20230625,LAS,DAL,2023,1022300080489,21460,validated,,0,matched,playbyplayv2,1611661320,203827|1629480|1629481|1630101|1630149,complete,playbyplay_inferred,203014|204324|1628317|1628886|1631089,complete,playbyplay_inferred
Shot Chart Detail,1022300084,8,1630149,Satou Sabally,1611661321,Dallas Wings,1,9,32,Missed Shot,Jump Shot,3PT Field Goal,Above the Break 3,Center(C),24+ ft.,27,70,267,1,0,20230627,PHO,DAL,2023,10223000848,280,validated,,0,matched,playbyplayv2,1611661317,203827|1629479|1629481|1630101|1630149,complete,playbyplay_inferred,100940|203398|1627669|1629488|1630446,complete,playbyplay_inferred
Shot Chart Detail,1022300084,12,1630149,Satou Sabally,1611661321,Dallas Wings,1,8,56,Made Shot,Turnaround Jump Shot,2PT Field Goal,In The Paint (Non-RA),Center(C),8-16 ft.,10,15,99,1,1,20230627,PHO,DAL,2023,102230008412,640,validated,1630101,1,matched,playbyplayv2,1611661317,203827|1629479|1629481|1630101|1630149,complete,playbyplay_inferred,100940|203398|1627669|1629488|1630446,complete,playbyplay_inferred
Shot Chart Detail,1022300084,57,1630149,Satou Sabally,1611661321,Dallas Wings,1,5,17,Made Shot,Jump Shot,3PT Field Goal,Right Corner 3,Right Side(R),24+ ft.,23,234,22,1,1,20230627,PHO,DAL,2023,102230008457,2830,validated,1630101,1,matched,playbyplayv2,1611661317,203827|1629479|1629481|1630101|1630149,complete,playbyplay_inferred,100940|203398|1627669|1629488|1630446,complete,playbyplay_inferred
Shot Chart Detail,1022300084,74,1630149,Satou Sabally,1611661321,Dallas Wings,1,4,5,Missed Shot,Jump Shot,2PT Field Goal,In The Paint (Non-RA),Center(C),8-16 ft.,13,18,135,1,0,20230627,PHO,DAL,2023,102230008474,3550,validated,,0,matched,playbyplayv2,1611661317,203827|1629479|1629481|1630149|1631007,complete,playbyplay_inferred,100940|203398|1629488|1630134|1630446,complete,playbyplay_inferred
Shot Chart Detail,1022300084,110,1630149,Satou Sabally,1611661321,Dallas Wings,1,1,3,Made Shot,Running Layup Shot,2PT Field Goal,In The Paint (Non-RA),Center(C),Less Than 8 ft.,4,33,34,1,1,20230627,PHO,DAL,2023,1022300084110,5370,validated,,0,matched,playbyplayv2,1611661317,1629480|1629481|1630149|1630386|1631007,complete,playbyplay_inferred,1628268|1628287|1630134|1630446|1641690,complete,playbyplay_inferred
Shot Chart Detail,1022300084,153,1630149,Satou Sabally,1611661321,Dallas Wings,2,8,16,Missed Shot,Driving Layup Shot,2PT Field Goal,In The Paint (Non-RA),Center(C),Less Than 8 ft.,5,43,26,1,0,20230627,PHO,DAL,2023,1022300084153,7040,validated,,0,matched,playbyplayv2,1611661317,203827|1629480|1630101|1630149|1641652,complete,playbyplay_inferred,100940|203398|1627669|1629488|1630446,complete,playbyplay_inferred
Shot Chart Detail,1022300084,166,1630149,Satou Sabally,1611661321,Dallas Wings,2,7,25,Made Shot,Running Layup Shot,2PT Field Goal,Restricted Area,Center(C),Less Than 8 ft.,2,4,20,1,1,20230627,PHO,DAL,2023,1022300084166,7550,validated,1630101,1,matched,playbyplayv2,1611661317,203827|1629480|1630101|1630149|1641652,complete,playbyplay_inferred,100940|203398|1627669|1629488|1630446,complete,playbyplay_inferred
Shot Chart Detail,1022300084,193,1630149,Satou Sabally,1611661321,Dallas Wings,2,6,5,Missed Shot,Jump Shot,2PT Field Goal,Mid-Range,Left Side(L),16-24 ft.,17,-149,97,1,0,20230627,PHO,DAL,2023,1022300084193,8350,validated,,0,matched,playbyplayv2,1611661317,203827|1629480|1630101|1630149|1641652,complete,playbyplay_inferred,100940|203398|1628287|1629488|1630134,complete,playbyplay_inferred
Shot Chart Detail,1022300084,278,1630149,Satou Sabally,1611661321,Dallas Wings,2,0,35,Made Shot,Cutting Layup Shot,2PT Field Goal,Restricted Area,Center(C),Less Than 8 ft.,0,7,6,1,1,20230627,PHO,DAL,2023,1022300084278,11650,validated,1629481,1,matched,playbyplayv2,1611661317,1629481|1630149|1630386|1631007|1641652,complete,playbyplay_inferred,100940|203398|1627669|1629488|1630134,complete,playbyplay_inferred
Shot Chart Detail,1022300084,328,1630149,Satou Sabally,1611661321,Dallas Wings,3,7,51,Missed Shot,Jump Shot,3PT Field Goal,Above the Break 3,Left Side Center(LC),24+ ft.,23,-200,131,1,0,20230627,PHO,DAL,2023,1022300084328,13290,validated,,0,matched,playbyplayv2,1611661317,1629479|1629481|1630149|1630386|1631007,complete,playbyplay_inferred,203398|1627669|1629488|1630134|1630446,complete,playbyplay_inferred
Shot Chart Detail,1022300084,368,1630149,Satou Sabally,1611661321,Dallas Wings,3,4,57,Made Shot,Driving Layup Shot,2PT Field Goal,Restricted Area,Center(C),Less Than 8 ft.,1,10,-2,1,1,20230627,PHO,DAL,2023,1022300084368,15030,validated,,0,matched,playbyplayv2,1611661317,203827|1629479|1629480|1629481|1630149,complete,playbyplay_inferred,1628287|1629488|1630134|1630446|1641690,complete,playbyplay_inferred
Shot Chart Detail,1022300084,408,1630149,Satou Sabally,1611661321,Dallas Wings,3,1,55,Missed Shot,Layup Shot,2PT Field Goal,Restricted Area,Center(C),Less Than 8 ft.,2,18,-9,1,0,20230627,PHO,DAL,2023,1022300084408,16850,validated,,0,matched,playbyplayv2,1611661317,1629480|1629481|1630101|1630149|1641652,complete,playbyplay_inferred,1627669|1628287|1629488|1630134|1630446,complete,playbyplay_inferred
Shot Chart Detail,1022300084,430,1630149,Satou Sabally,1611661321,Dallas Wings,3,1,15,Missed Shot,Driving Floating Jump Shot,2PT Field Goal,In The Paint (Non-RA),Center(C),Less Than 8 ft.,7,-20,76,1,0,20230627,PHO,DAL,2023,1022300084430,17250,validated,,0,matched,playbyplayv2,1611661317,203827|1630101|1630149|1631007|1641652,complete,playbyplay_inferred,100940|203398|1627669|1629488|1630446,complete,playbyplay_inferred
Shot Chart Detail,1022300084,435,1630149,Satou Sabally,1611661321,Dallas Wings,3,0,30,Missed Shot,Jump Shot,3PT Field Goal,Above the Break 3,Left Side Center(LC),24+ ft.,25,-89,234,1,0,20230627,PHO,DAL,2023,1022300084435,17700,validated,,0,matched,playbyplayv2,1611661317,203827|1630101|1630149|1631007|1641652,complete,playbyplay_inferred,100940|203398|1627669|1629488|1630446,complete,playbyplay_inferred
Shot Chart Detail,1022300084,498,1630149,Satou Sabally,1611661321,Dallas Wings,4,6,10,Missed Shot,Driving Layup Shot,2PT Field Goal,Restricted Area,Center(C),Less Than 8 ft.,1,1,-18,1,0,20230627,PHO,DAL,2023,1022300084498,20300,validated,,0,matched,playbyplayv2,1611661317,203827|1629479|1629481|1630101|1630149,complete,playbyplay_inferred,1627669|1628287|1629488|1630134|1630446,complete,playbyplay_inferred
Shot Chart Detail,1022300096,14,1630149,Satou Sabally,1611661321,Dallas Wings,1,7,48,Missed Shot,Pullup Jump shot,2PT Field Goal,Mid-Range,Right Side(R),8-16 ft.,13,107,79,1,0,20230702,DAL,WAS,2023,102230009614,1320,validated,,0,matched,playbyplayv2,1611661322,203827|1629479|1629481|1630101|1630149,complete,playbyplay_inferred,203403|204320|204333|1628279|1628878,complete,playbyplay_inferred
Shot Chart Detail,1022300096,60,1630149,Satou Sabally,1611661321,Dallas Wings,1,5,2,Made Shot,Jump Shot,2PT Field Goal,Mid-Range,Left Side(L),8-16 ft.,10,-100,25,1,1,20230702,DAL,WAS,2023,102230009660,2980,validated,1629479,1,matched,playbyplayv2,1611661322,203824|203827|1629479|1630101|1630149,complete,playbyplay_inferred,203403|204333|1628279|1628878|1628899,complete,playbyplay_inferred
Shot Chart Detail,1022300096,76,1630149,Satou Sabally,1611661321,Dallas Wings,1,3,5,Missed Shot,Pullup Jump shot,2PT Field Goal,Mid-Range,Left Side(L),8-16 ft.,11,-83,86,1,0,20230702,DAL,WAS,2023,102230009676,4150,validated,,0,matched,playbyplayv2,1611661322,203824|203827|1629479|1630101|1630149,complete,playbyplay_inferred,203403|204333|1628278|1628878|1628899,complete,playbyplay_inferred
Shot Chart Detail,1022300096,79,1630149,Satou Sabally,1611661321,Dallas Wings,1,2,32,Made Shot,Cutting Layup Shot,2PT Field Goal,Restricted Area,Center(C),Less Than 8 ft.,1,-10,9,1,1,20230702,DAL,WAS,2023,102230009679,4480,validated,203824,1,matched,playbyplayv2,1611661322,203824|203827|1629479|1630101|1630149,complete,playbyplay_inferred,203403|204333|1628278|1628878|1628899,complete,playbyplay_inferred
Shot Chart Detail,1022300096,140,1630149,Satou Sabally,1611661321,Dallas Wings,2,9,43,Made Shot,Pullup Jump shot,2PT Field Goal,Mid-Range,Right Side(R),8-16 ft.,14,82,115,1,1,20230702,DAL,WAS,2023,1022300096140,6170,validated,203827,1,matched,playbyplayv2,1611661322,203827|1629479|1629481|1630101|1630149,complete,playbyplay_inferred,203403|204320|1628278|1628279|1628897,complete,playbyplay_inferred
Shot Chart Detail,1022300096,210,1630149,Satou Sabally,1611661321,Dallas Wings,2,3,46,Made Shot,Driving Floating Bank Jump Shot,2PT Field Goal,In The Paint (Non-RA),Center(C),8-16 ft.,13,-2,136,1,1,20230702,DAL,WAS,2023,1022300096210,9740,validated,,0,matched,playbyplayv2,1611661322,203824|203827|1629480|1629481|1630149,complete,playbyplay_inferred,203403|204333|1628279|1628878|1628899,complete,playbyplay_inferred
Shot Chart Detail,1022300096,281,1630149,Satou Sabally,1611661321,Dallas Wings,2,0,9,Made Shot,Cutting Layup Shot,2PT Field Goal,Restricted Area,Center(C),Less Than 8 ft.,3,-5,34,1,1,20230702,DAL,WAS,2023,1022300096281,11910,validated,1629479,1,matched,playbyplayv2,1611661322,203824|1629479|1630101|1630149|1630386,complete,playbyplay_inferred,203403|204320|204333|1628279|1628878,complete,playbyplay_inferred
Shot Chart Detail,1022300096,397,1630149,Satou Sabally,1611661321,Dallas Wings,3,3,38,Made Shot,Layup Shot,2PT Field Goal,Restricted Area,Center(C),Less Than 8 ft.,1,-3,12,1,1,20230702,DAL,WAS,2023,1022300096397,15820,validated,1629480,1,matched,playbyplayv2,1611661322,203827|1629480|1629481|1630149|1631007,complete,playbyplay_inferred,203403|204333|1628279|1628878|1628899,complete,playbyplay_inferred
Shot Chart Detail,1022300096,428,1630149,Satou Sabally,1611661321,Dallas Wings,3,1,21,Missed Shot,Driving Layup Shot,2PT Field Goal,Restricted Area,Center(C),Less Than 8 ft.,2,7,29,1,0,20230702,DAL,WAS,2023,1022300096428,17190,validated,,0,matched,playbyplayv2,1611661322,1629479|1629481|1630101|1630149|1630386,complete,playbyplay_inferred,1628278|1628279|1628878|1628897|1628899,complete,playbyplay_inferred
Shot Chart Detail,1022300096,435,1630149,Satou Sabally,1611661321,Dallas Wings,3,0,51,Made Shot,Jump Shot,3PT Field Goal,Above the Break 3,Left Side Center(LC),24+ ft.,26,-189,183,1,1,20230702,DAL,WAS,2023,1022300096435,17490,validated,1629481,1,matched,playbyplayv2,1611661322,1629479|1629481|1630101|1630149|1630386,complete,playbyplay_inferred,1628278|1628279|1628878|1628897|1628899,complete,playbyplay_inferred
Shot Chart Detail,1022300096,482,1630149,Satou Sabally,1611661321,Dallas Wings,4,8,20,Missed Shot,Jump Shot,2PT Field Goal,Mid-Range,Left Side Center(LC),16-24 ft.,21,-168,138,1,0,20230702,DAL,WAS,2023,1022300096482,19000,validated,,0,matched,playbyplayv2,1611661322,203827|1629480|1629481|1630101|1630149,complete,playbyplay_inferred,203403|204320|204333|1628278|1628897,complete,playbyplay_inferred
Shot Chart Detail,1022300096,484,1630149,Satou Sabally,1611661321,Dallas Wings,4,8,15,Missed Shot,Jump Shot,2PT Field Goal,Mid-Range,Left Side(L),8-16 ft.,14,-142,15,1,0,20230702,DAL,WAS,2023,1022300096484,19050,validated,,0,matched,playbyplayv2,1611661322,203827|1629480|1629481|1630101|1630149,complete,playbyplay_inferred,203403|204320|204333|1628278|1628897,complete,playbyplay_inferred
Shot Chart Detail,1022300096,570,1630149,Satou Sabally,1611661321,Dallas Wings,4,3,27,Made Shot,Running Jump Shot,2PT Field Goal,In The Paint (Non-RA),Center(C),8-16 ft.,8,0,87,1,1,20230702,DAL,WAS,2023,1022300096570,21930,validated,,0,matched,playbyplayv2,1611661322,1629481|1630101|1630149|1630386|1641652,complete,playbyplay_inferred,203403|204333|1628278|1628279|1628878,complete,playbyplay_inferred
Shot Chart Detail,1022300096,589,1630149,Satou Sabally,1611661321,Dallas Wings,4,2,30,Made Shot,Running Pull-Up Jump Shot,3PT Field Goal,Above the Break 3,Left Side Center(LC),24+ ft.,26,-168,205,1,1,20230702,DAL,WAS,2023,1022300096589,22500,validated,1629481,1,matched,playbyplayv2,1611661322,203827|1629479|1629481|1630149|1631007,complete,playbyplay_inferred,203403|204333|1628278|1628279|1628878,complete,playbyplay_inferred
Shot Chart Detail,1022300100,43,1630149,Satou Sabally,1611661321,Dallas Wings,1,6,21,Missed Shot,Jump Shot,2PT Field Goal,In The Paint (Non-RA),Center(C),8-16 ft.,12,35,125,1,0,20230705,LVA,DAL,2023,102230010043,2190,validated,,0,matched,playbyplayv2,1611661319,203827|1629479|1629481|1630101|1630149,complete,playbyplay_inferred,201496|202252|203833|1628932|1629498,complete,playbyplay_inferred
Shot Chart Detail,1022300100,59,1630149,Satou Sabally,1611661321,Dallas Wings,1,4,26,Made Shot,Turnaround Jump Shot,2PT Field Goal,Restricted Area,Center(C),Less Than 8 ft.,2,18,11,1,1,20230705,LVA,DAL,2023,102230010059,3340,validated,1630101,1,matched,playbyplayv2,1611661319,203827|1629479|1629481|1630101|1630149,complete,playbyplay_inferred,202252|203833|204329|1628932|1629498,complete,playbyplay_inferred
Shot Chart Detail,1022300100,79,1630149,Satou Sabally,1611661321,Dallas Wings,1,2,32,Made Shot,Driving Layup Shot,2PT Field Goal,Restricted Area,Center(C),Less Than 8 ft.,3,0,35,1,1,20230705,LVA,DAL,2023,102230010079,4480,validated,,0,matched,playbyplayv2,1611661319,203827|1629479|1629481|1630101|1630149,complete,playbyplay_inferred,202252|203833|204329|1628932|1631006,complete,playbyplay_inferred
Shot Chart Detail,1022300100,91,1630149,Satou Sabally,1611661321,Dallas Wings,1,1,37,Missed Shot,Layup Shot,2PT Field Goal,In The Paint (Non-RA),Center(C),Less Than 8 ft.,4,-22,38,1,0,20230705,LVA,DAL,2023,102230010091,5030,validated,,0,matched,playbyplayv2,1611661319,203824|203827|1629479|1629481|1630149,complete,playbyplay_inferred,202252|203833|204329|1628932|1631006,complete,playbyplay_inferred
Shot Chart Detail,1022300100,140,1630149,Satou Sabally,1611661321,Dallas Wings,2,8,56,Missed Shot,Jump Shot,3PT Field Goal,Above the Break 3,Center(C),24+ ft.,26,-10,260,1,0,20230705,LVA,DAL,2023,1022300100140,6640,validated,,0,matched,playbyplayv2,1611661319,203827|1629479|1629481|1630101|1630149,complete,playbyplay_inferred,201496|203833|1628932|1629498|1631006,complete,playbyplay_inferred
Shot Chart Detail,1022300105,12,1630149,Satou Sabally,1611661321,Dallas Wings,1,9,1,Missed Shot,Jump Shot,2PT Field Goal,Mid-Range,Right Side(R),8-16 ft.,12,125,24,1,0,20230707,DAL,LVA,2023,102230010512,590,validated,,0,matched,playbyplayv2,1611661319,203827|1629479|1629481|1630101|1630149,complete,playbyplay_inferred,201496|203833|1628276|1628932|1629498,complete,playbyplay_inferred
Shot Chart Detail,1022300105,27,1630149,Satou Sabally,1611661321,Dallas Wings,1,7,46,Made Shot,Running Layup Shot,2PT Field Goal,Restricted Area,Center(C),Less Than 8 ft.,1,5,15,1,1,20230707,DAL,LVA,2023,102230010527,1340,validated,1630101,1,matched,playbyplayv2,1611661319,203827|1629479|1629481|1630101|1630149,complete,playbyplay_inferred,201496|203833|1628276|1628932|1629498,complete,playbyplay_inferred
Shot Chart Detail,1022300105,31,1630149,Satou Sabally,1611661321,Dallas Wings,1,7,10,Missed Shot,Jump Shot,3PT Field Goal,Above the Break 3,Center(C),24+ ft.,25,71,248,1,0,20230707,DAL,LVA,2023,102230010531,1700,validated,,0,matched,playbyplayv2,1611661319,203827|1629479|1629481|1630101|1630149,complete,playbyplay_inferred,201496|203833|1628276|1628932|1629498,complete,playbyplay_inferred
Shot Chart Detail,1022300105,69,1630149,Satou Sabally,1611661321,Dallas Wings,1,4,24,Missed Shot,Jump Shot,2PT Field Goal,Mid-Range,Left Side Center(LC),16-24 ft.,19,-104,170,1,0,20230707,DAL,LVA,2023,102230010569,3360,validated,,0,matched,playbyplayv2,1611661319,203827|1629479|1629481|1630101|1630149,complete,playbyplay_inferred,203833|204329|1628276|1628932|1629498,complete,playbyplay_inferred
Shot Chart Detail,1022300105,74,1630149,Satou Sabally,1611661321,Dallas Wings,1,4,2,Made Shot,Jump Shot,3PT Field Goal,Above the Break 3,Right Side Center(RC),24+ ft.,25,94,234,1,1,20230707,DAL,LVA,2023,102230010574,3580,validated,1629481,1,matched,playbyplayv2,1611661319,203827|1629479|1629481|1630101|1630149,complete,playbyplay_inferred,203833|204329|1628276|1628932|1629498,complete,playbyplay_inferred
Shot Chart Detail,1022300105,155,1630149,Satou Sabally,1611661321,Dallas Wings,2,8,56,Missed Shot,Jump Shot,3PT Field Goal,Above the Break 3,Left Side Center(LC),24+ ft.,26,-162,207,1,0,20230707,DAL,LVA,2023,1022300105155,6640,validated,,0,matched,playbyplayv2,1611661319,203827|1629479|1629481|1630101|1630149,complete,playbyplay_inferred,201496|202252|203833|204329|1629498,complete,playbyplay_inferred
Shot Chart Detail,1022300105,332,1630149,Satou Sabally,1611661321,Dallas Wings,3,3,20,Made Shot,Driving Floating Jump Shot,2PT Field Goal,In The Paint (Non-RA),Center(C),8-16 ft.,12,16,124,1,1,20230707,DAL,LVA,2023,1022300105332,16000,validated,,0,matched,playbyplayv2,1611661319,203824|203827|1629479|1629481|1630149,complete,playbyplay_inferred,202252|204329|1628276|1628932|1629498,complete,playbyplay_inferred
Shot Chart Detail,1022300105,467,1630149,Satou Sabally,1611661321,Dallas Wings,4,2,47,Made Shot,Cutting Layup Shot,2PT Field Goal,Restricted Area,Center(C),Less Than 8 ft.,1,-4,11,1,1,20230707,DAL,LVA,2023,1022300105467,22330,validated,1630101,1,matched,playbyplayv2,1611661319,203827|1629479|1629481|1630101|1630149,complete,playbyplay_inferred,203833|204329|1628276|1628932|1629498,complete,playbyplay_inferred
Shot Chart Detail,1022300105,479,1630149,Satou Sabally,1611661321,Dallas Wings,4,2,9,Missed Shot,Driving Layup Shot,2PT Field Goal,In The Paint (Non-RA),Center(C),8-16 ft.,8,-6,87,1,0,20230707,DAL,LVA,2023,1022300105479,22710,validated,,0,matched,playbyplayv2,1611661319,203827|1629479|1629481|1630101|1630149,complete,playbyplay_inferred,203833|204329|1628276|1628932|1629498,complete,playbyplay_inferred
Shot Chart Detail,1022300105,508,1630149,Satou Sabally,1611661321,Dallas Wings,4,0,8,Missed Shot,Jump Shot,2PT Field Goal,Mid-Range,Right Side Center(RC),16-24 ft.,18,98,154,1,0,20230707,DAL,LVA,2023,1022300105508,23920,validated,,0,matched,playbyplayv2,1611661319,203827|1629479|1629481|1630101|1630149,complete,playbyplay_inferred,201496|202252|203833|1628932|1629498,complete,playbyplay_inferred
Shot Chart Detail,1022300109,13,1630149,Satou Sabally,1611661321,Dallas Wings,1,9,7,Made Shot,Turnaround Jump Shot,2PT Field Goal,Restricted Area,Center(C),Less Than 8 ft.,3,27,25,1,1,20230709,IND,DAL,2023,102230010913,530,validated,1629479,1,matched,playbyplayv2,1611661325,203827|1629479|1629481|1630101|1630149,complete,playbyplay_inferred,204365|1628909|1631019|1631086|1641648,complete,playbyplay_inferred
Shot Chart Detail,1022300109,25,1630149,Satou Sabally,1611661321,Dallas Wings,1,8,5,Missed Shot,Reverse Layup Shot,2PT Field Goal,Restricted Area,Center(C),Less Than 8 ft.,2,-21,4,1,0,20230709,IND,DAL,2023,102230010925,1150,validated,,0,matched,playbyplayv2,1611661325,203827|1629479|1629481|1630101|1630149,complete,playbyplay_inferred,204365|1628909|1631019|1631086|1641648,complete,playbyplay_inferred
Shot Chart Detail,1022300109,44,1630149,Satou Sabally,1611661321,Dallas Wings,1,6,5,Made Shot,Cutting Layup Shot,2PT Field Goal,Restricted Area,Center(C),Less Than 8 ft.,2,-21,9,1,1,20230709,IND,DAL,2023,102230010944,2350,validated,1629479,1,matched,playbyplayv2,1611661325,203827|1629479|1629481|1630101|1630149,complete,playbyplay_inferred,204365|1628909|1631019|1631086|1641648,complete,playbyplay_inferred
Shot Chart Detail,1022300109,95,1630149,Satou Sabally,1611661321,Dallas Wings,1,2,44,Missed Shot,Tip Layup Shot,2PT Field Goal,Restricted Area,Center(C),Less Than 8 ft.,0,0,-6,1,0,20230709,IND,DAL,2023,102230010995,4360,validated,,0,matched,playbyplayv2,1611661325,203824|203827|1629479|1629481|1630149,complete,playbyplay_inferred,204320|1628909|1628929|1630471|1631019,complete,playbyplay_inferred
Shot Chart Detail,1022300109,220,1630149,Satou Sabally,1611661321,Dallas Wings,2,4,6,Missed Shot,Driving Finger Roll Layup Shot,2PT Field Goal,In The Paint (Non-RA),Center(C),8-16 ft.,8,3,80,1,0,20230709,IND,DAL,2023,1022300109220,9540,validated,,0,matched,playbyplayv2,1611661325,203827|1629479|1629481|1630101|1630149,complete,playbyplay_inferred,204365|1631019|1631086|1641648|1641658,complete,playbyplay_inferred
Shot Chart Detail,1022300109,277,1630149,Satou Sabally,1611661321,Dallas Wings,2,0,0,Missed Shot,Jump Shot,3PT Field Goal,Above the Break 3,Center(C),24+ ft.,30,13,307,1,0,20230709,IND,DAL,2023,1022300109277,12000,validated,,0,matched,playbyplayv2,1611661325,203824|203827|1629481|1630149|1630386,complete,playbyplay_inferred,204320|1628909|1631019|1631086|1641658,complete,playbyplay_inferred
Shot Chart Detail,1022300109,337,1630149,Satou Sabally,1611661321,Dallas Wings,3,6,54,Missed Shot,Pullup Jump shot,2PT Field Goal,Mid-Range,Center(C),16-24 ft.,19,23,197,1,0,20230709,IND,DAL,2023,1022300109337,13860,validated,,0,matched,playbyplayv2,1611661325,203827|1629479|1629481|1630101|1630149,complete,playbyplay_inferred,204365|1628909|1628927|1631086|1641648,complete,playbyplay_inferred
Shot Chart Detail,1022300109,518,1630149,Satou Sabally,1611661321,Dallas Wings,4,3,57,Missed Shot,Jump Shot,2PT Field Goal,Mid-Range,Left Side Center(LC),16-24 ft.,18,-117,148,1,0,20230709,IND,DAL,2023,1022300109518,21630,validated,,0,matched,playbyplayv2,1611661325,1629479|1629481|1630101|1630149|1630386,complete,playbyplay_inferred,204365|1628909|1631019|1631086|1641648,complete,playbyplay_inferred
Shot Chart Detail,1022300117,32,1630149,Satou Sabally,1611661321,Dallas Wings,1,6,23,Made Shot,Jump Shot,2PT Field Goal,Mid-Range,Left Side Center(LC),16-24 ft.,19,-73,178,1,1,20230712,MIN,DAL,2023,102230011732,2170,validated,1630101,1,matched,playbyplayv2,1611661324,203827|1629479|1629481|1630101|1630149,complete,playbyplay_inferred,203825|1628263|1629483|1641649|1641657,complete,playbyplay_inferred
Shot Chart Detail,1022300117,49,1630149,Satou Sabally,1611661321,Dallas Wings,1,4,55,Missed Shot,Step Back Jump shot,3PT Field Goal,Above the Break 3,Right Side Center(RC),16-24 ft.,23,147,186,1,0,20230712,MIN,DAL,2023,102230011749,3050,validated,,0,matched,playbyplayv2,1611661324,203827|1629479|1629481|1630101|1630149,complete,playbyplay_inferred,203825|1628263|1629483|1641649|1641657,complete,playbyplay_inferred
Shot Chart Detail,1022300117,87,1630149,Satou Sabally,1611661321,Dallas Wings,1,2,6,Made Shot,Jump Shot,3PT Field Goal,Above the Break 3,Right Side Center(RC),24+ ft.,24,180,162,1,1,20230712,MIN,DAL,2023,102230011787,4740,validated,203827,1,matched,playbyplayv2,1611661324,203824|203827|1629479|1629481|1630149,complete,playbyplay_inferred,203825|1628263|1629483|1629524|1631263,complete,playbyplay_inferred
Shot Chart Detail,1022300117,91,1630149,Satou Sabally,1611661321,Dallas Wings,1,1,48,Missed Shot,Jump Shot,2PT Field Goal,Mid-Range,Left Side Center(LC),16-24 ft.,21,-161,148,1,0,20230712,MIN,DAL,2023,102230011791,4920,validated,,0,matched,playbyplayv2,1611661324,203824|203827|1629479|1629481|1630149,complete,playbyplay_inferred,203825|1628263|1629483|1629524|1631263,complete,playbyplay_inferred
Shot Chart Detail,1022300117,101,1630149,Satou Sabally,1611661321,Dallas Wings,1,1,11,Made Shot,Driving Reverse Layup Shot,2PT Field Goal,Restricted Area,Center(C),Less Than 8 ft.,1,-18,6,1,1,20230712,MIN,DAL,2023,1022300117101,5290,validated,,0,matched,playbyplayv2,1611661324,203824|203827|1629481|1630149|1641652,complete,playbyplay_inferred,1627671|1628263|1629483|1629524|1631263,complete,playbyplay_inferred
Shot Chart Detail,1022300117,104,1630149,Satou Sabally,1611661321,Dallas Wings,1,0,37,Made Shot,Jump Shot,3PT Field Goal,Above the Break 3,Right Side(R),16-24 ft.,22,207,88,1,1,20230712,MIN,DAL,2023,1022300117104,5630,validated,203827,1,matched,playbyplayv2,1611661324,203824|203827|1629481|1630149|1641652,complete,playbyplay_inferred,1627671|1628263|1629483|1629524|1631263,complete,playbyplay_inferred
Shot Chart Detail,1022300117,108,1630149,Satou Sabally,1611661321,Dallas Wings,1,0,5,Missed Shot,Layup Shot,2PT Field Goal,Mid-Range,Right Side(R),8-16 ft.,8,89,11,1,0,20230712,MIN,DAL,2023,1022300117108,5950,validated,,0,matched,playbyplayv2,1611661324,203824|203827|1629481|1630149|1641652,complete,playbyplay_inferred,1627671|1628263|1629483|1629524|1631263,complete,playbyplay_inferred
Shot Chart Detail,1022300117,132,1630149,Satou Sabally,1611661321,Dallas Wings,2,8,15,Missed Shot,Pullup Jump shot,2PT Field Goal,Mid-Range,Right Side(R),8-16 ft.,12,118,31,1,0,20230712,MIN,DAL,2023,1022300117132,7050,validated,,0,matched,playbyplayv2,1611661324,203827|1629479|1629481|1630101|1630149,complete,playbyplay_inferred,1627671|1628263|1629483|1629524|1641657,complete,playbyplay_inferred
Shot Chart Detail,1022300117,289,1630149,Satou Sabally,1611661321,Dallas Wings,3,7,31,Missed Shot,Jump Shot,2PT Field Goal,Mid-Range,Center(C),16-24 ft.,17,7,172,1,0,20230712,MIN,DAL,2023,1022300117289,13490,validated,,0,matched,playbyplayv2,1611661324,203827|1629479|1629481|1630101|1630149,complete,playbyplay_inferred,203825|1628263|1629483|1641649|1641657,complete,playbyplay_inferred
Shot Chart Detail,1022300117,301,1630149,Satou Sabally,1611661321,Dallas Wings,3,6,30,Made Shot,Jump Shot,3PT Field Goal,Above the Break 3,Center(C),24+ ft.,24,-1,246,1,1,20230712,MIN,DAL,2023,1022300117301,14100,validated,1630101,1,matched,playbyplayv2,1611661324,203827|1629479|1629481|1630101|1630149,complete,playbyplay_inferred,203825|1628263|1629483|1641649|1641657,complete,playbyplay_inferred
Shot Chart Detail,1022300117,323,1630149,Satou Sabally,1611661321,Dallas Wings,3,5,24,Missed Shot,Jump Shot,3PT Field Goal,Above the Break 3,Right Side(R),24+ ft.,22,222,43,1,0,20230712,MIN,DAL,2023,1022300117323,14760,validated,,0,matched,playbyplayv2,1611661324,203827|1629479|1629481|1630101|1630149,complete,playbyplay_inferred,203825|1627671|1629524|1631083|1631263,complete,playbyplay_inferred
Shot Chart Detail,1022300117,371,1630149,Satou Sabally,1611661321,Dallas Wings,3,1,34,Missed Shot,Jump Shot,3PT Field Goal,Above the Break 3,Left Side Center(LC),24+ ft.,24,-85,226,1,0,20230712,MIN,DAL,2023,1022300117371,17060,validated,,0,matched,playbyplayv2,1611661324,203824|203827|1629479|1629481|1630149,complete,playbyplay_inferred,1627671|1629524|1631083|1631263|1641672,complete,playbyplay_inferred
Shot Chart Detail,1022300117,406,1630149,Satou Sabally,1611661321,Dallas Wings,4,9,3,Made Shot,Jump Shot,3PT Field Goal,Above the Break 3,Left Side Center(LC),24+ ft.,24,-133,200,1,1,20230712,MIN,DAL,2023,1022300117406,18570,validated,1641652,1,matched,playbyplayv2,1611661324,1629479|1629481|1630101|1630149|1641652,complete,playbyplay_inferred,1627671|1629524|1631083|1631263|1641672,complete,playbyplay_inferred
Shot Chart Detail,1022300117,409,1630149,Satou Sabally,1611661321,Dallas Wings,4,8,29,Made Shot,Jump Shot,3PT Field Goal,Above the Break 3,Center(C),24+ ft.,24,21,249,1,1,20230712,MIN,DAL,2023,1022300117409,18910,validated,1629479,1,matched,playbyplayv2,1611661324,1629479|1629481|1630101|1630149|1641652,complete,playbyplay_inferred,1627671|1629524|1631083|1631263|1641672,complete,playbyplay_inferred
Shot Chart Detail,1022300123,9,1630149,Satou Sabally,1611661321,Dallas Wings,1,9,18,Missed Shot,Jump Shot,2PT Field Goal,Mid-Range,Left Side(L),8-16 ft.,12,-125,20,1,0,20230719,NYL,DAL,2023,10223001239,420,validated,,0,matched,playbyplayv2,1611661313,203827|1629479|1629481|1630101|1630149,complete,playbyplay_inferred,202664|204335|1627668|1627673|1629477,complete,playbyplay_inferred
Shot Chart Detail,1022300123,25,1630149,Satou Sabally,1611661321,Dallas Wings,1,7,6,Missed Shot,Jump Shot,2PT Field Goal,Mid-Range,Right Side Center(RC),16-24 ft.,18,143,120,1,0,20230719,NYL,DAL,2023,102230012325,1740,validated,,0,matched,playbyplayv2,1611661313,203827|1629479|1629481|1630101|1630149,complete,playbyplay_inferred,202664|204335|1627668|1627673|1629477,complete,playbyplay_inferred
Shot Chart Detail,1022300123,54,1630149,Satou Sabally,1611661321,Dallas Wings,1,4,26,Missed Shot,Layup Shot,2PT Field Goal,Restricted Area,Center(C),Less Than 8 ft.,2,-19,12,1,0,20230719,NYL,DAL,2023,102230012354,3340,validated,,0,matched,playbyplayv2,1611661313,203827|1629479|1629481|1630101|1630149,complete,playbyplay_inferred,202664|204335|1627668|1627673|1629477,complete,playbyplay_inferred
Shot Chart Detail,1022300123,159,1630149,Satou Sabally,1611661321,Dallas Wings,2,8,29,Made Shot,Jump Shot,3PT Field Goal,Above the Break 3,Left Side Center(LC),24+ ft.,24,-154,188,1,1,20230719,NYL,DAL,2023,1022300123159,6910,validated,1630101,1,matched,playbyplayv2,1611661313,203827|1629479|1629481|1630101|1630149,complete,playbyplay_inferred,202664|203866|1627673|1629477|1629546,complete,playbyplay_inferred
Shot Chart Detail,1022300123,173,1630149,Satou Sabally,1611661321,Dallas Wings,2,7,29,Missed Shot,Jump Shot,3PT Field Goal,Above the Break 3,Right Side Center(RC),24+ ft.,25,89,236,1,0,20230719,NYL,DAL,2023,1022300123173,7510,validated,,0,matched,playbyplayv2,1611661313,203827|1629479|1629481|1630101|1630149,complete,playbyplay_inferred,202664|203866|1627668|1627673|1629477,complete,playbyplay_inferred
Shot Chart Detail,1022300123,205,1630149,Satou Sabally,1611661321,Dallas Wings,2,5,55,Missed Shot,Pullup Jump shot,2PT Field Goal,In The Paint (Non-RA),Center(C),8-16 ft.,9,-38,83,1,0,20230719,NYL,DAL,2023,1022300123205,8450,validated,,0,matched,playbyplayv2,1611661313,203827|1629479|1629481|1630101|1630149,complete,playbyplay_inferred,202664|204335|1627668|1629477|1631055,complete,playbyplay_inferred
Shot Chart Detail,1022300123,208,1630149,Satou Sabally,1611661321,Dallas Wings,2,5,31,Missed Shot,Jump Shot,3PT Field Goal,Above the Break 3,Right Side Center(RC),24+ ft.,26,90,244,1,0,20230719,NYL,DAL,2023,1022300123208,8690,validated,,0,matched,playbyplayv2,1611661313,203827|1629479|1629481|1630101|1630149,complete,playbyplay_inferred,202664|204335|1627668|1629477|1631055,complete,playbyplay_inferred
Shot Chart Detail,1022300123,307,1630149,Satou Sabally,1611661321,Dallas Wings,3,9,37,Made Shot,Layup Shot,2PT Field Goal,Restricted Area,Center(C),Less Than 8 ft.,2,-13,23,1,1,20230719,NYL,DAL,2023,1022300123307,12230,validated,1630101,1,matched,playbyplayv2,1611661313,203827|1629479|1629481|1630101|1630149,complete,playbyplay_inferred,202664|204335|1627668|1627673|1629477,complete,playbyplay_inferred
Shot Chart Detail,1022300123,310,1630149,Satou Sabally,1611661321,Dallas Wings,3,9,5,Missed Shot,Pullup Jump shot,2PT Field Goal,In The Paint (Non-RA),Center(C),8-16 ft.,11,-42,110,1,0,20230719,NYL,DAL,2023,1022300123310,12550,validated,,0,matched,playbyplayv2,1611661313,203827|1629479|1629481|1630101|1630149,complete,playbyplay_inferred,202664|204335|1627668|1627673|1629477,complete,playbyplay_inferred
Shot Chart Detail,1022300123,318,1630149,Satou Sabally,1611661321,Dallas Wings,3,8,7,Made Shot,Hook Shot,2PT Field Goal,In The Paint (Non-RA),Center(C),Less Than 8 ft.,4,-20,36,1,1,20230719,NYL,DAL,2023,1022300123318,13130,validated,1630101,1,matched,playbyplayv2,1611661313,203827|1629479|1629481|1630101|1630149,complete,playbyplay_inferred,202664|204335|1627668|1627673|1629477,complete,playbyplay_inferred
Shot Chart Detail,1022300123,445,1630149,Satou Sabally,1611661321,Dallas Wings,4,9,41,Missed Shot,Turnaround Bank shot,2PT Field Goal,In The Paint (Non-RA),Center(C),Less Than 8 ft.,7,44,56,1,0,20230719,NYL,DAL,2023,1022300123445,18190,validated,,0,matched,playbyplayv2,1611661313,1629479|1629481|1630101|1630149|1630386,complete,playbyplay_inferred,202664|1627668|1629546|1630139|1631055,complete,playbyplay_inferred
Shot Chart Detail,1022300123,483,1630149,Satou Sabally,1611661321,Dallas Wings,4,6,37,Missed Shot,Jump Shot,2PT Field Goal,Mid-Range,Left Side Center(LC),16-24 ft.,19,-73,186,1,0,20230719,NYL,DAL,2023,1022300123483,20030,validated,,0,matched,playbyplayv2,1611661313,203827|1629479|1629481|1630101|1630149,complete,playbyplay_inferred,202664|1627668|1627673|1629546|1630139,complete,playbyplay_inferred
Shot Chart Detail,1022300123,538,1630149,Satou Sabally,1611661321,Dallas Wings,4,2,15,Made Shot,Floating Jump shot,2PT Field Goal,In The Paint (Non-RA),Center(C),8-16 ft.,10,-49,97,1,1,20230719,NYL,DAL,2023,1022300123538,22650,validated,,0,matched,playbyplayv2,1611661313,203824|203827|1629480|1629481|1630149,complete,playbyplay_inferred,202664|1627668|1627673|1629477|1629546,complete,playbyplay_inferred
Shot Chart Detail,1022300131,38,1630149,Satou Sabally,1611661321,Dallas Wings,1,6,37,Missed Shot,Floating Jump shot,2PT Field Goal,In The Paint (Non-RA),Center(C),8-16 ft.,9,1,92,1,0,20230722,DAL,LAS,2023,102230013138,2030,validated,,0,matched,playbyplayv2,1611661320,203827|1629479|1629481|1630101|1630149,complete,playbyplay_inferred,203014|203406|1628882|1628886|1628922,complete,playbyplay_inferred
Shot Chart Detail,1022300131,54,1630149,Satou Sabally,1611661321,Dallas Wings,1,5,10,Made Shot,Pullup Jump shot,2PT Field Goal,Mid-Range,Right Side(R),8-16 ft.,13,93,96,1,1,20230722,DAL,LAS,2023,102230013154,2900,validated,1629481,1,matched,playbyplayv2,1611661320,203827|1629480|1629481|1630101|1630149,complete,playbyplay_inferred,203014|203406|1628882|1628886|1628922,complete,playbyplay_inferred
Shot Chart Detail,1022300131,66,1630149,Satou Sabally,1611661321,Dallas Wings,1,3,59,Made Shot,Driving Layup Shot,2PT Field Goal,Restricted Area,Center(C),Less Than 8 ft.,1,7,10,1,1,20230722,DAL,LAS,2023,102230013166,3610,validated,203827,1,matched,playbyplayv2,1611661320,203827|1629480|1629481|1630101|1630149,complete,playbyplay_inferred,203014|203406|204324|1628882|1628886,complete,playbyplay_inferred
Shot Chart Detail,1022300131,127,1630149,Satou Sabally,1611661321,Dallas Wings,2,9,26,Made Shot,Pullup Jump shot,2PT Field Goal,Mid-Range,Center(C),8-16 ft.,14,21,146,1,1,20230722,DAL,LAS,2023,1022300131127,6340,validated,1630101,1,matched,playbyplayv2,1611661320,203827|1629479|1629481|1630101|1630149,complete,playbyplay_inferred,202662|203406|204324|1628922|1641660,complete,playbyplay_inferred
Shot Chart Detail,1022300131,159,1630149,Satou Sabally,1611661321,Dallas Wings,2,6,47,Missed Shot,Driving Layup Shot,2PT Field Goal,Restricted Area,Center(C),Less Than 8 ft.,1,-10,-3,1,0,20230722,DAL,LAS,2023,1022300131159,7930,validated,,0,matched,playbyplayv2,1611661320,203827|1629479|1629481|1630101|1630149,complete,playbyplay_inferred,203014|203406|204324|1628882|1628886,complete,playbyplay_inferred
Shot Chart Detail,1022300131,164,1630149,Satou Sabally,1611661321,Dallas Wings,2,6,22,Missed Shot,Jump Shot,3PT Field Goal,Above the Break 3,Center(C),24+ ft.,25,9,253,1,0,20230722,DAL,LAS,2023,1022300131164,8180,validated,,0,matched,playbyplayv2,1611661320,203827|1629479|1629481|1630101|1630149,complete,playbyplay_inferred,203014|203406|204324|1628882|1628886,complete,playbyplay_inferred
Shot Chart Detail,1022300131,172,1630149,Satou Sabally,1611661321,Dallas Wings,2,5,27,Made Shot,Cutting Layup Shot,2PT Field Goal,Restricted Area,Center(C),Less Than 8 ft.,0,-6,0,1,1,20230722,DAL,LAS,2023,1022300131172,8730,validated,1629481,1,matched,playbyplayv2,1611661320,203827|1629479|1629481|1630101|1630149,complete,playbyplay_inferred,203014|203406|204324|1628882|1628886,complete,playbyplay_inferred
Shot Chart Detail,1022300131,187,1630149,Satou Sabally,1611661321,Dallas Wings,2,3,55,Made Shot,Running Finger Roll Layup Shot,2PT Field Goal,Restricted Area,Center(C),Less Than 8 ft.,1,15,7,1,1,20230722,DAL,LAS,2023,1022300131187,9650,validated,,0,matched,playbyplayv2,1611661320,203827|1629479|1629481|1630101|1630149,complete,playbyplay_inferred,203014|203406|204324|1628882|1628886,complete,playbyplay_inferred
Shot Chart Detail,1022300131,223,1630149,Satou Sabally,1611661321,Dallas Wings,2,1,34,Made Shot,Jump Shot,3PT Field Goal,Above the Break 3,Right Side Center(RC),24+ ft.,24,85,225,1,1,20230722,DAL,LAS,2023,1022300131223,11060,validated,203824,1,matched,playbyplayv2,1611661320,203824|203827|1629481|1630149|1630386,complete,playbyplay_inferred,203014|204324|1628882|1628886|1630996,complete,playbyplay_inferred
Shot Chart Detail,1022300131,236,1630149,Satou Sabally,1611661321,Dallas Wings,2,0,31,Made Shot,Driving Layup Shot,2PT Field Goal,Restricted Area,Center(C),Less Than 8 ft.,0,6,-1,1,1,20230722,DAL,LAS,2023,1022300131236,11690,validated,,0,matched,playbyplayv2,1611661320,203824|203827|1629481|1630149|1630386,complete,playbyplay_inferred,203014|203406|204324|1628882|1628886,complete,playbyplay_inferred
Shot Chart Detail,1022300131,353,1630149,Satou Sabally,1611661321,Dallas Wings,3,0,57,Missed Shot,Jump Shot,3PT Field Goal,Above the Break 3,Left Side Center(LC),24+ ft.,24,-154,190,1,0,20230722,DAL,LAS,2023,1022300131353,17430,validated,,0,matched,playbyplayv2,1611661320,203824|203827|1630149|1630386|1641652,complete,playbyplay_inferred,204324|1628882|1628886|1628922|1630996,complete,playbyplay_inferred
Shot Chart Detail,1022300131,363,1630149,Satou Sabally,1611661321,Dallas Wings,3,0,1,Made Shot,Floating Jump shot,2PT Field Goal,Restricted Area,Center(C),Less Than 8 ft.,0,0,6,1,1,20230722,DAL,LAS,2023,1022300131363,17990,validated,,0,matched,playbyplayv2,1611661320,203824|203827|1630149|1630386|1641652,complete,playbyplay_inferred,204324|1628882|1628886|1628922|1630996,complete,playbyplay_inferred
Shot Chart Detail,1022300131,384,1630149,Satou Sabally,1611661321,Dallas Wings,4,8,42,Missed Shot,Driving Layup Shot,2PT Field Goal,Restricted Area,Center(C),Less Than 8 ft.,1,4,17,1,0,20230722,DAL,LAS,2023,1022300131384,18780,validated,,0,matched,playbyplayv2,1611661320,203824|203827|1629479|1629481|1630149,complete,playbyplay_inferred,203406|204324|1628882|1628922|1630996,complete,playbyplay_inferred
Shot Chart Detail,1022300131,397,1630149,Satou Sabally,1611661321,Dallas Wings,4,7,0,Missed Shot,Running Layup Shot,2PT Field Goal,Restricted Area,Center(C),Less Than 8 ft.,2,4,22,1,0,20230722,DAL,LAS,2023,1022300131397,19800,validated,,0,matched,playbyplayv2,1611661320,203824|203827|1629479|1629481|1630149,complete,playbyplay_inferred,203406|204324|1628882|1628922|1630996,complete,playbyplay_inferred
Shot Chart Detail,1022300131,399,1630149,Satou Sabally,1611661321,Dallas Wings,4,6,57,Made Shot,Putback Layup Shot,2PT Field Goal,Restricted Area,Center(C),Less Than 8 ft.,1,-3,19,1,1,20230722,DAL,LAS,2023,1022300131399,19830,validated,,0,matched,playbyplayv2,1611661320,203824|203827|1629479|1629481|1630149,complete,playbyplay_inferred,203406|204324|1628882|1628922|1630996,complete,playbyplay_inferred
Shot Chart Detail,1022300131,427,1630149,Satou Sabally,1611661321,Dallas Wings,4,5,17,Made Shot,Putback Layup Shot,2PT Field Goal,Restricted Area,Center(C),Less Than 8 ft.,1,-1,18,1,1,20230722,DAL,LAS,2023,1022300131427,20830,validated,,0,matched,playbyplayv2,1611661320,203827|1629479|1629481|1630101|1630149,complete,playbyplay_inferred,203014|203406|204324|1628882|1628886,complete,playbyplay_inferred
Shot Chart Detail,1022300138,22,1630149,Satou Sabally,1611661321,Dallas Wings,1,8,24,Missed Shot,Jump Shot,3PT Field Goal,Above the Break 3,Right Side Center(RC),16-24 ft.,23,171,161,1,0,20230725,DAL,CON,2023,102230013822,960,validated,,0,matched,playbyplayv2,1611661323,203827|1629479|1629481|1630101|1630149,complete,playbyplay_inferred,201886|203026|203826|204296|1629567,complete,playbyplay_inferred
Shot Chart Detail,1022300138,53,1630149,Satou Sabally,1611661321,Dallas Wings,1,5,12,Missed Shot,Running Layup Shot,2PT Field Goal,Restricted Area,Center(C),Less Than 8 ft.,2,-22,11,1,0,20230725,DAL,CON,2023,102230013853,2880,validated,,0,matched,playbyplayv2,1611661323,203827|1629479|1629481|1630101|1630149,complete,playbyplay_inferred,201886|203026|203826|204296|1629567,complete,playbyplay_inferred
Shot Chart Detail,1022300138,57,1630149,Satou Sabally,1611661321,Dallas Wings,1,5,4,Made Shot,Cutting Layup Shot,2PT Field Goal,In The Paint (Non-RA),Center(C),Less Than 8 ft.,4,1,47,1,1,20230725,DAL,CON,2023,102230013857,2960,validated,203827,1,matched,playbyplayv2,1611661323,203827|1629479|1629481|1630101|1630149,complete,playbyplay_inferred,201886|203026|203826|204296|1629567,complete,playbyplay_inferred
Shot Chart Detail,1022300138,72,1630149,Satou Sabally,1611661321,Dallas Wings,1,4,15,Missed Shot,Driving Layup Shot,2PT Field Goal,Restricted Area,Center(C),Less Than 8 ft.,2,21,20,1,0,20230725,DAL,CON,2023,102230013872,3450,validated,,0,matched,playbyplayv2,1611661323,203824|203827|1629479|1629481|1630149,complete,playbyplay_inferred,201886|203026|203826|204296|1629567,complete,playbyplay_inferred
Shot Chart Detail,1022300138,92,1630149,Satou Sabally,1611661321,Dallas Wings,1,3,15,Missed Shot,Jump Shot,3PT Field Goal,Above the Break 3,Left Side(L),24+ ft.,23,-232,42,1,0,20230725,DAL,CON,2023,102230013892,4050,validated,,0,matched,playbyplayv2,1611661323,203824|203827|1629479|1629481|1630149,complete,playbyplay_inferred,201886|203026|203826|204296|1629567,complete,playbyplay_inferred
Shot Chart Detail,1022300138,105,1630149,Satou Sabally,1611661321,Dallas Wings,1,1,47,Made Shot,Running Jump Shot,2PT Field Goal,Mid-Range,Left Side(L),8-16 ft.,12,-110,63,1,1,20230725,DAL,CON,2023,1022300138105,4930,validated,203824,1,matched,playbyplayv2,1611661323,203824|203827|1629479|1629481|1630149,complete,playbyplay_inferred,201886|203026|203826|204296|1629567,complete,playbyplay_inferred
Shot Chart Detail,1022300138,263,1630149,Satou Sabally,1611661321,Dallas Wings,3,8,59,Made Shot,Driving Layup Shot,2PT Field Goal,In The Paint (Non-RA),Right Side(R),8-16 ft.,9,76,49,1,1,20230725,DAL,CON,2023,1022300138263,12610,validated,,0,matched,playbyplayv2,1611661323,203827|1629479|1629481|1630101|1630149,complete,playbyplay_inferred,201886|203026|203826|204296|1629567,complete,playbyplay_inferred
Shot Chart Detail,1022300138,268,1630149,Satou Sabally,1611661321,Dallas Wings,3,8,35,Made Shot,Step Back Jump shot,2PT Field Goal,Mid-Range,Center(C),16-24 ft.,17,-29,169,1,1,20230725,DAL,CON,2023,1022300138268,12850,validated,1630101,1,matched,playbyplayv2,1611661323,203827|1629479|1629481|1630101|1630149,complete,playbyplay_inferred,201886|203026|203826|204296|1629567,complete,playbyplay_inferred
Shot Chart Detail,1022300138,287,1630149,Satou Sabally,1611661321,Dallas Wings,3,6,42,Made Shot,Jump Shot,3PT Field Goal,Right Corner 3,Right Side(R),24+ ft.,22,229,17,1,1,20230725,DAL,CON,2023,1022300138287,13980,validated,203827,1,matched,playbyplayv2,1611661323,203827|1629479|1629481|1630101|1630149,complete,playbyplay_inferred,201886|203026|203826|204296|1629567,complete,playbyplay_inferred
Shot Chart Detail,1022300138,299,1630149,Satou Sabally,1611661321,Dallas Wings,3,6,3,Missed Shot,Driving Floating Jump Shot,2PT Field Goal,In The Paint (Non-RA),Center(C),Less Than 8 ft.,6,36,60,1,0,20230725,DAL,CON,2023,1022300138299,14370,validated,,0,matched,playbyplayv2,1611661323,203827|1629479|1629481|1630149|1631007,complete,playbyplay_inferred,201886|203026|203826|204296|1629567,complete,playbyplay_inferred
Shot Chart Detail,1022300138,327,1630149,Satou Sabally,1611661321,Dallas Wings,3,4,19,Missed Shot,Jump Shot,2PT Field Goal,Mid-Range,Right Side(R),8-16 ft.,15,156,20,1,0,20230725,DAL,CON,2023,1022300138327,15410,validated,,0,matched,playbyplayv2,1611661323,1629479|1629481|1630149|1630386|1631007,complete,playbyplay_inferred,201886|203026|203826|204296|1629567,complete,playbyplay_inferred
Shot Chart Detail,1022300138,405,1630149,Satou Sabally,1611661321,Dallas Wings,4,7,53,Missed Shot,Jump Shot,3PT Field Goal,Above the Break 3,Right Side Center(RC),24+ ft.,25,205,157,1,0,20230725,DAL,CON,2023,1022300138405,19270,validated,,0,matched,playbyplayv2,1611661323,203827|1629479|1629481|1630101|1630149,complete,playbyplay_inferred,201886|203026|203826|1629567|1631135,complete,playbyplay_inferred
Shot Chart Detail,1022300138,498,1630149,Satou Sabally,1611661321,Dallas Wings,4,1,37,Missed Shot,Jump Shot,3PT Field Goal,Above the Break 3,Right Side Center(RC),24+ ft.,28,140,245,1,0,20230725,DAL,CON,2023,1022300138498,23030,validated,,0,matched,playbyplayv2,1611661323,203827|1629479|1629481|1630101|1630149,complete,playbyplay_inferred,201886|203026|203826|1629567|1631135,complete,playbyplay_inferred
Shot Chart Detail,1022300138,504,1630149,Satou Sabally,1611661321,Dallas Wings,4,0,55,Missed Shot,Jump Shot,2PT Field Goal,Mid-Range,Right Side(R),8-16 ft.,14,138,27,1,0,20230725,DAL,CON,2023,1022300138504,23450,validated,,0,matched,playbyplayv2,1611661323,203827|1629479|1629481|1630101|1630149,complete,playbyplay_inferred,201886|203026|203826|1629567|1631135,complete,playbyplay_inferred
Shot Chart Detail,1022300138,506,1630149,Satou Sabally,1611661321,Dallas Wings,4,0,51,Made Shot,Driving Layup Shot,2PT Field Goal,In The Paint (Non-RA),Center(C),Less Than 8 ft.,5,47,28,1,1,20230725,DAL,CON,2023,1022300138506,23490,validated,,0,matched,playbyplayv2,1611661323,203827|1629479|1629481|1630101|1630149,complete,playbyplay_inferred,201886|203026|203826|1629567|1631135,complete,playbyplay_inferred
Shot Chart Detail,1022300144,31,1630149,Satou Sabally,1611661321,Dallas Wings,1,7,16,Made Shot,Putback Layup Shot,2PT Field Goal,Restricted Area,Center(C),Less Than 8 ft.,2,-1,21,1,1,20230728,DAL,WAS,2023,102230014431,1640,validated,,0,matched,playbyplayv2,1611661322,203827|1629479|1629481|1630101|1630149,complete,playbyplay_inferred,203403|204333|1628278|1628279|1628899,complete,playbyplay_inferred
Shot Chart Detail,1022300144,110,1630149,Satou Sabally,1611661321,Dallas Wings,1,0,25,Missed Shot,Jump Shot,2PT Field Goal,Mid-Range,Right Side Center(RC),16-24 ft.,17,98,149,1,0,20230728,DAL,WAS,2023,1022300144110,5750,validated,,0,matched,playbyplayv2,1611661322,203827|1629480|1629481|1630149|1631007,complete,playbyplay_inferred,204333|1627643|1628278|1628899|1641642,complete,playbyplay_inferred
Shot Chart Detail,1022300144,166,1630149,Satou Sabally,1611661321,Dallas Wings,2,6,25,Missed Shot,Jump Shot,2PT Field Goal,Mid-Range,Center(C),16-24 ft.,17,5,170,1,0,20230728,DAL,WAS,2023,1022300144166,8150,validated,,0,matched,playbyplayv2,1611661322,1629479|1629481|1630101|1630149|1630386,complete,playbyplay_inferred,203403|204333|1628278|1628279|1641642,complete,playbyplay_inferred
Shot Chart Detail,1022300144,187,1630149,Satou Sabally,1611661321,Dallas Wings,2,4,33,Made Shot,Jump Shot,2PT Field Goal,In The Paint (Non-RA),Center(C),Less Than 8 ft.,7,7,74,1,1,20230728,DAL,WAS,2023,1022300144187,9270,validated,1630386,1,matched,playbyplayv2,1611661322,1629479|1629481|1630101|1630149|1630386,complete,playbyplay_inferred,203403|204333|1628278|1628279|1641642,complete,playbyplay_inferred
Shot Chart Detail,1022300144,220,1630149,Satou Sabally,1611661321,Dallas Wings,2,2,33,Made Shot,Layup Shot,2PT Field Goal,Restricted Area,Center(C),Less Than 8 ft.,1,-1,16,1,1,20230728,DAL,WAS,2023,1022300144220,10470,validated,1629479,1,matched,playbyplayv2,1611661322,203824|203827|1629479|1629481|1630149,complete,playbyplay_inferred,203403|204333|1628278|1628279|1628899,complete,playbyplay_inferred
Shot Chart Detail,1022300144,354,1630149,Satou Sabally,1611661321,Dallas Wings,3,2,39,Made Shot,Jump Shot,3PT Field Goal,Above the Break 3,Left Side Center(LC),24+ ft.,25,-149,207,1,1,20230728,DAL,WAS,2023,1022300144354,16410,validated,1629481,1,matched,playbyplayv2,1611661322,203827|1629480|1629481|1630101|1630149,complete,playbyplay_inferred,203403|204333|1627643|1628279|1641642,complete,playbyplay_inferred
Shot Chart Detail,1022300144,448,1630149,Satou Sabally,1611661321,Dallas Wings,4,5,57,Made Shot,Floating Jump shot,2PT Field Goal,In The Paint (Non-RA),Center(C),Less Than 8 ft.,7,0,72,1,1,20230728,DAL,WAS,2023,1022300144448,20430,validated,,0,matched,playbyplayv2,1611661322,203824|1629481|1630149|1630386|1641652,complete,playbyplay_inferred,203403|204333|1628278|1628279|1628899,complete,playbyplay_inferred
Shot Chart Detail,1022300144,452,1630149,Satou Sabally,1611661321,Dallas Wings,4,5,33,Missed Shot,Jump Shot,3PT Field Goal,Above the Break 3,Right Side Center(RC),24+ ft.,27,186,199,1,0,20230728,DAL,WAS,2023,1022300144452,20670,validated,,0,matched,playbyplayv2,1611661322,203824|1629481|1630149|1630386|1641652,complete,playbyplay_inferred,203403|204333|1628278|1628279|1628899,complete,playbyplay_inferred
Shot Chart Detail,1022300149,28,1630149,Satou Sabally,1611661321,Dallas Wings,1,6,59,Missed Shot,Driving Layup Shot,2PT Field Goal,Restricted Area,Center(C),Less Than 8 ft.,2,23,4,1,0,20230730,LVA,DAL,2023,102230014928,1810,validated,,0,matched,playbyplayv2,1611661319,203827|1629479|1629481|1630101|1630149,complete,playbyplay_inferred,203833|204329|1628276|1628932|1629498,complete,playbyplay_inferred
Shot Chart Detail,1022300149,72,1630149,Satou Sabally,1611661321,Dallas Wings,1,3,53,Made Shot,Pullup Jump shot,3PT Field Goal,Above the Break 3,Right Side Center(RC),24+ ft.,25,118,221,1,1,20230730,LVA,DAL,2023,102230014972,3670,validated,,0,matched,playbyplayv2,1611661319,203824|203827|1629480|1629481|1630149,complete,playbyplay_inferred,202252|203833|1628276|1628932|1629498,complete,playbyplay_inferred
Shot Chart Detail,1022300149,89,1630149,Satou Sabally,1611661321,Dallas Wings,1,2,44,Missed Shot,Pullup Jump shot,2PT Field Goal,In The Paint (Non-RA),Center(C),8-16 ft.,14,-46,138,1,0,20230730,LVA,DAL,2023,102230014989,4360,validated,,0,matched,playbyplayv2,1611661319,203824|1629480|1629481|1630149|1630386,complete,playbyplay_inferred,202252|203833|1628276|1628932|1629498,complete,playbyplay_inferred
Shot Chart Detail,1022300149,91,1630149,Satou Sabally,1611661321,Dallas Wings,1,2,41,Missed Shot,Jump Shot,2PT Field Goal,Restricted Area,Center(C),Less Than 8 ft.,2,22,11,1,0,20230730,LVA,DAL,2023,102230014991,4390,validated,,0,matched,playbyplayv2,1611661319,203824|1629480|1629481|1630149|1630386,complete,playbyplay_inferred,202252|203833|1628276|1628932|1629498,complete,playbyplay_inferred
Shot Chart Detail,1022300149,115,1630149,Satou Sabally,1611661321,Dallas Wings,1,0,56,Missed Shot,Turnaround Jump Shot,2PT Field Goal,Mid-Range,Right Side(R),8-16 ft.,10,85,57,1,0,20230730,LVA,DAL,2023,1022300149115,5440,validated,,0,matched,playbyplayv2,1611661319,1629479|1629481|1630149|1630386|1631007,complete,playbyplay_inferred,202252|1628276|1628932|1629498|1631006,complete,playbyplay_inferred
Shot Chart Detail,1022300149,148,1630149,Satou Sabally,1611661321,Dallas Wings,2,9,48,Missed Shot,Turnaround Jump Shot,2PT Field Goal,In The Paint (Non-RA),Center(C),Less Than 8 ft.,7,68,40,1,0,20230730,LVA,DAL,2023,1022300149148,6120,validated,,0,matched,playbyplayv2,1611661319,203827|1629479|1629481|1630101|1630149,complete,playbyplay_inferred,203833|204297|204329|1629498|1631006,complete,playbyplay_inferred
Shot Chart Detail,1022300149,152,1630149,Satou Sabally,1611661321,Dallas Wings,2,9,27,Made Shot,Pullup Jump shot,2PT Field Goal,Mid-Range,Center(C),16-24 ft.,18,57,178,1,1,20230730,LVA,DAL,2023,1022300149152,6330,validated,,0,matched,playbyplayv2,1611661319,203827|1629479|1629481|1630101|1630149,complete,playbyplay_inferred,203833|204297|204329|1629498|1631006,complete,playbyplay_inferred
Shot Chart Detail,1022300149,178,1630149,Satou Sabally,1611661321,Dallas Wings,2,7,52,Missed Shot,Step Back Jump shot,3PT Field Goal,Above the Break 3,Right Side Center(RC),24+ ft.,23,216,101,1,0,20230730,LVA,DAL,2023,1022300149178,7280,validated,,0,matched,playbyplayv2,1611661319,203827|1629479|1629481|1630101|1630149,complete,playbyplay_inferred,203833|204297|1628276|1628932|1631006,complete,playbyplay_inferred
Shot Chart Detail,1022300149,207,1630149,Satou Sabally,1611661321,Dallas Wings,2,5,56,Made Shot,Jump Shot,2PT Field Goal,Mid-Range,Left Side(L),16-24 ft.,16,-162,12,1,1,20230730,LVA,DAL,2023,1022300149207,8440,validated,1629481,1,matched,playbyplayv2,1611661319,203827|1629479|1629481|1630101|1630149,complete,playbyplay_inferred,203833|204297|1628276|1628932|1631006,complete,playbyplay_inferred
Shot Chart Detail,1022300149,214,1630149,Satou Sabally,1611661321,Dallas Wings,2,4,52,Made Shot,Jump Shot,3PT Field Goal,Right Corner 3,Right Side(R),24+ ft.,22,227,12,1,1,20230730,LVA,DAL,2023,1022300149214,9080,validated,1629479,1,matched,playbyplayv2,1611661319,203827|1629479|1629481|1630101|1630149,complete,playbyplay_inferred,203833|204297|1628276|1628932|1631006,complete,playbyplay_inferred
Shot Chart Detail,1022300149,299,1630149,Satou Sabally,1611661321,Dallas Wings,2,0,0,Made Shot,Jump Shot,3PT Field Goal,Above the Break 3,Left Side Center(LC),24+ ft.,24,-201,145,1,1,20230730,LVA,DAL,2023,1022300149299,12000,validated,1631007,1,matched,playbyplayv2,1611661319,203827|1629480|1629481|1630149|1631007,complete,playbyplay_inferred,202252|203833|1628276|1628932|1629498,complete,playbyplay_inferred
Shot Chart Detail,1022300149,313,1630149,Satou Sabally,1611661321,Dallas Wings,3,9,15,Missed Shot,Turnaround Jump Shot,2PT Field Goal,Mid-Range,Right Side(R),8-16 ft.,11,102,55,1,0,20230730,LVA,DAL,2023,1022300149313,12450,validated,,0,matched,playbyplayv2,1611661319,203827|1629479|1629481|1630101|1630149,complete,playbyplay_inferred,203833|204329|1628276|1628932|1629498,complete,playbyplay_inferred
Shot Chart Detail,1022300149,336,1630149,Satou Sabally,1611661321,Dallas Wings,3,7,13,Made Shot,Layup Shot,2PT Field Goal,In The Paint (Non-RA),Center(C),Less Than 8 ft.,4,45,11,1,1,20230730,LVA,DAL,2023,1022300149336,13670,validated,1630101,1,matched,playbyplayv2,1611661319,203827|1629479|1629481|1630101|1630149,complete,playbyplay_inferred,203833|204329|1628276|1628932|1629498,complete,playbyplay_inferred
Shot Chart Detail,1022300149,355,1630149,Satou Sabally,1611661321,Dallas Wings,3,4,43,Missed Shot,Layup Shot,2PT Field Goal,In The Paint (Non-RA),Center(C),Less Than 8 ft.,6,44,52,1,0,20230730,LVA,DAL,2023,1022300149355,15170,validated,,0,matched,playbyplayv2,1611661319,203827|1629479|1629481|1630101|1630149,complete,playbyplay_inferred,203833|204329|1628276|1628932|1629498,complete,playbyplay_inferred
Shot Chart Detail,1022300149,409,1630149,Satou Sabally,1611661321,Dallas Wings,3,1,46,Missed Shot,Jump Shot,3PT Field Goal,Left Corner 3,Left Side(L),24+ ft.,23,-235,15,1,0,20230730,LVA,DAL,2023,1022300149409,16940,validated,,0,matched,playbyplayv2,1611661319,203827|1629479|1629481|1630101|1630149,complete,playbyplay_inferred,202252|203833|1628276|1628932|1629498,complete,playbyplay_inferred
Shot Chart Detail,1022300149,424,1630149,Satou Sabally,1611661321,Dallas Wings,3,1,8,Made Shot,Layup Shot,2PT Field Goal,Restricted Area,Center(C),Less Than 8 ft.,3,31,12,1,1,20230730,LVA,DAL,2023,1022300149424,17320,validated,1629481,1,matched,playbyplayv2,1611661319,203827|1629479|1629481|1630101|1630149,complete,playbyplay_inferred,202252|1628276|1628932|1629498|1631006,complete,playbyplay_inferred
Shot Chart Detail,1022300149,498,1630149,Satou Sabally,1611661321,Dallas Wings,4,5,27,Missed Shot,Pullup Jump shot,2PT Field Goal,Mid-Range,Right Side(R),8-16 ft.,13,81,106,1,0,20230730,LVA,DAL,2023,1022300149498,20730,validated,,0,matched,playbyplayv2,1611661319,203827|1629479|1629481|1630101|1630149,complete,playbyplay_inferred,202252|203833|1628276|1628932|1629498,complete,playbyplay_inferred
Shot Chart Detail,1022300149,537,1630149,Satou Sabally,1611661321,Dallas Wings,4,2,24,Made Shot,Running Layup Shot,2PT Field Goal,In The Paint (Non-RA),Center(C),Less Than 8 ft.,6,42,48,1,1,20230730,LVA,DAL,2023,1022300149537,22560,validated,203827,1,matched,playbyplayv2,1611661319,203827|1629479|1629481|1630101|1630149,complete,playbyplay_inferred,202252|203833|1628276|1628932|1629498,complete,playbyplay_inferred
Shot Chart Detail,1022300155,11,1630149,Satou Sabally,1611661321,Dallas Wings,1,9,20,Missed Shot,Jump Shot,3PT Field Goal,Above the Break 3,Left Side Center(LC),24+ ft.,26,-145,217,1,0,20230802,SEA,DAL,2023,102230015511,400,validated,,0,matched,playbyplayv2,1611661328,203827|1629479|1629481|1630101|1630149,complete,playbyplay_inferred,204319|1628244|1628931|1629496|1641675,complete,playbyplay_inferred
Shot Chart Detail,1022300155,18,1630149,Satou Sabally,1611661321,Dallas Wings,1,8,30,Missed Shot,Driving Floating Bank Jump Shot,2PT Field Goal,In The Paint (Non-RA),Center(C),Less Than 8 ft.,7,12,71,1,0,20230802,SEA,DAL,2023,102230015518,900,validated,,0,matched,playbyplayv2,1611661328,203827|1629479|1629481|1630101|1630149,complete,playbyplay_inferred,204319|1628244|1628931|1629496|1641675,complete,playbyplay_inferred
Shot Chart Detail,1022300155,53,1630149,Satou Sabally,1611661321,Dallas Wings,1,5,22,Made Shot,Driving Floating Bank Jump Shot,2PT Field Goal,In The Paint (Non-RA),Center(C),Less Than 8 ft.,7,-5,74,1,1,20230802,SEA,DAL,2023,102230015553,2780,validated,,0,matched,playbyplayv2,1611661328,203827|1629479|1629481|1630101|1630149,complete,playbyplay_inferred,1628244|1628920|1628931|1629496|1641651,complete,playbyplay_inferred
Shot Chart Detail,1022300155,56,1630149,Satou Sabally,1611661321,Dallas Wings,1,5,6,Missed Shot,Running Layup Shot,2PT Field Goal,Restricted Area,Center(C),Less Than 8 ft.,2,-26,9,1,0,20230802,SEA,DAL,2023,102230015556,2940,validated,,0,matched,playbyplayv2,1611661328,203827|1629479|1629481|1630101|1630149,complete,playbyplay_inferred,1628244|1628920|1628931|1629496|1641651,complete,playbyplay_inferred
Shot Chart Detail,1022300155,64,1630149,Satou Sabally,1611661321,Dallas Wings,1,4,22,Missed Shot,Step Back Jump shot,2PT Field Goal,Mid-Range,Right Side Center(RC),16-24 ft.,21,95,189,1,0,20230802,SEA,DAL,2023,102230015564,3380,validated,,0,matched,playbyplayv2,1611661328,203827|1629479|1629481|1630101|1630149,complete,playbyplay_inferred,1628244|1628920|1628931|1629496|1641651,complete,playbyplay_inferred
Shot Chart Detail,1022300155,72,1630149,Satou Sabally,1611661321,Dallas Wings,1,3,38,Made Shot,Running Layup Shot,2PT Field Goal,Restricted Area,Center(C),Less Than 8 ft.,2,21,14,1,1,20230802,SEA,DAL,2023,102230015572,3820,validated,1630101,1,matched,playbyplayv2,1611661328,203827|1629479|1629481|1630101|1630149,complete,playbyplay_inferred,1628244|1628920|1628931|1629496|1641651,complete,playbyplay_inferred
Shot Chart Detail,1022300155,82,1630149,Satou Sabally,1611661321,Dallas Wings,1,3,5,Missed Shot,Pullup Jump shot,2PT Field Goal,In The Paint (Non-RA),Center(C),8-16 ft.,9,46,88,1,0,20230802,SEA,DAL,2023,102230015582,4150,validated,,0,matched,playbyplayv2,1611661328,203827|1629479|1629481|1630101|1630149,complete,playbyplay_inferred,1628920|1628931|1629496|1641602|1641651,complete,playbyplay_inferred
Shot Chart Detail,1022300155,189,1630149,Satou Sabally,1611661321,Dallas Wings,2,6,51,Missed Shot,Driving Layup Shot,2PT Field Goal,In The Paint (Non-RA),Center(C),Less Than 8 ft.,4,43,13,1,0,20230802,SEA,DAL,2023,1022300155189,7890,validated,,0,matched,playbyplayv2,1611661328,203827|1629479|1629481|1630101|1630149,complete,playbyplay_inferred,204319|1628244|1628920|1628931|1629496,complete,playbyplay_inferred
Shot Chart Detail,1022300155,205,1630149,Satou Sabally,1611661321,Dallas Wings,2,5,57,Missed Shot,Running Pull-Up Jump Shot,2PT Field Goal,Mid-Range,Left Side Center(LC),16-24 ft.,19,-74,184,1,0,20230802,SEA,DAL,2023,1022300155205,8430,validated,,0,matched,playbyplayv2,1611661328,203827|1629479|1629481|1630101|1630149,complete,playbyplay_inferred,204319|1628244|1628920|1628931|1629496,complete,playbyplay_inferred
Shot Chart Detail,1022300155,236,1630149,Satou Sabally,1611661321,Dallas Wings,2,3,35,Made Shot,Pullup Jump shot,3PT Field Goal,Above the Break 3,Left Side Center(LC),24+ ft.,25,-133,218,1,1,20230802,SEA,DAL,2023,1022300155236,9850,validated,,0,matched,playbyplayv2,1611661328,203827|1629479|1629481|1630101|1630149,complete,playbyplay_inferred,204319|1628244|1629496|1630115|1641651,complete,playbyplay_inferred
Shot Chart Detail,1022300155,314,1630149,Satou Sabally,1611661321,Dallas Wings,3,9,18,Missed Shot,Jump Shot,3PT Field Goal,Left Corner 3,Left Side(L),24+ ft.,23,-234,18,1,0,20230802,SEA,DAL,2023,1022300155314,12420,validated,,0,matched,playbyplayv2,1611661328,203827|1629479|1629481|1630101|1630149,complete,playbyplay_inferred,204319|1628244|1628931|1629496|1641675,complete,playbyplay_inferred
Shot Chart Detail,1022300155,338,1630149,Satou Sabally,1611661321,Dallas Wings,3,7,2,Missed Shot,Pullup Jump shot,2PT Field Goal,Mid-Range,Center(C),16-24 ft.,19,-1,193,1,0,20230802,SEA,DAL,2023,1022300155338,13780,validated,,0,matched,playbyplayv2,1611661328,203827|1629479|1629481|1630101|1630149,complete,playbyplay_inferred,204319|1628244|1628931|1629496|1641675,complete,playbyplay_inferred
Shot Chart Detail,1022300155,405,1630149,Satou Sabally,1611661321,Dallas Wings,3,2,6,Made Shot,Running Layup Shot,2PT Field Goal,Restricted Area,Center(C),Less Than 8 ft.,2,22,12,1,1,20230802,SEA,DAL,2023,1022300155405,16740,validated,1629481,1,matched,playbyplayv2,1611661328,203824|1629480|1629481|1630149|1641652,complete,playbyplay_inferred,204319|1628931|1629496|1641651|1641675,complete,playbyplay_inferred
Shot Chart Detail,1022300155,448,1630149,Satou Sabally,1611661321,Dallas Wings,4,9,24,Made Shot,Jump Shot,3PT Field Goal,Above the Break 3,Left Side Center(LC),24+ ft.,25,-162,193,1,1,20230802,SEA,DAL,2023,1022300155448,18360,validated,1629479,1,matched,playbyplayv2,1611661328,203827|1629479|1629481|1630101|1630149,complete,playbyplay_inferred,204319|1628915|1628920|1628931|1629496,complete,playbyplay_inferred
Shot Chart Detail,1022300155,460,1630149,Satou Sabally,1611661321,Dallas Wings,4,7,56,Made Shot,Driving Layup Shot,2PT Field Goal,Restricted Area,Center(C),Less Than 8 ft.,2,21,2,1,1,20230802,SEA,DAL,2023,1022300155460,19240,validated,,0,matched,playbyplayv2,1611661328,203827|1629479|1629481|1630101|1630149,complete,playbyplay_inferred,204319|1628915|1628920|1628931|1629496,complete,playbyplay_inferred
Shot Chart Detail,1022300155,485,1630149,Satou Sabally,1611661321,Dallas Wings,4,6,0,Missed Shot,Pullup Jump shot,3PT Field Goal,Above the Break 3,Right Side Center(RC),24+ ft.,25,85,237,1,0,20230802,SEA,DAL,2023,1022300155485,20400,validated,,0,matched,playbyplayv2,1611661328,1629479|1629481|1630101|1630149|1641652,complete,playbyplay_inferred,204319|1628244|1628920|1628931|1629496,complete,playbyplay_inferred
Shot Chart Detail,1022300155,499,1630149,Satou Sabally,1611661321,Dallas Wings,4,5,10,Missed Shot,Floating Jump shot,2PT Field Goal,In The Paint (Non-RA),Center(C),Less Than 8 ft.,6,37,49,1,0,20230802,SEA,DAL,2023,1022300155499,20900,validated,,0,matched,playbyplayv2,1611661328,203824|1629480|1629481|1630149|1641652,complete,playbyplay_inferred,204319|1628244|1628920|1628931|1629496,complete,playbyplay_inferred
Shot Chart Detail,1022300155,501,1630149,Satou Sabally,1611661321,Dallas Wings,4,5,8,Missed Shot,Tip Layup Shot,2PT Field Goal,Restricted Area,Center(C),Less Than 8 ft.,0,0,-6,1,0,20230802,SEA,DAL,2023,1022300155501,20920,validated,,0,matched,playbyplayv2,1611661328,203824|1629480|1629481|1630149|1641652,complete,playbyplay_inferred,204319|1628244|1628920|1628931|1629496,complete,playbyplay_inferred
Shot Chart Detail,1022300155,510,1630149,Satou Sabally,1611661321,Dallas Wings,4,4,8,Made Shot,Driving Layup Shot,2PT Field Goal,Restricted Area,Center(C),Less Than 8 ft.,3,29,15,1,1,20230802,SEA,DAL,2023,1022300155510,21520,validated,,0,matched,playbyplayv2,1611661328,203824|1629480|1629481|1630149|1641652,complete,playbyplay_inferred,204319|1628244|1628920|1628931|1629496,complete,playbyplay_inferred
Shot Chart Detail,1022300155,540,1630149,Satou Sabally,1611661321,Dallas Wings,4,2,17,Missed Shot,Running Layup Shot,2PT Field Goal,Restricted Area,Center(C),Less Than 8 ft.,1,13,15,1,0,20230802,SEA,DAL,2023,1022300155540,22630,validated,,0,matched,playbyplayv2,1611661328,203824|203827|1629479|1629481|1630149,complete,playbyplay_inferred,204319|1628244|1628920|1628931|1629496,complete,playbyplay_inferred
Shot Chart Detail,1022300159,19,1630149,Satou Sabally,1611661321,Dallas Wings,1,8,10,Missed Shot,Jump Shot,3PT Field Goal,Above the Break 3,Right Side(R),16-24 ft.,23,216,95,1,0,20230804,DAL,CHI,2023,102230015919,1100,validated,,0,matched,playbyplayv2,1611661329,203827|1629479|1629481|1630101|1630149,complete,playbyplay_inferred,204322|1627674|1627675|1629497|1629501,complete,playbyplay_inferred
Shot Chart Detail,1022300159,22,1630149,Satou Sabally,1611661321,Dallas Wings,1,8,2,Missed Shot,Driving Layup Shot,2PT Field Goal,Restricted Area,Center(C),Less Than 8 ft.,3,-32,6,1,0,20230804,DAL,CHI,2023,102230015922,1180,validated,,0,matched,playbyplayv2,1611661329,203827|1629479|1629481|1630101|1630149,complete,playbyplay_inferred,204322|1627674|1627675|1629497|1629501,complete,playbyplay_inferred
Shot Chart Detail,1022300159,36,1630149,Satou Sabally,1611661321,Dallas Wings,1,6,47,Made Shot,Floating Jump shot,2PT Field Goal,Restricted Area,Center(C),Less Than 8 ft.,3,9,32,1,1,20230804,DAL,CHI,2023,102230015936,1930,validated,,0,matched,playbyplayv2,1611661329,203827|1629479|1629481|1630101|1630149,complete,playbyplay_inferred,204322|1627674|1627675|1629497|1629501,complete,playbyplay_inferred
Shot Chart Detail,1022300159,39,1630149,Satou Sabally,1611661321,Dallas Wings,1,6,34,Missed Shot,Running Layup Shot,2PT Field Goal,In The Paint (Non-RA),Center(C),Less Than 8 ft.,4,33,27,1,0,20230804,DAL,CHI,2023,102230015939,2060,validated,,0,matched,playbyplayv2,1611661329,203827|1629479|1629481|1630101|1630149,complete,playbyplay_inferred,204322|1627674|1627675|1629497|1629501,complete,playbyplay_inferred
Shot Chart Detail,1022300159,41,1630149,Satou Sabally,1611661321,Dallas Wings,1,6,31,Missed Shot,Layup Shot,2PT Field Goal,Restricted Area,Center(C),Less Than 8 ft.,3,28,13,1,0,20230804,DAL,CHI,2023,102230015941,2090,validated,,0,matched,playbyplayv2,1611661329,203827|1629479|1629481|1630101|1630149,complete,playbyplay_inferred,204322|1627674|1627675|1629497|1629501,complete,playbyplay_inferred
Shot Chart Detail,1022300159,73,1630149,Satou Sabally,1611661321,Dallas Wings,1,3,23,Made Shot,Running Layup Shot,2PT Field Goal,Restricted Area,Center(C),Less Than 8 ft.,1,-13,6,1,1,20230804,DAL,CHI,2023,102230015973,3970,validated,1629481,1,matched,playbyplayv2,1611661329,203827|1629479|1629481|1630101|1630149,complete,playbyplay_inferred,204322|1627674|1627675|1629497|1629501,complete,playbyplay_inferred
Shot Chart Detail,1022300159,124,1630149,Satou Sabally,1611661321,Dallas Wings,2,9,47,Made Shot,Cutting Layup Shot,2PT Field Goal,Restricted Area,Center(C),Less Than 8 ft.,2,21,17,1,1,20230804,DAL,CHI,2023,1022300159124,6130,validated,203827,1,matched,playbyplayv2,1611661329,203827|1629480|1629481|1630101|1630149,complete,playbyplay_inferred,1629497|1629571|1630113|1630389|1641641,complete,playbyplay_inferred
Shot Chart Detail,1022300159,263,1630149,Satou Sabally,1611661321,Dallas Wings,3,8,47,Made Shot,Jump Bank Shot,2PT Field Goal,Mid-Range,Right Side(R),8-16 ft.,9,88,23,1,1,20230804,DAL,CHI,2023,1022300159263,12730,validated,203827,1,matched,playbyplayv2,1611661329,203827|1629479|1629481|1630101|1630149,complete,playbyplay_inferred,204322|1627674|1627675|1629497|1629501,complete,playbyplay_inferred
Shot Chart Detail,1022300159,306,1630149,Satou Sabally,1611661321,Dallas Wings,3,5,9,Missed Shot,Running Pull-Up Jump Shot,3PT Field Goal,Above the Break 3,Right Side Center(RC),16-24 ft.,23,162,173,1,0,20230804,DAL,CHI,2023,1022300159306,14910,validated,,0,matched,playbyplayv2,1611661329,203827|1629479|1629481|1630101|1630149,complete,playbyplay_inferred,204322|1627674|1627675|1629497|1629501,complete,playbyplay_inferred
Shot Chart Detail,1022300159,352,1630149,Satou Sabally,1611661321,Dallas Wings,3,2,27,Made Shot,Running Layup Shot,2PT Field Goal,Restricted Area,Center(C),Less Than 8 ft.,1,7,13,1,1,20230804,DAL,CHI,2023,1022300159352,16530,validated,203827,1,matched,playbyplayv2,1611661329,203827|1629479|1630149|1631007|1641652,complete,playbyplay_inferred,204322|1627675|1629571|1630389|1641641,complete,playbyplay_inferred
Shot Chart Detail,1022300159,466,1630149,Satou Sabally,1611661321,Dallas Wings,4,5,6,Missed Shot,Jump Shot,2PT Field Goal,Mid-Range,Left Side(L),16-24 ft.,20,-196,58,1,0,20230804,DAL,CHI,2023,1022300159466,20940,validated,,0,matched,playbyplayv2,1611661329,203824|203827|1629479|1629481|1630149,complete,playbyplay_inferred,204322|1627674|1627675|1629497|1629501,complete,playbyplay_inferred
Shot Chart Detail,1022300159,470,1630149,Satou Sabally,1611661321,Dallas Wings,4,4,44,Made Shot,Jump Shot,3PT Field Goal,Above the Break 3,Left Side(L),24+ ft.,23,-230,31,1,1,20230804,DAL,CHI,2023,1022300159470,21160,validated,203827,1,matched,playbyplayv2,1611661329,203824|203827|1629479|1629481|1630149,complete,playbyplay_inferred,204322|1627674|1627675|1629497|1629501,complete,playbyplay_inferred
Shot Chart Detail,1022300159,495,1630149,Satou Sabally,1611661321,Dallas Wings,4,3,26,Missed Shot,Jump Shot,2PT Field Goal,Mid-Range,Right Side Center(RC),16-24 ft.,16,88,140,1,0,20230804,DAL,CHI,2023,1022300159495,21940,validated,,0,matched,playbyplayv2,1611661329,203827|1629479|1629481|1630149|1631007,complete,playbyplay_inferred,204322|1627674|1627675|1629501|1641641,complete,playbyplay_inferred
Shot Chart Detail,1022300159,531,1630149,Satou Sabally,1611661321,Dallas Wings,4,1,22,Missed Shot,Jump Shot,3PT Field Goal,Above the Break 3,Right Side Center(RC),24+ ft.,24,211,124,1,0,20230804,DAL,CHI,2023,1022300159531,23180,validated,,0,matched,playbyplayv2,1611661329,203827|1629480|1630149|1631007|1641652,complete,playbyplay_inferred,204322|1627675|1629497|1629501|1641641,complete,playbyplay_inferred
Shot Chart Detail,1022300165,9,1630149,Satou Sabally,1611661321,Dallas Wings,1,9,36,Missed Shot,Turnaround Jump Shot,2PT Field Goal,Mid-Range,Right Side(R),8-16 ft.,11,112,23,1,0,20230806,DAL,CHI,2023,10223001659,240,validated,,0,matched,playbyplayv2,1611661329,203827|1629479|1629481|1630101|1630149,complete,playbyplay_inferred,204322|1627674|1627675|1629497|1629501,complete,playbyplay_inferred
Shot Chart Detail,1022300165,22,1630149,Satou Sabally,1611661321,Dallas Wings,1,8,41,Missed Shot,Pullup Jump shot,2PT Field Goal,Mid-Range,Center(C),16-24 ft.,16,1,167,1,0,20230806,DAL,CHI,2023,102230016522,790,validated,,0,matched,playbyplayv2,1611661329,203827|1629479|1629481|1630101|1630149,complete,playbyplay_inferred,204322|1627674|1627675|1629497|1629501,complete,playbyplay_inferred
Shot Chart Detail,1022300165,27,1630149,Satou Sabally,1611661321,Dallas Wings,1,8,24,Made Shot,Putback Layup Shot,2PT Field Goal,Restricted Area,Center(C),Less Than 8 ft.,1,-1,17,1,1,20230806,DAL,CHI,2023,102230016527,960,validated,,0,matched,playbyplayv2,1611661329,203827|1629479|1629481|1630101|1630149,complete,playbyplay_inferred,204322|1627674|1627675|1629497|1629501,complete,playbyplay_inferred
Shot Chart Detail,1022300165,35,1630149,Satou Sabally,1611661321,Dallas Wings,1,7,37,Made Shot,Jump Shot,3PT Field Goal,Above the Break 3,Center(C),24+ ft.,25,33,256,1,1,20230806,DAL,CHI,2023,102230016535,1430,validated,203827,1,matched,playbyplayv2,1611661329,203827|1629479|1629481|1630101|1630149,complete,playbyplay_inferred,204322|1627674|1627675|1629497|1629501,complete,playbyplay_inferred
Shot Chart Detail,1022300165,67,1630149,Satou Sabally,1611661321,Dallas Wings,1,4,54,Missed Shot,Turnaround Jump Shot,2PT Field Goal,In The Paint (Non-RA),Center(C),8-16 ft.,8,-30,75,1,0,20230806,DAL,CHI,2023,102230016567,3060,validated,,0,matched,playbyplayv2,1611661329,203827|1629479|1629481|1630101|1630149,complete,playbyplay_inferred,204322|1627674|1627675|1629497|1629501,complete,playbyplay_inferred
Shot Chart Detail,1022300165,117,1630149,Satou Sabally,1611661321,Dallas Wings,1,1,45,Made Shot,Running Layup Shot,2PT Field Goal,Restricted Area,Center(C),Less Than 8 ft.,2,-1,29,1,1,20230806,DAL,CHI,2023,1022300165117,4950,validated,1629481,1,matched,playbyplayv2,1611661329,203827|1629479|1629481|1630149|1631007,complete,playbyplay_inferred,204322|1627674|1629497|1629501|1630389,complete,playbyplay_inferred
Shot Chart Detail,1022300165,166,1630149,Satou Sabally,1611661321,Dallas Wings,2,9,40,Made Shot,Pullup Jump shot,2PT Field Goal,Mid-Range,Left Side Center(LC),16-24 ft.,16,-105,125,1,1,20230806,DAL,CHI,2023,1022300165166,6200,validated,,0,matched,playbyplayv2,1611661329,203824|1629480|1630149|1631007|1641652,complete,playbyplay_inferred,1627675|1629571|1630113|1630389|1641641,complete,playbyplay_inferred
Shot Chart Detail,1022300165,199,1630149,Satou Sabally,1611661321,Dallas Wings,2,7,6,Missed Shot,Pullup Jump shot,2PT Field Goal,Mid-Range,Right Side Center(RC),16-24 ft.,20,121,165,1,0,20230806,DAL,CHI,2023,1022300165199,7740,validated,,0,matched,playbyplayv2,1611661329,203824|203827|1629481|1630149|1641652,complete,playbyplay_inferred,204322|1627675|1629497|1630389|1641641,complete,playbyplay_inferred
Shot Chart Detail,1022300165,226,1630149,Satou Sabally,1611661321,Dallas Wings,2,4,45,Made Shot,Jump Shot,2PT Field Goal,In The Paint (Non-RA),Center(C),8-16 ft.,10,49,92,1,1,20230806,DAL,CHI,2023,1022300165226,9150,validated,,0,matched,playbyplayv2,1611661329,203827|1629479|1629481|1630101|1630149,complete,playbyplay_inferred,204322|1627674|1627675|1629497|1629501,complete,playbyplay_inferred
Shot Chart Detail,1022300165,237,1630149,Satou Sabally,1611661321,Dallas Wings,2,3,58,Missed Shot,Pullup Jump shot,3PT Field Goal,Above the Break 3,Center(C),24+ ft.,26,4,263,1,0,20230806,DAL,CHI,2023,1022300165237,9620,validated,,0,matched,playbyplayv2,1611661329,203827|1629479|1629481|1630101|1630149,complete,playbyplay_inferred,1627674|1627675|1629497|1629501|1630113,complete,playbyplay_inferred
Shot Chart Detail,1022300165,263,1630149,Satou Sabally,1611661321,Dallas Wings,2,1,33,Missed Shot,Fadeaway Bank shot,2PT Field Goal,In The Paint (Non-RA),Center(C),8-16 ft.,11,12,111,1,0,20230806,DAL,CHI,2023,1022300165263,11070,validated,,0,matched,playbyplayv2,1611661329,203824|203827|1629480|1629481|1630149,complete,playbyplay_inferred,1627674|1627675|1629497|1629501|1630113,complete,playbyplay_inferred
Shot Chart Detail,1022300165,327,1630149,Satou Sabally,1611661321,Dallas Wings,3,7,4,Missed Shot,Jump Shot,3PT Field Goal,Above the Break 3,Right Side Center(RC),24+ ft.,26,119,232,1,0,20230806,DAL,CHI,2023,1022300165327,13760,validated,,0,matched,playbyplayv2,1611661329,203827|1629479|1629481|1630101|1630149,complete,playbyplay_inferred,204322|1627674|1627675|1629497|1629501,complete,playbyplay_inferred
Shot Chart Detail,1022300165,417,1630149,Satou Sabally,1611661321,Dallas Wings,3,1,29,Made Shot,Pullup Jump shot,2PT Field Goal,Mid-Range,Right Side(R),8-16 ft.,13,115,61,1,1,20230806,DAL,CHI,2023,1022300165417,17110,validated,,0,matched,playbyplayv2,1611661329,203827|1629479|1629481|1630101|1630149,complete,playbyplay_inferred,204322|1627674|1629497|1629571|1630389,complete,playbyplay_inferred
Shot Chart Detail,1022300165,561,1630149,Satou Sabally,1611661321,Dallas Wings,4,2,53,Made Shot,Running Layup Shot,2PT Field Goal,Restricted Area,Center(C),Less Than 8 ft.,1,7,12,1,1,20230806,DAL,CHI,2023,1022300165561,22270,validated,1629481,1,matched,playbyplayv2,1611661329,203827|1629481|1630149|1631007|1641652,complete,playbyplay_inferred,204322|1627674|1629497|1629501|1630389,complete,playbyplay_inferred
Shot Chart Detail,1022300165,643,1630149,Satou Sabally,1611661321,Dallas Wings,4,0,29,Made Shot,Pullup Jump shot,3PT Field Goal,Above the Break 3,Right Side Center(RC),16-24 ft.,23,143,186,1,1,20230806,DAL,CHI,2023,1022300165643,23710,validated,1641652,1,matched,playbyplayv2,1611661329,203827|1630101|1630149|1631007|1641652,complete,playbyplay_inferred,204322|1627675|1629497|1629571|1630389,complete,playbyplay_inferred
Shot Chart Detail,1022300165,651,1630149,Satou Sabally,1611661321,Dallas Wings,4,0,23,Missed Shot,Pullup Jump shot,2PT Field Goal,Mid-Range,Right Side Center(RC),16-24 ft.,20,104,181,1,0,20230806,DAL,CHI,2023,1022300165651,23770,validated,,0,matched,playbyplayv2,1611661329,203827|1630101|1630149|1631007|1641652,complete,playbyplay_inferred,204322|1627675|1629497|1629571|1630389,complete,playbyplay_inferred
Shot Chart Detail,1022300165,663,1630149,Satou Sabally,1611661321,Dallas Wings,4,0,17,Missed Shot,Jump Shot,3PT Field Goal,Right Corner 3,Right Side(R),24+ ft.,23,233,17,1,0,20230806,DAL,CHI,2023,1022300165663,23830,validated,,0,matched,playbyplayv2,1611661329,203827|1630101|1630149|1631007|1641652,complete,playbyplay_inferred,204322|1627675|1629497|1629571|1630389,complete,playbyplay_inferred
Shot Chart Detail,1022300169,7,1630149,Satou Sabally,1611661321,Dallas Wings,1,9,44,Missed Shot,Jump Shot,3PT Field Goal,Left Corner 3,Left Side(L),24+ ft.,23,-238,-23,1,0,20230808,DAL,LVA,2023,10223001697,160,validated,,0,matched,playbyplayv2,1611661319,203827|1629479|1629481|1630101|1630149,complete,playbyplay_inferred,203833|204329|1628276|1628932|1629498,complete,playbyplay_inferred
Shot Chart Detail,1022300169,71,1630149,Satou Sabally,1611661321,Dallas Wings,1,4,25,Made Shot,Step Back Jump shot,3PT Field Goal,Right Corner 3,Right Side(R),24+ ft.,22,227,-3,1,1,20230808,DAL,LVA,2023,102230016971,3350,validated,1630101,1,matched,playbyplayv2,1611661319,203827|1629479|1629481|1630101|1630149,complete,playbyplay_inferred,202252|203833|1628276|1628932|1629498,complete,playbyplay_inferred
Shot Chart Detail,1022300169,84,1630149,Satou Sabally,1611661321,Dallas Wings,1,3,13,Missed Shot,Pullup Jump shot,3PT Field Goal,Above the Break 3,Left Side Center(LC),24+ ft.,24,-83,233,1,0,20230808,DAL,LVA,2023,102230016984,4070,validated,,0,matched,playbyplayv2,1611661319,203827|1629480|1629481|1630101|1630149,complete,playbyplay_inferred,202252|203833|1628276|1628932|1629498,complete,playbyplay_inferred
Shot Chart Detail,1022300169,88,1630149,Satou Sabally,1611661321,Dallas Wings,1,2,38,Made Shot,Turnaround Jump Shot,2PT Field Goal,In The Paint (Non-RA),Center(C),Less Than 8 ft.,4,-24,34,1,1,20230808,DAL,LVA,2023,102230016988,4420,validated,1629480,1,matched,playbyplayv2,1611661319,203827|1629480|1629481|1630101|1630149,complete,playbyplay_inferred,202252|203833|1628276|1628932|1629498,complete,playbyplay_inferred
Shot Chart Detail,1022300169,127,1630149,Satou Sabally,1611661321,Dallas Wings,1,0,0,Missed Shot,Jump Shot,3PT Field Goal,Backcourt,Back Court(BC),Back Court Shot,45,28,457,1,0,20230808,DAL,LVA,2023,1022300169127,6000,validated,,0,matched,playbyplayv2,1611661319,1629480|1629481|1630149|1631007|1641652,complete,playbyplay_inferred,202252|203833|204329|1629498|1631006,complete,playbyplay_inferred
Shot Chart Detail,1022300169,156,1630149,Satou Sabally,1611661321,Dallas Wings,2,7,51,Made Shot,Cutting Layup Shot,2PT Field Goal,Restricted Area,Center(C),Less Than 8 ft.,1,-17,6,1,1,20230808,DAL,LVA,2023,1022300169156,7290,validated,1629481,1,matched,playbyplayv2,1611661319,203827|1629480|1629481|1630101|1630149,complete,playbyplay_inferred,202252|204329|1628276|1629498|1631006,complete,playbyplay_inferred
Shot Chart Detail,1022300169,243,1630149,Satou Sabally,1611661321,Dallas Wings,2,1,29,Missed Shot,Pullup Jump shot,2PT Field Goal,In The Paint (Non-RA),Center(C),8-16 ft.,14,71,131,1,0,20230808,DAL,LVA,2023,1022300169243,11110,validated,,0,matched,playbyplayv2,1611661319,203824|203827|1629480|1629481|1630149,complete,playbyplay_inferred,203833|204329|1628276|1628932|1629498,complete,playbyplay_inferred
Shot Chart Detail,1022300169,254,1630149,Satou Sabally,1611661321,Dallas Wings,2,0,54,Missed Shot,Running Pull-Up Jump Shot,3PT Field Goal,Above the Break 3,Right Side Center(RC),24+ ft.,26,111,246,1,0,20230808,DAL,LVA,2023,1022300169254,11460,validated,,0,matched,playbyplayv2,1611661319,203827|1629480|1629481|1630101|1630149,complete,playbyplay_inferred,202252|204329|1628276|1628932|1629498,complete,playbyplay_inferred
Shot Chart Detail,1022300169,256,1630149,Satou Sabally,1611661321,Dallas Wings,2,0,48,Missed Shot,Driving Floating Jump Shot,2PT Field Goal,In The Paint (Non-RA),Center(C),Less Than 8 ft.,7,-3,75,1,0,20230808,DAL,LVA,2023,1022300169256,11520,validated,,0,matched,playbyplayv2,1611661319,203827|1629480|1629481|1630101|1630149,complete,playbyplay_inferred,202252|204329|1628276|1628932|1629498,complete,playbyplay_inferred
Shot Chart Detail,1022300169,298,1630149,Satou Sabally,1611661321,Dallas Wings,3,8,21,Made Shot,Jump Shot,3PT Field Goal,Right Corner 3,Right Side(R),24+ ft.,23,233,-10,1,1,20230808,DAL,LVA,2023,1022300169298,12990,validated,1630101,1,matched,playbyplayv2,1611661319,203827|1629479|1629481|1630101|1630149,complete,playbyplay_inferred,203833|204329|1628276|1628932|1629498,complete,playbyplay_inferred
Shot Chart Detail,1022300169,334,1630149,Satou Sabally,1611661321,Dallas Wings,3,6,26,Missed Shot,Turnaround Fadeaway shot,2PT Field Goal,Mid-Range,Left Side(L),8-16 ft.,12,-94,80,1,0,20230808,DAL,LVA,2023,1022300169334,14140,validated,,0,matched,playbyplayv2,1611661319,1629480|1629481|1630149|1631007|1641652,complete,playbyplay_inferred,202252|203833|1628276|1628932|1629498,complete,playbyplay_inferred
Shot Chart Detail,1022300169,351,1630149,Satou Sabally,1611661321,Dallas Wings,3,5,36,Missed Shot,Driving Floating Bank Jump Shot,2PT Field Goal,In The Paint (Non-RA),Center(C),8-16 ft.,9,-34,86,1,0,20230808,DAL,LVA,2023,1022300169351,14640,validated,,0,matched,playbyplayv2,1611661319,1629480|1629481|1630101|1630149|1631007,complete,playbyplay_inferred,202252|203833|1628276|1628932|1629498,complete,playbyplay_inferred
Shot Chart Detail,1022300169,394,1630149,Satou Sabally,1611661321,Dallas Wings,3,2,45,Made Shot,Turnaround Jump Shot,2PT Field Goal,Mid-Range,Right Side(R),8-16 ft.,15,89,131,1,1,20230808,DAL,LVA,2023,1022300169394,16350,validated,1631007,1,matched,playbyplayv2,1611661319,203827|1629481|1630101|1630149|1631007,complete,playbyplay_inferred,202252|204297|1628276|1628932|1631006,complete,playbyplay_inferred
Shot Chart Detail,1022300169,498,1630149,Satou Sabally,1611661321,Dallas Wings,4,7,9,Missed Shot,Driving Floating Jump Shot,2PT Field Goal,In The Paint (Non-RA),Center(C),8-16 ft.,8,5,80,1,0,20230808,DAL,LVA,2023,1022300169498,19710,validated,,0,matched,playbyplayv2,1611661319,203827|1629481|1630101|1630149|1641652,complete,playbyplay_inferred,202252|204297|204329|1628276|1631006,complete,playbyplay_inferred
Shot Chart Detail,1022300169,500,1630149,Satou Sabally,1611661321,Dallas Wings,4,7,7,Missed Shot,Putback Layup Shot,2PT Field Goal,Restricted Area,Center(C),Less Than 8 ft.,1,-5,12,1,0,20230808,DAL,LVA,2023,1022300169500,19730,validated,,0,matched,playbyplayv2,1611661319,203827|1629481|1630101|1630149|1641652,complete,playbyplay_inferred,202252|204297|204329|1628276|1631006,complete,playbyplay_inferred
Shot Chart Detail,1022300169,504,1630149,Satou Sabally,1611661321,Dallas Wings,4,7,4,Missed Shot,Jump Shot,3PT Field Goal,Above the Break 3,Right Side(R),24+ ft.,24,238,46,1,0,20230808,DAL,LVA,2023,1022300169504,19760,validated,,0,matched,playbyplayv2,1611661319,203827|1629481|1630101|1630149|1641652,complete,playbyplay_inferred,202252|204297|204329|1628276|1631006,complete,playbyplay_inferred
Shot Chart Detail,1022300169,514,1630149,Satou Sabally,1611661321,Dallas Wings,4,6,28,Made Shot,Jump Shot,3PT Field Goal,Above the Break 3,Right Side Center(RC),24+ ft.,23,162,174,1,1,20230808,DAL,LVA,2023,1022300169514,20120,validated,1641652,1,matched,playbyplayv2,1611661319,203827|1629481|1630101|1630149|1641652,complete,playbyplay_inferred,202252|204297|204329|1628276|1631006,complete,playbyplay_inferred
Shot Chart Detail,1022300177,8,1630149,Satou Sabally,1611661321,Dallas Wings,1,9,14,Missed Shot,Jump Shot,3PT Field Goal,Above the Break 3,Left Side Center(LC),16-24 ft.,23,-118,206,1,0,20230812,DAL,CON,2023,10223001778,460,validated,,0,matched,playbyplayv2,1611661323,203827|1629479|1629481|1630101|1630149,complete,playbyplay_inferred,201886|203026|203826|204296|1629567,complete,playbyplay_inferred
Shot Chart Detail,1022300177,42,1630149,Satou Sabally,1611661321,Dallas Wings,1,6,12,Made Shot,Driving Reverse Layup Shot,2PT Field Goal,Restricted Area,Center(C),Less Than 8 ft.,3,-27,17,1,1,20230812,DAL,CON,2023,102230017742,2280,validated,1629479,1,matched,playbyplayv2,1611661323,203827|1629479|1629481|1630101|1630149,complete,playbyplay_inferred,201886|203026|203826|204296|1629567,complete,playbyplay_inferred
Shot Chart Detail,1022300177,71,1630149,Satou Sabally,1611661321,Dallas Wings,1,3,19,Missed Shot,Driving Layup Shot,2PT Field Goal,Restricted Area,Center(C),Less Than 8 ft.,2,17,16,1,0,20230812,DAL,CON,2023,102230017771,4010,validated,,0,matched,playbyplayv2,1611661323,203827|1629479|1629481|1630101|1630149,complete,playbyplay_inferred,201886|203026|203826|204296|1629567,complete,playbyplay_inferred
Shot Chart Detail,1022300177,88,1630149,Satou Sabally,1611661321,Dallas Wings,1,2,30,Missed Shot,Pullup Jump shot,2PT Field Goal,In The Paint (Non-RA),Center(C),8-16 ft.,12,-41,117,1,0,20230812,DAL,CON,2023,102230017788,4500,validated,,0,matched,playbyplayv2,1611661323,203827|1629479|1629481|1630101|1630149,complete,playbyplay_inferred,201886|203026|203826|1629567|1631135,complete,playbyplay_inferred
Shot Chart Detail,1022300177,98,1630149,Satou Sabally,1611661321,Dallas Wings,1,1,39,Made Shot,Jump Shot,3PT Field Goal,Above the Break 3,Right Side Center(RC),24+ ft.,23,134,198,1,1,20230812,DAL,CON,2023,102230017798,5010,validated,1629479,1,matched,playbyplayv2,1611661323,203827|1629479|1629481|1630101|1630149,complete,playbyplay_inferred,201886|203026|203826|1629567|1631135,complete,playbyplay_inferred
Shot Chart Detail,1022300177,158,1630149,Satou Sabally,1611661321,Dallas Wings,2,7,55,Missed Shot,Running Layup Shot,2PT Field Goal,Restricted Area,Center(C),Less Than 8 ft.,3,26,27,1,0,20230812,DAL,CON,2023,1022300177158,7250,validated,,0,matched,playbyplayv2,1611661323,203827|1629479|1629481|1630101|1630149,complete,playbyplay_inferred,201886|203826|1629567|1630096|1631135,complete,playbyplay_inferred
Shot Chart Detail,1022300177,170,1630149,Satou Sabally,1611661321,Dallas Wings,2,7,1,Missed Shot,Driving Layup Shot,2PT Field Goal,In The Paint (Non-RA),Center(C),Less Than 8 ft.,6,-5,63,1,0,20230812,DAL,CON,2023,1022300177170,7790,validated,,0,matched,playbyplayv2,1611661323,203827|1629480|1629481|1630101|1630149,complete,playbyplay_inferred,201886|203826|1629567|1630096|1631135,complete,playbyplay_inferred
Shot Chart Detail,1022300177,172,1630149,Satou Sabally,1611661321,Dallas Wings,2,6,59,Made Shot,Putback Layup Shot,2PT Field Goal,Restricted Area,Center(C),Less Than 8 ft.,3,29,25,1,1,20230812,DAL,CON,2023,1022300177172,7810,validated,,0,matched,playbyplayv2,1611661323,203827|1629480|1629481|1630101|1630149,complete,playbyplay_inferred,201886|203826|1629567|1630096|1631135,complete,playbyplay_inferred
Shot Chart Detail,1022300177,230,1630149,Satou Sabally,1611661321,Dallas Wings,2,3,5,Made Shot,Driving Floating Jump Shot,2PT Field Goal,In The Paint (Non-RA),Center(C),8-16 ft.,8,22,86,1,1,20230812,DAL,CON,2023,1022300177230,10150,validated,1630101,1,matched,playbyplayv2,1611661323,1629480|1629481|1630101|1630149|1641652,complete,playbyplay_inferred,201886|203026|203826|204296|1629567,complete,playbyplay_inferred
Shot Chart Detail,1022300177,259,1630149,Satou Sabally,1611661321,Dallas Wings,2,1,10,Made Shot,Jump Shot,3PT Field Goal,Above the Break 3,Center(C),24+ ft.,24,68,237,1,1,20230812,DAL,CON,2023,1022300177259,11300,validated,1630101,1,matched,playbyplayv2,1611661323,203827|1629479|1629481|1630101|1630149,complete,playbyplay_inferred,201886|203026|203826|204296|1629567,complete,playbyplay_inferred
Shot Chart Detail,1022300177,304,1630149,Satou Sabally,1611661321,Dallas Wings,3,9,12,Missed Shot,Running Jump Shot,3PT Field Goal,Above the Break 3,Left Side Center(LC),24+ ft.,25,-94,240,1,0,20230812,DAL,CON,2023,1022300177304,12480,validated,,0,matched,playbyplayv2,1611661323,203827|1629479|1629481|1630101|1630149,complete,playbyplay_inferred,201886|203026|203826|204296|1629567,complete,playbyplay_inferred
Shot Chart Detail,1022300177,321,1630149,Satou Sabally,1611661321,Dallas Wings,3,7,22,Made Shot,Jump Shot,3PT Field Goal,Above the Break 3,Right Side Center(RC),24+ ft.,26,141,221,1,1,20230812,DAL,CON,2023,1022300177321,13580,validated,1629479,1,matched,playbyplayv2,1611661323,203827|1629479|1629481|1630101|1630149,complete,playbyplay_inferred,201886|203026|203826|204296|1629567,complete,playbyplay_inferred
Shot Chart Detail,1022300177,372,1630149,Satou Sabally,1611661321,Dallas Wings,3,3,19,Missed Shot,Turnaround Jump Shot,2PT Field Goal,In The Paint (Non-RA),Center(C),8-16 ft.,14,57,131,1,0,20230812,DAL,CON,2023,1022300177372,16010,validated,,0,matched,playbyplayv2,1611661323,203824|203827|1629480|1629481|1630149,complete,playbyplay_inferred,203026|203826|1629567|1630096|1631135,complete,playbyplay_inferred
Shot Chart Detail,1022300177,399,1630149,Satou Sabally,1611661321,Dallas Wings,3,0,44,Made Shot,Floating Jump shot,2PT Field Goal,In The Paint (Non-RA),Center(C),8-16 ft.,11,-27,113,1,1,20230812,DAL,CON,2023,1022300177399,17560,validated,,0,matched,playbyplayv2,1611661323,203827|1629480|1629481|1630101|1630149,complete,playbyplay_inferred,203026|203826|1629567|1630096|1631135,complete,playbyplay_inferred
Shot Chart Detail,1022300177,407,1630149,Satou Sabally,1611661321,Dallas Wings,3,0,21,Made Shot,Layup Shot,2PT Field Goal,Restricted Area,Center(C),Less Than 8 ft.,3,-20,31,1,1,20230812,DAL,CON,2023,1022300177407,17790,validated,1630101,1,matched,playbyplayv2,1611661323,203827|1629480|1629481|1630101|1630149,complete,playbyplay_inferred,203026|203826|1629567|1630096|1631135,complete,playbyplay_inferred
Shot Chart Detail,1022300177,498,1630149,Satou Sabally,1611661321,Dallas Wings,4,4,34,Missed Shot,Jump Shot,3PT Field Goal,Above the Break 3,Left Side(L),24+ ft.,23,-228,31,1,0,20230812,DAL,CON,2023,1022300177498,21260,validated,,0,matched,playbyplayv2,1611661323,203827|1629480|1629481|1630101|1630149,complete,playbyplay_inferred,201886|203026|203826|1629567|1630096,complete,playbyplay_inferred
Shot Chart Detail,1022300183,19,1630149,Satou Sabally,1611661321,Dallas Wings,1,8,22,Missed Shot,Cutting Layup Shot,2PT Field Goal,Restricted Area,Center(C),Less Than 8 ft.,1,5,17,1,0,20230818,CON,DAL,2023,102230018319,980,validated,,0,matched,playbyplayv2,1611661323,203827|1629479|1629481|1630101|1630149,complete,playbyplay_inferred,201886|203026|203826|204296|1629567,complete,playbyplay_inferred
Shot Chart Detail,1022300183,23,1630149,Satou Sabally,1611661321,Dallas Wings,1,8,13,Made Shot,Driving Layup Shot,2PT Field Goal,Restricted Area,Center(C),Less Than 8 ft.,1,10,9,1,1,20230818,CON,DAL,2023,102230018323,1070,validated,203827,1,matched,playbyplayv2,1611661323,203827|1629479|1629481|1630101|1630149,complete,playbyplay_inferred,201886|203026|203826|204296|1629567,complete,playbyplay_inferred
Shot Chart Detail,1022300183,36,1630149,Satou Sabally,1611661321,Dallas Wings,1,6,53,Missed Shot,Jump Shot,3PT Field Goal,Above the Break 3,Center(C),24+ ft.,24,55,236,1,0,20230818,CON,DAL,2023,102230018336,1870,validated,,0,matched,playbyplayv2,1611661323,203827|1629479|1629481|1630101|1630149,complete,playbyplay_inferred,201886|203026|203826|204296|1629567,complete,playbyplay_inferred
Shot Chart Detail,1022300183,109,1630149,Satou Sabally,1611661321,Dallas Wings,1,1,7,Missed Shot,Layup Shot,2PT Field Goal,Restricted Area,Center(C),Less Than 8 ft.,2,6,28,1,0,20230818,CON,DAL,2023,1022300183109,5330,validated,,0,matched,playbyplayv2,1611661323,1629479|1629481|1630101|1630149|1630386,complete,playbyplay_inferred,201886|203026|203826|1629567|1631135,complete,playbyplay_inferred
Shot Chart Detail,1022300183,121,1630149,Satou Sabally,1611661321,Dallas Wings,1,0,1,Missed Shot,Jump Shot,3PT Field Goal,Above the Break 3,Right Side Center(RC),24+ ft.,24,118,220,1,0,20230818,CON,DAL,2023,1022300183121,5990,validated,,0,matched,playbyplayv2,1611661323,1629479|1629481|1630101|1630149|1630386,complete,playbyplay_inferred,201886|203026|203826|1629567|1631135,complete,playbyplay_inferred
Shot Chart Detail,1022300183,235,1630149,Satou Sabally,1611661321,Dallas Wings,2,2,29,Missed Shot,Jump Shot,3PT Field Goal,Above the Break 3,Left Side Center(LC),24+ ft.,24,-203,136,1,0,20230818,CON,DAL,2023,1022300183235,10510,validated,,0,matched,playbyplayv2,1611661323,203827|1629479|1629481|1630149|1631007,complete,playbyplay_inferred,201886|203026|203826|1630096|1630112,complete,playbyplay_inferred
Shot Chart Detail,1022300183,246,1630149,Satou Sabally,1611661321,Dallas Wings,2,1,10,Made Shot,Driving Layup Shot,2PT Field Goal,Restricted Area,Center(C),Less Than 8 ft.,2,15,17,1,1,20230818,CON,DAL,2023,1022300183246,11300,validated,203827,1,matched,playbyplayv2,1611661323,203827|1629479|1629481|1630149|1631007,complete,playbyplay_inferred,201886|203026|203826|1630096|1630112,complete,playbyplay_inferred
Shot Chart Detail,1022300183,294,1630149,Satou Sabally,1611661321,Dallas Wings,3,7,51,Made Shot,Jump Shot,3PT Field Goal,Above the Break 3,Right Side(R),24+ ft.,22,223,56,1,1,20230818,CON,DAL,2023,1022300183294,13290,validated,1630101,1,matched,playbyplayv2,1611661323,203827|1629479|1629481|1630101|1630149,complete,playbyplay_inferred,201886|203026|203826|204296|1629567,complete,playbyplay_inferred
Shot Chart Detail,1022300183,298,1630149,Satou Sabally,1611661321,Dallas Wings,3,7,7,Missed Shot,Layup Shot,2PT Field Goal,In The Paint (Non-RA),Center(C),Less Than 8 ft.,7,11,73,1,0,20230818,CON,DAL,2023,1022300183298,13730,validated,,0,matched,playbyplayv2,1611661323,203827|1629479|1629481|1630101|1630149,complete,playbyplay_inferred,201886|203026|203826|204296|1629567,complete,playbyplay_inferred
Shot Chart Detail,1022300183,327,1630149,Satou Sabally,1611661321,Dallas Wings,3,5,41,Missed Shot,Pullup Jump shot,2PT Field Goal,In The Paint (Non-RA),Right Side(R),8-16 ft.,9,55,72,1,0,20230818,CON,DAL,2023,1022300183327,14590,validated,,0,matched,playbyplayv2,1611661323,203827|1629479|1629481|1630101|1630149,complete,playbyplay_inferred,201886|203026|203826|204296|1629567,complete,playbyplay_inferred
Shot Chart Detail,1022300183,370,1630149,Satou Sabally,1611661321,Dallas Wings,3,3,27,Missed Shot,Jump Shot,3PT Field Goal,Above the Break 3,Center(C),24+ ft.,25,56,244,1,0,20230818,CON,DAL,2023,1022300183370,15930,validated,,0,matched,playbyplayv2,1611661323,1629479|1629481|1630101|1630149|1630386,complete,playbyplay_inferred,201886|203026|203826|1630096|1630112,complete,playbyplay_inferred
Shot Chart Detail,1022300189,21,1630149,Satou Sabally,1611661321,Dallas Wings,1,8,30,Missed Shot,Layup Shot,2PT Field Goal,Restricted Area,Center(C),Less Than 8 ft.,3,-7,39,1,0,20230820,WAS,DAL,2023,102230018921,900,validated,,0,matched,playbyplayv2,1611661322,203827|1629479|1629481|1630101|1630149,complete,playbyplay_inferred,203403|204333|1628279|1628878|1628899,complete,playbyplay_inferred
Shot Chart Detail,1022300189,28,1630149,Satou Sabally,1611661321,Dallas Wings,1,7,51,Missed Shot,Layup Shot,2PT Field Goal,Restricted Area,Center(C),Less Than 8 ft.,3,-24,31,1,0,20230820,WAS,DAL,2023,102230018928,1290,validated,,0,matched,playbyplayv2,1611661322,203827|1629479|1629481|1630101|1630149,complete,playbyplay_inferred,203403|204333|1628279|1628878|1628899,complete,playbyplay_inferred
Shot Chart Detail,1022300189,281,1630149,Satou Sabally,1611661321,Dallas Wings,2,0,29,Made Shot,Running Layup Shot,2PT Field Goal,Restricted Area,Center(C),Less Than 8 ft.,2,-5,25,1,1,20230820,WAS,DAL,2023,1022300189281,11710,validated,1629481,1,matched,playbyplayv2,1611661322,203827|1629479|1629481|1630149|1631007,complete,playbyplay_inferred,203403|204333|1628278|1628279|1628899,complete,playbyplay_inferred
Shot Chart Detail,1022300189,423,1630149,Satou Sabally,1611661321,Dallas Wings,3,1,1,Made Shot,Jump Shot,2PT Field Goal,Mid-Range,Right Side(R),8-16 ft.,14,95,115,1,1,20230820,WAS,DAL,2023,1022300189423,17390,validated,,0,matched,playbyplayv2,1611661322,1629480|1630101|1630149|1630386|1631007,complete,playbyplay_inferred,1628278|1628279|1628878|1628899|1641642,complete,playbyplay_inferred
Shot Chart Detail,1022300189,426,1630149,Satou Sabally,1611661321,Dallas Wings,3,0,40,Made Shot,Jump Shot,3PT Field Goal,Above the Break 3,Left Side Center(LC),16-24 ft.,23,-118,205,1,1,20230820,WAS,DAL,2023,1022300189426,17600,validated,1629480,1,matched,playbyplayv2,1611661322,1629480|1630101|1630149|1630386|1631007,complete,playbyplay_inferred,1628278|1628279|1628878|1628899|1641642,complete,playbyplay_inferred
Shot Chart Detail,1022300189,455,1630149,Satou Sabally,1611661321,Dallas Wings,4,8,35,Missed Shot,Jump Shot,3PT Field Goal,Above the Break 3,Right Side Center(RC),24+ ft.,27,173,215,1,0,20230820,WAS,DAL,2023,1022300189455,18850,validated,,0,matched,playbyplayv2,1611661322,203827|1629480|1629481|1630101|1630149,complete,playbyplay_inferred,203403|1628279|1628878|1628899|1641642,complete,playbyplay_inferred
Shot Chart Detail,1022300189,478,1630149,Satou Sabally,1611661321,Dallas Wings,4,6,10,Missed Shot,Driving Layup Shot,2PT Field Goal,In The Paint (Non-RA),Center(C),Less Than 8 ft.,6,6,66,1,0,20230820,WAS,DAL,2023,1022300189478,20300,validated,,0,matched,playbyplayv2,1611661322,203827|1629480|1629481|1630101|1630149,complete,playbyplay_inferred,203403|1628278|1628279|1631031|1641642,complete,playbyplay_inferred
Shot Chart Detail,1022300189,488,1630149,Satou Sabally,1611661321,Dallas Wings,4,5,36,Missed Shot,Jump Shot,2PT Field Goal,Mid-Range,Center(C),8-16 ft.,15,29,154,1,0,20230820,WAS,DAL,2023,1022300189488,20640,validated,,0,matched,playbyplayv2,1611661322,203827|1629479|1629481|1630101|1630149,complete,playbyplay_inferred,203403|204333|1628278|1628279|1631031,complete,playbyplay_inferred
Shot Chart Detail,1022300196,32,1630149,Satou Sabally,1611661321,Dallas Wings,1,7,25,Missed Shot,Jump Shot,3PT Field Goal,Above the Break 3,Right Side Center(RC),24+ ft.,24,124,213,1,0,20230822,MIN,DAL,2023,102230019632,1550,validated,,0,matched,playbyplayv2,1611661324,203827|1629479|1629481|1630101|1630149,complete,playbyplay_inferred,203825|1627676|1629483|1629491|1641649,complete,playbyplay_inferred
Shot Chart Detail,1022300196,40,1630149,Satou Sabally,1611661321,Dallas Wings,1,6,52,Missed Shot,Reverse Layup Shot,2PT Field Goal,Restricted Area,Center(C),Less Than 8 ft.,1,-4,15,1,0,20230822,MIN,DAL,2023,102230019640,1880,validated,,0,matched,playbyplayv2,1611661324,203827|1629479|1629481|1630101|1630149,complete,playbyplay_inferred,203825|1627676|1629483|1629491|1641649,complete,playbyplay_inferred
Shot Chart Detail,1022300196,50,1630149,Satou Sabally,1611661321,Dallas Wings,1,6,3,Missed Shot,Driving Floating Bank Jump Shot,2PT Field Goal,Restricted Area,Center(C),Less Than 8 ft.,2,23,3,1,0,20230822,MIN,DAL,2023,102230019650,2370,validated,,0,matched,playbyplayv2,1611661324,203827|1629479|1629481|1630101|1630149,complete,playbyplay_inferred,203825|1627676|1629483|1629491|1641649,complete,playbyplay_inferred
Shot Chart Detail,1022300196,52,1630149,Satou Sabally,1611661321,Dallas Wings,1,6,0,Made Shot,Tip Layup Shot,2PT Field Goal,Restricted Area,Center(C),Less Than 8 ft.,2,18,12,1,1,20230822,MIN,DAL,2023,102230019652,2400,validated,,0,matched,playbyplayv2,1611661324,203827|1629479|1629481|1630101|1630149,complete,playbyplay_inferred,203825|1627676|1629483|1629491|1641649,complete,playbyplay_inferred
Shot Chart Detail,1022300196,181,1630149,Satou Sabally,1611661321,Dallas Wings,2,8,7,Made Shot,Jump Shot,3PT Field Goal,Above the Break 3,Right Side(R),16-24 ft.,23,194,127,1,1,20230822,MIN,DAL,2023,1022300196181,7130,validated,1629481,1,matched,playbyplayv2,1611661324,203827|1629479|1629481|1630101|1630149,complete,playbyplay_inferred,1627676|1629524|1631263|1641649|1641657,complete,playbyplay_inferred
Shot Chart Detail,1022300196,205,1630149,Satou Sabally,1611661321,Dallas Wings,2,6,30,Missed Shot,Pullup Jump shot,2PT Field Goal,Mid-Range,Left Side Center(LC),16-24 ft.,18,-137,117,1,0,20230822,MIN,DAL,2023,1022300196205,8100,validated,,0,matched,playbyplayv2,1611661324,203827|1629479|1629481|1630101|1630149,complete,playbyplay_inferred,203825|1627676|1629483|1629491|1641649,complete,playbyplay_inferred
Shot Chart Detail,1022300196,207,1630149,Satou Sabally,1611661321,Dallas Wings,2,6,25,Made Shot,Layup Shot,2PT Field Goal,Restricted Area,Center(C),Less Than 8 ft.,1,18,4,1,1,20230822,MIN,DAL,2023,1022300196207,8150,validated,1629481,1,matched,playbyplayv2,1611661324,203827|1629479|1629481|1630101|1630149,complete,playbyplay_inferred,203825|1627676|1629483|1629491|1641649,complete,playbyplay_inferred
Shot Chart Detail,1022300196,229,1630149,Satou Sabally,1611661321,Dallas Wings,2,3,55,Made Shot,Turnaround Jump Shot,2PT Field Goal,Mid-Range,Left Side(L),8-16 ft.,15,-115,103,1,1,20230822,MIN,DAL,2023,1022300196229,9650,validated,1630101,1,matched,playbyplayv2,1611661324,203827|1629479|1629481|1630101|1630149,complete,playbyplay_inferred,203825|1627676|1629483|1629491|1629524,complete,playbyplay_inferred
Shot Chart Detail,1022300196,251,1630149,Satou Sabally,1611661321,Dallas Wings,2,2,13,Made Shot,Driving Layup Shot,2PT Field Goal,In The Paint (Non-RA),Center(C),Less Than 8 ft.,5,55,17,1,1,20230822,MIN,DAL,2023,1022300196251,10670,validated,,0,matched,playbyplayv2,1611661324,203827|1629480|1629481|1630149|1631007,complete,playbyplay_inferred,203825|1627671|1629483|1629491|1629524,complete,playbyplay_inferred
Shot Chart Detail,1022300196,296,1630149,Satou Sabally,1611661321,Dallas Wings,3,9,30,Missed Shot,Pullup Jump shot,2PT Field Goal,Mid-Range,Center(C),8-16 ft.,15,-13,154,1,0,20230822,MIN,DAL,2023,1022300196296,12300,validated,,0,matched,playbyplayv2,1611661324,203827|1629479|1629481|1630101|1630149,complete,playbyplay_inferred,203825|1627676|1629483|1629491|1641649,complete,playbyplay_inferred
Shot Chart Detail,1022300196,329,1630149,Satou Sabally,1611661321,Dallas Wings,3,7,39,Missed Shot,Pullup Jump shot,2PT Field Goal,Mid-Range,Left Side Center(LC),16-24 ft.,18,-87,166,1,0,20230822,MIN,DAL,2023,1022300196329,13410,validated,,0,matched,playbyplayv2,1611661324,203827|1629479|1630101|1630149|1631007,complete,playbyplay_inferred,203825|1627676|1629483|1629491|1629524,complete,playbyplay_inferred
Shot Chart Detail,1022300196,348,1630149,Satou Sabally,1611661321,Dallas Wings,3,4,32,Missed Shot,Turnaround Jump Shot,2PT Field Goal,Mid-Range,Right Side(R),8-16 ft.,14,98,102,1,0,20230822,MIN,DAL,2023,1022300196348,15280,validated,,0,matched,playbyplayv2,1611661324,203827|1629479|1629481|1630101|1630149,complete,playbyplay_inferred,203825|1627676|1629483|1629491|1629524,complete,playbyplay_inferred
Shot Chart Detail,1022300196,384,1630149,Satou Sabally,1611661321,Dallas Wings,3,1,44,Made Shot,Driving Layup Shot,2PT Field Goal,Restricted Area,Center(C),Less Than 8 ft.,2,11,18,1,1,20230822,MIN,DAL,2023,1022300196384,16960,validated,,0,matched,playbyplayv2,1611661324,203827|1629479|1629481|1630101|1630149,complete,playbyplay_inferred,203825|1627671|1629483|1629491|1629524,complete,playbyplay_inferred
Shot Chart Detail,1022300196,387,1630149,Satou Sabally,1611661321,Dallas Wings,3,1,17,Made Shot,Running Jump Shot,3PT Field Goal,Above the Break 3,Right Side Center(RC),24+ ft.,24,106,222,1,1,20230822,MIN,DAL,2023,1022300196387,17230,validated,1629481,1,matched,playbyplayv2,1611661324,203827|1629479|1629481|1630101|1630149,complete,playbyplay_inferred,203825|1627671|1629483|1629491|1629524,complete,playbyplay_inferred
Shot Chart Detail,1022300196,420,1630149,Satou Sabally,1611661321,Dallas Wings,4,9,27,Missed Shot,Running Layup Shot,2PT Field Goal,Restricted Area,Center(C),Less Than 8 ft.,2,0,21,1,0,20230822,MIN,DAL,2023,1022300196420,18330,validated,,0,matched,playbyplayv2,1611661324,203827|1629480|1629481|1630149|1631007,complete,playbyplay_inferred,203825|1627676|1629483|1629524|1641657,complete,playbyplay_inferred
Shot Chart Detail,1022300196,426,1630149,Satou Sabally,1611661321,Dallas Wings,4,8,44,Missed Shot,Floating Jump shot,3PT Field Goal,Above the Break 3,Right Side Center(RC),24+ ft.,23,163,174,1,0,20230822,MIN,DAL,2023,1022300196426,18760,validated,,0,matched,playbyplayv2,1611661324,203827|1629480|1629481|1630149|1631007,complete,playbyplay_inferred,203825|1627676|1629483|1629524|1641657,complete,playbyplay_inferred
Shot Chart Detail,1022300196,560,1630149,Satou Sabally,1611661321,Dallas Wings,4,0,59,Missed Shot,Jump Shot,3PT Field Goal,Above the Break 3,Center(C),24+ ft.,25,-7,251,1,0,20230822,MIN,DAL,2023,1022300196560,23410,validated,,0,matched,playbyplayv2,1611661324,1629479|1629481|1630149|1631007|1641652,complete,playbyplay_inferred,203825|1627676|1629483|1629491|1629524,complete,playbyplay_inferred
Shot Chart Detail,1022300216,25,1630149,Satou Sabally,1611661321,Dallas Wings,1,7,57,Missed Shot,Jump Shot,3PT Field Goal,Above the Break 3,Left Side Center(LC),24+ ft.,23,-160,176,1,0,20230901,IND,DAL,2023,102230021625,1230,validated,,0,matched,playbyplayv2,1611661325,1629479|1629481|1630101|1630149|1630386,complete,playbyplay_inferred,204365|1628909|1628929|1631019|1641648,complete,playbyplay_inferred
Shot Chart Detail,1022300216,33,1630149,Satou Sabally,1611661321,Dallas Wings,1,7,0,Missed Shot,Driving Floating Jump Shot,2PT Field Goal,In The Paint (Non-RA),Center(C),8-16 ft.,8,37,80,1,0,20230901,IND,DAL,2023,102230021633,1800,validated,,0,matched,playbyplayv2,1611661325,1629479|1629481|1630101|1630149|1630386,complete,playbyplay_inferred,204365|1628909|1628929|1631019|1641648,complete,playbyplay_inferred
Shot Chart Detail,1022300216,49,1630149,Satou Sabally,1611661321,Dallas Wings,1,5,27,Made Shot,Turnaround Jump Shot,2PT Field Goal,Mid-Range,Center(C),16-24 ft.,16,13,167,1,1,20230901,IND,DAL,2023,102230021649,2730,validated,1630386,1,matched,playbyplayv2,1611661325,1629479|1629481|1630101|1630149|1630386,complete,playbyplay_inferred,204365|1628909|1628929|1631019|1641648,complete,playbyplay_inferred
Shot Chart Detail,1022300216,63,1630149,Satou Sabally,1611661321,Dallas Wings,1,4,12,Made Shot,Running Pull-Up Jump Shot,2PT Field Goal,Mid-Range,Center(C),16-24 ft.,16,-41,157,1,1,20230901,IND,DAL,2023,102230021663,3480,validated,,0,matched,playbyplayv2,1611661325,1629479|1629481|1630101|1630149|1630386,complete,playbyplay_inferred,204365|1628909|1628929|1631019|1641648,complete,playbyplay_inferred
Shot Chart Detail,1022300216,75,1630149,Satou Sabally,1611661321,Dallas Wings,1,3,36,Missed Shot,Jump Shot,3PT Field Goal,Above the Break 3,Center(C),24+ ft.,25,-77,241,1,0,20230901,IND,DAL,2023,102230021675,3840,validated,,0,matched,playbyplayv2,1611661325,1629479|1629480|1629481|1630101|1630149,complete,playbyplay_inferred,204365|1628242|1628909|1641648|1641658,complete,playbyplay_inferred
Shot Chart Detail,1022300216,185,1630149,Satou Sabally,1611661321,Dallas Wings,2,7,8,Made Shot,Jump Shot,3PT Field Goal,Above the Break 3,Center(C),24+ ft.,24,1,241,1,1,20230901,IND,DAL,2023,1022300216185,7720,validated,203824,1,matched,playbyplayv2,1611661325,203824|1629479|1629480|1630149|1631007,complete,playbyplay_inferred,204320|204365|1628927|1628929|1631019,complete,playbyplay_inferred
Shot Chart Detail,1022300216,204,1630149,Satou Sabally,1611661321,Dallas Wings,2,5,35,Missed Shot,Jump Shot,3PT Field Goal,Above the Break 3,Right Side Center(RC),24+ ft.,27,106,249,1,0,20230901,IND,DAL,2023,1022300216204,8650,validated,,0,matched,playbyplayv2,1611661325,203824|1629480|1629481|1630149|1631007,complete,playbyplay_inferred,204365|1628909|1628927|1631019|1641648,complete,playbyplay_inferred
Shot Chart Detail,1022300216,221,1630149,Satou Sabally,1611661321,Dallas Wings,2,4,30,Missed Shot,Driving Floating Jump Shot,2PT Field Goal,Mid-Range,Left Side(L),8-16 ft.,9,-99,-1,1,0,20230901,IND,DAL,2023,1022300216221,9300,validated,,0,matched,playbyplayv2,1611661325,203824|1629481|1630149|1630386|1631007,complete,playbyplay_inferred,204365|1628909|1628927|1631019|1641648,complete,playbyplay_inferred
Shot Chart Detail,1022300216,229,1630149,Satou Sabally,1611661321,Dallas Wings,2,4,4,Made Shot,Pullup Jump shot,3PT Field Goal,Above the Break 3,Right Side Center(RC),24+ ft.,27,210,178,1,1,20230901,IND,DAL,2023,1022300216229,9560,validated,1631007,1,matched,playbyplayv2,1611661325,203824|1629481|1630149|1630386|1631007,complete,playbyplay_inferred,204365|1628909|1628927|1631019|1641648,complete,playbyplay_inferred
Shot Chart Detail,1022300216,324,1630149,Satou Sabally,1611661321,Dallas Wings,3,7,2,Missed Shot,Jump Shot,2PT Field Goal,In The Paint (Non-RA),Center(C),Less Than 8 ft.,7,11,73,1,0,20230901,IND,DAL,2023,1022300216324,13780,validated,,0,matched,playbyplayv2,1611661325,1629479|1629481|1630101|1630149|1630386,complete,playbyplay_inferred,204365|1628909|1628929|1631019|1641648,complete,playbyplay_inferred
Shot Chart Detail,1022300216,387,1630149,Satou Sabally,1611661321,Dallas Wings,3,2,56,Made Shot,Jump Shot,2PT Field Goal,Mid-Range,Left Side Center(LC),16-24 ft.,20,-74,190,1,1,20230901,IND,DAL,2023,1022300216387,16240,validated,1631007,1,matched,playbyplayv2,1611661325,1629479|1629481|1630101|1630149|1631007,complete,playbyplay_inferred,204365|1628909|1628929|1631019|1641648,complete,playbyplay_inferred
Shot Chart Detail,1022300216,391,1630149,Satou Sabally,1611661321,Dallas Wings,3,2,25,Made Shot,Driving Floating Bank Jump Shot,2PT Field Goal,In The Paint (Non-RA),Center(C),Less Than 8 ft.,4,-10,39,1,1,20230901,IND,DAL,2023,1022300216391,16550,validated,1631007,1,matched,playbyplayv2,1611661325,1629479|1629481|1630101|1630149|1631007,complete,playbyplay_inferred,204365|1628909|1628929|1631019|1641648,complete,playbyplay_inferred
Shot Chart Detail,1022300216,401,1630149,Satou Sabally,1611661321,Dallas Wings,3,1,41,Made Shot,Fadeaway Jump Shot,2PT Field Goal,Mid-Range,Right Side(R),8-16 ft.,10,101,-5,1,1,20230901,IND,DAL,2023,1022300216401,16990,validated,1631007,1,matched,playbyplayv2,1611661325,1629479|1629481|1630101|1630149|1631007,complete,playbyplay_inferred,204365|1628909|1628927|1641648|1641658,complete,playbyplay_inferred
Shot Chart Detail,1022300216,424,1630149,Satou Sabally,1611661321,Dallas Wings,3,0,0,Made Shot,Turnaround Jump Shot,2PT Field Goal,Mid-Range,Right Side(R),8-16 ft.,11,116,12,1,1,20230901,IND,DAL,2023,1022300216424,18000,validated,1641652,1,matched,playbyplayv2,1611661325,203824|1630101|1630149|1631007|1641652,complete,playbyplay_inferred,204365|1628909|1628927|1641648|1641658,complete,playbyplay_inferred
Shot Chart Detail,1022300216,431,1630149,Satou Sabally,1611661321,Dallas Wings,4,9,48,Made Shot,Jump Shot,3PT Field Goal,Above the Break 3,Right Side Center(RC),24+ ft.,25,175,191,1,1,20230901,IND,DAL,2023,1022300216431,18120,validated,1631007,1,matched,playbyplayv2,1611661325,203824|1630101|1630149|1631007|1641652,complete,playbyplay_inferred,204365|1628909|1631019|1641648|1641658,complete,playbyplay_inferred
Shot Chart Detail,1022300216,436,1630149,Satou Sabally,1611661321,Dallas Wings,4,9,16,Made Shot,Pullup Jump shot,3PT Field Goal,Above the Break 3,Right Side Center(RC),24+ ft.,28,171,231,1,1,20230901,IND,DAL,2023,1022300216436,18440,validated,,0,matched,playbyplayv2,1611661325,203824|1630101|1630149|1631007|1641652,complete,playbyplay_inferred,204365|1628909|1631019|1641648|1641658,complete,playbyplay_inferred
Shot Chart Detail,1022300216,455,1630149,Satou Sabally,1611661321,Dallas Wings,4,7,50,Made Shot,Jump Shot,3PT Field Goal,Above the Break 3,Left Side Center(LC),24+ ft.,27,-179,206,1,1,20230901,IND,DAL,2023,1022300216455,19300,validated,1630101,1,matched,playbyplayv2,1611661325,203824|1630101|1630149|1631007|1641652,complete,playbyplay_inferred,204365|1628909|1628929|1631019|1641648,complete,playbyplay_inferred
Shot Chart Detail,1022300216,487,1630149,Satou Sabally,1611661321,Dallas Wings,4,6,2,Made Shot,Jump Shot,3PT Field Goal,Above the Break 3,Right Side Center(RC),24+ ft.,25,167,188,1,1,20230901,IND,DAL,2023,1022300216487,20380,validated,1630101,1,matched,playbyplayv2,1611661325,203824|1629480|1629481|1630101|1630149,complete,playbyplay_inferred,204365|1628909|1628929|1631019|1641648,complete,playbyplay_inferred
Shot Chart Detail,1022300216,508,1630149,Satou Sabally,1611661321,Dallas Wings,4,4,18,Made Shot,Jump Shot,3PT Field Goal,Above the Break 3,Left Side Center(LC),24+ ft.,29,-215,208,1,1,20230901,IND,DAL,2023,1022300216508,21420,validated,203824,1,matched,playbyplayv2,1611661325,203824|1629480|1629481|1630101|1630149,complete,playbyplay_inferred,204365|1628909|1628929|1631019|1641648,complete,playbyplay_inferred
Shot Chart Detail,1022300221,37,1630149,Satou Sabally,1611661321,Dallas Wings,1,7,19,Made Shot,Turnaround Bank shot,2PT Field Goal,Mid-Range,Left Side(L),8-16 ft.,8,-82,2,1,1,20230903,DAL,IND,2023,102230022137,1610,validated,203827,1,matched,playbyplayv2,1611661325,203827|1629479|1629481|1630101|1630149,complete,playbyplay_inferred,204365|1628909|1628929|1631019|1641648,complete,playbyplay_inferred
Shot Chart Detail,1022300221,59,1630149,Satou Sabally,1611661321,Dallas Wings,1,6,7,Missed Shot,Jump Shot,3PT Field Goal,Left Corner 3,Left Side(L),24+ ft.,22,-229,16,1,0,20230903,DAL,IND,2023,102230022159,2330,validated,,0,matched,playbyplayv2,1611661325,203827|1629479|1629481|1630101|1630149,complete,playbyplay_inferred,204365|1628909|1628929|1631019|1641648,complete,playbyplay_inferred
Shot Chart Detail,1022300221,64,1630149,Satou Sabally,1611661321,Dallas Wings,1,5,39,Missed Shot,Running Pull-Up Jump Shot,3PT Field Goal,Above the Break 3,Right Side Center(RC),24+ ft.,24,121,211,1,0,20230903,DAL,IND,2023,102230022164,2610,validated,,0,matched,playbyplayv2,1611661325,203827|1629479|1629481|1630101|1630149,complete,playbyplay_inferred,204365|1628909|1628929|1631019|1641648,complete,playbyplay_inferred
Shot Chart Detail,1022300221,87,1630149,Satou Sabally,1611661321,Dallas Wings,1,3,34,Missed Shot,Jump Shot,3PT Field Goal,Above the Break 3,Center(C),24+ ft.,24,-51,235,1,0,20230903,DAL,IND,2023,102230022187,3860,validated,,0,matched,playbyplayv2,1611661325,1629479|1629481|1630101|1630149|1630386,complete,playbyplay_inferred,204365|1628909|1628929|1631019|1641648,complete,playbyplay_inferred
Shot Chart Detail,1022300221,110,1630149,Satou Sabally,1611661321,Dallas Wings,1,2,16,Made Shot,Pullup Jump shot,2PT Field Goal,Mid-Range,Right Side Center(RC),16-24 ft.,19,106,167,1,1,20230903,DAL,IND,2023,1022300221110,4640,validated,1631007,1,matched,playbyplayv2,1611661325,1629479|1629481|1630149|1630386|1631007,complete,playbyplay_inferred,1628909|1630471|1631019|1641648|1641658,complete,playbyplay_inferred
Shot Chart Detail,1022300221,191,1630149,Satou Sabally,1611661321,Dallas Wings,2,6,44,Missed Shot,Jump Shot,3PT Field Goal,Above the Break 3,Left Side Center(LC),24+ ft.,24,-139,198,1,0,20230903,DAL,IND,2023,1022300221191,7960,validated,,0,matched,playbyplayv2,1611661325,203824|1629479|1629481|1630101|1630149,complete,playbyplay_inferred,204365|1628242|1628927|1641648|1641658,complete,playbyplay_inferred
Shot Chart Detail,1022300221,218,1630149,Satou Sabally,1611661321,Dallas Wings,2,5,14,Made Shot,Pullup Jump shot,2PT Field Goal,Mid-Range,Right Side Center(RC),16-24 ft.,17,79,152,1,1,20230903,DAL,IND,2023,1022300221218,8860,validated,,0,matched,playbyplayv2,1611661325,203824|203827|1630101|1630149|1641652,complete,playbyplay_inferred,204365|1628909|1628927|1630471|1641648,complete,playbyplay_inferred
Shot Chart Detail,1022300221,228,1630149,Satou Sabally,1611661321,Dallas Wings,2,4,7,Made Shot,Jump Shot,3PT Field Goal,Above the Break 3,Right Side(R),24+ ft.,23,235,40,1,1,20230903,DAL,IND,2023,1022300221228,9530,validated,1630101,1,matched,playbyplayv2,1611661325,203824|203827|1629481|1630101|1630149,complete,playbyplay_inferred,204365|1628909|1628927|1630471|1641648,complete,playbyplay_inferred
Shot Chart Detail,1022300221,241,1630149,Satou Sabally,1611661321,Dallas Wings,2,2,57,Missed Shot,Driving Layup Shot,2PT Field Goal,In The Paint (Non-RA),Center(C),Less Than 8 ft.,4,4,44,1,0,20230903,DAL,IND,2023,1022300221241,10230,validated,,0,matched,playbyplayv2,1611661325,203824|203827|1629481|1630101|1630149,complete,playbyplay_inferred,204365|1628909|1631019|1641648|1641658,complete,playbyplay_inferred
Shot Chart Detail,1022300221,248,1630149,Satou Sabally,1611661321,Dallas Wings,2,2,51,Missed Shot,Jump Shot,3PT Field Goal,Above the Break 3,Left Side Center(LC),24+ ft.,24,-171,176,1,0,20230903,DAL,IND,2023,1022300221248,10290,validated,,0,matched,playbyplayv2,1611661325,203824|203827|1629481|1630101|1630149,complete,playbyplay_inferred,204365|1628909|1631019|1641648|1641658,complete,playbyplay_inferred
Shot Chart Detail,1022300221,267,1630149,Satou Sabally,1611661321,Dallas Wings,2,0,50,Missed Shot,Driving Layup Shot,2PT Field Goal,In The Paint (Non-RA),Center(C),Less Than 8 ft.,6,62,23,1,0,20230903,DAL,IND,2023,1022300221267,11500,validated,,0,matched,playbyplayv2,1611661325,203824|1629481|1630149|1630386|1631007,complete,playbyplay_inferred,204365|1628909|1631019|1641648|1641658,complete,playbyplay_inferred
Shot Chart Detail,1022300221,311,1630149,Satou Sabally,1611661321,Dallas Wings,3,9,16,Missed Shot,Jump Shot,3PT Field Goal,Above the Break 3,Left Side(L),24+ ft.,24,-233,62,1,0,20230903,DAL,IND,2023,1022300221311,12440,validated,,0,matched,playbyplayv2,1611661325,203827|1629479|1629481|1630101|1630149,complete,playbyplay_inferred,204365|1628909|1631019|1641648|1641658,complete,playbyplay_inferred
Shot Chart Detail,1022300221,338,1630149,Satou Sabally,1611661321,Dallas Wings,3,6,48,Made Shot,Pullup Jump shot,2PT Field Goal,Mid-Range,Center(C),8-16 ft.,15,15,159,1,1,20230903,DAL,IND,2023,1022300221338,13920,validated,1629479,1,matched,playbyplayv2,1611661325,203827|1629479|1629481|1630101|1630149,complete,playbyplay_inferred,204365|1628909|1631019|1641648|1641658,complete,playbyplay_inferred
Shot Chart Detail,1022300221,374,1630149,Satou Sabally,1611661321,Dallas Wings,3,4,3,Missed Shot,Turnaround Jump Shot,2PT Field Goal,In The Paint (Non-RA),Center(C),Less Than 8 ft.,6,47,43,1,0,20230903,DAL,IND,2023,1022300221374,15570,validated,,0,matched,playbyplayv2,1611661325,1629479|1629481|1630101|1630149|1630386,complete,playbyplay_inferred,204365|1628909|1631019|1641648|1641658,complete,playbyplay_inferred
Shot Chart Detail,1022300221,397,1630149,Satou Sabally,1611661321,Dallas Wings,3,2,14,Made Shot,Pullup Jump shot,3PT Field Goal,Above the Break 3,Center(C),24+ ft.,24,49,238,1,1,20230903,DAL,IND,2023,1022300221397,16660,validated,,0,matched,playbyplayv2,1611661325,203824|1629479|1629481|1630149|1630386,complete,playbyplay_inferred,1628909|1628927|1631019|1641648|1641658,complete,playbyplay_inferred
Shot Chart Detail,1022300221,410,1630149,Satou Sabally,1611661321,Dallas Wings,3,1,9,Missed Shot,Jump Shot,3PT Field Goal,Above the Break 3,Right Side(R),16-24 ft.,23,214,100,1,0,20230903,DAL,IND,2023,1022300221410,17310,validated,,0,matched,playbyplayv2,1611661325,203824|1629479|1629481|1630149|1630386,complete,playbyplay_inferred,1628909|1628927|1631019|1641648|1641658,complete,playbyplay_inferred
Shot Chart Detail,1022300221,447,1630149,Satou Sabally,1611661321,Dallas Wings,4,8,38,Missed Shot,Turnaround Jump Shot,2PT Field Goal,In The Paint (Non-RA),Center(C),Less Than 8 ft.,6,47,41,1,0,20230903,DAL,IND,2023,1022300221447,18820,validated,,0,matched,playbyplayv2,1611661325,203824|1629479|1629481|1630149|1630386,complete,playbyplay_inferred,204365|1628909|1628927|1631019|1641648,complete,playbyplay_inferred
Shot Chart Detail,1022300221,463,1630149,Satou Sabally,1611661321,Dallas Wings,4,7,25,Made Shot,Turnaround Jump Shot,2PT Field Goal,In The Paint (Non-RA),Center(C),Less Than 8 ft.,6,60,28,1,1,20230903,DAL,IND,2023,1022300221463,19550,validated,1630101,1,matched,playbyplayv2,1611661325,203827|1629479|1629481|1630101|1630149,complete,playbyplay_inferred,204365|1628909|1628927|1631019|1641648,complete,playbyplay_inferred
Shot Chart Detail,1022300221,506,1630149,Satou Sabally,1611661321,Dallas Wings,4,3,53,Missed Shot,Pullup Jump shot,2PT Field Goal,Mid-Range,Center(C),16-24 ft.,16,24,167,1,0,20230903,DAL,IND,2023,1022300221506,21670,validated,,0,matched,playbyplayv2,1611661325,203827|1629481|1630101|1630149|1630386,complete,playbyplay_inferred,204365|1628909|1628927|1631019|1641648,complete,playbyplay_inferred
Shot Chart Detail,1022300221,542,1630149,Satou Sabally,1611661321,Dallas Wings,4,1,31,Missed Shot,Layup Shot,2PT Field Goal,In The Paint (Non-RA),Center(C),Less Than 8 ft.,5,-48,29,1,0,20230903,DAL,IND,2023,1022300221542,23090,validated,,0,matched,playbyplayv2,1611661325,203827|1629479|1629481|1630101|1630149,complete,playbyplay_inferred,204365|1628909|1628927|1631019|1641648,complete,playbyplay_inferred
Shot Chart Detail,1022300221,586,1630149,Satou Sabally,1611661321,Dallas Wings,5,4,18,Missed Shot,Driving Reverse Layup Shot,2PT Field Goal,Restricted Area,Center(C),Less Than 8 ft.,3,-33,17,1,0,20230903,DAL,IND,2023,1022300221586,24420,validated,,0,matched,playbyplayv2,1611661325,203827|1629479|1629481|1630101|1630149,complete,playbyplay_inferred,204365|1628909|1628927|1631019|1641648,complete,playbyplay_inferred
Shot Chart Detail,1022300221,614,1630149,Satou Sabally,1611661321,Dallas Wings,5,2,30,Missed Shot,Driving Layup Shot,2PT Field Goal,In The Paint (Non-RA),Center(C),Less Than 8 ft.,6,0,63,1,0,20230903,DAL,IND,2023,1022300221614,25500,validated,,0,matched,playbyplayv2,1611661325,203824|203827|1629481|1630149|1630386,complete,playbyplay_inferred,204365|1628909|1628927|1631019|1641648,complete,playbyplay_inferred
Shot Chart Detail,1022300221,659,1630149,Satou Sabally,1611661321,Dallas Wings,5,0,33,Missed Shot,Jump Shot,3PT Field Goal,Above the Break 3,Right Side(R),16-24 ft.,23,217,89,1,0,20230903,DAL,IND,2023,1022300221659,26670,validated,,0,matched,playbyplayv2,1611661325,203827|1629481|1630101|1630149|1630386,complete,playbyplay_inferred,1628909|1628927|1631019|1641648|1641658,complete,playbyplay_inferred
Shot Chart Detail,1022300226,9,1630149,Satou Sabally,1611661321,Dallas Wings,1,9,26,Made Shot,Driving Finger Roll Layup Shot,2PT Field Goal,Restricted Area,Center(C),Less Than 8 ft.,2,23,11,1,1,20230905,DAL,NYL,2023,10223002269,340,validated,203827,1,matched,playbyplayv2,1611661313,203827|1629481|1630101|1630149|1630386,complete,playbyplay_inferred,202664|204335|1627668|1627673|1629477,complete,playbyplay_inferred
Shot Chart Detail,1022300226,13,1630149,Satou Sabally,1611661321,Dallas Wings,1,8,42,Made Shot,Reverse Layup Shot,2PT Field Goal,Restricted Area,Center(C),Less Than 8 ft.,1,-11,12,1,1,20230905,DAL,NYL,2023,102230022613,780,validated,1630101,1,matched,playbyplayv2,1611661313,203827|1629481|1630101|1630149|1630386,complete,playbyplay_inferred,202664|204335|1627668|1627673|1629477,complete,playbyplay_inferred
Shot Chart Detail,1022300226,22,1630149,Satou Sabally,1611661321,Dallas Wings,1,7,51,Made Shot,Driving Floating Bank Jump Shot,2PT Field Goal,In The Paint (Non-RA),Right Side(R),8-16 ft.,8,55,61,1,1,20230905,DAL,NYL,2023,102230022622,1290,validated,,0,matched,playbyplayv2,1611661313,203827|1629481|1630101|1630149|1630386,complete,playbyplay_inferred,202664|204335|1627668|1627673|1629477,complete,playbyplay_inferred
Shot Chart Detail,1022300226,71,1630149,Satou Sabally,1611661321,Dallas Wings,1,3,29,Made Shot,Layup Shot,2PT Field Goal,Restricted Area,Center(C),Less Than 8 ft.,3,29,10,1,1,20230905,DAL,NYL,2023,102230022671,3910,validated,1629481,1,matched,playbyplayv2,1611661313,203827|1629479|1629481|1630101|1630149,complete,playbyplay_inferred,202664|203866|1627668|1627673|1629546,complete,playbyplay_inferred
Shot Chart Detail,1022300226,104,1630149,Satou Sabally,1611661321,Dallas Wings,1,1,47,Made Shot,Putback Layup Shot,2PT Field Goal,Restricted Area,Center(C),Less Than 8 ft.,0,0,-6,1,1,20230905,DAL,NYL,2023,1022300226104,4930,validated,,0,matched,playbyplayv2,1611661313,203827|1629479|1629481|1630101|1630149,complete,playbyplay_inferred,203828|203866|1627668|1629477|1629546,complete,playbyplay_inferred
Shot Chart Detail,1022300226,139,1630149,Satou Sabally,1611661321,Dallas Wings,2,9,43,Missed Shot,Jump Shot,2PT Field Goal,Mid-Range,Left Side(L),8-16 ft.,11,-101,60,1,0,20230905,DAL,NYL,2023,1022300226139,6170,validated,,0,matched,playbyplayv2,1611661313,203827|1629479|1630101|1630149|1631007,complete,playbyplay_inferred,202664|203828|203866|204335|1629477,complete,playbyplay_inferred
Shot Chart Detail,1022300226,145,1630149,Satou Sabally,1611661321,Dallas Wings,2,9,0,Missed Shot,Pullup Jump shot,3PT Field Goal,Above the Break 3,Center(C),24+ ft.,24,48,236,1,0,20230905,DAL,NYL,2023,1022300226145,6600,validated,,0,matched,playbyplayv2,1611661313,203827|1629479|1630101|1630149|1631007,complete,playbyplay_inferred,202664|203828|203866|204335|1629477,complete,playbyplay_inferred
Shot Chart Detail,1022300226,149,1630149,Satou Sabally,1611661321,Dallas Wings,2,8,36,Missed Shot,Pullup Jump shot,2PT Field Goal,Mid-Range,Center(C),8-16 ft.,14,-46,141,1,0,20230905,DAL,NYL,2023,1022300226149,6840,validated,,0,matched,playbyplayv2,1611661313,203827|1629479|1630101|1630149|1631007,complete,playbyplay_inferred,202664|203828|203866|204335|1629477,complete,playbyplay_inferred
Shot Chart Detail,1022300226,203,1630149,Satou Sabally,1611661321,Dallas Wings,2,5,2,Made Shot,Running Layup Shot,2PT Field Goal,In The Paint (Non-RA),Center(C),Less Than 8 ft.,4,7,44,1,1,20230905,DAL,NYL,2023,1022300226203,8980,validated,,0,matched,playbyplayv2,1611661313,1629480|1629481|1630101|1630149|1630386,complete,playbyplay_inferred,202664|204335|1627668|1627673|1629546,complete,playbyplay_inferred
Shot Chart Detail,1022300226,355,1630149,Satou Sabally,1611661321,Dallas Wings,3,4,49,Made Shot,Jump Shot,3PT Field Goal,Above the Break 3,Center(C),24+ ft.,25,-4,258,1,1,20230905,DAL,NYL,2023,1022300226355,15110,validated,1629481,1,matched,playbyplayv2,1611661313,203827|1629479|1629481|1630101|1630149,complete,playbyplay_inferred,202664|204335|1627668|1627673|1629546,complete,playbyplay_inferred
Shot Chart Detail,1022300226,372,1630149,Satou Sabally,1611661321,Dallas Wings,3,3,48,Missed Shot,Pullup Jump shot,3PT Field Goal,Above the Break 3,Center(C),24+ ft.,25,-13,253,1,0,20230905,DAL,NYL,2023,1022300226372,15720,validated,,0,matched,playbyplayv2,1611661313,203827|1629480|1629481|1630101|1630149,complete,playbyplay_inferred,202664|204335|1627668|1627673|1629546,complete,playbyplay_inferred
Shot Chart Detail,1022300226,385,1630149,Satou Sabally,1611661321,Dallas Wings,3,3,2,Made Shot,Driving Floating Jump Shot,2PT Field Goal,In The Paint (Non-RA),Center(C),8-16 ft.,11,-48,109,1,1,20230905,DAL,NYL,2023,1022300226385,16180,validated,1629481,1,matched,playbyplayv2,1611661313,1629480|1629481|1630101|1630149|1630386,complete,playbyplay_inferred,202664|203866|1627668|1627673|1629546,complete,playbyplay_inferred
Shot Chart Detail,1022300226,451,1630149,Satou Sabally,1611661321,Dallas Wings,4,8,54,Made Shot,Pullup Jump shot,2PT Field Goal,Mid-Range,Left Side(L),16-24 ft.,18,-151,104,1,1,20230905,DAL,NYL,2023,1022300226451,18660,validated,,0,matched,playbyplayv2,1611661313,1629479|1629481|1630101|1630149|1641652,complete,playbyplay_inferred,203828|203866|204335|1629477|1630139,complete,playbyplay_inferred
Shot Chart Detail,1022300226,454,1630149,Satou Sabally,1611661321,Dallas Wings,4,8,28,Made Shot,Running Layup Shot,2PT Field Goal,Restricted Area,Center(C),Less Than 8 ft.,3,-10,36,1,1,20230905,DAL,NYL,2023,1022300226454,18920,validated,1629481,1,matched,playbyplayv2,1611661313,1629479|1629481|1630101|1630149|1641652,complete,playbyplay_inferred,203828|203866|204335|1629477|1630139,complete,playbyplay_inferred
Shot Chart Detail,1022300226,474,1630149,Satou Sabally,1611661321,Dallas Wings,4,7,18,Missed Shot,Driving Layup Shot,2PT Field Goal,Restricted Area,Center(C),Less Than 8 ft.,3,-23,31,1,0,20230905,DAL,NYL,2023,1022300226474,19620,validated,,0,matched,playbyplayv2,1611661313,1629479|1629481|1630101|1630149|1641652,complete,playbyplay_inferred,202664|203828|204335|1627668|1629477,complete,playbyplay_inferred
Shot Chart Detail,1022300226,497,1630149,Satou Sabally,1611661321,Dallas Wings,4,5,53,Missed Shot,Jump Shot,3PT Field Goal,Above the Break 3,Left Side Center(LC),24+ ft.,24,-99,228,1,0,20230905,DAL,NYL,2023,1022300226497,20470,validated,,0,matched,playbyplayv2,1611661313,1629479|1629481|1630101|1630149|1641652,complete,playbyplay_inferred,202664|204335|1627668|1627673|1629477,complete,playbyplay_inferred
Shot Chart Detail,1022300226,509,1630149,Satou Sabally,1611661321,Dallas Wings,4,5,8,Missed Shot,Driving Layup Shot,2PT Field Goal,In The Paint (Non-RA),Center(C),8-16 ft.,8,-22,81,1,0,20230905,DAL,NYL,2023,1022300226509,20920,validated,,0,matched,playbyplayv2,1611661313,203827|1629479|1629481|1630101|1630149,complete,playbyplay_inferred,202664|204335|1627668|1627673|1629477,complete,playbyplay_inferred
Shot Chart Detail,1022300226,514,1630149,Satou Sabally,1611661321,Dallas Wings,4,4,51,Made Shot,Running Layup Shot,2PT Field Goal,Restricted Area,Center(C),Less Than 8 ft.,3,8,30,1,1,20230905,DAL,NYL,2023,1022300226514,21090,validated,,0,matched,playbyplayv2,1611661313,203827|1629479|1629481|1630101|1630149,complete,playbyplay_inferred,202664|204335|1627668|1627673|1629477,complete,playbyplay_inferred
Shot Chart Detail,1022300226,578,1630149,Satou Sabally,1611661321,Dallas Wings,4,0,3,Missed Shot,Driving Floating Bank Jump Shot,2PT Field Goal,In The Paint (Non-RA),Center(C),8-16 ft.,10,-3,106,1,0,20230905,DAL,NYL,2023,1022300226578,23970,validated,,0,matched,playbyplayv2,1611661313,203827|1629479|1629481|1630101|1630149,complete,playbyplay_inferred,202664|203866|204335|1627668|1627673,complete,playbyplay_inferred
Shot Chart Detail,1022300233,42,1630149,Satou Sabally,1611661321,Dallas Wings,1,5,47,Missed Shot,Driving Layup Shot,2PT Field Goal,Restricted Area,Center(C),Less Than 8 ft.,1,-11,7,1,0,20230908,DAL,SEA,2023,102230023342,2530,validated,,0,matched,playbyplayv2,1611661328,203827|1629479|1629481|1630149|1631007,complete,playbyplay_inferred,204319|1628244|1628920|1629496|1641651,complete,playbyplay_inferred
Shot Chart Detail,1022300233,78,1630149,Satou Sabally,1611661321,Dallas Wings,1,3,9,Made Shot,Pullup Jump shot,2PT Field Goal,Mid-Range,Left Side(L),16-24 ft.,19,-189,40,1,1,20230908,DAL,SEA,2023,102230023378,4110,validated,1629481,1,matched,playbyplayv2,1611661328,203827|1629479|1629481|1630149|1631007,complete,playbyplay_inferred,204319|1628244|1628920|1629496|1641651,complete,playbyplay_inferred
Shot Chart Detail,1022300233,102,1630149,Satou Sabally,1611661321,Dallas Wings,1,1,37,Made Shot,Driving Layup Shot,2PT Field Goal,In The Paint (Non-RA),Center(C),Less Than 8 ft.,7,53,53,1,1,20230908,DAL,SEA,2023,1022300233102,5030,validated,,0,matched,playbyplayv2,1611661328,203827|1629479|1629481|1630149|1631007,complete,playbyplay_inferred,204319|1628244|1628915|1628920|1630115,complete,playbyplay_inferred
Shot Chart Detail,1022300233,118,1630149,Satou Sabally,1611661321,Dallas Wings,1,0,35,Made Shot,Driving Finger Roll Layup Shot,2PT Field Goal,Restricted Area,Center(C),Less Than 8 ft.,0,0,-5,1,1,20230908,DAL,SEA,2023,1022300233118,5650,validated,,0,matched,playbyplayv2,1611661328,203827|1629479|1629481|1630149|1631007,complete,playbyplay_inferred,203389|204319|1628915|1628920|1630115,complete,playbyplay_inferred
Shot Chart Detail,1022300233,164,1630149,Satou Sabally,1611661321,Dallas Wings,2,7,17,Missed Shot,Driving Layup Shot,2PT Field Goal,Restricted Area,Center(C),Less Than 8 ft.,2,-17,13,1,0,20230908,DAL,SEA,2023,1022300233164,7630,validated,,0,matched,playbyplayv2,1611661328,203827|1629479|1629481|1630149|1631007,complete,playbyplay_inferred,204319|1628244|1628915|1628920|1629496,complete,playbyplay_inferred
Shot Chart Detail,1022300233,290,1630149,Satou Sabally,1611661321,Dallas Wings,3,7,14,Made Shot,Jump Shot,3PT Field Goal,Above the Break 3,Left Side Center(LC),24+ ft.,25,-149,202,1,1,20230908,DAL,SEA,2023,1022300233290,13660,validated,1629481,1,matched,playbyplayv2,1611661328,203827|1629479|1629481|1630149|1631007,complete,playbyplay_inferred,204319|1628244|1628920|1629496|1641651,complete,playbyplay_inferred
Shot Chart Detail,1022300233,312,1630149,Satou Sabally,1611661321,Dallas Wings,3,5,44,Made Shot,Turnaround Bank shot,2PT Field Goal,In The Paint (Non-RA),Center(C),Less Than 8 ft.,7,-66,35,1,1,20230908,DAL,SEA,2023,1022300233312,14560,validated,1631007,1,matched,playbyplayv2,1611661328,203827|1629479|1629481|1630149|1631007,complete,playbyplay_inferred,204319|1628244|1629496|1630115|1641651,complete,playbyplay_inferred
Shot Chart Detail,1022300233,346,1630149,Satou Sabally,1611661321,Dallas Wings,3,3,44,Missed Shot,Jump Shot,3PT Field Goal,Above the Break 3,Right Side Center(RC),24+ ft.,24,208,126,1,0,20230908,DAL,SEA,2023,1022300233346,15760,validated,,0,matched,playbyplayv2,1611661328,203827|1629480|1629481|1630149|1631007,complete,playbyplay_inferred,204319|1628244|1629496|1630115|1641651,complete,playbyplay_inferred
Shot Chart Detail,1022300233,352,1630149,Satou Sabally,1611661321,Dallas Wings,3,2,49,Missed Shot,Pullup Jump shot,2PT Field Goal,Mid-Range,Right Side(R),8-16 ft.,13,111,82,1,0,20230908,DAL,SEA,2023,1022300233352,16310,validated,,0,matched,playbyplayv2,1611661328,203827|1629480|1629481|1630149|1631007,complete,playbyplay_inferred,204319|1628244|1629496|1630115|1641651,complete,playbyplay_inferred
Shot Chart Detail,1022300233,453,1630149,Satou Sabally,1611661321,Dallas Wings,4,7,25,Missed Shot,Pullup Jump shot,3PT Field Goal,Above the Break 3,Center(C),24+ ft.,24,-33,240,1,0,20230908,DAL,SEA,2023,1022300233453,19550,validated,,0,matched,playbyplayv2,1611661328,203827|1629479|1629481|1630149|1631007,complete,playbyplay_inferred,204319|1628244|1628915|1628920|1629496,complete,playbyplay_inferred
Shot Chart Detail,1022300233,512,1630149,Satou Sabally,1611661321,Dallas Wings,4,3,18,Missed Shot,Pullup Jump shot,2PT Field Goal,Mid-Range,Center(C),16-24 ft.,19,-59,186,1,0,20230908,DAL,SEA,2023,1022300233512,22020,validated,,0,matched,playbyplayv2,1611661328,203824|203827|1629479|1629481|1630149,complete,playbyplay_inferred,204319|1628244|1628915|1628920|1629496,complete,playbyplay_inferred
Shot Chart Detail,1022300233,516,1630149,Satou Sabally,1611661321,Dallas Wings,4,3,2,Made Shot,Running Layup Shot,2PT Field Goal,Restricted Area,Center(C),Less Than 8 ft.,1,17,3,1,1,20230908,DAL,SEA,2023,1022300233516,22180,validated,,0,matched,playbyplayv2,1611661328,203824|203827|1629479|1629481|1630149,complete,playbyplay_inferred,204319|1628244|1628915|1628920|1629496,complete,playbyplay_inferred
Shot Chart Detail,1022300235,27,1630149,Satou Sabally,1611661321,Dallas Wings,1,7,32,Missed Shot,Pullup Jump shot,2PT Field Goal,Mid-Range,Center(C),16-24 ft.,17,30,175,1,0,20230910,ATL,DAL,2023,102230023527,1480,validated,,0,matched,playbyplayv2,1611661330,203827|1629479|1629481|1630149|1631007,complete,playbyplay_inferred,202658|204323|1628277|1628881|1631009,complete,playbyplay_inferred
Shot Chart Detail,1022300235,31,1630149,Satou Sabally,1611661321,Dallas Wings,1,7,6,Made Shot,Running Layup Shot,2PT Field Goal,Restricted Area,Center(C),Less Than 8 ft.,0,2,8,1,1,20230910,ATL,DAL,2023,102230023531,1740,validated,,0,matched,playbyplayv2,1611661330,203827|1629479|1629481|1630149|1631007,complete,playbyplay_inferred,202658|204323|1628277|1628881|1631009,complete,playbyplay_inferred
Shot Chart Detail,1022300235,34,1630149,Satou Sabally,1611661321,Dallas Wings,1,6,34,Missed Shot,Driving Layup Shot,2PT Field Goal,Restricted Area,Center(C),Less Than 8 ft.,3,35,18,1,0,20230910,ATL,DAL,2023,102230023534,2060,validated,,0,matched,playbyplayv2,1611661330,203827|1629479|1629481|1630149|1631007,complete,playbyplay_inferred,202658|204323|1628277|1628881|1631009,complete,playbyplay_inferred
Shot Chart Detail,1022300235,100,1630149,Satou Sabally,1611661321,Dallas Wings,1,2,16,Made Shot,Layup Shot,2PT Field Goal,Restricted Area,Center(C),Less Than 8 ft.,2,-9,18,1,1,20230910,ATL,DAL,2023,1022300235100,4640,validated,1629479,1,matched,playbyplayv2,1611661330,1629479|1629481|1630101|1630149|1630386,complete,playbyplay_inferred,204323|1628277|1630462|1631044|1641650,complete,playbyplay_inferred
Shot Chart Detail,1022300235,317,1630149,Satou Sabally,1611661321,Dallas Wings,3,7,19,Missed Shot,Running Pull-Up Jump Shot,3PT Field Goal,Above the Break 3,Center(C),24+ ft.,24,-60,233,1,0,20230910,ATL,DAL,2023,1022300235317,13610,validated,,0,matched,playbyplayv2,1611661330,203827|1629479|1629481|1630149|1631007,complete,playbyplay_inferred,202658|204323|1628277|1628881|1631009,complete,playbyplay_inferred
Shot Chart Detail,1022300235,455,1630149,Satou Sabally,1611661321,Dallas Wings,4,8,0,Missed Shot,Fadeaway Jump Shot,2PT Field Goal,Mid-Range,Right Side(R),8-16 ft.,12,112,50,1,0,20230910,ATL,DAL,2023,1022300235455,19200,validated,,0,matched,playbyplayv2,1611661330,203824|203827|1629480|1629481|1630149,complete,playbyplay_inferred,204323|1628881|1630462|1631009|1641650,complete,playbyplay_inferred
Shot Chart Detail,1022300235,487,1630149,Satou Sabally,1611661321,Dallas Wings,4,5,26,Missed Shot,Driving Floating Jump Shot,2PT Field Goal,In The Paint (Non-RA),Center(C),Less Than 8 ft.,6,11,60,1,0,20230910,ATL,DAL,2023,1022300235487,20740,validated,,0,matched,playbyplayv2,1611661330,203824|1629480|1629481|1630149|1630386,complete,playbyplay_inferred,202658|204323|1628277|1631009|1641656,complete,playbyplay_inferred
Shot Chart Detail,1022300235,521,1630149,Satou Sabally,1611661321,Dallas Wings,4,4,16,Made Shot,Jump Shot,2PT Field Goal,Mid-Range,Left Side(L),8-16 ft.,11,-111,32,1,1,20230910,ATL,DAL,2023,1022300235521,21440,validated,1630101,1,matched,playbyplayv2,1611661330,203827|1629479|1629481|1630101|1630149,complete,playbyplay_inferred,202658|1630387|1630462|1641650|1641656,complete,playbyplay_inferred
