GRID_TYPE,GAME_ID,GAME_EVENT_ID,PLAYER_ID,PLAYER_NAME,TEAM_ID,TEAM_NAME,PERIOD,MINUTES_REMAINING,SECONDS_REMAINING,EVENT_TYPE,ACTION_TYPE,SHOT_TYPE,SHOT_ZONE_BASIC,SHOT_ZONE_AREA,SHOT_ZONE_RANGE,SHOT_DISTANCE,LOC_X,LOC_Y,SHOT_ATTEMPTED_FLAG,SHOT_MADE_FLAG,GAME_DATE,HTM,VTM,SEASON,SHOT_ID,time,SHOT_DATA_STATUS,ASSIST_ID,assisted,ASSIST_STATUS,PBP_SOURCE,OPP_TEAM_ID,PLAYERS_ON,LINEUP_STATUS,LINEUP_SOURCE,OPP_PLAYERS_ON,OPP_LINEUP_STATUS,OPP_LINEUP_SOURCE
Shot Chart Detail,1022300004,177,204324,Dearica Hamby,1611661320,Los Angeles Sparks,2,7,9,Missed Shot,Cutting Layup Shot,2PT Field Goal,In The Paint (Non-RA),Center(C),Less Than 8 ft.,5,49,23,1,0,20230519,LAS,PHO,2023,1022300004177,7710,validated,,0,matched,playbyplayv2,1611661317,203406|204324|1628317|1630115|1641660,complete,playbyplay_inferred,100940|203398|1629488|1631091|1641690,complete,playbyplay_inferred
Shot Chart Detail,1022300004,406,204324,Dearica Hamby,1611661320,Los Angeles Sparks,3,2,11,Missed Shot,Driving Layup Shot,2PT Field Goal,Restricted Area,Center(C),Less Than 8 ft.,3,23,25,1,0,20230519,LAS,PHO,2023,1022300004406,16690,validated,,0,matched,playbyplayv2,1611661317,204324|1628317|1628886|1630115|1631002,complete,playbyplay_inferred,203398|1627669|1630134|1630446|1631091,complete,playbyplay_inferred
Shot Chart Detail,1022300004,412,204324,Dearica Hamby,1611661320,Los Angeles Sparks,3,2,3,Missed Shot,Layup Shot,2PT Field Goal,Restricted Area,Center(C),Less Than 8 ft.,3,26,27,1,0,20230519,LAS,PHO,2023,1022300004412,16770,validated,,0,matched,playbyplayv2,1611661317,204324|1628317|1628886|1630115|1631002,complete,playbyplay_inferred,100940|203398|1627669|1630446|1631091,complete,playbyplay_inferred
Shot Chart Detail,1022300004,437,204324,Dearica Hamby,1611661320,Los Angeles Sparks,3,0,9,Missed Shot,Cutting Layup Shot,2PT Field Goal,Restricted Area,Center(C),Less Than 8 ft.,2,-20,20,1,0,20230519,LAS,PHO,2023,1022300004437,17910,validated,,0,matched,playbyplayv2,1611661317,204324|1628317|1628886|1630115|1631002,complete,playbyplay_inferred,100940|203398|1627669|1630446|1631091,complete,playbyplay_inferred
Shot Chart Detail,1022300004,449,204324,Dearica Hamby,1611661320,Los Angeles Sparks,4,9,26,Made Shot,Cutting Layup Shot,2PT Field Goal,Restricted Area,Center(C),Less Than 8 ft.,2,17,17,1,1,20230519,LAS,PHO,2023,1022300004449,18340,validated,203014,1,matched,playbyplayv2,1611661317,203014|204324|1628317|1628886|1631002,complete,playbyplay_inferred,100940|203398|1627669|1629488|1630446,complete,playbyplay_inferred
Shot Chart Detail,1022300004,461,204324,Dearica Hamby,1611661320,Los Angeles Sparks,4,8,18,Missed Shot,Jump Shot,3PT Field Goal,Above the Break 3,Center(C),24+ ft.,24,-12,248,1,0,20230519,LAS,PHO,2023,1022300004461,19020,validated,,0,matched,playbyplayv2,1611661317,203014|204324|1628317|1628886|1631002,complete,playbyplay_inferred,100940|203398|1627669|1629488|1630446,complete,playbyplay_inferred
Shot Chart Detail,1022300004,555,204324,Dearica Hamby,1611661320,Los Angeles Sparks,4,2,29,Missed Shot,Driving Layup Shot,2PT Field Goal,Restricted Area,Center(C),Less Than 8 ft.,3,32,18,1,0,20230519,LAS,PHO,2023,1022300004555,22510,validated,,0,matched,playbyplayv2,1611661317,203406|204324|1628317|1628882|1630115,complete,playbyplay_inferred,100940|1627669|1629488|1630134|1630446,complete,playbyplay_inferred
Shot Chart Detail,1022300012,26,204324,Dearica Hamby,1611661320,Los Angeles Sparks,1,7,50,Missed Shot,Jump Bank Shot,2PT Field Goal,Restricted Area,Center(C),Less Than 8 ft.,2,-17,11,1,0,20230525,LAS,LVA,2023,102230001226,1300,validated,,0,matched,playbyplayv2,1611661319,203406|203823|204324|1628882|1628886,complete,playbyplay_inferred,201496|203833|1628276|1628932|1629498,complete,playbyplay_inferred
Shot Chart Detail,1022300012,32,204324,Dearica Hamby,1611661320,Los Angeles Sparks,1,7,23,Made Shot,Cutting Layup Shot,2PT Field Goal,Restricted Area,Center(C),Less Than 8 ft.,2,26,9,1,1,20230525,LAS,LVA,2023,102230001232,1570,validated,1628882,1,matched,playbyplayv2,1611661319,203406|203823|204324|1628882|1628886,complete,playbyplay_inferred,201496|203833|1628276|1628932|1629498,complete,playbyplay_inferred
Shot Chart Detail,1022300012,65,204324,Dearica Hamby,1611661320,Los Angeles Sparks,1,5,4,Made Shot,Layup Shot,2PT Field Goal,Restricted Area,Center(C),Less Than 8 ft.,3,30,8,1,1,20230525,LAS,LVA,2023,102230001265,2960,validated,1630115,1,matched,playbyplayv2,1611661319,203406|204324|1628882|1628886|1630115,complete,playbyplay_inferred,202252|203833|1628276|1628932|1629498,complete,playbyplay_inferred
Shot Chart Detail,1022300012,109,204324,Dearica Hamby,1611661320,Los Angeles Sparks,1,1,50,Missed Shot,Turnaround Hook Shot,2PT Field Goal,In The Paint (Non-RA),Center(C),Less Than 8 ft.,4,49,-5,1,0,20230525,LAS,LVA,2023,1022300012109,4900,validated,,0,matched,playbyplayv2,1611661319,203406|204324|1628317|1628882|1630115,complete,playbyplay_inferred,203833|204329|1628276|1628932|1629498,complete,playbyplay_inferred
Shot Chart Detail,1022300012,114,204324,Dearica Hamby,1611661320,Los Angeles Sparks,1,1,19,Missed Shot,Finger Roll Layup Shot,2PT Field Goal,In The Paint (Non-RA),Center(C),Less Than 8 ft.,5,23,46,1,0,20230525,LAS,LVA,2023,1022300012114,5210,validated,,0,matched,playbyplayv2,1611661319,203406|204324|1628317|1628882|1630115,complete,playbyplay_inferred,203833|204329|1628276|1628932|1629498,complete,playbyplay_inferred
Shot Chart Detail,1022300012,182,204324,Dearica Hamby,1611661320,Los Angeles Sparks,2,6,16,Missed Shot,Driving Layup Shot,2PT Field Goal,Restricted Area,Center(C),Less Than 8 ft.,3,-1,39,1,0,20230525,LAS,LVA,2023,1022300012182,8240,validated,,0,matched,playbyplayv2,1611661319,203823|204324|1628882|1628886|1641660,complete,playbyplay_inferred,201496|202252|203833|1628276|1628932,complete,playbyplay_inferred
Shot Chart Detail,1022300012,203,204324,Dearica Hamby,1611661320,Los Angeles Sparks,2,5,13,Missed Shot,Reverse Layup Shot,2PT Field Goal,Restricted Area,Center(C),Less Than 8 ft.,2,23,3,1,0,20230525,LAS,LVA,2023,1022300012203,8870,validated,,0,matched,playbyplayv2,1611661319,203823|204324|1628882|1628886|1641660,complete,playbyplay_inferred,201496|203833|1628276|1628932|1629498,complete,playbyplay_inferred
Shot Chart Detail,1022300012,207,204324,Dearica Hamby,1611661320,Los Angeles Sparks,2,4,40,Missed Shot,Cutting Layup Shot,2PT Field Goal,Restricted Area,Center(C),Less Than 8 ft.,3,26,15,1,0,20230525,LAS,LVA,2023,1022300012207,9200,validated,,0,matched,playbyplayv2,1611661319,203823|204324|1628882|1628886|1641660,complete,playbyplay_inferred,201496|203833|1628276|1628932|1629498,complete,playbyplay_inferred
Shot Chart Detail,1022300012,285,204324,Dearica Hamby,1611661320,Los Angeles Sparks,3,9,21,Missed Shot,Jump Shot,2PT Field Goal,Mid-Range,Right Side(R),8-16 ft.,12,123,10,1,0,20230525,LAS,LVA,2023,1022300012285,12390,validated,,0,matched,playbyplayv2,1611661319,203406|203823|204324|1628882|1628886,complete,playbyplay_inferred,201496|203833|1628276|1628932|1629498,complete,playbyplay_inferred
Shot Chart Detail,1022300012,537,204324,Dearica Hamby,1611661320,Los Angeles Sparks,4,1,22,Made Shot,Cutting Layup Shot,2PT Field Goal,Restricted Area,Center(C),Less Than 8 ft.,2,-22,7,1,1,20230525,LAS,LVA,2023,1022300012537,23180,validated,1628882,1,matched,playbyplayv2,1611661319,203823|204324|1628317|1628882|1628886,complete,playbyplay_inferred,202252|203833|1628276|1628932|1629498,complete,playbyplay_inferred
Shot Chart Detail,1022300012,574,204324,Dearica Hamby,1611661320,Los Angeles Sparks,4,0,8,Missed Shot,Floating Jump shot,2PT Field Goal,In The Paint (Non-RA),Center(C),8-16 ft.,10,-5,101,1,0,20230525,LAS,LVA,2023,1022300012574,23920,validated,,0,matched,playbyplayv2,1611661319,203823|204324|1628317|1628882|1628886,complete,playbyplay_inferred,202252|203833|1628276|1628932|1629498,complete,playbyplay_inferred
Shot Chart Detail,1022300012,576,204324,Dearica Hamby,1611661320,Los Angeles Sparks,4,0,5,Missed Shot,Putback Layup Shot,2PT Field Goal,Restricted Area,Center(C),Less Than 8 ft.,3,4,34,1,0,20230525,LAS,LVA,2023,1022300012576,23950,validated,,0,matched,playbyplayv2,1611661319,203823|204324|1628317|1628882|1628886,complete,playbyplay_inferred,202252|203833|1628276|1628932|1629498,complete,playbyplay_inferred
Shot Chart Detail,1022300017,53,204324,Dearica Hamby,1611661320,Los Angeles Sparks,1,5,22,Made Shot,Driving Layup Shot,2PT Field Goal,Restricted Area,Center(C),Less Than 8 ft.,3,-18,28,1,1,20230527,LVA,LAS,2023,102230001753,2780,validated,,0,matched,playbyplayv2,1611661319,203014|204324|1628317|1628882|1631002,complete,playbyplay_inferred,201496|203833|1628276|1628932|1629498,complete,playbyplay_inferred
Shot Chart Detail,1022300017,120,204324,Dearica Hamby,1611661320,Los Angeles Sparks,1,1,5,Missed Shot,Running Jump Shot,3PT Field Goal,Right Corner 3,Right Side(R),24+ ft.,24,245,0,1,0,20230527,LVA,LAS,2023,1022300017120,5350,validated,,0,matched,playbyplayv2,1611661319,204324|1628882|1630115|1630996|1641660,complete,playbyplay_inferred,201496|202252|204329|1628276|1629498,complete,playbyplay_inferred
Shot Chart Detail,1022300017,189,204324,Dearica Hamby,1611661320,Los Angeles Sparks,2,7,16,Missed Shot,Layup Shot,2PT Field Goal,Restricted Area,Center(C),Less Than 8 ft.,3,26,19,1,0,20230527,LVA,LAS,2023,1022300017189,7640,validated,,0,matched,playbyplayv2,1611661319,204324|1628317|1630115|1631002|1641660,complete,playbyplay_inferred,201496|203833|1628932|1629498|1631006,complete,playbyplay_inferred
Shot Chart Detail,1022300017,230,204324,Dearica Hamby,1611661320,Los Angeles Sparks,2,3,53,Missed Shot,Pullup Jump shot,2PT Field Goal,In The Paint (Non-RA),Right Side(R),8-16 ft.,12,79,103,1,0,20230527,LVA,LAS,2023,1022300017230,9670,validated,,0,matched,playbyplayv2,1611661319,204324|1628317|1628882|1630115|1631002,complete,playbyplay_inferred,201496|203833|1628276|1628932|1629498,complete,playbyplay_inferred
Shot Chart Detail,1022300017,309,204324,Dearica Hamby,1611661320,Los Angeles Sparks,3,7,45,Missed Shot,Layup Shot,2PT Field Goal,Restricted Area,Center(C),Less Than 8 ft.,3,-29,21,1,0,20230527,LVA,LAS,2023,1022300017309,13350,validated,,0,matched,playbyplayv2,1611661319,203014|204324|1628317|1628882|1631002,complete,playbyplay_inferred,201496|203833|1628276|1628932|1629498,complete,playbyplay_inferred
Shot Chart Detail,1022300017,342,204324,Dearica Hamby,1611661320,Los Angeles Sparks,3,5,19,Made Shot,Layup Shot,2PT Field Goal,In The Paint (Non-RA),Center(C),Less Than 8 ft.,5,-52,18,1,1,20230527,LVA,LAS,2023,1022300017342,14810,validated,1631002,1,matched,playbyplayv2,1611661319,203014|204324|1628317|1628882|1631002,complete,playbyplay_inferred,201496|203833|1628276|1628932|1629498,complete,playbyplay_inferred
Shot Chart Detail,1022300017,375,204324,Dearica Hamby,1611661320,Los Angeles Sparks,3,3,15,Missed Shot,Turnaround Hook Shot,2PT Field Goal,In The Paint (Non-RA),Right Side(R),8-16 ft.,8,51,66,1,0,20230527,LVA,LAS,2023,1022300017375,16050,validated,,0,matched,playbyplayv2,1611661319,203014|204324|1628882|1631002|1641660,complete,playbyplay_inferred,202252|204329|1628276|1628932|1629498,complete,playbyplay_inferred
Shot Chart Detail,1022300029,171,204324,Dearica Hamby,1611661320,Los Angeles Sparks,2,8,35,Made Shot,Jump Shot,2PT Field Goal,Mid-Range,Center(C),16-24 ft.,19,-30,193,1,1,20230602,PHO,LAS,2023,1022300029171,6850,validated,1631002,1,matched,playbyplayv2,1611661317,203014|204324|1628317|1628882|1631002,complete,playbyplay_inferred,100940|203398|1629482|1630134|1630446,complete,playbyplay_inferred
Shot Chart Detail,1022300029,174,204324,Dearica Hamby,1611661320,Los Angeles Sparks,2,7,53,Missed Shot,Driving Layup Shot,2PT Field Goal,In The Paint (Non-RA),Center(C),Less Than 8 ft.,4,34,32,1,0,20230602,PHO,LAS,2023,1022300029174,7270,validated,,0,matched,playbyplayv2,1611661317,203014|204324|1628317|1628882|1631002,complete,playbyplay_inferred,100940|203398|1629482|1630134|1630446,complete,playbyplay_inferred
Shot Chart Detail,1022300029,180,204324,Dearica Hamby,1611661320,Los Angeles Sparks,2,7,50,Missed Shot,Floating Jump shot,2PT Field Goal,In The Paint (Non-RA),Center(C),Less Than 8 ft.,4,12,42,1,0,20230602,PHO,LAS,2023,1022300029180,7300,validated,,0,matched,playbyplayv2,1611661317,203014|204324|1628317|1628882|1631002,complete,playbyplay_inferred,100940|203398|1627669|1629482|1630446,complete,playbyplay_inferred
Shot Chart Detail,1022300029,260,204324,Dearica Hamby,1611661320,Los Angeles Sparks,2,1,20,Made Shot,Cutting Layup Shot,2PT Field Goal,Restricted Area,Center(C),Less Than 8 ft.,2,-2,25,1,1,20230602,PHO,LAS,2023,1022300029260,11200,validated,1641660,1,matched,playbyplayv2,1611661317,203014|203406|204324|1628886|1641660,complete,playbyplay_inferred,100940|203035|203398|1629482|1630134,complete,playbyplay_inferred
Shot Chart Detail,1022300029,379,204324,Dearica Hamby,1611661320,Los Angeles Sparks,3,3,30,Made Shot,Cutting Layup Shot,2PT Field Goal,Restricted Area,Center(C),Less Than 8 ft.,1,15,8,1,1,20230602,PHO,LAS,2023,1022300029379,15900,validated,203014,1,matched,playbyplayv2,1611661317,203014|203406|204324|1628882|1628886,complete,playbyplay_inferred,100940|203035|1629484|1630134|1630446,complete,playbyplay_inferred
Shot Chart Detail,1022300029,402,204324,Dearica Hamby,1611661320,Los Angeles Sparks,3,1,44,Missed Shot,Driving Layup Shot,2PT Field Goal,In The Paint (Non-RA),Center(C),Less Than 8 ft.,4,45,18,1,0,20230602,PHO,LAS,2023,1022300029402,16960,validated,,0,matched,playbyplayv2,1611661317,203014|204324|1628317|1628882|1628886,complete,playbyplay_inferred,203035|1629482|1629484|1630134|1630446,complete,playbyplay_inferred
Shot Chart Detail,1022300029,415,204324,Dearica Hamby,1611661320,Los Angeles Sparks,3,1,9,Missed Shot,Jump Shot,3PT Field Goal,Above the Break 3,Center(C),24+ ft.,24,-22,248,1,0,20230602,PHO,LAS,2023,1022300029415,17310,validated,,0,matched,playbyplayv2,1611661317,203014|204324|1628317|1628886|1641660,complete,playbyplay_inferred,203398|1627669|1629482|1630134|1630446,complete,playbyplay_inferred
Shot Chart Detail,1022300029,482,204324,Dearica Hamby,1611661320,Los Angeles Sparks,4,6,3,Missed Shot,Hook Shot,2PT Field Goal,Restricted Area,Center(C),Less Than 8 ft.,2,24,14,1,0,20230602,PHO,LAS,2023,1022300029482,20370,validated,,0,matched,playbyplayv2,1611661317,203014|203406|204324|1628317|1628882,complete,playbyplay_inferred,100940|1629482|1629488|1630134|1630446,complete,playbyplay_inferred
Shot Chart Detail,1022300031,76,204324,Dearica Hamby,1611661320,Los Angeles Sparks,1,3,44,Missed Shot,Layup Shot,2PT Field Goal,In The Paint (Non-RA),Center(C),Less Than 8 ft.,4,21,36,1,0,20230603,LAS,SEA,2023,102230003176,3760,validated,,0,matched,playbyplayv2,1611661328,203014|203406|204324|1628886|1641660,complete,playbyplay_inferred,203389|204319|1628915|1629496|1641651,complete,playbyplay_inferred
Shot Chart Detail,1022300031,90,204324,Dearica Hamby,1611661320,Los Angeles Sparks,1,3,12,Made Shot,Cutting Layup Shot,2PT Field Goal,Restricted Area,Center(C),Less Than 8 ft.,0,-5,6,1,1,20230603,LAS,SEA,2023,102230003190,4080,validated,1628886,1,matched,playbyplayv2,1611661328,203406|204324|1628886|1630115|1641660,complete,playbyplay_inferred,204319|1628244|1628920|1631141|1641651,complete,playbyplay_inferred
Shot Chart Detail,1022300031,97,204324,Dearica Hamby,1611661320,Los Angeles Sparks,1,2,19,Missed Shot,Jump Shot,2PT Field Goal,In The Paint (Non-RA),Center(C),Less Than 8 ft.,5,27,43,1,0,20230603,LAS,SEA,2023,102230003197,4610,validated,,0,matched,playbyplayv2,1611661328,203406|204324|1628886|1630115|1641660,complete,playbyplay_inferred,204319|1628244|1628920|1631141|1641651,complete,playbyplay_inferred
Shot Chart Detail,1022300031,105,204324,Dearica Hamby,1611661320,Los Angeles Sparks,1,1,36,Made Shot,Driving Layup Shot,2PT Field Goal,Restricted Area,Center(C),Less Than 8 ft.,1,12,9,1,1,20230603,LAS,SEA,2023,1022300031105,5040,validated,203406,1,matched,playbyplayv2,1611661328,203406|204324|1628886|1630115|1641660,complete,playbyplay_inferred,204319|1628244|1628920|1631141|1641651,complete,playbyplay_inferred
Shot Chart Detail,1022300031,370,204324,Dearica Hamby,1611661320,Los Angeles Sparks,3,0,28,Missed Shot,Putback Layup Shot,2PT Field Goal,Restricted Area,Center(C),Less Than 8 ft.,3,-26,28,1,0,20230603,LAS,SEA,2023,1022300031370,17720,validated,,0,matched,playbyplayv2,1611661328,203014|203406|204324|1628882|1641660,complete,playbyplay_inferred,1628244|1628920|1630097|1630441|1631141,complete,playbyplay_inferred
Shot Chart Detail,1022300037,11,204324,Dearica Hamby,1611661320,Los Angeles Sparks,1,9,29,Missed Shot,Turnaround Hook Shot,2PT Field Goal,In The Paint (Non-RA),Center(C),8-16 ft.,9,8,94,1,0,20230606,SEA,LAS,2023,102230003711,310,validated,,0,matched,playbyplayv2,1611661328,203014|203406|204324|1628882|1628886,complete,playbyplay_inferred,203389|204319|1628915|1628920|1629496,complete,playbyplay_inferred
Shot Chart Detail,1022300037,35,204324,Dearica Hamby,1611661320,Los Angeles Sparks,1,6,48,Missed Shot,Layup Shot,2PT Field Goal,Restricted Area,Center(C),Less Than 8 ft.,3,30,7,1,0,20230606,SEA,LAS,2023,102230003735,1920,validated,,0,matched,playbyplayv2,1611661328,203014|203406|204324|1628882|1628886,complete,playbyplay_inferred,203389|204319|1628915|1628920|1629496,complete,playbyplay_inferred
Shot Chart Detail,1022300037,52,204324,Dearica Hamby,1611661320,Los Angeles Sparks,1,5,38,Made Shot,Cutting Layup Shot,2PT Field Goal,Restricted Area,Center(C),Less Than 8 ft.,3,32,13,1,1,20230606,SEA,LAS,2023,102230003752,2620,validated,203406,1,matched,playbyplayv2,1611661328,203014|203406|204324|1628882|1628886,complete,playbyplay_inferred,204319|1628244|1629496|1631141|1641675,complete,playbyplay_inferred
Shot Chart Detail,1022300037,60,204324,Dearica Hamby,1611661320,Los Angeles Sparks,1,5,3,Missed Shot,Putback Layup Shot,2PT Field Goal,Restricted Area,Center(C),Less Than 8 ft.,2,26,2,1,0,20230606,SEA,LAS,2023,102230003760,2970,validated,,0,matched,playbyplayv2,1611661328,203014|203406|204324|1628882|1628886,complete,playbyplay_inferred,204319|1628244|1629496|1631141|1641675,complete,playbyplay_inferred
Shot Chart Detail,1022300037,217,204324,Dearica Hamby,1611661320,Los Angeles Sparks,2,5,21,Made Shot,Layup Shot,2PT Field Goal,In The Paint (Non-RA),Center(C),Less Than 8 ft.,4,-6,43,1,1,20230606,SEA,LAS,2023,1022300037217,8790,validated,1628882,1,matched,playbyplayv2,1611661328,203014|203406|204324|1628882|1628886,complete,playbyplay_inferred,203389|204319|1628244|1629496|1641651,complete,playbyplay_inferred
Shot Chart Detail,1022300037,225,204324,Dearica Hamby,1611661320,Los Angeles Sparks,2,5,4,Missed Shot,Driving Layup Shot,2PT Field Goal,In The Paint (Non-RA),Center(C),Less Than 8 ft.,4,40,15,1,0,20230606,SEA,LAS,2023,1022300037225,8960,validated,,0,matched,playbyplayv2,1611661328,203014|203406|204324|1628882|1628886,complete,playbyplay_inferred,203389|204319|1628244|1629496|1641651,complete,playbyplay_inferred
Shot Chart Detail,1022300037,237,204324,Dearica Hamby,1611661320,Los Angeles Sparks,2,3,53,Missed Shot,Jump Shot,3PT Field Goal,Above the Break 3,Center(C),24+ ft.,24,54,238,1,0,20230606,SEA,LAS,2023,1022300037237,9670,validated,,0,matched,playbyplayv2,1611661328,203014|203406|204324|1628882|1628886,complete,playbyplay_inferred,203389|204319|1628244|1629496|1641651,complete,playbyplay_inferred
Shot Chart Detail,1022300037,332,204324,Dearica Hamby,1611661320,Los Angeles Sparks,3,7,35,Missed Shot,Jump Shot,3PT Field Goal,Above the Break 3,Center(C),24+ ft.,25,54,252,1,0,20230606,SEA,LAS,2023,1022300037332,13450,validated,,0,matched,playbyplayv2,1611661328,203014|203406|204324|1628882|1628886,complete,playbyplay_inferred,203389|204319|1628915|1628920|1629496,complete,playbyplay_inferred
Shot Chart Detail,1022300044,22,204324,Dearica Hamby,1611661320,Los Angeles Sparks,1,8,33,Made Shot,Layup Shot,2PT Field Goal,Restricted Area,Center(C),Less Than 8 ft.,2,26,12,1,1,20230609,LAS,CHI,2023,102230004422,870,validated,1628886,1,matched,playbyplayv2,1611661329,203014|203406|204324|1628882|1628886,complete,playbyplay_inferred,204322|1627674|1627675|1629497|1629501,complete,playbyplay_inferred
Shot Chart Detail,1022300044,36,204324,Dearica Hamby,1611661320,Los Angeles Sparks,1,7,29,Missed Shot,Layup Shot,2PT Field Goal,Restricted Area,Center(C),Less Than 8 ft.,1,-13,9,1,0,20230609,LAS,CHI,2023,102230004436,1510,validated,,0,matched,playbyplayv2,1611661329,203014|203406|204324|1628882|1628886,complete,playbyplay_inferred,204322|1627674|1627675|1629497|1629501,complete,playbyplay_inferred
Shot Chart Detail,1022300044,63,204324,Dearica Hamby,1611661320,Los Angeles Sparks,1,4,54,Made Shot,Running Layup Shot,2PT Field Goal,Restricted Area,Center(C),Less Than 8 ft.,1,16,7,1,1,20230609,LAS,CHI,2023,102230004463,3060,validated,1628882,1,matched,playbyplayv2,1611661329,203014|203406|204324|1628882|1628886,complete,playbyplay_inferred,204322|1627674|1627675|1629501|1630389,complete,playbyplay_inferred
Shot Chart Detail,1022300044,83,204324,Dearica Hamby,1611661320,Los Angeles Sparks,1,3,0,Made Shot,Cutting Layup Shot,2PT Field Goal,Restricted Area,Center(C),Less Than 8 ft.,2,20,5,1,1,20230609,LAS,CHI,2023,102230004483,4200,validated,1628882,1,matched,playbyplayv2,1611661329,203014|203406|204324|1628882|1628886,complete,playbyplay_inferred,204322|1627674|1627675|1629501|1630389,complete,playbyplay_inferred
Shot Chart Detail,1022300044,125,204324,Dearica Hamby,1611661320,Los Angeles Sparks,1,0,19,Missed Shot,Jump Shot,3PT Field Goal,Above the Break 3,Center(C),16-24 ft.,23,-56,224,1,0,20230609,LAS,CHI,2023,1022300044125,5810,validated,,0,matched,playbyplayv2,1611661329,202662|204324|1628317|1628882|1628922,complete,playbyplay_inferred,1629497|1629501|1630389|1631021|1641641,complete,playbyplay_inferred
Shot Chart Detail,1022300044,227,204324,Dearica Hamby,1611661320,Los Angeles Sparks,2,3,1,Made Shot,Cutting Layup Shot,2PT Field Goal,Restricted Area,Center(C),Less Than 8 ft.,2,24,0,1,1,20230609,LAS,CHI,2023,1022300044227,10190,validated,203014,1,matched,playbyplayv2,1611661329,203014|204324|1628317|1628882|1628886,complete,playbyplay_inferred,204322|1627674|1627675|1629497|1629501,complete,playbyplay_inferred
Shot Chart Detail,1022300044,231,204324,Dearica Hamby,1611661320,Los Angeles Sparks,2,2,28,Missed Shot,Layup Shot,2PT Field Goal,Restricted Area,Center(C),Less Than 8 ft.,2,27,7,1,0,20230609,LAS,CHI,2023,1022300044231,10520,validated,,0,matched,playbyplayv2,1611661329,203014|204324|1628317|1628882|1628886,complete,playbyplay_inferred,204322|1627674|1627675|1629497|1629501,complete,playbyplay_inferred
Shot Chart Detail,1022300044,293,204324,Dearica Hamby,1611661320,Los Angeles Sparks,3,8,34,Missed Shot,Layup Shot,2PT Field Goal,In The Paint (Non-RA),Center(C),Less Than 8 ft.,4,-33,34,1,0,20230609,LAS,CHI,2023,1022300044293,12860,validated,,0,matched,playbyplayv2,1611661329,203014|204324|1628317|1628882|1628886,complete,playbyplay_inferred,204322|1627674|1627675|1629497|1629501,complete,playbyplay_inferred
Shot Chart Detail,1022300044,303,204324,Dearica Hamby,1611661320,Los Angeles Sparks,3,7,34,Made Shot,Driving Layup Shot,2PT Field Goal,In The Paint (Non-RA),Center(C),Less Than 8 ft.,4,-3,46,1,1,20230609,LAS,CHI,2023,1022300044303,13460,validated,1628882,1,matched,playbyplayv2,1611661329,203014|204324|1628317|1628882|1628886,complete,playbyplay_inferred,204322|1627674|1627675|1629497|1629501,complete,playbyplay_inferred
Shot Chart Detail,1022300044,430,204324,Dearica Hamby,1611661320,Los Angeles Sparks,4,7,44,Missed Shot,Jump Shot,2PT Field Goal,In The Paint (Non-RA),Center(C),Less Than 8 ft.,4,0,47,1,0,20230609,LAS,CHI,2023,1022300044430,19360,validated,,0,matched,playbyplayv2,1611661329,203014|204324|1628882|1628886|1641660,complete,playbyplay_inferred,204322|1629497|1629501|1630389|1641641,complete,playbyplay_inferred
Shot Chart Detail,1022300044,450,204324,Dearica Hamby,1611661320,Los Angeles Sparks,4,6,27,Missed Shot,Layup Shot,2PT Field Goal,Restricted Area,Center(C),Less Than 8 ft.,3,29,15,1,0,20230609,LAS,CHI,2023,1022300044450,20130,validated,,0,matched,playbyplayv2,1611661329,203014|204324|1628882|1628886|1641660,complete,playbyplay_inferred,204322|1629497|1629501|1630389|1641641,complete,playbyplay_inferred
Shot Chart Detail,1022300044,460,204324,Dearica Hamby,1611661320,Los Angeles Sparks,4,5,42,Missed Shot,Jump Shot,3PT Field Goal,Above the Break 3,Center(C),24+ ft.,24,57,242,1,0,20230609,LAS,CHI,2023,1022300044460,20580,validated,,0,matched,playbyplayv2,1611661329,203014|204324|1628317|1628882|1628886,complete,playbyplay_inferred,204322|1629497|1629501|1630389|1641641,complete,playbyplay_inferred
Shot Chart Detail,1022300044,525,204324,Dearica Hamby,1611661320,Los Angeles Sparks,4,1,5,Missed Shot,Driving Layup Shot,2PT Field Goal,Restricted Area,Center(C),Less Than 8 ft.,2,22,19,1,0,20230609,LAS,CHI,2023,1022300044525,23350,validated,,0,matched,playbyplayv2,1611661329,203014|204324|1628317|1628882|1628886,complete,playbyplay_inferred,204322|1627674|1627675|1629497|1629501,complete,playbyplay_inferred
Shot Chart Detail,1022300044,529,204324,Dearica Hamby,1611661320,Los Angeles Sparks,4,0,52,Made Shot,Running Layup Shot,2PT Field Goal,In The Paint (Non-RA),Center(C),Less Than 8 ft.,4,10,41,1,1,20230609,LAS,CHI,2023,1022300044529,23480,validated,,0,matched,playbyplayv2,1611661329,203014|204324|1628317|1628882|1628886,complete,playbyplay_inferred,204322|1627674|1627675|1629497|1629501,complete,playbyplay_inferred
Shot Chart Detail,1022300051,31,204324,Dearica Hamby,1611661320,Los Angeles Sparks,1,7,27,Missed Shot,Hook Shot,2PT Field Goal,In The Paint (Non-RA),Center(C),Less Than 8 ft.,7,-35,62,1,0,20230611,MIN,LAS,2023,102230005131,1530,validated,,0,matched,playbyplayv2,1611661324,203014|204324|1628317|1628882|1628886,complete,playbyplay_inferred,203825|1627676|1629483|1629491|1641657,complete,playbyplay_inferred
Shot Chart Detail,1022300051,76,204324,Dearica Hamby,1611661320,Los Angeles Sparks,1,2,17,Missed Shot,Running Layup Shot,2PT Field Goal,Restricted Area,Center(C),Less Than 8 ft.,2,24,2,1,0,20230611,MIN,LAS,2023,102230005176,4630,validated,,0,matched,playbyplayv2,1611661324,203014|204324|1628317|1628882|1628886,complete,playbyplay_inferred,203825|1627676|1629483|1629491|1641657,complete,playbyplay_inferred
Shot Chart Detail,1022300051,143,204324,Dearica Hamby,1611661320,Los Angeles Sparks,2,9,4,Missed Shot,Layup Shot,2PT Field Goal,Restricted Area,Center(C),Less Than 8 ft.,1,-16,6,1,0,20230611,MIN,LAS,2023,1022300051143,6560,validated,,0,matched,playbyplayv2,1611661324,202662|204324|1628317|1628922|1641660,complete,playbyplay_inferred,1627671|1628263|1629491|1629524|1631263,complete,playbyplay_inferred
Shot Chart Detail,1022300051,159,204324,Dearica Hamby,1611661320,Los Angeles Sparks,2,7,32,Made Shot,Driving Layup Shot,2PT Field Goal,Restricted Area,Center(C),Less Than 8 ft.,1,13,9,1,1,20230611,MIN,LAS,2023,1022300051159,7480,validated,202662,1,matched,playbyplayv2,1611661324,202662|204324|1628317|1628922|1641660,complete,playbyplay_inferred,1627671|1628263|1629491|1629524|1631263,complete,playbyplay_inferred
Shot Chart Detail,1022300051,281,204324,Dearica Hamby,1611661320,Los Angeles Sparks,3,9,3,Missed Shot,Turnaround Bank shot,2PT Field Goal,Restricted Area,Center(C),Less Than 8 ft.,2,21,17,1,0,20230611,MIN,LAS,2023,1022300051281,12570,validated,,0,matched,playbyplayv2,1611661324,203014|204324|1628317|1628882|1628886,complete,playbyplay_inferred,203825|1627676|1629483|1629491|1641657,complete,playbyplay_inferred
Shot Chart Detail,1022300051,336,204324,Dearica Hamby,1611661320,Los Angeles Sparks,3,4,52,Missed Shot,Jump Shot,2PT Field Goal,Mid-Range,Right Side Center(RC),16-24 ft.,19,115,157,1,0,20230611,MIN,LAS,2023,1022300051336,15080,validated,,0,matched,playbyplayv2,1611661324,203014|204324|1628317|1628882|1628886,complete,playbyplay_inferred,203825|1628263|1629483|1629491|1641657,complete,playbyplay_inferred
Shot Chart Detail,1022300051,397,204324,Dearica Hamby,1611661320,Los Angeles Sparks,4,9,20,Missed Shot,Jump Shot,3PT Field Goal,Above the Break 3,Center(C),24+ ft.,25,-15,252,1,0,20230611,MIN,LAS,2023,1022300051397,18400,validated,,0,matched,playbyplayv2,1611661324,202662|204324|1628317|1628882|1628886,complete,playbyplay_inferred,203825|1628263|1629483|1629524|1631263,complete,playbyplay_inferred
Shot Chart Detail,1022300051,423,204324,Dearica Hamby,1611661320,Los Angeles Sparks,4,7,9,Made Shot,Driving Layup Shot,2PT Field Goal,Restricted Area,Center(C),Less Than 8 ft.,0,1,-4,1,1,20230611,MIN,LAS,2023,1022300051423,19710,validated,1628317,1,matched,playbyplayv2,1611661324,203014|204324|1628317|1628882|1628886,complete,playbyplay_inferred,203825|1628263|1629483|1629524|1631263,complete,playbyplay_inferred
Shot Chart Detail,1022300051,445,204324,Dearica Hamby,1611661320,Los Angeles Sparks,4,6,8,Made Shot,Running Layup Shot,2PT Field Goal,Restricted Area,Center(C),Less Than 8 ft.,3,-29,10,1,1,20230611,MIN,LAS,2023,1022300051445,20320,validated,1628317,1,matched,playbyplayv2,1611661324,203014|204324|1628317|1628882|1628886,complete,playbyplay_inferred,203825|1627676|1629483|1629491|1629524,complete,playbyplay_inferred
Shot Chart Detail,1022300051,467,204324,Dearica Hamby,1611661320,Los Angeles Sparks,4,4,14,Made Shot,Layup Shot,2PT Field Goal,Restricted Area,Center(C),Less Than 8 ft.,1,7,11,1,1,20230611,MIN,LAS,2023,1022300051467,21460,validated,1628886,1,matched,playbyplayv2,1611661324,203014|204324|1628317|1628882|1628886,complete,playbyplay_inferred,203825|1627676|1629483|1629524|1631263,complete,playbyplay_inferred
Shot Chart Detail,1022300051,484,204324,Dearica Hamby,1611661320,Los Angeles Sparks,4,2,40,Missed Shot,Driving Layup Shot,2PT Field Goal,Restricted Area,Center(C),Less Than 8 ft.,3,18,32,1,0,20230611,MIN,LAS,2023,1022300051484,22400,validated,,0,matched,playbyplayv2,1611661324,203014|204324|1628317|1628882|1628886,complete,playbyplay_inferred,1627671|1627676|1629483|1629524|1631263,complete,playbyplay_inferred
Shot Chart Detail,1022300055,23,204324,Dearica Hamby,1611661320,Los Angeles Sparks,1,8,5,Made Shot,Jump Shot,3PT Field Goal,Above the Break 3,Right Side Center(RC),24+ ft.,24,147,194,1,1,20230614,DAL,LAS,2023,102230005523,1150,validated,1628882,1,matched,playbyplayv2,1611661321,203014|204324|1628882|1628886|1628922,complete,playbyplay_inferred,203827|1629480|1629481|1630149|1631007,complete,playbyplay_inferred
Shot Chart Detail,1022300055,27,204324,Dearica Hamby,1611661320,Los Angeles Sparks,1,7,37,Missed Shot,Driving Layup Shot,2PT Field Goal,Restricted Area,Center(C),Less Than 8 ft.,3,-21,30,1,0,20230614,DAL,LAS,2023,102230005527,1430,validated,,0,matched,playbyplayv2,1611661321,203014|204324|1628882|1628886|1628922,complete,playbyplay_inferred,203827|1629480|1629481|1630149|1631007,complete,playbyplay_inferred
Shot Chart Detail,1022300055,149,204324,Dearica Hamby,1611661320,Los Angeles Sparks,2,8,22,Made Shot,Running Layup Shot,2PT Field Goal,Restricted Area,Center(C),Less Than 8 ft.,3,-18,33,1,1,20230614,DAL,LAS,2023,1022300055149,6980,validated,202662,1,matched,playbyplayv2,1611661321,202662|203014|204324|1628317|1628882,complete,playbyplay_inferred,203827|1629480|1629481|1630149|1631007,complete,playbyplay_inferred
Shot Chart Detail,1022300055,194,204324,Dearica Hamby,1611661320,Los Angeles Sparks,2,5,7,Missed Shot,Cutting Layup Shot,2PT Field Goal,Restricted Area,Center(C),Less Than 8 ft.,2,10,20,1,0,20230614,DAL,LAS,2023,1022300055194,8930,validated,,0,matched,playbyplayv2,1611661321,204324|1628317|1628886|1628922|1641660,complete,playbyplay_inferred,203824|1629480|1629481|1630149|1630386,complete,playbyplay_inferred
Shot Chart Detail,1022300055,272,204324,Dearica Hamby,1611661320,Los Angeles Sparks,3,8,57,Made Shot,Layup Shot,2PT Field Goal,Restricted Area,Center(C),Less Than 8 ft.,3,31,22,1,1,20230614,DAL,LAS,2023,1022300055272,12630,validated,1628886,1,matched,playbyplayv2,1611661321,203014|204324|1628882|1628886|1628922,complete,playbyplay_inferred,203827|1629480|1629481|1630149|1631007,complete,playbyplay_inferred
Shot Chart Detail,1022300055,300,204324,Dearica Hamby,1611661320,Los Angeles Sparks,3,6,2,Made Shot,Running Layup Shot,2PT Field Goal,In The Paint (Non-RA),Center(C),Less Than 8 ft.,5,50,29,1,1,20230614,DAL,LAS,2023,1022300055300,14380,validated,,0,matched,playbyplayv2,1611661321,203014|204324|1628882|1628886|1628922,complete,playbyplay_inferred,203827|1629480|1629481|1630149|1631007,complete,playbyplay_inferred
Shot Chart Detail,1022300055,330,204324,Dearica Hamby,1611661320,Los Angeles Sparks,3,3,50,Made Shot,Driving Reverse Layup Shot,2PT Field Goal,Restricted Area,Center(C),Less Than 8 ft.,3,-22,21,1,1,20230614,DAL,LAS,2023,1022300055330,15700,validated,,0,matched,playbyplayv2,1611661321,204324|1628317|1628882|1628922|1631002,complete,playbyplay_inferred,203824|203827|1629480|1629481|1630149,complete,playbyplay_inferred
Shot Chart Detail,1022300055,336,204324,Dearica Hamby,1611661320,Los Angeles Sparks,3,3,11,Made Shot,Layup Shot,2PT Field Goal,In The Paint (Non-RA),Center(C),Less Than 8 ft.,4,38,27,1,1,20230614,DAL,LAS,2023,1022300055336,16090,validated,,0,matched,playbyplayv2,1611661321,204324|1628317|1628882|1628922|1631002,complete,playbyplay_inferred,203824|203827|1629480|1629481|1630149,complete,playbyplay_inferred
Shot Chart Detail,1022300055,349,204324,Dearica Hamby,1611661320,Los Angeles Sparks,3,2,42,Missed Shot,Turnaround Hook Shot,2PT Field Goal,In The Paint (Non-RA),Center(C),Less Than 8 ft.,6,54,42,1,0,20230614,DAL,LAS,2023,1022300055349,16380,validated,,0,matched,playbyplayv2,1611661321,203014|204324|1628317|1628882|1628886,complete,playbyplay_inferred,203824|203827|1629481|1630149|1630386,complete,playbyplay_inferred
Shot Chart Detail,1022300055,356,204324,Dearica Hamby,1611661320,Los Angeles Sparks,3,2,6,Made Shot,Layup Shot,2PT Field Goal,Restricted Area,Center(C),Less Than 8 ft.,2,-24,6,1,1,20230614,DAL,LAS,2023,1022300055356,16740,validated,,0,matched,playbyplayv2,1611661321,203014|204324|1628317|1628882|1628886,complete,playbyplay_inferred,203824|203827|1629481|1630149|1630386,complete,playbyplay_inferred
Shot Chart Detail,1022300055,370,204324,Dearica Hamby,1611661320,Los Angeles Sparks,3,0,42,Made Shot,Driving Layup Shot,2PT Field Goal,In The Paint (Non-RA),Center(C),Less Than 8 ft.,6,59,26,1,1,20230614,DAL,LAS,2023,1022300055370,17580,validated,,0,matched,playbyplayv2,1611661321,203014|204324|1628317|1628882|1628886,complete,playbyplay_inferred,203824|203827|1629481|1630149|1630386,complete,playbyplay_inferred
Shot Chart Detail,1022300055,418,204324,Dearica Hamby,1611661320,Los Angeles Sparks,4,7,2,Missed Shot,Jump Shot,2PT Field Goal,Mid-Range,Center(C),16-24 ft.,16,22,167,1,0,20230614,DAL,LAS,2023,1022300055418,19780,validated,,0,matched,playbyplayv2,1611661321,203014|204324|1628317|1628882|1628886,complete,playbyplay_inferred,203827|1629480|1629481|1630149|1631007,complete,playbyplay_inferred
Shot Chart Detail,1022300055,447,204324,Dearica Hamby,1611661320,Los Angeles Sparks,4,4,42,Made Shot,Cutting Layup Shot,2PT Field Goal,In The Paint (Non-RA),Center(C),Less Than 8 ft.,4,40,22,1,1,20230614,DAL,LAS,2023,1022300055447,21180,validated,1628886,1,matched,playbyplayv2,1611661321,203014|204324|1628882|1628886|1628922,complete,playbyplay_inferred,203827|1629480|1629481|1630149|1631007,complete,playbyplay_inferred
Shot Chart Detail,1022300055,489,204324,Dearica Hamby,1611661320,Los Angeles Sparks,4,1,45,Made Shot,Putback Layup Shot,2PT Field Goal,Restricted Area,Center(C),Less Than 8 ft.,0,0,-6,1,1,20230614,DAL,LAS,2023,1022300055489,22950,validated,,0,matched,playbyplayv2,1611661321,203014|204324|1628317|1628882|1628886,complete,playbyplay_inferred,203824|1629481|1630149|1630386|1641652,complete,playbyplay_inferred
Shot Chart Detail,1022300055,510,204324,Dearica Hamby,1611661320,Los Angeles Sparks,4,0,28,Missed Shot,Driving Layup Shot,2PT Field Goal,In The Paint (Non-RA),Center(C),Less Than 8 ft.,4,40,23,1,0,20230614,DAL,LAS,2023,1022300055510,23720,validated,,0,matched,playbyplayv2,1611661321,204324|1628317|1628922|1631002|1641660,complete,playbyplay_inferred,1630149|1630386|1631029|1641652|1641653,complete,playbyplay_inferred
Shot Chart Detail,1022300060,23,204324,Dearica Hamby,1611661320,Los Angeles Sparks,1,7,59,Missed Shot,Fadeaway Jump Shot,2PT Field Goal,In The Paint (Non-RA),Center(C),Less Than 8 ft.,4,0,42,1,0,20230616,LAS,MIN,2023,102230006023,1210,validated,,0,matched,playbyplayv2,1611661324,203014|204324|1628886|1628922|1641660,complete,playbyplay_inferred,203825|1627676|1629483|1629524|1641657,complete,playbyplay_inferred
Shot Chart Detail,1022300060,29,204324,Dearica Hamby,1611661320,Los Angeles Sparks,1,7,6,Made Shot,Jump Shot,3PT Field Goal,Above the Break 3,Right Side Center(RC),24+ ft.,24,121,209,1,1,20230616,LAS,MIN,2023,102230006029,1740,validated,1641660,1,matched,playbyplayv2,1611661324,203014|204324|1628886|1628922|1641660,complete,playbyplay_inferred,203825|1627676|1629483|1629524|1641657,complete,playbyplay_inferred
Shot Chart Detail,1022300060,180,204324,Dearica Hamby,1611661320,Los Angeles Sparks,2,5,26,Missed Shot,Cutting Layup Shot,2PT Field Goal,Restricted Area,Center(C),Less Than 8 ft.,1,0,11,1,0,20230616,LAS,MIN,2023,1022300060180,8740,validated,,0,matched,playbyplayv2,1611661324,204324|1628317|1628886|1628922|1641660,complete,playbyplay_inferred,203825|1627671|1627676|1631263|1641657,complete,playbyplay_inferred
Shot Chart Detail,1022300060,182,204324,Dearica Hamby,1611661320,Los Angeles Sparks,2,5,25,Made Shot,Putback Layup Shot,2PT Field Goal,Restricted Area,Center(C),Less Than 8 ft.,0,0,-6,1,1,20230616,LAS,MIN,2023,1022300060182,8750,validated,,0,matched,playbyplayv2,1611661324,204324|1628317|1628886|1628922|1641660,complete,playbyplay_inferred,203825|1627671|1627676|1631263|1641657,complete,playbyplay_inferred
Shot Chart Detail,1022300060,205,204324,Dearica Hamby,1611661320,Los Angeles Sparks,2,3,59,Made Shot,Cutting Layup Shot,2PT Field Goal,Restricted Area,Center(C),Less Than 8 ft.,1,13,10,1,1,20230616,LAS,MIN,2023,1022300060205,9610,validated,203014,1,matched,playbyplayv2,1611661324,203014|204324|1628317|1628886|1641660,complete,playbyplay_inferred,203825|1627671|1627676|1631263|1641657,complete,playbyplay_inferred
Shot Chart Detail,1022300060,230,204324,Dearica Hamby,1611661320,Los Angeles Sparks,2,1,41,Made Shot,Jump Shot,3PT Field Goal,Above the Break 3,Right Side Center(RC),16-24 ft.,23,95,216,1,1,20230616,LAS,MIN,2023,1022300060230,10990,validated,203014,1,matched,playbyplayv2,1611661324,203014|204324|1628886|1628922|1641660,complete,playbyplay_inferred,203825|1627671|1629483|1629524|1641657,complete,playbyplay_inferred
Shot Chart Detail,1022300060,243,204324,Dearica Hamby,1611661320,Los Angeles Sparks,2,0,34,Missed Shot,Pullup Jump shot,3PT Field Goal,Above the Break 3,Right Side Center(RC),16-24 ft.,22,181,139,1,0,20230616,LAS,MIN,2023,1022300060243,11660,validated,,0,matched,playbyplayv2,1611661324,203014|204324|1628886|1628922|1641660,complete,playbyplay_inferred,203825|1627671|1629483|1629524|1641657,complete,playbyplay_inferred
Shot Chart Detail,1022300060,269,204324,Dearica Hamby,1611661320,Los Angeles Sparks,3,8,13,Made Shot,Cutting Layup Shot,2PT Field Goal,Restricted Area,Center(C),Less Than 8 ft.,1,12,12,1,1,20230616,LAS,MIN,2023,1022300060269,13070,validated,1628886,1,matched,playbyplayv2,1611661324,203014|204324|1628886|1628922|1641660,complete,playbyplay_inferred,203825|1627676|1629483|1629524|1641657,complete,playbyplay_inferred
Shot Chart Detail,1022300060,292,204324,Dearica Hamby,1611661320,Los Angeles Sparks,3,5,57,Missed Shot,Layup Shot,2PT Field Goal,Restricted Area,Center(C),Less Than 8 ft.,3,21,22,1,0,20230616,LAS,MIN,2023,1022300060292,14430,validated,,0,matched,playbyplayv2,1611661324,203014|204324|1628317|1628886|1641660,complete,playbyplay_inferred,203825|1627676|1629483|1629524|1641657,complete,playbyplay_inferred
Shot Chart Detail,1022300065,22,204324,Dearica Hamby,1611661320,Los Angeles Sparks,1,7,59,Made Shot,Driving Reverse Layup Shot,2PT Field Goal,Restricted Area,Center(C),Less Than 8 ft.,0,-1,9,1,1,20230618,LAS,CON,2023,102230006522,1210,validated,,0,matched,playbyplayv2,1611661323,203014|204324|1628886|1628922|1641660,complete,playbyplay_inferred,201886|203026|203826|1628280|1629567,complete,playbyplay_inferred
Shot Chart Detail,1022300065,29,204324,Dearica Hamby,1611661320,Los Angeles Sparks,1,7,14,Made Shot,Layup Shot,2PT Field Goal,In The Paint (Non-RA),Center(C),Less Than 8 ft.,5,20,55,1,1,20230618,LAS,CON,2023,102230006529,1660,validated,1641660,1,matched,playbyplayv2,1611661323,203014|204324|1628886|1628922|1641660,complete,playbyplay_inferred,201886|203026|203826|1628280|1629567,complete,playbyplay_inferred
Shot Chart Detail,1022300065,35,204324,Dearica Hamby,1611661320,Los Angeles Sparks,1,6,40,Missed Shot,Driving Layup Shot,2PT Field Goal,In The Paint (Non-RA),Center(C),Less Than 8 ft.,5,17,48,1,0,20230618,LAS,CON,2023,102230006535,2000,validated,,0,matched,playbyplayv2,1611661323,203014|204324|1628886|1628922|1641660,complete,playbyplay_inferred,201886|203026|203826|1628280|1629567,complete,playbyplay_inferred
Shot Chart Detail,1022300065,45,204324,Dearica Hamby,1611661320,Los Angeles Sparks,1,5,46,Made Shot,Finger Roll Layup Shot,2PT Field Goal,In The Paint (Non-RA),Center(C),Less Than 8 ft.,5,33,47,1,1,20230618,LAS,CON,2023,102230006545,2540,validated,,0,matched,playbyplayv2,1611661323,203014|204324|1628886|1628922|1641660,complete,playbyplay_inferred,201886|203026|203826|1628280|1629567,complete,playbyplay_inferred
Shot Chart Detail,1022300065,74,204324,Dearica Hamby,1611661320,Los Angeles Sparks,1,3,13,Missed Shot,Running Layup Shot,2PT Field Goal,Restricted Area,Center(C),Less Than 8 ft.,2,-7,21,1,0,20230618,LAS,CON,2023,102230006574,4070,validated,,0,matched,playbyplayv2,1611661323,203014|204324|1628886|1628922|1641660,complete,playbyplay_inferred,201886|203026|203826|1628280|1630112,complete,playbyplay_inferred
Shot Chart Detail,1022300065,218,204324,Dearica Hamby,1611661320,Los Angeles Sparks,2,3,15,Made Shot,Driving Layup Shot,2PT Field Goal,In The Paint (Non-RA),Center(C),Less Than 8 ft.,4,21,42,1,1,20230618,LAS,CON,2023,1022300065218,10050,validated,1628886,1,matched,playbyplayv2,1611661323,203014|204324|1628317|1628886|1628922,complete,playbyplay_inferred,201886|203026|203826|1628280|1629567,complete,playbyplay_inferred
Shot Chart Detail,1022300065,284,204324,Dearica Hamby,1611661320,Los Angeles Sparks,3,7,29,Missed Shot,Pullup Jump shot,3PT Field Goal,Above the Break 3,Left Side Center(LC),24+ ft.,29,-118,265,1,0,20230618,LAS,CON,2023,1022300065284,13510,validated,,0,matched,playbyplayv2,1611661323,203014|204324|1628886|1628922|1641660,complete,playbyplay_inferred,201886|203026|203826|1628280|1629567,complete,playbyplay_inferred
Shot Chart Detail,1022300065,296,204324,Dearica Hamby,1611661320,Los Angeles Sparks,3,6,21,Missed Shot,Jump Shot,3PT Field Goal,Above the Break 3,Center(C),24+ ft.,24,-16,248,1,0,20230618,LAS,CON,2023,1022300065296,14190,validated,,0,matched,playbyplayv2,1611661323,203014|204324|1628886|1628922|1641660,complete,playbyplay_inferred,201886|203026|203826|1628280|1629567,complete,playbyplay_inferred
Shot Chart Detail,1022300065,304,204324,Dearica Hamby,1611661320,Los Angeles Sparks,3,5,53,Missed Shot,Cutting Layup Shot,2PT Field Goal,Restricted Area,Center(C),Less Than 8 ft.,1,12,9,1,0,20230618,LAS,CON,2023,1022300065304,14470,validated,,0,matched,playbyplayv2,1611661323,203014|204324|1628886|1628922|1641660,complete,playbyplay_inferred,201886|203026|203826|1628280|1629567,complete,playbyplay_inferred
Shot Chart Detail,1022300065,410,204324,Dearica Hamby,1611661320,Los Angeles Sparks,4,8,5,Missed Shot,Layup Shot,2PT Field Goal,Restricted Area,Center(C),Less Than 8 ft.,2,28,8,1,0,20230618,LAS,CON,2023,1022300065410,19150,validated,,0,matched,playbyplayv2,1611661323,202662|203823|204324|1628317|1631089,complete,playbyplay_inferred,201886|203826|1628280|1630096|1630112,complete,playbyplay_inferred
Shot Chart Detail,1022300065,503,204324,Dearica Hamby,1611661320,Los Angeles Sparks,4,0,30,Missed Shot,Jump Shot,3PT Field Goal,Above the Break 3,Left Side Center(LC),24+ ft.,24,-101,223,1,0,20230618,LAS,CON,2023,1022300065503,23700,validated,,0,matched,playbyplayv2,1611661323,203014|204324|1628317|1628886|1628922,complete,playbyplay_inferred,201886|203826|1628280|1629567|1630096,complete,playbyplay_inferred
Shot Chart Detail,1022300065,505,204324,Dearica Hamby,1611661320,Los Angeles Sparks,4,0,25,Missed Shot,Jump Shot,3PT Field Goal,Above the Break 3,Center(C),24+ ft.,24,-7,242,1,0,20230618,LAS,CON,2023,1022300065505,23750,validated,,0,matched,playbyplayv2,1611661323,203014|204324|1628317|1628886|1628922,complete,playbyplay_inferred,201886|203826|1628280|1629567|1630096,complete,playbyplay_inferred
Shot Chart Detail,1022300068,48,204324,Dearica Hamby,1611661320,Los Angeles Sparks,1,6,26,Made Shot,Turnaround Hook Shot,2PT Field Goal,In The Paint (Non-RA),Center(C),Less Than 8 ft.,7,-43,64,1,1,20230620,LAS,MIN,2023,102230006848,2140,validated,,0,matched,playbyplayv2,1611661324,203014|204324|1628317|1628886|1628922,complete,playbyplay_inferred,203825|1628263|1629483|1629524|1631263,complete,playbyplay_inferred
Shot Chart Detail,1022300068,82,204324,Dearica Hamby,1611661320,Los Angeles Sparks,1,3,29,Made Shot,Tip Layup Shot,2PT Field Goal,Restricted Area,Center(C),Less Than 8 ft.,0,0,-6,1,1,20230620,LAS,MIN,2023,102230006882,3910,validated,,0,matched,playbyplayv2,1611661324,203014|204324|1628317|1628886|1628922,complete,playbyplay_inferred,203825|1627676|1628263|1629483|1631263,complete,playbyplay_inferred
Shot Chart Detail,1022300068,259,204324,Dearica Hamby,1611661320,Los Angeles Sparks,2,0,43,Missed Shot,Jump Shot,3PT Field Goal,Above the Break 3,Right Side Center(RC),24+ ft.,23,211,112,1,0,20230620,LAS,MIN,2023,1022300068259,11570,validated,,0,matched,playbyplayv2,1611661324,203014|204324|1628317|1628886|1628922,complete,playbyplay_inferred,203825|1628263|1629483|1629524|1631263,complete,playbyplay_inferred
Shot Chart Detail,1022300068,305,204324,Dearica Hamby,1611661320,Los Angeles Sparks,3,7,18,Made Shot,Cutting Layup Shot,2PT Field Goal,Restricted Area,Center(C),Less Than 8 ft.,3,-17,28,1,1,20230620,LAS,MIN,2023,1022300068305,13620,validated,1628317,1,matched,playbyplayv2,1611661324,203014|204324|1628317|1628886|1628922,complete,playbyplay_inferred,203825|1628263|1629483|1629524|1631263,complete,playbyplay_inferred
Shot Chart Detail,1022300068,337,204324,Dearica Hamby,1611661320,Los Angeles Sparks,3,4,30,Made Shot,Cutting Layup Shot,2PT Field Goal,Restricted Area,Center(C),Less Than 8 ft.,3,24,20,1,1,20230620,LAS,MIN,2023,1022300068337,15300,validated,203823,1,matched,playbyplayv2,1611661324,203014|203823|204324|1628317|1628886,complete,playbyplay_inferred,203825|1628263|1629483|1629524|1631263,complete,playbyplay_inferred
Shot Chart Detail,1022300068,361,204324,Dearica Hamby,1611661320,Los Angeles Sparks,3,2,13,Missed Shot,Jump Shot,2PT Field Goal,In The Paint (Non-RA),Left Side(L),8-16 ft.,8,-55,63,1,0,20230620,LAS,MIN,2023,1022300068361,16670,validated,,0,matched,playbyplayv2,1611661324,203014|203823|204324|1628317|1628886,complete,playbyplay_inferred,203825|1628263|1629483|1629524|1631263,complete,playbyplay_inferred
Shot Chart Detail,1022300068,397,204324,Dearica Hamby,1611661320,Los Angeles Sparks,3,0,6,Missed Shot,Driving Floating Bank Jump Shot,2PT Field Goal,In The Paint (Non-RA),Center(C),Less Than 8 ft.,6,55,24,1,0,20230620,LAS,MIN,2023,1022300068397,17940,validated,,0,matched,playbyplayv2,1611661324,202662|203823|204324|1628317|1628886,complete,playbyplay_inferred,203825|1627671|1628263|1629483|1629524,complete,playbyplay_inferred
Shot Chart Detail,1022300068,482,204324,Dearica Hamby,1611661320,Los Angeles Sparks,4,2,11,Missed Shot,Driving Hook Shot,2PT Field Goal,In The Paint (Non-RA),Center(C),Less Than 8 ft.,6,1,68,1,0,20230620,LAS,MIN,2023,1022300068482,22690,validated,,0,matched,playbyplayv2,1611661324,203014|203823|204324|1628317|1628886,complete,playbyplay_inferred,203825|1627676|1629483|1629524|1631263,complete,playbyplay_inferred
Shot Chart Detail,1022300075,59,204324,Dearica Hamby,1611661320,Los Angeles Sparks,1,4,36,Missed Shot,Layup Shot,2PT Field Goal,Restricted Area,Center(C),Less Than 8 ft.,3,-35,15,1,0,20230623,LAS,DAL,2023,102230007559,3240,validated,,0,matched,playbyplayv2,1611661321,202662|203014|204324|1628317|1628922,complete,playbyplay_inferred,203827|1629479|1629481|1630101|1630149,complete,playbyplay_inferred
Shot Chart Detail,1022300075,61,204324,Dearica Hamby,1611661320,Los Angeles Sparks,1,4,29,Made Shot,Reverse Layup Shot,2PT Field Goal,Restricted Area,Center(C),Less Than 8 ft.,2,23,6,1,1,20230623,LAS,DAL,2023,102230007561,3310,validated,,0,matched,playbyplayv2,1611661321,202662|203014|204324|1628317|1628922,complete,playbyplay_inferred,203827|1629479|1629481|1630101|1630149,complete,playbyplay_inferred
Shot Chart Detail,1022300075,155,204324,Dearica Hamby,1611661320,Los Angeles Sparks,2,9,38,Missed Shot,Jump Shot,3PT Field Goal,Above the Break 3,Right Side(R),24+ ft.,23,223,79,1,0,20230623,LAS,DAL,2023,1022300075155,6220,validated,,0,matched,playbyplayv2,1611661321,203823|204324|1628886|1630996|1631089,complete,playbyplay_inferred,203827|1629479|1629481|1630101|1630149,complete,playbyplay_inferred
Shot Chart Detail,1022300075,171,204324,Dearica Hamby,1611661320,Los Angeles Sparks,2,8,22,Missed Shot,Driving Layup Shot,2PT Field Goal,In The Paint (Non-RA),Center(C),Less Than 8 ft.,5,-38,34,1,0,20230623,LAS,DAL,2023,1022300075171,6980,validated,,0,matched,playbyplayv2,1611661321,203823|204324|1628886|1630996|1631089,complete,playbyplay_inferred,203827|1629479|1629481|1630101|1630149,complete,playbyplay_inferred
Shot Chart Detail,1022300075,205,204324,Dearica Hamby,1611661320,Los Angeles Sparks,2,6,18,Missed Shot,Layup Shot,2PT Field Goal,In The Paint (Non-RA),Center(C),Less Than 8 ft.,5,22,45,1,0,20230623,LAS,DAL,2023,1022300075205,8220,validated,,0,matched,playbyplayv2,1611661321,203823|204324|1628317|1628886|1631089,complete,playbyplay_inferred,203827|1629479|1629481|1630149|1631007,complete,playbyplay_inferred
Shot Chart Detail,1022300075,345,204324,Dearica Hamby,1611661320,Los Angeles Sparks,3,5,0,Missed Shot,Cutting Layup Shot,2PT Field Goal,In The Paint (Non-RA),Center(C),Less Than 8 ft.,6,-18,60,1,0,20230623,LAS,DAL,2023,1022300075345,15000,validated,,0,matched,playbyplayv2,1611661321,203014|204324|1628317|1628886|1628922,complete,playbyplay_inferred,203827|1629480|1629481|1630101|1630149,complete,playbyplay_inferred
Shot Chart Detail,1022300080,15,204324,Dearica Hamby,1611661320,Los Angeles Sparks,1,8,35,Missed Shot,Cutting Layup Shot,2PT Field Goal,Restricted Area,Center(C),Less Than 8 ft.,0,7,2,1,0,20230625,LAS,DAL,2023,102230008015,850,validated,,0,matched,playbyplayv2,1611661321,203014|204324|1628317|1628886|1628922,complete,playbyplay_inferred,203827|1629479|1629481|1630101|1630149,complete,playbyplay_inferred
Shot Chart Detail,1022300080,38,204324,Dearica Hamby,1611661320,Los Angeles Sparks,1,6,35,Missed Shot,Layup Shot,2PT Field Goal,Restricted Area,Center(C),Less Than 8 ft.,1,16,6,1,0,20230625,LAS,DAL,2023,102230008038,2050,validated,,0,matched,playbyplayv2,1611661321,203014|204324|1628317|1628886|1628922,complete,playbyplay_inferred,203827|1629479|1629481|1630101|1630149,complete,playbyplay_inferred
Shot Chart Detail,1022300080,47,204324,Dearica Hamby,1611661320,Los Angeles Sparks,1,5,41,Made Shot,Cutting Layup Shot,2PT Field Goal,Restricted Area,Center(C),Less Than 8 ft.,1,-2,10,1,1,20230625,LAS,DAL,2023,102230008047,2590,validated,1628886,1,matched,playbyplayv2,1611661321,203014|204324|1628317|1628886|1628922,complete,playbyplay_inferred,203827|1629479|1629481|1630101|1630149,complete,playbyplay_inferred
Shot Chart Detail,1022300080,85,204324,Dearica Hamby,1611661320,Los Angeles Sparks,1,3,29,Made Shot,Cutting Layup Shot,2PT Field Goal,Restricted Area,Center(C),Less Than 8 ft.,1,12,11,1,1,20230625,LAS,DAL,2023,102230008085,3910,validated,203014,1,matched,playbyplayv2,1611661321,203014|203823|204324|1628317|1628886,complete,playbyplay_inferred,203827|1629480|1629481|1630101|1630149,complete,playbyplay_inferred
Shot Chart Detail,1022300080,103,204324,Dearica Hamby,1611661320,Los Angeles Sparks,1,1,26,Made Shot,Cutting Layup Shot,2PT Field Goal,Restricted Area,Center(C),Less Than 8 ft.,1,-2,10,1,1,20230625,LAS,DAL,2023,1022300080103,5140,validated,203823,1,matched,playbyplayv2,1611661321,203014|203823|204324|1628317|1628886,complete,playbyplay_inferred,203827|1629480|1629481|1630101|1630149,complete,playbyplay_inferred
Shot Chart Detail,1022300080,150,204324,Dearica Hamby,1611661320,Los Angeles Sparks,2,9,17,Made Shot,Cutting Layup Shot,2PT Field Goal,Restricted Area,Center(C),Less Than 8 ft.,1,-2,11,1,1,20230625,LAS,DAL,2023,1022300080150,6430,validated,1628922,1,matched,playbyplayv2,1611661321,203823|204324|1628922|1631089|1641660,complete,playbyplay_inferred,203827|1629479|1629481|1630101|1630386,complete,playbyplay_inferred
Shot Chart Detail,1022300080,161,204324,Dearica Hamby,1611661320,Los Angeles Sparks,2,8,19,Made Shot,Cutting Layup Shot,2PT Field Goal,Restricted Area,Center(C),Less Than 8 ft.,0,7,-3,1,1,20230625,LAS,DAL,2023,1022300080161,7010,validated,1631089,1,matched,playbyplayv2,1611661321,203823|204324|1628922|1631089|1641660,complete,playbyplay_inferred,203827|1629480|1629481|1630101|1630386,complete,playbyplay_inferred
Shot Chart Detail,1022300080,235,204324,Dearica Hamby,1611661320,Los Angeles Sparks,2,2,32,Missed Shot,Jump Shot,3PT Field Goal,Above the Break 3,Left Side Center(LC),16-24 ft.,22,-143,176,1,0,20230625,LAS,DAL,2023,1022300080235,10480,validated,,0,matched,playbyplayv2,1611661321,203014|204324|1628317|1628886|1630996,complete,playbyplay_inferred,203827|1629479|1629481|1630101|1630386,complete,playbyplay_inferred
Shot Chart Detail,1022300080,239,204324,Dearica Hamby,1611661320,Los Angeles Sparks,2,2,6,Missed Shot,Reverse Layup Shot,2PT Field Goal,Restricted Area,Center(C),Less Than 8 ft.,2,-24,6,1,0,20230625,LAS,DAL,2023,1022300080239,10740,validated,,0,matched,playbyplayv2,1611661321,203014|204324|1628317|1628886|1630996,complete,playbyplay_inferred,203827|1629479|1629481|1630101|1630386,complete,playbyplay_inferred
Shot Chart Detail,1022300080,310,204324,Dearica Hamby,1611661320,Los Angeles Sparks,3,7,1,Made Shot,Cutting Layup Shot,2PT Field Goal,Restricted Area,Center(C),Less Than 8 ft.,3,-6,35,1,1,20230625,LAS,DAL,2023,1022300080310,13790,validated,1628886,1,matched,playbyplayv2,1611661321,203014|204324|1628317|1628886|1628922,complete,playbyplay_inferred,203827|1629479|1629481|1630101|1630149,complete,playbyplay_inferred
Shot Chart Detail,1022300080,317,204324,Dearica Hamby,1611661320,Los Angeles Sparks,3,6,4,Missed Shot,Jump Shot,2PT Field Goal,Restricted Area,Center(C),Less Than 8 ft.,2,0,22,1,0,20230625,LAS,DAL,2023,1022300080317,14360,validated,,0,matched,playbyplayv2,1611661321,203014|204324|1628317|1628886|1628922,complete,playbyplay_inferred,203827|1629479|1629481|1630101|1630149,complete,playbyplay_inferred
Shot Chart Detail,1022300080,330,204324,Dearica Hamby,1611661320,Los Angeles Sparks,3,5,33,Missed Shot,Layup Shot,2PT Field Goal,In The Paint (Non-RA),Center(C),Less Than 8 ft.,6,-1,67,1,0,20230625,LAS,DAL,2023,1022300080330,14670,validated,,0,matched,playbyplayv2,1611661321,203014|204324|1628317|1628886|1628922,complete,playbyplay_inferred,203827|1629479|1629481|1630101|1630149,complete,playbyplay_inferred
Shot Chart Detail,1022300080,477,204324,Dearica Hamby,1611661320,Los Angeles Sparks,4,5,21,Made Shot,Cutting Layup Shot,2PT Field Goal,Restricted Area,Center(C),Less Than 8 ft.,0,0,2,1,1,20230625,LAS,DAL,2023,1022300080477,20790,validated,203014,1,matched,playbyplayv2,1611661321,203014|204324|1628317|1628886|1631089,complete,playbyplay_inferred,203827|1629480|1629481|1630101|1630149,complete,playbyplay_inferred
Shot Chart Detail,1022300085,7,204324,Dearica Hamby,1611661320,Los Angeles Sparks,1,9,42,Missed Shot,Reverse Layup Shot,2PT Field Goal,Restricted Area,Center(C),Less Than 8 ft.,3,24,20,1,0,20230628,CHI,LAS,2023,10223000857,180,validated,,0,matched,playbyplayv2,1611661329,203014|204324|1628317|1628886|1628922,complete,playbyplay_inferred,204322|1627674|1627675|1629497|1629501,complete,playbyplay_inferred
Shot Chart Detail,1022300085,24,204324,Dearica Hamby,1611661320,Los Angeles Sparks,1,8,35,Missed Shot,Layup Shot,2PT Field Goal,Restricted Area,Center(C),Less Than 8 ft.,2,18,12,1,0,20230628,CHI,LAS,2023,102230008524,850,validated,,0,matched,playbyplayv2,1611661329,203014|204324|1628317|1628886|1628922,complete,playbyplay_inferred,204322|1627674|1627675|1629497|1629501,complete,playbyplay_inferred
Shot Chart Detail,1022300085,187,204324,Dearica Hamby,1611661320,Los Angeles Sparks,2,5,33,Made Shot,Cutting Layup Shot,2PT Field Goal,Restricted Area,Center(C),Less Than 8 ft.,2,20,22,1,1,20230628,CHI,LAS,2023,1022300085187,8670,validated,202662,1,matched,playbyplayv2,1611661329,202662|203014|204324|1628317|1628886,complete,playbyplay_inferred,1627674|1627675|1629501|1629571|1630389,complete,playbyplay_inferred
Shot Chart Detail,1022300085,286,204324,Dearica Hamby,1611661320,Los Angeles Sparks,3,9,18,Made Shot,Driving Layup Shot,2PT Field Goal,Restricted Area,Center(C),Less Than 8 ft.,2,-4,25,1,1,20230628,CHI,LAS,2023,1022300085286,12420,validated,,0,matched,playbyplayv2,1611661329,203014|204324|1628317|1628886|1628922,complete,playbyplay_inferred,204322|1627674|1627675|1629497|1629501,complete,playbyplay_inferred
Shot Chart Detail,1022300085,529,204324,Dearica Hamby,1611661320,Los Angeles Sparks,4,3,45,Missed Shot,Jump Shot,3PT Field Goal,Above the Break 3,Right Side Center(RC),24+ ft.,24,90,229,1,0,20230628,CHI,LAS,2023,1022300085529,21750,validated,,0,matched,playbyplayv2,1611661329,203014|204324|1628317|1628886|1641660,complete,playbyplay_inferred,204322|1627674|1627675|1629497|1629501,complete,playbyplay_inferred
Shot Chart Detail,1022300091,54,204324,Dearica Hamby,1611661320,Los Angeles Sparks,1,4,3,Made Shot,Putback Layup Shot,2PT Field Goal,Restricted Area,Center(C),Less Than 8 ft.,0,0,-6,1,1,20230630,CHI,LAS,2023,102230009154,3570,validated,,0,matched,playbyplayv2,1611661329,202662|203014|204324|1628317|1628886,complete,playbyplay_inferred,204322|1627674|1629497|1629501|1630389,complete,playbyplay_inferred
Shot Chart Detail,1022300091,62,204324,Dearica Hamby,1611661320,Los Angeles Sparks,1,3,37,Missed Shot,Driving Layup Shot,2PT Field Goal,In The Paint (Non-RA),Center(C),Less Than 8 ft.,4,49,7,1,0,20230630,CHI,LAS,2023,102230009162,3830,validated,,0,matched,playbyplayv2,1611661329,203014|204324|1628317|1628886|1641660,complete,playbyplay_inferred,204322|1627674|1629497|1629571|1630389,complete,playbyplay_inferred
Shot Chart Detail,1022300091,131,204324,Dearica Hamby,1611661320,Los Angeles Sparks,2,8,36,Missed Shot,Running Layup Shot,2PT Field Goal,Restricted Area,Center(C),Less Than 8 ft.,2,-17,18,1,0,20230630,CHI,LAS,2023,1022300091131,6840,validated,,0,matched,playbyplayv2,1611661329,204324|1628317|1628886|1628922|1631089,complete,playbyplay_inferred,1627675|1629501|1629571|1630389|1641641,complete,playbyplay_inferred
Shot Chart Detail,1022300091,157,204324,Dearica Hamby,1611661320,Los Angeles Sparks,2,6,34,Made Shot,Putback Layup Shot,2PT Field Goal,Restricted Area,Center(C),Less Than 8 ft.,0,0,-6,1,1,20230630,CHI,LAS,2023,1022300091157,8060,validated,,0,matched,playbyplayv2,1611661329,202662|204324|1628317|1628922|1631089,complete,playbyplay_inferred,1627674|1629497|1629501|1629571|1630389,complete,playbyplay_inferred
Shot Chart Detail,1022300091,357,204324,Dearica Hamby,1611661320,Los Angeles Sparks,3,2,23,Made Shot,Cutting Layup Shot,2PT Field Goal,Restricted Area,Center(C),Less Than 8 ft.,1,9,9,1,1,20230630,CHI,LAS,2023,1022300091357,16570,validated,1631089,1,matched,playbyplayv2,1611661329,203014|204324|1628317|1631089|1641660,complete,playbyplay_inferred,1627674|1627675|1629501|1629571|1630389,complete,playbyplay_inferred
Shot Chart Detail,1022300091,513,204324,Dearica Hamby,1611661320,Los Angeles Sparks,4,2,44,Made Shot,Layup Shot,2PT Field Goal,Restricted Area,Center(C),Less Than 8 ft.,1,15,7,1,1,20230630,CHI,LAS,2023,1022300091513,22360,validated,1630996,1,matched,playbyplayv2,1611661329,202662|204324|1628317|1628922|1630996,complete,playbyplay_inferred,204322|1627674|1629497|1629501|1630389,complete,playbyplay_inferred
Shot Chart Detail,1022300091,517,204324,Dearica Hamby,1611661320,Los Angeles Sparks,4,2,25,Made Shot,Running Finger Roll Layup Shot,2PT Field Goal,Restricted Area,Center(C),Less Than 8 ft.,0,0,7,1,1,20230630,CHI,LAS,2023,1022300091517,22550,validated,,0,matched,playbyplayv2,1611661329,202662|204324|1628317|1628922|1630996,complete,playbyplay_inferred,204322|1627674|1629497|1629501|1630389,complete,playbyplay_inferred
Shot Chart Detail,1022300091,520,204324,Dearica Hamby,1611661320,Los Angeles Sparks,4,1,59,Missed Shot,Running Layup Shot,2PT Field Goal,Restricted Area,Center(C),Less Than 8 ft.,2,-2,22,1,0,20230630,CHI,LAS,2023,1022300091520,22810,validated,,0,matched,playbyplayv2,1611661329,202662|204324|1628317|1628922|1630996,complete,playbyplay_inferred,204322|1627674|1629497|1629501|1630389,complete,playbyplay_inferred
Shot Chart Detail,1022300094,18,204324,Dearica Hamby,1611661320,Los Angeles Sparks,1,8,35,Made Shot,Cutting Layup Shot,2PT Field Goal,Restricted Area,Center(C),Less Than 8 ft.,3,-10,30,1,1,20230702,ATL,LAS,2023,102230009418,850,validated,1631089,1,matched,playbyplayv2,1611661330,202662|203014|204324|1628317|1631089,complete,playbyplay_inferred,202658|204323|1628269|1628277|1631009,complete,playbyplay_inferred
Shot Chart Detail,1022300094,30,204324,Dearica Hamby,1611661320,Los Angeles Sparks,1,7,49,Made Shot,Driving Layup Shot,2PT Field Goal,Restricted Area,Center(C),Less Than 8 ft.,2,2,28,1,1,20230702,ATL,LAS,2023,102230009430,1310,validated,,0,matched,playbyplayv2,1611661330,202662|203014|204324|1628317|1631089,complete,playbyplay_inferred,202658|204323|1628269|1628277|1631009,complete,playbyplay_inferred
Shot Chart Detail,1022300094,32,204324,Dearica Hamby,1611661320,Los Angeles Sparks,1,7,15,Made Shot,Reverse Layup Shot,2PT Field Goal,Restricted Area,Center(C),Less Than 8 ft.,1,10,9,1,1,20230702,ATL,LAS,2023,102230009432,1650,validated,,0,matched,playbyplayv2,1611661330,202662|203014|204324|1628317|1631089,complete,playbyplay_inferred,202658|204323|1628269|1628277|1631009,complete,playbyplay_inferred
Shot Chart Detail,1022300094,80,204324,Dearica Hamby,1611661320,Los Angeles Sparks,1,3,53,Made Shot,Running Layup Shot,2PT Field Goal,Restricted Area,Center(C),Less Than 8 ft.,2,10,24,1,1,20230702,ATL,LAS,2023,102230009480,3670,validated,1631089,1,matched,playbyplayv2,1611661330,203014|204324|1630996|1631089|1641660,complete,playbyplay_inferred,202658|1628277|1628881|1631009|1631044,complete,playbyplay_inferred
Shot Chart Detail,1022300094,91,204324,Dearica Hamby,1611661320,Los Angeles Sparks,1,3,12,Missed Shot,Running Layup Shot,2PT Field Goal,Mid-Range,Left Side(L),8-16 ft.,12,-116,43,1,0,20230702,ATL,LAS,2023,102230009491,4080,validated,,0,matched,playbyplayv2,1611661330,203014|204324|1630996|1631089|1641660,complete,playbyplay_inferred,202658|1628277|1628881|1631009|1631044,complete,playbyplay_inferred
Shot Chart Detail,1022300094,273,204324,Dearica Hamby,1611661320,Los Angeles Sparks,2,1,49,Made Shot,Driving Floating Jump Shot,2PT Field Goal,In The Paint (Non-RA),Center(C),8-16 ft.,9,-3,90,1,1,20230702,ATL,LAS,2023,1022300094273,10910,validated,,0,matched,playbyplayv2,1611661330,202662|204324|1628922|1630996|1641660,complete,playbyplay_inferred,202658|1628277|1628881|1631009|1631044,complete,playbyplay_inferred
Shot Chart Detail,1022300094,321,204324,Dearica Hamby,1611661320,Los Angeles Sparks,3,9,14,Made Shot,Driving Reverse Layup Shot,2PT Field Goal,Restricted Area,Center(C),Less Than 8 ft.,1,-4,11,1,1,20230702,ATL,LAS,2023,1022300094321,12460,validated,202662,1,matched,playbyplayv2,1611661330,202662|203014|204324|1628317|1631089,complete,playbyplay_inferred,202658|204323|1628269|1628277|1631009,complete,playbyplay_inferred
Shot Chart Detail,1022300094,359,204324,Dearica Hamby,1611661320,Los Angeles Sparks,3,6,1,Missed Shot,Cutting Layup Shot,2PT Field Goal,Restricted Area,Center(C),Less Than 8 ft.,1,-2,17,1,0,20230702,ATL,LAS,2023,1022300094359,14390,validated,,0,matched,playbyplayv2,1611661330,202662|203014|204324|1630996|1631089,complete,playbyplay_inferred,202658|204323|1628277|1631009|1631044,complete,playbyplay_inferred
Shot Chart Detail,1022300094,497,204324,Dearica Hamby,1611661320,Los Angeles Sparks,4,7,31,Made Shot,Cutting Layup Shot,2PT Field Goal,Restricted Area,Center(C),Less Than 8 ft.,1,6,16,1,1,20230702,ATL,LAS,2023,1022300094497,19490,validated,1641660,1,matched,playbyplayv2,1611661330,204324|1628317|1628922|1631089|1641660,complete,playbyplay_inferred,1628277|1628881|1631009|1641650|1641656,complete,playbyplay_inferred
Shot Chart Detail,1022300094,591,204324,Dearica Hamby,1611661320,Los Angeles Sparks,4,0,41,Missed Shot,Cutting Layup Shot,2PT Field Goal,In The Paint (Non-RA),Center(C),Less Than 8 ft.,4,17,47,1,0,20230702,ATL,LAS,2023,1022300094591,23590,validated,,0,matched,playbyplayv2,1611661330,204324|1628922|1630996|1631089|1641660,complete,playbyplay_inferred,1629476|1631044|1641650|1641656|1641659,complete,playbyplay_inferred
Shot Chart Detail,1022300101,41,204324,Dearica Hamby,1611661320,Los Angeles Sparks,1,5,54,Missed Shot,Jump Shot,3PT Field Goal,Above the Break 3,Left Side Center(LC),24+ ft.,24,-101,224,1,0,20230705,LAS,ATL,2023,102230010141,2460,validated,,0,matched,playbyplayv2,1611661330,202662|203014|204324|1628317|1628886,complete,playbyplay_inferred,202658|204323|1628269|1628277|1631009,complete,playbyplay_inferred
Shot Chart Detail,1022300101,64,204324,Dearica Hamby,1611661320,Los Angeles Sparks,1,3,47,Missed Shot,Layup Shot,2PT Field Goal,Restricted Area,Center(C),Less Than 8 ft.,3,9,32,1,0,20230705,LAS,ATL,2023,102230010164,3730,validated,,0,matched,playbyplayv2,1611661330,203014|204324|1628317|1628886|1641660,complete,playbyplay_inferred,202658|204323|1628269|1628277|1631009,complete,playbyplay_inferred
Shot Chart Detail,1022300101,152,204324,Dearica Hamby,1611661320,Los Angeles Sparks,2,8,22,Missed Shot,Hook Shot,2PT Field Goal,In The Paint (Non-RA),Center(C),Less Than 8 ft.,4,35,27,1,0,20230705,LAS,ATL,2023,1022300101152,6980,validated,,0,matched,playbyplayv2,1611661330,204324|1628317|1628886|1628922|1631089,complete,playbyplay_inferred,1628277|1628881|1629476|1631044|1641650,complete,playbyplay_inferred
Shot Chart Detail,1022300101,379,204324,Dearica Hamby,1611661320,Los Angeles Sparks,3,3,55,Missed Shot,Driving Hook Shot,2PT Field Goal,In The Paint (Non-RA),Center(C),Less Than 8 ft.,6,2,65,1,0,20230705,LAS,ATL,2023,1022300101379,15650,validated,,0,matched,playbyplayv2,1611661330,202662|203014|204324|1628886|1628922,complete,playbyplay_inferred,202658|204323|1628277|1628881|1631009,complete,playbyplay_inferred
Shot Chart Detail,1022300101,506,204324,Dearica Hamby,1611661320,Los Angeles Sparks,4,5,59,Made Shot,Driving Layup Shot,2PT Field Goal,Restricted Area,Center(C),Less Than 8 ft.,2,17,20,1,1,20230705,LAS,ATL,2023,1022300101506,20410,validated,,0,matched,playbyplayv2,1611661330,204324|1628886|1628922|1630996|1641660,complete,playbyplay_inferred,1628269|1628277|1629476|1631044|1641650,complete,playbyplay_inferred
Shot Chart Detail,1022300101,592,204324,Dearica Hamby,1611661320,Los Angeles Sparks,4,1,11,Made Shot,Jump Shot,2PT Field Goal,Restricted Area,Center(C),Less Than 8 ft.,2,19,22,1,1,20230705,LAS,ATL,2023,1022300101592,23290,validated,1631089,1,matched,playbyplayv2,1611661330,204324|1628922|1630996|1631089|1641660,complete,playbyplay_inferred,1628277|1629476|1631044|1641650|1641656,complete,playbyplay_inferred
Shot Chart Detail,1022300101,598,204324,Dearica Hamby,1611661320,Los Angeles Sparks,4,0,24,Missed Shot,Hook Shot,2PT Field Goal,In The Paint (Non-RA),Center(C),Less Than 8 ft.,6,7,63,1,0,20230705,LAS,ATL,2023,1022300101598,23760,validated,,0,matched,playbyplayv2,1611661330,204324|1628922|1630996|1631089|1641660,complete,playbyplay_inferred,1628277|1629476|1631044|1641650|1641656,complete,playbyplay_inferred
Shot Chart Detail,1022300119,77,204324,Dearica Hamby,1611661320,Los Angeles Sparks,1,3,34,Missed Shot,Layup Shot,2PT Field Goal,Restricted Area,Center(C),Less Than 8 ft.,2,-10,25,1,0,20230712,LAS,LVA,2023,102230011977,3860,validated,,0,matched,playbyplayv2,1611661319,203014|204324|1628317|1628886|1641660,complete,playbyplay_inferred,202252|203833|1628276|1628932|1629498,complete,playbyplay_inferred
Shot Chart Detail,1022300119,82,204324,Dearica Hamby,1611661320,Los Angeles Sparks,1,2,54,Missed Shot,Pullup Jump shot,2PT Field Goal,In The Paint (Non-RA),Center(C),8-16 ft.,13,28,135,1,0,20230712,LAS,LVA,2023,102230011982,4260,validated,,0,matched,playbyplayv2,1611661319,203014|204324|1628317|1628886|1641660,complete,playbyplay_inferred,202252|203833|1628276|1628932|1629498,complete,playbyplay_inferred
Shot Chart Detail,1022300119,231,204324,Dearica Hamby,1611661320,Los Angeles Sparks,2,2,19,Missed Shot,Jump Shot,3PT Field Goal,Above the Break 3,Center(C),24+ ft.,24,4,242,1,0,20230712,LAS,LVA,2023,1022300119231,10610,validated,,0,matched,playbyplayv2,1611661319,202662|203014|204324|1628317|1631089,complete,playbyplay_inferred,203833|204329|1628276|1628932|1629498,complete,playbyplay_inferred
Shot Chart Detail,1022300119,350,204324,Dearica Hamby,1611661320,Los Angeles Sparks,3,2,31,Made Shot,Cutting Layup Shot,2PT Field Goal,Restricted Area,Center(C),Less Than 8 ft.,1,10,6,1,1,20230712,LAS,LVA,2023,1022300119350,16490,validated,1628886,1,matched,playbyplayv2,1611661319,202662|204324|1628317|1628886|1628922,complete,playbyplay_inferred,202252|203833|1628276|1628932|1629498,complete,playbyplay_inferred
Shot Chart Detail,1022300119,399,204324,Dearica Hamby,1611661320,Los Angeles Sparks,4,9,23,Made Shot,Fadeaway Jump Shot,2PT Field Goal,In The Paint (Non-RA),Center(C),Less Than 8 ft.,5,43,32,1,1,20230712,LAS,LVA,2023,1022300119399,18370,validated,1631089,1,matched,playbyplayv2,1611661319,203014|204324|1628922|1631089|1641660,complete,playbyplay_inferred,202252|203833|204297|204329|1631006,complete,playbyplay_inferred
Shot Chart Detail,1022300119,427,204324,Dearica Hamby,1611661320,Los Angeles Sparks,4,7,25,Missed Shot,Layup Shot,2PT Field Goal,Restricted Area,Center(C),Less Than 8 ft.,2,22,6,1,0,20230712,LAS,LVA,2023,1022300119427,19550,validated,,0,matched,playbyplayv2,1611661319,203014|204324|1628922|1631089|1641660,complete,playbyplay_inferred,202252|203833|204297|204329|1631006,complete,playbyplay_inferred
Shot Chart Detail,1022300119,436,204324,Dearica Hamby,1611661320,Los Angeles Sparks,4,6,25,Missed Shot,Jump Shot,3PT Field Goal,Above the Break 3,Right Side(R),16-24 ft.,23,201,114,1,0,20230712,LAS,LVA,2023,1022300119436,20150,validated,,0,matched,playbyplayv2,1611661319,203014|204324|1628922|1631089|1641660,complete,playbyplay_inferred,202252|203833|204297|204329|1631006,complete,playbyplay_inferred
Shot Chart Detail,1022300125,398,204324,Dearica Hamby,1611661320,Los Angeles Sparks,4,9,41,Made Shot,Layup Shot,2PT Field Goal,Restricted Area,Center(C),Less Than 8 ft.,1,-8,13,1,1,20230720,MIN,LAS,2023,1022300125398,18190,validated,1628886,1,matched,playbyplayv2,1611661324,204324|1628882|1628886|1628922|1630996,complete,playbyplay_inferred,1627672|1628263|1629483|1631263|1641657,complete,playbyplay_inferred
Shot Chart Detail,1022300125,456,204324,Dearica Hamby,1611661320,Los Angeles Sparks,4,5,39,Made Shot,Cutting Layup Shot,2PT Field Goal,Restricted Area,Center(C),Less Than 8 ft.,1,-5,11,1,1,20230720,MIN,LAS,2023,1022300125456,20610,validated,1628886,1,matched,playbyplayv2,1611661324,203014|204324|1628882|1628886|1630996,complete,playbyplay_inferred,203825|1628263|1629483|1641649|1641657,complete,playbyplay_inferred
Shot Chart Detail,1022300131,70,204324,Dearica Hamby,1611661320,Los Angeles Sparks,1,3,1,Made Shot,Jump Shot,3PT Field Goal,Left Corner 3,Left Side(L),24+ ft.,23,-232,22,1,1,20230722,DAL,LAS,2023,102230013170,4190,validated,203014,1,matched,playbyplayv2,1611661321,203014|203406|204324|1628882|1628886,complete,playbyplay_inferred,203827|1629480|1629481|1630101|1630149,complete,playbyplay_inferred
Shot Chart Detail,1022300131,106,204324,Dearica Hamby,1611661320,Los Angeles Sparks,1,0,28,Made Shot,Jump Shot,2PT Field Goal,Mid-Range,Center(C),16-24 ft.,21,-4,210,1,1,20230722,DAL,LAS,2023,1022300131106,5720,validated,203406,1,matched,playbyplayv2,1611661321,203014|203406|204324|1628886|1641660,complete,playbyplay_inferred,203824|1629480|1629481|1630386|1641652,complete,playbyplay_inferred
Shot Chart Detail,1022300131,129,204324,Dearica Hamby,1611661320,Los Angeles Sparks,2,9,16,Made Shot,Cutting Finger Roll Layup Shot,2PT Field Goal,Restricted Area,Center(C),Less Than 8 ft.,2,-20,4,1,1,20230722,DAL,LAS,2023,1022300131129,6440,validated,203406,1,matched,playbyplayv2,1611661321,202662|203406|204324|1628922|1641660,complete,playbyplay_inferred,203827|1629479|1629481|1630101|1630149,complete,playbyplay_inferred
Shot Chart Detail,1022300131,207,204324,Dearica Hamby,1611661320,Los Angeles Sparks,2,2,49,Made Shot,Cutting Finger Roll Layup Shot,2PT Field Goal,Restricted Area,Center(C),Less Than 8 ft.,0,-7,6,1,1,20230722,DAL,LAS,2023,1022300131207,10310,validated,1628886,1,matched,playbyplayv2,1611661321,203014|204324|1628882|1628886|1630996,complete,playbyplay_inferred,203824|203827|1629481|1630149|1630386,complete,playbyplay_inferred
Shot Chart Detail,1022300131,222,204324,Dearica Hamby,1611661320,Los Angeles Sparks,2,1,49,Made Shot,Running Layup Shot,2PT Field Goal,Restricted Area,Center(C),Less Than 8 ft.,0,-4,-4,1,1,20230722,DAL,LAS,2023,1022300131222,10910,validated,,0,matched,playbyplayv2,1611661321,203014|204324|1628882|1628886|1630996,complete,playbyplay_inferred,203824|203827|1629481|1630149|1630386,complete,playbyplay_inferred
Shot Chart Detail,1022300131,234,204324,Dearica Hamby,1611661320,Los Angeles Sparks,2,0,47,Made Shot,Cutting Layup Shot,2PT Field Goal,Restricted Area,Center(C),Less Than 8 ft.,1,12,12,1,1,20230722,DAL,LAS,2023,1022300131234,11530,validated,203014,1,matched,playbyplayv2,1611661321,203014|203406|204324|1628882|1628886,complete,playbyplay_inferred,203824|203827|1629481|1630149|1630386,complete,playbyplay_inferred
Shot Chart Detail,1022300131,357,204324,Dearica Hamby,1611661320,Los Angeles Sparks,3,0,48,Made Shot,Cutting Layup Shot,2PT Field Goal,Restricted Area,Center(C),Less Than 8 ft.,1,10,9,1,1,20230722,DAL,LAS,2023,1022300131357,17520,validated,1628886,1,matched,playbyplayv2,1611661321,204324|1628882|1628886|1628922|1630996,complete,playbyplay_inferred,203824|203827|1630149|1630386|1641652,complete,playbyplay_inferred
Shot Chart Detail,1022300131,361,204324,Dearica Hamby,1611661320,Los Angeles Sparks,3,0,8,Missed Shot,Jump Shot,3PT Field Goal,Above the Break 3,Right Side Center(RC),24+ ft.,24,162,185,1,0,20230722,DAL,LAS,2023,1022300131361,17920,validated,,0,matched,playbyplayv2,1611661321,204324|1628882|1628886|1628922|1630996,complete,playbyplay_inferred,203824|203827|1630149|1630386|1641652,complete,playbyplay_inferred
Shot Chart Detail,1022300131,431,204324,Dearica Hamby,1611661320,Los Angeles Sparks,4,4,18,Made Shot,Floating Jump shot,2PT Field Goal,In The Paint (Non-RA),Center(C),8-16 ft.,8,12,86,1,1,20230722,DAL,LAS,2023,1022300131431,21420,validated,1628882,1,matched,playbyplayv2,1611661321,203014|203406|204324|1628882|1628886,complete,playbyplay_inferred,203827|1629479|1629481|1630101|1630149,complete,playbyplay_inferred
Shot Chart Detail,1022300139,188,204324,Dearica Hamby,1611661320,Los Angeles Sparks,2,5,25,Made Shot,Layup Shot,2PT Field Goal,Restricted Area,Center(C),Less Than 8 ft.,1,16,11,1,1,20230725,LAS,IND,2023,1022300139188,8750,validated,,0,matched,playbyplayv2,1611661325,203406|204324|1628882|1628886|1628922,complete,playbyplay_inferred,204365|1628909|1628927|1641648|1641658,complete,playbyplay_inferred
Shot Chart Detail,1022300139,376,204324,Dearica Hamby,1611661320,Los Angeles Sparks,4,9,21,Made Shot,Running Layup Shot,2PT Field Goal,Restricted Area,Center(C),Less Than 8 ft.,3,19,28,1,1,20230725,LAS,IND,2023,1022300139376,18390,validated,202662,1,matched,playbyplayv2,1611661325,202662|203014|203406|204324|1628882,complete,playbyplay_inferred,204320|1628242|1628909|1628929|1641658,complete,playbyplay_inferred
Shot Chart Detail,1022300139,380,204324,Dearica Hamby,1611661320,Los Angeles Sparks,4,9,6,Missed Shot,Running Layup Shot,2PT Field Goal,Restricted Area,Center(C),Less Than 8 ft.,1,-1,19,1,0,20230725,LAS,IND,2023,1022300139380,18540,validated,,0,matched,playbyplayv2,1611661325,202662|203014|203406|204324|1628882,complete,playbyplay_inferred,204320|1628242|1628909|1628929|1641658,complete,playbyplay_inferred
Shot Chart Detail,1022300141,83,204324,Dearica Hamby,1611661320,Los Angeles Sparks,1,2,41,Missed Shot,Jump Shot,2PT Field Goal,Mid-Range,Left Side Center(LC),16-24 ft.,21,-90,192,1,0,20230727,LAS,IND,2023,102230014183,4390,validated,,0,matched,playbyplayv2,1611661325,202662|203014|204324|1628317|1628886,complete,playbyplay_inferred,204365|1628909|1628927|1628929|1641648,complete,playbyplay_inferred
Shot Chart Detail,1022300141,161,204324,Dearica Hamby,1611661320,Los Angeles Sparks,2,6,28,Made Shot,Cutting Layup Shot,2PT Field Goal,In The Paint (Non-RA),Center(C),Less Than 8 ft.,4,-23,37,1,1,20230727,LAS,IND,2023,1022300141161,8120,validated,1628317,1,matched,playbyplayv2,1611661325,202662|203406|204324|1628317|1628922,complete,playbyplay_inferred,204365|1628242|1628929|1641648|1641658,complete,playbyplay_inferred
Shot Chart Detail,1022300141,461,204324,Dearica Hamby,1611661320,Los Angeles Sparks,4,6,46,Missed Shot,Running Layup Shot,2PT Field Goal,In The Paint (Non-RA),Center(C),Less Than 8 ft.,5,13,49,1,0,20230727,LAS,IND,2023,1022300141461,19940,validated,,0,matched,playbyplayv2,1611661325,202662|203014|204324|1628317|1628886,complete,playbyplay_inferred,204320|1628242|1628909|1628929|1641658,complete,playbyplay_inferred
Shot Chart Detail,1022300150,61,204324,Dearica Hamby,1611661320,Los Angeles Sparks,1,4,45,Missed Shot,Jump Shot,3PT Field Goal,Above the Break 3,Right Side Center(RC),24+ ft.,24,220,103,1,0,20230730,LAS,NYL,2023,102230015061,3150,validated,,0,matched,playbyplayv2,1611661313,203014|203406|204324|1628317|1628886,complete,playbyplay_inferred,202664|204335|1627668|1627673|1629477,complete,playbyplay_inferred
Shot Chart Detail,1022300150,86,204324,Dearica Hamby,1611661320,Los Angeles Sparks,1,3,8,Missed Shot,Layup Shot,2PT Field Goal,Restricted Area,Center(C),Less Than 8 ft.,2,20,16,1,0,20230730,LAS,NYL,2023,102230015086,4120,validated,,0,matched,playbyplayv2,1611661313,202662|203014|204324|1628317|1628886,complete,playbyplay_inferred,203866|204335|1627668|1629477|1629546,complete,playbyplay_inferred
Shot Chart Detail,1022300150,95,204324,Dearica Hamby,1611661320,Los Angeles Sparks,1,2,20,Made Shot,Running Layup Shot,2PT Field Goal,Restricted Area,Center(C),Less Than 8 ft.,1,9,16,1,1,20230730,LAS,NYL,2023,102230015095,4600,validated,,0,matched,playbyplayv2,1611661313,202662|203014|204324|1628317|1628886,complete,playbyplay_inferred,203866|204335|1627668|1629477|1629546,complete,playbyplay_inferred
Shot Chart Detail,1022300150,102,204324,Dearica Hamby,1611661320,Los Angeles Sparks,1,1,49,Made Shot,Layup Shot,2PT Field Goal,Restricted Area,Center(C),Less Than 8 ft.,2,15,17,1,1,20230730,LAS,NYL,2023,1022300150102,4910,validated,1628886,1,matched,playbyplayv2,1611661313,202662|203014|204324|1628317|1628886,complete,playbyplay_inferred,203866|204335|1627668|1629477|1629546,complete,playbyplay_inferred
Shot Chart Detail,1022300150,106,204324,Dearica Hamby,1611661320,Los Angeles Sparks,1,1,25,Made Shot,Running Layup Shot,2PT Field Goal,Restricted Area,Center(C),Less Than 8 ft.,2,-26,4,1,1,20230730,LAS,NYL,2023,1022300150106,5150,validated,202662,1,matched,playbyplayv2,1611661313,202662|203014|204324|1628317|1628886,complete,playbyplay_inferred,203866|204335|1627668|1629477|1629546,complete,playbyplay_inferred
Shot Chart Detail,1022300150,143,204324,Dearica Hamby,1611661320,Los Angeles Sparks,2,9,12,Made Shot,Cutting Layup Shot,2PT Field Goal,Restricted Area,Center(C),Less Than 8 ft.,2,-18,16,1,1,20230730,LAS,NYL,2023,1022300150143,6480,validated,1628317,1,matched,playbyplayv2,1611661313,202662|204324|1628317|1628886|1628922,complete,playbyplay_inferred,202664|203866|1627673|1629546|1630139,complete,playbyplay_inferred
Shot Chart Detail,1022300150,318,204324,Dearica Hamby,1611661320,Los Angeles Sparks,3,4,45,Made Shot,Layup Shot,2PT Field Goal,Restricted Area,Center(C),Less Than 8 ft.,2,-4,25,1,1,20230730,LAS,NYL,2023,1022300150318,15150,validated,1628886,1,matched,playbyplayv2,1611661313,203014|203406|204324|1628317|1628886,complete,playbyplay_inferred,202664|204335|1627668|1627673|1629477,complete,playbyplay_inferred
Shot Chart Detail,1022300150,393,204324,Dearica Hamby,1611661320,Los Angeles Sparks,3,0,23,Made Shot,Running Reverse Layup Shot,2PT Field Goal,Restricted Area,Center(C),Less Than 8 ft.,3,-29,24,1,1,20230730,LAS,NYL,2023,1022300150393,17770,validated,202662,1,matched,playbyplayv2,1611661313,202662|203014|203406|204324|1630996,complete,playbyplay_inferred,202664|203866|1627668|1629546|1630139,complete,playbyplay_inferred
Shot Chart Detail,1022300150,400,204324,Dearica Hamby,1611661320,Los Angeles Sparks,3,0,1,Missed Shot,Cutting Layup Shot,2PT Field Goal,Restricted Area,Center(C),Less Than 8 ft.,2,24,14,1,0,20230730,LAS,NYL,2023,1022300150400,17990,validated,,0,matched,playbyplayv2,1611661313,202662|203014|203406|204324|1630996,complete,playbyplay_inferred,202664|203866|1627668|1629546|1630139,complete,playbyplay_inferred
Shot Chart Detail,1022300150,493,204324,Dearica Hamby,1611661320,Los Angeles Sparks,4,2,56,Made Shot,Running Alley Oop Layup Shot,2PT Field Goal,Restricted Area,Center(C),Less Than 8 ft.,2,-3,25,1,1,20230730,LAS,NYL,2023,1022300150493,22240,validated,1628886,1,matched,playbyplayv2,1611661313,204324|1628317|1628886|1628922|1630996,complete,playbyplay_inferred,202664|204335|1627668|1627673|1629477,complete,playbyplay_inferred
Shot Chart Detail,1022300150,504,204324,Dearica Hamby,1611661320,Los Angeles Sparks,4,1,47,Made Shot,Hook Shot,2PT Field Goal,In The Paint (Non-RA),Center(C),Less Than 8 ft.,5,-23,51,1,1,20230730,LAS,NYL,2023,1022300150504,22930,validated,1628922,1,matched,playbyplayv2,1611661313,204324|1628317|1628886|1628922|1630996,complete,playbyplay_inferred,202664|204335|1627668|1627673|1629477,complete,playbyplay_inferred
Shot Chart Detail,1022300150,518,204324,Dearica Hamby,1611661320,Los Angeles Sparks,4,0,53,Missed Shot,Driving Layup Shot,2PT Field Goal,Restricted Area,Center(C),Less Than 8 ft.,3,30,12,1,0,20230730,LAS,NYL,2023,1022300150518,23470,validated,,0,matched,playbyplayv2,1611661313,204324|1628317|1628886|1628922|1630996,complete,playbyplay_inferred,204335|1627668|1627673|1629477|1629546,complete,playbyplay_inferred
Shot Chart Detail,1022300154,69,204324,Dearica Hamby,1611661320,Los Angeles Sparks,1,3,37,Made Shot,Cutting Layup Shot,2PT Field Goal,Restricted Area,Center(C),Less Than 8 ft.,1,16,5,1,1,20230801,LAS,NYL,2023,102230015469,3830,validated,202662,1,matched,playbyplayv2,1611661313,202662|203014|204324|1628317|1628886,complete,playbyplay_inferred,203866|204335|1627668|1629477|1629546,complete,playbyplay_inferred
Shot Chart Detail,1022300154,132,204324,Dearica Hamby,1611661320,Los Angeles Sparks,2,8,40,Missed Shot,Finger Roll Layup Shot,2PT Field Goal,Restricted Area,Center(C),Less Than 8 ft.,3,31,5,1,0,20230801,LAS,NYL,2023,1022300154132,6800,validated,,0,matched,playbyplayv2,1611661313,202662|204324|1628886|1628922|1630996,complete,playbyplay_inferred,202664|203866|1627673|1629546|1630139,complete,playbyplay_inferred
Shot Chart Detail,1022300154,189,204324,Dearica Hamby,1611661320,Los Angeles Sparks,2,4,24,Made Shot,Running Layup Shot,2PT Field Goal,Restricted Area,Center(C),Less Than 8 ft.,1,17,5,1,1,20230801,LAS,NYL,2023,1022300154189,9360,validated,1628886,1,matched,playbyplayv2,1611661313,203014|203406|204324|1628317|1628886,complete,playbyplay_inferred,202664|204335|1627668|1627673|1629477,complete,playbyplay_inferred
Shot Chart Detail,1022300154,218,204324,Dearica Hamby,1611661320,Los Angeles Sparks,2,1,39,Missed Shot,Jump Shot,3PT Field Goal,Above the Break 3,Center(C),24+ ft.,24,18,243,1,0,20230801,LAS,NYL,2023,1022300154218,11010,validated,,0,matched,playbyplayv2,1611661313,203014|203406|204324|1628317|1628886,complete,playbyplay_inferred,204335|1627668|1629477|1629546|1631055,complete,playbyplay_inferred
Shot Chart Detail,1022300154,358,204324,Dearica Hamby,1611661320,Los Angeles Sparks,3,0,50,Missed Shot,Reverse Layup Shot,2PT Field Goal,In The Paint (Non-RA),Center(C),Less Than 8 ft.,4,-37,30,1,0,20230801,LAS,NYL,2023,1022300154358,17500,validated,,0,matched,playbyplayv2,1611661313,202662|203014|204324|1628317|1628886,complete,playbyplay_inferred,204335|1627668|1629477|1629546|1631055,complete,playbyplay_inferred
Shot Chart Detail,1022300154,430,204324,Dearica Hamby,1611661320,Los Angeles Sparks,4,6,26,Missed Shot,Layup Shot,2PT Field Goal,Restricted Area,Center(C),Less Than 8 ft.,2,17,18,1,0,20230801,LAS,NYL,2023,1022300154430,20140,validated,,0,matched,playbyplayv2,1611661313,203014|203406|204324|1628317|1628886,complete,playbyplay_inferred,202664|204335|1627668|1627673|1629477,complete,playbyplay_inferred
Shot Chart Detail,1022300154,449,204324,Dearica Hamby,1611661320,Los Angeles Sparks,4,5,0,Missed Shot,Jump Shot,2PT Field Goal,Mid-Range,Center(C),16-24 ft.,19,26,192,1,0,20230801,LAS,NYL,2023,1022300154449,21000,validated,,0,matched,playbyplayv2,1611661313,203014|203406|204324|1628317|1628886,complete,playbyplay_inferred,202664|204335|1627668|1627673|1629477,complete,playbyplay_inferred
Shot Chart Detail,1022300158,78,204324,Dearica Hamby,1611661320,Los Angeles Sparks,1,4,18,Made Shot,Cutting Layup Shot,2PT Field Goal,Restricted Area,Center(C),Less Than 8 ft.,3,-22,22,1,1,20230804,WAS,LAS,2023,102230015878,3420,validated,203014,1,matched,playbyplayv2,1611661322,203014|204324|1628886|1630996|1641660,complete,playbyplay_inferred,203403|204333|1628279|1631031|1641642,complete,playbyplay_inferred
Shot Chart Detail,1022300158,99,204324,Dearica Hamby,1611661320,Los Angeles Sparks,1,2,54,Missed Shot,Jump Shot,2PT Field Goal,In The Paint (Non-RA),Center(C),Less Than 8 ft.,4,41,19,1,0,20230804,WAS,LAS,2023,102230015899,4260,validated,,0,matched,playbyplayv2,1611661322,203014|204324|1628886|1630996|1641660,complete,playbyplay_inferred,203403|204333|1628278|1631031|1641642,complete,playbyplay_inferred
Shot Chart Detail,1022300158,116,204324,Dearica Hamby,1611661320,Los Angeles Sparks,1,1,42,Made Shot,Layup Shot,2PT Field Goal,Restricted Area,Center(C),Less Than 8 ft.,3,10,38,1,1,20230804,WAS,LAS,2023,1022300158116,4980,validated,,0,matched,playbyplayv2,1611661322,202662|203014|204324|1628886|1641660,complete,playbyplay_inferred,203403|204333|1628278|1631031|1641642,complete,playbyplay_inferred
Shot Chart Detail,1022300158,158,204324,Dearica Hamby,1611661320,Los Angeles Sparks,2,8,22,Missed Shot,Jump Shot,2PT Field Goal,Mid-Range,Left Side Center(LC),16-24 ft.,21,-67,203,1,0,20230804,WAS,LAS,2023,1022300158158,6980,validated,,0,matched,playbyplayv2,1611661322,202662|203406|204324|1628922|1641660,complete,playbyplay_inferred,1627643|1628278|1628279|1628899|1641642,complete,playbyplay_inferred
Shot Chart Detail,1022300158,226,204324,Dearica Hamby,1611661320,Los Angeles Sparks,2,4,1,Made Shot,Driving Layup Shot,2PT Field Goal,Restricted Area,Center(C),Less Than 8 ft.,3,-17,25,1,1,20230804,WAS,LAS,2023,1022300158226,9590,validated,1628886,1,matched,playbyplayv2,1611661322,202662|204324|1628886|1628922|1641660,complete,playbyplay_inferred,203403|204333|1628279|1631031|1641642,complete,playbyplay_inferred
Shot Chart Detail,1022300158,271,204324,Dearica Hamby,1611661320,Los Angeles Sparks,2,0,47,Missed Shot,Running Layup Shot,2PT Field Goal,Restricted Area,Center(C),Less Than 8 ft.,3,-11,31,1,0,20230804,WAS,LAS,2023,1022300158271,11530,validated,,0,matched,playbyplayv2,1611661322,202662|204324|1628886|1628922|1641660,complete,playbyplay_inferred,203403|204333|1628278|1628279|1628899,complete,playbyplay_inferred
Shot Chart Detail,1022300158,359,204324,Dearica Hamby,1611661320,Los Angeles Sparks,3,4,58,Made Shot,Putback Layup Shot,2PT Field Goal,Restricted Area,Center(C),Less Than 8 ft.,2,7,23,1,1,20230804,WAS,LAS,2023,1022300158359,15020,validated,,0,matched,playbyplayv2,1611661322,203406|204324|1628317|1628886|1628922,complete,playbyplay_inferred,203403|204333|1628278|1628279|1631031,complete,playbyplay_inferred
Shot Chart Detail,1022300158,405,204324,Dearica Hamby,1611661320,Los Angeles Sparks,3,1,31,Made Shot,Layup Shot,2PT Field Goal,Restricted Area,Center(C),Less Than 8 ft.,3,-7,36,1,1,20230804,WAS,LAS,2023,1022300158405,17090,validated,1628886,1,matched,playbyplayv2,1611661322,204324|1628886|1628922|1631091|1641660,complete,playbyplay_inferred,204333|1628278|1628899|1631031|1641642,complete,playbyplay_inferred
Shot Chart Detail,1022300158,435,204324,Dearica Hamby,1611661320,Los Angeles Sparks,4,9,34,Missed Shot,Jump Shot,2PT Field Goal,In The Paint (Non-RA),Center(C),Less Than 8 ft.,5,53,9,1,0,20230804,WAS,LAS,2023,1022300158435,18260,validated,,0,matched,playbyplayv2,1611661322,203014|204324|1628886|1631091|1641660,complete,playbyplay_inferred,1627643|1628278|1628279|1628899|1641642,complete,playbyplay_inferred
Shot Chart Detail,1022300158,487,204324,Dearica Hamby,1611661320,Los Angeles Sparks,4,4,54,Missed Shot,Layup Shot,2PT Field Goal,In The Paint (Non-RA),Center(C),Less Than 8 ft.,4,-35,25,1,0,20230804,WAS,LAS,2023,1022300158487,21060,validated,,0,matched,playbyplayv2,1611661322,203014|204324|1628317|1628886|1641660,complete,playbyplay_inferred,203403|204333|1628279|1631031|1641642,complete,playbyplay_inferred
Shot Chart Detail,1022300158,489,204324,Dearica Hamby,1611661320,Los Angeles Sparks,4,4,53,Made Shot,Putback Layup Shot,2PT Field Goal,Restricted Area,Center(C),Less Than 8 ft.,2,-23,17,1,1,20230804,WAS,LAS,2023,1022300158489,21070,validated,,0,matched,playbyplayv2,1611661322,203014|204324|1628317|1628886|1641660,complete,playbyplay_inferred,203403|204333|1628279|1631031|1641642,complete,playbyplay_inferred
Shot Chart Detail,1022300164,55,204324,Dearica Hamby,1611661320,Los Angeles Sparks,1,5,5,Missed Shot,Layup Shot,2PT Field Goal,Mid-Range,Left Side(L),8-16 ft.,14,-95,109,1,0,20230806,WAS,LAS,2023,102230016455,2950,validated,,0,matched,playbyplayv2,1611661322,203014|203406|204324|1628317|1628886,complete,playbyplay_inferred,204333|1627643|1628278|1628279|1631031,complete,playbyplay_inferred
Shot Chart Detail,1022300164,88,204324,Dearica Hamby,1611661320,Los Angeles Sparks,1,3,22,Missed Shot,Layup Shot,2PT Field Goal,In The Paint (Non-RA),Center(C),Less Than 8 ft.,6,-55,25,1,0,20230806,WAS,LAS,2023,102230016488,3980,validated,,0,matched,playbyplayv2,1611661322,203014|203406|204324|1628886|1641660,complete,playbyplay_inferred,204333|1627643|1628279|1631031|1641642,complete,playbyplay_inferred
Shot Chart Detail,1022300164,360,204324,Dearica Hamby,1611661320,Los Angeles Sparks,3,2,49,Missed Shot,Layup Shot,2PT Field Goal,Restricted Area,Center(C),Less Than 8 ft.,2,20,4,1,0,20230806,WAS,LAS,2023,1022300164360,16310,validated,,0,matched,playbyplayv2,1611661322,204324|1628317|1628886|1628922|1641660,complete,playbyplay_inferred,203403|204333|1628279|1631031|1641642,complete,playbyplay_inferred
Shot Chart Detail,1022300164,399,204324,Dearica Hamby,1611661320,Los Angeles Sparks,3,0,42,Missed Shot,Jump Shot,2PT Field Goal,In The Paint (Non-RA),Left Side(L),8-16 ft.,8,-77,27,1,0,20230806,WAS,LAS,2023,1022300164399,17580,validated,,0,matched,playbyplayv2,1611661322,204324|1628317|1628886|1630996|1641660,complete,playbyplay_inferred,204333|1627643|1628278|1631031|1641642,complete,playbyplay_inferred
Shot Chart Detail,1022300164,449,204324,Dearica Hamby,1611661320,Los Angeles Sparks,4,7,44,Made Shot,Cutting Layup Shot,2PT Field Goal,Restricted Area,Center(C),Less Than 8 ft.,1,7,9,1,1,20230806,WAS,LAS,2023,1022300164449,19360,validated,1628886,1,matched,playbyplayv2,1611661322,203014|204324|1628886|1628922|1641660,complete,playbyplay_inferred,1627643|1628278|1628279|1628899|1641642,complete,playbyplay_inferred
Shot Chart Detail,1022300164,463,204324,Dearica Hamby,1611661320,Los Angeles Sparks,4,7,19,Missed Shot,Jump Shot,2PT Field Goal,Mid-Range,Right Side(R),8-16 ft.,10,84,65,1,0,20230806,WAS,LAS,2023,1022300164463,19610,validated,,0,matched,playbyplayv2,1611661322,203014|204324|1628886|1628922|1641660,complete,playbyplay_inferred,203403|204333|1628279|1631031|1641642,complete,playbyplay_inferred
Shot Chart Detail,1022300164,506,204324,Dearica Hamby,1611661320,Los Angeles Sparks,4,3,55,Missed Shot,Layup Shot,2PT Field Goal,In The Paint (Non-RA),Center(C),Less Than 8 ft.,4,49,2,1,0,20230806,WAS,LAS,2023,1022300164506,21650,validated,,0,matched,playbyplayv2,1611661322,203014|203406|204324|1628317|1628886,complete,playbyplay_inferred,203403|204333|1628278|1628279|1631031,complete,playbyplay_inferred
Shot Chart Detail,1022300167,75,204324,Dearica Hamby,1611661320,Los Angeles Sparks,1,3,9,Missed Shot,Layup Shot,2PT Field Goal,Restricted Area,Center(C),Less Than 8 ft.,0,3,0,1,0,20230808,IND,LAS,2023,102230016775,4110,validated,,0,matched,playbyplayv2,1611661325,203014|204324|1628317|1628886|1641660,complete,playbyplay_inferred,1628909|1628929|1631019|1631086|1641648,complete,playbyplay_inferred
Shot Chart Detail,1022300167,162,204324,Dearica Hamby,1611661320,Los Angeles Sparks,2,7,34,Missed Shot,Jump Shot,2PT Field Goal,Mid-Range,Left Side Center(LC),16-24 ft.,16,-57,155,1,0,20230808,IND,LAS,2023,1022300167162,7460,validated,,0,matched,playbyplayv2,1611661325,202662|203406|204324|1628317|1628922,complete,playbyplay_inferred,1628242|1628909|1628929|1631019|1641658,complete,playbyplay_inferred
Shot Chart Detail,1022300167,170,204324,Dearica Hamby,1611661320,Los Angeles Sparks,2,6,37,Missed Shot,Cutting Layup Shot,2PT Field Goal,Restricted Area,Center(C),Less Than 8 ft.,2,22,20,1,0,20230808,IND,LAS,2023,1022300167170,8030,validated,,0,matched,playbyplayv2,1611661325,202662|203406|204324|1628317|1628922,complete,playbyplay_inferred,1628242|1628909|1628929|1631019|1641658,complete,playbyplay_inferred
Shot Chart Detail,1022300167,261,204324,Dearica Hamby,1611661320,Los Angeles Sparks,2,0,54,Missed Shot,Driving Layup Shot,2PT Field Goal,In The Paint (Non-RA),Center(C),Less Than 8 ft.,5,5,55,1,0,20230808,IND,LAS,2023,1022300167261,11460,validated,,0,matched,playbyplayv2,1611661325,202662|203014|204324|1628317|1628886,complete,playbyplay_inferred,204320|204365|1628909|1628929|1631019,complete,playbyplay_inferred
Shot Chart Detail,1022300167,325,204324,Dearica Hamby,1611661320,Los Angeles Sparks,3,6,14,Missed Shot,Driving Hook Shot,2PT Field Goal,In The Paint (Non-RA),Center(C),Less Than 8 ft.,5,-4,50,1,0,20230808,IND,LAS,2023,1022300167325,14260,validated,,0,matched,playbyplayv2,1611661325,203014|203406|204324|1628317|1628886,complete,playbyplay_inferred,204365|1628909|1628927|1628929|1641648,complete,playbyplay_inferred
Shot Chart Detail,1022300167,346,204324,Dearica Hamby,1611661320,Los Angeles Sparks,3,5,3,Made Shot,Layup Shot,2PT Field Goal,Restricted Area,Center(C),Less Than 8 ft.,1,12,7,1,1,20230808,IND,LAS,2023,1022300167346,14970,validated,203014,1,matched,playbyplayv2,1611661325,203014|204324|1628317|1628886|1641660,complete,playbyplay_inferred,204365|1628909|1628929|1631019|1641648,complete,playbyplay_inferred
Shot Chart Detail,1022300176,91,204324,Dearica Hamby,1611661320,Los Angeles Sparks,1,3,7,Missed Shot,Jump Shot,3PT Field Goal,Above the Break 3,Center(C),24+ ft.,24,-34,238,1,0,20230812,LAS,ATL,2023,102230017691,4130,validated,,0,matched,playbyplayv2,1611661330,203014|203406|204324|1628317|1628886,complete,playbyplay_inferred,204323|1628277|1630462|1631044|1641650,complete,playbyplay_inferred
Shot Chart Detail,1022300176,116,204324,Dearica Hamby,1611661320,Los Angeles Sparks,1,1,11,Missed Shot,Hook Shot,2PT Field Goal,Restricted Area,Center(C),Less Than 8 ft.,1,11,5,1,0,20230812,LAS,ATL,2023,1022300176116,5290,validated,,0,matched,playbyplayv2,1611661330,203014|204324|1628886|1630996|1641660,complete,playbyplay_inferred,1628881|1630462|1631009|1631044|1641650,complete,playbyplay_inferred
Shot Chart Detail,1022300176,180,204324,Dearica Hamby,1611661320,Los Angeles Sparks,2,7,8,Missed Shot,Turnaround Hook Shot,2PT Field Goal,Restricted Area,Center(C),Less Than 8 ft.,1,-13,0,1,0,20230812,LAS,ATL,2023,1022300176180,7720,validated,,0,matched,playbyplayv2,1611661330,204324|1628886|1628922|1630996|1641660,complete,playbyplay_inferred,202658|204323|1628269|1628277|1631009,complete,playbyplay_inferred
Shot Chart Detail,1022300176,400,204324,Dearica Hamby,1611661320,Los Angeles Sparks,3,0,58,Missed Shot,Layup Shot,2PT Field Goal,Restricted Area,Center(C),Less Than 8 ft.,1,-13,9,1,0,20230812,LAS,ATL,2023,1022300176400,17420,validated,,0,matched,playbyplayv2,1611661330,204324|1628317|1628886|1628922|1641660,complete,playbyplay_inferred,202658|204323|1628881|1630462|1631009,complete,playbyplay_inferred
Shot Chart Detail,1022300188,409,204324,Dearica Hamby,1611661320,Los Angeles Sparks,4,9,23,Made Shot,Driving Layup Shot,2PT Field Goal,Restricted Area,Center(C),Less Than 8 ft.,3,-19,33,1,1,20230819,LVA,LAS,2023,1022300188409,18370,validated,203014,1,matched,playbyplayv2,1611661319,203014|203406|204324|1628317|1628886,complete,playbyplay_inferred,203833|204297|204329|1629498|1631006,complete,playbyplay_inferred
Shot Chart Detail,1022300188,412,204324,Dearica Hamby,1611661320,Los Angeles Sparks,4,8,44,Missed Shot,Driving Layup Shot,2PT Field Goal,Restricted Area,Center(C),Less Than 8 ft.,2,7,28,1,0,20230819,LVA,LAS,2023,1022300188412,18760,validated,,0,matched,playbyplayv2,1611661319,203014|203406|204324|1628317|1628886,complete,playbyplay_inferred,203833|204297|204329|1629498|1631006,complete,playbyplay_inferred
Shot Chart Detail,1022300197,53,204324,Dearica Hamby,1611661320,Los Angeles Sparks,1,5,43,Made Shot,Driving Layup Shot,2PT Field Goal,In The Paint (Non-RA),Center(C),Less Than 8 ft.,4,48,9,1,1,20230823,LAS,PHO,2023,102230019753,2570,validated,1628886,1,matched,playbyplayv2,1611661317,203014|203406|204324|1628317|1628886,complete,playbyplay_inferred,1629482|1629484|1630134|1630446|1641690,complete,playbyplay_inferred
Shot Chart Detail,1022300197,80,204324,Dearica Hamby,1611661320,Los Angeles Sparks,1,3,1,Missed Shot,Driving Layup Shot,2PT Field Goal,In The Paint (Non-RA),Center(C),Less Than 8 ft.,5,48,22,1,0,20230823,LAS,PHO,2023,102230019780,4190,validated,,0,matched,playbyplayv2,1611661317,203014|203406|204324|1628317|1628886,complete,playbyplay_inferred,1629482|1629488|1630134|1630446|1641700,complete,playbyplay_inferred
Shot Chart Detail,1022300197,156,204324,Dearica Hamby,1611661320,Los Angeles Sparks,2,8,21,Missed Shot,Layup Shot,2PT Field Goal,In The Paint (Non-RA),Center(C),Less Than 8 ft.,4,44,12,1,0,20230823,LAS,PHO,2023,1022300197156,6990,validated,,0,matched,playbyplayv2,1611661317,204324|1628886|1628922|1631091|1641660,complete,playbyplay_inferred,1629482|1629484|1629488|1630134|1630446,complete,playbyplay_inferred
Shot Chart Detail,1022300197,405,204324,Dearica Hamby,1611661320,Los Angeles Sparks,4,9,41,Made Shot,Driving Layup Shot,2PT Field Goal,Restricted Area,Center(C),Less Than 8 ft.,1,16,11,1,1,20230823,LAS,PHO,2023,1022300197405,18190,validated,1628922,1,matched,playbyplayv2,1611661317,204324|1628886|1628922|1630996|1641660,complete,playbyplay_inferred,1627669|1629482|1629484|1629488|1630134,complete,playbyplay_inferred
Shot Chart Detail,1022300197,409,204324,Dearica Hamby,1611661320,Los Angeles Sparks,4,9,10,Missed Shot,Driving Layup Shot,2PT Field Goal,Restricted Area,Center(C),Less Than 8 ft.,3,29,13,1,0,20230823,LAS,PHO,2023,1022300197409,18500,validated,,0,matched,playbyplayv2,1611661317,204324|1628886|1628922|1630996|1641660,complete,playbyplay_inferred,1627669|1629482|1629484|1629488|1630134,complete,playbyplay_inferred
Shot Chart Detail,1022300197,440,204324,Dearica Hamby,1611661320,Los Angeles Sparks,4,7,14,Made Shot,Jump Shot,3PT Field Goal,Above the Break 3,Right Side Center(RC),24+ ft.,24,85,234,1,1,20230823,LAS,PHO,2023,1022300197440,19660,validated,1628922,1,matched,playbyplayv2,1611661317,202662|204324|1628922|1630996|1641660,complete,playbyplay_inferred,1627669|1629482|1629484|1629488|1630134,complete,playbyplay_inferred
Shot Chart Detail,1022300202,102,204324,Dearica Hamby,1611661320,Los Angeles Sparks,1,1,11,Missed Shot,Jump Shot,2PT Field Goal,Mid-Range,Right Side(R),16-24 ft.,18,185,2,1,0,20230825,ATL,LAS,2023,1022300202102,5290,validated,,0,matched,playbyplayv2,1611661330,203014|203406|204324|1628317|1628886,complete,playbyplay_inferred,202658|204323|1630462|1631044|1641650,complete,playbyplay_inferred
Shot Chart Detail,1022300202,363,204324,Dearica Hamby,1611661320,Los Angeles Sparks,3,0,50,Missed Shot,Cutting Layup Shot,2PT Field Goal,Restricted Area,Center(C),Less Than 8 ft.,3,-26,17,1,0,20230825,ATL,LAS,2023,1022300202363,17500,validated,,0,matched,playbyplayv2,1611661330,203014|203406|204324|1628886|1631091,complete,playbyplay_inferred,202658|1628881|1631009|1631044|1641650,complete,playbyplay_inferred
Shot Chart Detail,1022300202,380,204324,Dearica Hamby,1611661320,Los Angeles Sparks,4,9,42,Made Shot,Cutting Layup Shot,2PT Field Goal,Restricted Area,Center(C),Less Than 8 ft.,1,5,12,1,1,20230825,ATL,LAS,2023,1022300202380,18180,validated,1628886,1,matched,playbyplayv2,1611661330,203014|203406|204324|1628886|1631091,complete,playbyplay_inferred,202658|204323|1631009|1631044|1641650,complete,playbyplay_inferred
Shot Chart Detail,1022300202,415,204324,Dearica Hamby,1611661320,Los Angeles Sparks,4,6,32,Made Shot,Jump Shot,3PT Field Goal,Above the Break 3,Center(C),24+ ft.,24,24,244,1,1,20230825,ATL,LAS,2023,1022300202415,20080,validated,1628886,1,matched,playbyplayv2,1611661330,203406|204324|1628886|1628922|1631091,complete,playbyplay_inferred,202658|204323|1628881|1630462|1631009,complete,playbyplay_inferred
Shot Chart Detail,1022300205,115,204324,Dearica Hamby,1611661320,Los Angeles Sparks,1,0,28,Missed Shot,Layup Shot,2PT Field Goal,Restricted Area,Center(C),Less Than 8 ft.,1,-16,0,1,0,20230827,CON,LAS,2023,1022300205115,5720,validated,,0,matched,playbyplayv2,1611661323,204324|1628317|1628886|1628922|1641660,complete,playbyplay_inferred,203026|203826|204296|1630112|1631135,complete,playbyplay_inferred
Shot Chart Detail,1022300205,176,204324,Dearica Hamby,1611661320,Los Angeles Sparks,2,6,27,Missed Shot,Jump Shot,3PT Field Goal,Above the Break 3,Left Side Center(LC),24+ ft.,25,-122,219,1,0,20230827,CON,LAS,2023,1022300205176,8130,validated,,0,matched,playbyplayv2,1611661323,203014|203406|204324|1628317|1628886,complete,playbyplay_inferred,201886|203026|203826|1629567|1631135,complete,playbyplay_inferred
Shot Chart Detail,1022300205,346,204324,Dearica Hamby,1611661320,Los Angeles Sparks,3,2,13,Missed Shot,Driving Floating Jump Shot,2PT Field Goal,In The Paint (Non-RA),Center(C),Less Than 8 ft.,7,12,71,1,0,20230827,CON,LAS,2023,1022300205346,16670,validated,,0,matched,playbyplayv2,1611661323,203014|203406|204324|1628317|1628886,complete,playbyplay_inferred,203026|203826|204296|1630112|1631135,complete,playbyplay_inferred
Shot Chart Detail,1022300205,376,204324,Dearica Hamby,1611661320,Los Angeles Sparks,3,0,25,Missed Shot,Driving Layup Shot,2PT Field Goal,In The Paint (Non-RA),Center(C),Less Than 8 ft.,4,43,4,1,0,20230827,CON,LAS,2023,1022300205376,17750,validated,,0,matched,playbyplayv2,1611661323,203406|204324|1628317|1628886|1628922,complete,playbyplay_inferred,203026|203826|204296|1630112|1631135,complete,playbyplay_inferred
Shot Chart Detail,1022300205,416,204324,Dearica Hamby,1611661320,Los Angeles Sparks,4,7,13,Made Shot,Cutting Layup Shot,2PT Field Goal,Restricted Area,Center(C),Less Than 8 ft.,2,24,15,1,1,20230827,CON,LAS,2023,1022300205416,19670,validated,1628922,1,matched,playbyplayv2,1611661323,203406|204324|1628317|1628922|1641660,complete,playbyplay_inferred,203026|203826|1629567|1630112|1631135,complete,playbyplay_inferred
Shot Chart Detail,1022300205,442,204324,Dearica Hamby,1611661320,Los Angeles Sparks,4,5,50,Made Shot,Cutting Layup Shot,2PT Field Goal,Restricted Area,Center(C),Less Than 8 ft.,2,21,7,1,1,20230827,CON,LAS,2023,1022300205442,20500,validated,202662,1,matched,playbyplayv2,1611661323,202662|204324|1628886|1628922|1630996,complete,playbyplay_inferred,203026|203826|1629567|1630112|1631135,complete,playbyplay_inferred
Shot Chart Detail,1022300205,454,204324,Dearica Hamby,1611661320,Los Angeles Sparks,4,5,21,Missed Shot,Layup Shot,2PT Field Goal,In The Paint (Non-RA),Center(C),Less Than 8 ft.,7,-33,62,1,0,20230827,CON,LAS,2023,1022300205454,20790,validated,,0,matched,playbyplayv2,1611661323,202662|204324|1628922|1630996|1641660,complete,playbyplay_inferred,203826|204296|1629567|1630112|1631135,complete,playbyplay_inferred
Shot Chart Detail,1022300212,90,204324,Dearica Hamby,1611661320,Los Angeles Sparks,1,2,2,Made Shot,Running Layup Shot,2PT Field Goal,In The Paint (Non-RA),Center(C),Less Than 8 ft.,4,-30,27,1,1,20230829,LAS,CHI,2023,102230021290,4780,validated,1628886,1,matched,playbyplayv2,1611661329,203014|204324|1628317|1628886|1641660,complete,playbyplay_inferred,204322|1627674|1629497|1629571|1630389,complete,playbyplay_inferred
Shot Chart Detail,1022300212,115,204324,Dearica Hamby,1611661320,Los Angeles Sparks,1,0,19,Made Shot,Running Layup Shot,2PT Field Goal,Restricted Area,Center(C),Less Than 8 ft.,0,4,4,1,1,20230829,LAS,CHI,2023,1022300212115,5810,validated,203014,1,matched,playbyplayv2,1611661329,203014|204324|1628317|1628886|1641660,complete,playbyplay_inferred,1627674|1629497|1629571|1630389|1631021,complete,playbyplay_inferred
Shot Chart Detail,1022300212,157,204324,Dearica Hamby,1611661320,Los Angeles Sparks,2,6,51,Made Shot,Running Layup Shot,2PT Field Goal,Restricted Area,Center(C),Less Than 8 ft.,1,4,13,1,1,20230829,LAS,CHI,2023,1022300212157,7890,validated,1630996,1,matched,playbyplayv2,1611661329,204324|1628886|1628922|1630996|1641660,complete,playbyplay_inferred,204322|1627674|1627675|1630389|1641641,complete,playbyplay_inferred
Shot Chart Detail,1022300212,333,204324,Dearica Hamby,1611661320,Los Angeles Sparks,3,3,37,Missed Shot,Driving Layup Shot,2PT Field Goal,Restricted Area,Center(C),Less Than 8 ft.,3,32,20,1,0,20230829,LAS,CHI,2023,1022300212333,15830,validated,,0,matched,playbyplayv2,1611661329,203014|204324|1628317|1628886|1628922,complete,playbyplay_inferred,204322|1627674|1629497|1630389|1631021,complete,playbyplay_inferred
Shot Chart Detail,1022300212,434,204324,Dearica Hamby,1611661320,Los Angeles Sparks,4,7,27,Missed Shot,Fadeaway Bank shot,2PT Field Goal,In The Paint (Non-RA),Center(C),Less Than 8 ft.,7,-48,57,1,0,20230829,LAS,CHI,2023,1022300212434,19530,validated,,0,matched,playbyplayv2,1611661329,203014|204324|1628317|1628886|1641660,complete,playbyplay_inferred,204322|1629497|1629571|1630389|1641641,complete,playbyplay_inferred
Shot Chart Detail,1022300212,440,204324,Dearica Hamby,1611661320,Los Angeles Sparks,4,6,43,Missed Shot,Jump Shot,3PT Field Goal,Above the Break 3,Center(C),24+ ft.,25,-27,249,1,0,20230829,LAS,CHI,2023,1022300212440,19970,validated,,0,matched,playbyplayv2,1611661329,203014|204324|1628317|1628886|1641660,complete,playbyplay_inferred,204322|1629497|1629571|1630389|1641641,complete,playbyplay_inferred
Shot Chart Detail,1022300215,239,204324,Dearica Hamby,1611661320,Los Angeles Sparks,2,2,42,Missed Shot,Layup Shot,2PT Field Goal,Restricted Area,Center(C),Less Than 8 ft.,2,24,11,1,0,20230831,LAS,SEA,2023,1022300215239,10380,validated,,0,matched,playbyplayv2,1611661328,203014|204324|1628317|1628886|1641660,complete,playbyplay_inferred,204319|1628244|1628920|1629496|1641651,complete,playbyplay_inferred
Shot Chart Detail,1022300215,242,204324,Dearica Hamby,1611661320,Los Angeles Sparks,2,2,26,Made Shot,Jump Shot,3PT Field Goal,Above the Break 3,Right Side Center(RC),24+ ft.,24,94,228,1,1,20230831,LAS,SEA,2023,1022300215242,10540,validated,1628886,1,matched,playbyplayv2,1611661328,203014|204324|1628317|1628886|1641660,complete,playbyplay_inferred,204319|1628244|1628920|1629496|1641651,complete,playbyplay_inferred
Shot Chart Detail,1022300215,353,204324,Dearica Hamby,1611661320,Los Angeles Sparks,3,3,35,Missed Shot,Driving Layup Shot,2PT Field Goal,Restricted Area,Center(C),Less Than 8 ft.,2,-13,18,1,0,20230831,LAS,SEA,2023,1022300215353,15850,validated,,0,matched,playbyplayv2,1611661328,203014|204324|1628317|1628886|1641660,complete,playbyplay_inferred,204319|1628244|1628920|1629496|1641651,complete,playbyplay_inferred
Shot Chart Detail,1022300215,445,204324,Dearica Hamby,1611661320,Los Angeles Sparks,4,7,16,Missed Shot,Running Layup Shot,2PT Field Goal,Restricted Area,Center(C),Less Than 8 ft.,2,-15,24,1,0,20230831,LAS,SEA,2023,1022300215445,19640,validated,,0,matched,playbyplayv2,1611661328,202662|204324|1628922|1630996|1641660,complete,playbyplay_inferred,204319|1628244|1628915|1628920|1629496,complete,playbyplay_inferred
Shot Chart Detail,1022300223,41,204324,Dearica Hamby,1611661320,Los Angeles Sparks,1,6,1,Missed Shot,Cutting Layup Shot,2PT Field Goal,Restricted Area,Center(C),Less Than 8 ft.,3,38,11,1,0,20230903,LAS,WAS,2023,102230022341,2390,validated,,0,matched,playbyplayv2,1611661322,203406|204324|1628317|1628886|1628922,complete,playbyplay_inferred,203399|203403|204333|1628278|1628279,complete,playbyplay_inferred
Shot Chart Detail,1022300223,62,204324,Dearica Hamby,1611661320,Los Angeles Sparks,1,4,46,Made Shot,Jump Shot,3PT Field Goal,Above the Break 3,Right Side Center(RC),24+ ft.,23,168,170,1,1,20230903,LAS,WAS,2023,102230022362,3140,validated,1628886,1,matched,playbyplayv2,1611661322,203406|204324|1628317|1628886|1628922,complete,playbyplay_inferred,203403|204333|1628279|1628899|1641642,complete,playbyplay_inferred
Shot Chart Detail,1022300223,114,204324,Dearica Hamby,1611661320,Los Angeles Sparks,1,4,22,Missed Shot,Layup Shot,2PT Field Goal,In The Paint (Non-RA),Center(C),Less Than 8 ft.,4,-37,17,1,0,20230903,LAS,WAS,2023,1022300223114,3380,validated,,0,matched,playbyplayv2,1611661322,203406|204324|1628317|1628886|1628922,complete,playbyplay_inferred,203403|204333|1628279|1628899|1641642,complete,playbyplay_inferred
Shot Chart Detail,1022300223,78,204324,Dearica Hamby,1611661320,Los Angeles Sparks,1,3,6,Made Shot,Running Layup Shot,2PT Field Goal,Restricted Area,Center(C),Less Than 8 ft.,1,-15,2,1,1,20230903,LAS,WAS,2023,102230022378,4140,validated,1628317,1,matched,playbyplayv2,1611661322,203406|204324|1628317|1628886|1628922,complete,playbyplay_inferred,203403|204333|1628279|1628899|1641642,complete,playbyplay_inferred
Shot Chart Detail,1022300223,101,204324,Dearica Hamby,1611661320,Los Angeles Sparks,1,1,18,Missed Shot,Cutting Layup Shot,2PT Field Goal,Restricted Area,Center(C),Less Than 8 ft.,2,-2,26,1,0,20230903,LAS,WAS,2023,1022300223101,5220,validated,,0,matched,playbyplayv2,1611661322,204324|1628317|1628886|1630996|1641660,complete,playbyplay_inferred,201911|203399|204333|1631031|1641642,complete,playbyplay_inferred
Shot Chart Detail,1022300223,201,204324,Dearica Hamby,1611661320,Los Angeles Sparks,2,4,26,Made Shot,Layup Shot,2PT Field Goal,Restricted Area,Center(C),Less Than 8 ft.,3,22,33,1,1,20230903,LAS,WAS,2023,1022300223201,9340,validated,,0,matched,playbyplayv2,1611661322,202662|203406|204324|1628886|1628922,complete,playbyplay_inferred,203403|204333|1628278|1628279|1628899,complete,playbyplay_inferred
Shot Chart Detail,1022300223,205,204324,Dearica Hamby,1611661320,Los Angeles Sparks,2,3,42,Missed Shot,Reverse Layup Shot,2PT Field Goal,Restricted Area,Center(C),Less Than 8 ft.,2,-22,6,1,0,20230903,LAS,WAS,2023,1022300223205,9780,validated,,0,matched,playbyplayv2,1611661322,202662|203406|204324|1628886|1628922,complete,playbyplay_inferred,203403|204333|1628278|1628279|1628899,complete,playbyplay_inferred
Shot Chart Detail,1022300223,287,204324,Dearica Hamby,1611661320,Los Angeles Sparks,3,7,54,Made Shot,Cutting Layup Shot,2PT Field Goal,In The Paint (Non-RA),Center(C),Less Than 8 ft.,4,-38,25,1,1,20230903,LAS,WAS,2023,1022300223287,13260,validated,1628922,1,matched,playbyplayv2,1611661322,203406|204324|1628317|1628886|1628922,complete,playbyplay_inferred,203399|203403|204333|1628278|1628279,complete,playbyplay_inferred
Shot Chart Detail,1022300223,301,204324,Dearica Hamby,1611661320,Los Angeles Sparks,3,6,16,Missed Shot,Jump Shot,3PT Field Goal,Above the Break 3,Right Side Center(RC),16-24 ft.,23,133,196,1,0,20230903,LAS,WAS,2023,1022300223301,14240,validated,,0,matched,playbyplayv2,1611661322,203406|204324|1628317|1628886|1628922,complete,playbyplay_inferred,203399|203403|204333|1628278|1628279,complete,playbyplay_inferred
Shot Chart Detail,1022300223,477,204324,Dearica Hamby,1611661320,Los Angeles Sparks,4,2,19,Missed Shot,Jump Shot,3PT Field Goal,Above the Break 3,Center(C),24+ ft.,24,11,249,1,0,20230903,LAS,WAS,2023,1022300223477,22610,validated,,0,matched,playbyplayv2,1611661322,203406|204324|1628317|1628886|1628922,complete,playbyplay_inferred,203399|204333|1628279|1628899|1641642,complete,playbyplay_inferred
Shot Chart Detail,1022300224,42,204324,Dearica Hamby,1611661320,Los Angeles Sparks,1,6,6,Missed Shot,Cutting Layup Shot,2PT Field Goal,In The Paint (Non-RA),Right Side(R),8-16 ft.,12,70,98,1,0,20230905,CON,LAS,2023,102230022442,2340,validated,,0,matched,playbyplayv2,1611661323,203406|204324|1628886|1628922|1630996,complete,playbyplay_inferred,201886|203026|203826|204296|1629567,complete,playbyplay_inferred
Shot Chart Detail,1022300224,80,204324,Dearica Hamby,1611661320,Los Angeles Sparks,1,3,3,Missed Shot,Driving Layup Shot,2PT Field Goal,Restricted Area,Center(C),Less Than 8 ft.,2,23,12,1,0,20230905,CON,LAS,2023,102230022480,4170,validated,,0,matched,playbyplayv2,1611661323,204324|1628886|1628922|1631091|1641660,complete,playbyplay_inferred,201886|203026|203826|1630112|1631135,complete,playbyplay_inferred
Shot Chart Detail,1022300224,82,204324,Dearica Hamby,1611661320,Los Angeles Sparks,1,3,1,Missed Shot,Putback Layup Shot,2PT Field Goal,Restricted Area,Center(C),Less Than 8 ft.,2,-13,25,1,0,20230905,CON,LAS,2023,102230022482,4190,validated,,0,matched,playbyplayv2,1611661323,204324|1628886|1628922|1631091|1641660,complete,playbyplay_inferred,201886|203026|203826|1630112|1631135,complete,playbyplay_inferred
Shot Chart Detail,1022300224,137,204324,Dearica Hamby,1611661320,Los Angeles Sparks,2,9,23,Missed Shot,Layup Shot,2PT Field Goal,Restricted Area,Center(C),Less Than 8 ft.,2,16,23,1,0,20230905,CON,LAS,2023,1022300224137,6370,validated,,0,matched,playbyplayv2,1611661323,203406|204324|1628886|1630996|1641660,complete,playbyplay_inferred,201886|204296|1629567|1630112|1631135,complete,playbyplay_inferred
Shot Chart Detail,1022300224,139,204324,Dearica Hamby,1611661320,Los Angeles Sparks,2,9,22,Made Shot,Putback Layup Shot,2PT Field Goal,Restricted Area,Center(C),Less Than 8 ft.,0,0,-6,1,1,20230905,CON,LAS,2023,1022300224139,6380,validated,,0,matched,playbyplayv2,1611661323,203406|204324|1628886|1630996|1641660,complete,playbyplay_inferred,201886|204296|1629567|1630112|1631135,complete,playbyplay_inferred
Shot Chart Detail,1022300224,155,204324,Dearica Hamby,1611661320,Los Angeles Sparks,2,8,1,Made Shot,Jump Shot,2PT Field Goal,Mid-Range,Left Side(L),8-16 ft.,14,-145,16,1,1,20230905,CON,LAS,2023,1022300224155,7190,validated,1630996,1,matched,playbyplayv2,1611661323,202662|203406|204324|1630996|1641660,complete,playbyplay_inferred,201886|204296|1629567|1630112|1631135,complete,playbyplay_inferred
Shot Chart Detail,1022300224,172,204324,Dearica Hamby,1611661320,Los Angeles Sparks,2,6,54,Missed Shot,Layup Shot,2PT Field Goal,In The Paint (Non-RA),Center(C),Less Than 8 ft.,6,-33,52,1,0,20230905,CON,LAS,2023,1022300224172,7860,validated,,0,matched,playbyplayv2,1611661323,202662|203406|204324|1630996|1641660,complete,playbyplay_inferred,201886|203026|203826|204296|1629567,complete,playbyplay_inferred
Shot Chart Detail,1022300224,194,204324,Dearica Hamby,1611661320,Los Angeles Sparks,2,5,10,Missed Shot,Jump Shot,3PT Field Goal,Above the Break 3,Right Side Center(RC),24+ ft.,25,124,222,1,0,20230905,CON,LAS,2023,1022300224194,8900,validated,,0,matched,playbyplayv2,1611661323,202662|203406|204324|1628922|1630996,complete,playbyplay_inferred,201886|203026|203826|204296|1630112,complete,playbyplay_inferred
Shot Chart Detail,1022300224,260,204324,Dearica Hamby,1611661320,Los Angeles Sparks,2,1,2,Made Shot,Driving Layup Shot,2PT Field Goal,Restricted Area,Center(C),Less Than 8 ft.,3,-11,37,1,1,20230905,CON,LAS,2023,1022300224260,11380,validated,1641660,1,matched,playbyplayv2,1611661323,203406|204324|1628886|1628922|1641660,complete,playbyplay_inferred,201886|203826|1629567|1630112|1631135,complete,playbyplay_inferred
Shot Chart Detail,1022300224,379,204324,Dearica Hamby,1611661320,Los Angeles Sparks,3,1,38,Made Shot,Driving Layup Shot,2PT Field Goal,In The Paint (Non-RA),Center(C),Less Than 8 ft.,5,-13,50,1,1,20230905,CON,LAS,2023,1022300224379,17020,validated,1628886,1,matched,playbyplayv2,1611661323,203406|204324|1628886|1628922|1630996,complete,playbyplay_inferred,201886|203826|204296|1630112|1631135,complete,playbyplay_inferred
Shot Chart Detail,1022300224,425,204324,Dearica Hamby,1611661320,Los Angeles Sparks,4,8,28,Made Shot,Putback Layup Shot,2PT Field Goal,Restricted Area,Center(C),Less Than 8 ft.,2,5,27,1,1,20230905,CON,LAS,2023,1022300224425,18920,validated,,0,matched,playbyplayv2,1611661323,203406|204324|1628886|1630996|1631091,complete,playbyplay_inferred,203026|203826|204296|1629567|1631135,complete,playbyplay_inferred
Shot Chart Detail,1022300224,478,204324,Dearica Hamby,1611661320,Los Angeles Sparks,4,3,31,Made Shot,Cutting Layup Shot,2PT Field Goal,Restricted Area,Center(C),Less Than 8 ft.,3,-23,28,1,1,20230905,CON,LAS,2023,1022300224478,21890,validated,1628922,1,matched,playbyplayv2,1611661323,204324|1628886|1628922|1630996|1641660,complete,playbyplay_inferred,201886|203026|203826|1629567|1630112,complete,playbyplay_inferred
Shot Chart Detail,1022300224,502,204324,Dearica Hamby,1611661320,Los Angeles Sparks,4,1,11,Missed Shot,Jump Shot,3PT Field Goal,Above the Break 3,Right Side Center(RC),24+ ft.,24,140,205,1,0,20230905,CON,LAS,2023,1022300224502,23290,validated,,0,matched,playbyplayv2,1611661323,204324|1628886|1628922|1630996|1641660,complete,playbyplay_inferred,201886|203026|203826|1629567|1630112,complete,playbyplay_inferred
Shot Chart Detail,1022300224,527,204324,Dearica Hamby,1611661320,Los Angeles Sparks,4,0,7,Missed Shot,Layup Shot,2PT Field Goal,Restricted Area,Center(C),Less Than 8 ft.,3,-18,31,1,0,20230905,CON,LAS,2023,1022300224527,23930,validated,,0,matched,playbyplayv2,1611661323,204324|1628886|1628922|1630996|1641660,complete,playbyplay_inferred,203026|1629567|1630112|1631135|1641665,complete,playbyplay_inferred
Shot Chart Detail,1022300229,39,204324,Dearica Hamby,1611661320,Los Angeles Sparks,1,6,46,Missed Shot,Turnaround Jump Shot,2PT Field Goal,In The Paint (Non-RA),Center(C),Less Than 8 ft.,4,-41,22,1,0,20230907,NYL,LAS,2023,102230022939,1940,validated,,0,matched,playbyplayv2,1611661313,203406|204324|1628886|1628922|1630996,complete,playbyplay_inferred,202664|204335|1627668|1627673|1629477,complete,playbyplay_inferred
Shot Chart Detail,1022300229,71,204324,Dearica Hamby,1611661320,Los Angeles Sparks,1,4,3,Made Shot,Cutting Layup Shot,2PT Field Goal,Restricted Area,Center(C),Less Than 8 ft.,3,33,6,1,1,20230907,NYL,LAS,2023,102230022971,3570,validated,1641660,1,matched,playbyplayv2,1611661313,203406|204324|1628886|1628922|1641660,complete,playbyplay_inferred,202664|203866|204335|1627668|1629477,complete,playbyplay_inferred
Shot Chart Detail,1022300229,77,204324,Dearica Hamby,1611661320,Los Angeles Sparks,1,3,31,Made Shot,Putback Layup Shot,2PT Field Goal,Restricted Area,Center(C),Less Than 8 ft.,2,-15,18,1,1,20230907,NYL,LAS,2023,102230022977,3890,validated,,0,matched,playbyplayv2,1611661313,203406|204324|1628886|1628922|1641660,complete,playbyplay_inferred,202664|203866|204335|1627668|1629477,complete,playbyplay_inferred
Shot Chart Detail,1022300229,184,204324,Dearica Hamby,1611661320,Los Angeles Sparks,2,6,51,Made Shot,Jump Shot,3PT Field Goal,Above the Break 3,Center(C),24+ ft.,26,10,264,1,1,20230907,NYL,LAS,2023,1022300229184,7890,validated,202662,1,matched,playbyplayv2,1611661313,202662|203406|204324|1628922|1630996,complete,playbyplay_inferred,202664|204335|1627668|1627673|1629477,complete,playbyplay_inferred
Shot Chart Detail,1022300229,205,204324,Dearica Hamby,1611661320,Los Angeles Sparks,2,4,55,Made Shot,Layup Shot,2PT Field Goal,Restricted Area,Center(C),Less Than 8 ft.,2,-22,15,1,1,20230907,NYL,LAS,2023,1022300229205,9050,validated,203406,1,matched,playbyplayv2,1611661313,203406|204324|1628886|1628922|1630996,complete,playbyplay_inferred,202664|204335|1627668|1627673|1629546,complete,playbyplay_inferred
Shot Chart Detail,1022300229,308,204324,Dearica Hamby,1611661320,Los Angeles Sparks,3,5,37,Missed Shot,Driving Layup Shot,2PT Field Goal,Restricted Area,Center(C),Less Than 8 ft.,3,24,19,1,0,20230907,NYL,LAS,2023,1022300229308,14630,validated,,0,matched,playbyplayv2,1611661313,203406|204324|1628886|1628922|1630996,complete,playbyplay_inferred,202664|204335|1627668|1627673|1629477,complete,playbyplay_inferred
Shot Chart Detail,1022300229,369,204324,Dearica Hamby,1611661320,Los Angeles Sparks,3,0,14,Missed Shot,Layup Shot,2PT Field Goal,Restricted Area,Center(C),Less Than 8 ft.,3,19,27,1,0,20230907,NYL,LAS,2023,1022300229369,17860,validated,,0,matched,playbyplayv2,1611661313,202662|203406|204324|1628922|1630996,complete,playbyplay_inferred,203828|203866|204335|1627668|1629477,complete,playbyplay_inferred
Shot Chart Detail,1022300229,416,204324,Dearica Hamby,1611661320,Los Angeles Sparks,4,6,56,Missed Shot,Jump Shot,3PT Field Goal,Above the Break 3,Right Side(R),16-24 ft.,23,200,117,1,0,20230907,NYL,LAS,2023,1022300229416,19840,validated,,0,matched,playbyplayv2,1611661313,203406|204324|1628886|1628922|1630996,complete,playbyplay_inferred,202664|203828|203866|1627668|1629546,complete,playbyplay_inferred
Shot Chart Detail,1022300240,65,204324,Dearica Hamby,1611661320,Los Angeles Sparks,1,5,3,Missed Shot,Cutting Layup Shot,2PT Field Goal,In The Paint (Non-RA),Center(C),Less Than 8 ft.,4,-37,27,1,0,20230910,SEA,LAS,2023,102230024065,2970,validated,,0,matched,playbyplayv2,1611661328,203014|203406|204324|1628886|1641660,complete,playbyplay_inferred,204319|1628244|1628920|1629496|1641651,complete,playbyplay_inferred
Shot Chart Detail,1022300240,124,204324,Dearica Hamby,1611661320,Los Angeles Sparks,1,0,45,Missed Shot,Turnaround Jump Shot,2PT Field Goal,Restricted Area,Center(C),Less Than 8 ft.,2,-27,3,1,0,20230910,SEA,LAS,2023,1022300240124,5550,validated,,0,matched,playbyplayv2,1611661328,202662|204324|1628922|1631091|1641660,complete,playbyplay_inferred,204319|1628244|1628915|1629496|1630115,complete,playbyplay_inferred
Shot Chart Detail,1022300240,130,204324,Dearica Hamby,1611661320,Los Angeles Sparks,1,0,28,Missed Shot,Tip Layup Shot,2PT Field Goal,Restricted Area,Center(C),Less Than 8 ft.,0,0,-6,1,0,20230910,SEA,LAS,2023,1022300240130,5720,validated,,0,matched,playbyplayv2,1611661328,202662|204324|1628922|1631091|1641660,complete,playbyplay_inferred,204319|1628244|1628915|1629496|1630115,complete,playbyplay_inferred
Shot Chart Detail,1022300240,132,204324,Dearica Hamby,1611661320,Los Angeles Sparks,1,0,27,Made Shot,Putback Layup Shot,2PT Field Goal,Restricted Area,Center(C),Less Than 8 ft.,2,-13,17,1,1,20230910,SEA,LAS,2023,1022300240132,5730,validated,,0,matched,playbyplayv2,1611661328,202662|204324|1628922|1631091|1641660,complete,playbyplay_inferred,204319|1628244|1628915|1629496|1630115,complete,playbyplay_inferred
Shot Chart Detail,1022300240,200,204324,Dearica Hamby,1611661320,Los Angeles Sparks,2,5,56,Made Shot,Putback Layup Shot,2PT Field Goal,Restricted Area,Center(C),Less Than 8 ft.,1,12,11,1,1,20230910,SEA,LAS,2023,1022300240200,8440,validated,,0,matched,playbyplayv2,1611661328,203014|203406|204324|1628886|1630996,complete,playbyplay_inferred,203389|204319|1628915|1629496|1630115,complete,playbyplay_inferred
Shot Chart Detail,1022300240,203,204324,Dearica Hamby,1611661320,Los Angeles Sparks,2,5,29,Made Shot,Driving Layup Shot,2PT Field Goal,Restricted Area,Center(C),Less Than 8 ft.,3,27,18,1,1,20230910,SEA,LAS,2023,1022300240203,8710,validated,,0,matched,playbyplayv2,1611661328,203014|203406|204324|1628886|1630996,complete,playbyplay_inferred,203389|204319|1628915|1629496|1630115,complete,playbyplay_inferred
Shot Chart Detail,1022300240,259,204324,Dearica Hamby,1611661320,Los Angeles Sparks,2,1,1,Missed Shot,Jump Shot,3PT Field Goal,Above the Break 3,Right Side Center(RC),24+ ft.,24,101,218,1,0,20230910,SEA,LAS,2023,1022300240259,11390,validated,,0,matched,playbyplayv2,1611661328,203014|203406|204324|1628886|1630996,complete,playbyplay_inferred,204319|1628244|1628915|1628920|1629496,complete,playbyplay_inferred
Shot Chart Detail,1022300240,463,204324,Dearica Hamby,1611661320,Los Angeles Sparks,4,7,59,Missed Shot,Turnaround Hook Shot,2PT Field Goal,In The Paint (Non-RA),Center(C),8-16 ft.,8,3,86,1,0,20230910,SEA,LAS,2023,1022300240463,19210,validated,,0,matched,playbyplayv2,1611661328,202662|203406|204324|1628922|1641660,complete,playbyplay_inferred,204319|1628915|1628920|1629496|1641651,complete,playbyplay_inferred
Shot Chart Detail,1022300240,469,204324,Dearica Hamby,1611661320,Los Angeles Sparks,4,7,30,Missed Shot,Layup Shot,2PT Field Goal,In The Paint (Non-RA),Center(C),Less Than 8 ft.,5,39,43,1,0,20230910,SEA,LAS,2023,1022300240469,19500,validated,,0,matched,playbyplayv2,1611661328,202662|203406|204324|1628922|1641660,complete,playbyplay_inferred,204319|1628915|1628920|1629496|1641651,complete,playbyplay_inferred
