GRID_TYPE,GAME_ID,GAME_EVENT_ID,PLAYER_ID,PLAYER_NAME,TEAM_ID,TEAM_NAME,PERIOD,MINUTES_REMAINING,SECONDS_REMAINING,EVENT_TYPE,ACTION_TYPE,SHOT_TYPE,SHOT_ZONE_BASIC,SHOT_ZONE_AREA,SHOT_ZONE_RANGE,SHOT_DISTANCE,LOC_X,LOC_Y,SHOT_ATTEMPTED_FLAG,SHOT_MADE_FLAG,GAME_DATE,HTM,VTM,SEASON,SHOT_ID,time,SHOT_DATA_STATUS,ASSIST_ID,assisted,ASSIST_STATUS,PBP_SOURCE,OPP_TEAM_ID,PLAYERS_ON,LINEUP_STATUS,LINEUP_SOURCE,OPP_PLAYERS_ON,OPP_LINEUP_STATUS,OPP_LINEUP_SOURCE
Shot Chart Detail,1022400001,76,1628899,Myisha Hines-Allen,1611661322,Washington Mystics,1,3,58,Missed Shot,Layup Shot,2PT Field Goal,In The Paint (Non-RA),Center(C),Less Than 8 ft.,5,51,-14,1,0,20240514,WAS,NYL,2024,102240000176,3620,validated,,0,matched,playbyplayv2,1611661313,203828|1628279|1628317|1628899|1642210,complete,playbyplay_inferred,203866|204335|1627673|1629477|1631055,complete,playbyplay_inferred
Shot Chart Detail,1022400001,80,1628899,Myisha Hines-Allen,1611661322,Washington Mystics,1,3,50,Missed Shot,Cutting Layup Shot,2PT Field Goal,Restricted Area,Center(C),Less Than 8 ft.,0,0,2,1,0,20240514,WAS,NYL,2024,102240000180,3700,validated,,0,matched,playbyplayv2,1611661313,203828|1628279|1628317|1628899|1642210,complete,playbyplay_inferred,203866|204335|1627673|1629477|1631055,complete,playbyplay_inferred
Shot Chart Detail,1022400001,84,1628899,Myisha Hines-Allen,1611661322,Washington Mystics,1,3,28,Missed Shot,Jump Shot,3PT Field Goal,Above the Break 3,Right Side Center(RC),24+ ft.,23,93,220,1,0,20240514,WAS,NYL,2024,102240000184,3920,validated,,0,matched,playbyplayv2,1611661313,203828|1628279|1628317|1628899|1642210,complete,playbyplay_inferred,203866|204335|1627673|1629477|1631055,complete,playbyplay_inferred
Shot Chart Detail,1022400001,113,1628899,Myisha Hines-Allen,1611661322,Washington Mystics,1,1,33,Made Shot,Jump Shot,3PT Field Goal,Above the Break 3,Center(C),16-24 ft.,23,51,231,1,1,20240514,WAS,NYL,2024,1022400001113,5070,validated,1642210,1,matched,playbyplayv2,1611661313,1628278|1628878|1628899|1642210|1642290,complete,playbyplay_inferred,203866|1627673|1629477|1630142|1631055,complete,playbyplay_inferred
Shot Chart Detail,1022400001,219,1628899,Myisha Hines-Allen,1611661322,Washington Mystics,2,5,12,Made Shot,Layup Shot,2PT Field Goal,Restricted Area,Center(C),Less Than 8 ft.,2,-22,-5,1,1,20240514,WAS,NYL,2024,1022400001219,8880,validated,1628279,1,matched,playbyplayv2,1611661313,203828|1628278|1628279|1628878|1628899,complete,playbyplay_inferred,204335|1627668|1627673|1629477|1641602,complete,playbyplay_inferred
Shot Chart Detail,1022400001,515,1628899,Myisha Hines-Allen,1611661322,Washington Mystics,4,5,5,Missed Shot,Jump Shot,3PT Field Goal,Above the Break 3,Left Side Center(LC),24+ ft.,26,-183,185,1,0,20240514,WAS,NYL,2024,1022400001515,20950,validated,,0,matched,playbyplayv2,1611661313,203828|1628279|1628317|1628878|1628899,complete,playbyplay_inferred,202664|204335|1627668|1627673|1629477,complete,playbyplay_inferred
Shot Chart Detail,1022400008,57,1628899,Myisha Hines-Allen,1611661322,Washington Mystics,1,5,9,Made Shot,Jump Shot,3PT Field Goal,Above the Break 3,Right Side(R),24+ ft.,23,232,28,1,1,20240517,CON,WAS,2024,102240000857,2910,validated,1628317,1,matched,playbyplayv2,1611661323,203828|1628279|1628317|1628878|1628899,complete,playbyplay_inferred,201886|203826|1627671|1630096|1631135,complete,playbyplay_inferred
Shot Chart Detail,1022400008,67,1628899,Myisha Hines-Allen,1611661322,Washington Mystics,1,4,30,Missed Shot,Jump Shot,2PT Field Goal,Mid-Range,Right Side(R),16-24 ft.,16,159,18,1,0,20240517,CON,WAS,2024,102240000867,3300,validated,,0,matched,playbyplayv2,1611661323,203828|1628279|1628317|1628878|1628899,complete,playbyplay_inferred,201886|203826|1627671|1630096|1631135,complete,playbyplay_inferred
Shot Chart Detail,1022400008,348,1628899,Myisha Hines-Allen,1611661322,Washington Mystics,3,5,42,Missed Shot,Jump Shot,3PT Field Goal,Above the Break 3,Left Side Center(LC),24+ ft.,24,-160,183,1,0,20240517,CON,WAS,2024,1022400008348,14580,validated,,0,matched,playbyplayv2,1611661323,203828|1628317|1628878|1628899|1642210,complete,playbyplay_inferred,201886|203826|1627669|1628280|1630096,complete,playbyplay_inferred
Shot Chart Detail,1022400008,532,1628899,Myisha Hines-Allen,1611661322,Washington Mystics,4,2,55,Made Shot,Cutting Layup Shot,2PT Field Goal,Restricted Area,Center(C),Less Than 8 ft.,2,26,8,1,1,20240517,CON,WAS,2024,1022400008532,22250,validated,1628878,1,matched,playbyplayv2,1611661323,203828|1628317|1628878|1628899|1642210,complete,playbyplay_inferred,201886|203826|1630096|1630112|1631135,complete,playbyplay_inferred
Shot Chart Detail,1022400014,125,1628899,Myisha Hines-Allen,1611661322,Washington Mystics,1,1,7,Missed Shot,Driving Layup Shot,2PT Field Goal,In The Paint (Non-RA),Center(C),Less Than 8 ft.,4,21,41,1,0,20240519,WAS,SEA,2024,1022400014125,5330,validated,,0,matched,playbyplayv2,1611661328,203828|1628278|1628317|1628878|1628899,complete,playbyplay_inferred,203400|1628244|1629496|1641651|1641675,complete,playbyplay_inferred
Shot Chart Detail,1022400014,297,1628899,Myisha Hines-Allen,1611661322,Washington Mystics,2,0,0,Missed Shot,Jump Shot,3PT Field Goal,Above the Break 3,Right Side Center(RC),24+ ft.,24,162,179,1,0,20240519,WAS,SEA,2024,1022400014297,12000,validated,,0,matched,playbyplayv2,1611661328,1628278|1628317|1628899|1630459|1642290,complete,playbyplay_inferred,203400|204319|1629496|1641651|1641675,complete,playbyplay_inferred
Shot Chart Detail,1022400014,493,1628899,Myisha Hines-Allen,1611661322,Washington Mystics,4,8,7,Made Shot,Jump Shot,2PT Field Goal,Restricted Area,Center(C),Less Than 8 ft.,3,-28,26,1,1,20240519,WAS,SEA,2024,1022400014493,19130,validated,1642210,1,matched,playbyplayv2,1611661328,203828|1628278|1628899|1630459|1642210,complete,playbyplay_inferred,203400|204319|1628920|1628927|1629496,complete,playbyplay_inferred
Shot Chart Detail,1022400019,95,1628899,Myisha Hines-Allen,1611661322,Washington Mystics,1,1,18,Made Shot,Cutting Layup Shot,2PT Field Goal,Restricted Area,Center(C),Less Than 8 ft.,1,-19,4,1,1,20240521,LAS,WAS,2024,102240001995,5220,validated,1642210,1,matched,playbyplayv2,1611661320,1628278|1628317|1628899|1642210|1642290,complete,playbyplay_inferred,203406|203855|204324|1628882|1642288,complete,playbyplay_inferred
Shot Chart Detail,1022400019,353,1628899,Myisha Hines-Allen,1611661322,Washington Mystics,3,2,56,Missed Shot,Jump Shot,2PT Field Goal,Mid-Range,Left Side Center(LC),16-24 ft.,18,-73,169,1,0,20240521,LAS,WAS,2024,1022400019353,16240,validated,,0,matched,playbyplayv2,1611661320,1628278|1628317|1628899|1642210|1642290,complete,playbyplay_inferred,204324|1628882|1628915|1642287|1642288,complete,playbyplay_inferred
Shot Chart Detail,1022400023,159,1628899,Myisha Hines-Allen,1611661322,Washington Mystics,2,9,46,Made Shot,Driving Layup Shot,2PT Field Goal,Restricted Area,Center(C),Less Than 8 ft.,2,-13,21,1,1,20240523,PHO,WAS,2024,1022400023159,6140,validated,1630459,1,matched,playbyplayv2,1611661317,1628278|1628878|1628899|1630459|1631022,complete,playbyplay_inferred,100940|204296|1629482|1630114|1630134,complete,playbyplay_inferred
Shot Chart Detail,1022400023,393,1628899,Myisha Hines-Allen,1611661322,Washington Mystics,3,4,23,Missed Shot,Jump Shot,3PT Field Goal,Above the Break 3,Right Side Center(RC),24+ ft.,25,143,206,1,0,20240523,PHO,WAS,2024,1022400023393,15370,validated,,0,matched,playbyplayv2,1611661317,1628317|1628878|1628899|1642210|1642290,complete,playbyplay_inferred,100940|204333|1627674|1629482|1641700,complete,playbyplay_inferred
Shot Chart Detail,1022400023,439,1628899,Myisha Hines-Allen,1611661322,Washington Mystics,3,1,16,Missed Shot,Jump Shot,3PT Field Goal,Above the Break 3,Center(C),24+ ft.,25,50,250,1,0,20240523,PHO,WAS,2024,1022400023439,17240,validated,,0,matched,playbyplayv2,1611661317,1628278|1628317|1628899|1631141|1642290,complete,playbyplay_inferred,204333|1627674|1629482|1629571|1641700,complete,playbyplay_inferred
Shot Chart Detail,1022400023,471,1628899,Myisha Hines-Allen,1611661322,Washington Mystics,4,9,25,Made Shot,Driving Layup Shot,2PT Field Goal,Restricted Area,Center(C),Less Than 8 ft.,2,5,22,1,1,20240523,PHO,WAS,2024,1022400023471,18350,validated,,0,matched,playbyplayv2,1611661317,1628278|1628317|1628899|1630459|1631141,complete,playbyplay_inferred,100940|204296|204333|1629482|1629571,complete,playbyplay_inferred
Shot Chart Detail,1022400023,480,1628899,Myisha Hines-Allen,1611661322,Washington Mystics,4,8,10,Made Shot,Turnaround Hook Shot,2PT Field Goal,Restricted Area,Center(C),Less Than 8 ft.,3,24,28,1,1,20240523,PHO,WAS,2024,1022400023480,19100,validated,1628317,1,matched,playbyplayv2,1611661317,1628278|1628317|1628899|1630459|1631141,complete,playbyplay_inferred,100940|204296|204333|1629482|1629571,complete,playbyplay_inferred
Shot Chart Detail,1022400028,72,1628899,Myisha Hines-Allen,1611661322,Washington Mystics,1,4,3,Missed Shot,Step Back Jump shot,2PT Field Goal,In The Paint (Non-RA),Left Side(L),8-16 ft.,9,-56,76,1,0,20240525,SEA,WAS,2024,102240002872,3570,validated,,0,matched,playbyplayv2,1611661328,1628317|1628878|1628899|1642210|1642290,complete,playbyplay_inferred,203400|204319|1628920|1629496|1641651,complete,playbyplay_inferred
Shot Chart Detail,1022400028,86,1628899,Myisha Hines-Allen,1611661322,Washington Mystics,1,2,38,Missed Shot,Driving Layup Shot,2PT Field Goal,In The Paint (Non-RA),Center(C),Less Than 8 ft.,4,41,3,1,0,20240525,SEA,WAS,2024,102240002886,4420,validated,,0,matched,playbyplayv2,1611661328,1628278|1628317|1628899|1642210|1642290,complete,playbyplay_inferred,204319|1628920|1629496|1630461|1641651,complete,playbyplay_inferred
Shot Chart Detail,1022400028,385,1628899,Myisha Hines-Allen,1611661322,Washington Mystics,3,4,3,Missed Shot,Pullup Jump shot,2PT Field Goal,Mid-Range,Center(C),16-24 ft.,16,0,161,1,0,20240525,SEA,WAS,2024,1022400028385,15570,validated,,0,matched,playbyplayv2,1611661328,203828|1628278|1628317|1628899|1631141,complete,playbyplay_inferred,203014|204319|1628244|1629496|1641651,complete,playbyplay_inferred
Shot Chart Detail,1022400036,79,1628899,Myisha Hines-Allen,1611661322,Washington Mystics,1,4,29,Made Shot,Turnaround Jump Shot,2PT Field Goal,Restricted Area,Center(C),Less Than 8 ft.,1,10,11,1,1,20240529,WAS,ATL,2024,102240003679,3310,validated,1642210,1,matched,playbyplayv2,1611661330,1628278|1628317|1628899|1642210|1642290,complete,playbyplay_inferred,202250|1628277|1631009|1631044|1641650,complete,playbyplay_inferred
Shot Chart Detail,1022400036,90,1628899,Myisha Hines-Allen,1611661322,Washington Mystics,1,3,46,Missed Shot,Jump Shot,3PT Field Goal,Right Corner 3,Right Side(R),24+ ft.,24,243,-25,1,0,20240529,WAS,ATL,2024,102240003690,3740,validated,,0,matched,playbyplayv2,1611661330,1628278|1628317|1628899|1642210|1642290,complete,playbyplay_inferred,204323|1628277|1630101|1631009|1631044,complete,playbyplay_inferred
Shot Chart Detail,1022400036,92,1628899,Myisha Hines-Allen,1611661322,Washington Mystics,1,3,34,Made Shot,Cutting Layup Shot,2PT Field Goal,Restricted Area,Center(C),Less Than 8 ft.,2,24,0,1,1,20240529,WAS,ATL,2024,102240003692,3860,validated,1642210,1,matched,playbyplayv2,1611661330,1628278|1628317|1628899|1642210|1642290,complete,playbyplay_inferred,204323|1628277|1630101|1631009|1631044,complete,playbyplay_inferred
Shot Chart Detail,1022400036,127,1628899,Myisha Hines-Allen,1611661322,Washington Mystics,1,1,45,Made Shot,Running Layup Shot,2PT Field Goal,Restricted Area,Center(C),Less Than 8 ft.,1,-18,1,1,1,20240529,WAS,ATL,2024,1022400036127,4950,validated,1628878,1,matched,playbyplayv2,1611661330,1628278|1628878|1628899|1631141|1642290,complete,playbyplay_inferred,204323|1627672|1628269|1630101|1631044,complete,playbyplay_inferred
Shot Chart Detail,1022400036,143,1628899,Myisha Hines-Allen,1611661322,Washington Mystics,1,0,49,Missed Shot,Running Layup Shot,2PT Field Goal,In The Paint (Non-RA),Center(C),Less Than 8 ft.,7,67,23,1,0,20240529,WAS,ATL,2024,1022400036143,5510,validated,,0,matched,playbyplayv2,1611661330,1628278|1628878|1628899|1631022|1631141,complete,playbyplay_inferred,202250|204323|1627672|1628269|1630101,complete,playbyplay_inferred
Shot Chart Detail,1022400036,291,1628899,Myisha Hines-Allen,1611661322,Washington Mystics,2,0,3,Missed Shot,Floating Jump shot,2PT Field Goal,In The Paint (Non-RA),Center(C),Less Than 8 ft.,5,-23,45,1,0,20240529,WAS,ATL,2024,1022400036291,11970,validated,,0,matched,playbyplayv2,1611661330,1628317|1628878|1628899|1631022|1642210,complete,playbyplay_inferred,202250|204323|1628277|1630101|1631009,complete,playbyplay_inferred
Shot Chart Detail,1022400036,383,1628899,Myisha Hines-Allen,1611661322,Washington Mystics,3,3,7,Missed Shot,Layup Shot,2PT Field Goal,Restricted Area,Center(C),Less Than 8 ft.,3,-27,14,1,0,20240529,WAS,ATL,2024,1022400036383,16130,validated,,0,matched,playbyplayv2,1611661330,1628317|1628878|1628899|1631141|1642290,complete,playbyplay_inferred,202250|1627672|1628277|1631009|1631044,complete,playbyplay_inferred
Shot Chart Detail,1022400036,410,1628899,Myisha Hines-Allen,1611661322,Washington Mystics,3,1,16,Made Shot,Driving Layup Shot,2PT Field Goal,Restricted Area,Center(C),Less Than 8 ft.,0,7,2,1,1,20240529,WAS,ATL,2024,1022400036410,17240,validated,1628278,1,matched,playbyplayv2,1611661330,1628278|1628317|1628899|1631141|1642290,complete,playbyplay_inferred,1627672|1628269|1628277|1631009|1631044,complete,playbyplay_inferred
Shot Chart Detail,1022400042,106,1628899,Myisha Hines-Allen,1611661322,Washington Mystics,1,2,31,Missed Shot,Driving Layup Shot,2PT Field Goal,In The Paint (Non-RA),Center(C),Less Than 8 ft.,4,22,37,1,0,20240531,NYL,WAS,2024,1022400042106,4490,validated,,0,matched,playbyplayv2,1611661313,1628317|1628899|1630459|1631141|1642290,complete,playbyplay_inferred,204335|1627668|1629477|1630142|1631055,complete,playbyplay_inferred
Shot Chart Detail,1022400042,265,1628899,Myisha Hines-Allen,1611661322,Washington Mystics,2,3,43,Made Shot,Running Layup Shot,2PT Field Goal,Restricted Area,Center(C),Less Than 8 ft.,3,37,5,1,1,20240531,NYL,WAS,2024,1022400042265,9770,validated,1628878,1,matched,playbyplayv2,1611661313,1628317|1628878|1628899|1642210|1642290,complete,playbyplay_inferred,203866|204335|1627668|1629477|1631055,complete,playbyplay_inferred
Shot Chart Detail,1022400042,281,1628899,Myisha Hines-Allen,1611661322,Washington Mystics,2,2,55,Made Shot,Jump Shot,3PT Field Goal,Above the Break 3,Left Side Center(LC),24+ ft.,23,-138,195,1,1,20240531,NYL,WAS,2024,1022400042281,10250,validated,1628317,1,matched,playbyplayv2,1611661313,1628317|1628878|1628899|1642210|1642290,complete,playbyplay_inferred,204335|1627668|1627673|1629477|1630142,complete,playbyplay_inferred
Shot Chart Detail,1022400042,285,1628899,Myisha Hines-Allen,1611661322,Washington Mystics,2,2,21,Made Shot,Driving Layup Shot,2PT Field Goal,Restricted Area,Center(C),Less Than 8 ft.,2,-6,20,1,1,20240531,NYL,WAS,2024,1022400042285,10590,validated,1642210,1,matched,playbyplayv2,1611661313,1628317|1628878|1628899|1642210|1642290,complete,playbyplay_inferred,204335|1627668|1627673|1629477|1630142,complete,playbyplay_inferred
Shot Chart Detail,1022400042,396,1628899,Myisha Hines-Allen,1611661322,Washington Mystics,3,4,23,Made Shot,Cutting Layup Shot,2PT Field Goal,Restricted Area,Center(C),Less Than 8 ft.,3,35,11,1,1,20240531,NYL,WAS,2024,1022400042396,15370,validated,1628317,1,matched,playbyplayv2,1611661313,1628317|1628878|1628899|1642210|1642290,complete,playbyplay_inferred,203866|204335|1627668|1627673|1629477,complete,playbyplay_inferred
Shot Chart Detail,1022400042,443,1628899,Myisha Hines-Allen,1611661322,Washington Mystics,3,1,38,Missed Shot,Running Layup Shot,2PT Field Goal,In The Paint (Non-RA),Center(C),Less Than 8 ft.,4,34,23,1,0,20240531,NYL,WAS,2024,1022400042443,17020,validated,,0,matched,playbyplayv2,1611661313,1628278|1628317|1628899|1642210|1642290,complete,playbyplay_inferred,203866|1627673|1629477|1629568|1641602,complete,playbyplay_inferred
Shot Chart Detail,1022400042,522,1628899,Myisha Hines-Allen,1611661322,Washington Mystics,4,5,34,Missed Shot,Running Layup Shot,2PT Field Goal,Restricted Area,Center(C),Less Than 8 ft.,3,26,22,1,0,20240531,NYL,WAS,2024,1022400042522,20660,validated,,0,matched,playbyplayv2,1611661313,203828|1628278|1628878|1628899|1631141,complete,playbyplay_inferred,203866|204335|1627668|1627673|1629477,complete,playbyplay_inferred
Shot Chart Detail,1022400049,153,1628899,Myisha Hines-Allen,1611661322,Washington Mystics,2,7,26,Made Shot,Jump Shot,3PT Field Goal,Above the Break 3,Right Side Center(RC),24+ ft.,23,128,201,1,1,20240604,CON,WAS,2024,1022400049153,7540,validated,1631141,1,matched,playbyplayv2,1611661323,203828|1628278|1628317|1628899|1631141,complete,playbyplay_inferred,201886|1627676|1628280|1630096|1630112,complete,playbyplay_inferred
Shot Chart Detail,1022400049,363,1628899,Myisha Hines-Allen,1611661322,Washington Mystics,3,1,24,Missed Shot,Jump Shot,2PT Field Goal,Mid-Range,Right Side Center(RC),16-24 ft.,16,81,141,1,0,20240604,CON,WAS,2024,1022400049363,17160,validated,,0,matched,playbyplayv2,1611661323,203828|1628278|1628878|1628899|1631141,complete,playbyplay_inferred,203826|1627671|1627676|1630096|1631135,complete,playbyplay_inferred
Shot Chart Detail,1022400049,386,1628899,Myisha Hines-Allen,1611661322,Washington Mystics,3,0,1,Missed Shot,Jump Shot,3PT Field Goal,Above the Break 3,Right Side Center(RC),24+ ft.,24,167,176,1,0,20240604,CON,WAS,2024,1022400049386,17990,validated,,0,matched,playbyplayv2,1611661323,203828|1628278|1628878|1628899|1631141,complete,playbyplay_inferred,203826|1627671|1627676|1630096|1631135,complete,playbyplay_inferred
Shot Chart Detail,1022400049,398,1628899,Myisha Hines-Allen,1611661322,Washington Mystics,4,9,40,Made Shot,Layup Shot,2PT Field Goal,Restricted Area,Center(C),Less Than 8 ft.,3,18,25,1,1,20240604,CON,WAS,2024,1022400049398,18200,validated,1628278,1,matched,playbyplayv2,1611661323,203828|1628278|1628878|1628899|1631141,complete,playbyplay_inferred,201886|1627671|1628280|1630096|1630112,complete,playbyplay_inferred
Shot Chart Detail,1022400049,405,1628899,Myisha Hines-Allen,1611661322,Washington Mystics,4,9,2,Missed Shot,Turnaround Jump Shot,2PT Field Goal,Restricted Area,Center(C),Less Than 8 ft.,3,17,36,1,0,20240604,CON,WAS,2024,1022400049405,18580,validated,,0,matched,playbyplayv2,1611661323,203828|1628278|1628878|1628899|1631141,complete,playbyplay_inferred,201886|1627671|1628280|1630096|1630112,complete,playbyplay_inferred
Shot Chart Detail,1022400049,449,1628899,Myisha Hines-Allen,1611661322,Washington Mystics,4,5,51,Made Shot,Running Layup Shot,2PT Field Goal,In The Paint (Non-RA),Center(C),Less Than 8 ft.,4,-31,27,1,1,20240604,CON,WAS,2024,1022400049449,20490,validated,,0,matched,playbyplayv2,1611661323,203828|1628278|1628878|1628899|1631141,complete,playbyplay_inferred,201886|203826|1628280|1630096|1630112,complete,playbyplay_inferred
Shot Chart Detail,1022400049,483,1628899,Myisha Hines-Allen,1611661322,Washington Mystics,4,3,57,Made Shot,Layup Shot,2PT Field Goal,Restricted Area,Center(C),Less Than 8 ft.,1,3,11,1,1,20240604,CON,WAS,2024,1022400049483,21630,validated,,0,matched,playbyplayv2,1611661323,1628317|1628878|1628899|1642210|1642290,complete,playbyplay_inferred,201886|203826|1630096|1630112|1631135,complete,playbyplay_inferred
Shot Chart Detail,1022400054,49,1628899,Myisha Hines-Allen,1611661322,Washington Mystics,1,5,44,Missed Shot,Cutting Layup Shot,2PT Field Goal,Restricted Area,Center(C),Less Than 8 ft.,2,11,21,1,0,20240606,WAS,CHI,2024,102240005449,2560,validated,,0,matched,playbyplayv2,1611661329,1628278|1628317|1628899|1642210|1642290,complete,playbyplay_inferred,204322|1628890|1629497|1630389|1642291,complete,playbyplay_inferred
Shot Chart Detail,1022400054,135,1628899,Myisha Hines-Allen,1611661322,Washington Mystics,1,0,37,Missed Shot,Driving Layup Shot,2PT Field Goal,In The Paint (Non-RA),Center(C),Less Than 8 ft.,6,-43,54,1,0,20240606,WAS,CHI,2024,1022400054135,5630,validated,,0,matched,playbyplayv2,1611661329,203828|1628278|1628317|1628899|1631141,complete,playbyplay_inferred,1628263|1629488|1630150|1630446|1642289,complete,playbyplay_inferred
Shot Chart Detail,1022400054,389,1628899,Myisha Hines-Allen,1611661322,Washington Mystics,3,3,15,Missed Shot,Jump Shot,3PT Field Goal,Right Corner 3,Right Side(R),24+ ft.,23,234,1,1,0,20240606,WAS,CHI,2024,1022400054389,16050,validated,,0,matched,playbyplayv2,1611661329,1628278|1628878|1628899|1642210|1642290,complete,playbyplay_inferred,204330|1628263|1629497|1630150|1642291,complete,playbyplay_inferred
Shot Chart Detail,1022400054,393,1628899,Myisha Hines-Allen,1611661322,Washington Mystics,3,3,8,Made Shot,Driving Layup Shot,2PT Field Goal,Restricted Area,Center(C),Less Than 8 ft.,2,29,0,1,1,20240606,WAS,CHI,2024,1022400054393,16120,validated,1642210,1,matched,playbyplayv2,1611661329,1628278|1628878|1628899|1642210|1642290,complete,playbyplay_inferred,204330|1628263|1629497|1630150|1642291,complete,playbyplay_inferred
Shot Chart Detail,1022400056,67,1628899,Myisha Hines-Allen,1611661322,Washington Mystics,1,3,54,Missed Shot,Layup Shot,2PT Field Goal,In The Paint (Non-RA),Center(C),Less Than 8 ft.,4,40,0,1,0,20240607,WAS,IND,2024,102240005667,3660,validated,,0,matched,playbyplayv2,1611661325,1628878|1628899|1630459|1642210|1642290,complete,playbyplay_inferred,1628909|1628929|1631019|1641648|1642286,complete,playbyplay_inferred
Shot Chart Detail,1022400056,261,1628899,Myisha Hines-Allen,1611661322,Washington Mystics,2,0,0,Missed Shot,Jump Shot,2PT Field Goal,In The Paint (Non-RA),Right Side(R),8-16 ft.,11,78,88,1,0,20240607,WAS,IND,2024,1022400056261,12000,validated,,0,matched,playbyplayv2,1611661325,1628317|1628878|1628899|1642210|1642290,complete,playbyplay_inferred,204365|1628929|1631019|1641648|1642286,complete,playbyplay_inferred
Shot Chart Detail,1022400056,343,1628899,Myisha Hines-Allen,1611661322,Washington Mystics,3,4,36,Missed Shot,Pullup Jump shot,2PT Field Goal,In The Paint (Non-RA),Right Side(R),8-16 ft.,15,79,136,1,0,20240607,WAS,IND,2024,1022400056343,15240,validated,,0,matched,playbyplayv2,1611661325,1628278|1628317|1628899|1642210|1642290,complete,playbyplay_inferred,204365|1628909|1631019|1641648|1642286,complete,playbyplay_inferred
Shot Chart Detail,1022400056,356,1628899,Myisha Hines-Allen,1611661322,Washington Mystics,3,2,57,Made Shot,Cutting Layup Shot,2PT Field Goal,Restricted Area,Center(C),Less Than 8 ft.,2,-21,10,1,1,20240607,WAS,IND,2024,1022400056356,16230,validated,1642210,1,matched,playbyplayv2,1611661325,1628278|1628878|1628899|1642210|1642290,complete,playbyplay_inferred,204365|1628909|1631019|1641648|1642286,complete,playbyplay_inferred
Shot Chart Detail,1022400056,381,1628899,Myisha Hines-Allen,1611661322,Washington Mystics,3,1,30,Missed Shot,Driving Layup Shot,2PT Field Goal,In The Paint (Non-RA),Center(C),Less Than 8 ft.,5,-39,42,1,0,20240607,WAS,IND,2024,1022400056381,17100,validated,,0,matched,playbyplayv2,1611661325,203828|1628278|1628878|1628899|1630459,complete,playbyplay_inferred,1628909|1628929|1629478|1641648|1642286,complete,playbyplay_inferred
Shot Chart Detail,1022400056,389,1628899,Myisha Hines-Allen,1611661322,Washington Mystics,3,0,54,Made Shot,Turnaround Fadeaway shot,2PT Field Goal,Restricted Area,Center(C),Less Than 8 ft.,3,27,22,1,1,20240607,WAS,IND,2024,1022400056389,17460,validated,1628278,1,matched,playbyplayv2,1611661325,203828|1628278|1628878|1628899|1630459,complete,playbyplay_inferred,1628909|1628929|1629478|1641648|1642286,complete,playbyplay_inferred
Shot Chart Detail,1022400056,415,1628899,Myisha Hines-Allen,1611661322,Washington Mystics,4,8,49,Made Shot,Driving Layup Shot,2PT Field Goal,Restricted Area,Center(C),Less Than 8 ft.,2,-23,7,1,1,20240607,WAS,IND,2024,1022400056415,18710,validated,1628317,1,matched,playbyplayv2,1611661325,203828|1628278|1628317|1628878|1628899,complete,playbyplay_inferred,1628909|1628929|1629478|1631019|1642286,complete,playbyplay_inferred
Shot Chart Detail,1022400056,431,1628899,Myisha Hines-Allen,1611661322,Washington Mystics,4,7,34,Missed Shot,Layup Shot,2PT Field Goal,Restricted Area,Center(C),Less Than 8 ft.,2,15,18,1,0,20240607,WAS,IND,2024,1022400056431,19460,validated,,0,matched,playbyplayv2,1611661325,203828|1628278|1628317|1628878|1628899,complete,playbyplay_inferred,1628909|1628929|1629478|1631019|1642286,complete,playbyplay_inferred
Shot Chart Detail,1022400056,433,1628899,Myisha Hines-Allen,1611661322,Washington Mystics,4,7,32,Made Shot,Putback Layup Shot,2PT Field Goal,Restricted Area,Center(C),Less Than 8 ft.,1,6,18,1,1,20240607,WAS,IND,2024,1022400056433,19480,validated,,0,matched,playbyplayv2,1611661325,203828|1628278|1628317|1628878|1628899,complete,playbyplay_inferred,1628909|1628929|1629478|1631019|1642286,complete,playbyplay_inferred
Shot Chart Detail,1022400062,109,1628899,Myisha Hines-Allen,1611661322,Washington Mystics,1,1,23,Made Shot,Hook Shot,2PT Field Goal,In The Paint (Non-RA),Center(C),Less Than 8 ft.,4,28,31,1,1,20240609,NYL,WAS,2024,1022400062109,5170,validated,1642290,1,matched,playbyplayv2,1611661313,1628278|1628878|1628899|1631141|1642290,complete,playbyplay_inferred,203866|204335|1627668|1629568|1630142,complete,playbyplay_inferred
Shot Chart Detail,1022400062,232,1628899,Myisha Hines-Allen,1611661322,Washington Mystics,2,3,5,Made Shot,Cutting Layup Shot,2PT Field Goal,Restricted Area,Center(C),Less Than 8 ft.,1,-18,5,1,1,20240609,NYL,WAS,2024,1022400062232,10150,validated,1642210,1,matched,playbyplayv2,1611661313,1628317|1628878|1628899|1642210|1642290,complete,playbyplay_inferred,1627668|1627673|1629477|1630142|1641602,complete,playbyplay_inferred
Shot Chart Detail,1022400062,272,1628899,Myisha Hines-Allen,1611661322,Washington Mystics,2,0,41,Missed Shot,Cutting Layup Shot,2PT Field Goal,Restricted Area,Center(C),Less Than 8 ft.,1,-10,15,1,0,20240609,NYL,WAS,2024,1022400062272,11590,validated,,0,matched,playbyplayv2,1611661313,1628317|1628878|1628899|1642210|1642290,complete,playbyplay_inferred,204335|1627668|1629477|1629568|1641602,complete,playbyplay_inferred
Shot Chart Detail,1022400062,276,1628899,Myisha Hines-Allen,1611661322,Washington Mystics,2,0,20,Missed Shot,Cutting Layup Shot,2PT Field Goal,Restricted Area,Center(C),Less Than 8 ft.,0,-8,5,1,0,20240609,NYL,WAS,2024,1022400062276,11800,validated,,0,matched,playbyplayv2,1611661313,1628317|1628878|1628899|1642210|1642290,complete,playbyplay_inferred,204335|1627668|1629477|1629568|1641602,complete,playbyplay_inferred
Shot Chart Detail,1022400062,312,1628899,Myisha Hines-Allen,1611661322,Washington Mystics,3,7,46,Made Shot,Jump Shot,3PT Field Goal,Above the Break 3,Right Side Center(RC),16-24 ft.,23,156,179,1,1,20240609,NYL,WAS,2024,1022400062312,13340,validated,1628878,1,matched,playbyplayv2,1611661313,1628278|1628317|1628878|1628899|1642290,complete,playbyplay_inferred,203866|204335|1627668|1627673|1629477,complete,playbyplay_inferred
Shot Chart Detail,1022400062,318,1628899,Myisha Hines-Allen,1611661322,Washington Mystics,3,7,13,Made Shot,Cutting Layup Shot,2PT Field Goal,Restricted Area,Center(C),Less Than 8 ft.,3,5,30,1,1,20240609,NYL,WAS,2024,1022400062318,13670,validated,1628317,1,matched,playbyplayv2,1611661313,1628278|1628317|1628878|1628899|1642290,complete,playbyplay_inferred,203866|204335|1627668|1627673|1629477,complete,playbyplay_inferred
Shot Chart Detail,1022400062,349,1628899,Myisha Hines-Allen,1611661322,Washington Mystics,3,5,17,Missed Shot,Cutting Layup Shot,2PT Field Goal,Restricted Area,Center(C),Less Than 8 ft.,3,-5,34,1,0,20240609,NYL,WAS,2024,1022400062349,14830,validated,,0,matched,playbyplayv2,1611661313,1628278|1628878|1628899|1642210|1642290,complete,playbyplay_inferred,203866|204335|1627668|1627673|1629477,complete,playbyplay_inferred
Shot Chart Detail,1022400062,376,1628899,Myisha Hines-Allen,1611661322,Washington Mystics,3,3,24,Missed Shot,Driving Layup Shot,2PT Field Goal,In The Paint (Non-RA),Center(C),Less Than 8 ft.,4,10,39,1,0,20240609,NYL,WAS,2024,1022400062376,15960,validated,,0,matched,playbyplayv2,1611661313,1628278|1628878|1628899|1642210|1642290,complete,playbyplay_inferred,204335|1627668|1627673|1629477|1630142,complete,playbyplay_inferred
Shot Chart Detail,1022400062,403,1628899,Myisha Hines-Allen,1611661322,Washington Mystics,3,0,53,Made Shot,Jump Shot,3PT Field Goal,Above the Break 3,Center(C),24+ ft.,25,21,250,1,1,20240609,NYL,WAS,2024,1022400062403,17470,validated,1631141,1,matched,playbyplayv2,1611661313,203828|1628278|1628878|1628899|1631141,complete,playbyplay_inferred,204335|1627668|1627673|1629477|1630142,complete,playbyplay_inferred
Shot Chart Detail,1022400062,407,1628899,Myisha Hines-Allen,1611661322,Washington Mystics,3,0,27,Missed Shot,Driving Floating Jump Shot,2PT Field Goal,In The Paint (Non-RA),Left Side(L),8-16 ft.,9,-61,72,1,0,20240609,NYL,WAS,2024,1022400062407,17730,validated,,0,matched,playbyplayv2,1611661313,203828|1628278|1628878|1628899|1631141,complete,playbyplay_inferred,204335|1627668|1627673|1629477|1630142,complete,playbyplay_inferred
Shot Chart Detail,1022400062,484,1628899,Myisha Hines-Allen,1611661322,Washington Mystics,4,4,32,Made Shot,Cutting Layup Shot,2PT Field Goal,Restricted Area,Center(C),Less Than 8 ft.,2,-12,20,1,1,20240609,NYL,WAS,2024,1022400062484,21280,validated,1642210,1,matched,playbyplayv2,1611661313,1628317|1628878|1628899|1642210|1642290,complete,playbyplay_inferred,204335|1627668|1627673|1629477|1630142,complete,playbyplay_inferred
Shot Chart Detail,1022400062,508,1628899,Myisha Hines-Allen,1611661322,Washington Mystics,4,2,21,Missed Shot,Driving Layup Shot,2PT Field Goal,Restricted Area,Center(C),Less Than 8 ft.,3,5,31,1,0,20240609,NYL,WAS,2024,1022400062508,22590,validated,,0,matched,playbyplayv2,1611661313,1628317|1628878|1628899|1642210|1642290,complete,playbyplay_inferred,204335|1627668|1627673|1629477|1630142,complete,playbyplay_inferred
Shot Chart Detail,1022400062,541,1628899,Myisha Hines-Allen,1611661322,Washington Mystics,4,0,26,Made Shot,Running Layup Shot,2PT Field Goal,Restricted Area,Center(C),Less Than 8 ft.,3,-11,28,1,1,20240609,NYL,WAS,2024,1022400062541,23740,validated,,0,matched,playbyplayv2,1611661313,1628278|1628878|1628899|1631141|1642290,complete,playbyplay_inferred,204335|1627668|1627673|1629477|1630142,complete,playbyplay_inferred
Shot Chart Detail,1022400067,200,1628899,Myisha Hines-Allen,1611661322,Washington Mystics,2,4,42,Made Shot,Cutting Layup Shot,2PT Field Goal,Restricted Area,Center(C),Less Than 8 ft.,1,13,9,1,1,20240611,ATL,WAS,2024,1022400067200,9180,validated,1631141,1,matched,playbyplayv2,1611661330,1628317|1628878|1628899|1631141|1642290,complete,playbyplay_inferred,202250|1628277|1631009|1631044|1641650,complete,playbyplay_inferred
Shot Chart Detail,1022400067,358,1628899,Myisha Hines-Allen,1611661322,Washington Mystics,3,2,26,Missed Shot,Cutting Layup Shot,2PT Field Goal,Restricted Area,Center(C),Less Than 8 ft.,1,0,12,1,0,20240611,ATL,WAS,2024,1022400067358,16540,validated,,0,matched,playbyplayv2,1611661330,203828|1628278|1628279|1628899|1642210,complete,playbyplay_inferred,1627672|1628269|1630101|1631009|1631032,complete,playbyplay_inferred
Shot Chart Detail,1022400067,369,1628899,Myisha Hines-Allen,1611661322,Washington Mystics,3,1,49,Made Shot,Running Layup Shot,2PT Field Goal,Restricted Area,Center(C),Less Than 8 ft.,0,0,7,1,1,20240611,ATL,WAS,2024,1022400067369,16910,validated,1628279,1,matched,playbyplayv2,1611661330,203828|1628278|1628279|1628899|1642210,complete,playbyplay_inferred,1627672|1628269|1630101|1631009|1631032,complete,playbyplay_inferred
Shot Chart Detail,1022400067,373,1628899,Myisha Hines-Allen,1611661322,Washington Mystics,3,1,18,Missed Shot,Driving Layup Shot,2PT Field Goal,Restricted Area,Center(C),Less Than 8 ft.,1,-11,14,1,0,20240611,ATL,WAS,2024,1022400067373,17220,validated,,0,matched,playbyplayv2,1611661330,203828|1628278|1628279|1628899|1642210,complete,playbyplay_inferred,1627672|1628269|1630101|1631009|1631032,complete,playbyplay_inferred
Shot Chart Detail,1022400067,380,1628899,Myisha Hines-Allen,1611661322,Washington Mystics,3,0,51,Made Shot,Jump Shot,3PT Field Goal,Above the Break 3,Right Side Center(RC),16-24 ft.,23,112,206,1,1,20240611,ATL,WAS,2024,1022400067380,17490,validated,1642210,1,matched,playbyplayv2,1611661330,203828|1628278|1628279|1628899|1642210,complete,playbyplay_inferred,1627672|1628269|1630101|1631009|1631032,complete,playbyplay_inferred
Shot Chart Detail,1022400067,384,1628899,Myisha Hines-Allen,1611661322,Washington Mystics,3,0,29,Made Shot,Cutting Layup Shot,2PT Field Goal,Restricted Area,Center(C),Less Than 8 ft.,1,-10,4,1,1,20240611,ATL,WAS,2024,1022400067384,17710,validated,1628279,1,matched,playbyplayv2,1611661330,203828|1628278|1628279|1628899|1642210,complete,playbyplay_inferred,1627672|1628269|1630101|1631009|1631032,complete,playbyplay_inferred
Shot Chart Detail,1022400074,133,1628899,Myisha Hines-Allen,1611661322,Washington Mystics,2,9,44,Missed Shot,Layup Shot,2PT Field Goal,In The Paint (Non-RA),Center(C),Less Than 8 ft.,4,30,33,1,0,20240614,WAS,CHI,2024,1022400074133,6160,validated,,0,matched,playbyplayv2,1611661329,1628278|1628317|1628899|1631083|1631141,complete,playbyplay_inferred,204330|1628263|1630150|1630446|1642291,complete,playbyplay_inferred
Shot Chart Detail,1022400074,426,1628899,Myisha Hines-Allen,1611661322,Washington Mystics,3,0,0,Missed Shot,Driving Floating Jump Shot,3PT Field Goal,Above the Break 3,Right Side Center(RC),24+ ft.,29,160,244,1,0,20240614,WAS,CHI,2024,1022400074426,18000,validated,,0,matched,playbyplayv2,1611661329,1628278|1628878|1628899|1631141|1642290,complete,playbyplay_inferred,204330|1629488|1629497|1630150|1630389,complete,playbyplay_inferred
Shot Chart Detail,1022400074,445,1628899,Myisha Hines-Allen,1611661322,Washington Mystics,4,8,50,Made Shot,Layup Shot,2PT Field Goal,Restricted Area,Center(C),Less Than 8 ft.,3,32,5,1,1,20240614,WAS,CHI,2024,1022400074445,18700,validated,1631141,1,matched,playbyplayv2,1611661329,203828|1628278|1628317|1628899|1631141,complete,playbyplay_inferred,1629497|1630150|1630389|1642289|1642291,complete,playbyplay_inferred
Shot Chart Detail,1022400074,561,1628899,Myisha Hines-Allen,1611661322,Washington Mystics,4,0,16,Missed Shot,Jump Shot,3PT Field Goal,Above the Break 3,Right Side Center(RC),24+ ft.,25,182,184,1,0,20240614,WAS,CHI,2024,1022400074561,23840,validated,,0,matched,playbyplayv2,1611661329,203828|1628278|1628878|1628899|1642210,complete,playbyplay_inferred,1628263|1629497|1630150|1642289|1642291,complete,playbyplay_inferred
Shot Chart Detail,1022400084,136,1628899,Myisha Hines-Allen,1611661322,Washington Mystics,2,8,43,Made Shot,Cutting Layup Shot,2PT Field Goal,Restricted Area,Center(C),Less Than 8 ft.,3,29,14,1,1,20240619,IND,WAS,2024,1022400084136,6770,validated,1628317,1,matched,playbyplayv2,1611661325,1628278|1628317|1628899|1631141|1642290,complete,playbyplay_inferred,204365|1628909|1629478|1631086|1641648,complete,playbyplay_inferred
Shot Chart Detail,1022400084,144,1628899,Myisha Hines-Allen,1611661322,Washington Mystics,2,7,25,Missed Shot,Driving Floating Jump Shot,2PT Field Goal,Restricted Area,Center(C),Less Than 8 ft.,3,22,33,1,0,20240619,IND,WAS,2024,1022400084144,7550,validated,,0,matched,playbyplayv2,1611661325,1628278|1628317|1628899|1631141|1642290,complete,playbyplay_inferred,204365|1628909|1629478|1631086|1641648,complete,playbyplay_inferred
Shot Chart Detail,1022400084,359,1628899,Myisha Hines-Allen,1611661322,Washington Mystics,3,2,38,Missed Shot,Jump Shot,3PT Field Goal,Above the Break 3,Center(C),24+ ft.,24,-18,243,1,0,20240619,IND,WAS,2024,1022400084359,16420,validated,,0,matched,playbyplayv2,1611661325,1628278|1628317|1628878|1628899|1642290,complete,playbyplay_inferred,204365|1628909|1629478|1641648|1642286,complete,playbyplay_inferred
Shot Chart Detail,1022400091,28,1628899,Myisha Hines-Allen,1611661322,Washington Mystics,1,7,34,Missed Shot,Running Layup Shot,2PT Field Goal,Restricted Area,Center(C),Less Than 8 ft.,3,27,23,1,0,20240622,WAS,DAL,2024,102240009128,1460,validated,,0,matched,playbyplayv2,1611661321,203828|1628317|1628878|1628899|1642210,complete,playbyplay_inferred,203827|1629479|1629481|1642244|1642292,complete,playbyplay_inferred
Shot Chart Detail,1022400091,285,1628899,Myisha Hines-Allen,1611661322,Washington Mystics,2,0,23,Missed Shot,Jump Shot,2PT Field Goal,In The Paint (Non-RA),Center(C),Less Than 8 ft.,5,51,-7,1,0,20240622,WAS,DAL,2024,1022400091285,11770,validated,,0,matched,playbyplayv2,1611661321,1628317|1628878|1628899|1630459|1631141,complete,playbyplay_inferred,203827|1628881|1629481|1642244|1642292,complete,playbyplay_inferred
Shot Chart Detail,1022400091,320,1628899,Myisha Hines-Allen,1611661322,Washington Mystics,3,7,19,Made Shot,Jump Shot,3PT Field Goal,Above the Break 3,Center(C),24+ ft.,24,56,240,1,1,20240622,WAS,DAL,2024,1022400091320,13610,validated,1642210,1,matched,playbyplayv2,1611661321,203828|1628317|1628878|1628899|1642210,complete,playbyplay_inferred,203827|1629479|1629481|1642244|1642292,complete,playbyplay_inferred
Shot Chart Detail,1022400095,13,1628899,Myisha Hines-Allen,1611661322,Washington Mystics,1,8,49,Made Shot,Jump Shot,3PT Field Goal,Right Corner 3,Right Side(R),24+ ft.,24,239,-23,1,1,20240623,WAS,DAL,2024,102240009513,710,validated,1628878,1,matched,playbyplayv2,1611661321,203828|1628317|1628878|1628899|1642210,complete,playbyplay_inferred,203827|1629479|1629481|1642244|1642292,complete,playbyplay_inferred
Shot Chart Detail,1022400095,25,1628899,Myisha Hines-Allen,1611661322,Washington Mystics,1,7,13,Made Shot,Driving Layup Shot,2PT Field Goal,Restricted Area,Center(C),Less Than 8 ft.,3,31,-12,1,1,20240623,WAS,DAL,2024,102240009525,1670,validated,1628878,1,matched,playbyplayv2,1611661321,203828|1628317|1628878|1628899|1642210,complete,playbyplay_inferred,203827|1629479|1629481|1642244|1642292,complete,playbyplay_inferred
Shot Chart Detail,1022400095,162,1628899,Myisha Hines-Allen,1611661322,Washington Mystics,2,8,28,Missed Shot,Jump Shot,2PT Field Goal,Mid-Range,Right Side Center(RC),16-24 ft.,21,154,154,1,0,20240623,WAS,DAL,2024,1022400095162,6920,validated,,0,matched,playbyplayv2,1611661321,1628278|1628317|1628899|1630459|1631141,complete,playbyplay_inferred,1628881|1629481|1629571|1642244|1642292,complete,playbyplay_inferred
Shot Chart Detail,1022400095,267,1628899,Myisha Hines-Allen,1611661322,Washington Mystics,2,0,0,Missed Shot,Jump Shot,3PT Field Goal,Above the Break 3,Right Side(R),24+ ft.,24,230,87,1,0,20240623,WAS,DAL,2024,1022400095267,12000,validated,,0,matched,playbyplayv2,1611661321,203828|1628278|1628317|1628899|1642210,complete,playbyplay_inferred,1628881|1629480|1629481|1641661|1642244,complete,playbyplay_inferred
Shot Chart Detail,1022400095,277,1628899,Myisha Hines-Allen,1611661322,Washington Mystics,3,9,42,Made Shot,Layup Shot,2PT Field Goal,Restricted Area,Center(C),Less Than 8 ft.,0,8,3,1,1,20240623,WAS,DAL,2024,1022400095277,12180,validated,1642210,1,matched,playbyplayv2,1611661321,203828|1628317|1628878|1628899|1642210,complete,playbyplay_inferred,203827|1628881|1629481|1642244|1642292,complete,playbyplay_inferred
Shot Chart Detail,1022400095,281,1628899,Myisha Hines-Allen,1611661322,Washington Mystics,3,9,18,Made Shot,Running Layup Shot,2PT Field Goal,Restricted Area,Center(C),Less Than 8 ft.,2,18,11,1,1,20240623,WAS,DAL,2024,1022400095281,12420,validated,1642210,1,matched,playbyplayv2,1611661321,203828|1628317|1628878|1628899|1642210,complete,playbyplay_inferred,203827|1628881|1629481|1642244|1642292,complete,playbyplay_inferred
Shot Chart Detail,1022400095,291,1628899,Myisha Hines-Allen,1611661322,Washington Mystics,3,8,29,Missed Shot,Running Layup Shot,2PT Field Goal,In The Paint (Non-RA),Center(C),Less Than 8 ft.,4,43,-4,1,0,20240623,WAS,DAL,2024,1022400095291,12910,validated,,0,matched,playbyplayv2,1611661321,203828|1628317|1628878|1628899|1642210,complete,playbyplay_inferred,203827|1628881|1629481|1642244|1642292,complete,playbyplay_inferred
Shot Chart Detail,1022400095,389,1628899,Myisha Hines-Allen,1611661322,Washington Mystics,3,1,15,Made Shot,Jump Shot,3PT Field Goal,Above the Break 3,Left Side Center(LC),24+ ft.,25,-116,228,1,1,20240623,WAS,DAL,2024,1022400095389,17250,validated,1631083,1,matched,playbyplayv2,1611661321,1628278|1628899|1631083|1631141|1642210,complete,playbyplay_inferred,203827|1629480|1629481|1641661|1642244,complete,playbyplay_inferred
Shot Chart Detail,1022400099,32,1628899,Myisha Hines-Allen,1611661322,Washington Mystics,1,7,52,Made Shot,Jump Shot,3PT Field Goal,Above the Break 3,Right Side Center(RC),24+ ft.,25,149,203,1,1,20240627,WAS,CON,2024,102240009932,1280,validated,1628878,1,matched,playbyplayv2,1611661323,203828|1628878|1628899|1630459|1642210,complete,playbyplay_inferred,201886|203826|1628280|1630096|1630112,complete,playbyplay_inferred
Shot Chart Detail,1022400099,99,1628899,Myisha Hines-Allen,1611661322,Washington Mystics,1,2,31,Made Shot,Step Back Jump shot,3PT Field Goal,Above the Break 3,Left Side(L),16-24 ft.,22,-212,85,1,1,20240627,WAS,CON,2024,102240009999,4490,validated,1628878,1,matched,playbyplayv2,1611661323,1628278|1628878|1628899|1631083|1631141,complete,playbyplay_inferred,203826|1627676|1628280|1630096|1631007,complete,playbyplay_inferred
Shot Chart Detail,1022400099,260,1628899,Myisha Hines-Allen,1611661322,Washington Mystics,2,0,35,Made Shot,Running Layup Shot,2PT Field Goal,Restricted Area,Center(C),Less Than 8 ft.,3,27,-15,1,1,20240627,WAS,CON,2024,1022400099260,11650,validated,,0,matched,playbyplayv2,1611661323,203828|1628278|1628878|1628899|1631141,complete,playbyplay_inferred,201886|1628280|1630096|1630112|1631007,complete,playbyplay_inferred
Shot Chart Detail,1022400099,292,1628899,Myisha Hines-Allen,1611661322,Washington Mystics,3,8,31,Made Shot,Cutting Layup Shot,2PT Field Goal,Restricted Area,Center(C),Less Than 8 ft.,2,18,11,1,1,20240627,WAS,CON,2024,1022400099292,12890,validated,1642210,1,matched,playbyplayv2,1611661323,203828|1628878|1628899|1630459|1642210,complete,playbyplay_inferred,201886|203826|1628280|1630096|1630112,complete,playbyplay_inferred
Shot Chart Detail,1022400099,429,1628899,Myisha Hines-Allen,1611661322,Washington Mystics,4,7,40,Made Shot,Cutting Layup Shot,2PT Field Goal,Restricted Area,Center(C),Less Than 8 ft.,2,-16,18,1,1,20240627,WAS,CON,2024,1022400099429,19400,validated,1628278,1,matched,playbyplayv2,1611661323,1628278|1628899|1630459|1631083|1631141,complete,playbyplay_inferred,201886|203826|1627676|1630112|1631007,complete,playbyplay_inferred
Shot Chart Detail,1022400099,468,1628899,Myisha Hines-Allen,1611661322,Washington Mystics,4,4,59,Made Shot,Driving Finger Roll Layup Shot,2PT Field Goal,Restricted Area,Center(C),Less Than 8 ft.,2,16,13,1,1,20240627,WAS,CON,2024,1022400099468,21010,validated,1628878,1,matched,playbyplayv2,1611661323,203828|1628278|1628878|1628899|1630459,complete,playbyplay_inferred,201886|203826|1630096|1630112|1631007,complete,playbyplay_inferred
Shot Chart Detail,1022400099,555,1628899,Myisha Hines-Allen,1611661322,Washington Mystics,5,3,38,Made Shot,Layup Shot,2PT Field Goal,Restricted Area,Center(C),Less Than 8 ft.,2,-22,11,1,1,20240627,WAS,CON,2024,1022400099555,24820,validated,203828,1,matched,playbyplayv2,1611661323,203828|1628278|1628878|1628899|1642210,complete,playbyplay_inferred,201886|203826|1628280|1630096|1630112,complete,playbyplay_inferred
Shot Chart Detail,1022400099,594,1628899,Myisha Hines-Allen,1611661322,Washington Mystics,5,0,44,Made Shot,Driving Layup Shot,2PT Field Goal,Restricted Area,Center(C),Less Than 8 ft.,2,23,7,1,1,20240627,WAS,CON,2024,1022400099594,26560,validated,1628278,1,matched,playbyplayv2,1611661323,203828|1628278|1628878|1628899|1642210,complete,playbyplay_inferred,201886|203826|1628280|1630096|1630112,complete,playbyplay_inferred
Shot Chart Detail,1022400104,22,1628899,Myisha Hines-Allen,1611661322,Washington Mystics,1,8,1,Missed Shot,Cutting Layup Shot,2PT Field Goal,Restricted Area,Center(C),Less Than 8 ft.,3,19,35,1,0,20240629,WAS,LVA,2024,102240010422,1190,validated,,0,matched,playbyplayv2,1611661319,203828|1628878|1628899|1630459|1642210,complete,playbyplay_inferred,203833|204329|1628276|1628932|1629498,complete,playbyplay_inferred
Shot Chart Detail,1022400104,29,1628899,Myisha Hines-Allen,1611661322,Washington Mystics,1,6,57,Missed Shot,Jump Shot,3PT Field Goal,Above the Break 3,Right Side Center(RC),24+ ft.,24,94,221,1,0,20240629,WAS,LVA,2024,102240010429,1830,validated,,0,matched,playbyplayv2,1611661319,203828|1628878|1628899|1630459|1642210,complete,playbyplay_inferred,203833|204329|1628276|1628932|1629498,complete,playbyplay_inferred
Shot Chart Detail,1022400104,44,1628899,Myisha Hines-Allen,1611661322,Washington Mystics,1,6,2,Made Shot,Cutting Layup Shot,2PT Field Goal,In The Paint (Non-RA),Center(C),Less Than 8 ft.,5,-15,49,1,1,20240629,WAS,LVA,2024,102240010444,2380,validated,1642210,1,matched,playbyplayv2,1611661319,203828|1628278|1628878|1628899|1642210,complete,playbyplay_inferred,203833|204329|1628276|1628932|1629498,complete,playbyplay_inferred
Shot Chart Detail,1022400104,146,1628899,Myisha Hines-Allen,1611661322,Washington Mystics,2,9,4,Missed Shot,Driving Layup Shot,2PT Field Goal,In The Paint (Non-RA),Center(C),8-16 ft.,8,-38,76,1,0,20240629,WAS,LVA,2024,1022400104146,6560,validated,,0,matched,playbyplayv2,1611661319,1628278|1628899|1630459|1631083|1631141,complete,playbyplay_inferred,203026|203833|204329|1629484|1642324,complete,playbyplay_inferred
Shot Chart Detail,1022400104,224,1628899,Myisha Hines-Allen,1611661322,Washington Mystics,2,3,24,Made Shot,Jump Shot,3PT Field Goal,Left Corner 3,Left Side(L),24+ ft.,22,-226,18,1,1,20240629,WAS,LVA,2024,1022400104224,9960,validated,1628278,1,matched,playbyplayv2,1611661319,1628278|1628878|1628899|1642210|1642290,complete,playbyplay_inferred,202252|203833|1628276|1628932|1629498,complete,playbyplay_inferred
Shot Chart Detail,1022400104,238,1628899,Myisha Hines-Allen,1611661322,Washington Mystics,2,2,19,Missed Shot,Cutting Finger Roll Layup Shot,2PT Field Goal,Restricted Area,Center(C),Less Than 8 ft.,3,11,29,1,0,20240629,WAS,LVA,2024,1022400104238,10610,validated,,0,matched,playbyplayv2,1611661319,203828|1628278|1628878|1628899|1642210,complete,playbyplay_inferred,202252|203833|1628276|1628932|1629498,complete,playbyplay_inferred
Shot Chart Detail,1022400104,242,1628899,Myisha Hines-Allen,1611661322,Washington Mystics,2,2,5,Made Shot,Running Layup Shot,2PT Field Goal,Restricted Area,Center(C),Less Than 8 ft.,2,-20,22,1,1,20240629,WAS,LVA,2024,1022400104242,10750,validated,,0,matched,playbyplayv2,1611661319,203828|1628278|1628878|1628899|1642210,complete,playbyplay_inferred,202252|203833|1628276|1628932|1629498,complete,playbyplay_inferred
Shot Chart Detail,1022400104,252,1628899,Myisha Hines-Allen,1611661322,Washington Mystics,2,0,25,Made Shot,Pullup Jump shot,2PT Field Goal,Mid-Range,Right Side(R),8-16 ft.,15,89,129,1,1,20240629,WAS,LVA,2024,1022400104252,11750,validated,,0,matched,playbyplayv2,1611661319,203828|1628278|1628878|1628899|1642210,complete,playbyplay_inferred,202252|203833|1628276|1628932|1629498,complete,playbyplay_inferred
Shot Chart Detail,1022400104,270,1628899,Myisha Hines-Allen,1611661322,Washington Mystics,3,9,5,Missed Shot,Running Layup Shot,2PT Field Goal,Restricted Area,Center(C),Less Than 8 ft.,1,-15,6,1,0,20240629,WAS,LVA,2024,1022400104270,12550,validated,,0,matched,playbyplayv2,1611661319,203828|1628878|1628899|1630459|1642210,complete,playbyplay_inferred,203833|204329|1628276|1628932|1629498,complete,playbyplay_inferred
Shot Chart Detail,1022400104,276,1628899,Myisha Hines-Allen,1611661322,Washington Mystics,3,8,43,Made Shot,Cutting Layup Shot,2PT Field Goal,In The Paint (Non-RA),Center(C),Less Than 8 ft.,4,37,16,1,1,20240629,WAS,LVA,2024,1022400104276,12770,validated,1642210,1,matched,playbyplayv2,1611661319,203828|1628878|1628899|1630459|1642210,complete,playbyplay_inferred,203833|204329|1628276|1628932|1629498,complete,playbyplay_inferred
Shot Chart Detail,1022400104,475,1628899,Myisha Hines-Allen,1611661322,Washington Mystics,4,5,10,Missed Shot,Cutting Layup Shot,2PT Field Goal,In The Paint (Non-RA),Center(C),Less Than 8 ft.,4,26,36,1,0,20240629,WAS,LVA,2024,1022400104475,20900,validated,,0,matched,playbyplayv2,1611661319,203828|1628278|1628878|1628899|1642210,complete,playbyplay_inferred,203026|204329|1628276|1628932|1629498,complete,playbyplay_inferred
Shot Chart Detail,1022400114,28,1628899,Myisha Hines-Allen,1611661322,Washington Mystics,1,7,25,Missed Shot,Jump Shot,3PT Field Goal,Above the Break 3,Left Side Center(LC),24+ ft.,25,-139,210,1,0,20240702,LAS,WAS,2024,102240011428,1550,validated,,0,matched,playbyplayv2,1611661320,203828|1628878|1628899|1630459|1642210,complete,playbyplay_inferred,203855|204324|1628915|1630462|1642288,complete,playbyplay_inferred
Shot Chart Detail,1022400114,42,1628899,Myisha Hines-Allen,1611661322,Washington Mystics,1,6,29,Missed Shot,Putback Layup Shot,2PT Field Goal,Restricted Area,Center(C),Less Than 8 ft.,3,-8,32,1,0,20240702,LAS,WAS,2024,102240011442,2110,validated,,0,matched,playbyplayv2,1611661320,203828|1628878|1628899|1630459|1642210,complete,playbyplay_inferred,203855|204324|1628915|1630462|1642288,complete,playbyplay_inferred
Shot Chart Detail,1022400114,44,1628899,Myisha Hines-Allen,1611661322,Washington Mystics,1,6,27,Made Shot,Putback Layup Shot,2PT Field Goal,Restricted Area,Center(C),Less Than 8 ft.,0,0,-6,1,1,20240702,LAS,WAS,2024,102240011444,2130,validated,,0,matched,playbyplayv2,1611661320,203828|1628878|1628899|1630459|1642210,complete,playbyplay_inferred,203855|204324|1628915|1630462|1642288,complete,playbyplay_inferred
Shot Chart Detail,1022400114,96,1628899,Myisha Hines-Allen,1611661322,Washington Mystics,1,1,42,Made Shot,Pullup Jump shot,2PT Field Goal,Mid-Range,Center(C),8-16 ft.,15,-27,151,1,1,20240702,LAS,WAS,2024,102240011496,4980,validated,,0,matched,playbyplayv2,1611661320,1628278|1628878|1628899|1631141|1642290,complete,playbyplay_inferred,204324|1629574|1630462|1641660|1642288,complete,playbyplay_inferred
Shot Chart Detail,1022400114,102,1628899,Myisha Hines-Allen,1611661322,Washington Mystics,1,1,2,Missed Shot,Jump Shot,3PT Field Goal,Above the Break 3,Left Side Center(LC),24+ ft.,24,-85,232,1,0,20240702,LAS,WAS,2024,1022400114102,5380,validated,,0,matched,playbyplayv2,1611661320,1628278|1628878|1628899|1631141|1642290,complete,playbyplay_inferred,204324|1629574|1630462|1641660|1642288,complete,playbyplay_inferred
Shot Chart Detail,1022400114,213,1628899,Myisha Hines-Allen,1611661322,Washington Mystics,2,2,46,Made Shot,Cutting Layup Shot,2PT Field Goal,Restricted Area,Center(C),Less Than 8 ft.,3,28,12,1,1,20240702,LAS,WAS,2024,1022400114213,10340,validated,203828,1,matched,playbyplayv2,1611661320,203828|1628878|1628899|1642210|1642290,complete,playbyplay_inferred,203855|204324|1628915|1630462|1642288,complete,playbyplay_inferred
Shot Chart Detail,1022400114,225,1628899,Myisha Hines-Allen,1611661322,Washington Mystics,2,1,40,Made Shot,Driving Layup Shot,2PT Field Goal,Restricted Area,Center(C),Less Than 8 ft.,3,35,18,1,1,20240702,LAS,WAS,2024,1022400114225,11000,validated,1642210,1,matched,playbyplayv2,1611661320,203828|1628878|1628899|1642210|1642290,complete,playbyplay_inferred,203855|204324|1628915|1630462|1642288,complete,playbyplay_inferred
Shot Chart Detail,1022400114,229,1628899,Myisha Hines-Allen,1611661322,Washington Mystics,2,1,5,Made Shot,Hook Shot,2PT Field Goal,In The Paint (Non-RA),Center(C),Less Than 8 ft.,4,4,42,1,1,20240702,LAS,WAS,2024,1022400114229,11350,validated,1642210,1,matched,playbyplayv2,1611661320,203828|1628878|1628899|1642210|1642290,complete,playbyplay_inferred,203855|204324|1628915|1630462|1642288,complete,playbyplay_inferred
Shot Chart Detail,1022400114,259,1628899,Myisha Hines-Allen,1611661322,Washington Mystics,3,9,0,Missed Shot,Jump Shot,3PT Field Goal,Above the Break 3,Left Side Center(LC),24+ ft.,24,-172,181,1,0,20240702,LAS,WAS,2024,1022400114259,12600,validated,,0,matched,playbyplayv2,1611661320,203828|1628878|1628899|1630459|1642210,complete,playbyplay_inferred,203855|204324|1628915|1630462|1642288,complete,playbyplay_inferred
Shot Chart Detail,1022400114,278,1628899,Myisha Hines-Allen,1611661322,Washington Mystics,3,7,38,Made Shot,Reverse Layup Shot,2PT Field Goal,In The Paint (Non-RA),Center(C),Less Than 8 ft.,5,-35,36,1,1,20240702,LAS,WAS,2024,1022400114278,13420,validated,,0,matched,playbyplayv2,1611661320,203828|1628878|1628899|1642210|1642290,complete,playbyplay_inferred,203855|204324|1628915|1630462|1642288,complete,playbyplay_inferred
Shot Chart Detail,1022400114,293,1628899,Myisha Hines-Allen,1611661322,Washington Mystics,3,5,58,Made Shot,Jump Shot,3PT Field Goal,Above the Break 3,Right Side Center(RC),24+ ft.,25,117,222,1,1,20240702,LAS,WAS,2024,1022400114293,14420,validated,1628878,1,matched,playbyplayv2,1611661320,1628278|1628878|1628899|1642210|1642290,complete,playbyplay_inferred,203855|204324|1628915|1630462|1642288,complete,playbyplay_inferred
Shot Chart Detail,1022400114,437,1628899,Myisha Hines-Allen,1611661322,Washington Mystics,4,5,8,Missed Shot,Floating Jump shot,2PT Field Goal,In The Paint (Non-RA),Center(C),Less Than 8 ft.,6,-37,51,1,0,20240702,LAS,WAS,2024,1022400114437,20920,validated,,0,matched,playbyplayv2,1611661320,1628278|1628878|1628899|1642210|1642290,complete,playbyplay_inferred,203855|204324|1628915|1630462|1642288,complete,playbyplay_inferred
Shot Chart Detail,1022400114,504,1628899,Myisha Hines-Allen,1611661322,Washington Mystics,4,0,35,Missed Shot,Jump Shot,3PT Field Goal,Above the Break 3,Right Side Center(RC),16-24 ft.,23,182,146,1,0,20240702,LAS,WAS,2024,1022400114504,23650,validated,,0,matched,playbyplayv2,1611661320,203828|1628278|1628878|1628899|1642210,complete,playbyplay_inferred,203855|204324|1628915|1630462|1642288,complete,playbyplay_inferred
Shot Chart Detail,1022400117,12,1628899,Myisha Hines-Allen,1611661322,Washington Mystics,1,8,53,Missed Shot,Layup Shot,2PT Field Goal,In The Paint (Non-RA),Center(C),Less Than 8 ft.,4,42,16,1,0,20240704,LVA,WAS,2024,102240011712,670,validated,,0,matched,playbyplayv2,1611661319,1628878|1628899|1630459|1642210|1642290,complete,playbyplay_inferred,203833|204329|1628276|1628932|1629498,complete,playbyplay_inferred
Shot Chart Detail,1022400117,136,1628899,Myisha Hines-Allen,1611661322,Washington Mystics,2,8,44,Made Shot,Jump Shot,2PT Field Goal,Mid-Range,Center(C),16-24 ft.,17,-26,178,1,1,20240704,LVA,WAS,2024,1022400117136,6760,validated,1631141,1,matched,playbyplayv2,1611661319,1628278|1628878|1628899|1631083|1631141,complete,playbyplay_inferred,203833|204329|1629484|1629498|1642324,complete,playbyplay_inferred
Shot Chart Detail,1022400117,297,1628899,Myisha Hines-Allen,1611661322,Washington Mystics,3,7,50,Missed Shot,Putback Layup Shot,2PT Field Goal,In The Paint (Non-RA),Center(C),Less Than 8 ft.,4,39,15,1,0,20240704,LVA,WAS,2024,1022400117297,13300,validated,,0,matched,playbyplayv2,1611661319,1628878|1628899|1630459|1642210|1642290,complete,playbyplay_inferred,203833|204329|1628276|1628932|1629498,complete,playbyplay_inferred
Shot Chart Detail,1022400117,307,1628899,Myisha Hines-Allen,1611661322,Washington Mystics,3,7,23,Made Shot,Cutting Layup Shot,2PT Field Goal,In The Paint (Non-RA),Center(C),Less Than 8 ft.,4,41,15,1,1,20240704,LVA,WAS,2024,1022400117307,13570,validated,1630459,1,matched,playbyplayv2,1611661319,1628878|1628899|1630459|1642210|1642290,complete,playbyplay_inferred,203833|204329|1628276|1628932|1629498,complete,playbyplay_inferred
Shot Chart Detail,1022400117,377,1628899,Myisha Hines-Allen,1611661322,Washington Mystics,3,2,8,Missed Shot,Jump Shot,2PT Field Goal,Mid-Range,Left Side(L),8-16 ft.,14,-146,19,1,0,20240704,LVA,WAS,2024,1022400117377,16720,validated,,0,matched,playbyplayv2,1611661319,1628899|1630459|1631083|1631141|1642309,complete,playbyplay_inferred,202252|203026|1628276|1628932|1629498,complete,playbyplay_inferred
Shot Chart Detail,1022400117,406,1628899,Myisha Hines-Allen,1611661322,Washington Mystics,3,0,34,Made Shot,Driving Layup Shot,2PT Field Goal,In The Paint (Non-RA),Center(C),Less Than 8 ft.,4,-45,18,1,1,20240704,LVA,WAS,2024,1022400117406,17660,validated,1631141,1,matched,playbyplayv2,1611661319,1628899|1630459|1631141|1642210|1642290,complete,playbyplay_inferred,202252|203026|1628276|1628932|1629498,complete,playbyplay_inferred
Shot Chart Detail,1022400122,9,1628899,Myisha Hines-Allen,1611661322,Washington Mystics,1,9,18,Made Shot,Layup Shot,2PT Field Goal,Restricted Area,Center(C),Less Than 8 ft.,2,13,16,1,1,20240706,MIN,WAS,2024,10224001229,420,validated,203828,1,matched,playbyplayv2,1611661324,203828|1628878|1628899|1630459|1642210,complete,playbyplay_inferred,203825|1627675|1629501|1629524|1641657,complete,playbyplay_inferred
Shot Chart Detail,1022400122,232,1628899,Myisha Hines-Allen,1611661322,Washington Mystics,2,2,2,Made Shot,Driving Finger Roll Layup Shot,2PT Field Goal,Restricted Area,Center(C),Less Than 8 ft.,1,10,15,1,1,20240706,MIN,WAS,2024,1022400122232,10780,validated,1628878,1,matched,playbyplayv2,1611661324,203828|1628278|1628878|1628899|1631141,complete,playbyplay_inferred,203825|1627675|1629524|1631021|1641657,complete,playbyplay_inferred
Shot Chart Detail,1022400122,244,1628899,Myisha Hines-Allen,1611661322,Washington Mystics,2,0,39,Made Shot,Turnaround Hook Shot,2PT Field Goal,Restricted Area,Center(C),Less Than 8 ft.,3,-12,29,1,1,20240706,MIN,WAS,2024,1022400122244,11610,validated,1628878,1,matched,playbyplayv2,1611661324,203828|1628278|1628878|1628899|1631141,complete,playbyplay_inferred,203825|1627675|1629501|1629524|1641657,complete,playbyplay_inferred
Shot Chart Detail,1022400122,262,1628899,Myisha Hines-Allen,1611661322,Washington Mystics,3,9,24,Made Shot,Running Layup Shot,2PT Field Goal,Restricted Area,Center(C),Less Than 8 ft.,1,-3,11,1,1,20240706,MIN,WAS,2024,1022400122262,12360,validated,,0,matched,playbyplayv2,1611661324,203828|1628278|1628878|1628899|1642210,complete,playbyplay_inferred,203825|1627675|1629501|1629524|1641657,complete,playbyplay_inferred
Shot Chart Detail,1022400122,463,1628899,Myisha Hines-Allen,1611661322,Washington Mystics,4,5,26,Missed Shot,Putback Layup Shot,2PT Field Goal,Restricted Area,Center(C),Less Than 8 ft.,3,-26,24,1,0,20240706,MIN,WAS,2024,1022400122463,20740,validated,,0,matched,playbyplayv2,1611661324,1628278|1628878|1628899|1631141|1642290,complete,playbyplay_inferred,203825|1627675|1629501|1641649|1642293,complete,playbyplay_inferred
Shot Chart Detail,1022400122,519,1628899,Myisha Hines-Allen,1611661322,Washington Mystics,4,1,26,Made Shot,Running Layup Shot,2PT Field Goal,Restricted Area,Center(C),Less Than 8 ft.,0,8,4,1,1,20240706,MIN,WAS,2024,1022400122519,23140,validated,,0,matched,playbyplayv2,1611661324,203828|1628278|1628878|1628899|1642210,complete,playbyplay_inferred,203825|1627675|1628508|1629501|1629524,complete,playbyplay_inferred
Shot Chart Detail,1022400122,533,1628899,Myisha Hines-Allen,1611661322,Washington Mystics,4,0,20,Missed Shot,Turnaround Fadeaway shot,2PT Field Goal,In The Paint (Non-RA),Center(C),Less Than 8 ft.,6,-6,68,1,0,20240706,MIN,WAS,2024,1022400122533,23800,validated,,0,matched,playbyplayv2,1611661324,203828|1628278|1628878|1628899|1642210,complete,playbyplay_inferred,203825|1627675|1628508|1629501|1629524,complete,playbyplay_inferred
Shot Chart Detail,1022400129,16,1628899,Myisha Hines-Allen,1611661322,Washington Mystics,1,8,52,Missed Shot,Jump Shot,3PT Field Goal,Above the Break 3,Center(C),24+ ft.,25,78,243,1,0,20240710,IND,WAS,2024,102240012916,680,validated,,0,matched,playbyplayv2,1611661325,203828|1628878|1628899|1630459|1642210,complete,playbyplay_inferred,1628909|1629478|1631086|1641648|1642286,complete,playbyplay_inferred
Shot Chart Detail,1022400129,60,1628899,Myisha Hines-Allen,1611661322,Washington Mystics,1,5,2,Missed Shot,Jump Shot,2PT Field Goal,Mid-Range,Left Side Center(LC),16-24 ft.,18,-96,162,1,0,20240710,IND,WAS,2024,102240012960,2980,validated,,0,matched,playbyplayv2,1611661325,1628278|1628878|1628899|1642210|1642290,complete,playbyplay_inferred,1628909|1629478|1631086|1641648|1642286,complete,playbyplay_inferred
Shot Chart Detail,1022400129,202,1628899,Myisha Hines-Allen,1611661322,Washington Mystics,2,4,17,Missed Shot,Driving Layup Shot,2PT Field Goal,Restricted Area,Center(C),Less Than 8 ft.,2,22,19,1,0,20240710,IND,WAS,2024,1022400129202,9430,validated,,0,matched,playbyplayv2,1611661325,1628878|1628899|1631141|1642210|1642290,complete,playbyplay_inferred,204365|1628909|1629478|1631019|1642286,complete,playbyplay_inferred
Shot Chart Detail,1022400129,204,1628899,Myisha Hines-Allen,1611661322,Washington Mystics,2,4,14,Made Shot,Putback Layup Shot,2PT Field Goal,Restricted Area,Center(C),Less Than 8 ft.,1,-13,11,1,1,20240710,IND,WAS,2024,1022400129204,9460,validated,,0,matched,playbyplayv2,1611661325,1628878|1628899|1631141|1642210|1642290,complete,playbyplay_inferred,204365|1628909|1629478|1631019|1642286,complete,playbyplay_inferred
Shot Chart Detail,1022400129,303,1628899,Myisha Hines-Allen,1611661322,Washington Mystics,3,7,15,Missed Shot,Putback Layup Shot,2PT Field Goal,Restricted Area,Center(C),Less Than 8 ft.,0,3,-1,1,0,20240710,IND,WAS,2024,1022400129303,13650,validated,,0,matched,playbyplayv2,1611661325,203828|1628878|1628899|1630459|1642210,complete,playbyplay_inferred,1628909|1629478|1631019|1641648|1642286,complete,playbyplay_inferred
Shot Chart Detail,1022400129,305,1628899,Myisha Hines-Allen,1611661322,Washington Mystics,3,7,12,Missed Shot,Putback Layup Shot,2PT Field Goal,Restricted Area,Center(C),Less Than 8 ft.,1,-4,-18,1,0,20240710,IND,WAS,2024,1022400129305,13680,validated,,0,matched,playbyplayv2,1611661325,203828|1628878|1628899|1630459|1642210,complete,playbyplay_inferred,1628909|1629478|1631019|1641648|1642286,complete,playbyplay_inferred
Shot Chart Detail,1022400129,335,1628899,Myisha Hines-Allen,1611661322,Washington Mystics,3,5,0,Missed Shot,Hook Shot,2PT Field Goal,Restricted Area,Center(C),Less Than 8 ft.,3,7,34,1,0,20240710,IND,WAS,2024,1022400129335,15000,validated,,0,matched,playbyplayv2,1611661325,203828|1628278|1628878|1628899|1642210,complete,playbyplay_inferred,1628909|1629478|1631019|1641648|1642286,complete,playbyplay_inferred
Shot Chart Detail,1022400129,471,1628899,Myisha Hines-Allen,1611661322,Washington Mystics,4,6,9,Missed Shot,Driving Layup Shot,2PT Field Goal,Restricted Area,Center(C),Less Than 8 ft.,1,-12,9,1,0,20240710,IND,WAS,2024,1022400129471,20310,validated,,0,matched,playbyplayv2,1611661325,203828|1628278|1628878|1628899|1631141,complete,playbyplay_inferred,203024|1628909|1629478|1631086|1642286,complete,playbyplay_inferred
Shot Chart Detail,1022400140,356,1628899,Myisha Hines-Allen,1611661322,Washington Mystics,3,3,44,Missed Shot,Driving Layup Shot,2PT Field Goal,In The Paint (Non-RA),Center(C),Less Than 8 ft.,5,-57,-11,1,0,20240714,WAS,LVA,2024,1022400140356,15760,validated,,0,matched,playbyplayv2,1611661319,1628278|1628878|1628899|1642210|1642290,complete,playbyplay_inferred,202252|203026|1628276|1628932|1629498,complete,playbyplay_inferred
Shot Chart Detail,1022400140,461,1628899,Myisha Hines-Allen,1611661322,Washington Mystics,4,6,37,Made Shot,Cutting Layup Shot,2PT Field Goal,Restricted Area,Center(C),Less Than 8 ft.,1,11,9,1,1,20240714,WAS,LVA,2024,1022400140461,20030,validated,1628878,1,matched,playbyplayv2,1611661319,203828|1628278|1628878|1628899|1642210,complete,playbyplay_inferred,203026|203833|1628276|1628932|1629498,complete,playbyplay_inferred
Shot Chart Detail,1022400140,496,1628899,Myisha Hines-Allen,1611661322,Washington Mystics,4,4,30,Missed Shot,Driving Layup Shot,2PT Field Goal,In The Paint (Non-RA),Center(C),Less Than 8 ft.,4,-39,10,1,0,20240714,WAS,LVA,2024,1022400140496,21300,validated,,0,matched,playbyplayv2,1611661319,203828|1628278|1628878|1628899|1642210,complete,playbyplay_inferred,202252|203026|1628276|1628932|1629498,complete,playbyplay_inferred
Shot Chart Detail,1022400140,527,1628899,Myisha Hines-Allen,1611661322,Washington Mystics,4,1,55,Made Shot,Jump Shot,2PT Field Goal,In The Paint (Non-RA),Center(C),8-16 ft.,13,-12,138,1,1,20240714,WAS,LVA,2024,1022400140527,22850,validated,1642210,1,matched,playbyplayv2,1611661319,203828|1628278|1628878|1628899|1642210,complete,playbyplay_inferred,202252|203026|1628276|1628932|1629498,complete,playbyplay_inferred
Shot Chart Detail,1022400140,534,1628899,Myisha Hines-Allen,1611661322,Washington Mystics,4,1,1,Made Shot,Jump Shot,2PT Field Goal,Mid-Range,Center(C),16-24 ft.,17,-21,171,1,1,20240714,WAS,LVA,2024,1022400140534,23390,validated,1628878,1,matched,playbyplayv2,1611661319,203828|1628278|1628878|1628899|1642210,complete,playbyplay_inferred,202252|203026|1628276|1628932|1629498,complete,playbyplay_inferred
Shot Chart Detail,1022400143,8,1628899,Myisha Hines-Allen,1611661322,Washington Mystics,1,9,18,Made Shot,Jump Shot,2PT Field Goal,Mid-Range,Left Side(L),16-24 ft.,20,-206,18,1,1,20240716,WAS,PHO,2024,10224001438,420,validated,1628878,1,matched,playbyplayv2,1611661317,203828|1628278|1628878|1628899|1642210,complete,playbyplay_inferred,100940|203398|204296|204333|1627674,complete,playbyplay_inferred
Shot Chart Detail,1022400143,12,1628899,Myisha Hines-Allen,1611661322,Washington Mystics,1,8,48,Missed Shot,Cutting Layup Shot,2PT Field Goal,In The Paint (Non-RA),Center(C),Less Than 8 ft.,4,45,-12,1,0,20240716,WAS,PHO,2024,102240014312,720,validated,,0,matched,playbyplayv2,1611661317,203828|1628278|1628878|1628899|1642210,complete,playbyplay_inferred,100940|203398|204296|204333|1627674,complete,playbyplay_inferred
Shot Chart Detail,1022400143,153,1628899,Myisha Hines-Allen,1611661322,Washington Mystics,2,9,40,Made Shot,Driving Layup Shot,2PT Field Goal,Restricted Area,Center(C),Less Than 8 ft.,1,-12,11,1,1,20240716,WAS,PHO,2024,1022400143153,6200,validated,,0,matched,playbyplayv2,1611661317,203828|1628278|1628899|1631141|1642210,complete,playbyplay_inferred,100940|203398|1629482|1630114|1642298,complete,playbyplay_inferred
Shot Chart Detail,1022400143,172,1628899,Myisha Hines-Allen,1611661322,Washington Mystics,2,8,39,Missed Shot,Jump Shot,3PT Field Goal,Above the Break 3,Center(C),24+ ft.,25,43,253,1,0,20240716,WAS,PHO,2024,1022400143172,6810,validated,,0,matched,playbyplayv2,1611661317,203828|1628278|1628899|1631141|1642210,complete,playbyplay_inferred,100940|203398|204296|1629482|1642298,complete,playbyplay_inferred
Shot Chart Detail,1022400143,222,1628899,Myisha Hines-Allen,1611661322,Washington Mystics,2,4,0,Missed Shot,Layup Shot,2PT Field Goal,In The Paint (Non-RA),Center(C),Less Than 8 ft.,4,21,39,1,0,20240716,WAS,PHO,2024,1022400143222,9600,validated,,0,matched,playbyplayv2,1611661317,1628278|1628878|1628899|1642210|1642290,complete,playbyplay_inferred,204296|204333|1627674|1629482|1630442,complete,playbyplay_inferred
Shot Chart Detail,1022400143,265,1628899,Myisha Hines-Allen,1611661322,Washington Mystics,2,1,32,Made Shot,Layup Shot,2PT Field Goal,Restricted Area,Center(C),Less Than 8 ft.,2,-26,-3,1,1,20240716,WAS,PHO,2024,1022400143265,11080,validated,203828,1,matched,playbyplayv2,1611661317,203828|1628278|1628878|1628899|1642210,complete,playbyplay_inferred,100940|203398|204296|204333|1627674,complete,playbyplay_inferred
Shot Chart Detail,1022400143,292,1628899,Myisha Hines-Allen,1611661322,Washington Mystics,3,9,10,Missed Shot,Jump Shot,3PT Field Goal,Right Corner 3,Right Side(R),24+ ft.,22,222,0,1,0,20240716,WAS,PHO,2024,1022400143292,12500,validated,,0,matched,playbyplayv2,1611661317,203828|1628278|1628878|1628899|1642210,complete,playbyplay_inferred,100940|203398|204333|1627674|1630114,complete,playbyplay_inferred
Shot Chart Detail,1022400143,330,1628899,Myisha Hines-Allen,1611661322,Washington Mystics,3,5,23,Missed Shot,Jump Shot,3PT Field Goal,Left Corner 3,Left Side(L),24+ ft.,24,-240,-4,1,0,20240716,WAS,PHO,2024,1022400143330,14770,validated,,0,matched,playbyplayv2,1611661317,203828|1628278|1628878|1628899|1642210,complete,playbyplay_inferred,100940|203398|204333|1627674|1630114,complete,playbyplay_inferred
Shot Chart Detail,1022400143,428,1628899,Myisha Hines-Allen,1611661322,Washington Mystics,4,9,14,Made Shot,Cutting Layup Shot,2PT Field Goal,Restricted Area,Center(C),Less Than 8 ft.,2,3,23,1,1,20240716,WAS,PHO,2024,1022400143428,18460,validated,203828,1,matched,playbyplayv2,1611661317,203828|1628278|1628878|1628899|1631141,complete,playbyplay_inferred,100940|204333|1629482|1630442|1642298,complete,playbyplay_inferred
Shot Chart Detail,1022400143,432,1628899,Myisha Hines-Allen,1611661322,Washington Mystics,4,8,51,Made Shot,Layup Shot,2PT Field Goal,Restricted Area,Center(C),Less Than 8 ft.,2,17,13,1,1,20240716,WAS,PHO,2024,1022400143432,18690,validated,1628278,1,matched,playbyplayv2,1611661317,203828|1628278|1628878|1628899|1631141,complete,playbyplay_inferred,100940|204333|1629482|1630442|1642298,complete,playbyplay_inferred
Shot Chart Detail,1022400143,441,1628899,Myisha Hines-Allen,1611661322,Washington Mystics,4,8,24,Made Shot,Reverse Layup Shot,2PT Field Goal,Restricted Area,Center(C),Less Than 8 ft.,2,-19,9,1,1,20240716,WAS,PHO,2024,1022400143441,18960,validated,,0,matched,playbyplayv2,1611661317,203828|1628278|1628878|1628899|1631141,complete,playbyplay_inferred,100940|203398|204333|1629482|1642298,complete,playbyplay_inferred
Shot Chart Detail,1022400143,501,1628899,Myisha Hines-Allen,1611661322,Washington Mystics,4,4,14,Missed Shot,Driving Hook Shot,2PT Field Goal,In The Paint (Non-RA),Center(C),Less Than 8 ft.,4,29,40,1,0,20240716,WAS,PHO,2024,1022400143501,21460,validated,,0,matched,playbyplayv2,1611661317,203828|1628278|1628878|1628899|1642210,complete,playbyplay_inferred,100940|203398|204333|1627674|1629482,complete,playbyplay_inferred
Shot Chart Detail,1022400143,524,1628899,Myisha Hines-Allen,1611661322,Washington Mystics,4,2,16,Made Shot,Driving Layup Shot,2PT Field Goal,Restricted Area,Center(C),Less Than 8 ft.,1,18,-5,1,1,20240716,WAS,PHO,2024,1022400143524,22640,validated,1642210,1,matched,playbyplayv2,1611661317,203828|1628278|1628878|1628899|1642210,complete,playbyplay_inferred,100940|203398|204333|1627674|1629482,complete,playbyplay_inferred
Shot Chart Detail,1022400143,533,1628899,Myisha Hines-Allen,1611661322,Washington Mystics,4,1,7,Made Shot,Layup Shot,2PT Field Goal,Restricted Area,Center(C),Less Than 8 ft.,3,-22,26,1,1,20240716,WAS,PHO,2024,1022400143533,23330,validated,1642210,1,matched,playbyplayv2,1611661317,203828|1628278|1628878|1628899|1642210,complete,playbyplay_inferred,100940|203398|204333|1627674|1629482,complete,playbyplay_inferred
Shot Chart Detail,1022400143,537,1628899,Myisha Hines-Allen,1611661322,Washington Mystics,4,0,29,Missed Shot,Driving Layup Shot,2PT Field Goal,In The Paint (Non-RA),Center(C),Less Than 8 ft.,6,-40,53,1,0,20240716,WAS,PHO,2024,1022400143537,23710,validated,,0,matched,playbyplayv2,1611661317,203828|1628278|1628878|1628899|1642210,complete,playbyplay_inferred,100940|203398|204333|1627674|1629482,complete,playbyplay_inferred
Shot Chart Detail,1022400143,546,1628899,Myisha Hines-Allen,1611661322,Washington Mystics,4,0,5,Missed Shot,Jump Shot,3PT Field Goal,Above the Break 3,Center(C),24+ ft.,28,22,280,1,0,20240716,WAS,PHO,2024,1022400143546,23950,validated,,0,matched,playbyplayv2,1611661317,203828|1628278|1628878|1628899|1642210,complete,playbyplay_inferred,100940|203398|204333|1627674|1629482,complete,playbyplay_inferred
Shot Chart Detail,1022400150,378,1628899,Myisha Hines-Allen,1611661322,Washington Mystics,3,1,17,Missed Shot,Driving Layup Shot,2PT Field Goal,Restricted Area,Center(C),Less Than 8 ft.,3,28,15,1,0,20240815,MIN,WAS,2024,1022400150378,17230,validated,,0,matched,playbyplayv2,1611661324,1628278|1628899|1631141|1642210|1642290,complete,playbyplay_inferred,1628508|1629501|1629567|1641649|1641657,complete,playbyplay_inferred
Shot Chart Detail,1022400150,408,1628899,Myisha Hines-Allen,1611661322,Washington Mystics,4,9,29,Missed Shot,Running Jump Shot,3PT Field Goal,Above the Break 3,Left Side Center(LC),24+ ft.,25,-131,213,1,0,20240815,MIN,WAS,2024,1022400150408,18310,validated,,0,matched,playbyplayv2,1611661324,1628278|1628279|1628899|1631022|1631141,complete,playbyplay_inferred,1628508|1629483|1629567|1641649|1641657,complete,playbyplay_inferred
Shot Chart Detail,1022400155,186,1628899,Myisha Hines-Allen,1611661322,Washington Mystics,2,6,11,Missed Shot,Layup Shot,2PT Field Goal,Restricted Area,Center(C),Less Than 8 ft.,1,13,10,1,0,20240817,WAS,MIN,2024,1022400155186,8290,validated,,0,matched,playbyplayv2,1611661324,1628279|1628878|1628899|1642210|1642290,complete,playbyplay_inferred,203825|1629501|1629567|1641649|1641657,complete,playbyplay_inferred
Shot Chart Detail,1022400155,190,1628899,Myisha Hines-Allen,1611661322,Washington Mystics,2,5,38,Made Shot,Driving Layup Shot,2PT Field Goal,Restricted Area,Center(C),Less Than 8 ft.,2,-28,7,1,1,20240817,WAS,MIN,2024,1022400155190,8620,validated,1628878,1,matched,playbyplayv2,1611661324,1628279|1628878|1628899|1642210|1642290,complete,playbyplay_inferred,203825|1629501|1629567|1641649|1641657,complete,playbyplay_inferred
Shot Chart Detail,1022400155,232,1628899,Myisha Hines-Allen,1611661322,Washington Mystics,2,2,52,Missed Shot,Jump Shot,3PT Field Goal,Above the Break 3,Right Side Center(RC),24+ ft.,26,152,217,1,0,20240817,WAS,MIN,2024,1022400155232,10280,validated,,0,matched,playbyplayv2,1611661324,203828|1628278|1628279|1628878|1628899,complete,playbyplay_inferred,203825|1627675|1629483|1629524|1641657,complete,playbyplay_inferred
Shot Chart Detail,1022400155,364,1628899,Myisha Hines-Allen,1611661322,Washington Mystics,3,3,16,Missed Shot,Pullup Jump shot,2PT Field Goal,Mid-Range,Center(C),16-24 ft.,19,23,189,1,0,20240817,WAS,MIN,2024,1022400155364,16040,validated,,0,matched,playbyplayv2,1611661324,1628278|1628899|1631141|1642210|1642290,complete,playbyplay_inferred,203825|1629483|1629524|1629567|1641657,complete,playbyplay_inferred
Shot Chart Detail,1022400155,489,1628899,Myisha Hines-Allen,1611661322,Washington Mystics,4,6,37,Missed Shot,Jump Shot,2PT Field Goal,Mid-Range,Left Side(L),8-16 ft.,15,-138,74,1,0,20240817,WAS,MIN,2024,1022400155489,20030,validated,,0,matched,playbyplayv2,1611661324,203828|1628278|1628279|1628878|1628899,complete,playbyplay_inferred,1627675|1629483|1629501|1629567|1641649,complete,playbyplay_inferred
Shot Chart Detail,1022400166,179,1628899,Myisha Hines-Allen,1611661324,Minnesota Lynx,2,5,43,Made Shot,Cutting Layup Shot,2PT Field Goal,In The Paint (Non-RA),Center(C),Less Than 8 ft.,4,39,24,1,1,20240821,LVA,MIN,2024,1022400166179,8570,validated,1627675,1,matched,playbyplayv2,1611661319,203825|1627675|1628899|1629524|1641657,complete,playbyplay_inferred,203833|1628276|1628932|1629484|1629498,complete,playbyplay_inferred
Shot Chart Detail,1022400166,207,1628899,Myisha Hines-Allen,1611661324,Minnesota Lynx,2,3,40,Made Shot,Cutting Layup Shot,2PT Field Goal,Restricted Area,Center(C),Less Than 8 ft.,3,-29,20,1,1,20240821,LVA,MIN,2024,1022400166207,9800,validated,1629483,1,matched,playbyplayv2,1611661319,203825|1627675|1628899|1629483|1629524,complete,playbyplay_inferred,202252|203833|1628276|1628932|1629498,complete,playbyplay_inferred
Shot Chart Detail,1022400166,248,1628899,Myisha Hines-Allen,1611661324,Minnesota Lynx,2,0,52,Missed Shot,Jump Shot,3PT Field Goal,Above the Break 3,Center(C),24+ ft.,25,74,243,1,0,20240821,LVA,MIN,2024,1022400166248,11480,validated,,0,matched,playbyplayv2,1611661319,203825|1627675|1628899|1629483|1629524,complete,playbyplay_inferred,202252|203833|1628276|1628932|1629498,complete,playbyplay_inferred
Shot Chart Detail,1022400166,315,1628899,Myisha Hines-Allen,1611661324,Minnesota Lynx,3,5,24,Made Shot,Layup Shot,2PT Field Goal,Restricted Area,Center(C),Less Than 8 ft.,2,-18,17,1,1,20240821,LVA,MIN,2024,1022400166315,14760,validated,1629483,1,matched,playbyplayv2,1611661319,203825|1627675|1628899|1629483|1629524,complete,playbyplay_inferred,203026|203833|1628276|1628932|1629498,complete,playbyplay_inferred
Shot Chart Detail,1022400166,332,1628899,Myisha Hines-Allen,1611661324,Minnesota Lynx,3,3,52,Missed Shot,Driving Layup Shot,2PT Field Goal,Restricted Area,Center(C),Less Than 8 ft.,3,-29,16,1,0,20240821,LVA,MIN,2024,1022400166332,15680,validated,,0,matched,playbyplayv2,1611661319,203825|1627675|1628899|1629483|1629524,complete,playbyplay_inferred,202252|203026|1628276|1629484|1629498,complete,playbyplay_inferred
Shot Chart Detail,1022400171,108,1628899,Myisha Hines-Allen,1611661324,Minnesota Lynx,1,0,46,Missed Shot,Turnaround Jump Shot,2PT Field Goal,Mid-Range,Left Side(L),8-16 ft.,12,-81,89,1,0,20240823,MIN,LVA,2024,1022400171108,5540,validated,,0,matched,playbyplayv2,1611661319,203825|1628508|1628899|1629567|1641657,complete,playbyplay_inferred,202252|203026|203833|204329|1642324,complete,playbyplay_inferred
Shot Chart Detail,1022400173,134,1628899,Myisha Hines-Allen,1611661324,Minnesota Lynx,2,8,45,Made Shot,Putback Layup Shot,2PT Field Goal,Restricted Area,Center(C),Less Than 8 ft.,1,-10,15,1,1,20240824,MIN,IND,2024,1022400173134,6750,validated,,0,matched,playbyplayv2,1611661325,1628508|1628899|1629524|1629567|1641657,complete,playbyplay_inferred,203024|1627701|1628909|1631086|1642286,complete,playbyplay_inferred
Shot Chart Detail,1022400173,345,1628899,Myisha Hines-Allen,1611661324,Minnesota Lynx,3,3,0,Missed Shot,Jump Shot,3PT Field Goal,Above the Break 3,Right Side Center(RC),16-24 ft.,23,173,162,1,0,20240824,MIN,IND,2024,1022400173345,16200,validated,,0,matched,playbyplayv2,1611661325,203825|1627675|1628899|1629483|1629524,complete,playbyplay_inferred,1627701|1628909|1631086|1641648|1642286,complete,playbyplay_inferred
Shot Chart Detail,1022400173,397,1628899,Myisha Hines-Allen,1611661324,Minnesota Lynx,4,8,31,Missed Shot,Cutting Layup Shot,2PT Field Goal,Restricted Area,Center(C),Less Than 8 ft.,1,19,6,1,0,20240824,MIN,IND,2024,1022400173397,18890,validated,,0,matched,playbyplayv2,1611661325,1628899|1629483|1629524|1629567|1641649,complete,playbyplay_inferred,1627701|1628909|1631086|1641648|1642286,complete,playbyplay_inferred
Shot Chart Detail,1022400173,400,1628899,Myisha Hines-Allen,1611661324,Minnesota Lynx,4,8,27,Made Shot,Layup Shot,2PT Field Goal,Restricted Area,Center(C),Less Than 8 ft.,1,-11,9,1,1,20240824,MIN,IND,2024,1022400173400,18930,validated,1641649,1,matched,playbyplayv2,1611661325,1628899|1629483|1629524|1629567|1641649,complete,playbyplay_inferred,1627701|1628909|1631086|1641648|1642286,complete,playbyplay_inferred
Shot Chart Detail,1022400183,92,1628899,Myisha Hines-Allen,1611661324,Minnesota Lynx,1,3,15,Made Shot,Putback Layup Shot,2PT Field Goal,Restricted Area,Center(C),Less Than 8 ft.,0,0,-6,1,1,20240828,PHO,MIN,2024,102240018392,4050,validated,,0,matched,playbyplayv2,1611661317,203825|1627675|1628899|1629483|1629524,complete,playbyplay_inferred,204333|1627674|1629482|1630442|1642298,complete,playbyplay_inferred
Shot Chart Detail,1022400183,191,1628899,Myisha Hines-Allen,1611661324,Minnesota Lynx,2,7,31,Made Shot,Jump Shot,3PT Field Goal,Above the Break 3,Right Side Center(RC),24+ ft.,23,182,155,1,1,20240828,PHO,MIN,2024,1022400183191,7490,validated,1629567,1,matched,playbyplayv2,1611661317,203825|1628899|1629483|1629567|1641649,complete,playbyplay_inferred,100940|203398|204333|1627674|1629482,complete,playbyplay_inferred
Shot Chart Detail,1022400183,209,1628899,Myisha Hines-Allen,1611661324,Minnesota Lynx,2,6,26,Made Shot,Cutting Finger Roll Layup Shot,2PT Field Goal,Restricted Area,Center(C),Less Than 8 ft.,2,-15,15,1,1,20240828,PHO,MIN,2024,1022400183209,8140,validated,1641649,1,matched,playbyplayv2,1611661317,203825|1627675|1628899|1629483|1641649,complete,playbyplay_inferred,204333|1627674|1628881|1629482|1630442,complete,playbyplay_inferred
Shot Chart Detail,1022400183,247,1628899,Myisha Hines-Allen,1611661324,Minnesota Lynx,2,2,54,Missed Shot,Running Jump Shot,3PT Field Goal,Above the Break 3,Left Side Center(LC),24+ ft.,24,-113,215,1,0,20240828,PHO,MIN,2024,1022400183247,10260,validated,,0,matched,playbyplayv2,1611661317,1627675|1628899|1629483|1629524|1641649,complete,playbyplay_inferred,100940|203398|204333|1628881|1629482,complete,playbyplay_inferred
Shot Chart Detail,1022400183,379,1628899,Myisha Hines-Allen,1611661324,Minnesota Lynx,3,2,37,Made Shot,Layup Shot,2PT Field Goal,Restricted Area,Center(C),Less Than 8 ft.,3,30,-2,1,1,20240828,PHO,MIN,2024,1022400183379,16430,validated,,0,matched,playbyplayv2,1611661317,203825|1627675|1628899|1629483|1629524,complete,playbyplay_inferred,203398|204333|1627674|1628881|1629482,complete,playbyplay_inferred
Shot Chart Detail,1022400183,396,1628899,Myisha Hines-Allen,1611661324,Minnesota Lynx,3,1,46,Missed Shot,Cutting Layup Shot,2PT Field Goal,In The Paint (Non-RA),Center(C),Less Than 8 ft.,4,41,22,1,0,20240828,PHO,MIN,2024,1022400183396,16940,validated,,0,matched,playbyplayv2,1611661317,203825|1628899|1629483|1629567|1641649,complete,playbyplay_inferred,100940|204333|1627674|1629482|1630442,complete,playbyplay_inferred
Shot Chart Detail,1022400183,398,1628899,Myisha Hines-Allen,1611661324,Minnesota Lynx,3,1,43,Missed Shot,Putback Layup Shot,2PT Field Goal,In The Paint (Non-RA),Center(C),Less Than 8 ft.,4,-39,14,1,0,20240828,PHO,MIN,2024,1022400183398,16970,validated,,0,matched,playbyplayv2,1611661317,203825|1628899|1629483|1629567|1641649,complete,playbyplay_inferred,100940|204333|1627674|1629482|1630442,complete,playbyplay_inferred
Shot Chart Detail,1022400183,460,1628899,Myisha Hines-Allen,1611661324,Minnesota Lynx,4,7,21,Missed Shot,Jump Shot,3PT Field Goal,Above the Break 3,Left Side Center(LC),24+ ft.,25,-85,239,1,0,20240828,PHO,MIN,2024,1022400183460,19590,validated,,0,matched,playbyplayv2,1611661317,203825|1628899|1629524|1629567|1641657,complete,playbyplay_inferred,100940|203398|204333|1627674|1629482,complete,playbyplay_inferred
Shot Chart Detail,1022400186,260,1628899,Myisha Hines-Allen,1611661324,Minnesota Lynx,2,0,47,Missed Shot,Driving Reverse Layup Shot,2PT Field Goal,In The Paint (Non-RA),Center(C),Less Than 8 ft.,4,21,36,1,0,20240830,DAL,MIN,2024,1022400186260,11530,validated,,0,matched,playbyplayv2,1611661321,203825|1627675|1628899|1629483|1629524,complete,playbyplay_inferred,203827|1629480|1629481|1642240|1642292,complete,playbyplay_inferred
Shot Chart Detail,1022400186,454,1628899,Myisha Hines-Allen,1611661324,Minnesota Lynx,4,6,34,Made Shot,Driving Finger Roll Layup Shot,2PT Field Goal,Restricted Area,Center(C),Less Than 8 ft.,2,6,23,1,1,20240830,DAL,MIN,2024,1022400186454,20060,validated,1629567,1,matched,playbyplayv2,1611661321,1628508|1628899|1629483|1629524|1629567,complete,playbyplay_inferred,203827|1629479|1629481|1630149|1642244,complete,playbyplay_inferred
Shot Chart Detail,1022400186,513,1628899,Myisha Hines-Allen,1611661324,Minnesota Lynx,4,1,4,Made Shot,Jump Shot,3PT Field Goal,Above the Break 3,Left Side Center(LC),24+ ft.,24,-121,217,1,1,20240830,DAL,MIN,2024,1022400186513,23360,validated,1628508,1,matched,playbyplayv2,1611661321,1628508|1628899|1629567|1641649|1642293,complete,playbyplay_inferred,203827|1629480|1629481|1630149|1642244,complete,playbyplay_inferred
Shot Chart Detail,1022400191,95,1628899,Myisha Hines-Allen,1611661324,Minnesota Lynx,1,1,17,Missed Shot,Layup Shot,2PT Field Goal,Restricted Area,Center(C),Less Than 8 ft.,0,5,3,1,0,20240901,MIN,CHI,2024,102240019195,5230,validated,,0,matched,playbyplayv2,1611661329,203825|1628508|1628899|1629483|1629567,complete,playbyplay_inferred,1628263|1628890|1630389|1642289|1642291,complete,playbyplay_inferred
Shot Chart Detail,1022400191,107,1628899,Myisha Hines-Allen,1611661324,Minnesota Lynx,1,0,13,Made Shot,Driving Layup Shot,2PT Field Goal,Restricted Area,Center(C),Less Than 8 ft.,1,-10,11,1,1,20240901,MIN,CHI,2024,1022400191107,5870,validated,1629567,1,matched,playbyplayv2,1611661329,203825|1628508|1628899|1629483|1629567,complete,playbyplay_inferred,1628263|1628890|1630389|1642289|1642291,complete,playbyplay_inferred
Shot Chart Detail,1022400191,207,1628899,Myisha Hines-Allen,1611661324,Minnesota Lynx,2,4,8,Missed Shot,Jump Shot,3PT Field Goal,Above the Break 3,Left Side Center(LC),24+ ft.,23,-121,206,1,0,20240901,MIN,CHI,2024,1022400191207,9520,validated,,0,matched,playbyplayv2,1611661329,203825|1627675|1628899|1629483|1629524,complete,playbyplay_inferred,1627669|1627671|1630446|1642289|1642291,complete,playbyplay_inferred
Shot Chart Detail,1022400191,218,1628899,Myisha Hines-Allen,1611661324,Minnesota Lynx,2,2,45,Missed Shot,Jump Shot,3PT Field Goal,Above the Break 3,Right Side Center(RC),24+ ft.,24,93,223,1,0,20240901,MIN,CHI,2024,1022400191218,10350,validated,,0,matched,playbyplayv2,1611661329,203825|1627675|1628899|1629483|1629524,complete,playbyplay_inferred,1627671|1628263|1630446|1642289|1642291,complete,playbyplay_inferred
Shot Chart Detail,1022400191,376,1628899,Myisha Hines-Allen,1611661324,Minnesota Lynx,3,0,58,Made Shot,Jump Shot,3PT Field Goal,Above the Break 3,Center(C),24+ ft.,24,11,240,1,1,20240901,MIN,CHI,2024,1022400191376,17420,validated,1629567,1,matched,playbyplayv2,1611661329,203825|1628899|1629524|1629567|1641657,complete,playbyplay_inferred,1628263|1628890|1630389|1642289|1642291,complete,playbyplay_inferred
Shot Chart Detail,1022400204,166,1628899,Myisha Hines-Allen,1611661324,Minnesota Lynx,2,7,41,Missed Shot,Driving Layup Shot,2PT Field Goal,Restricted Area,Center(C),Less Than 8 ft.,2,0,23,1,0,20240906,IND,MIN,2024,1022400204166,7390,validated,,0,matched,playbyplayv2,1611661325,1628508|1628899|1629483|1629567|1641657,complete,playbyplay_inferred,203024|204365|1628909|1631086|1641648,complete,playbyplay_inferred
Shot Chart Detail,1022400204,168,1628899,Myisha Hines-Allen,1611661324,Minnesota Lynx,2,7,36,Made Shot,Putback Layup Shot,2PT Field Goal,Restricted Area,Center(C),Less Than 8 ft.,0,0,-6,1,1,20240906,IND,MIN,2024,1022400204168,7440,validated,,0,matched,playbyplayv2,1611661325,1628508|1628899|1629483|1629567|1641657,complete,playbyplay_inferred,203024|204365|1628909|1631086|1641648,complete,playbyplay_inferred
Shot Chart Detail,1022400204,382,1628899,Myisha Hines-Allen,1611661324,Minnesota Lynx,3,1,31,Made Shot,Cutting Layup Shot,2PT Field Goal,Restricted Area,Center(C),Less Than 8 ft.,0,0,8,1,1,20240906,IND,MIN,2024,1022400204382,17090,validated,1629501,1,matched,playbyplayv2,1611661325,1628899|1629483|1629501|1629524|1629567,complete,playbyplay_inferred,204365|1627701|1628909|1631086|1641648,complete,playbyplay_inferred
Shot Chart Detail,1022400207,92,1628899,Myisha Hines-Allen,1611661324,Minnesota Lynx,1,1,23,Missed Shot,Driving Layup Shot,2PT Field Goal,In The Paint (Non-RA),Center(C),Less Than 8 ft.,6,-63,18,1,0,20240908,WAS,MIN,2024,102240020792,5170,validated,,0,matched,playbyplayv2,1611661322,203825|1628899|1629483|1629524|1629567,complete,playbyplay_inferred,1628278|1628317|1631022|1631083|1631141,complete,playbyplay_inferred
Shot Chart Detail,1022400207,108,1628899,Myisha Hines-Allen,1611661324,Minnesota Lynx,1,0,12,Made Shot,Cutting Layup Shot,2PT Field Goal,Restricted Area,Center(C),Less Than 8 ft.,1,18,8,1,1,20240908,WAS,MIN,2024,1022400207108,5880,validated,1629567,1,matched,playbyplayv2,1611661322,203825|1628508|1628899|1629483|1629567,complete,playbyplay_inferred,1628278|1628317|1631022|1631083|1631141,complete,playbyplay_inferred
Shot Chart Detail,1022400207,326,1628899,Myisha Hines-Allen,1611661324,Minnesota Lynx,3,3,43,Missed Shot,Putback Layup Shot,2PT Field Goal,Restricted Area,Center(C),Less Than 8 ft.,2,-28,10,1,0,20240908,WAS,MIN,2024,1022400207326,15770,validated,,0,matched,playbyplayv2,1611661322,203825|1628899|1629483|1629501|1629567,complete,playbyplay_inferred,1628278|1628317|1631022|1631083|1631141,complete,playbyplay_inferred
Shot Chart Detail,1022400207,350,1628899,Myisha Hines-Allen,1611661324,Minnesota Lynx,3,1,36,Missed Shot,Cutting Layup Shot,2PT Field Goal,Restricted Area,Center(C),Less Than 8 ft.,1,-15,7,1,0,20240908,WAS,MIN,2024,1022400207350,17040,validated,,0,matched,playbyplayv2,1611661322,203825|1628899|1629483|1629524|1629567,complete,playbyplay_inferred,1628278|1628317|1631022|1631083|1631141,complete,playbyplay_inferred
Shot Chart Detail,1022400207,376,1628899,Myisha Hines-Allen,1611661324,Minnesota Lynx,4,9,11,Missed Shot,Turnaround Jump Shot,2PT Field Goal,In The Paint (Non-RA),Center(C),Less Than 8 ft.,7,43,58,1,0,20240908,WAS,MIN,2024,1022400207376,18490,validated,,0,matched,playbyplayv2,1611661322,203825|1628899|1629483|1629524|1629567,complete,playbyplay_inferred,1628278|1628317|1631022|1631083|1631141,complete,playbyplay_inferred
Shot Chart Detail,1022400207,389,1628899,Myisha Hines-Allen,1611661324,Minnesota Lynx,4,8,7,Made Shot,Running Layup Shot,2PT Field Goal,Restricted Area,Center(C),Less Than 8 ft.,2,-22,-4,1,1,20240908,WAS,MIN,2024,1022400207389,19130,validated,,0,matched,playbyplayv2,1611661322,203825|1628899|1629483|1629524|1629567,complete,playbyplay_inferred,1628278|1628317|1631083|1631141|1642290,complete,playbyplay_inferred
Shot Chart Detail,1022400207,419,1628899,Myisha Hines-Allen,1611661324,Minnesota Lynx,4,6,13,Made Shot,Driving Layup Shot,2PT Field Goal,Restricted Area,Center(C),Less Than 8 ft.,1,-19,2,1,1,20240908,WAS,MIN,2024,1022400207419,20270,validated,203825,1,matched,playbyplayv2,1611661322,203825|1628508|1628899|1629483|1629567,complete,playbyplay_inferred,203828|1628278|1628317|1642210|1642290,complete,playbyplay_inferred
Shot Chart Detail,1022400212,126,1628899,Myisha Hines-Allen,1611661324,Minnesota Lynx,2,9,39,Missed Shot,Layup Shot,2PT Field Goal,Restricted Area,Center(C),Less Than 8 ft.,2,-26,14,1,0,20240910,ATL,MIN,2024,1022400212126,6210,validated,,0,matched,playbyplayv2,1611661330,203825|1628508|1628899|1629483|1629567,complete,playbyplay_inferred,202250|1628269|1630471|1631009|1641650,complete,playbyplay_inferred
Shot Chart Detail,1022400212,148,1628899,Myisha Hines-Allen,1611661324,Minnesota Lynx,2,7,9,Missed Shot,Driving Layup Shot,2PT Field Goal,Restricted Area,Center(C),Less Than 8 ft.,1,2,15,1,0,20240910,ATL,MIN,2024,1022400212148,7710,validated,,0,matched,playbyplayv2,1611661330,203825|1628508|1628899|1629483|1629567,complete,playbyplay_inferred,202250|1628269|1630471|1631009|1641650,complete,playbyplay_inferred
Shot Chart Detail,1022400212,237,1628899,Myisha Hines-Allen,1611661324,Minnesota Lynx,2,0,40,Made Shot,Layup Shot,2PT Field Goal,Restricted Area,Center(C),Less Than 8 ft.,1,0,11,1,1,20240910,ATL,MIN,2024,1022400212237,11600,validated,1628508,1,matched,playbyplayv2,1611661330,1627675|1628508|1628899|1629483|1629524,complete,playbyplay_inferred,202250|1628277|1628886|1631009|1631044,complete,playbyplay_inferred
Shot Chart Detail,1022400212,319,1628899,Myisha Hines-Allen,1611661324,Minnesota Lynx,3,4,41,Missed Shot,Hook Shot,2PT Field Goal,In The Paint (Non-RA),Center(C),Less Than 8 ft.,4,3,45,1,0,20240910,ATL,MIN,2024,1022400212319,15190,validated,,0,matched,playbyplayv2,1611661330,203825|1627675|1628899|1629483|1629524,complete,playbyplay_inferred,202250|1628277|1628886|1631009|1631032,complete,playbyplay_inferred
Shot Chart Detail,1022400212,339,1628899,Myisha Hines-Allen,1611661324,Minnesota Lynx,3,3,3,Made Shot,Running Layup Shot,2PT Field Goal,Restricted Area,Center(C),Less Than 8 ft.,1,7,11,1,1,20240910,ATL,MIN,2024,1022400212339,16170,validated,,0,matched,playbyplayv2,1611661330,203825|1628899|1629483|1629524|1629567,complete,playbyplay_inferred,202250|1628886|1630471|1631009|1631032,complete,playbyplay_inferred
Shot Chart Detail,1022400212,357,1628899,Myisha Hines-Allen,1611661324,Minnesota Lynx,3,1,13,Made Shot,Driving Layup Shot,2PT Field Goal,Restricted Area,Center(C),Less Than 8 ft.,3,10,31,1,1,20240910,ATL,MIN,2024,1022400212357,17270,validated,1629483,1,matched,playbyplayv2,1611661330,203825|1628899|1629483|1629524|1629567,complete,playbyplay_inferred,202250|1628886|1630471|1631009|1631032,complete,playbyplay_inferred
Shot Chart Detail,1022400212,408,1628899,Myisha Hines-Allen,1611661324,Minnesota Lynx,4,7,21,Missed Shot,Turnaround Jump Shot,2PT Field Goal,Restricted Area,Center(C),Less Than 8 ft.,3,-1,39,1,0,20240910,ATL,MIN,2024,1022400212408,19590,validated,,0,matched,playbyplayv2,1611661330,203825|1628899|1629483|1629524|1629567,complete,playbyplay_inferred,202250|1628277|1628886|1631009|1631044,complete,playbyplay_inferred
Shot Chart Detail,1022400222,86,1628899,Myisha Hines-Allen,1611661324,Minnesota Lynx,1,3,39,Made Shot,Reverse Layup Shot,2PT Field Goal,Restricted Area,Center(C),Less Than 8 ft.,1,11,-3,1,1,20240913,MIN,CHI,2024,102240022286,3810,validated,1627675,1,matched,playbyplayv2,1611661329,203825|1627675|1628899|1629483|1629524,complete,playbyplay_inferred,1628263|1629488|1630150|1630446|1642289,complete,playbyplay_inferred
Shot Chart Detail,1022400222,99,1628899,Myisha Hines-Allen,1611661324,Minnesota Lynx,1,2,36,Made Shot,Cutting Layup Shot,2PT Field Goal,Restricted Area,Center(C),Less Than 8 ft.,1,8,12,1,1,20240913,MIN,CHI,2024,102240022299,4440,validated,1627675,1,matched,playbyplayv2,1611661329,203825|1627675|1628899|1629483|1641657,complete,playbyplay_inferred,1628263|1629488|1630150|1630446|1642289,complete,playbyplay_inferred
Shot Chart Detail,1022400222,122,1628899,Myisha Hines-Allen,1611661324,Minnesota Lynx,1,0,37,Missed Shot,Driving Layup Shot,2PT Field Goal,In The Paint (Non-RA),Center(C),Less Than 8 ft.,4,-26,39,1,0,20240913,MIN,CHI,2024,1022400222122,5630,validated,,0,matched,playbyplayv2,1611661329,1627675|1628508|1628899|1629483|1641657,complete,playbyplay_inferred,1628263|1629488|1630150|1630446|1642289,complete,playbyplay_inferred
Shot Chart Detail,1022400222,377,1628899,Myisha Hines-Allen,1611661324,Minnesota Lynx,3,0,58,Made Shot,Putback Layup Shot,2PT Field Goal,Restricted Area,Center(C),Less Than 8 ft.,1,4,18,1,1,20240913,MIN,CHI,2024,1022400222377,17420,validated,,0,matched,playbyplayv2,1611661329,1628508|1628899|1629483|1629524|1629567,complete,playbyplay_inferred,1627671|1629488|1630150|1630389|1642289,complete,playbyplay_inferred
Shot Chart Detail,1022400222,380,1628899,Myisha Hines-Allen,1611661324,Minnesota Lynx,3,0,39,Made Shot,Running Layup Shot,2PT Field Goal,Restricted Area,Center(C),Less Than 8 ft.,1,-11,2,1,1,20240913,MIN,CHI,2024,1022400222380,17610,validated,1628508,1,matched,playbyplayv2,1611661329,1628508|1628899|1629483|1629524|1629567,complete,playbyplay_inferred,1627671|1629488|1630150|1630389|1642289,complete,playbyplay_inferred
Shot Chart Detail,1022400222,437,1628899,Myisha Hines-Allen,1611661324,Minnesota Lynx,4,6,32,Missed Shot,Driving Hook Shot,2PT Field Goal,In The Paint (Non-RA),Center(C),Less Than 8 ft.,5,-30,47,1,0,20240913,MIN,CHI,2024,1022400222437,20080,validated,,0,matched,playbyplayv2,1611661329,203825|1627675|1628899|1629483|1629501,complete,playbyplay_inferred,1628263|1629488|1630150|1630446|1642289,complete,playbyplay_inferred
Shot Chart Detail,1022400222,455,1628899,Myisha Hines-Allen,1611661324,Minnesota Lynx,4,5,11,Made Shot,Jump Shot,3PT Field Goal,Above the Break 3,Right Side(R),24+ ft.,22,221,31,1,1,20240913,MIN,CHI,2024,1022400222455,20890,validated,1629483,1,matched,playbyplayv2,1611661329,203825|1627675|1628899|1629483|1629501,complete,playbyplay_inferred,1628263|1629488|1630150|1630446|1642289,complete,playbyplay_inferred
Shot Chart Detail,1022400225,149,1628899,Myisha Hines-Allen,1611661324,Minnesota Lynx,2,7,58,Made Shot,Reverse Layup Shot,2PT Field Goal,Restricted Area,Center(C),Less Than 8 ft.,3,-38,9,1,1,20240915,NYL,MIN,2024,1022400225149,7220,validated,1629567,1,matched,playbyplayv2,1611661313,1628508|1628899|1629524|1629567|1641657,complete,playbyplay_inferred,202664|204335|1627673|1629568|1630142,complete,playbyplay_inferred
Shot Chart Detail,1022400225,155,1628899,Myisha Hines-Allen,1611661324,Minnesota Lynx,2,7,0,Missed Shot,Driving Hook Shot,2PT Field Goal,Restricted Area,Center(C),Less Than 8 ft.,3,27,25,1,0,20240915,NYL,MIN,2024,1022400225155,7800,validated,,0,matched,playbyplayv2,1611661313,1628508|1628899|1629524|1629567|1641657,complete,playbyplay_inferred,202664|204335|1627673|1629568|1630142,complete,playbyplay_inferred
Shot Chart Detail,1022400225,174,1628899,Myisha Hines-Allen,1611661324,Minnesota Lynx,2,6,10,Missed Shot,Driving Layup Shot,2PT Field Goal,In The Paint (Non-RA),Center(C),Less Than 8 ft.,4,32,27,1,0,20240915,NYL,MIN,2024,1022400225174,8300,validated,,0,matched,playbyplayv2,1611661313,203825|1627675|1628508|1628899|1629483,complete,playbyplay_inferred,204335|1627668|1627673|1629477|1629568,complete,playbyplay_inferred
Shot Chart Detail,1022400225,176,1628899,Myisha Hines-Allen,1611661324,Minnesota Lynx,2,6,6,Made Shot,Putback Layup Shot,2PT Field Goal,Restricted Area,Center(C),Less Than 8 ft.,3,28,16,1,1,20240915,NYL,MIN,2024,1022400225176,8340,validated,,0,matched,playbyplayv2,1611661313,203825|1627675|1628508|1628899|1629483,complete,playbyplay_inferred,204335|1627668|1627673|1629477|1629568,complete,playbyplay_inferred
Shot Chart Detail,1022400225,184,1628899,Myisha Hines-Allen,1611661324,Minnesota Lynx,2,5,10,Made Shot,Reverse Layup Shot,2PT Field Goal,Restricted Area,Center(C),Less Than 8 ft.,3,-27,20,1,1,20240915,NYL,MIN,2024,1022400225184,8900,validated,,0,matched,playbyplayv2,1611661313,203825|1627675|1628508|1628899|1629483,complete,playbyplay_inferred,204335|1627668|1627673|1629477|1629568,complete,playbyplay_inferred
Shot Chart Detail,1022400225,360,1628899,Myisha Hines-Allen,1611661324,Minnesota Lynx,3,1,16,Made Shot,Jump Shot,2PT Field Goal,In The Paint (Non-RA),Right Side(R),8-16 ft.,8,56,68,1,1,20240915,NYL,MIN,2024,1022400225360,17240,validated,203825,1,matched,playbyplayv2,1611661313,203825|1628899|1629483|1629524|1629567,complete,playbyplay_inferred,203866|204335|1627668|1630142|1631055,complete,playbyplay_inferred
Shot Chart Detail,1022400225,478,1628899,Myisha Hines-Allen,1611661324,Minnesota Lynx,4,2,36,Missed Shot,Driving Layup Shot,2PT Field Goal,In The Paint (Non-RA),Center(C),Less Than 8 ft.,5,45,28,1,0,20240915,NYL,MIN,2024,1022400225478,22440,validated,,0,matched,playbyplayv2,1611661313,203825|1627675|1628899|1629483|1629524,complete,playbyplay_inferred,203866|1627668|1629477|1630142|1631055,complete,playbyplay_inferred
Shot Chart Detail,1022400230,130,1628899,Myisha Hines-Allen,1611661324,Minnesota Lynx,2,9,3,Made Shot,Layup Shot,2PT Field Goal,Restricted Area,Center(C),Less Than 8 ft.,3,-5,36,1,1,20240917,CON,MIN,2024,1022400230130,6570,validated,1629524,1,matched,playbyplayv2,1611661323,1628508|1628899|1629483|1629524|1629567,complete,playbyplay_inferred,201886|203826|1629497|1630096|1631007,complete,playbyplay_inferred
Shot Chart Detail,1022400230,138,1628899,Myisha Hines-Allen,1611661324,Minnesota Lynx,2,7,52,Made Shot,Driving Layup Shot,2PT Field Goal,Restricted Area,Center(C),Less Than 8 ft.,3,24,28,1,1,20240917,CON,MIN,2024,1022400230138,7280,validated,,0,matched,playbyplayv2,1611661323,1628508|1628899|1629483|1629524|1629567,complete,playbyplay_inferred,201886|203826|1629497|1630096|1631007,complete,playbyplay_inferred
Shot Chart Detail,1022400230,164,1628899,Myisha Hines-Allen,1611661324,Minnesota Lynx,2,5,38,Made Shot,Putback Layup Shot,2PT Field Goal,Restricted Area,Center(C),Less Than 8 ft.,3,17,31,1,1,20240917,CON,MIN,2024,1022400230164,8620,validated,,0,matched,playbyplayv2,1611661323,203825|1628899|1629483|1629524|1629567,complete,playbyplay_inferred,203826|1629497|1630112|1631007|1631135,complete,playbyplay_inferred
Shot Chart Detail,1022400230,374,1628899,Myisha Hines-Allen,1611661324,Minnesota Lynx,4,8,32,Missed Shot,Running Layup Shot,2PT Field Goal,In The Paint (Non-RA),Center(C),Less Than 8 ft.,5,41,35,1,0,20240917,CON,MIN,2024,1022400230374,18880,validated,,0,matched,playbyplayv2,1611661323,203825|1627675|1628899|1629483|1629524,complete,playbyplay_inferred,201886|1628280|1629497|1630096|1630112,complete,playbyplay_inferred
Shot Chart Detail,1022400230,379,1628899,Myisha Hines-Allen,1611661324,Minnesota Lynx,4,7,40,Missed Shot,Driving Layup Shot,2PT Field Goal,In The Paint (Non-RA),Center(C),Less Than 8 ft.,6,-38,55,1,0,20240917,CON,MIN,2024,1022400230379,19400,validated,,0,matched,playbyplayv2,1611661323,203825|1627675|1628899|1629483|1629524,complete,playbyplay_inferred,201886|1628280|1629497|1630096|1630112,complete,playbyplay_inferred
Shot Chart Detail,1022400230,385,1628899,Myisha Hines-Allen,1611661324,Minnesota Lynx,4,7,19,Made Shot,Cutting Layup Shot,2PT Field Goal,Restricted Area,Center(C),Less Than 8 ft.,2,6,20,1,1,20240917,CON,MIN,2024,1022400230385,19610,validated,1627675,1,matched,playbyplayv2,1611661323,203825|1627675|1628899|1629483|1629524,complete,playbyplay_inferred,201886|1628280|1629497|1630096|1630112,complete,playbyplay_inferred
Shot Chart Detail,1022400238,74,1628899,Myisha Hines-Allen,1611661324,Minnesota Lynx,1,3,46,Missed Shot,Layup Shot,2PT Field Goal,Restricted Area,Center(C),Less Than 8 ft.,2,-24,5,1,0,20240919,MIN,LAS,2024,102240023874,3740,validated,,0,matched,playbyplayv2,1611661320,1628899|1629501|1629524|1629567|1641649,complete,playbyplay_inferred,203824|204324|1628922|1630996|1642288,complete,playbyplay_inferred
Shot Chart Detail,1022400238,248,1628899,Myisha Hines-Allen,1611661324,Minnesota Lynx,3,9,41,Missed Shot,Jump Shot,2PT Field Goal,In The Paint (Non-RA),Center(C),8-16 ft.,10,-23,100,1,0,20240919,MIN,LAS,2024,1022400238248,12190,validated,,0,matched,playbyplayv2,1611661320,1627675|1628899|1629501|1629524|1641649,complete,playbyplay_inferred,203824|204324|1628922|1630996|1642288,complete,playbyplay_inferred
Shot Chart Detail,1022400238,263,1628899,Myisha Hines-Allen,1611661324,Minnesota Lynx,3,8,4,Missed Shot,Jump Shot,3PT Field Goal,Above the Break 3,Left Side Center(LC),24+ ft.,23,-185,152,1,0,20240919,MIN,LAS,2024,1022400238263,13160,validated,,0,matched,playbyplayv2,1611661320,1627675|1628899|1629501|1629524|1641649,complete,playbyplay_inferred,203824|204324|1628922|1630996|1642288,complete,playbyplay_inferred
Shot Chart Detail,1022400238,414,1628899,Myisha Hines-Allen,1611661324,Minnesota Lynx,4,4,45,Missed Shot,Cutting Layup Shot,2PT Field Goal,Restricted Area,Center(C),Less Than 8 ft.,3,-13,36,1,0,20240919,MIN,LAS,2024,1022400238414,21150,validated,,0,matched,playbyplayv2,1611661320,1627675|1628508|1628899|1630151|1642293,complete,playbyplay_inferred,203824|203855|204324|1628915|1630996,complete,playbyplay_inferred
Shot Chart Detail,1022400238,419,1628899,Myisha Hines-Allen,1611661324,Minnesota Lynx,4,4,18,Missed Shot,Layup Shot,2PT Field Goal,Restricted Area,Center(C),Less Than 8 ft.,2,-24,9,1,0,20240919,MIN,LAS,2024,1022400238419,21420,validated,,0,matched,playbyplayv2,1611661320,1627675|1628508|1628899|1630151|1642293,complete,playbyplay_inferred,203824|203855|204324|1628915|1630996,complete,playbyplay_inferred
