GRID_TYPE,GAME_ID,GAME_EVENT_ID,PLAYER_ID,PLAYER_NAME,TEAM_ID,TEAM_NAME,PERIOD,MINUTES_REMAINING,SECONDS_REMAINING,EVENT_TYPE,ACTION_TYPE,SHOT_TYPE,SHOT_ZONE_BASIC,SHOT_ZONE_AREA,SHOT_ZONE_RANGE,SHOT_DISTANCE,LOC_X,LOC_Y,SHOT_ATTEMPTED_FLAG,SHOT_MADE_FLAG,GAME_DATE,HTM,VTM,SEASON,SHOT_ID,time,SHOT_DATA_STATUS,ASSIST_ID,assisted,ASSIST_STATUS,PBP_SOURCE,OPP_TEAM_ID,PLAYERS_ON,LINEUP_STATUS,LINEUP_SOURCE,OPP_PLAYERS_ON,OPP_LINEUP_STATUS,OPP_LINEUP_SOURCE
Shot Chart Detail,1021600001,102,203041,Lynetta Kizer,1611661325,Indiana Fever,1,1,18,Missed Shot,Jump Shot,2PT Field Goal,Mid-Range,Center(C),16-24 ft.,18.0,48.0,175.0,1,0,20160514,IND,DAL,2016,1021600001102,5220,validated,,0,matched,playbyplayv2,1611661321,203016|203018|203041|203843|1627688,complete,playbyplay_inferred,202640|203824|203835|203849|1627672,complete,playbyplay_inferred
Shot Chart Detail,1021600010,139,203041,Lynetta Kizer,1611661325,Indiana Fever,2,7,57,Missed Shot,Jump Shot,2PT Field Goal,In The Paint (Non-RA),Right Side(R),8-16 ft.,8.0,73.0,48.0,1,0,20160518,IND,PHO,2016,1021600010139,7230,validated,,0,matched,playbyplayv2,1611661317,203016|203018|203041|203843|204365,complete,playbyplay_inferred,100634|200691|201909|203398|1627699,complete,playbyplay_inferred
Shot Chart Detail,1021600010,347,203041,Lynetta Kizer,1611661325,Indiana Fever,3,2,38,Missed Shot,Jump Shot,2PT Field Goal,Mid-Range,Left Side Center(LC),16-24 ft.,18.0,-62.0,175.0,1,0,20160518,IND,PHO,2016,1021600010347,16420,validated,,0,matched,playbyplayv2,1611661317,203016|203018|203041|203843|1627676,complete,playbyplay_inferred,100940|200691|201886|201909|204330,complete,playbyplay_inferred
Shot Chart Detail,1021600013,108,203041,Lynetta Kizer,1611661325,Indiana Fever,1,0,0,Made Shot,Tip Layup Shot,2PT Field Goal,Restricted Area,Center(C),Less Than 8 ft.,0.0,1.0,-3.0,1,1,20160520,IND,ATL,2016,1021600013108,6000,validated,,0,matched,playbyplayv2,1611661330,203016|203041|203843|1627676|1627688,complete,playbyplay_inferred,201492|203848|204332|1627678|1627680,complete,playbyplay_inferred
Shot Chart Detail,1021600013,114,203041,Lynetta Kizer,1611661325,Indiana Fever,2,9,51,Made Shot,Layup Shot,2PT Field Goal,Restricted Area,Center(C),Less Than 8 ft.,0.0,1.0,-2.0,1,1,20160520,IND,ATL,2016,1021600013114,6090,validated,1627688,1,matched,playbyplayv2,1611661330,203016|203041|203843|1627676|1627688,complete,playbyplay_inferred,201492|201881|203848|1627678|1627680,complete,playbyplay_inferred
Shot Chart Detail,1021600013,124,203041,Lynetta Kizer,1611661325,Indiana Fever,2,9,12,Made Shot,Jump Shot,2PT Field Goal,Mid-Range,Center(C),8-16 ft.,14.0,32.0,143.0,1,1,20160520,IND,ATL,2016,1021600013124,6480,validated,1627688,1,matched,playbyplayv2,1611661330,203016|203041|203843|1627676|1627688,complete,playbyplay_inferred,101023|201881|203406|203848|1627678,complete,playbyplay_inferred
Shot Chart Detail,1021600013,266,203041,Lynetta Kizer,1611661325,Indiana Fever,3,7,13,Missed Shot,Jump Shot,2PT Field Goal,Mid-Range,Left Side Center(LC),16-24 ft.,17.0,-68.0,164.0,1,0,20160520,IND,ATL,2016,1021600013266,13670,validated,,0,matched,playbyplayv2,1611661330,100646|201889|203018|203041|204365,complete,playbyplay_inferred,101023|201881|203026|203406|204322,complete,playbyplay_inferred
Shot Chart Detail,1021600013,270,203041,Lynetta Kizer,1611661325,Indiana Fever,3,6,43,Made Shot,Cutting Layup Shot,2PT Field Goal,Restricted Area,Center(C),Less Than 8 ft.,0.0,0.0,-6.0,1,1,20160520,IND,ATL,2016,1021600013270,13970,validated,201889,1,matched,playbyplayv2,1611661330,100646|201889|203018|203041|204365,complete,playbyplay_inferred,101023|201881|203026|203406|204322,complete,playbyplay_inferred
Shot Chart Detail,1021600013,487,203041,Lynetta Kizer,1611661325,Indiana Fever,4,2,2,Missed Shot,Layup Shot,2PT Field Goal,Restricted Area,Center(C),Less Than 8 ft.,2.0,6.0,22.0,1,0,20160520,IND,ATL,2016,1021600013487,22780,validated,,0,matched,playbyplayv2,1611661330,100646|201889|203018|203041|1627676,complete,playbyplay_inferred,101023|201492|203026|203406|204334,complete,playbyplay_inferred
Shot Chart Detail,1021600025,79,203041,Lynetta Kizer,1611661325,Indiana Fever,1,3,2,Missed Shot,Layup Shot,2PT Field Goal,Restricted Area,Center(C),Less Than 8 ft.,1.0,-8.0,7.0,1,0,20160527,MIN,IND,2016,102160002579,4180,validated,,0,matched,playbyplayv2,1611661324,201889|203016|203041|203843|1627688,complete,playbyplay_inferred,100952|101019|200671|201904|203827,complete,playbyplay_inferred
Shot Chart Detail,1021600025,89,203041,Lynetta Kizer,1611661325,Indiana Fever,1,2,0,Missed Shot,Turnaround Jump Shot,2PT Field Goal,Mid-Range,Left Side(L),8-16 ft.,13.0,-93.0,91.0,1,0,20160527,MIN,IND,2016,102160002589,4800,validated,,0,matched,playbyplayv2,1611661324,201889|203016|203041|203843|1627688,complete,playbyplay_inferred,100952|101019|201904|202632|203827,complete,playbyplay_inferred
Shot Chart Detail,1021600025,95,203041,Lynetta Kizer,1611661325,Indiana Fever,1,1,24,Missed Shot,Driving Layup Shot,2PT Field Goal,Restricted Area,Center(C),Less Than 8 ft.,0.0,6.0,1.0,1,0,20160527,MIN,IND,2016,102160002595,5160,validated,,0,matched,playbyplayv2,1611661324,203016|203041|203843|1627676|1627688,complete,playbyplay_inferred,100952|101019|201904|202632|203827,complete,playbyplay_inferred
Shot Chart Detail,1021600025,101,203041,Lynetta Kizer,1611661325,Indiana Fever,1,0,20,Missed Shot,Jump Shot,2PT Field Goal,Mid-Range,Center(C),16-24 ft.,19.0,-16.0,190.0,1,0,20160527,MIN,IND,2016,1021600025101,5800,validated,,0,matched,playbyplayv2,1611661324,203016|203041|203843|1627676|1627688,complete,playbyplay_inferred,100952|101019|201904|202632|203827,complete,playbyplay_inferred
Shot Chart Detail,1021600029,144,203041,Lynetta Kizer,1611661325,Indiana Fever,2,8,58,Made Shot,Jump Shot,2PT Field Goal,Mid-Range,Right Side Center(RC),16-24 ft.,18.0,119.0,140.0,1,1,20160529,ATL,IND,2016,1021600029144,6620,validated,201889,1,matched,playbyplayv2,1611661330,100646|201503|201889|203041|204365,complete,playbyplay_inferred,201881|204322|1627635|1627678|1627680,complete,playbyplay_inferred
Shot Chart Detail,1021600029,150,203041,Lynetta Kizer,1611661325,Indiana Fever,2,7,51,Missed Shot,Jump Shot,2PT Field Goal,Mid-Range,Center(C),16-24 ft.,16.0,-6.0,160.0,1,0,20160529,ATL,IND,2016,1021600029150,7290,validated,,0,matched,playbyplayv2,1611661330,100646|201503|201889|203041|204365,complete,playbyplay_inferred,201881|204322|1627635|1627678|1627680,complete,playbyplay_inferred
Shot Chart Detail,1021600029,185,203041,Lynetta Kizer,1611661325,Indiana Fever,2,4,41,Made Shot,Running Layup Shot,2PT Field Goal,Restricted Area,Center(C),Less Than 8 ft.,0.0,-2.0,7.0,1,1,20160529,ATL,IND,2016,1021600029185,9190,validated,201889,1,matched,playbyplayv2,1611661330,201503|201889|203041|204365|1627676,complete,playbyplay_inferred,101023|201492|203026|203406|204322,complete,playbyplay_inferred
Shot Chart Detail,1021600029,373,203041,Lynetta Kizer,1611661325,Indiana Fever,3,1,18,Made Shot,Jump Shot,2PT Field Goal,Mid-Range,Right Side Center(RC),16-24 ft.,19.0,63.0,183.0,1,1,20160529,ATL,IND,2016,1021600029373,17220,validated,204365,1,matched,playbyplayv2,1611661330,201503|201889|203041|204365|1627676,complete,playbyplay_inferred,201881|204322|204334|1627635|1627678,complete,playbyplay_inferred
Shot Chart Detail,1021600029,396,203041,Lynetta Kizer,1611661325,Indiana Fever,4,8,49,Missed Shot,Jump Shot,2PT Field Goal,Mid-Range,Left Side Center(LC),16-24 ft.,16.0,-75.0,144.0,1,0,20160529,ATL,IND,2016,1021600029396,18710,validated,,0,matched,playbyplayv2,1611661330,201503|201889|203041|204365|1627688,complete,playbyplay_inferred,101023|201881|203406|204322|1627678,complete,playbyplay_inferred
Shot Chart Detail,1021600035,72,203041,Lynetta Kizer,1611661325,Indiana Fever,1,1,21,Made Shot,Turnaround Jump Shot,2PT Field Goal,In The Paint (Non-RA),Center(C),Less Than 8 ft.,5.0,10.0,50.0,1,1,20160601,IND,SEA,2016,102160003572,5190,validated,203016,1,matched,playbyplayv2,1611661328,201889|201896|203016|203041|1627688,complete,playbyplay_inferred,100720|202257|204317|204321|1627668,complete,playbyplay_inferred
Shot Chart Detail,1021600035,77,203041,Lynetta Kizer,1611661325,Indiana Fever,1,0,44,Missed Shot,Layup Shot,2PT Field Goal,Restricted Area,Center(C),Less Than 8 ft.,1.0,-11.0,0.0,1,0,20160601,IND,SEA,2016,102160003577,5560,validated,,0,matched,playbyplayv2,1611661328,201889|201896|203016|203041|1627688,complete,playbyplay_inferred,100720|202257|204317|204321|1627668,complete,playbyplay_inferred
Shot Chart Detail,1021600035,103,203041,Lynetta Kizer,1611661325,Indiana Fever,2,9,18,Made Shot,Layup Shot,2PT Field Goal,Restricted Area,Center(C),Less Than 8 ft.,1.0,-4.0,-10.0,1,1,20160601,IND,SEA,2016,1021600035103,6420,validated,1627688,1,matched,playbyplayv2,1611661328,100646|203041|204365|1627676|1627688,complete,playbyplay_inferred,202257|204317|204319|204321|1627668,complete,playbyplay_inferred
Shot Chart Detail,1021600035,109,203041,Lynetta Kizer,1611661325,Indiana Fever,2,8,55,Made Shot,Jump Shot,2PT Field Goal,Mid-Range,Left Side Center(LC),16-24 ft.,19.0,-71.0,179.0,1,1,20160601,IND,SEA,2016,1021600035109,6650,validated,1627688,1,matched,playbyplayv2,1611661328,100646|203041|204365|1627676|1627688,complete,playbyplay_inferred,202626|204317|204319|204321|1627668,complete,playbyplay_inferred
Shot Chart Detail,1021600035,117,203041,Lynetta Kizer,1611661325,Indiana Fever,2,7,50,Made Shot,Turnaround Jump Shot,2PT Field Goal,In The Paint (Non-RA),Center(C),Less Than 8 ft.,4.0,17.0,41.0,1,1,20160601,IND,SEA,2016,1021600035117,7300,validated,100646,1,matched,playbyplayv2,1611661328,100646|203041|204365|1627676|1627688,complete,playbyplay_inferred,202626|204317|204319|204321|1627668,complete,playbyplay_inferred
Shot Chart Detail,1021600035,128,203041,Lynetta Kizer,1611661325,Indiana Fever,2,6,12,Missed Shot,Jump Shot,2PT Field Goal,In The Paint (Non-RA),Center(C),Less Than 8 ft.,6.0,59.0,19.0,1,0,20160601,IND,SEA,2016,1021600035128,8280,validated,,0,matched,playbyplayv2,1611661328,100646|203041|204365|1627676|1627688,complete,playbyplay_inferred,100720|202626|203832|204317|204319,complete,playbyplay_inferred
Shot Chart Detail,1021600035,131,203041,Lynetta Kizer,1611661325,Indiana Fever,2,5,34,Made Shot,Jump Shot,2PT Field Goal,Mid-Range,Right Side(R),16-24 ft.,16.0,160.0,-16.0,1,1,20160601,IND,SEA,2016,1021600035131,8660,validated,,0,matched,playbyplayv2,1611661328,100646|203041|204365|1627676|1627688,complete,playbyplay_inferred,100720|202626|203832|204317|204319,complete,playbyplay_inferred
Shot Chart Detail,1021600035,245,203041,Lynetta Kizer,1611661325,Indiana Fever,3,4,58,Made Shot,Jump Shot,2PT Field Goal,Mid-Range,Right Side Center(RC),16-24 ft.,17.0,59.0,160.0,1,1,20160601,IND,SEA,2016,1021600035245,15020,validated,204365,1,matched,playbyplayv2,1611661328,100646|201889|203041|204365|1627676,complete,playbyplay_inferred,100720|202257|204317|204319|1627668,complete,playbyplay_inferred
Shot Chart Detail,1021600035,299,203041,Lynetta Kizer,1611661325,Indiana Fever,3,0,3,Missed Shot,Jump Shot,2PT Field Goal,Mid-Range,Left Side(L),16-24 ft.,17.0,-177.0,-6.0,1,0,20160601,IND,SEA,2016,1021600035299,17970,validated,,0,matched,playbyplayv2,1611661328,201889|203016|203041|204365|1627688,complete,playbyplay_inferred,100720|202257|204317|204321|1627668,complete,playbyplay_inferred
Shot Chart Detail,1021600035,301,203041,Lynetta Kizer,1611661325,Indiana Fever,3,0,0,Missed Shot,Jump Shot,2PT Field Goal,Mid-Range,Left Side(L),8-16 ft.,14.0,-147.0,-11.0,1,0,20160601,IND,SEA,2016,1021600035301,18000,validated,,0,matched,playbyplayv2,1611661328,201889|203016|203041|204365|1627688,complete,playbyplay_inferred,100720|202257|204317|204321|1627668,complete,playbyplay_inferred
Shot Chart Detail,1021600035,351,203041,Lynetta Kizer,1611661325,Indiana Fever,4,4,47,Made Shot,Layup Shot,2PT Field Goal,Restricted Area,Center(C),Less Than 8 ft.,1.0,1.0,-10.0,1,1,20160601,IND,SEA,2016,1021600035351,21130,validated,1627676,1,matched,playbyplayv2,1611661328,100646|201889|201896|203041|1627676,complete,playbyplay_inferred,202257|203832|204319|204321|1627668,complete,playbyplay_inferred
Shot Chart Detail,1021600035,380,203041,Lynetta Kizer,1611661325,Indiana Fever,4,2,57,Made Shot,Jump Shot,2PT Field Goal,In The Paint (Non-RA),Left Side(L),8-16 ft.,11.0,-73.0,94.0,1,1,20160601,IND,SEA,2016,1021600035380,22230,validated,1627688,1,matched,playbyplayv2,1611661328,203016|203041|204365|1627676|1627688,complete,playbyplay_inferred,202626|203832|204321|204355|1627668,complete,playbyplay_inferred
Shot Chart Detail,1021600035,399,203041,Lynetta Kizer,1611661325,Indiana Fever,4,1,42,Missed Shot,Jump Shot,2PT Field Goal,Mid-Range,Left Side(L),16-24 ft.,18.0,-180.0,17.0,1,0,20160601,IND,SEA,2016,1021600035399,22980,validated,,0,matched,playbyplayv2,1611661328,203016|203041|204365|1627676|1627688,complete,playbyplay_inferred,202626|203832|204321|204355|1627668,complete,playbyplay_inferred
Shot Chart Detail,1021600038,88,203041,Lynetta Kizer,1611661325,Indiana Fever,1,1,54,Made Shot,Layup Shot,2PT Field Goal,Restricted Area,Center(C),Less Than 8 ft.,2.0,6.0,26.0,1,1,20160603,NYL,IND,2016,102160003888,4860,validated,201896,1,matched,playbyplayv2,1611661313,201896|203016|203018|203041|1627676,complete,playbyplay_inferred,201919|203411|204320|204327|204329,complete,playbyplay_inferred
Shot Chart Detail,1021600038,94,203041,Lynetta Kizer,1611661325,Indiana Fever,1,1,0,Missed Shot,Layup Shot,2PT Field Goal,Restricted Area,Center(C),Less Than 8 ft.,1.0,13.0,4.0,1,0,20160603,NYL,IND,2016,102160003894,5400,validated,,0,matched,playbyplayv2,1611661313,201896|203016|203018|203041|1627676,complete,playbyplay_inferred,201919|203411|204320|204327|204329,complete,playbyplay_inferred
Shot Chart Detail,1021600038,103,203041,Lynetta Kizer,1611661325,Indiana Fever,1,0,1,Missed Shot,Layup Shot,2PT Field Goal,Restricted Area,Center(C),Less Than 8 ft.,1.0,10.0,12.0,1,0,20160603,NYL,IND,2016,1021600038103,5990,validated,,0,matched,playbyplayv2,1611661313,201896|203016|203018|203041|1627676,complete,playbyplay_inferred,100721|201919|203411|204327|204329,complete,playbyplay_inferred
Shot Chart Detail,1021600038,140,203041,Lynetta Kizer,1611661325,Indiana Fever,2,6,17,Made Shot,Layup Shot,2PT Field Goal,Restricted Area,Center(C),Less Than 8 ft.,2.0,23.0,7.0,1,1,20160603,NYL,IND,2016,1021600038140,8230,validated,203018,1,matched,playbyplayv2,1611661313,201889|201896|203016|203018|203041,complete,playbyplay_inferred,100721|101030|201919|202250|204329,complete,playbyplay_inferred
Shot Chart Detail,1021600038,151,203041,Lynetta Kizer,1611661325,Indiana Fever,2,5,16,Missed Shot,Jump Shot,2PT Field Goal,Mid-Range,Center(C),8-16 ft.,15.0,17.0,157.0,1,0,20160603,NYL,IND,2016,1021600038151,8840,validated,,0,matched,playbyplayv2,1611661313,100646|201889|201896|203018|203041,complete,playbyplay_inferred,100721|101030|202250|203411|204329,complete,playbyplay_inferred
Shot Chart Detail,1021600038,356,203041,Lynetta Kizer,1611661325,Indiana Fever,4,9,21,Made Shot,Jump Shot,2PT Field Goal,Mid-Range,Center(C),16-24 ft.,16.0,-51.0,162.0,1,1,20160603,NYL,IND,2016,1021600038356,18390,validated,203016,1,matched,playbyplayv2,1611661313,201889|203016|203018|203041|204365,complete,playbyplay_inferred,100721|201919|202250|204327|204329,complete,playbyplay_inferred
Shot Chart Detail,1021600051,121,203041,Lynetta Kizer,1611661325,Indiana Fever,1,0,1,Missed Shot,Jump Shot,2PT Field Goal,Mid-Range,Center(C),8-16 ft.,15.0,9.0,159.0,1,0,20160610,IND,CHI,2016,1021600051121,5990,validated,,0,matched,playbyplayv2,1611661329,203016|203018|203041|204365|1627676,complete,playbyplay_inferred,200665|201516|203857|204309|1627677,complete,playbyplay_inferred
Shot Chart Detail,1021600051,134,203041,Lynetta Kizer,1611661325,Indiana Fever,2,8,41,Missed Shot,Jump Shot,2PT Field Goal,Mid-Range,Left Side(L),16-24 ft.,17.0,-177.0,-21.0,1,0,20160610,IND,CHI,2016,1021600051134,6790,validated,,0,matched,playbyplayv2,1611661329,203016|203018|203041|204365|1627676,complete,playbyplay_inferred,200665|201516|203857|204309|1627677,complete,playbyplay_inferred
Shot Chart Detail,1021600051,326,203041,Lynetta Kizer,1611661325,Indiana Fever,4,9,39,Made Shot,Jump Shot,2PT Field Goal,Mid-Range,Center(C),16-24 ft.,19.0,15.0,197.0,1,1,20160610,IND,CHI,2016,1021600051326,18210,validated,201896,1,matched,playbyplayv2,1611661329,201896|203016|203018|203041|1627676,complete,playbyplay_inferred,201477|201516|203857|204309|1627677,complete,playbyplay_inferred
Shot Chart Detail,1021600051,345,203041,Lynetta Kizer,1611661325,Indiana Fever,4,7,37,Missed Shot,Jump Shot,2PT Field Goal,In The Paint (Non-RA),Center(C),Less Than 8 ft.,4.0,4.0,45.0,1,0,20160610,IND,CHI,2016,1021600051345,19430,validated,,0,matched,playbyplayv2,1611661329,201889|201896|203016|203018|203041,complete,playbyplay_inferred,201477|201516|202664|203399|1627677,complete,playbyplay_inferred
Shot Chart Detail,1021600051,347,203041,Lynetta Kizer,1611661325,Indiana Fever,4,7,29,Made Shot,Layup Shot,2PT Field Goal,Restricted Area,Center(C),Less Than 8 ft.,0.0,6.0,-6.0,1,1,20160610,IND,CHI,2016,1021600051347,19510,validated,201896,1,matched,playbyplayv2,1611661329,201889|201896|203016|203018|203041,complete,playbyplay_inferred,201477|201516|202664|203399|1627677,complete,playbyplay_inferred
Shot Chart Detail,1021600051,365,203041,Lynetta Kizer,1611661325,Indiana Fever,4,5,48,Missed Shot,Jump Shot,2PT Field Goal,Mid-Range,Center(C),8-16 ft.,15.0,0.0,157.0,1,0,20160610,IND,CHI,2016,1021600051365,20520,validated,,0,matched,playbyplayv2,1611661329,201889|201896|203016|203018|203041,complete,playbyplay_inferred,200665|201477|202664|203399|1627677,complete,playbyplay_inferred
Shot Chart Detail,1021600058,25,203041,Lynetta Kizer,1611661325,Indiana Fever,1,6,29,Made Shot,Turnaround Jump Shot,2PT Field Goal,Mid-Range,Right Side(R),16-24 ft.,16.0,138.0,91.0,1,1,20160612,IND,SEA,2016,102160005825,2110,validated,204365,1,matched,playbyplayv2,1611661328,201896|203016|203041|204365|1627676,complete,playbyplay_inferred,100720|201518|202252|204319|1627668,complete,playbyplay_inferred
Shot Chart Detail,1021600058,38,203041,Lynetta Kizer,1611661325,Indiana Fever,1,5,4,Missed Shot,Layup Shot,2PT Field Goal,Restricted Area,Center(C),Less Than 8 ft.,1.0,12.0,-3.0,1,0,20160612,IND,SEA,2016,102160005838,2960,validated,,0,matched,playbyplayv2,1611661328,201896|203016|203041|204365|1627676,complete,playbyplay_inferred,100720|201518|202252|204319|1627668,complete,playbyplay_inferred
Shot Chart Detail,1021600061,73,203041,Lynetta Kizer,1611661325,Indiana Fever,1,2,39,Made Shot,Putback Layup Shot,2PT Field Goal,Restricted Area,Center(C),Less Than 8 ft.,0.0,7.0,-3.0,1,1,20160614,MIN,IND,2016,102160006173,4410,validated,,0,matched,playbyplayv2,1611661324,201896|203016|203041|204365|1627676,complete,playbyplay_inferred,100915|100952|101019|201904|203827,complete,playbyplay_inferred
Shot Chart Detail,1021600061,76,203041,Lynetta Kizer,1611661325,Indiana Fever,1,2,1,Made Shot,Jump Shot,2PT Field Goal,Mid-Range,Left Side(L),8-16 ft.,15.0,-150.0,20.0,1,1,20160614,MIN,IND,2016,102160006176,4790,validated,201896,1,matched,playbyplayv2,1611661324,201896|203016|203041|204365|1627676,complete,playbyplay_inferred,100915|100952|101019|201904|203827,complete,playbyplay_inferred
Shot Chart Detail,1021600061,297,203041,Lynetta Kizer,1611661325,Indiana Fever,3,1,57,Made Shot,Driving Layup Shot,2PT Field Goal,Restricted Area,Center(C),Less Than 8 ft.,1.0,-8.0,12.0,1,1,20160614,MIN,IND,2016,1021600061297,16830,validated,203018,1,matched,playbyplayv2,1611661324,201889|203016|203018|203041|204365,complete,playbyplay_inferred,100952|101019|201904|203034|203827,complete,playbyplay_inferred
Shot Chart Detail,1021600061,334,203041,Lynetta Kizer,1611661325,Indiana Fever,4,9,7,Made Shot,Layup Shot,2PT Field Goal,Restricted Area,Center(C),Less Than 8 ft.,0.0,7.0,0.0,1,1,20160614,MIN,IND,2016,1021600061334,18530,validated,,0,matched,playbyplayv2,1611661324,201503|203018|203041|204365|1627676,complete,playbyplay_inferred,100915|100944|200671|201480|202632,complete,playbyplay_inferred
Shot Chart Detail,1021600061,337,203041,Lynetta Kizer,1611661325,Indiana Fever,4,8,39,Missed Shot,Jump Shot,2PT Field Goal,Mid-Range,Center(C),16-24 ft.,16.0,37.0,162.0,1,0,20160614,MIN,IND,2016,1021600061337,18810,validated,,0,matched,playbyplayv2,1611661324,201503|203018|203041|204365|1627676,complete,playbyplay_inferred,100915|100944|200671|201480|202632,complete,playbyplay_inferred
Shot Chart Detail,1021600061,415,203041,Lynetta Kizer,1611661325,Indiana Fever,4,1,54,Missed Shot,Turnaround Jump Shot,2PT Field Goal,Mid-Range,Left Side(L),8-16 ft.,9.0,-90.0,30.0,1,0,20160614,MIN,IND,2016,1021600061415,22860,validated,,0,matched,playbyplayv2,1611661324,203018|203041|203831|204365|1627676,complete,playbyplay_inferred,100952|201904|203034|203827|1627689,complete,playbyplay_inferred
Shot Chart Detail,1021600067,102,203041,Lynetta Kizer,1611661325,Indiana Fever,2,9,23,Made Shot,Jump Shot,2PT Field Goal,Mid-Range,Center(C),16-24 ft.,17.0,12.0,175.0,1,1,20160617,SAN,IND,2016,1021600067102,6370,validated,203018,1,matched,playbyplayv2,1611661319,201889|203016|203018|203041|204365,complete,playbyplay_inferred,202641|202652|203405|203838|203863,complete,playbyplay_inferred
Shot Chart Detail,1021600067,104,203041,Lynetta Kizer,1611661325,Indiana Fever,2,8,45,Missed Shot,Jump Bank Shot,2PT Field Goal,In The Paint (Non-RA),Center(C),Less Than 8 ft.,4.0,-45.0,6.0,1,0,20160617,SAN,IND,2016,1021600067104,6750,validated,,0,matched,playbyplayv2,1611661319,201889|203016|203018|203041|204365,complete,playbyplay_inferred,202641|202652|203405|203838|203863,complete,playbyplay_inferred
Shot Chart Detail,1021600067,118,203041,Lynetta Kizer,1611661325,Indiana Fever,2,6,38,Made Shot,Jump Shot,2PT Field Goal,Mid-Range,Right Side(R),8-16 ft.,14.0,146.0,20.0,1,1,20160617,SAN,IND,2016,1021600067118,8020,validated,203018,1,matched,playbyplayv2,1611661319,100646|201889|201896|203018|203041,complete,playbyplay_inferred,202641|203405|203838|203863|1627645,complete,playbyplay_inferred
Shot Chart Detail,1021600067,281,203041,Lynetta Kizer,1611661325,Indiana Fever,3,2,16,Made Shot,Jump Shot,2PT Field Goal,Mid-Range,Center(C),16-24 ft.,18.0,-48.0,178.0,1,1,20160617,SAN,IND,2016,1021600067281,16640,validated,201896,1,matched,playbyplayv2,1611661319,100646|201889|201896|203016|203041,complete,playbyplay_inferred,200673|202251|203825|203863|1627669,complete,playbyplay_inferred
Shot Chart Detail,1021600067,287,203041,Lynetta Kizer,1611661325,Indiana Fever,3,1,34,Made Shot,Jump Shot,2PT Field Goal,Mid-Range,Right Side Center(RC),16-24 ft.,17.0,58.0,164.0,1,1,20160617,SAN,IND,2016,1021600067287,17060,validated,203016,1,matched,playbyplayv2,1611661319,100646|201889|201896|203016|203041,complete,playbyplay_inferred,200673|202251|203825|203863|1627669,complete,playbyplay_inferred
Shot Chart Detail,1021600067,319,203041,Lynetta Kizer,1611661325,Indiana Fever,4,8,35,Missed Shot,Jump Shot,2PT Field Goal,Restricted Area,Center(C),Less Than 8 ft.,3.0,29.0,26.0,1,0,20160617,SAN,IND,2016,1021600067319,18850,validated,,0,matched,playbyplayv2,1611661319,100646|201889|203041|204365|1627676,complete,playbyplay_inferred,203405|203825|203863|204324|1627669,complete,playbyplay_inferred
Shot Chart Detail,1021600067,321,203041,Lynetta Kizer,1611661325,Indiana Fever,4,8,28,Made Shot,Jump Shot,2PT Field Goal,Restricted Area,Center(C),Less Than 8 ft.,3.0,29.0,14.0,1,1,20160617,SAN,IND,2016,1021600067321,18920,validated,1627676,1,matched,playbyplayv2,1611661319,100646|201889|203041|204365|1627676,complete,playbyplay_inferred,203405|203825|203863|204324|1627669,complete,playbyplay_inferred
Shot Chart Detail,1021600067,342,203041,Lynetta Kizer,1611661325,Indiana Fever,4,5,51,Made Shot,Layup Shot,2PT Field Goal,Restricted Area,Center(C),Less Than 8 ft.,1.0,-13.0,4.0,1,1,20160617,SAN,IND,2016,1021600067342,20490,validated,,0,matched,playbyplayv2,1611661319,100646|201889|201896|203041|1627676,complete,playbyplay_inferred,200673|202641|203405|203863|204324,complete,playbyplay_inferred
Shot Chart Detail,1021600067,341,203041,Lynetta Kizer,1611661325,Indiana Fever,4,5,51,Missed Shot,Jump Shot,2PT Field Goal,Restricted Area,Center(C),Less Than 8 ft.,3.0,-23.0,28.0,1,0,20160617,SAN,IND,2016,1021600067341,20490,validated,,0,matched,playbyplayv2,1611661319,100646|201889|201896|203041|1627676,complete,playbyplay_inferred,200673|202641|203405|203863|204324,complete,playbyplay_inferred
Shot Chart Detail,1021600072,123,203041,Lynetta Kizer,1611661325,Indiana Fever,2,8,47,Made Shot,Jump Shot,2PT Field Goal,Mid-Range,Left Side(L),16-24 ft.,17.0,-174.0,-8.0,1,1,20160619,IND,NYL,2016,1021600072123,6730,validated,204365,1,matched,playbyplayv2,1611661313,100646|203041|203831|204365|1627688,complete,playbyplay_inferred,201919|203411|204320|204327|204329,complete,playbyplay_inferred
Shot Chart Detail,1021600072,138,203041,Lynetta Kizer,1611661325,Indiana Fever,2,7,6,Made Shot,Layup Shot,2PT Field Goal,Restricted Area,Center(C),Less Than 8 ft.,1.0,17.0,-2.0,1,1,20160619,IND,NYL,2016,1021600072138,7740,validated,201503,1,matched,playbyplayv2,1611661313,201503|201889|201896|203041|1627676,complete,playbyplay_inferred,100721|101030|201919|202250|204329,complete,playbyplay_inferred
Shot Chart Detail,1021600072,152,203041,Lynetta Kizer,1611661325,Indiana Fever,2,5,43,Made Shot,Jump Shot,2PT Field Goal,Mid-Range,Left Side(L),8-16 ft.,15.0,-100.0,124.0,1,1,20160619,IND,NYL,2016,1021600072152,8570,validated,1627676,1,matched,playbyplayv2,1611661313,201503|201889|201896|203041|1627676,complete,playbyplay_inferred,100721|201919|202250|203830|204329,complete,playbyplay_inferred
Shot Chart Detail,1021600072,154,203041,Lynetta Kizer,1611661325,Indiana Fever,2,5,14,Missed Shot,Layup Shot,2PT Field Goal,Restricted Area,Center(C),Less Than 8 ft.,2.0,13.0,-16.0,1,0,20160619,IND,NYL,2016,1021600072154,8860,validated,,0,matched,playbyplayv2,1611661313,201503|201889|201896|203041|1627676,complete,playbyplay_inferred,100721|201919|202250|203830|204329,complete,playbyplay_inferred
Shot Chart Detail,1021600072,326,203041,Lynetta Kizer,1611661325,Indiana Fever,3,1,0,Missed Shot,Jump Shot,2PT Field Goal,In The Paint (Non-RA),Center(C),8-16 ft.,12.0,40.0,123.0,1,0,20160619,IND,NYL,2016,1021600072326,17400,validated,,0,matched,playbyplayv2,1611661313,100646|203016|203041|204365|1627688,complete,playbyplay_inferred,100721|201919|202250|204327|204329,complete,playbyplay_inferred
Shot Chart Detail,1021600078,87,203041,Lynetta Kizer,1611661325,Indiana Fever,1,1,39,Missed Shot,Layup Shot,2PT Field Goal,Restricted Area,Center(C),Less Than 8 ft.,2.0,20.0,12.0,1,0,20160622,WAS,IND,2016,102160007887,5010,validated,,0,matched,playbyplayv2,1611661322,100646|203016|203041|204365|1627676,complete,playbyplay_inferred,201056|201913|203416|203829|1627674,complete,playbyplay_inferred
Shot Chart Detail,1021600078,95,203041,Lynetta Kizer,1611661325,Indiana Fever,1,0,45,Made Shot,Jump Shot,2PT Field Goal,Mid-Range,Right Side(R),8-16 ft.,15.0,150.0,-1.0,1,1,20160622,WAS,IND,2016,102160007895,5550,validated,100646,1,matched,playbyplayv2,1611661322,100646|203016|203041|204365|1627676,complete,playbyplay_inferred,201056|201913|203416|203829|1627674,complete,playbyplay_inferred
Shot Chart Detail,1021600078,112,203041,Lynetta Kizer,1611661325,Indiana Fever,2,9,37,Made Shot,Jump Shot,2PT Field Goal,Mid-Range,Right Side Center(RC),16-24 ft.,18.0,119.0,148.0,1,1,20160622,WAS,IND,2016,1021600078112,6230,validated,,0,matched,playbyplayv2,1611661322,100646|201889|201896|203016|203041,complete,playbyplay_inferred,201056|201913|203403|203437|203829,complete,playbyplay_inferred
Shot Chart Detail,1021600078,116,203041,Lynetta Kizer,1611661325,Indiana Fever,2,8,52,Made Shot,Jump Shot,2PT Field Goal,Mid-Range,Right Side Center(RC),16-24 ft.,18.0,136.0,121.0,1,1,20160622,WAS,IND,2016,1021600078116,6680,validated,203016,1,matched,playbyplayv2,1611661322,100646|201889|201896|203016|203041,complete,playbyplay_inferred,201056|201913|203403|203437|203829,complete,playbyplay_inferred
Shot Chart Detail,1021600078,126,203041,Lynetta Kizer,1611661325,Indiana Fever,2,7,18,Made Shot,Layup Shot,2PT Field Goal,Restricted Area,Center(C),Less Than 8 ft.,1.0,10.0,11.0,1,1,20160622,WAS,IND,2016,1021600078126,7620,validated,201889,1,matched,playbyplayv2,1611661322,100646|201889|201896|203016|203041,complete,playbyplay_inferred,201056|201913|203403|203437|203829,complete,playbyplay_inferred
Shot Chart Detail,1021600078,207,203041,Lynetta Kizer,1611661325,Indiana Fever,2,0,50,Made Shot,Jump Shot,2PT Field Goal,Mid-Range,Center(C),16-24 ft.,17.0,-45.0,168.0,1,1,20160622,WAS,IND,2016,1021600078207,11500,validated,100646,1,matched,playbyplayv2,1611661322,100646|201503|203041|204365|1627676,complete,playbyplay_inferred,203401|203416|203437|203828|204333,complete,playbyplay_inferred
Shot Chart Detail,1021600078,222,203041,Lynetta Kizer,1611661325,Indiana Fever,2,0,20,Made Shot,Jump Shot,2PT Field Goal,Mid-Range,Right Side(R),8-16 ft.,15.0,111.0,105.0,1,1,20160622,WAS,IND,2016,1021600078222,11800,validated,201896,1,matched,playbyplayv2,1611661322,100646|201889|201896|203016|203041,complete,playbyplay_inferred,201913|203401|203828|204333|1627674,complete,playbyplay_inferred
Shot Chart Detail,1021600078,276,203041,Lynetta Kizer,1611661325,Indiana Fever,3,5,51,Made Shot,Jump Shot,2PT Field Goal,Mid-Range,Left Side(L),8-16 ft.,14.0,-136.0,41.0,1,1,20160622,WAS,IND,2016,1021600078276,14490,validated,203016,1,matched,playbyplayv2,1611661322,100646|201503|203016|203041|204365,complete,playbyplay_inferred,203401|203416|203437|203828|204333,complete,playbyplay_inferred
Shot Chart Detail,1021600078,316,203041,Lynetta Kizer,1611661325,Indiana Fever,3,2,8,Missed Shot,Jump Shot,2PT Field Goal,Mid-Range,Left Side(L),8-16 ft.,13.0,-134.0,15.0,1,0,20160622,WAS,IND,2016,1021600078316,16720,validated,,0,matched,playbyplayv2,1611661322,201503|201889|203016|203041|204365,complete,playbyplay_inferred,201056|203416|203828|204333|1627674,complete,playbyplay_inferred
Shot Chart Detail,1021600078,423,203041,Lynetta Kizer,1611661325,Indiana Fever,4,2,26,Made Shot,Jump Shot,2PT Field Goal,In The Paint (Non-RA),Center(C),8-16 ft.,11.0,12.0,119.0,1,1,20160622,WAS,IND,2016,1021600078423,22540,validated,204365,1,matched,playbyplayv2,1611661322,100646|201889|201896|203041|204365,complete,playbyplay_inferred,201056|201913|203401|203416|1627674,complete,playbyplay_inferred
Shot Chart Detail,1021600078,474,203041,Lynetta Kizer,1611661325,Indiana Fever,4,0,47,Missed Shot,Jump Shot,2PT Field Goal,Mid-Range,Right Side(R),16-24 ft.,17.0,171.0,12.0,1,0,20160622,WAS,IND,2016,1021600078474,23530,validated,,0,matched,playbyplayv2,1611661322,201889|201896|203041|204365|1627676,complete,playbyplay_inferred,201056|201913|203401|203416|204333,complete,playbyplay_inferred
Shot Chart Detail,1021600085,12,203041,Lynetta Kizer,1611661325,Indiana Fever,1,7,56,Missed Shot,Layup Shot,2PT Field Goal,Restricted Area,Center(C),Less Than 8 ft.,1.0,-4.0,15.0,1,0,20160625,DAL,IND,2016,102160008512,1240,validated,,0,matched,playbyplayv2,1611661321,100646|201503|201896|203041|204365,complete,playbyplay_inferred,100888|202640|203017|203400|203824,complete,playbyplay_inferred
Shot Chart Detail,1021600085,28,203041,Lynetta Kizer,1611661325,Indiana Fever,1,6,35,Missed Shot,Layup Shot,2PT Field Goal,Restricted Area,Center(C),Less Than 8 ft.,1.0,-10.0,6.0,1,0,20160625,DAL,IND,2016,102160008528,2050,validated,,0,matched,playbyplayv2,1611661321,100646|201503|201896|203041|204365,complete,playbyplay_inferred,100888|202640|203017|203400|203824,complete,playbyplay_inferred
Shot Chart Detail,1021600085,254,203041,Lynetta Kizer,1611661325,Indiana Fever,3,9,2,Made Shot,Turnaround Jump Shot,2PT Field Goal,Restricted Area,Center(C),Less Than 8 ft.,3.0,9.0,30.0,1,1,20160625,DAL,IND,2016,1021600085254,12580,validated,,0,matched,playbyplayv2,1611661321,100646|201503|201896|203041|204365,complete,playbyplay_inferred,100888|202640|203017|203400|203824,complete,playbyplay_inferred
Shot Chart Detail,1021600085,267,203041,Lynetta Kizer,1611661325,Indiana Fever,3,7,10,Missed Shot,Turnaround Jump Shot,2PT Field Goal,Mid-Range,Right Side(R),8-16 ft.,10.0,97.0,28.0,1,0,20160625,DAL,IND,2016,1021600085267,13700,validated,,0,matched,playbyplayv2,1611661321,100646|201503|201896|203041|204365,complete,playbyplay_inferred,100888|202640|203017|203400|203824,complete,playbyplay_inferred
Shot Chart Detail,1021600085,276,203041,Lynetta Kizer,1611661325,Indiana Fever,3,6,41,Missed Shot,Jump Shot,2PT Field Goal,Mid-Range,Center(C),16-24 ft.,17.0,-11.0,176.0,1,0,20160625,DAL,IND,2016,1021600085276,13990,validated,,0,matched,playbyplayv2,1611661321,100646|201503|201896|203041|204365,complete,playbyplay_inferred,100888|202640|203017|203400|203824,complete,playbyplay_inferred
Shot Chart Detail,1021600085,282,203041,Lynetta Kizer,1611661325,Indiana Fever,3,5,57,Missed Shot,Turnaround Hook Shot,2PT Field Goal,Restricted Area,Center(C),Less Than 8 ft.,3.0,6.0,36.0,1,0,20160625,DAL,IND,2016,1021600085282,14430,validated,,0,matched,playbyplayv2,1611661321,100646|201503|201896|203041|204365,complete,playbyplay_inferred,100888|202640|203017|203400|203824,complete,playbyplay_inferred
Shot Chart Detail,1021600085,309,203041,Lynetta Kizer,1611661325,Indiana Fever,3,3,39,Made Shot,Jump Shot,2PT Field Goal,Mid-Range,Left Side(L),16-24 ft.,16.0,-163.0,19.0,1,1,20160625,DAL,IND,2016,1021600085309,15810,validated,201896,1,matched,playbyplayv2,1611661321,201503|201896|203018|203041|1627676,complete,playbyplay_inferred,100888|101039|201907|202640|203824,complete,playbyplay_inferred
Shot Chart Detail,1021600085,428,203041,Lynetta Kizer,1611661325,Indiana Fever,4,5,16,Missed Shot,Jump Shot,2PT Field Goal,Mid-Range,Right Side Center(RC),16-24 ft.,18.0,89.0,162.0,1,0,20160625,DAL,IND,2016,1021600085428,20840,validated,,0,matched,playbyplayv2,1611661321,100646|201503|201896|203041|204365,complete,playbyplay_inferred,202640|203017|203824|203835|203849,complete,playbyplay_inferred
Shot Chart Detail,1021600085,442,203041,Lynetta Kizer,1611661325,Indiana Fever,4,3,24,Made Shot,Layup Shot,2PT Field Goal,Restricted Area,Center(C),Less Than 8 ft.,2.0,23.0,0.0,1,1,20160625,DAL,IND,2016,1021600085442,21960,validated,1627676,1,matched,playbyplayv2,1611661321,100646|201503|201896|203041|1627676,complete,playbyplay_inferred,202640|203017|203824|203835|203849,complete,playbyplay_inferred
Shot Chart Detail,1021600092,2,203041,Lynetta Kizer,1611661325,Indiana Fever,1,9,43,Made Shot,Jump Shot,2PT Field Goal,Mid-Range,Right Side Center(RC),16-24 ft.,17.0,77.0,157.0,1,1,20160629,CHI,IND,2016,10216000922,170,validated,204365,1,matched,playbyplayv2,1611661329,100646|201503|201896|203041|204365,complete,playbyplay_inferred,100812|200665|201477|202664|203399,complete,playbyplay_inferred
Shot Chart Detail,1021600092,6,203041,Lynetta Kizer,1611661325,Indiana Fever,1,9,15,Missed Shot,Layup Shot,2PT Field Goal,Restricted Area,Center(C),Less Than 8 ft.,2.0,24.0,0.0,1,0,20160629,CHI,IND,2016,10216000926,450,validated,,0,matched,playbyplayv2,1611661329,100646|201503|201896|203041|204365,complete,playbyplay_inferred,100812|200665|201477|202664|203399,complete,playbyplay_inferred
Shot Chart Detail,1021600092,13,203041,Lynetta Kizer,1611661325,Indiana Fever,1,8,17,Made Shot,Jump Shot,2PT Field Goal,Mid-Range,Left Side(L),8-16 ft.,11.0,-109.0,23.0,1,1,20160629,CHI,IND,2016,102160009213,1030,validated,204365,1,matched,playbyplayv2,1611661329,100646|201503|201896|203041|204365,complete,playbyplay_inferred,100812|200665|201477|202664|203399,complete,playbyplay_inferred
Shot Chart Detail,1021600092,36,203041,Lynetta Kizer,1611661325,Indiana Fever,1,5,42,Missed Shot,Layup Shot,2PT Field Goal,Restricted Area,Center(C),Less Than 8 ft.,2.0,-4.0,22.0,1,0,20160629,CHI,IND,2016,102160009236,2580,validated,,0,matched,playbyplayv2,1611661329,100646|201503|201896|203041|204365,complete,playbyplay_inferred,100812|200665|202638|202664|203399,complete,playbyplay_inferred
Shot Chart Detail,1021600092,225,203041,Lynetta Kizer,1611661325,Indiana Fever,3,7,39,Missed Shot,Layup Shot,2PT Field Goal,Restricted Area,Center(C),Less Than 8 ft.,1.0,-7.0,9.0,1,0,20160629,CHI,IND,2016,1021600092225,13410,validated,,0,matched,playbyplayv2,1611661329,100646|201503|201896|203041|204365,complete,playbyplay_inferred,100812|200665|201477|202664|203399,complete,playbyplay_inferred
Shot Chart Detail,1021600092,227,203041,Lynetta Kizer,1611661325,Indiana Fever,3,7,38,Missed Shot,Layup Shot,2PT Field Goal,Restricted Area,Center(C),Less Than 8 ft.,2.0,7.0,25.0,1,0,20160629,CHI,IND,2016,1021600092227,13420,validated,,0,matched,playbyplayv2,1611661329,100646|201503|201896|203041|204365,complete,playbyplay_inferred,100812|200665|201477|202664|203399,complete,playbyplay_inferred
Shot Chart Detail,1021600092,457,203041,Lynetta Kizer,1611661325,Indiana Fever,4,0,55,Made Shot,Jump Shot,2PT Field Goal,Mid-Range,Left Side Center(LC),16-24 ft.,16.0,-54.0,157.0,1,1,20160629,CHI,IND,2016,1021600092457,23450,validated,204365,1,matched,playbyplayv2,1611661329,201896|203016|203018|203041|204365,complete,playbyplay_inferred,201477|201516|203857|204309|204323,complete,playbyplay_inferred
Shot Chart Detail,1021600097,34,203041,Lynetta Kizer,1611661325,Indiana Fever,1,6,38,Missed Shot,Layup Shot,2PT Field Goal,Restricted Area,Center(C),Less Than 8 ft.,2.0,-11.0,25.0,1,0,20160701,IND,SAN,2016,102160009734,2020,validated,,0,matched,playbyplayv2,1611661319,100646|201503|201896|203041|204365,complete,playbyplay_inferred,200673|202251|203825|203863|1627669,complete,playbyplay_inferred
Shot Chart Detail,1021600097,43,203041,Lynetta Kizer,1611661325,Indiana Fever,1,5,34,Missed Shot,Jump Shot,2PT Field Goal,Restricted Area,Center(C),Less Than 8 ft.,3.0,26.0,23.0,1,0,20160701,IND,SAN,2016,102160009743,2660,validated,,0,matched,playbyplayv2,1611661319,100646|201503|201896|203041|204365,complete,playbyplay_inferred,200673|202251|203825|203863|1627669,complete,playbyplay_inferred
Shot Chart Detail,1021600097,225,203041,Lynetta Kizer,1611661325,Indiana Fever,3,8,29,Made Shot,Jump Shot,2PT Field Goal,Restricted Area,Center(C),Less Than 8 ft.,2.0,-7.0,28.0,1,1,20160701,IND,SAN,2016,1021600097225,12910,validated,201896,1,matched,playbyplayv2,1611661319,100646|201503|201896|203041|1627676,complete,playbyplay_inferred,200673|202251|203825|204324|1627669,complete,playbyplay_inferred
Shot Chart Detail,1021600109,78,203041,Lynetta Kizer,1611661325,Indiana Fever,1,1,11,Missed Shot,Layup Shot,2PT Field Goal,Restricted Area,Center(C),Less Than 8 ft.,2.0,21.0,4.0,1,0,20160706,LAS,IND,2016,102160010978,5290,validated,,0,matched,playbyplayv2,1611661320,201889|201896|203016|203041|1627676,complete,playbyplay_inferred,201502|201911|202650|203014|203833,complete,playbyplay_inferred
Shot Chart Detail,1021600109,112,203041,Lynetta Kizer,1611661325,Indiana Fever,2,8,52,Missed Shot,Layup Shot,2PT Field Goal,Restricted Area,Center(C),Less Than 8 ft.,1.0,15.0,3.0,1,0,20160706,LAS,IND,2016,1021600109112,6680,validated,,0,matched,playbyplayv2,1611661320,201889|201896|203016|203041|1627676,complete,playbyplay_inferred,100949|201496|202650|203014|203833,complete,playbyplay_inferred
Shot Chart Detail,1021600109,116,203041,Lynetta Kizer,1611661325,Indiana Fever,2,8,4,Missed Shot,Jump Shot,2PT Field Goal,In The Paint (Non-RA),Center(C),Less Than 8 ft.,7.0,-73.0,9.0,1,0,20160706,LAS,IND,2016,1021600109116,7160,validated,,0,matched,playbyplayv2,1611661320,201889|201896|203016|203041|1627676,complete,playbyplay_inferred,100949|201496|202650|203014|203833,complete,playbyplay_inferred
Shot Chart Detail,1021600109,160,203041,Lynetta Kizer,1611661325,Indiana Fever,2,4,23,Missed Shot,Jump Shot,2PT Field Goal,Mid-Range,Left Side(L),16-24 ft.,16.0,-161.0,36.0,1,0,20160706,LAS,IND,2016,1021600109160,9370,validated,,0,matched,playbyplayv2,1611661320,100646|201503|203041|204365|1627676,complete,playbyplay_inferred,201496|201502|201911|202650|203014,complete,playbyplay_inferred
Shot Chart Detail,1021600109,166,203041,Lynetta Kizer,1611661325,Indiana Fever,2,3,50,Made Shot,Layup Shot,2PT Field Goal,Restricted Area,Center(C),Less Than 8 ft.,0.0,7.0,7.0,1,1,20160706,LAS,IND,2016,1021600109166,9700,validated,,0,matched,playbyplayv2,1611661320,100646|201503|203041|204365|1627676,complete,playbyplay_inferred,201496|201502|201911|202650|203014,complete,playbyplay_inferred
Shot Chart Detail,1021600109,181,203041,Lynetta Kizer,1611661325,Indiana Fever,2,2,47,Made Shot,Jump Shot,2PT Field Goal,Mid-Range,Center(C),8-16 ft.,14.0,4.0,145.0,1,1,20160706,LAS,IND,2016,1021600109181,10330,validated,204365,1,matched,playbyplayv2,1611661320,100646|201503|203018|203041|204365,complete,playbyplay_inferred,100949|201496|201502|201911|203014,complete,playbyplay_inferred
Shot Chart Detail,1021600109,216,203041,Lynetta Kizer,1611661325,Indiana Fever,2,0,47,Missed Shot,Jump Shot,2PT Field Goal,In The Paint (Non-RA),Right Side(R),8-16 ft.,8.0,77.0,33.0,1,0,20160706,LAS,IND,2016,1021600109216,11530,validated,,0,matched,playbyplayv2,1611661320,100646|201503|201889|201896|203041,complete,playbyplay_inferred,100949|201496|201502|201911|203014,complete,playbyplay_inferred
Shot Chart Detail,1021600109,308,203041,Lynetta Kizer,1611661325,Indiana Fever,3,2,19,Made Shot,Jump Shot,2PT Field Goal,Mid-Range,Center(C),8-16 ft.,15.0,9.0,157.0,1,1,20160706,LAS,IND,2016,1021600109308,16610,validated,201503,1,matched,playbyplayv2,1611661320,201503|201889|203041|204365|1627676,complete,playbyplay_inferred,100949|201911|202650|203014|203833,complete,playbyplay_inferred
Shot Chart Detail,1021600114,14,203041,Lynetta Kizer,1611661325,Indiana Fever,1,8,11,Made Shot,Jump Shot,2PT Field Goal,Mid-Range,Center(C),8-16 ft.,15.0,-43.0,149.0,1,1,20160708,PHO,IND,2016,102160011414,1090,validated,204365,1,matched,playbyplayv2,1611661317,100646|201503|201896|203041|204365,complete,playbyplay_inferred,100940|200676|201886|201909|203398,complete,playbyplay_inferred
Shot Chart Detail,1021600114,44,203041,Lynetta Kizer,1611661325,Indiana Fever,1,5,7,Missed Shot,Jump Shot,2PT Field Goal,Mid-Range,Left Side(L),16-24 ft.,17.0,-172.0,1.0,1,0,20160708,PHO,IND,2016,102160011444,2930,validated,,0,matched,playbyplayv2,1611661317,100646|201503|201896|203041|204365,complete,playbyplay_inferred,100940|200676|201886|201909|203398,complete,playbyplay_inferred
Shot Chart Detail,1021600114,206,203041,Lynetta Kizer,1611661325,Indiana Fever,3,8,45,Missed Shot,Jump Shot,2PT Field Goal,Restricted Area,Center(C),Less Than 8 ft.,3.0,4.0,33.0,1,0,20160708,PHO,IND,2016,1021600114206,12750,validated,,0,matched,playbyplayv2,1611661317,100646|201503|201896|203041|204365,complete,playbyplay_inferred,100940|200676|201886|201909|203398,complete,playbyplay_inferred
Shot Chart Detail,1021600114,224,203041,Lynetta Kizer,1611661325,Indiana Fever,3,6,52,Made Shot,Jump Bank Shot,2PT Field Goal,In The Paint (Non-RA),Center(C),Less Than 8 ft.,6.0,-54.0,28.0,1,1,20160708,PHO,IND,2016,1021600114224,13880,validated,,0,matched,playbyplayv2,1611661317,100646|201503|201896|203041|204365,complete,playbyplay_inferred,100940|200676|201886|203398|204300,complete,playbyplay_inferred
Shot Chart Detail,1021600114,230,203041,Lynetta Kizer,1611661325,Indiana Fever,3,6,7,Made Shot,Layup Shot,2PT Field Goal,Restricted Area,Center(C),Less Than 8 ft.,1.0,-19.0,6.0,1,1,20160708,PHO,IND,2016,1021600114230,14330,validated,,0,matched,playbyplayv2,1611661317,100646|201503|201896|203041|204365,complete,playbyplay_inferred,100940|200676|201886|203398|204300,complete,playbyplay_inferred
Shot Chart Detail,1021600114,233,203041,Lynetta Kizer,1611661325,Indiana Fever,3,5,43,Made Shot,Jump Shot,2PT Field Goal,Mid-Range,Center(C),16-24 ft.,19.0,-32.0,189.0,1,1,20160708,PHO,IND,2016,1021600114233,14570,validated,201896,1,matched,playbyplayv2,1611661317,100646|201503|201896|203041|204365,complete,playbyplay_inferred,100940|200676|201886|203398|204300,complete,playbyplay_inferred
Shot Chart Detail,1021600114,348,203041,Lynetta Kizer,1611661325,Indiana Fever,4,4,16,Missed Shot,Turnaround Jump Shot,2PT Field Goal,In The Paint (Non-RA),Center(C),Less Than 8 ft.,5.0,36.0,45.0,1,0,20160708,PHO,IND,2016,1021600114348,21440,validated,,0,matched,playbyplayv2,1611661317,201503|201896|203018|203041|1627676,complete,playbyplay_inferred,201046|203402|204300|204330|204336,complete,playbyplay_inferred
Shot Chart Detail,1021600114,356,203041,Lynetta Kizer,1611661325,Indiana Fever,4,3,40,Made Shot,Cutting Layup Shot,2PT Field Goal,Restricted Area,Center(C),Less Than 8 ft.,2.0,18.0,14.0,1,1,20160708,PHO,IND,2016,1021600114356,21800,validated,201896,1,matched,playbyplayv2,1611661317,201889|201896|203018|203041|1627676,complete,playbyplay_inferred,201046|203402|204300|204330|204336,complete,playbyplay_inferred
Shot Chart Detail,1021600120,23,203041,Lynetta Kizer,1611661325,Indiana Fever,1,8,4,Missed Shot,Jump Shot,2PT Field Goal,Mid-Range,Center(C),16-24 ft.,19.0,-4.0,198.0,1,0,20160710,SEA,IND,2016,102160012023,1160,validated,,0,matched,playbyplayv2,1611661328,100646|201503|201896|203041|204365,complete,playbyplay_inferred,100720|201518|202252|204319|1627668,complete,playbyplay_inferred
Shot Chart Detail,1021600120,129,203041,Lynetta Kizer,1611661325,Indiana Fever,2,8,27,Made Shot,Jump Shot,2PT Field Goal,Mid-Range,Left Side(L),16-24 ft.,16.0,-163.0,6.0,1,1,20160710,SEA,IND,2016,1021600120129,6930,validated,203016,1,matched,playbyplayv2,1611661328,100646|203016|203018|203041|204365,complete,playbyplay_inferred,201049|201518|202252|204321|1627668,complete,playbyplay_inferred
Shot Chart Detail,1021600120,132,203041,Lynetta Kizer,1611661325,Indiana Fever,2,7,51,Missed Shot,Jump Shot,2PT Field Goal,In The Paint (Non-RA),Center(C),Less Than 8 ft.,5.0,-4.0,52.0,1,0,20160710,SEA,IND,2016,1021600120132,7290,validated,,0,matched,playbyplayv2,1611661328,100646|203016|203018|203041|204365,complete,playbyplay_inferred,201049|201518|202252|204321|1627668,complete,playbyplay_inferred
Shot Chart Detail,1021600120,218,203041,Lynetta Kizer,1611661325,Indiana Fever,3,8,57,Made Shot,Jump Shot,2PT Field Goal,Mid-Range,Right Side Center(RC),16-24 ft.,16.0,132.0,101.0,1,1,20160710,SEA,IND,2016,1021600120218,12630,validated,204365,1,matched,playbyplayv2,1611661328,100646|201503|201896|203041|204365,complete,playbyplay_inferred,100720|201518|202252|204319|1627668,complete,playbyplay_inferred
Shot Chart Detail,1021600120,223,203041,Lynetta Kizer,1611661325,Indiana Fever,3,8,8,Made Shot,Layup Shot,2PT Field Goal,Restricted Area,Center(C),Less Than 8 ft.,1.0,15.0,4.0,1,1,20160710,SEA,IND,2016,1021600120223,13120,validated,204365,1,matched,playbyplayv2,1611661328,100646|201503|201896|203041|204365,complete,playbyplay_inferred,100720|201518|202252|204319|1627668,complete,playbyplay_inferred
Shot Chart Detail,1021600120,334,203041,Lynetta Kizer,1611661325,Indiana Fever,4,8,52,Made Shot,Turnaround Jump Shot,2PT Field Goal,Mid-Range,Left Side(L),8-16 ft.,15.0,-152.0,7.0,1,1,20160710,SEA,IND,2016,1021600120334,18680,validated,203018,1,matched,playbyplayv2,1611661328,203016|203018|203041|204365|1627676,complete,playbyplay_inferred,201049|201518|204317|204319|204321,complete,playbyplay_inferred
Shot Chart Detail,1021600120,378,203041,Lynetta Kizer,1611661325,Indiana Fever,4,3,32,Missed Shot,Jump Shot,2PT Field Goal,Mid-Range,Left Side(L),8-16 ft.,15.0,-152.0,7.0,1,0,20160710,SEA,IND,2016,1021600120378,21880,validated,,0,matched,playbyplayv2,1611661328,100646|201503|201896|203018|203041,complete,playbyplay_inferred,100720|201518|202252|204319|1627668,complete,playbyplay_inferred
Shot Chart Detail,1021600120,413,203041,Lynetta Kizer,1611661325,Indiana Fever,4,0,13,Made Shot,Jump Shot,2PT Field Goal,Mid-Range,Center(C),8-16 ft.,15.0,20.0,149.0,1,1,20160710,SEA,IND,2016,1021600120413,23870,validated,201896,1,matched,playbyplayv2,1611661328,201503|201896|203018|203041|1627676,complete,playbyplay_inferred,100720|201518|202252|204319|1627668,complete,playbyplay_inferred
Shot Chart Detail,1021600123,2,203041,Lynetta Kizer,1611661325,Indiana Fever,1,9,39,Missed Shot,Jump Shot,2PT Field Goal,Mid-Range,Center(C),16-24 ft.,18.0,10.0,183.0,1,0,20160713,IND,CON,2016,10216001232,210,validated,,0,matched,playbyplayv2,1611661323,100646|201503|201896|203041|204365,complete,playbyplay_inferred,201067|202662|203410|203826|1627673,complete,playbyplay_inferred
Shot Chart Detail,1021600123,10,203041,Lynetta Kizer,1611661325,Indiana Fever,1,8,34,Made Shot,Cutting Layup Shot,2PT Field Goal,Restricted Area,Center(C),Less Than 8 ft.,1.0,15.0,-10.0,1,1,20160713,IND,CON,2016,102160012310,860,validated,204365,1,matched,playbyplayv2,1611661323,100646|201503|201896|203041|204365,complete,playbyplay_inferred,201067|202662|203410|203826|1627673,complete,playbyplay_inferred
Shot Chart Detail,1021600123,146,203041,Lynetta Kizer,1611661325,Indiana Fever,2,7,21,Made Shot,Turnaround Jump Shot,2PT Field Goal,Mid-Range,Left Side(L),8-16 ft.,13.0,-131.0,-24.0,1,1,20160713,IND,CON,2016,1021600123146,7590,validated,1627676,1,matched,playbyplayv2,1611661323,100646|201503|201896|203041|1627676,complete,playbyplay_inferred,202662|203015|203410|203823|1627670,complete,playbyplay_inferred
Shot Chart Detail,1021600123,154,203041,Lynetta Kizer,1611661325,Indiana Fever,2,6,42,Made Shot,Turnaround Jump Shot,2PT Field Goal,Restricted Area,Center(C),Less Than 8 ft.,3.0,12.0,34.0,1,1,20160713,IND,CON,2016,1021600123154,7980,validated,201896,1,matched,playbyplayv2,1611661323,201503|201896|202656|203018|203041,complete,playbyplay_inferred,203015|203410|203823|203826|1627670,complete,playbyplay_inferred
Shot Chart Detail,1021600123,164,203041,Lynetta Kizer,1611661325,Indiana Fever,2,4,58,Made Shot,Jump Shot,2PT Field Goal,Mid-Range,Center(C),8-16 ft.,14.0,21.0,148.0,1,1,20160713,IND,CON,2016,1021600123164,9020,validated,203018,1,matched,playbyplayv2,1611661323,201503|201896|202656|203018|203041,complete,playbyplay_inferred,203015|203410|203823|203826|1627670,complete,playbyplay_inferred
Shot Chart Detail,1021600123,170,203041,Lynetta Kizer,1611661325,Indiana Fever,2,4,29,Made Shot,Jump Shot,2PT Field Goal,Mid-Range,Left Side(L),8-16 ft.,15.0,-153.0,-21.0,1,1,20160713,IND,CON,2016,1021600123170,9310,validated,201896,1,matched,playbyplayv2,1611661323,201503|201896|202656|203018|203041,complete,playbyplay_inferred,201067|203015|203410|203823|203826,complete,playbyplay_inferred
Shot Chart Detail,1021600123,200,203041,Lynetta Kizer,1611661325,Indiana Fever,2,0,45,Made Shot,Jump Shot,2PT Field Goal,Mid-Range,Right Side(R),16-24 ft.,18.0,181.0,9.0,1,1,20160713,IND,CON,2016,1021600123200,11550,validated,201896,1,matched,playbyplayv2,1611661323,201503|201896|203018|203041|204365,complete,playbyplay_inferred,201067|202662|203410|203826|1627670,complete,playbyplay_inferred
Shot Chart Detail,1021600123,202,203041,Lynetta Kizer,1611661325,Indiana Fever,2,0,8,Made Shot,Turnaround Jump Shot,2PT Field Goal,In The Paint (Non-RA),Center(C),Less Than 8 ft.,4.0,9.0,48.0,1,1,20160713,IND,CON,2016,1021600123202,11920,validated,,0,matched,playbyplayv2,1611661323,201503|201896|203018|203041|204365,complete,playbyplay_inferred,201067|202662|203410|203826|1627670,complete,playbyplay_inferred
Shot Chart Detail,1021600123,213,203041,Lynetta Kizer,1611661325,Indiana Fever,3,8,57,Made Shot,Jump Shot,2PT Field Goal,In The Paint (Non-RA),Center(C),Less Than 8 ft.,5.0,-23.0,50.0,1,1,20160713,IND,CON,2016,1021600123213,12630,validated,,0,matched,playbyplayv2,1611661323,100646|201503|201896|203041|204365,complete,playbyplay_inferred,201067|202662|203410|203826|1627673,complete,playbyplay_inferred
Shot Chart Detail,1021600123,223,203041,Lynetta Kizer,1611661325,Indiana Fever,3,7,46,Missed Shot,Jump Shot,2PT Field Goal,Mid-Range,Right Side Center(RC),16-24 ft.,16.0,72.0,145.0,1,0,20160713,IND,CON,2016,1021600123223,13340,validated,,0,matched,playbyplayv2,1611661323,100646|201503|201896|203018|203041,complete,playbyplay_inferred,201067|202662|203410|203826|1627673,complete,playbyplay_inferred
Shot Chart Detail,1021600123,323,203041,Lynetta Kizer,1611661325,Indiana Fever,4,8,27,Made Shot,Jump Shot,2PT Field Goal,Mid-Range,Right Side(R),16-24 ft.,16.0,152.0,64.0,1,1,20160713,IND,CON,2016,1021600123323,18930,validated,201889,1,matched,playbyplayv2,1611661323,100646|201889|201896|203041|1627676,complete,playbyplay_inferred,202662|203015|203823|1627670|1627675,complete,playbyplay_inferred
Shot Chart Detail,1021600127,5,203041,Lynetta Kizer,1611661325,Indiana Fever,1,9,25,Missed Shot,Jump Shot,2PT Field Goal,Mid-Range,Left Side(L),8-16 ft.,12.0,-119.0,34.0,1,0,20160715,IND,ATL,2016,10216001275,350,validated,,0,matched,playbyplayv2,1611661330,100646|201503|201896|203041|204365,complete,playbyplay_inferred,101023|201881|203026|203406|204322,complete,playbyplay_inferred
Shot Chart Detail,1021600127,17,203041,Lynetta Kizer,1611661325,Indiana Fever,1,7,48,Made Shot,Layup Shot,2PT Field Goal,Restricted Area,Center(C),Less Than 8 ft.,1.0,13.0,-11.0,1,1,20160715,IND,ATL,2016,102160012717,1320,validated,201896,1,matched,playbyplayv2,1611661330,100646|201503|201896|203041|204365,complete,playbyplay_inferred,101023|201881|203026|203406|204322,complete,playbyplay_inferred
Shot Chart Detail,1021600127,21,203041,Lynetta Kizer,1611661325,Indiana Fever,1,6,37,Made Shot,Turnaround Jump Shot,2PT Field Goal,Mid-Range,Right Side(R),8-16 ft.,11.0,111.0,-40.0,1,1,20160715,IND,ATL,2016,102160012721,2030,validated,201896,1,matched,playbyplayv2,1611661330,100646|201503|201896|203041|204365,complete,playbyplay_inferred,101023|201881|203026|203406|204322,complete,playbyplay_inferred
Shot Chart Detail,1021600127,23,203041,Lynetta Kizer,1611661325,Indiana Fever,1,5,58,Missed Shot,Jump Shot,2PT Field Goal,Mid-Range,Right Side(R),16-24 ft.,16.0,166.0,-17.0,1,0,20160715,IND,ATL,2016,102160012723,2420,validated,,0,matched,playbyplayv2,1611661330,100646|201503|201896|203041|204365,complete,playbyplay_inferred,101023|201881|203026|203406|204322,complete,playbyplay_inferred
Shot Chart Detail,1021600127,25,203041,Lynetta Kizer,1611661325,Indiana Fever,1,5,54,Made Shot,Cutting Layup Shot,2PT Field Goal,Restricted Area,Center(C),Less Than 8 ft.,1.0,15.0,-13.0,1,1,20160715,IND,ATL,2016,102160012725,2460,validated,201503,1,matched,playbyplayv2,1611661330,100646|201503|201896|203041|204365,complete,playbyplay_inferred,101023|201881|203026|203406|204322,complete,playbyplay_inferred
Shot Chart Detail,1021600127,103,203041,Lynetta Kizer,1611661325,Indiana Fever,2,9,3,Made Shot,Jump Bank Shot,2PT Field Goal,In The Paint (Non-RA),Center(C),Less Than 8 ft.,5.0,53.0,-5.0,1,1,20160715,IND,ATL,2016,1021600127103,6570,validated,201889,1,matched,playbyplayv2,1611661330,201889|203018|203041|204365|1627676,complete,playbyplay_inferred,101023|201881|204334|1627635|1627678,complete,playbyplay_inferred
Shot Chart Detail,1021600127,106,203041,Lynetta Kizer,1611661325,Indiana Fever,2,8,33,Missed Shot,Jump Shot,2PT Field Goal,Mid-Range,Right Side Center(RC),16-24 ft.,16.0,81.0,146.0,1,0,20160715,IND,ATL,2016,1021600127106,6870,validated,,0,matched,playbyplayv2,1611661330,201889|203018|203041|204365|1627676,complete,playbyplay_inferred,101023|201881|204334|1627635|1627678,complete,playbyplay_inferred
Shot Chart Detail,1021600127,125,203041,Lynetta Kizer,1611661325,Indiana Fever,2,6,37,Missed Shot,Jump Shot,2PT Field Goal,Mid-Range,Center(C),16-24 ft.,18.0,-13.0,187.0,1,0,20160715,IND,ATL,2016,1021600127125,8030,validated,,0,matched,playbyplayv2,1611661330,100646|201889|201896|203041|1627676,complete,playbyplay_inferred,201881|203026|203406|203832|204322,complete,playbyplay_inferred
Shot Chart Detail,1021600127,144,203041,Lynetta Kizer,1611661325,Indiana Fever,2,4,23,Missed Shot,Jump Shot,2PT Field Goal,Mid-Range,Left Side(L),8-16 ft.,15.0,-153.0,-16.0,1,0,20160715,IND,ATL,2016,1021600127144,9370,validated,,0,matched,playbyplayv2,1611661330,100646|201503|201896|203041|1627676,complete,playbyplay_inferred,101023|201881|203026|203406|204322,complete,playbyplay_inferred
Shot Chart Detail,1021600127,207,203041,Lynetta Kizer,1611661325,Indiana Fever,3,9,40,Made Shot,Layup Shot,2PT Field Goal,Restricted Area,Center(C),Less Than 8 ft.,2.0,6.0,-25.0,1,1,20160715,IND,ATL,2016,1021600127207,12200,validated,204365,1,matched,playbyplayv2,1611661330,100646|201503|201896|203041|204365,complete,playbyplay_inferred,201881|203026|203406|204322|1627680,complete,playbyplay_inferred
Shot Chart Detail,1021600127,216,203041,Lynetta Kizer,1611661325,Indiana Fever,3,8,56,Missed Shot,Layup Shot,2PT Field Goal,Restricted Area,Center(C),Less Than 8 ft.,2.0,23.0,-3.0,1,0,20160715,IND,ATL,2016,1021600127216,12640,validated,,0,matched,playbyplayv2,1611661330,100646|201503|201896|203041|204365,complete,playbyplay_inferred,201881|203026|203406|204322|1627680,complete,playbyplay_inferred
Shot Chart Detail,1021600127,218,203041,Lynetta Kizer,1611661325,Indiana Fever,3,8,51,Made Shot,Jump Shot,2PT Field Goal,Mid-Range,Left Side Center(LC),16-24 ft.,17.0,-64.0,167.0,1,1,20160715,IND,ATL,2016,1021600127218,12690,validated,201503,1,matched,playbyplayv2,1611661330,100646|201503|201896|203041|204365,complete,playbyplay_inferred,201881|203026|203406|204322|1627680,complete,playbyplay_inferred
Shot Chart Detail,1021600127,291,203041,Lynetta Kizer,1611661325,Indiana Fever,3,1,3,Missed Shot,Jump Shot,2PT Field Goal,Mid-Range,Center(C),8-16 ft.,14.0,-5.0,140.0,1,0,20160715,IND,ATL,2016,1021600127291,17370,validated,,0,matched,playbyplayv2,1611661330,201889|201896|203018|203041|1627676,complete,playbyplay_inferred,201492|204322|204334|1627635|1627678,complete,playbyplay_inferred
Shot Chart Detail,1021600127,339,203041,Lynetta Kizer,1611661325,Indiana Fever,4,7,47,Made Shot,Jump Shot,2PT Field Goal,Mid-Range,Left Side(L),8-16 ft.,13.0,-133.0,-19.0,1,1,20160715,IND,ATL,2016,1021600127339,19330,validated,201896,1,matched,playbyplayv2,1611661330,100646|201503|201896|203041|204365,complete,playbyplay_inferred,201881|203026|204322|204334|1627635,complete,playbyplay_inferred
Shot Chart Detail,1021600127,358,203041,Lynetta Kizer,1611661325,Indiana Fever,4,5,50,Made Shot,Jump Shot,2PT Field Goal,Mid-Range,Center(C),8-16 ft.,15.0,-2.0,156.0,1,1,20160715,IND,ATL,2016,1021600127358,20500,validated,100646,1,matched,playbyplayv2,1611661330,100646|201503|201896|203041|204365,complete,playbyplay_inferred,201881|203406|204322|204334|1627678,complete,playbyplay_inferred
Shot Chart Detail,1021600127,374,203041,Lynetta Kizer,1611661325,Indiana Fever,4,3,6,Made Shot,Jump Shot,2PT Field Goal,Mid-Range,Left Side Center(LC),16-24 ft.,16.0,-71.0,154.0,1,1,20160715,IND,ATL,2016,1021600127374,22140,validated,201503,1,matched,playbyplayv2,1611661330,100646|201503|201896|203041|204365,complete,playbyplay_inferred,201492|204322|204334|1627635|1627678,complete,playbyplay_inferred
Shot Chart Detail,1021600136,17,203041,Lynetta Kizer,1611661325,Indiana Fever,1,7,46,Made Shot,Running Layup Shot,2PT Field Goal,Restricted Area,Center(C),Less Than 8 ft.,1.0,-18.0,-6.0,1,1,20160719,IND,LAS,2016,102160013617,1340,validated,,0,matched,playbyplayv2,1611661320,100646|201503|201896|203041|204365,complete,playbyplay_inferred,100949|201496|201502|201911|203014,complete,playbyplay_inferred
Shot Chart Detail,1021600136,25,203041,Lynetta Kizer,1611661325,Indiana Fever,1,7,12,Made Shot,Jump Shot,2PT Field Goal,Mid-Range,Center(C),8-16 ft.,15.0,-71.0,142.0,1,1,20160719,IND,LAS,2016,102160013625,1680,validated,201896,1,matched,playbyplayv2,1611661320,100646|201503|201896|203041|204365,complete,playbyplay_inferred,100949|201496|201502|201911|203014,complete,playbyplay_inferred
Shot Chart Detail,1021600136,38,203041,Lynetta Kizer,1611661325,Indiana Fever,1,5,8,Made Shot,Jump Shot,2PT Field Goal,Mid-Range,Center(C),8-16 ft.,15.0,-43.0,154.0,1,1,20160719,IND,LAS,2016,102160013638,2920,validated,201896,1,matched,playbyplayv2,1611661320,100646|201503|201896|203041|204365,complete,playbyplay_inferred,100949|201496|201502|201911|203014,complete,playbyplay_inferred
Shot Chart Detail,1021600136,158,203041,Lynetta Kizer,1611661325,Indiana Fever,2,4,46,Missed Shot,Jump Shot,2PT Field Goal,Mid-Range,Right Side Center(RC),16-24 ft.,16.0,72.0,151.0,1,0,20160719,IND,LAS,2016,1021600136158,9140,validated,,0,matched,playbyplayv2,1611661320,100646|201503|201896|203041|204365,complete,playbyplay_inferred,100949|201496|201911|202650|203014,complete,playbyplay_inferred
Shot Chart Detail,1021600136,217,203041,Lynetta Kizer,1611661325,Indiana Fever,3,7,59,Made Shot,Jump Shot,2PT Field Goal,Mid-Range,Center(C),16-24 ft.,18.0,-11.0,186.0,1,1,20160719,IND,LAS,2016,1021600136217,13210,validated,100646,1,matched,playbyplayv2,1611661320,100646|201503|201896|203041|204365,complete,playbyplay_inferred,100949|201496|201502|201911|203014,complete,playbyplay_inferred
Shot Chart Detail,1021600136,229,203041,Lynetta Kizer,1611661325,Indiana Fever,3,6,24,Missed Shot,Layup Shot,2PT Field Goal,Restricted Area,Center(C),Less Than 8 ft.,2.0,20.0,-16.0,1,0,20160719,IND,LAS,2016,1021600136229,14160,validated,,0,matched,playbyplayv2,1611661320,100646|201503|201896|203041|204365,complete,playbyplay_inferred,100949|201496|201502|201911|203014,complete,playbyplay_inferred
Shot Chart Detail,1021600136,237,203041,Lynetta Kizer,1611661325,Indiana Fever,3,5,25,Missed Shot,Jump Shot,2PT Field Goal,Mid-Range,Left Side(L),16-24 ft.,16.0,-163.0,-16.0,1,0,20160719,IND,LAS,2016,1021600136237,14750,validated,,0,matched,playbyplayv2,1611661320,100646|201503|201896|203041|204365,complete,playbyplay_inferred,100949|201496|201502|201911|203014,complete,playbyplay_inferred
Shot Chart Detail,1021600136,275,203041,Lynetta Kizer,1611661325,Indiana Fever,3,2,4,Made Shot,Layup Shot,2PT Field Goal,Restricted Area,Center(C),Less Than 8 ft.,0.0,2.0,0.0,1,1,20160719,IND,LAS,2016,1021600136275,16760,validated,203018,1,matched,playbyplayv2,1611661320,201889|203018|203041|204365|1627676,complete,playbyplay_inferred,100949|201911|202650|203014|203833,complete,playbyplay_inferred
Shot Chart Detail,1021600136,370,203041,Lynetta Kizer,1611661325,Indiana Fever,4,2,58,Made Shot,Jump Shot,2PT Field Goal,Mid-Range,Right Side(R),16-24 ft.,18.0,181.0,-33.0,1,1,20160719,IND,LAS,2016,1021600136370,22220,validated,201896,1,matched,playbyplayv2,1611661320,100646|201503|201896|203041|204365,complete,playbyplay_inferred,201496|201911|202650|203014|1627648,complete,playbyplay_inferred
Shot Chart Detail,1021600142,10,203041,Lynetta Kizer,1611661325,Indiana Fever,1,8,40,Missed Shot,Jump Shot,2PT Field Goal,Mid-Range,Left Side(L),16-24 ft.,19.0,-175.0,78.0,1,0,20160721,NYL,IND,2016,102160014210,800,validated,,0,matched,playbyplayv2,1611661313,100646|201503|201896|203041|204365,complete,playbyplay_inferred,100721|101030|202250|202670|203411,complete,playbyplay_inferred
Shot Chart Detail,1021600142,29,203041,Lynetta Kizer,1611661325,Indiana Fever,1,6,28,Made Shot,Turnaround Jump Shot,2PT Field Goal,In The Paint (Non-RA),Center(C),Less Than 8 ft.,7.0,43.0,64.0,1,1,20160721,NYL,IND,2016,102160014229,2120,validated,201896,1,matched,playbyplayv2,1611661313,100646|201503|201896|203041|204365,complete,playbyplay_inferred,100721|101030|202250|202670|203411,complete,playbyplay_inferred
Shot Chart Detail,1021600142,98,203041,Lynetta Kizer,1611661325,Indiana Fever,2,9,14,Made Shot,Layup Shot,2PT Field Goal,Restricted Area,Center(C),Less Than 8 ft.,2.0,4.0,23.0,1,1,20160721,NYL,IND,2016,102160014298,6460,validated,,0,matched,playbyplayv2,1611661313,201889|203018|203041|204365|1627676,complete,playbyplay_inferred,201919|204296|204320|204327|204329,complete,playbyplay_inferred
Shot Chart Detail,1021600142,104,203041,Lynetta Kizer,1611661325,Indiana Fever,2,8,21,Made Shot,Jump Shot,2PT Field Goal,Mid-Range,Right Side(R),8-16 ft.,15.0,119.0,93.0,1,1,20160721,NYL,IND,2016,1021600142104,6990,validated,201889,1,matched,playbyplayv2,1611661313,201889|203018|203041|204365|1627676,complete,playbyplay_inferred,201919|204296|204320|204327|204329,complete,playbyplay_inferred
Shot Chart Detail,1021600142,113,203041,Lynetta Kizer,1611661325,Indiana Fever,2,7,12,Missed Shot,Jump Shot,2PT Field Goal,Mid-Range,Center(C),16-24 ft.,17.0,-26.0,176.0,1,0,20160721,NYL,IND,2016,1021600142113,7680,validated,,0,matched,playbyplayv2,1611661313,201889|203018|203041|204365|1627676,complete,playbyplay_inferred,201919|204296|204320|204327|204329,complete,playbyplay_inferred
Shot Chart Detail,1021600142,131,203041,Lynetta Kizer,1611661325,Indiana Fever,2,5,26,Made Shot,Turnaround Jump Shot,2PT Field Goal,In The Paint (Non-RA),Center(C),Less Than 8 ft.,7.0,-46.0,60.0,1,1,20160721,NYL,IND,2016,1021600142131,8740,validated,203018,1,matched,playbyplayv2,1611661313,100646|201503|203018|203041|204365,complete,playbyplay_inferred,201919|204296|204320|204327|204329,complete,playbyplay_inferred
Shot Chart Detail,1021600142,138,203041,Lynetta Kizer,1611661325,Indiana Fever,2,4,50,Made Shot,Layup Shot,2PT Field Goal,Restricted Area,Center(C),Less Than 8 ft.,2.0,-18.0,22.0,1,1,20160721,NYL,IND,2016,1021600142138,9100,validated,203018,1,matched,playbyplayv2,1611661313,100646|201503|203018|203041|204365,complete,playbyplay_inferred,201919|202250|203411|204320|204327,complete,playbyplay_inferred
Shot Chart Detail,1021600142,141,203041,Lynetta Kizer,1611661325,Indiana Fever,2,4,23,Made Shot,Jump Shot,2PT Field Goal,Mid-Range,Right Side(R),8-16 ft.,12.0,100.0,74.0,1,1,20160721,NYL,IND,2016,1021600142141,9370,validated,100646,1,matched,playbyplayv2,1611661313,100646|201503|203018|203041|204365,complete,playbyplay_inferred,201919|202250|203411|204320|204327,complete,playbyplay_inferred
Shot Chart Detail,1021600142,181,203041,Lynetta Kizer,1611661325,Indiana Fever,2,1,1,Made Shot,Jump Shot,2PT Field Goal,Mid-Range,Center(C),8-16 ft.,15.0,-34.0,154.0,1,1,20160721,NYL,IND,2016,1021600142181,11390,validated,204365,1,matched,playbyplayv2,1611661313,100646|201503|201896|203041|204365,complete,playbyplay_inferred,100721|101030|202250|202670|203411,complete,playbyplay_inferred
Shot Chart Detail,1021600142,216,203041,Lynetta Kizer,1611661325,Indiana Fever,3,7,41,Made Shot,Finger Roll Layup Shot,2PT Field Goal,Restricted Area,Center(C),Less Than 8 ft.,2.0,7.0,20.0,1,1,20160721,NYL,IND,2016,1021600142216,13390,validated,201503,1,matched,playbyplayv2,1611661313,100646|201503|201896|203041|204365,complete,playbyplay_inferred,100721|101030|202250|202670|203411,complete,playbyplay_inferred
Shot Chart Detail,1021600142,244,203041,Lynetta Kizer,1611661325,Indiana Fever,3,4,14,Made Shot,Jump Shot,2PT Field Goal,Mid-Range,Left Side(L),8-16 ft.,14.0,-122.0,77.0,1,1,20160721,NYL,IND,2016,1021600142244,15460,validated,203018,1,matched,playbyplayv2,1611661313,201503|201896|203018|203041|204365,complete,playbyplay_inferred,101030|201919|202250|202670|203411,complete,playbyplay_inferred
Shot Chart Detail,1021600142,248,203041,Lynetta Kizer,1611661325,Indiana Fever,3,3,26,Missed Shot,Jump Shot,2PT Field Goal,Mid-Range,Left Side(L),8-16 ft.,14.0,-138.0,48.0,1,0,20160721,NYL,IND,2016,1021600142248,15940,validated,,0,matched,playbyplayv2,1611661313,201503|201896|203018|203041|204365,complete,playbyplay_inferred,101030|201919|202250|203411|204329,complete,playbyplay_inferred
Shot Chart Detail,1021600142,285,203041,Lynetta Kizer,1611661325,Indiana Fever,4,8,20,Made Shot,Jump Shot,2PT Field Goal,Mid-Range,Left Side(L),16-24 ft.,16.0,-152.0,69.0,1,1,20160721,NYL,IND,2016,1021600142285,19000,validated,1627676,1,matched,playbyplayv2,1611661313,201889|201896|203018|203041|1627676,complete,playbyplay_inferred,201919|202250|204296|204327|204329,complete,playbyplay_inferred
Shot Chart Detail,1021600142,331,203041,Lynetta Kizer,1611661325,Indiana Fever,4,3,54,Missed Shot,Jump Shot,2PT Field Goal,Mid-Range,Left Side Center(LC),16-24 ft.,18.0,-87.0,164.0,1,0,20160721,NYL,IND,2016,1021600142331,21660,validated,,0,matched,playbyplayv2,1611661313,100646|201503|203018|203041|204365,complete,playbyplay_inferred,101030|201919|202250|203411|204329,complete,playbyplay_inferred
Shot Chart Detail,1021600152,16,203041,Lynetta Kizer,1611661325,Indiana Fever,1,8,56,Made Shot,Jump Shot,2PT Field Goal,In The Paint (Non-RA),Center(C),Less Than 8 ft.,4.0,9.0,39.0,1,1,20160827,IND,WAS,2016,102160015216,640,validated,,0,matched,playbyplayv2,1611661322,100646|201503|201896|203018|203041,complete,playbyplay_inferred,203401|203416|203437|203828|204333,complete,playbyplay_inferred
Shot Chart Detail,1021600152,31,203041,Lynetta Kizer,1611661325,Indiana Fever,1,7,22,Made Shot,Jump Shot,2PT Field Goal,Mid-Range,Left Side Center(LC),16-24 ft.,16.0,-106.0,126.0,1,1,20160827,IND,WAS,2016,102160015231,1580,validated,201896,1,matched,playbyplayv2,1611661322,100646|201503|201896|203018|203041,complete,playbyplay_inferred,203401|203416|203437|203828|204333,complete,playbyplay_inferred
Shot Chart Detail,1021600152,187,203041,Lynetta Kizer,1611661325,Indiana Fever,2,4,48,Missed Shot,Jump Shot,2PT Field Goal,Mid-Range,Right Side(R),16-24 ft.,17.0,170.0,1.0,1,0,20160827,IND,WAS,2016,1021600152187,9120,validated,,0,matched,playbyplayv2,1611661322,100646|201503|201896|203018|203041,complete,playbyplay_inferred,201056|203401|203416|203437|203828,complete,playbyplay_inferred
Shot Chart Detail,1021600152,225,203041,Lynetta Kizer,1611661325,Indiana Fever,2,2,28,Missed Shot,Jump Shot,2PT Field Goal,Mid-Range,Left Side(L),8-16 ft.,15.0,-114.0,99.0,1,0,20160827,IND,WAS,2016,1021600152225,10520,validated,,0,matched,playbyplayv2,1611661322,201503|201896|203018|203041|204365,complete,playbyplay_inferred,201056|201913|203401|203416|1627674,complete,playbyplay_inferred
Shot Chart Detail,1021600152,275,203041,Lynetta Kizer,1611661325,Indiana Fever,2,0,0,Missed Shot,Jump Shot,3PT Field Goal,Above the Break 3,Left Side Center(LC),16-24 ft.,23.0,-163.0,167.0,1,0,20160827,IND,WAS,2016,1021600152275,12000,validated,,0,matched,playbyplayv2,1611661322,201889|201896|202656|203018|203041,complete,playbyplay_inferred,201506|201913|203401|204333|1627674,complete,playbyplay_inferred
Shot Chart Detail,1021600159,4,203041,Lynetta Kizer,1611661325,Indiana Fever,1,9,24,Missed Shot,Jump Shot,2PT Field Goal,Mid-Range,Right Side(R),16-24 ft.,18.0,189.0,-17.0,1,0,20160830,IND,PHO,2016,10216001594,360,validated,,0,matched,playbyplayv2,1611661317,100646|201503|201896|203018|203041,complete,playbyplay_inferred,100634|100940|200676|201886|203398,complete,playbyplay_inferred
Shot Chart Detail,1021600159,169,203041,Lynetta Kizer,1611661325,Indiana Fever,2,5,14,Made Shot,Cutting Layup Shot,2PT Field Goal,Restricted Area,Center(C),Less Than 8 ft.,1.0,9.0,-13.0,1,1,20160830,IND,PHO,2016,1021600159169,8860,validated,201503,1,matched,playbyplayv2,1611661317,100646|201503|201896|203018|203041,complete,playbyplay_inferred,100634|100940|200691|203398|204300,complete,playbyplay_inferred
Shot Chart Detail,1021600159,176,203041,Lynetta Kizer,1611661325,Indiana Fever,2,3,53,Made Shot,Layup Shot,2PT Field Goal,Restricted Area,Center(C),Less Than 8 ft.,1.0,10.0,-5.0,1,1,20160830,IND,PHO,2016,1021600159176,9670,validated,,0,matched,playbyplayv2,1611661317,100646|201503|201896|203018|203041,complete,playbyplay_inferred,100634|100940|200691|203398|204300,complete,playbyplay_inferred
Shot Chart Detail,1021600159,223,203041,Lynetta Kizer,1611661325,Indiana Fever,2,0,9,Made Shot,Jump Shot,2PT Field Goal,Mid-Range,Center(C),8-16 ft.,14.0,28.0,143.0,1,1,20160830,IND,PHO,2016,1021600159223,11910,validated,201896,1,matched,playbyplayv2,1611661317,100646|201503|201896|202656|203041,complete,playbyplay_inferred,200676|201886|201909|203398|204300,complete,playbyplay_inferred
Shot Chart Detail,1021600159,281,203041,Lynetta Kizer,1611661325,Indiana Fever,3,5,28,Missed Shot,Layup Shot,2PT Field Goal,Restricted Area,Center(C),Less Than 8 ft.,1.0,15.0,-10.0,1,0,20160830,IND,PHO,2016,1021600159281,14720,validated,,0,matched,playbyplayv2,1611661317,201503|201889|201896|203018|203041,complete,playbyplay_inferred,100634|100940|200676|201886|203398,complete,playbyplay_inferred
Shot Chart Detail,1021600159,283,203041,Lynetta Kizer,1611661325,Indiana Fever,3,5,25,Missed Shot,Jump Shot,2PT Field Goal,In The Paint (Non-RA),Center(C),Less Than 8 ft.,7.0,70.0,9.0,1,0,20160830,IND,PHO,2016,1021600159283,14750,validated,,0,matched,playbyplayv2,1611661317,201503|201889|201896|203018|203041,complete,playbyplay_inferred,100634|100940|200676|201886|203398,complete,playbyplay_inferred
Shot Chart Detail,1021600159,415,203041,Lynetta Kizer,1611661325,Indiana Fever,4,4,47,Made Shot,Jump Shot,2PT Field Goal,Mid-Range,Right Side Center(RC),16-24 ft.,16.0,75.0,143.0,1,1,20160830,IND,PHO,2016,1021600159415,21130,validated,204365,1,matched,playbyplayv2,1611661317,100646|201503|201896|203041|204365,complete,playbyplay_inferred,100634|100940|200676|201046|203398,complete,playbyplay_inferred
Shot Chart Detail,1021600159,420,203041,Lynetta Kizer,1611661325,Indiana Fever,4,4,6,Missed Shot,Jump Shot,2PT Field Goal,Mid-Range,Right Side(R),8-16 ft.,15.0,152.0,-3.0,1,0,20160830,IND,PHO,2016,1021600159420,21540,validated,,0,matched,playbyplayv2,1611661317,100646|201503|201896|203041|204365,complete,playbyplay_inferred,100634|100940|200676|201886|203398,complete,playbyplay_inferred
Shot Chart Detail,1021600159,449,203041,Lynetta Kizer,1611661325,Indiana Fever,4,1,47,Made Shot,Jump Shot,2PT Field Goal,Mid-Range,Left Side Center(LC),16-24 ft.,17.0,-111.0,129.0,1,1,20160830,IND,PHO,2016,1021600159449,22930,validated,201896,1,matched,playbyplayv2,1611661317,100646|201503|201896|202656|203041,complete,playbyplay_inferred,100940|200676|201046|201886|203398,complete,playbyplay_inferred
Shot Chart Detail,1021600159,464,203041,Lynetta Kizer,1611661325,Indiana Fever,4,0,17,Missed Shot,Jump Shot,2PT Field Goal,Mid-Range,Right Side Center(RC),16-24 ft.,16.0,92.0,142.0,1,0,20160830,IND,PHO,2016,1021600159464,23830,validated,,0,matched,playbyplayv2,1611661317,201889|201896|202656|203016|203041,complete,playbyplay_inferred,201046|201909|203402|204330|204336,complete,playbyplay_inferred
Shot Chart Detail,1021600161,60,203041,Lynetta Kizer,1611661325,Indiana Fever,1,4,17,Missed Shot,Jump Shot,2PT Field Goal,Mid-Range,Center(C),16-24 ft.,18.0,7.0,187.0,1,0,20160901,IND,NYL,2016,102160016160,3430,validated,,0,matched,playbyplayv2,1611661313,201889|203018|203041|203831|204365,complete,playbyplay_inferred,100721|201919|202250|203411|204320,complete,playbyplay_inferred
Shot Chart Detail,1021600161,70,203041,Lynetta Kizer,1611661325,Indiana Fever,1,2,57,Made Shot,Jump Shot,2PT Field Goal,Mid-Range,Left Side Center(LC),16-24 ft.,17.0,-116.0,135.0,1,1,20160901,IND,NYL,2016,102160016170,4230,validated,203018,1,matched,playbyplayv2,1611661313,201889|203018|203041|203831|204365,complete,playbyplay_inferred,100721|201919|202250|203411|204320,complete,playbyplay_inferred
Shot Chart Detail,1021600161,81,203041,Lynetta Kizer,1611661325,Indiana Fever,1,1,48,Missed Shot,Jump Shot,2PT Field Goal,Mid-Range,Left Side(L),8-16 ft.,12.0,-127.0,-8.0,1,0,20160901,IND,NYL,2016,102160016181,4920,validated,,0,matched,playbyplayv2,1611661313,203018|203041|203831|204365|1627676,complete,playbyplay_inferred,100721|202250|202259|203411|204320,complete,playbyplay_inferred
Shot Chart Detail,1021600161,104,203041,Lynetta Kizer,1611661325,Indiana Fever,1,0,45,Made Shot,Jump Shot,2PT Field Goal,Mid-Range,Right Side Center(RC),16-24 ft.,19.0,102.0,167.0,1,1,20160901,IND,NYL,2016,1021600161104,5550,validated,1627676,1,matched,playbyplayv2,1611661313,203016|203018|203041|204365|1627676,complete,playbyplay_inferred,100721|202259|202670|203411|204320,complete,playbyplay_inferred
Shot Chart Detail,1021600161,148,203041,Lynetta Kizer,1611661325,Indiana Fever,2,7,58,Made Shot,Jump Shot,2PT Field Goal,Mid-Range,Left Side Center(LC),16-24 ft.,16.0,-120.0,112.0,1,1,20160901,IND,NYL,2016,1021600161148,7220,validated,1627676,1,matched,playbyplayv2,1611661313,201896|203016|203018|203041|1627676,complete,playbyplay_inferred,201919|202250|202259|204320|204327,complete,playbyplay_inferred
Shot Chart Detail,1021600161,152,203041,Lynetta Kizer,1611661325,Indiana Fever,2,7,3,Missed Shot,Jump Shot,2PT Field Goal,Mid-Range,Right Side(R),16-24 ft.,16.0,163.0,-8.0,1,0,20160901,IND,NYL,2016,1021600161152,7770,validated,,0,matched,playbyplayv2,1611661313,201896|203016|203018|203041|1627676,complete,playbyplay_inferred,201919|202250|202259|204320|204327,complete,playbyplay_inferred
Shot Chart Detail,1021600161,315,203041,Lynetta Kizer,1611661325,Indiana Fever,3,3,45,Missed Shot,Jump Shot,2PT Field Goal,Mid-Range,Center(C),16-24 ft.,18.0,12.0,184.0,1,0,20160901,IND,NYL,2016,1021600161315,15750,validated,,0,matched,playbyplayv2,1611661313,201503|201889|201896|203018|203041,complete,playbyplay_inferred,100721|201919|202250|202259|204320,complete,playbyplay_inferred
Shot Chart Detail,1021600161,347,203041,Lynetta Kizer,1611661325,Indiana Fever,3,1,2,Missed Shot,Jump Shot,2PT Field Goal,Mid-Range,Left Side(L),8-16 ft.,10.0,-100.0,33.0,1,0,20160901,IND,NYL,2016,1021600161347,17380,validated,,0,matched,playbyplayv2,1611661313,203016|203018|203041|204365|1627676,complete,playbyplay_inferred,100721|201919|202250|202259|204320,complete,playbyplay_inferred
Shot Chart Detail,1021600161,364,203041,Lynetta Kizer,1611661325,Indiana Fever,4,9,35,Missed Shot,Layup Shot,2PT Field Goal,Restricted Area,Center(C),Less Than 8 ft.,0.0,-2.0,7.0,1,0,20160901,IND,NYL,2016,1021600161364,18250,validated,,0,matched,playbyplayv2,1611661313,203016|203018|203041|204365|1627676,complete,playbyplay_inferred,100721|201919|202250|202259|204320,complete,playbyplay_inferred
Shot Chart Detail,1021600161,368,203041,Lynetta Kizer,1611661325,Indiana Fever,4,9,10,Missed Shot,Jump Shot,2PT Field Goal,Mid-Range,Left Side(L),16-24 ft.,16.0,-163.0,-17.0,1,0,20160901,IND,NYL,2016,1021600161368,18500,validated,,0,matched,playbyplayv2,1611661313,203016|203018|203041|204365|1627676,complete,playbyplay_inferred,100721|201919|202250|202259|204320,complete,playbyplay_inferred
Shot Chart Detail,1021600171,70,203041,Lynetta Kizer,1611661325,Indiana Fever,1,1,43,Made Shot,Layup Shot,2PT Field Goal,Restricted Area,Center(C),Less Than 8 ft.,0.0,-4.0,0.0,1,1,20160904,LAS,IND,2016,102160017170,4970,validated,1627676,1,matched,playbyplayv2,1611661320,201896|203018|203041|203831|1627676,complete,playbyplay_inferred,201496|201911|202650|204302|1627648,complete,playbyplay_inferred
Shot Chart Detail,1021600171,263,203041,Lynetta Kizer,1611661325,Indiana Fever,3,2,46,Missed Shot,Jump Shot,2PT Field Goal,Mid-Range,Left Side(L),8-16 ft.,14.0,-139.0,42.0,1,0,20160904,LAS,IND,2016,1021600171263,16340,validated,,0,matched,playbyplayv2,1611661320,201503|201896|203018|203041|1627676,complete,playbyplay_inferred,100949|201911|202650|203014|204302,complete,playbyplay_inferred
Shot Chart Detail,1021600171,266,203041,Lynetta Kizer,1611661325,Indiana Fever,3,2,12,Missed Shot,Jump Shot,2PT Field Goal,Mid-Range,Right Side(R),8-16 ft.,13.0,129.0,26.0,1,0,20160904,LAS,IND,2016,1021600171266,16680,validated,,0,matched,playbyplayv2,1611661320,201503|201896|203018|203041|1627676,complete,playbyplay_inferred,100949|201911|202650|203014|204302,complete,playbyplay_inferred
Shot Chart Detail,1021600174,72,203041,Lynetta Kizer,1611661325,Indiana Fever,1,3,17,Missed Shot,Jump Shot,2PT Field Goal,In The Paint (Non-RA),Center(C),Less Than 8 ft.,4.0,40.0,26.0,1,0,20160906,SAN,IND,2016,102160017472,4030,validated,,0,matched,playbyplayv2,1611661319,201503|201889|201896|203018|203041,complete,playbyplay_inferred,202251|203838|203863|1627669|1627681,complete,playbyplay_inferred
Shot Chart Detail,1021600174,84,203041,Lynetta Kizer,1611661325,Indiana Fever,1,2,18,Missed Shot,Jump Shot,2PT Field Goal,Mid-Range,Right Side(R),8-16 ft.,15.0,129.0,91.0,1,0,20160906,SAN,IND,2016,102160017484,4620,validated,,0,matched,playbyplayv2,1611661319,201503|201889|201896|203018|203041,complete,playbyplay_inferred,202251|203037|203863|1627669|1627681,complete,playbyplay_inferred
Shot Chart Detail,1021600174,99,203041,Lynetta Kizer,1611661325,Indiana Fever,1,1,24,Missed Shot,Jump Shot,2PT Field Goal,In The Paint (Non-RA),Center(C),Less Than 8 ft.,4.0,-30.0,30.0,1,0,20160906,SAN,IND,2016,102160017499,5160,validated,,0,matched,playbyplayv2,1611661319,201503|201896|203018|203041|1627676,complete,playbyplay_inferred,202641|203037|203863|1627669|1627681,complete,playbyplay_inferred
Shot Chart Detail,1021600174,350,203041,Lynetta Kizer,1611661325,Indiana Fever,3,0,2,Made Shot,Jump Shot,2PT Field Goal,Mid-Range,Center(C),16-24 ft.,16.0,-24.0,160.0,1,1,20160906,SAN,IND,2016,1021600174350,17980,validated,204365,1,matched,playbyplayv2,1611661319,201896|203041|203831|204365|1627676,complete,playbyplay_inferred,202641|203037|203069|203863|1627669,complete,playbyplay_inferred
Shot Chart Detail,1021600174,357,203041,Lynetta Kizer,1611661325,Indiana Fever,4,9,21,Made Shot,Layup Shot,2PT Field Goal,Restricted Area,Center(C),Less Than 8 ft.,1.0,13.0,15.0,1,1,20160906,SAN,IND,2016,1021600174357,18390,validated,201889,1,matched,playbyplayv2,1611661319,201503|201889|201896|203041|204365,complete,playbyplay_inferred,202641|203037|203069|203863|1627669,complete,playbyplay_inferred
Shot Chart Detail,1021600174,391,203041,Lynetta Kizer,1611661325,Indiana Fever,4,6,33,Missed Shot,Jump Shot,2PT Field Goal,Mid-Range,Right Side(R),16-24 ft.,16.0,138.0,99.0,1,0,20160906,SAN,IND,2016,1021600174391,20070,validated,,0,matched,playbyplayv2,1611661319,201503|201889|201896|203018|203041,complete,playbyplay_inferred,202251|202641|203838|1627669|1627681,complete,playbyplay_inferred
Shot Chart Detail,1021600174,417,203041,Lynetta Kizer,1611661325,Indiana Fever,4,4,0,Made Shot,Jump Shot,2PT Field Goal,In The Paint (Non-RA),Center(C),8-16 ft.,10.0,51.0,94.0,1,1,20160906,SAN,IND,2016,1021600174417,21600,validated,201896,1,matched,playbyplayv2,1611661319,201503|201889|201896|203041|1627676,complete,playbyplay_inferred,202251|202641|203838|1627669|1627681,complete,playbyplay_inferred
Shot Chart Detail,1021600174,419,203041,Lynetta Kizer,1611661325,Indiana Fever,4,3,11,Made Shot,Jump Shot,2PT Field Goal,Mid-Range,Left Side(L),8-16 ft.,8.0,-86.0,14.0,1,1,20160906,SAN,IND,2016,1021600174419,22090,validated,1627676,1,matched,playbyplayv2,1611661319,201503|201889|201896|203041|1627676,complete,playbyplay_inferred,202251|202641|203838|1627669|1627681,complete,playbyplay_inferred
Shot Chart Detail,1021600180,67,203041,Lynetta Kizer,1611661325,Indiana Fever,1,2,16,Made Shot,Layup Shot,2PT Field Goal,Restricted Area,Center(C),Less Than 8 ft.,0.0,-5.0,0.0,1,1,20160909,IND,CHI,2016,102160018067,4640,validated,201896,1,matched,playbyplayv2,1611661329,201503|201889|201896|203018|203041,complete,playbyplay_inferred,100812|200665|201516|202664|204309,complete,playbyplay_inferred
Shot Chart Detail,1021600180,161,203041,Lynetta Kizer,1611661325,Indiana Fever,2,5,58,Made Shot,Layup Shot,2PT Field Goal,Restricted Area,Center(C),Less Than 8 ft.,1.0,-8.0,-14.0,1,1,20160909,IND,CHI,2016,1021600180161,8420,validated,201896,1,matched,playbyplayv2,1611661329,100646|201889|201896|203041|204365,complete,playbyplay_inferred,100812|200665|201516|202638|202664,complete,playbyplay_inferred
Shot Chart Detail,1021600180,180,203041,Lynetta Kizer,1611661325,Indiana Fever,2,4,4,Made Shot,Cutting Layup Shot,2PT Field Goal,Restricted Area,Center(C),Less Than 8 ft.,2.0,12.0,-16.0,1,1,20160909,IND,CHI,2016,1021600180180,9560,validated,204365,1,matched,playbyplayv2,1611661329,100646|201889|201896|203041|204365,complete,playbyplay_inferred,100812|200665|201516|202664|204309,complete,playbyplay_inferred
Shot Chart Detail,1021600180,200,203041,Lynetta Kizer,1611661325,Indiana Fever,2,2,14,Made Shot,Layup Shot,2PT Field Goal,Restricted Area,Center(C),Less Than 8 ft.,2.0,-15.0,-17.0,1,1,20160909,IND,CHI,2016,1021600180200,10660,validated,,0,matched,playbyplayv2,1611661329,201889|203016|203018|203041|204365,complete,playbyplay_inferred,200665|201516|202664|204309|204323,complete,playbyplay_inferred
Shot Chart Detail,1021600180,326,203041,Lynetta Kizer,1611661325,Indiana Fever,3,1,53,Missed Shot,Jump Shot,2PT Field Goal,Mid-Range,Right Side Center(RC),16-24 ft.,19.0,118.0,156.0,1,0,20160909,IND,CHI,2016,1021600180326,16870,validated,,0,matched,playbyplayv2,1611661329,203018|203041|203831|204365|1627676,complete,playbyplay_inferred,100812|200665|201516|203857|204309,complete,playbyplay_inferred
Shot Chart Detail,1021600180,328,203041,Lynetta Kizer,1611661325,Indiana Fever,3,1,45,Missed Shot,Jump Shot,2PT Field Goal,Mid-Range,Right Side Center(RC),16-24 ft.,18.0,141.0,112.0,1,0,20160909,IND,CHI,2016,1021600180328,16950,validated,,0,matched,playbyplayv2,1611661329,203018|203041|203831|204365|1627676,complete,playbyplay_inferred,100812|200665|201516|203857|204309,complete,playbyplay_inferred
Shot Chart Detail,1021600180,367,203041,Lynetta Kizer,1611661325,Indiana Fever,3,0,3,Made Shot,Jump Shot,2PT Field Goal,Mid-Range,Right Side(R),16-24 ft.,18.0,179.0,-21.0,1,1,20160909,IND,CHI,2016,1021600180367,17970,validated,204365,1,matched,playbyplayv2,1611661329,201889|202656|203041|203831|204365,complete,playbyplay_inferred,200665|201516|203857|204309|204323,complete,playbyplay_inferred
Shot Chart Detail,1021600180,385,203041,Lynetta Kizer,1611661325,Indiana Fever,4,9,6,Missed Shot,Jump Shot,2PT Field Goal,In The Paint (Non-RA),Center(C),Less Than 8 ft.,5.0,21.0,50.0,1,0,20160909,IND,CHI,2016,1021600180385,18540,validated,,0,matched,playbyplayv2,1611661329,201889|201896|203041|203831|204365,complete,playbyplay_inferred,200665|202638|203857|204323|1627677,complete,playbyplay_inferred
Shot Chart Detail,1021600184,70,203041,Lynetta Kizer,1611661325,Indiana Fever,1,3,10,Made Shot,Fadeaway Jump Shot,2PT Field Goal,Mid-Range,Left Side(L),8-16 ft.,11.0,-116.0,30.0,1,1,20160911,WAS,IND,2016,102160018470,4100,validated,,0,matched,playbyplayv2,1611661322,201896|203018|203041|203831|204365,complete,playbyplay_inferred,203401|203416|203437|203828|204333,complete,playbyplay_inferred
Shot Chart Detail,1021600184,194,203041,Lynetta Kizer,1611661325,Indiana Fever,2,0,46,Made Shot,Turnaround Jump Shot,2PT Field Goal,In The Paint (Non-RA),Center(C),Less Than 8 ft.,6.0,-62.0,23.0,1,1,20160911,WAS,IND,2016,1021600184194,11540,validated,204365,1,matched,playbyplayv2,1611661322,201889|201896|203018|203041|204365,complete,playbyplay_inferred,201507|201913|203401|203437|204333,complete,playbyplay_inferred
Shot Chart Detail,1021600184,197,203041,Lynetta Kizer,1611661325,Indiana Fever,2,0,7,Made Shot,Layup Shot,2PT Field Goal,Restricted Area,Center(C),Less Than 8 ft.,2.0,21.0,-8.0,1,1,20160911,WAS,IND,2016,1021600184197,11930,validated,201896,1,matched,playbyplayv2,1611661322,201889|201896|203018|203041|204365,complete,playbyplay_inferred,201507|201913|203401|203437|204333,complete,playbyplay_inferred
Shot Chart Detail,1021600184,206,203041,Lynetta Kizer,1611661325,Indiana Fever,3,9,35,Made Shot,Fadeaway Jump Shot,2PT Field Goal,Mid-Range,Right Side(R),8-16 ft.,13.0,135.0,9.0,1,1,20160911,WAS,IND,2016,1021600184206,12250,validated,,0,matched,playbyplayv2,1611661322,100646|201889|201896|203041|204365,complete,playbyplay_inferred,203401|203416|203437|203828|204333,complete,playbyplay_inferred
Shot Chart Detail,1021600184,216,203041,Lynetta Kizer,1611661325,Indiana Fever,3,8,17,Made Shot,Turnaround Jump Shot,2PT Field Goal,Restricted Area,Center(C),Less Than 8 ft.,3.0,-2.0,37.0,1,1,20160911,WAS,IND,2016,1021600184216,13030,validated,201896,1,matched,playbyplayv2,1611661322,100646|201889|201896|203041|204365,complete,playbyplay_inferred,203401|203416|203437|203828|204333,complete,playbyplay_inferred
Shot Chart Detail,1021600184,232,203041,Lynetta Kizer,1611661325,Indiana Fever,3,6,41,Made Shot,Jump Shot,2PT Field Goal,Mid-Range,Right Side(R),16-24 ft.,16.0,165.0,33.0,1,1,20160911,WAS,IND,2016,1021600184232,13990,validated,,0,matched,playbyplayv2,1611661322,100646|201889|201896|203041|204365,complete,playbyplay_inferred,203401|203416|203437|203828|204333,complete,playbyplay_inferred
Shot Chart Detail,1021600184,244,203041,Lynetta Kizer,1611661325,Indiana Fever,3,6,2,Missed Shot,Jump Shot,2PT Field Goal,Mid-Range,Left Side(L),8-16 ft.,13.0,-136.0,12.0,1,0,20160911,WAS,IND,2016,1021600184244,14380,validated,,0,matched,playbyplayv2,1611661322,201889|201896|203018|203041|1627676,complete,playbyplay_inferred,201913|203401|203437|203828|204333,complete,playbyplay_inferred
Shot Chart Detail,1021600184,252,203041,Lynetta Kizer,1611661325,Indiana Fever,3,5,18,Made Shot,Layup Shot,2PT Field Goal,Restricted Area,Center(C),Less Than 8 ft.,1.0,-4.0,-14.0,1,1,20160911,WAS,IND,2016,1021600184252,14820,validated,201889,1,matched,playbyplayv2,1611661322,201889|201896|203018|203041|1627676,complete,playbyplay_inferred,201913|203401|203437|203828|204333,complete,playbyplay_inferred
Shot Chart Detail,1021600184,278,203041,Lynetta Kizer,1611661325,Indiana Fever,3,2,19,Missed Shot,Jump Shot,2PT Field Goal,In The Paint (Non-RA),Center(C),8-16 ft.,14.0,-64.0,126.0,1,0,20160911,WAS,IND,2016,1021600184278,16610,validated,,0,matched,playbyplayv2,1611661322,201896|203016|203018|203041|1627676,complete,playbyplay_inferred,201913|203401|203437|204333|1627674,complete,playbyplay_inferred
Shot Chart Detail,1021600184,367,203041,Lynetta Kizer,1611661325,Indiana Fever,4,4,15,Made Shot,Putback Layup Shot,2PT Field Goal,Restricted Area,Center(C),Less Than 8 ft.,1.0,-16.0,-6.0,1,1,20160911,WAS,IND,2016,1021600184367,21450,validated,,0,matched,playbyplayv2,1611661322,201889|201896|203018|203041|204365,complete,playbyplay_inferred,201507|203401|203416|203828|204333,complete,playbyplay_inferred
Shot Chart Detail,1021600184,371,203041,Lynetta Kizer,1611661325,Indiana Fever,4,3,34,Missed Shot,Layup Shot,2PT Field Goal,Restricted Area,Center(C),Less Than 8 ft.,0.0,2.0,3.0,1,0,20160911,WAS,IND,2016,1021600184371,21860,validated,,0,matched,playbyplayv2,1611661322,201889|201896|203018|203041|204365,complete,playbyplay_inferred,201507|203401|203416|203828|204333,complete,playbyplay_inferred
Shot Chart Detail,1021600184,382,203041,Lynetta Kizer,1611661325,Indiana Fever,4,3,8,Missed Shot,Layup Shot,2PT Field Goal,Restricted Area,Center(C),Less Than 8 ft.,0.0,0.0,4.0,1,0,20160911,WAS,IND,2016,1021600184382,22120,validated,,0,matched,playbyplayv2,1611661322,201889|201896|203018|203041|204365,complete,playbyplay_inferred,203401|203416|203437|203828|204333,complete,playbyplay_inferred
Shot Chart Detail,1021600184,415,203041,Lynetta Kizer,1611661325,Indiana Fever,4,0,38,Missed Shot,Jump Shot,2PT Field Goal,Mid-Range,Center(C),8-16 ft.,15.0,15.0,156.0,1,0,20160911,WAS,IND,2016,1021600184415,23620,validated,,0,matched,playbyplayv2,1611661322,201889|201896|203018|203041|204365,complete,playbyplay_inferred,203401|203416|203437|203828|204333,complete,playbyplay_inferred
Shot Chart Detail,1021600189,211,203041,Lynetta Kizer,1611661325,Indiana Fever,2,0,45,Made Shot,Cutting Layup Shot,2PT Field Goal,Restricted Area,Center(C),Less Than 8 ft.,1.0,-10.0,11.0,1,1,20160913,CON,IND,2016,1021600189211,11550,validated,201889,1,matched,playbyplayv2,1611661323,201889|201896|203018|203041|204365,complete,playbyplay_inferred,201067|203410|203823|203826|1627675,complete,playbyplay_inferred
Shot Chart Detail,1021600189,221,203041,Lynetta Kizer,1611661325,Indiana Fever,3,9,31,Missed Shot,Jump Shot,2PT Field Goal,In The Paint (Non-RA),Center(C),8-16 ft.,13.0,58.0,123.0,1,0,20160913,CON,IND,2016,1021600189221,12290,validated,,0,matched,playbyplayv2,1611661323,100646|201889|201896|203041|204365,complete,playbyplay_inferred,201067|202662|203410|203823|203826,complete,playbyplay_inferred
Shot Chart Detail,1021600189,250,203041,Lynetta Kizer,1611661325,Indiana Fever,3,6,56,Made Shot,Layup Shot,2PT Field Goal,Restricted Area,Center(C),Less Than 8 ft.,1.0,-5.0,17.0,1,1,20160913,CON,IND,2016,1021600189250,13840,validated,201889,1,matched,playbyplayv2,1611661323,100646|201889|201896|203018|203041,complete,playbyplay_inferred,201067|202662|203410|203823|203826,complete,playbyplay_inferred
Shot Chart Detail,1021600189,331,203041,Lynetta Kizer,1611661325,Indiana Fever,4,9,29,Missed Shot,Jump Shot,2PT Field Goal,Mid-Range,Left Side(L),8-16 ft.,14.0,-142.0,17.0,1,0,20160913,CON,IND,2016,1021600189331,18310,validated,,0,matched,playbyplayv2,1611661323,100646|201889|203041|204365|1627676,complete,playbyplay_inferred,201067|202662|203015|203408|203823,complete,playbyplay_inferred
Shot Chart Detail,1021600189,339,203041,Lynetta Kizer,1611661325,Indiana Fever,4,8,34,Made Shot,Putback Layup Shot,2PT Field Goal,Restricted Area,Center(C),Less Than 8 ft.,1.0,-15.0,0.0,1,1,20160913,CON,IND,2016,1021600189339,18860,validated,,0,matched,playbyplayv2,1611661323,100646|201889|203041|204365|1627676,complete,playbyplay_inferred,201067|202662|203015|203408|203823,complete,playbyplay_inferred
Shot Chart Detail,1021600189,436,203041,Lynetta Kizer,1611661325,Indiana Fever,4,0,55,Made Shot,Layup Shot,2PT Field Goal,Restricted Area,Center(C),Less Than 8 ft.,0.0,-2.0,7.0,1,1,20160913,CON,IND,2016,1021600189436,23450,validated,,0,matched,playbyplayv2,1611661323,100646|201889|201896|203018|203041,complete,playbyplay_inferred,201067|202662|203408|203826|1627673,complete,playbyplay_inferred
Shot Chart Detail,1021600197,70,203041,Lynetta Kizer,1611661325,Indiana Fever,1,3,57,Made Shot,Layup Shot,2PT Field Goal,Restricted Area,Center(C),Less Than 8 ft.,2.0,18.0,-10.0,1,1,20160916,IND,MIN,2016,102160019770,3630,validated,201503,1,matched,playbyplayv2,1611661324,201503|201889|201896|203018|203041,complete,playbyplay_inferred,100944|201904|203034|203813|203827,complete,playbyplay_inferred
Shot Chart Detail,1021600197,111,203041,Lynetta Kizer,1611661325,Indiana Fever,2,9,35,Made Shot,Layup Shot,2PT Field Goal,Restricted Area,Center(C),Less Than 8 ft.,2.0,17.0,-17.0,1,1,20160916,IND,MIN,2016,1021600197111,6250,validated,,0,matched,playbyplayv2,1611661324,203016|203018|203041|204365|1627676,complete,playbyplay_inferred,101019|201904|203034|203813|203827,complete,playbyplay_inferred
Shot Chart Detail,1021600197,134,203041,Lynetta Kizer,1611661325,Indiana Fever,2,6,28,Made Shot,Tip Layup Shot,2PT Field Goal,Restricted Area,Center(C),Less Than 8 ft.,1.0,2.0,-10.0,1,1,20160916,IND,MIN,2016,1021600197134,8120,validated,,0,matched,playbyplayv2,1611661324,201896|203016|203018|203041|1627676,complete,playbyplay_inferred,101019|201904|203034|203813|203827,complete,playbyplay_inferred
Shot Chart Detail,1021600197,199,203041,Lynetta Kizer,1611661325,Indiana Fever,2,1,11,Made Shot,Hook Shot,2PT Field Goal,Restricted Area,Center(C),Less Than 8 ft.,0.0,-4.0,6.0,1,1,20160916,IND,MIN,2016,1021600197199,11290,validated,203018,1,matched,playbyplayv2,1611661324,201503|201889|203018|203041|204365,complete,playbyplay_inferred,100915|201480|203034|203813|203827,complete,playbyplay_inferred
Shot Chart Detail,1021600197,260,203041,Lynetta Kizer,1611661325,Indiana Fever,3,5,3,Missed Shot,Jump Shot,2PT Field Goal,Mid-Range,Left Side(L),8-16 ft.,12.0,-123.0,-13.0,1,0,20160916,IND,MIN,2016,1021600197260,14970,validated,,0,matched,playbyplayv2,1611661324,100646|201889|201896|203041|204365,complete,playbyplay_inferred,101019|201904|203034|203813|203827,complete,playbyplay_inferred
Shot Chart Detail,1021600197,275,203041,Lynetta Kizer,1611661325,Indiana Fever,3,3,50,Missed Shot,Layup Shot,2PT Field Goal,Restricted Area,Center(C),Less Than 8 ft.,2.0,0.0,26.0,1,0,20160916,IND,MIN,2016,1021600197275,15700,validated,,0,matched,playbyplayv2,1611661324,100646|201889|203018|203041|204365,complete,playbyplay_inferred,101019|201904|203034|203813|203827,complete,playbyplay_inferred
Shot Chart Detail,1021600197,328,203041,Lynetta Kizer,1611661325,Indiana Fever,4,8,29,Missed Shot,Jump Shot,2PT Field Goal,Mid-Range,Right Side(R),16-24 ft.,16.0,168.0,-5.0,1,0,20160916,IND,MIN,2016,1021600197328,18910,validated,,0,matched,playbyplayv2,1611661324,201889|201896|203016|203018|203041,complete,playbyplay_inferred,100944|201904|202632|203813|203827,complete,playbyplay_inferred
Shot Chart Detail,1021600202,72,203041,Lynetta Kizer,1611661325,Indiana Fever,1,3,42,Made Shot,Layup Shot,2PT Field Goal,Restricted Area,Center(C),Less Than 8 ft.,0.0,7.0,-5.0,1,1,20160918,IND,DAL,2016,102160020272,3780,validated,,0,matched,playbyplayv2,1611661321,100646|201889|201896|203041|1627676,complete,playbyplay_inferred,100888|202640|203400|203824|203849,complete,playbyplay_inferred
Shot Chart Detail,1021600202,82,203041,Lynetta Kizer,1611661325,Indiana Fever,1,2,49,Made Shot,Jump Shot,2PT Field Goal,In The Paint (Non-RA),Center(C),8-16 ft.,12.0,-2.0,126.0,1,1,20160918,IND,DAL,2016,102160020282,4310,validated,100646,1,matched,playbyplayv2,1611661321,100646|201889|203041|204365|1627676,complete,playbyplay_inferred,100888|101039|202640|203824|203849,complete,playbyplay_inferred
Shot Chart Detail,1021600202,84,203041,Lynetta Kizer,1611661325,Indiana Fever,1,2,22,Missed Shot,Layup Shot,2PT Field Goal,Restricted Area,Center(C),Less Than 8 ft.,2.0,10.0,-19.0,1,0,20160918,IND,DAL,2016,102160020284,4580,validated,,0,matched,playbyplayv2,1611661321,100646|201889|203041|204365|1627676,complete,playbyplay_inferred,100888|101039|202640|203824|203849,complete,playbyplay_inferred
Shot Chart Detail,1021600202,86,203041,Lynetta Kizer,1611661325,Indiana Fever,1,2,20,Missed Shot,Tip Layup Shot,2PT Field Goal,Restricted Area,Center(C),Less Than 8 ft.,0.0,0.0,7.0,1,0,20160918,IND,DAL,2016,102160020286,4600,validated,,0,matched,playbyplayv2,1611661321,100646|201889|203041|204365|1627676,complete,playbyplay_inferred,100888|101039|202640|203824|203849,complete,playbyplay_inferred
Shot Chart Detail,1021600202,192,203041,Lynetta Kizer,1611661325,Indiana Fever,2,2,27,Made Shot,Layup Shot,2PT Field Goal,Restricted Area,Center(C),Less Than 8 ft.,0.0,2.0,-8.0,1,1,20160918,IND,DAL,2016,1021600202192,10530,validated,201896,1,matched,playbyplayv2,1611661321,100646|201889|201896|203018|203041,complete,playbyplay_inferred,100888|202640|203400|203824|203849,complete,playbyplay_inferred
Shot Chart Detail,1021600202,211,203041,Lynetta Kizer,1611661325,Indiana Fever,2,1,2,Missed Shot,Jump Shot,2PT Field Goal,Mid-Range,Center(C),16-24 ft.,18.0,7.0,183.0,1,0,20160918,IND,DAL,2016,1021600202211,11380,validated,,0,matched,playbyplayv2,1611661321,100646|201896|203018|203041|1627676,complete,playbyplay_inferred,100888|202640|203400|203824|203849,complete,playbyplay_inferred
Shot Chart Detail,1021600202,220,203041,Lynetta Kizer,1611661325,Indiana Fever,2,0,9,Made Shot,Layup Shot,2PT Field Goal,Restricted Area,Center(C),Less Than 8 ft.,0.0,-4.0,0.0,1,1,20160918,IND,DAL,2016,1021600202220,11910,validated,203018,1,matched,playbyplayv2,1611661321,100646|201896|203018|203041|1627676,complete,playbyplay_inferred,100888|202640|203400|203824|203849,complete,playbyplay_inferred
Shot Chart Detail,1021600202,311,203041,Lynetta Kizer,1611661325,Indiana Fever,3,2,35,Made Shot,Jump Shot,2PT Field Goal,Mid-Range,Right Side Center(RC),16-24 ft.,16.0,73.0,148.0,1,1,20160918,IND,DAL,2016,1021600202311,16450,validated,201896,1,matched,playbyplayv2,1611661321,201896|203018|203041|203831|1627676,complete,playbyplay_inferred,100888|101039|202640|203839|203849,complete,playbyplay_inferred
Shot Chart Detail,1021600202,371,203041,Lynetta Kizer,1611661325,Indiana Fever,4,7,8,Made Shot,Step Back Jump shot,2PT Field Goal,Mid-Range,Right Side(R),8-16 ft.,15.0,147.0,37.0,1,1,20160918,IND,DAL,2016,1021600202371,19720,validated,,0,matched,playbyplayv2,1611661321,201896|202656|203041|203831|1627676,complete,playbyplay_inferred,101039|201907|203400|203824|203849,complete,playbyplay_inferred
Shot Chart Detail,1021600202,373,203041,Lynetta Kizer,1611661325,Indiana Fever,4,6,51,Made Shot,Jump Shot,2PT Field Goal,Mid-Range,Left Side(L),16-24 ft.,16.0,-146.0,69.0,1,1,20160918,IND,DAL,2016,1021600202373,19890,validated,203831,1,matched,playbyplayv2,1611661321,201896|202656|203041|203831|1627676,complete,playbyplay_inferred,101039|201907|203400|203824|203849,complete,playbyplay_inferred
Shot Chart Detail,1021600202,385,203041,Lynetta Kizer,1611661325,Indiana Fever,4,5,29,Missed Shot,Jump Shot,2PT Field Goal,Mid-Range,Left Side(L),8-16 ft.,15.0,-150.0,-10.0,1,0,20160918,IND,DAL,2016,1021600202385,20710,validated,,0,matched,playbyplayv2,1611661321,201896|202656|203016|203041|1627676,complete,playbyplay_inferred,101039|203835|203839|203849|1627685,complete,playbyplay_inferred
